# Profile: 041
# Date: 2026-08-03 14:02:30
# Center X: -24937.760 um
# Center Z: -29982.800 um
# Scan axis: x2
# Profile axis: z2
# Profile range: 50 um
# Profile speed: 25 um/s
# 
# main_position	sub1_position	sub2_position	signal1	signal2
0.000000000000000000e+00	0.000000000000000000e+00	0.000000000000000000e+00	0.000000000000000000e+00	0.000000000000000000e+00
0.000000000000000000e+00	0.000000000000000000e+00	0.000000000000000000e+00	0.000000000000000000e+00	0.000000000000000000e+00
0.000000000000000000e+00	0.000000000000000000e+00	0.000000000000000000e+00	0.000000000000000000e+00	0.000000000000000000e+00
0.000000000000000000e+00	0.000000000000000000e+00	0.000000000000000000e+00	0.000000000000000000e+00	0.000000000000000000e+00
0.000000000000000000e+00	0.000000000000000000e+00	0.000000000000000000e+00	0.000000000000000000e+00	0.000000000000000000e+00
0.000000000000000000e+00	0.000000000000000000e+00	0.000000000000000000e+00	0.000000000000000000e+00	0.000000000000000000e+00
0.000000000000000000e+00	0.000000000000000000e+00	0.000000000000000000e+00	0.000000000000000000e+00	0.000000000000000000e+00
0.000000000000000000e+00	0.000000000000000000e+00	0.000000000000000000e+00	0.000000000000000000e+00	0.000000000000000000e+00
0.000000000000000000e+00	0.000000000000000000e+00	0.000000000000000000e+00	0.000000000000000000e+00	0.000000000000000000e+00
0.000000000000000000e+00	0.000000000000000000e+00	0.000000000000000000e+00	0.000000000000000000e+00	0.000000000000000000e+00
0.000000000000000000e+00	0.000000000000000000e+00	0.000000000000000000e+00	0.000000000000000000e+00	0.000000000000000000e+00
0.000000000000000000e+00	0.000000000000000000e+00	0.000000000000000000e+00	0.000000000000000000e+00	0.000000000000000000e+00
0.000000000000000000e+00	0.000000000000000000e+00	0.000000000000000000e+00	0.000000000000000000e+00	0.000000000000000000e+00
0.000000000000000000e+00	0.000000000000000000e+00	0.000000000000000000e+00	0.000000000000000000e+00	0.000000000000000000e+00
0.000000000000000000e+00	0.000000000000000000e+00	0.000000000000000000e+00	0.000000000000000000e+00	0.000000000000000000e+00
0.000000000000000000e+00	0.000000000000000000e+00	0.000000000000000000e+00	0.000000000000000000e+00	0.000000000000000000e+00
0.000000000000000000e+00	0.000000000000000000e+00	0.000000000000000000e+00	0.000000000000000000e+00	0.000000000000000000e+00
0.000000000000000000e+00	0.000000000000000000e+00	0.000000000000000000e+00	0.000000000000000000e+00	0.000000000000000000e+00
0.000000000000000000e+00	0.000000000000000000e+00	0.000000000000000000e+00	0.000000000000000000e+00	0.000000000000000000e+00
0.000000000000000000e+00	0.000000000000000000e+00	0.000000000000000000e+00	0.000000000000000000e+00	0.000000000000000000e+00
0.000000000000000000e+00	0.000000000000000000e+00	0.000000000000000000e+00	0.000000000000000000e+00	0.000000000000000000e+00
0.000000000000000000e+00	0.000000000000000000e+00	0.000000000000000000e+00	0.000000000000000000e+00	0.000000000000000000e+00
0.000000000000000000e+00	0.000000000000000000e+00	0.000000000000000000e+00	0.000000000000000000e+00	0.000000000000000000e+00
0.000000000000000000e+00	0.000000000000000000e+00	0.000000000000000000e+00	0.000000000000000000e+00	0.000000000000000000e+00
0.000000000000000000e+00	0.000000000000000000e+00	0.000000000000000000e+00	0.000000000000000000e+00	0.000000000000000000e+00
0.000000000000000000e+00	0.000000000000000000e+00	0.000000000000000000e+00	0.000000000000000000e+00	0.000000000000000000e+00
0.000000000000000000e+00	0.000000000000000000e+00	0.000000000000000000e+00	0.000000000000000000e+00	0.000000000000000000e+00
0.000000000000000000e+00	0.000000000000000000e+00	0.000000000000000000e+00	0.000000000000000000e+00	0.000000000000000000e+00
0.000000000000000000e+00	0.000000000000000000e+00	0.000000000000000000e+00	0.000000000000000000e+00	0.000000000000000000e+00
0.000000000000000000e+00	0.000000000000000000e+00	0.000000000000000000e+00	0.000000000000000000e+00	0.000000000000000000e+00
0.000000000000000000e+00	0.000000000000000000e+00	0.000000000000000000e+00	0.000000000000000000e+00	0.000000000000000000e+00
0.000000000000000000e+00	0.000000000000000000e+00	0.000000000000000000e+00	0.000000000000000000e+00	0.000000000000000000e+00
0.000000000000000000e+00	0.000000000000000000e+00	0.000000000000000000e+00	0.000000000000000000e+00	0.000000000000000000e+00
0.000000000000000000e+00	0.000000000000000000e+00	0.000000000000000000e+00	0.000000000000000000e+00	0.000000000000000000e+00
0.000000000000000000e+00	0.000000000000000000e+00	0.000000000000000000e+00	0.000000000000000000e+00	0.000000000000000000e+00
0.000000000000000000e+00	0.000000000000000000e+00	0.000000000000000000e+00	0.000000000000000000e+00	0.000000000000000000e+00
0.000000000000000000e+00	0.000000000000000000e+00	0.000000000000000000e+00	0.000000000000000000e+00	0.000000000000000000e+00
0.000000000000000000e+00	0.000000000000000000e+00	0.000000000000000000e+00	0.000000000000000000e+00	0.000000000000000000e+00
0.000000000000000000e+00	0.000000000000000000e+00	0.000000000000000000e+00	0.000000000000000000e+00	0.000000000000000000e+00
0.000000000000000000e+00	0.000000000000000000e+00	0.000000000000000000e+00	0.000000000000000000e+00	0.000000000000000000e+00
0.000000000000000000e+00	0.000000000000000000e+00	0.000000000000000000e+00	0.000000000000000000e+00	0.000000000000000000e+00
0.000000000000000000e+00	0.000000000000000000e+00	0.000000000000000000e+00	0.000000000000000000e+00	0.000000000000000000e+00
0.000000000000000000e+00	0.000000000000000000e+00	0.000000000000000000e+00	0.000000000000000000e+00	0.000000000000000000e+00
0.000000000000000000e+00	0.000000000000000000e+00	0.000000000000000000e+00	0.000000000000000000e+00	0.000000000000000000e+00
0.000000000000000000e+00	0.000000000000000000e+00	0.000000000000000000e+00	0.000000000000000000e+00	0.000000000000000000e+00
0.000000000000000000e+00	0.000000000000000000e+00	0.000000000000000000e+00	0.000000000000000000e+00	0.000000000000000000e+00
0.000000000000000000e+00	0.000000000000000000e+00	0.000000000000000000e+00	0.000000000000000000e+00	0.000000000000000000e+00
0.000000000000000000e+00	0.000000000000000000e+00	0.000000000000000000e+00	0.000000000000000000e+00	0.000000000000000000e+00
0.000000000000000000e+00	0.000000000000000000e+00	0.000000000000000000e+00	0.000000000000000000e+00	0.000000000000000000e+00
0.000000000000000000e+00	0.000000000000000000e+00	0.000000000000000000e+00	0.000000000000000000e+00	0.000000000000000000e+00
0.000000000000000000e+00	0.000000000000000000e+00	0.000000000000000000e+00	0.000000000000000000e+00	0.000000000000000000e+00
0.000000000000000000e+00	0.000000000000000000e+00	0.000000000000000000e+00	0.000000000000000000e+00	0.000000000000000000e+00
0.000000000000000000e+00	0.000000000000000000e+00	0.000000000000000000e+00	0.000000000000000000e+00	0.000000000000000000e+00
0.000000000000000000e+00	0.000000000000000000e+00	0.000000000000000000e+00	0.000000000000000000e+00	0.000000000000000000e+00
0.000000000000000000e+00	0.000000000000000000e+00	0.000000000000000000e+00	0.000000000000000000e+00	0.000000000000000000e+00
0.000000000000000000e+00	0.000000000000000000e+00	0.000000000000000000e+00	0.000000000000000000e+00	0.000000000000000000e+00
0.000000000000000000e+00	0.000000000000000000e+00	0.000000000000000000e+00	0.000000000000000000e+00	0.000000000000000000e+00
0.000000000000000000e+00	0.000000000000000000e+00	0.000000000000000000e+00	0.000000000000000000e+00	0.000000000000000000e+00
0.000000000000000000e+00	0.000000000000000000e+00	0.000000000000000000e+00	0.000000000000000000e+00	0.000000000000000000e+00
0.000000000000000000e+00	0.000000000000000000e+00	0.000000000000000000e+00	0.000000000000000000e+00	0.000000000000000000e+00
0.000000000000000000e+00	0.000000000000000000e+00	0.000000000000000000e+00	0.000000000000000000e+00	0.000000000000000000e+00
0.000000000000000000e+00	0.000000000000000000e+00	0.000000000000000000e+00	0.000000000000000000e+00	0.000000000000000000e+00
0.000000000000000000e+00	0.000000000000000000e+00	0.000000000000000000e+00	0.000000000000000000e+00	0.000000000000000000e+00
0.000000000000000000e+00	0.000000000000000000e+00	0.000000000000000000e+00	0.000000000000000000e+00	0.000000000000000000e+00
0.000000000000000000e+00	0.000000000000000000e+00	0.000000000000000000e+00	0.000000000000000000e+00	0.000000000000000000e+00
0.000000000000000000e+00	0.000000000000000000e+00	0.000000000000000000e+00	0.000000000000000000e+00	0.000000000000000000e+00
0.000000000000000000e+00	0.000000000000000000e+00	0.000000000000000000e+00	0.000000000000000000e+00	0.000000000000000000e+00
0.000000000000000000e+00	0.000000000000000000e+00	0.000000000000000000e+00	0.000000000000000000e+00	0.000000000000000000e+00
0.000000000000000000e+00	0.000000000000000000e+00	0.000000000000000000e+00	0.000000000000000000e+00	0.000000000000000000e+00
0.000000000000000000e+00	0.000000000000000000e+00	0.000000000000000000e+00	0.000000000000000000e+00	0.000000000000000000e+00
0.000000000000000000e+00	0.000000000000000000e+00	0.000000000000000000e+00	0.000000000000000000e+00	0.000000000000000000e+00
0.000000000000000000e+00	0.000000000000000000e+00	0.000000000000000000e+00	0.000000000000000000e+00	0.000000000000000000e+00
0.000000000000000000e+00	0.000000000000000000e+00	0.000000000000000000e+00	0.000000000000000000e+00	0.000000000000000000e+00
0.000000000000000000e+00	0.000000000000000000e+00	0.000000000000000000e+00	0.000000000000000000e+00	0.000000000000000000e+00
0.000000000000000000e+00	0.000000000000000000e+00	0.000000000000000000e+00	0.000000000000000000e+00	0.000000000000000000e+00
0.000000000000000000e+00	0.000000000000000000e+00	0.000000000000000000e+00	0.000000000000000000e+00	0.000000000000000000e+00
0.000000000000000000e+00	0.000000000000000000e+00	0.000000000000000000e+00	0.000000000000000000e+00	0.000000000000000000e+00
0.000000000000000000e+00	0.000000000000000000e+00	0.000000000000000000e+00	0.000000000000000000e+00	0.000000000000000000e+00
0.000000000000000000e+00	0.000000000000000000e+00	0.000000000000000000e+00	0.000000000000000000e+00	0.000000000000000000e+00
0.000000000000000000e+00	0.000000000000000000e+00	0.000000000000000000e+00	0.000000000000000000e+00	0.000000000000000000e+00
0.000000000000000000e+00	0.000000000000000000e+00	0.000000000000000000e+00	0.000000000000000000e+00	0.000000000000000000e+00
0.000000000000000000e+00	0.000000000000000000e+00	0.000000000000000000e+00	0.000000000000000000e+00	0.000000000000000000e+00
0.000000000000000000e+00	0.000000000000000000e+00	0.000000000000000000e+00	0.000000000000000000e+00	0.000000000000000000e+00
0.000000000000000000e+00	0.000000000000000000e+00	0.000000000000000000e+00	0.000000000000000000e+00	0.000000000000000000e+00
0.000000000000000000e+00	0.000000000000000000e+00	0.000000000000000000e+00	0.000000000000000000e+00	0.000000000000000000e+00
0.000000000000000000e+00	0.000000000000000000e+00	0.000000000000000000e+00	0.000000000000000000e+00	0.000000000000000000e+00
0.000000000000000000e+00	0.000000000000000000e+00	0.000000000000000000e+00	0.000000000000000000e+00	0.000000000000000000e+00
0.000000000000000000e+00	0.000000000000000000e+00	0.000000000000000000e+00	0.000000000000000000e+00	0.000000000000000000e+00
0.000000000000000000e+00	0.000000000000000000e+00	0.000000000000000000e+00	0.000000000000000000e+00	0.000000000000000000e+00
0.000000000000000000e+00	0.000000000000000000e+00	0.000000000000000000e+00	0.000000000000000000e+00	0.000000000000000000e+00
0.000000000000000000e+00	0.000000000000000000e+00	0.000000000000000000e+00	0.000000000000000000e+00	0.000000000000000000e+00
0.000000000000000000e+00	0.000000000000000000e+00	0.000000000000000000e+00	0.000000000000000000e+00	0.000000000000000000e+00
0.000000000000000000e+00	0.000000000000000000e+00	0.000000000000000000e+00	0.000000000000000000e+00	0.000000000000000000e+00
0.000000000000000000e+00	0.000000000000000000e+00	0.000000000000000000e+00	0.000000000000000000e+00	0.000000000000000000e+00
0.000000000000000000e+00	0.000000000000000000e+00	0.000000000000000000e+00	0.000000000000000000e+00	0.000000000000000000e+00
0.000000000000000000e+00	0.000000000000000000e+00	0.000000000000000000e+00	0.000000000000000000e+00	0.000000000000000000e+00
0.000000000000000000e+00	0.000000000000000000e+00	0.000000000000000000e+00	0.000000000000000000e+00	0.000000000000000000e+00
0.000000000000000000e+00	0.000000000000000000e+00	0.000000000000000000e+00	0.000000000000000000e+00	0.000000000000000000e+00
0.000000000000000000e+00	0.000000000000000000e+00	0.000000000000000000e+00	0.000000000000000000e+00	0.000000000000000000e+00
0.000000000000000000e+00	0.000000000000000000e+00	0.000000000000000000e+00	0.000000000000000000e+00	0.000000000000000000e+00
0.000000000000000000e+00	0.000000000000000000e+00	0.000000000000000000e+00	0.000000000000000000e+00	0.000000000000000000e+00
0.000000000000000000e+00	0.000000000000000000e+00	0.000000000000000000e+00	0.000000000000000000e+00	0.000000000000000000e+00
0.000000000000000000e+00	0.000000000000000000e+00	0.000000000000000000e+00	0.000000000000000000e+00	0.000000000000000000e+00
0.000000000000000000e+00	0.000000000000000000e+00	0.000000000000000000e+00	0.000000000000000000e+00	0.000000000000000000e+00
0.000000000000000000e+00	0.000000000000000000e+00	0.000000000000000000e+00	0.000000000000000000e+00	0.000000000000000000e+00
0.000000000000000000e+00	0.000000000000000000e+00	0.000000000000000000e+00	0.000000000000000000e+00	0.000000000000000000e+00
0.000000000000000000e+00	0.000000000000000000e+00	0.000000000000000000e+00	0.000000000000000000e+00	0.000000000000000000e+00
0.000000000000000000e+00	0.000000000000000000e+00	0.000000000000000000e+00	0.000000000000000000e+00	0.000000000000000000e+00
0.000000000000000000e+00	0.000000000000000000e+00	0.000000000000000000e+00	0.000000000000000000e+00	0.000000000000000000e+00
0.000000000000000000e+00	0.000000000000000000e+00	0.000000000000000000e+00	0.000000000000000000e+00	0.000000000000000000e+00
0.000000000000000000e+00	0.000000000000000000e+00	0.000000000000000000e+00	0.000000000000000000e+00	0.000000000000000000e+00
0.000000000000000000e+00	0.000000000000000000e+00	0.000000000000000000e+00	0.000000000000000000e+00	0.000000000000000000e+00
0.000000000000000000e+00	0.000000000000000000e+00	0.000000000000000000e+00	0.000000000000000000e+00	0.000000000000000000e+00
0.000000000000000000e+00	0.000000000000000000e+00	0.000000000000000000e+00	0.000000000000000000e+00	0.000000000000000000e+00
0.000000000000000000e+00	0.000000000000000000e+00	0.000000000000000000e+00	0.000000000000000000e+00	0.000000000000000000e+00
0.000000000000000000e+00	0.000000000000000000e+00	0.000000000000000000e+00	0.000000000000000000e+00	0.000000000000000000e+00
0.000000000000000000e+00	0.000000000000000000e+00	0.000000000000000000e+00	0.000000000000000000e+00	0.000000000000000000e+00
0.000000000000000000e+00	0.000000000000000000e+00	0.000000000000000000e+00	0.000000000000000000e+00	0.000000000000000000e+00
0.000000000000000000e+00	0.000000000000000000e+00	0.000000000000000000e+00	0.000000000000000000e+00	0.000000000000000000e+00
0.000000000000000000e+00	0.000000000000000000e+00	0.000000000000000000e+00	0.000000000000000000e+00	0.000000000000000000e+00
0.000000000000000000e+00	0.000000000000000000e+00	0.000000000000000000e+00	0.000000000000000000e+00	0.000000000000000000e+00
0.000000000000000000e+00	0.000000000000000000e+00	0.000000000000000000e+00	0.000000000000000000e+00	0.000000000000000000e+00
0.000000000000000000e+00	0.000000000000000000e+00	0.000000000000000000e+00	0.000000000000000000e+00	0.000000000000000000e+00
0.000000000000000000e+00	0.000000000000000000e+00	0.000000000000000000e+00	0.000000000000000000e+00	0.000000000000000000e+00
0.000000000000000000e+00	0.000000000000000000e+00	0.000000000000000000e+00	0.000000000000000000e+00	0.000000000000000000e+00
0.000000000000000000e+00	0.000000000000000000e+00	0.000000000000000000e+00	0.000000000000000000e+00	0.000000000000000000e+00
0.000000000000000000e+00	0.000000000000000000e+00	0.000000000000000000e+00	0.000000000000000000e+00	0.000000000000000000e+00
0.000000000000000000e+00	0.000000000000000000e+00	0.000000000000000000e+00	0.000000000000000000e+00	0.000000000000000000e+00
0.000000000000000000e+00	0.000000000000000000e+00	0.000000000000000000e+00	0.000000000000000000e+00	0.000000000000000000e+00
0.000000000000000000e+00	0.000000000000000000e+00	0.000000000000000000e+00	0.000000000000000000e+00	0.000000000000000000e+00
0.000000000000000000e+00	0.000000000000000000e+00	0.000000000000000000e+00	0.000000000000000000e+00	0.000000000000000000e+00
0.000000000000000000e+00	0.000000000000000000e+00	0.000000000000000000e+00	0.000000000000000000e+00	0.000000000000000000e+00
0.000000000000000000e+00	0.000000000000000000e+00	0.000000000000000000e+00	0.000000000000000000e+00	0.000000000000000000e+00
0.000000000000000000e+00	0.000000000000000000e+00	0.000000000000000000e+00	0.000000000000000000e+00	0.000000000000000000e+00
0.000000000000000000e+00	0.000000000000000000e+00	0.000000000000000000e+00	0.000000000000000000e+00	0.000000000000000000e+00
0.000000000000000000e+00	0.000000000000000000e+00	0.000000000000000000e+00	0.000000000000000000e+00	0.000000000000000000e+00
0.000000000000000000e+00	0.000000000000000000e+00	0.000000000000000000e+00	0.000000000000000000e+00	0.000000000000000000e+00
0.000000000000000000e+00	0.000000000000000000e+00	0.000000000000000000e+00	0.000000000000000000e+00	0.000000000000000000e+00
0.000000000000000000e+00	0.000000000000000000e+00	0.000000000000000000e+00	0.000000000000000000e+00	0.000000000000000000e+00
0.000000000000000000e+00	0.000000000000000000e+00	0.000000000000000000e+00	0.000000000000000000e+00	0.000000000000000000e+00
0.000000000000000000e+00	0.000000000000000000e+00	0.000000000000000000e+00	0.000000000000000000e+00	0.000000000000000000e+00
0.000000000000000000e+00	0.000000000000000000e+00	0.000000000000000000e+00	0.000000000000000000e+00	0.000000000000000000e+00
0.000000000000000000e+00	0.000000000000000000e+00	0.000000000000000000e+00	0.000000000000000000e+00	0.000000000000000000e+00
0.000000000000000000e+00	0.000000000000000000e+00	0.000000000000000000e+00	0.000000000000000000e+00	0.000000000000000000e+00
0.000000000000000000e+00	0.000000000000000000e+00	0.000000000000000000e+00	0.000000000000000000e+00	0.000000000000000000e+00
0.000000000000000000e+00	0.000000000000000000e+00	0.000000000000000000e+00	0.000000000000000000e+00	0.000000000000000000e+00
0.000000000000000000e+00	0.000000000000000000e+00	0.000000000000000000e+00	0.000000000000000000e+00	0.000000000000000000e+00
0.000000000000000000e+00	0.000000000000000000e+00	0.000000000000000000e+00	0.000000000000000000e+00	0.000000000000000000e+00
0.000000000000000000e+00	0.000000000000000000e+00	0.000000000000000000e+00	0.000000000000000000e+00	0.000000000000000000e+00
0.000000000000000000e+00	0.000000000000000000e+00	0.000000000000000000e+00	0.000000000000000000e+00	0.000000000000000000e+00
0.000000000000000000e+00	0.000000000000000000e+00	0.000000000000000000e+00	0.000000000000000000e+00	0.000000000000000000e+00
0.000000000000000000e+00	0.000000000000000000e+00	0.000000000000000000e+00	0.000000000000000000e+00	0.000000000000000000e+00
0.000000000000000000e+00	0.000000000000000000e+00	0.000000000000000000e+00	0.000000000000000000e+00	0.000000000000000000e+00
0.000000000000000000e+00	0.000000000000000000e+00	0.000000000000000000e+00	0.000000000000000000e+00	0.000000000000000000e+00
0.000000000000000000e+00	0.000000000000000000e+00	0.000000000000000000e+00	0.000000000000000000e+00	0.000000000000000000e+00
0.000000000000000000e+00	0.000000000000000000e+00	0.000000000000000000e+00	0.000000000000000000e+00	0.000000000000000000e+00
0.000000000000000000e+00	0.000000000000000000e+00	0.000000000000000000e+00	0.000000000000000000e+00	0.000000000000000000e+00
0.000000000000000000e+00	0.000000000000000000e+00	0.000000000000000000e+00	0.000000000000000000e+00	0.000000000000000000e+00
0.000000000000000000e+00	0.000000000000000000e+00	0.000000000000000000e+00	0.000000000000000000e+00	0.000000000000000000e+00
0.000000000000000000e+00	0.000000000000000000e+00	0.000000000000000000e+00	0.000000000000000000e+00	0.000000000000000000e+00
0.000000000000000000e+00	0.000000000000000000e+00	0.000000000000000000e+00	0.000000000000000000e+00	0.000000000000000000e+00
0.000000000000000000e+00	0.000000000000000000e+00	0.000000000000000000e+00	0.000000000000000000e+00	0.000000000000000000e+00
0.000000000000000000e+00	0.000000000000000000e+00	0.000000000000000000e+00	0.000000000000000000e+00	0.000000000000000000e+00
0.000000000000000000e+00	0.000000000000000000e+00	0.000000000000000000e+00	0.000000000000000000e+00	0.000000000000000000e+00
0.000000000000000000e+00	0.000000000000000000e+00	0.000000000000000000e+00	0.000000000000000000e+00	0.000000000000000000e+00
0.000000000000000000e+00	0.000000000000000000e+00	0.000000000000000000e+00	0.000000000000000000e+00	0.000000000000000000e+00
0.000000000000000000e+00	0.000000000000000000e+00	0.000000000000000000e+00	0.000000000000000000e+00	0.000000000000000000e+00
0.000000000000000000e+00	0.000000000000000000e+00	0.000000000000000000e+00	0.000000000000000000e+00	0.000000000000000000e+00
0.000000000000000000e+00	0.000000000000000000e+00	0.000000000000000000e+00	0.000000000000000000e+00	0.000000000000000000e+00
0.000000000000000000e+00	0.000000000000000000e+00	0.000000000000000000e+00	0.000000000000000000e+00	0.000000000000000000e+00
0.000000000000000000e+00	0.000000000000000000e+00	0.000000000000000000e+00	0.000000000000000000e+00	0.000000000000000000e+00
0.000000000000000000e+00	0.000000000000000000e+00	0.000000000000000000e+00	0.000000000000000000e+00	0.000000000000000000e+00
0.000000000000000000e+00	0.000000000000000000e+00	0.000000000000000000e+00	0.000000000000000000e+00	0.000000000000000000e+00
0.000000000000000000e+00	0.000000000000000000e+00	0.000000000000000000e+00	0.000000000000000000e+00	0.000000000000000000e+00
0.000000000000000000e+00	0.000000000000000000e+00	0.000000000000000000e+00	0.000000000000000000e+00	0.000000000000000000e+00
0.000000000000000000e+00	0.000000000000000000e+00	0.000000000000000000e+00	0.000000000000000000e+00	0.000000000000000000e+00
0.000000000000000000e+00	0.000000000000000000e+00	0.000000000000000000e+00	0.000000000000000000e+00	0.000000000000000000e+00
0.000000000000000000e+00	0.000000000000000000e+00	0.000000000000000000e+00	0.000000000000000000e+00	0.000000000000000000e+00
0.000000000000000000e+00	0.000000000000000000e+00	0.000000000000000000e+00	0.000000000000000000e+00	0.000000000000000000e+00
0.000000000000000000e+00	0.000000000000000000e+00	0.000000000000000000e+00	0.000000000000000000e+00	0.000000000000000000e+00
0.000000000000000000e+00	0.000000000000000000e+00	0.000000000000000000e+00	0.000000000000000000e+00	0.000000000000000000e+00
0.000000000000000000e+00	0.000000000000000000e+00	0.000000000000000000e+00	0.000000000000000000e+00	0.000000000000000000e+00
0.000000000000000000e+00	0.000000000000000000e+00	0.000000000000000000e+00	0.000000000000000000e+00	0.000000000000000000e+00
0.000000000000000000e+00	0.000000000000000000e+00	0.000000000000000000e+00	0.000000000000000000e+00	0.000000000000000000e+00
0.000000000000000000e+00	0.000000000000000000e+00	0.000000000000000000e+00	0.000000000000000000e+00	0.000000000000000000e+00
0.000000000000000000e+00	0.000000000000000000e+00	0.000000000000000000e+00	0.000000000000000000e+00	0.000000000000000000e+00
0.000000000000000000e+00	0.000000000000000000e+00	0.000000000000000000e+00	0.000000000000000000e+00	0.000000000000000000e+00
0.000000000000000000e+00	0.000000000000000000e+00	0.000000000000000000e+00	0.000000000000000000e+00	0.000000000000000000e+00
0.000000000000000000e+00	0.000000000000000000e+00	0.000000000000000000e+00	0.000000000000000000e+00	0.000000000000000000e+00
0.000000000000000000e+00	0.000000000000000000e+00	0.000000000000000000e+00	0.000000000000000000e+00	0.000000000000000000e+00
0.000000000000000000e+00	0.000000000000000000e+00	0.000000000000000000e+00	0.000000000000000000e+00	0.000000000000000000e+00
0.000000000000000000e+00	0.000000000000000000e+00	0.000000000000000000e+00	0.000000000000000000e+00	0.000000000000000000e+00
0.000000000000000000e+00	0.000000000000000000e+00	0.000000000000000000e+00	0.000000000000000000e+00	0.000000000000000000e+00
0.000000000000000000e+00	0.000000000000000000e+00	0.000000000000000000e+00	0.000000000000000000e+00	0.000000000000000000e+00
0.000000000000000000e+00	0.000000000000000000e+00	0.000000000000000000e+00	0.000000000000000000e+00	0.000000000000000000e+00
0.000000000000000000e+00	0.000000000000000000e+00	0.000000000000000000e+00	0.000000000000000000e+00	0.000000000000000000e+00
0.000000000000000000e+00	0.000000000000000000e+00	0.000000000000000000e+00	0.000000000000000000e+00	0.000000000000000000e+00
0.000000000000000000e+00	0.000000000000000000e+00	0.000000000000000000e+00	0.000000000000000000e+00	0.000000000000000000e+00
0.000000000000000000e+00	0.000000000000000000e+00	0.000000000000000000e+00	0.000000000000000000e+00	0.000000000000000000e+00
0.000000000000000000e+00	0.000000000000000000e+00	0.000000000000000000e+00	0.000000000000000000e+00	0.000000000000000000e+00
0.000000000000000000e+00	0.000000000000000000e+00	0.000000000000000000e+00	0.000000000000000000e+00	0.000000000000000000e+00
0.000000000000000000e+00	0.000000000000000000e+00	0.000000000000000000e+00	0.000000000000000000e+00	0.000000000000000000e+00
0.000000000000000000e+00	0.000000000000000000e+00	0.000000000000000000e+00	0.000000000000000000e+00	0.000000000000000000e+00
0.000000000000000000e+00	0.000000000000000000e+00	0.000000000000000000e+00	0.000000000000000000e+00	0.000000000000000000e+00
0.000000000000000000e+00	0.000000000000000000e+00	0.000000000000000000e+00	0.000000000000000000e+00	0.000000000000000000e+00
0.000000000000000000e+00	0.000000000000000000e+00	0.000000000000000000e+00	0.000000000000000000e+00	0.000000000000000000e+00
0.000000000000000000e+00	0.000000000000000000e+00	0.000000000000000000e+00	0.000000000000000000e+00	0.000000000000000000e+00
0.000000000000000000e+00	0.000000000000000000e+00	0.000000000000000000e+00	0.000000000000000000e+00	0.000000000000000000e+00
0.000000000000000000e+00	0.000000000000000000e+00	0.000000000000000000e+00	0.000000000000000000e+00	0.000000000000000000e+00
0.000000000000000000e+00	0.000000000000000000e+00	0.000000000000000000e+00	0.000000000000000000e+00	0.000000000000000000e+00
0.000000000000000000e+00	0.000000000000000000e+00	0.000000000000000000e+00	0.000000000000000000e+00	0.000000000000000000e+00
0.000000000000000000e+00	0.000000000000000000e+00	0.000000000000000000e+00	0.000000000000000000e+00	0.000000000000000000e+00
0.000000000000000000e+00	0.000000000000000000e+00	0.000000000000000000e+00	0.000000000000000000e+00	0.000000000000000000e+00
0.000000000000000000e+00	0.000000000000000000e+00	0.000000000000000000e+00	0.000000000000000000e+00	0.000000000000000000e+00
0.000000000000000000e+00	0.000000000000000000e+00	0.000000000000000000e+00	0.000000000000000000e+00	0.000000000000000000e+00
0.000000000000000000e+00	0.000000000000000000e+00	0.000000000000000000e+00	0.000000000000000000e+00	0.000000000000000000e+00
0.000000000000000000e+00	0.000000000000000000e+00	0.000000000000000000e+00	0.000000000000000000e+00	0.000000000000000000e+00
0.000000000000000000e+00	0.000000000000000000e+00	0.000000000000000000e+00	0.000000000000000000e+00	0.000000000000000000e+00
0.000000000000000000e+00	0.000000000000000000e+00	0.000000000000000000e+00	0.000000000000000000e+00	0.000000000000000000e+00
0.000000000000000000e+00	0.000000000000000000e+00	0.000000000000000000e+00	0.000000000000000000e+00	0.000000000000000000e+00
0.000000000000000000e+00	0.000000000000000000e+00	0.000000000000000000e+00	0.000000000000000000e+00	0.000000000000000000e+00
0.000000000000000000e+00	0.000000000000000000e+00	0.000000000000000000e+00	0.000000000000000000e+00	0.000000000000000000e+00
0.000000000000000000e+00	0.000000000000000000e+00	0.000000000000000000e+00	0.000000000000000000e+00	0.000000000000000000e+00
0.000000000000000000e+00	0.000000000000000000e+00	0.000000000000000000e+00	0.000000000000000000e+00	0.000000000000000000e+00
0.000000000000000000e+00	0.000000000000000000e+00	0.000000000000000000e+00	0.000000000000000000e+00	0.000000000000000000e+00
0.000000000000000000e+00	0.000000000000000000e+00	0.000000000000000000e+00	0.000000000000000000e+00	0.000000000000000000e+00
0.000000000000000000e+00	0.000000000000000000e+00	0.000000000000000000e+00	0.000000000000000000e+00	0.000000000000000000e+00
0.000000000000000000e+00	0.000000000000000000e+00	0.000000000000000000e+00	0.000000000000000000e+00	0.000000000000000000e+00
0.000000000000000000e+00	0.000000000000000000e+00	0.000000000000000000e+00	0.000000000000000000e+00	0.000000000000000000e+00
0.000000000000000000e+00	0.000000000000000000e+00	0.000000000000000000e+00	0.000000000000000000e+00	0.000000000000000000e+00
0.000000000000000000e+00	0.000000000000000000e+00	0.000000000000000000e+00	0.000000000000000000e+00	0.000000000000000000e+00
0.000000000000000000e+00	0.000000000000000000e+00	0.000000000000000000e+00	0.000000000000000000e+00	0.000000000000000000e+00
0.000000000000000000e+00	0.000000000000000000e+00	0.000000000000000000e+00	0.000000000000000000e+00	0.000000000000000000e+00
0.000000000000000000e+00	0.000000000000000000e+00	0.000000000000000000e+00	0.000000000000000000e+00	0.000000000000000000e+00
0.000000000000000000e+00	0.000000000000000000e+00	0.000000000000000000e+00	0.000000000000000000e+00	0.000000000000000000e+00
0.000000000000000000e+00	0.000000000000000000e+00	0.000000000000000000e+00	0.000000000000000000e+00	0.000000000000000000e+00
0.000000000000000000e+00	0.000000000000000000e+00	0.000000000000000000e+00	0.000000000000000000e+00	0.000000000000000000e+00
0.000000000000000000e+00	0.000000000000000000e+00	0.000000000000000000e+00	0.000000000000000000e+00	0.000000000000000000e+00
0.000000000000000000e+00	0.000000000000000000e+00	0.000000000000000000e+00	0.000000000000000000e+00	0.000000000000000000e+00
0.000000000000000000e+00	0.000000000000000000e+00	0.000000000000000000e+00	0.000000000000000000e+00	0.000000000000000000e+00
0.000000000000000000e+00	0.000000000000000000e+00	0.000000000000000000e+00	0.000000000000000000e+00	0.000000000000000000e+00
0.000000000000000000e+00	0.000000000000000000e+00	0.000000000000000000e+00	0.000000000000000000e+00	0.000000000000000000e+00
0.000000000000000000e+00	0.000000000000000000e+00	0.000000000000000000e+00	0.000000000000000000e+00	0.000000000000000000e+00
0.000000000000000000e+00	0.000000000000000000e+00	0.000000000000000000e+00	0.000000000000000000e+00	0.000000000000000000e+00
0.000000000000000000e+00	0.000000000000000000e+00	0.000000000000000000e+00	0.000000000000000000e+00	0.000000000000000000e+00
0.000000000000000000e+00	0.000000000000000000e+00	0.000000000000000000e+00	0.000000000000000000e+00	0.000000000000000000e+00
0.000000000000000000e+00	0.000000000000000000e+00	0.000000000000000000e+00	0.000000000000000000e+00	0.000000000000000000e+00
0.000000000000000000e+00	0.000000000000000000e+00	0.000000000000000000e+00	0.000000000000000000e+00	0.000000000000000000e+00
0.000000000000000000e+00	0.000000000000000000e+00	0.000000000000000000e+00	0.000000000000000000e+00	0.000000000000000000e+00
0.000000000000000000e+00	0.000000000000000000e+00	0.000000000000000000e+00	0.000000000000000000e+00	0.000000000000000000e+00
0.000000000000000000e+00	0.000000000000000000e+00	0.000000000000000000e+00	0.000000000000000000e+00	0.000000000000000000e+00
0.000000000000000000e+00	0.000000000000000000e+00	0.000000000000000000e+00	0.000000000000000000e+00	0.000000000000000000e+00
0.000000000000000000e+00	0.000000000000000000e+00	0.000000000000000000e+00	0.000000000000000000e+00	0.000000000000000000e+00
0.000000000000000000e+00	0.000000000000000000e+00	0.000000000000000000e+00	0.000000000000000000e+00	0.000000000000000000e+00
0.000000000000000000e+00	0.000000000000000000e+00	0.000000000000000000e+00	0.000000000000000000e+00	0.000000000000000000e+00
0.000000000000000000e+00	0.000000000000000000e+00	0.000000000000000000e+00	0.000000000000000000e+00	0.000000000000000000e+00
0.000000000000000000e+00	0.000000000000000000e+00	0.000000000000000000e+00	0.000000000000000000e+00	0.000000000000000000e+00
0.000000000000000000e+00	0.000000000000000000e+00	0.000000000000000000e+00	0.000000000000000000e+00	0.000000000000000000e+00
0.000000000000000000e+00	0.000000000000000000e+00	0.000000000000000000e+00	0.000000000000000000e+00	0.000000000000000000e+00
0.000000000000000000e+00	0.000000000000000000e+00	0.000000000000000000e+00	0.000000000000000000e+00	0.000000000000000000e+00
0.000000000000000000e+00	0.000000000000000000e+00	0.000000000000000000e+00	0.000000000000000000e+00	0.000000000000000000e+00
0.000000000000000000e+00	0.000000000000000000e+00	0.000000000000000000e+00	0.000000000000000000e+00	0.000000000000000000e+00
0.000000000000000000e+00	0.000000000000000000e+00	0.000000000000000000e+00	0.000000000000000000e+00	0.000000000000000000e+00
0.000000000000000000e+00	0.000000000000000000e+00	0.000000000000000000e+00	0.000000000000000000e+00	0.000000000000000000e+00
0.000000000000000000e+00	0.000000000000000000e+00	0.000000000000000000e+00	0.000000000000000000e+00	0.000000000000000000e+00
0.000000000000000000e+00	0.000000000000000000e+00	0.000000000000000000e+00	0.000000000000000000e+00	0.000000000000000000e+00
0.000000000000000000e+00	0.000000000000000000e+00	0.000000000000000000e+00	0.000000000000000000e+00	0.000000000000000000e+00
0.000000000000000000e+00	0.000000000000000000e+00	0.000000000000000000e+00	0.000000000000000000e+00	0.000000000000000000e+00
0.000000000000000000e+00	0.000000000000000000e+00	0.000000000000000000e+00	0.000000000000000000e+00	0.000000000000000000e+00
0.000000000000000000e+00	0.000000000000000000e+00	0.000000000000000000e+00	0.000000000000000000e+00	0.000000000000000000e+00
0.000000000000000000e+00	0.000000000000000000e+00	0.000000000000000000e+00	0.000000000000000000e+00	0.000000000000000000e+00
0.000000000000000000e+00	0.000000000000000000e+00	0.000000000000000000e+00	0.000000000000000000e+00	0.000000000000000000e+00
0.000000000000000000e+00	0.000000000000000000e+00	0.000000000000000000e+00	0.000000000000000000e+00	0.000000000000000000e+00
0.000000000000000000e+00	0.000000000000000000e+00	0.000000000000000000e+00	0.000000000000000000e+00	0.000000000000000000e+00
0.000000000000000000e+00	0.000000000000000000e+00	0.000000000000000000e+00	0.000000000000000000e+00	0.000000000000000000e+00
0.000000000000000000e+00	0.000000000000000000e+00	0.000000000000000000e+00	0.000000000000000000e+00	0.000000000000000000e+00
0.000000000000000000e+00	0.000000000000000000e+00	0.000000000000000000e+00	0.000000000000000000e+00	0.000000000000000000e+00
0.000000000000000000e+00	0.000000000000000000e+00	0.000000000000000000e+00	0.000000000000000000e+00	0.000000000000000000e+00
0.000000000000000000e+00	0.000000000000000000e+00	0.000000000000000000e+00	0.000000000000000000e+00	0.000000000000000000e+00
0.000000000000000000e+00	0.000000000000000000e+00	0.000000000000000000e+00	0.000000000000000000e+00	0.000000000000000000e+00
0.000000000000000000e+00	0.000000000000000000e+00	0.000000000000000000e+00	0.000000000000000000e+00	0.000000000000000000e+00
0.000000000000000000e+00	0.000000000000000000e+00	0.000000000000000000e+00	0.000000000000000000e+00	0.000000000000000000e+00
0.000000000000000000e+00	0.000000000000000000e+00	0.000000000000000000e+00	0.000000000000000000e+00	0.000000000000000000e+00
0.000000000000000000e+00	0.000000000000000000e+00	0.000000000000000000e+00	0.000000000000000000e+00	0.000000000000000000e+00
0.000000000000000000e+00	0.000000000000000000e+00	0.000000000000000000e+00	0.000000000000000000e+00	0.000000000000000000e+00
0.000000000000000000e+00	0.000000000000000000e+00	0.000000000000000000e+00	0.000000000000000000e+00	0.000000000000000000e+00
0.000000000000000000e+00	0.000000000000000000e+00	0.000000000000000000e+00	0.000000000000000000e+00	0.000000000000000000e+00
0.000000000000000000e+00	0.000000000000000000e+00	0.000000000000000000e+00	0.000000000000000000e+00	0.000000000000000000e+00
0.000000000000000000e+00	0.000000000000000000e+00	0.000000000000000000e+00	0.000000000000000000e+00	0.000000000000000000e+00
0.000000000000000000e+00	0.000000000000000000e+00	0.000000000000000000e+00	0.000000000000000000e+00	0.000000000000000000e+00
0.000000000000000000e+00	0.000000000000000000e+00	0.000000000000000000e+00	0.000000000000000000e+00	0.000000000000000000e+00
0.000000000000000000e+00	0.000000000000000000e+00	0.000000000000000000e+00	0.000000000000000000e+00	0.000000000000000000e+00
0.000000000000000000e+00	0.000000000000000000e+00	0.000000000000000000e+00	0.000000000000000000e+00	0.000000000000000000e+00
0.000000000000000000e+00	0.000000000000000000e+00	0.000000000000000000e+00	0.000000000000000000e+00	0.000000000000000000e+00
0.000000000000000000e+00	0.000000000000000000e+00	0.000000000000000000e+00	0.000000000000000000e+00	0.000000000000000000e+00
0.000000000000000000e+00	0.000000000000000000e+00	0.000000000000000000e+00	0.000000000000000000e+00	0.000000000000000000e+00
0.000000000000000000e+00	0.000000000000000000e+00	0.000000000000000000e+00	0.000000000000000000e+00	0.000000000000000000e+00
0.000000000000000000e+00	0.000000000000000000e+00	0.000000000000000000e+00	0.000000000000000000e+00	0.000000000000000000e+00
0.000000000000000000e+00	0.000000000000000000e+00	0.000000000000000000e+00	0.000000000000000000e+00	0.000000000000000000e+00
0.000000000000000000e+00	0.000000000000000000e+00	0.000000000000000000e+00	0.000000000000000000e+00	0.000000000000000000e+00
0.000000000000000000e+00	0.000000000000000000e+00	0.000000000000000000e+00	0.000000000000000000e+00	0.000000000000000000e+00
0.000000000000000000e+00	0.000000000000000000e+00	0.000000000000000000e+00	0.000000000000000000e+00	0.000000000000000000e+00
0.000000000000000000e+00	0.000000000000000000e+00	0.000000000000000000e+00	0.000000000000000000e+00	0.000000000000000000e+00
0.000000000000000000e+00	0.000000000000000000e+00	0.000000000000000000e+00	0.000000000000000000e+00	0.000000000000000000e+00
0.000000000000000000e+00	0.000000000000000000e+00	0.000000000000000000e+00	0.000000000000000000e+00	0.000000000000000000e+00
0.000000000000000000e+00	0.000000000000000000e+00	0.000000000000000000e+00	0.000000000000000000e+00	0.000000000000000000e+00
0.000000000000000000e+00	0.000000000000000000e+00	0.000000000000000000e+00	0.000000000000000000e+00	0.000000000000000000e+00
0.000000000000000000e+00	0.000000000000000000e+00	0.000000000000000000e+00	0.000000000000000000e+00	0.000000000000000000e+00
0.000000000000000000e+00	0.000000000000000000e+00	0.000000000000000000e+00	0.000000000000000000e+00	0.000000000000000000e+00
0.000000000000000000e+00	0.000000000000000000e+00	0.000000000000000000e+00	0.000000000000000000e+00	0.000000000000000000e+00
0.000000000000000000e+00	0.000000000000000000e+00	0.000000000000000000e+00	0.000000000000000000e+00	0.000000000000000000e+00
0.000000000000000000e+00	0.000000000000000000e+00	0.000000000000000000e+00	0.000000000000000000e+00	0.000000000000000000e+00
0.000000000000000000e+00	0.000000000000000000e+00	0.000000000000000000e+00	0.000000000000000000e+00	0.000000000000000000e+00
0.000000000000000000e+00	0.000000000000000000e+00	0.000000000000000000e+00	0.000000000000000000e+00	0.000000000000000000e+00
0.000000000000000000e+00	0.000000000000000000e+00	0.000000000000000000e+00	0.000000000000000000e+00	0.000000000000000000e+00
0.000000000000000000e+00	0.000000000000000000e+00	0.000000000000000000e+00	0.000000000000000000e+00	0.000000000000000000e+00
0.000000000000000000e+00	0.000000000000000000e+00	0.000000000000000000e+00	0.000000000000000000e+00	0.000000000000000000e+00
0.000000000000000000e+00	0.000000000000000000e+00	0.000000000000000000e+00	0.000000000000000000e+00	0.000000000000000000e+00
0.000000000000000000e+00	0.000000000000000000e+00	0.000000000000000000e+00	0.000000000000000000e+00	0.000000000000000000e+00
0.000000000000000000e+00	0.000000000000000000e+00	0.000000000000000000e+00	0.000000000000000000e+00	0.000000000000000000e+00
0.000000000000000000e+00	0.000000000000000000e+00	0.000000000000000000e+00	0.000000000000000000e+00	0.000000000000000000e+00
0.000000000000000000e+00	0.000000000000000000e+00	0.000000000000000000e+00	0.000000000000000000e+00	0.000000000000000000e+00
0.000000000000000000e+00	0.000000000000000000e+00	0.000000000000000000e+00	0.000000000000000000e+00	0.000000000000000000e+00
0.000000000000000000e+00	0.000000000000000000e+00	0.000000000000000000e+00	0.000000000000000000e+00	0.000000000000000000e+00
0.000000000000000000e+00	0.000000000000000000e+00	0.000000000000000000e+00	0.000000000000000000e+00	0.000000000000000000e+00
0.000000000000000000e+00	0.000000000000000000e+00	0.000000000000000000e+00	0.000000000000000000e+00	0.000000000000000000e+00
0.000000000000000000e+00	0.000000000000000000e+00	0.000000000000000000e+00	0.000000000000000000e+00	0.000000000000000000e+00
0.000000000000000000e+00	0.000000000000000000e+00	0.000000000000000000e+00	0.000000000000000000e+00	0.000000000000000000e+00
0.000000000000000000e+00	0.000000000000000000e+00	0.000000000000000000e+00	0.000000000000000000e+00	0.000000000000000000e+00
0.000000000000000000e+00	0.000000000000000000e+00	0.000000000000000000e+00	0.000000000000000000e+00	0.000000000000000000e+00
0.000000000000000000e+00	0.000000000000000000e+00	0.000000000000000000e+00	0.000000000000000000e+00	0.000000000000000000e+00
0.000000000000000000e+00	0.000000000000000000e+00	0.000000000000000000e+00	0.000000000000000000e+00	0.000000000000000000e+00
0.000000000000000000e+00	0.000000000000000000e+00	0.000000000000000000e+00	0.000000000000000000e+00	0.000000000000000000e+00
0.000000000000000000e+00	0.000000000000000000e+00	0.000000000000000000e+00	0.000000000000000000e+00	0.000000000000000000e+00
0.000000000000000000e+00	0.000000000000000000e+00	0.000000000000000000e+00	0.000000000000000000e+00	0.000000000000000000e+00
0.000000000000000000e+00	0.000000000000000000e+00	0.000000000000000000e+00	0.000000000000000000e+00	0.000000000000000000e+00
0.000000000000000000e+00	0.000000000000000000e+00	0.000000000000000000e+00	0.000000000000000000e+00	0.000000000000000000e+00
0.000000000000000000e+00	0.000000000000000000e+00	0.000000000000000000e+00	0.000000000000000000e+00	0.000000000000000000e+00
0.000000000000000000e+00	0.000000000000000000e+00	0.000000000000000000e+00	0.000000000000000000e+00	0.000000000000000000e+00
0.000000000000000000e+00	0.000000000000000000e+00	0.000000000000000000e+00	0.000000000000000000e+00	0.000000000000000000e+00
0.000000000000000000e+00	0.000000000000000000e+00	0.000000000000000000e+00	0.000000000000000000e+00	0.000000000000000000e+00
0.000000000000000000e+00	0.000000000000000000e+00	0.000000000000000000e+00	0.000000000000000000e+00	0.000000000000000000e+00
0.000000000000000000e+00	0.000000000000000000e+00	0.000000000000000000e+00	0.000000000000000000e+00	0.000000000000000000e+00
0.000000000000000000e+00	0.000000000000000000e+00	0.000000000000000000e+00	0.000000000000000000e+00	0.000000000000000000e+00
0.000000000000000000e+00	0.000000000000000000e+00	0.000000000000000000e+00	0.000000000000000000e+00	0.000000000000000000e+00
0.000000000000000000e+00	0.000000000000000000e+00	0.000000000000000000e+00	0.000000000000000000e+00	0.000000000000000000e+00
0.000000000000000000e+00	0.000000000000000000e+00	0.000000000000000000e+00	0.000000000000000000e+00	0.000000000000000000e+00
0.000000000000000000e+00	0.000000000000000000e+00	0.000000000000000000e+00	0.000000000000000000e+00	0.000000000000000000e+00
0.000000000000000000e+00	0.000000000000000000e+00	0.000000000000000000e+00	0.000000000000000000e+00	0.000000000000000000e+00
0.000000000000000000e+00	0.000000000000000000e+00	0.000000000000000000e+00	0.000000000000000000e+00	0.000000000000000000e+00
0.000000000000000000e+00	0.000000000000000000e+00	0.000000000000000000e+00	0.000000000000000000e+00	0.000000000000000000e+00
0.000000000000000000e+00	0.000000000000000000e+00	0.000000000000000000e+00	0.000000000000000000e+00	0.000000000000000000e+00
0.000000000000000000e+00	0.000000000000000000e+00	0.000000000000000000e+00	0.000000000000000000e+00	0.000000000000000000e+00
0.000000000000000000e+00	0.000000000000000000e+00	0.000000000000000000e+00	0.000000000000000000e+00	0.000000000000000000e+00
0.000000000000000000e+00	0.000000000000000000e+00	0.000000000000000000e+00	0.000000000000000000e+00	0.000000000000000000e+00
0.000000000000000000e+00	0.000000000000000000e+00	0.000000000000000000e+00	0.000000000000000000e+00	0.000000000000000000e+00
0.000000000000000000e+00	0.000000000000000000e+00	0.000000000000000000e+00	0.000000000000000000e+00	0.000000000000000000e+00
0.000000000000000000e+00	0.000000000000000000e+00	0.000000000000000000e+00	0.000000000000000000e+00	0.000000000000000000e+00
0.000000000000000000e+00	0.000000000000000000e+00	0.000000000000000000e+00	0.000000000000000000e+00	0.000000000000000000e+00
0.000000000000000000e+00	0.000000000000000000e+00	0.000000000000000000e+00	0.000000000000000000e+00	0.000000000000000000e+00
0.000000000000000000e+00	0.000000000000000000e+00	0.000000000000000000e+00	0.000000000000000000e+00	0.000000000000000000e+00
0.000000000000000000e+00	0.000000000000000000e+00	0.000000000000000000e+00	0.000000000000000000e+00	0.000000000000000000e+00
0.000000000000000000e+00	0.000000000000000000e+00	0.000000000000000000e+00	0.000000000000000000e+00	0.000000000000000000e+00
0.000000000000000000e+00	0.000000000000000000e+00	0.000000000000000000e+00	0.000000000000000000e+00	0.000000000000000000e+00
0.000000000000000000e+00	0.000000000000000000e+00	0.000000000000000000e+00	0.000000000000000000e+00	0.000000000000000000e+00
0.000000000000000000e+00	0.000000000000000000e+00	0.000000000000000000e+00	0.000000000000000000e+00	0.000000000000000000e+00
0.000000000000000000e+00	0.000000000000000000e+00	0.000000000000000000e+00	0.000000000000000000e+00	0.000000000000000000e+00
0.000000000000000000e+00	0.000000000000000000e+00	0.000000000000000000e+00	0.000000000000000000e+00	0.000000000000000000e+00
0.000000000000000000e+00	0.000000000000000000e+00	0.000000000000000000e+00	0.000000000000000000e+00	0.000000000000000000e+00
0.000000000000000000e+00	0.000000000000000000e+00	0.000000000000000000e+00	0.000000000000000000e+00	0.000000000000000000e+00
0.000000000000000000e+00	0.000000000000000000e+00	0.000000000000000000e+00	0.000000000000000000e+00	0.000000000000000000e+00
0.000000000000000000e+00	0.000000000000000000e+00	0.000000000000000000e+00	0.000000000000000000e+00	0.000000000000000000e+00
0.000000000000000000e+00	0.000000000000000000e+00	0.000000000000000000e+00	0.000000000000000000e+00	0.000000000000000000e+00
0.000000000000000000e+00	0.000000000000000000e+00	0.000000000000000000e+00	0.000000000000000000e+00	0.000000000000000000e+00
0.000000000000000000e+00	0.000000000000000000e+00	0.000000000000000000e+00	0.000000000000000000e+00	0.000000000000000000e+00
0.000000000000000000e+00	0.000000000000000000e+00	0.000000000000000000e+00	0.000000000000000000e+00	0.000000000000000000e+00
0.000000000000000000e+00	0.000000000000000000e+00	0.000000000000000000e+00	0.000000000000000000e+00	0.000000000000000000e+00
0.000000000000000000e+00	0.000000000000000000e+00	0.000000000000000000e+00	0.000000000000000000e+00	0.000000000000000000e+00
0.000000000000000000e+00	0.000000000000000000e+00	0.000000000000000000e+00	0.000000000000000000e+00	0.000000000000000000e+00
0.000000000000000000e+00	0.000000000000000000e+00	0.000000000000000000e+00	0.000000000000000000e+00	0.000000000000000000e+00
0.000000000000000000e+00	0.000000000000000000e+00	0.000000000000000000e+00	0.000000000000000000e+00	0.000000000000000000e+00
0.000000000000000000e+00	0.000000000000000000e+00	0.000000000000000000e+00	0.000000000000000000e+00	0.000000000000000000e+00
0.000000000000000000e+00	0.000000000000000000e+00	0.000000000000000000e+00	0.000000000000000000e+00	0.000000000000000000e+00
0.000000000000000000e+00	0.000000000000000000e+00	0.000000000000000000e+00	0.000000000000000000e+00	0.000000000000000000e+00
0.000000000000000000e+00	0.000000000000000000e+00	0.000000000000000000e+00	0.000000000000000000e+00	0.000000000000000000e+00
0.000000000000000000e+00	0.000000000000000000e+00	0.000000000000000000e+00	0.000000000000000000e+00	0.000000000000000000e+00
0.000000000000000000e+00	0.000000000000000000e+00	0.000000000000000000e+00	0.000000000000000000e+00	0.000000000000000000e+00
0.000000000000000000e+00	0.000000000000000000e+00	0.000000000000000000e+00	0.000000000000000000e+00	0.000000000000000000e+00
0.000000000000000000e+00	0.000000000000000000e+00	0.000000000000000000e+00	0.000000000000000000e+00	0.000000000000000000e+00
0.000000000000000000e+00	0.000000000000000000e+00	0.000000000000000000e+00	0.000000000000000000e+00	0.000000000000000000e+00
0.000000000000000000e+00	0.000000000000000000e+00	0.000000000000000000e+00	0.000000000000000000e+00	0.000000000000000000e+00
0.000000000000000000e+00	0.000000000000000000e+00	0.000000000000000000e+00	0.000000000000000000e+00	0.000000000000000000e+00
0.000000000000000000e+00	0.000000000000000000e+00	0.000000000000000000e+00	0.000000000000000000e+00	0.000000000000000000e+00
0.000000000000000000e+00	0.000000000000000000e+00	0.000000000000000000e+00	0.000000000000000000e+00	0.000000000000000000e+00
0.000000000000000000e+00	0.000000000000000000e+00	0.000000000000000000e+00	0.000000000000000000e+00	0.000000000000000000e+00
0.000000000000000000e+00	0.000000000000000000e+00	0.000000000000000000e+00	0.000000000000000000e+00	0.000000000000000000e+00
0.000000000000000000e+00	0.000000000000000000e+00	0.000000000000000000e+00	0.000000000000000000e+00	0.000000000000000000e+00
0.000000000000000000e+00	0.000000000000000000e+00	0.000000000000000000e+00	0.000000000000000000e+00	0.000000000000000000e+00
0.000000000000000000e+00	0.000000000000000000e+00	0.000000000000000000e+00	0.000000000000000000e+00	0.000000000000000000e+00
0.000000000000000000e+00	0.000000000000000000e+00	0.000000000000000000e+00	0.000000000000000000e+00	0.000000000000000000e+00
0.000000000000000000e+00	0.000000000000000000e+00	0.000000000000000000e+00	0.000000000000000000e+00	0.000000000000000000e+00
0.000000000000000000e+00	0.000000000000000000e+00	0.000000000000000000e+00	0.000000000000000000e+00	0.000000000000000000e+00
0.000000000000000000e+00	0.000000000000000000e+00	0.000000000000000000e+00	0.000000000000000000e+00	0.000000000000000000e+00
0.000000000000000000e+00	0.000000000000000000e+00	0.000000000000000000e+00	0.000000000000000000e+00	0.000000000000000000e+00
0.000000000000000000e+00	0.000000000000000000e+00	0.000000000000000000e+00	0.000000000000000000e+00	0.000000000000000000e+00
0.000000000000000000e+00	0.000000000000000000e+00	0.000000000000000000e+00	0.000000000000000000e+00	0.000000000000000000e+00
0.000000000000000000e+00	0.000000000000000000e+00	0.000000000000000000e+00	0.000000000000000000e+00	0.000000000000000000e+00
0.000000000000000000e+00	0.000000000000000000e+00	0.000000000000000000e+00	0.000000000000000000e+00	0.000000000000000000e+00
0.000000000000000000e+00	0.000000000000000000e+00	0.000000000000000000e+00	0.000000000000000000e+00	0.000000000000000000e+00
0.000000000000000000e+00	0.000000000000000000e+00	0.000000000000000000e+00	0.000000000000000000e+00	0.000000000000000000e+00
0.000000000000000000e+00	0.000000000000000000e+00	0.000000000000000000e+00	0.000000000000000000e+00	0.000000000000000000e+00
0.000000000000000000e+00	0.000000000000000000e+00	0.000000000000000000e+00	0.000000000000000000e+00	0.000000000000000000e+00
0.000000000000000000e+00	0.000000000000000000e+00	0.000000000000000000e+00	0.000000000000000000e+00	0.000000000000000000e+00
0.000000000000000000e+00	0.000000000000000000e+00	0.000000000000000000e+00	0.000000000000000000e+00	0.000000000000000000e+00
0.000000000000000000e+00	0.000000000000000000e+00	0.000000000000000000e+00	0.000000000000000000e+00	0.000000000000000000e+00
0.000000000000000000e+00	0.000000000000000000e+00	0.000000000000000000e+00	0.000000000000000000e+00	0.000000000000000000e+00
0.000000000000000000e+00	0.000000000000000000e+00	0.000000000000000000e+00	0.000000000000000000e+00	0.000000000000000000e+00
0.000000000000000000e+00	0.000000000000000000e+00	0.000000000000000000e+00	0.000000000000000000e+00	0.000000000000000000e+00
0.000000000000000000e+00	0.000000000000000000e+00	0.000000000000000000e+00	0.000000000000000000e+00	0.000000000000000000e+00
0.000000000000000000e+00	0.000000000000000000e+00	0.000000000000000000e+00	0.000000000000000000e+00	0.000000000000000000e+00
0.000000000000000000e+00	0.000000000000000000e+00	0.000000000000000000e+00	0.000000000000000000e+00	0.000000000000000000e+00
0.000000000000000000e+00	0.000000000000000000e+00	0.000000000000000000e+00	0.000000000000000000e+00	0.000000000000000000e+00
0.000000000000000000e+00	0.000000000000000000e+00	0.000000000000000000e+00	0.000000000000000000e+00	0.000000000000000000e+00
0.000000000000000000e+00	0.000000000000000000e+00	0.000000000000000000e+00	0.000000000000000000e+00	0.000000000000000000e+00
0.000000000000000000e+00	0.000000000000000000e+00	0.000000000000000000e+00	0.000000000000000000e+00	0.000000000000000000e+00
0.000000000000000000e+00	0.000000000000000000e+00	0.000000000000000000e+00	0.000000000000000000e+00	0.000000000000000000e+00
0.000000000000000000e+00	0.000000000000000000e+00	0.000000000000000000e+00	0.000000000000000000e+00	0.000000000000000000e+00
0.000000000000000000e+00	0.000000000000000000e+00	0.000000000000000000e+00	0.000000000000000000e+00	0.000000000000000000e+00
0.000000000000000000e+00	0.000000000000000000e+00	0.000000000000000000e+00	0.000000000000000000e+00	0.000000000000000000e+00
0.000000000000000000e+00	0.000000000000000000e+00	0.000000000000000000e+00	0.000000000000000000e+00	0.000000000000000000e+00
0.000000000000000000e+00	0.000000000000000000e+00	0.000000000000000000e+00	0.000000000000000000e+00	0.000000000000000000e+00
0.000000000000000000e+00	0.000000000000000000e+00	0.000000000000000000e+00	0.000000000000000000e+00	0.000000000000000000e+00
0.000000000000000000e+00	0.000000000000000000e+00	0.000000000000000000e+00	0.000000000000000000e+00	0.000000000000000000e+00
0.000000000000000000e+00	0.000000000000000000e+00	0.000000000000000000e+00	0.000000000000000000e+00	0.000000000000000000e+00
0.000000000000000000e+00	0.000000000000000000e+00	0.000000000000000000e+00	0.000000000000000000e+00	0.000000000000000000e+00
0.000000000000000000e+00	0.000000000000000000e+00	0.000000000000000000e+00	0.000000000000000000e+00	0.000000000000000000e+00
0.000000000000000000e+00	0.000000000000000000e+00	0.000000000000000000e+00	0.000000000000000000e+00	0.000000000000000000e+00
0.000000000000000000e+00	0.000000000000000000e+00	0.000000000000000000e+00	0.000000000000000000e+00	0.000000000000000000e+00
0.000000000000000000e+00	0.000000000000000000e+00	0.000000000000000000e+00	0.000000000000000000e+00	0.000000000000000000e+00
0.000000000000000000e+00	0.000000000000000000e+00	0.000000000000000000e+00	0.000000000000000000e+00	0.000000000000000000e+00
0.000000000000000000e+00	0.000000000000000000e+00	0.000000000000000000e+00	0.000000000000000000e+00	0.000000000000000000e+00
0.000000000000000000e+00	0.000000000000000000e+00	0.000000000000000000e+00	0.000000000000000000e+00	0.000000000000000000e+00
0.000000000000000000e+00	0.000000000000000000e+00	0.000000000000000000e+00	0.000000000000000000e+00	0.000000000000000000e+00
0.000000000000000000e+00	0.000000000000000000e+00	0.000000000000000000e+00	0.000000000000000000e+00	0.000000000000000000e+00
0.000000000000000000e+00	0.000000000000000000e+00	0.000000000000000000e+00	0.000000000000000000e+00	0.000000000000000000e+00
0.000000000000000000e+00	0.000000000000000000e+00	0.000000000000000000e+00	0.000000000000000000e+00	0.000000000000000000e+00
0.000000000000000000e+00	0.000000000000000000e+00	0.000000000000000000e+00	0.000000000000000000e+00	0.000000000000000000e+00
0.000000000000000000e+00	0.000000000000000000e+00	0.000000000000000000e+00	0.000000000000000000e+00	0.000000000000000000e+00
0.000000000000000000e+00	0.000000000000000000e+00	0.000000000000000000e+00	0.000000000000000000e+00	0.000000000000000000e+00
0.000000000000000000e+00	0.000000000000000000e+00	0.000000000000000000e+00	0.000000000000000000e+00	0.000000000000000000e+00
0.000000000000000000e+00	0.000000000000000000e+00	0.000000000000000000e+00	0.000000000000000000e+00	0.000000000000000000e+00
0.000000000000000000e+00	0.000000000000000000e+00	0.000000000000000000e+00	0.000000000000000000e+00	0.000000000000000000e+00
0.000000000000000000e+00	0.000000000000000000e+00	0.000000000000000000e+00	0.000000000000000000e+00	0.000000000000000000e+00
0.000000000000000000e+00	0.000000000000000000e+00	0.000000000000000000e+00	0.000000000000000000e+00	0.000000000000000000e+00
0.000000000000000000e+00	0.000000000000000000e+00	0.000000000000000000e+00	0.000000000000000000e+00	0.000000000000000000e+00
0.000000000000000000e+00	0.000000000000000000e+00	0.000000000000000000e+00	0.000000000000000000e+00	0.000000000000000000e+00
0.000000000000000000e+00	0.000000000000000000e+00	0.000000000000000000e+00	0.000000000000000000e+00	0.000000000000000000e+00
0.000000000000000000e+00	0.000000000000000000e+00	0.000000000000000000e+00	0.000000000000000000e+00	0.000000000000000000e+00
0.000000000000000000e+00	0.000000000000000000e+00	0.000000000000000000e+00	0.000000000000000000e+00	0.000000000000000000e+00
0.000000000000000000e+00	0.000000000000000000e+00	0.000000000000000000e+00	0.000000000000000000e+00	0.000000000000000000e+00
0.000000000000000000e+00	0.000000000000000000e+00	0.000000000000000000e+00	0.000000000000000000e+00	0.000000000000000000e+00
0.000000000000000000e+00	0.000000000000000000e+00	0.000000000000000000e+00	0.000000000000000000e+00	0.000000000000000000e+00
0.000000000000000000e+00	0.000000000000000000e+00	0.000000000000000000e+00	0.000000000000000000e+00	0.000000000000000000e+00
0.000000000000000000e+00	0.000000000000000000e+00	0.000000000000000000e+00	0.000000000000000000e+00	0.000000000000000000e+00
0.000000000000000000e+00	0.000000000000000000e+00	0.000000000000000000e+00	0.000000000000000000e+00	0.000000000000000000e+00
0.000000000000000000e+00	0.000000000000000000e+00	0.000000000000000000e+00	0.000000000000000000e+00	0.000000000000000000e+00
0.000000000000000000e+00	0.000000000000000000e+00	0.000000000000000000e+00	0.000000000000000000e+00	0.000000000000000000e+00
0.000000000000000000e+00	0.000000000000000000e+00	0.000000000000000000e+00	0.000000000000000000e+00	0.000000000000000000e+00
0.000000000000000000e+00	0.000000000000000000e+00	0.000000000000000000e+00	0.000000000000000000e+00	0.000000000000000000e+00
0.000000000000000000e+00	0.000000000000000000e+00	0.000000000000000000e+00	0.000000000000000000e+00	0.000000000000000000e+00
0.000000000000000000e+00	0.000000000000000000e+00	0.000000000000000000e+00	0.000000000000000000e+00	0.000000000000000000e+00
0.000000000000000000e+00	0.000000000000000000e+00	0.000000000000000000e+00	0.000000000000000000e+00	0.000000000000000000e+00
0.000000000000000000e+00	0.000000000000000000e+00	0.000000000000000000e+00	0.000000000000000000e+00	0.000000000000000000e+00
0.000000000000000000e+00	0.000000000000000000e+00	0.000000000000000000e+00	0.000000000000000000e+00	0.000000000000000000e+00
0.000000000000000000e+00	0.000000000000000000e+00	0.000000000000000000e+00	0.000000000000000000e+00	0.000000000000000000e+00
0.000000000000000000e+00	0.000000000000000000e+00	0.000000000000000000e+00	0.000000000000000000e+00	0.000000000000000000e+00
0.000000000000000000e+00	0.000000000000000000e+00	0.000000000000000000e+00	0.000000000000000000e+00	0.000000000000000000e+00
0.000000000000000000e+00	0.000000000000000000e+00	0.000000000000000000e+00	0.000000000000000000e+00	0.000000000000000000e+00
0.000000000000000000e+00	0.000000000000000000e+00	0.000000000000000000e+00	0.000000000000000000e+00	0.000000000000000000e+00
0.000000000000000000e+00	0.000000000000000000e+00	0.000000000000000000e+00	0.000000000000000000e+00	0.000000000000000000e+00
0.000000000000000000e+00	0.000000000000000000e+00	0.000000000000000000e+00	0.000000000000000000e+00	0.000000000000000000e+00
0.000000000000000000e+00	0.000000000000000000e+00	0.000000000000000000e+00	0.000000000000000000e+00	0.000000000000000000e+00
0.000000000000000000e+00	0.000000000000000000e+00	0.000000000000000000e+00	0.000000000000000000e+00	0.000000000000000000e+00
0.000000000000000000e+00	0.000000000000000000e+00	0.000000000000000000e+00	0.000000000000000000e+00	0.000000000000000000e+00
0.000000000000000000e+00	0.000000000000000000e+00	0.000000000000000000e+00	0.000000000000000000e+00	0.000000000000000000e+00
0.000000000000000000e+00	0.000000000000000000e+00	0.000000000000000000e+00	0.000000000000000000e+00	0.000000000000000000e+00
0.000000000000000000e+00	0.000000000000000000e+00	0.000000000000000000e+00	0.000000000000000000e+00	0.000000000000000000e+00
0.000000000000000000e+00	0.000000000000000000e+00	0.000000000000000000e+00	0.000000000000000000e+00	0.000000000000000000e+00
0.000000000000000000e+00	0.000000000000000000e+00	0.000000000000000000e+00	0.000000000000000000e+00	0.000000000000000000e+00
0.000000000000000000e+00	0.000000000000000000e+00	0.000000000000000000e+00	0.000000000000000000e+00	0.000000000000000000e+00
0.000000000000000000e+00	0.000000000000000000e+00	0.000000000000000000e+00	0.000000000000000000e+00	0.000000000000000000e+00
0.000000000000000000e+00	0.000000000000000000e+00	0.000000000000000000e+00	0.000000000000000000e+00	0.000000000000000000e+00
0.000000000000000000e+00	0.000000000000000000e+00	0.000000000000000000e+00	0.000000000000000000e+00	0.000000000000000000e+00
0.000000000000000000e+00	0.000000000000000000e+00	0.000000000000000000e+00	0.000000000000000000e+00	0.000000000000000000e+00
0.000000000000000000e+00	0.000000000000000000e+00	0.000000000000000000e+00	0.000000000000000000e+00	0.000000000000000000e+00
0.000000000000000000e+00	0.000000000000000000e+00	0.000000000000000000e+00	0.000000000000000000e+00	0.000000000000000000e+00
0.000000000000000000e+00	0.000000000000000000e+00	0.000000000000000000e+00	0.000000000000000000e+00	0.000000000000000000e+00
0.000000000000000000e+00	0.000000000000000000e+00	0.000000000000000000e+00	0.000000000000000000e+00	0.000000000000000000e+00
0.000000000000000000e+00	0.000000000000000000e+00	0.000000000000000000e+00	0.000000000000000000e+00	0.000000000000000000e+00
0.000000000000000000e+00	0.000000000000000000e+00	0.000000000000000000e+00	0.000000000000000000e+00	0.000000000000000000e+00
0.000000000000000000e+00	0.000000000000000000e+00	0.000000000000000000e+00	0.000000000000000000e+00	0.000000000000000000e+00
0.000000000000000000e+00	0.000000000000000000e+00	0.000000000000000000e+00	0.000000000000000000e+00	0.000000000000000000e+00
0.000000000000000000e+00	0.000000000000000000e+00	0.000000000000000000e+00	0.000000000000000000e+00	0.000000000000000000e+00
0.000000000000000000e+00	0.000000000000000000e+00	0.000000000000000000e+00	0.000000000000000000e+00	0.000000000000000000e+00
0.000000000000000000e+00	0.000000000000000000e+00	0.000000000000000000e+00	0.000000000000000000e+00	0.000000000000000000e+00
0.000000000000000000e+00	0.000000000000000000e+00	0.000000000000000000e+00	0.000000000000000000e+00	0.000000000000000000e+00
0.000000000000000000e+00	0.000000000000000000e+00	0.000000000000000000e+00	0.000000000000000000e+00	0.000000000000000000e+00
0.000000000000000000e+00	0.000000000000000000e+00	0.000000000000000000e+00	0.000000000000000000e+00	0.000000000000000000e+00
0.000000000000000000e+00	0.000000000000000000e+00	0.000000000000000000e+00	0.000000000000000000e+00	0.000000000000000000e+00
0.000000000000000000e+00	0.000000000000000000e+00	0.000000000000000000e+00	0.000000000000000000e+00	0.000000000000000000e+00
0.000000000000000000e+00	0.000000000000000000e+00	0.000000000000000000e+00	0.000000000000000000e+00	0.000000000000000000e+00
0.000000000000000000e+00	0.000000000000000000e+00	0.000000000000000000e+00	0.000000000000000000e+00	0.000000000000000000e+00
0.000000000000000000e+00	0.000000000000000000e+00	0.000000000000000000e+00	0.000000000000000000e+00	0.000000000000000000e+00
0.000000000000000000e+00	0.000000000000000000e+00	0.000000000000000000e+00	0.000000000000000000e+00	0.000000000000000000e+00
0.000000000000000000e+00	0.000000000000000000e+00	0.000000000000000000e+00	0.000000000000000000e+00	0.000000000000000000e+00
0.000000000000000000e+00	0.000000000000000000e+00	0.000000000000000000e+00	0.000000000000000000e+00	0.000000000000000000e+00
0.000000000000000000e+00	0.000000000000000000e+00	0.000000000000000000e+00	0.000000000000000000e+00	0.000000000000000000e+00
0.000000000000000000e+00	0.000000000000000000e+00	0.000000000000000000e+00	0.000000000000000000e+00	0.000000000000000000e+00
0.000000000000000000e+00	0.000000000000000000e+00	0.000000000000000000e+00	0.000000000000000000e+00	0.000000000000000000e+00
0.000000000000000000e+00	0.000000000000000000e+00	0.000000000000000000e+00	0.000000000000000000e+00	0.000000000000000000e+00
0.000000000000000000e+00	0.000000000000000000e+00	0.000000000000000000e+00	0.000000000000000000e+00	0.000000000000000000e+00
0.000000000000000000e+00	0.000000000000000000e+00	0.000000000000000000e+00	0.000000000000000000e+00	0.000000000000000000e+00
0.000000000000000000e+00	0.000000000000000000e+00	0.000000000000000000e+00	0.000000000000000000e+00	0.000000000000000000e+00
0.000000000000000000e+00	0.000000000000000000e+00	0.000000000000000000e+00	0.000000000000000000e+00	0.000000000000000000e+00
0.000000000000000000e+00	0.000000000000000000e+00	0.000000000000000000e+00	0.000000000000000000e+00	0.000000000000000000e+00
0.000000000000000000e+00	0.000000000000000000e+00	0.000000000000000000e+00	0.000000000000000000e+00	0.000000000000000000e+00
0.000000000000000000e+00	0.000000000000000000e+00	0.000000000000000000e+00	0.000000000000000000e+00	0.000000000000000000e+00
0.000000000000000000e+00	0.000000000000000000e+00	0.000000000000000000e+00	0.000000000000000000e+00	0.000000000000000000e+00
0.000000000000000000e+00	0.000000000000000000e+00	0.000000000000000000e+00	0.000000000000000000e+00	0.000000000000000000e+00
0.000000000000000000e+00	0.000000000000000000e+00	0.000000000000000000e+00	0.000000000000000000e+00	0.000000000000000000e+00
0.000000000000000000e+00	0.000000000000000000e+00	0.000000000000000000e+00	0.000000000000000000e+00	0.000000000000000000e+00
0.000000000000000000e+00	0.000000000000000000e+00	0.000000000000000000e+00	0.000000000000000000e+00	0.000000000000000000e+00
0.000000000000000000e+00	0.000000000000000000e+00	0.000000000000000000e+00	0.000000000000000000e+00	0.000000000000000000e+00
0.000000000000000000e+00	0.000000000000000000e+00	0.000000000000000000e+00	0.000000000000000000e+00	0.000000000000000000e+00
0.000000000000000000e+00	0.000000000000000000e+00	0.000000000000000000e+00	0.000000000000000000e+00	0.000000000000000000e+00
0.000000000000000000e+00	0.000000000000000000e+00	0.000000000000000000e+00	0.000000000000000000e+00	0.000000000000000000e+00
0.000000000000000000e+00	0.000000000000000000e+00	0.000000000000000000e+00	0.000000000000000000e+00	0.000000000000000000e+00
0.000000000000000000e+00	0.000000000000000000e+00	0.000000000000000000e+00	0.000000000000000000e+00	0.000000000000000000e+00
0.000000000000000000e+00	0.000000000000000000e+00	0.000000000000000000e+00	0.000000000000000000e+00	0.000000000000000000e+00
0.000000000000000000e+00	0.000000000000000000e+00	0.000000000000000000e+00	0.000000000000000000e+00	0.000000000000000000e+00
0.000000000000000000e+00	0.000000000000000000e+00	0.000000000000000000e+00	0.000000000000000000e+00	0.000000000000000000e+00
0.000000000000000000e+00	0.000000000000000000e+00	0.000000000000000000e+00	0.000000000000000000e+00	0.000000000000000000e+00
0.000000000000000000e+00	0.000000000000000000e+00	0.000000000000000000e+00	0.000000000000000000e+00	0.000000000000000000e+00
0.000000000000000000e+00	0.000000000000000000e+00	0.000000000000000000e+00	0.000000000000000000e+00	0.000000000000000000e+00
0.000000000000000000e+00	0.000000000000000000e+00	0.000000000000000000e+00	0.000000000000000000e+00	0.000000000000000000e+00
0.000000000000000000e+00	0.000000000000000000e+00	0.000000000000000000e+00	0.000000000000000000e+00	0.000000000000000000e+00
0.000000000000000000e+00	0.000000000000000000e+00	0.000000000000000000e+00	0.000000000000000000e+00	0.000000000000000000e+00
0.000000000000000000e+00	0.000000000000000000e+00	0.000000000000000000e+00	0.000000000000000000e+00	0.000000000000000000e+00
0.000000000000000000e+00	0.000000000000000000e+00	0.000000000000000000e+00	0.000000000000000000e+00	0.000000000000000000e+00
0.000000000000000000e+00	0.000000000000000000e+00	0.000000000000000000e+00	0.000000000000000000e+00	0.000000000000000000e+00
0.000000000000000000e+00	0.000000000000000000e+00	0.000000000000000000e+00	0.000000000000000000e+00	0.000000000000000000e+00
0.000000000000000000e+00	0.000000000000000000e+00	0.000000000000000000e+00	0.000000000000000000e+00	0.000000000000000000e+00
0.000000000000000000e+00	0.000000000000000000e+00	0.000000000000000000e+00	0.000000000000000000e+00	0.000000000000000000e+00
0.000000000000000000e+00	0.000000000000000000e+00	0.000000000000000000e+00	0.000000000000000000e+00	0.000000000000000000e+00
0.000000000000000000e+00	0.000000000000000000e+00	0.000000000000000000e+00	0.000000000000000000e+00	0.000000000000000000e+00
0.000000000000000000e+00	0.000000000000000000e+00	0.000000000000000000e+00	0.000000000000000000e+00	0.000000000000000000e+00
0.000000000000000000e+00	0.000000000000000000e+00	0.000000000000000000e+00	0.000000000000000000e+00	0.000000000000000000e+00
0.000000000000000000e+00	0.000000000000000000e+00	0.000000000000000000e+00	0.000000000000000000e+00	0.000000000000000000e+00
0.000000000000000000e+00	0.000000000000000000e+00	0.000000000000000000e+00	0.000000000000000000e+00	0.000000000000000000e+00
0.000000000000000000e+00	0.000000000000000000e+00	0.000000000000000000e+00	0.000000000000000000e+00	0.000000000000000000e+00
0.000000000000000000e+00	0.000000000000000000e+00	0.000000000000000000e+00	0.000000000000000000e+00	0.000000000000000000e+00
0.000000000000000000e+00	0.000000000000000000e+00	0.000000000000000000e+00	0.000000000000000000e+00	0.000000000000000000e+00
0.000000000000000000e+00	0.000000000000000000e+00	0.000000000000000000e+00	0.000000000000000000e+00	0.000000000000000000e+00
0.000000000000000000e+00	0.000000000000000000e+00	0.000000000000000000e+00	0.000000000000000000e+00	0.000000000000000000e+00
0.000000000000000000e+00	0.000000000000000000e+00	0.000000000000000000e+00	0.000000000000000000e+00	0.000000000000000000e+00
0.000000000000000000e+00	0.000000000000000000e+00	0.000000000000000000e+00	0.000000000000000000e+00	0.000000000000000000e+00
0.000000000000000000e+00	0.000000000000000000e+00	0.000000000000000000e+00	0.000000000000000000e+00	0.000000000000000000e+00
0.000000000000000000e+00	0.000000000000000000e+00	0.000000000000000000e+00	0.000000000000000000e+00	0.000000000000000000e+00
0.000000000000000000e+00	0.000000000000000000e+00	0.000000000000000000e+00	0.000000000000000000e+00	0.000000000000000000e+00
0.000000000000000000e+00	0.000000000000000000e+00	0.000000000000000000e+00	0.000000000000000000e+00	0.000000000000000000e+00
0.000000000000000000e+00	0.000000000000000000e+00	0.000000000000000000e+00	0.000000000000000000e+00	0.000000000000000000e+00
0.000000000000000000e+00	0.000000000000000000e+00	0.000000000000000000e+00	0.000000000000000000e+00	0.000000000000000000e+00
0.000000000000000000e+00	0.000000000000000000e+00	0.000000000000000000e+00	0.000000000000000000e+00	0.000000000000000000e+00
0.000000000000000000e+00	0.000000000000000000e+00	0.000000000000000000e+00	0.000000000000000000e+00	0.000000000000000000e+00
0.000000000000000000e+00	0.000000000000000000e+00	0.000000000000000000e+00	0.000000000000000000e+00	0.000000000000000000e+00
0.000000000000000000e+00	0.000000000000000000e+00	0.000000000000000000e+00	0.000000000000000000e+00	0.000000000000000000e+00
0.000000000000000000e+00	0.000000000000000000e+00	0.000000000000000000e+00	0.000000000000000000e+00	0.000000000000000000e+00
0.000000000000000000e+00	0.000000000000000000e+00	0.000000000000000000e+00	0.000000000000000000e+00	0.000000000000000000e+00
0.000000000000000000e+00	0.000000000000000000e+00	0.000000000000000000e+00	0.000000000000000000e+00	0.000000000000000000e+00
0.000000000000000000e+00	0.000000000000000000e+00	0.000000000000000000e+00	0.000000000000000000e+00	0.000000000000000000e+00
0.000000000000000000e+00	0.000000000000000000e+00	0.000000000000000000e+00	0.000000000000000000e+00	0.000000000000000000e+00
0.000000000000000000e+00	0.000000000000000000e+00	0.000000000000000000e+00	0.000000000000000000e+00	0.000000000000000000e+00
0.000000000000000000e+00	0.000000000000000000e+00	0.000000000000000000e+00	0.000000000000000000e+00	0.000000000000000000e+00
0.000000000000000000e+00	0.000000000000000000e+00	0.000000000000000000e+00	0.000000000000000000e+00	0.000000000000000000e+00
0.000000000000000000e+00	0.000000000000000000e+00	0.000000000000000000e+00	0.000000000000000000e+00	0.000000000000000000e+00
0.000000000000000000e+00	0.000000000000000000e+00	0.000000000000000000e+00	0.000000000000000000e+00	0.000000000000000000e+00
0.000000000000000000e+00	0.000000000000000000e+00	0.000000000000000000e+00	0.000000000000000000e+00	0.000000000000000000e+00
0.000000000000000000e+00	0.000000000000000000e+00	0.000000000000000000e+00	0.000000000000000000e+00	0.000000000000000000e+00
0.000000000000000000e+00	0.000000000000000000e+00	0.000000000000000000e+00	0.000000000000000000e+00	0.000000000000000000e+00
0.000000000000000000e+00	0.000000000000000000e+00	0.000000000000000000e+00	0.000000000000000000e+00	0.000000000000000000e+00
0.000000000000000000e+00	0.000000000000000000e+00	0.000000000000000000e+00	0.000000000000000000e+00	0.000000000000000000e+00
0.000000000000000000e+00	0.000000000000000000e+00	0.000000000000000000e+00	0.000000000000000000e+00	0.000000000000000000e+00
0.000000000000000000e+00	0.000000000000000000e+00	0.000000000000000000e+00	0.000000000000000000e+00	0.000000000000000000e+00
0.000000000000000000e+00	0.000000000000000000e+00	0.000000000000000000e+00	0.000000000000000000e+00	0.000000000000000000e+00
0.000000000000000000e+00	0.000000000000000000e+00	0.000000000000000000e+00	0.000000000000000000e+00	0.000000000000000000e+00
0.000000000000000000e+00	0.000000000000000000e+00	0.000000000000000000e+00	0.000000000000000000e+00	0.000000000000000000e+00
0.000000000000000000e+00	0.000000000000000000e+00	0.000000000000000000e+00	0.000000000000000000e+00	0.000000000000000000e+00
0.000000000000000000e+00	0.000000000000000000e+00	0.000000000000000000e+00	0.000000000000000000e+00	0.000000000000000000e+00
0.000000000000000000e+00	0.000000000000000000e+00	0.000000000000000000e+00	0.000000000000000000e+00	0.000000000000000000e+00
0.000000000000000000e+00	0.000000000000000000e+00	0.000000000000000000e+00	0.000000000000000000e+00	0.000000000000000000e+00
0.000000000000000000e+00	0.000000000000000000e+00	0.000000000000000000e+00	0.000000000000000000e+00	0.000000000000000000e+00
0.000000000000000000e+00	0.000000000000000000e+00	0.000000000000000000e+00	0.000000000000000000e+00	0.000000000000000000e+00
0.000000000000000000e+00	0.000000000000000000e+00	0.000000000000000000e+00	0.000000000000000000e+00	0.000000000000000000e+00
0.000000000000000000e+00	0.000000000000000000e+00	0.000000000000000000e+00	0.000000000000000000e+00	0.000000000000000000e+00
0.000000000000000000e+00	0.000000000000000000e+00	0.000000000000000000e+00	0.000000000000000000e+00	0.000000000000000000e+00
0.000000000000000000e+00	0.000000000000000000e+00	0.000000000000000000e+00	0.000000000000000000e+00	0.000000000000000000e+00
0.000000000000000000e+00	0.000000000000000000e+00	0.000000000000000000e+00	0.000000000000000000e+00	0.000000000000000000e+00
0.000000000000000000e+00	0.000000000000000000e+00	0.000000000000000000e+00	0.000000000000000000e+00	0.000000000000000000e+00
0.000000000000000000e+00	0.000000000000000000e+00	0.000000000000000000e+00	0.000000000000000000e+00	0.000000000000000000e+00
0.000000000000000000e+00	0.000000000000000000e+00	0.000000000000000000e+00	0.000000000000000000e+00	0.000000000000000000e+00
0.000000000000000000e+00	0.000000000000000000e+00	0.000000000000000000e+00	0.000000000000000000e+00	0.000000000000000000e+00
0.000000000000000000e+00	0.000000000000000000e+00	0.000000000000000000e+00	0.000000000000000000e+00	0.000000000000000000e+00
0.000000000000000000e+00	0.000000000000000000e+00	0.000000000000000000e+00	0.000000000000000000e+00	0.000000000000000000e+00
0.000000000000000000e+00	0.000000000000000000e+00	0.000000000000000000e+00	0.000000000000000000e+00	0.000000000000000000e+00
0.000000000000000000e+00	0.000000000000000000e+00	0.000000000000000000e+00	0.000000000000000000e+00	0.000000000000000000e+00
0.000000000000000000e+00	0.000000000000000000e+00	0.000000000000000000e+00	0.000000000000000000e+00	0.000000000000000000e+00
0.000000000000000000e+00	0.000000000000000000e+00	0.000000000000000000e+00	0.000000000000000000e+00	0.000000000000000000e+00
0.000000000000000000e+00	0.000000000000000000e+00	0.000000000000000000e+00	0.000000000000000000e+00	0.000000000000000000e+00
0.000000000000000000e+00	0.000000000000000000e+00	0.000000000000000000e+00	0.000000000000000000e+00	0.000000000000000000e+00
0.000000000000000000e+00	0.000000000000000000e+00	0.000000000000000000e+00	0.000000000000000000e+00	0.000000000000000000e+00
0.000000000000000000e+00	0.000000000000000000e+00	0.000000000000000000e+00	0.000000000000000000e+00	0.000000000000000000e+00
0.000000000000000000e+00	0.000000000000000000e+00	0.000000000000000000e+00	0.000000000000000000e+00	0.000000000000000000e+00
0.000000000000000000e+00	0.000000000000000000e+00	0.000000000000000000e+00	0.000000000000000000e+00	0.000000000000000000e+00
0.000000000000000000e+00	0.000000000000000000e+00	0.000000000000000000e+00	0.000000000000000000e+00	0.000000000000000000e+00
0.000000000000000000e+00	0.000000000000000000e+00	0.000000000000000000e+00	0.000000000000000000e+00	0.000000000000000000e+00
0.000000000000000000e+00	0.000000000000000000e+00	0.000000000000000000e+00	0.000000000000000000e+00	0.000000000000000000e+00
0.000000000000000000e+00	0.000000000000000000e+00	0.000000000000000000e+00	0.000000000000000000e+00	0.000000000000000000e+00
0.000000000000000000e+00	0.000000000000000000e+00	0.000000000000000000e+00	0.000000000000000000e+00	0.000000000000000000e+00
0.000000000000000000e+00	0.000000000000000000e+00	0.000000000000000000e+00	0.000000000000000000e+00	0.000000000000000000e+00
0.000000000000000000e+00	0.000000000000000000e+00	0.000000000000000000e+00	0.000000000000000000e+00	0.000000000000000000e+00
0.000000000000000000e+00	0.000000000000000000e+00	0.000000000000000000e+00	0.000000000000000000e+00	0.000000000000000000e+00
0.000000000000000000e+00	0.000000000000000000e+00	0.000000000000000000e+00	0.000000000000000000e+00	0.000000000000000000e+00
0.000000000000000000e+00	0.000000000000000000e+00	0.000000000000000000e+00	0.000000000000000000e+00	0.000000000000000000e+00
0.000000000000000000e+00	0.000000000000000000e+00	0.000000000000000000e+00	0.000000000000000000e+00	0.000000000000000000e+00
0.000000000000000000e+00	0.000000000000000000e+00	0.000000000000000000e+00	0.000000000000000000e+00	0.000000000000000000e+00
0.000000000000000000e+00	0.000000000000000000e+00	0.000000000000000000e+00	0.000000000000000000e+00	0.000000000000000000e+00
0.000000000000000000e+00	0.000000000000000000e+00	0.000000000000000000e+00	0.000000000000000000e+00	0.000000000000000000e+00
0.000000000000000000e+00	0.000000000000000000e+00	0.000000000000000000e+00	0.000000000000000000e+00	0.000000000000000000e+00
0.000000000000000000e+00	0.000000000000000000e+00	0.000000000000000000e+00	0.000000000000000000e+00	0.000000000000000000e+00
0.000000000000000000e+00	0.000000000000000000e+00	0.000000000000000000e+00	0.000000000000000000e+00	0.000000000000000000e+00
0.000000000000000000e+00	0.000000000000000000e+00	0.000000000000000000e+00	0.000000000000000000e+00	0.000000000000000000e+00
0.000000000000000000e+00	0.000000000000000000e+00	0.000000000000000000e+00	0.000000000000000000e+00	0.000000000000000000e+00
0.000000000000000000e+00	0.000000000000000000e+00	0.000000000000000000e+00	0.000000000000000000e+00	0.000000000000000000e+00
0.000000000000000000e+00	0.000000000000000000e+00	0.000000000000000000e+00	0.000000000000000000e+00	0.000000000000000000e+00
0.000000000000000000e+00	0.000000000000000000e+00	0.000000000000000000e+00	0.000000000000000000e+00	0.000000000000000000e+00
0.000000000000000000e+00	0.000000000000000000e+00	0.000000000000000000e+00	0.000000000000000000e+00	0.000000000000000000e+00
0.000000000000000000e+00	0.000000000000000000e+00	0.000000000000000000e+00	0.000000000000000000e+00	0.000000000000000000e+00
0.000000000000000000e+00	0.000000000000000000e+00	0.000000000000000000e+00	0.000000000000000000e+00	0.000000000000000000e+00
0.000000000000000000e+00	0.000000000000000000e+00	0.000000000000000000e+00	0.000000000000000000e+00	0.000000000000000000e+00
0.000000000000000000e+00	0.000000000000000000e+00	0.000000000000000000e+00	0.000000000000000000e+00	0.000000000000000000e+00
0.000000000000000000e+00	0.000000000000000000e+00	0.000000000000000000e+00	0.000000000000000000e+00	0.000000000000000000e+00
0.000000000000000000e+00	0.000000000000000000e+00	0.000000000000000000e+00	0.000000000000000000e+00	0.000000000000000000e+00
0.000000000000000000e+00	0.000000000000000000e+00	0.000000000000000000e+00	0.000000000000000000e+00	0.000000000000000000e+00
0.000000000000000000e+00	0.000000000000000000e+00	0.000000000000000000e+00	0.000000000000000000e+00	0.000000000000000000e+00
0.000000000000000000e+00	0.000000000000000000e+00	0.000000000000000000e+00	0.000000000000000000e+00	0.000000000000000000e+00
0.000000000000000000e+00	0.000000000000000000e+00	0.000000000000000000e+00	0.000000000000000000e+00	0.000000000000000000e+00
0.000000000000000000e+00	0.000000000000000000e+00	0.000000000000000000e+00	0.000000000000000000e+00	0.000000000000000000e+00
0.000000000000000000e+00	0.000000000000000000e+00	0.000000000000000000e+00	0.000000000000000000e+00	0.000000000000000000e+00
0.000000000000000000e+00	0.000000000000000000e+00	0.000000000000000000e+00	0.000000000000000000e+00	0.000000000000000000e+00
0.000000000000000000e+00	0.000000000000000000e+00	0.000000000000000000e+00	0.000000000000000000e+00	0.000000000000000000e+00
0.000000000000000000e+00	0.000000000000000000e+00	0.000000000000000000e+00	0.000000000000000000e+00	0.000000000000000000e+00
0.000000000000000000e+00	0.000000000000000000e+00	0.000000000000000000e+00	0.000000000000000000e+00	0.000000000000000000e+00
0.000000000000000000e+00	0.000000000000000000e+00	0.000000000000000000e+00	0.000000000000000000e+00	0.000000000000000000e+00
0.000000000000000000e+00	0.000000000000000000e+00	0.000000000000000000e+00	0.000000000000000000e+00	0.000000000000000000e+00
0.000000000000000000e+00	0.000000000000000000e+00	0.000000000000000000e+00	0.000000000000000000e+00	0.000000000000000000e+00
0.000000000000000000e+00	0.000000000000000000e+00	0.000000000000000000e+00	0.000000000000000000e+00	0.000000000000000000e+00
0.000000000000000000e+00	0.000000000000000000e+00	0.000000000000000000e+00	0.000000000000000000e+00	0.000000000000000000e+00
0.000000000000000000e+00	0.000000000000000000e+00	0.000000000000000000e+00	0.000000000000000000e+00	0.000000000000000000e+00
0.000000000000000000e+00	0.000000000000000000e+00	0.000000000000000000e+00	0.000000000000000000e+00	0.000000000000000000e+00
0.000000000000000000e+00	0.000000000000000000e+00	0.000000000000000000e+00	0.000000000000000000e+00	0.000000000000000000e+00
0.000000000000000000e+00	0.000000000000000000e+00	0.000000000000000000e+00	0.000000000000000000e+00	0.000000000000000000e+00
0.000000000000000000e+00	0.000000000000000000e+00	0.000000000000000000e+00	0.000000000000000000e+00	0.000000000000000000e+00
0.000000000000000000e+00	0.000000000000000000e+00	0.000000000000000000e+00	0.000000000000000000e+00	0.000000000000000000e+00
0.000000000000000000e+00	0.000000000000000000e+00	0.000000000000000000e+00	0.000000000000000000e+00	0.000000000000000000e+00
0.000000000000000000e+00	0.000000000000000000e+00	0.000000000000000000e+00	0.000000000000000000e+00	0.000000000000000000e+00
0.000000000000000000e+00	0.000000000000000000e+00	0.000000000000000000e+00	0.000000000000000000e+00	0.000000000000000000e+00
0.000000000000000000e+00	0.000000000000000000e+00	0.000000000000000000e+00	0.000000000000000000e+00	0.000000000000000000e+00
0.000000000000000000e+00	0.000000000000000000e+00	0.000000000000000000e+00	0.000000000000000000e+00	0.000000000000000000e+00
0.000000000000000000e+00	0.000000000000000000e+00	0.000000000000000000e+00	0.000000000000000000e+00	0.000000000000000000e+00
0.000000000000000000e+00	0.000000000000000000e+00	0.000000000000000000e+00	0.000000000000000000e+00	0.000000000000000000e+00
0.000000000000000000e+00	0.000000000000000000e+00	0.000000000000000000e+00	0.000000000000000000e+00	0.000000000000000000e+00
0.000000000000000000e+00	0.000000000000000000e+00	0.000000000000000000e+00	0.000000000000000000e+00	0.000000000000000000e+00
0.000000000000000000e+00	0.000000000000000000e+00	0.000000000000000000e+00	0.000000000000000000e+00	0.000000000000000000e+00
0.000000000000000000e+00	0.000000000000000000e+00	0.000000000000000000e+00	0.000000000000000000e+00	0.000000000000000000e+00
0.000000000000000000e+00	0.000000000000000000e+00	0.000000000000000000e+00	0.000000000000000000e+00	0.000000000000000000e+00
0.000000000000000000e+00	0.000000000000000000e+00	0.000000000000000000e+00	0.000000000000000000e+00	0.000000000000000000e+00
0.000000000000000000e+00	0.000000000000000000e+00	0.000000000000000000e+00	0.000000000000000000e+00	0.000000000000000000e+00
0.000000000000000000e+00	0.000000000000000000e+00	0.000000000000000000e+00	0.000000000000000000e+00	0.000000000000000000e+00
0.000000000000000000e+00	0.000000000000000000e+00	0.000000000000000000e+00	0.000000000000000000e+00	0.000000000000000000e+00
0.000000000000000000e+00	0.000000000000000000e+00	0.000000000000000000e+00	0.000000000000000000e+00	0.000000000000000000e+00
0.000000000000000000e+00	0.000000000000000000e+00	0.000000000000000000e+00	0.000000000000000000e+00	0.000000000000000000e+00
0.000000000000000000e+00	0.000000000000000000e+00	0.000000000000000000e+00	0.000000000000000000e+00	0.000000000000000000e+00
0.000000000000000000e+00	0.000000000000000000e+00	0.000000000000000000e+00	0.000000000000000000e+00	0.000000000000000000e+00
0.000000000000000000e+00	0.000000000000000000e+00	0.000000000000000000e+00	0.000000000000000000e+00	0.000000000000000000e+00
0.000000000000000000e+00	0.000000000000000000e+00	0.000000000000000000e+00	0.000000000000000000e+00	0.000000000000000000e+00
0.000000000000000000e+00	0.000000000000000000e+00	0.000000000000000000e+00	0.000000000000000000e+00	0.000000000000000000e+00
0.000000000000000000e+00	0.000000000000000000e+00	0.000000000000000000e+00	0.000000000000000000e+00	0.000000000000000000e+00
0.000000000000000000e+00	0.000000000000000000e+00	0.000000000000000000e+00	0.000000000000000000e+00	0.000000000000000000e+00
0.000000000000000000e+00	0.000000000000000000e+00	0.000000000000000000e+00	0.000000000000000000e+00	0.000000000000000000e+00
0.000000000000000000e+00	0.000000000000000000e+00	0.000000000000000000e+00	0.000000000000000000e+00	0.000000000000000000e+00
0.000000000000000000e+00	0.000000000000000000e+00	0.000000000000000000e+00	0.000000000000000000e+00	0.000000000000000000e+00
0.000000000000000000e+00	0.000000000000000000e+00	0.000000000000000000e+00	0.000000000000000000e+00	0.000000000000000000e+00
0.000000000000000000e+00	0.000000000000000000e+00	0.000000000000000000e+00	0.000000000000000000e+00	0.000000000000000000e+00
0.000000000000000000e+00	0.000000000000000000e+00	0.000000000000000000e+00	0.000000000000000000e+00	0.000000000000000000e+00
0.000000000000000000e+00	0.000000000000000000e+00	0.000000000000000000e+00	0.000000000000000000e+00	0.000000000000000000e+00
0.000000000000000000e+00	0.000000000000000000e+00	0.000000000000000000e+00	0.000000000000000000e+00	0.000000000000000000e+00
0.000000000000000000e+00	0.000000000000000000e+00	0.000000000000000000e+00	0.000000000000000000e+00	0.000000000000000000e+00
0.000000000000000000e+00	0.000000000000000000e+00	0.000000000000000000e+00	0.000000000000000000e+00	0.000000000000000000e+00
0.000000000000000000e+00	0.000000000000000000e+00	0.000000000000000000e+00	0.000000000000000000e+00	0.000000000000000000e+00
0.000000000000000000e+00	0.000000000000000000e+00	0.000000000000000000e+00	0.000000000000000000e+00	0.000000000000000000e+00
0.000000000000000000e+00	0.000000000000000000e+00	0.000000000000000000e+00	0.000000000000000000e+00	0.000000000000000000e+00
0.000000000000000000e+00	0.000000000000000000e+00	0.000000000000000000e+00	0.000000000000000000e+00	0.000000000000000000e+00
0.000000000000000000e+00	0.000000000000000000e+00	0.000000000000000000e+00	0.000000000000000000e+00	0.000000000000000000e+00
0.000000000000000000e+00	0.000000000000000000e+00	0.000000000000000000e+00	0.000000000000000000e+00	0.000000000000000000e+00
0.000000000000000000e+00	0.000000000000000000e+00	0.000000000000000000e+00	0.000000000000000000e+00	0.000000000000000000e+00
0.000000000000000000e+00	0.000000000000000000e+00	0.000000000000000000e+00	0.000000000000000000e+00	0.000000000000000000e+00
0.000000000000000000e+00	0.000000000000000000e+00	0.000000000000000000e+00	0.000000000000000000e+00	0.000000000000000000e+00
0.000000000000000000e+00	0.000000000000000000e+00	0.000000000000000000e+00	0.000000000000000000e+00	0.000000000000000000e+00
0.000000000000000000e+00	0.000000000000000000e+00	0.000000000000000000e+00	0.000000000000000000e+00	0.000000000000000000e+00
0.000000000000000000e+00	0.000000000000000000e+00	0.000000000000000000e+00	0.000000000000000000e+00	0.000000000000000000e+00
0.000000000000000000e+00	0.000000000000000000e+00	0.000000000000000000e+00	0.000000000000000000e+00	0.000000000000000000e+00
0.000000000000000000e+00	0.000000000000000000e+00	0.000000000000000000e+00	0.000000000000000000e+00	0.000000000000000000e+00
0.000000000000000000e+00	0.000000000000000000e+00	0.000000000000000000e+00	0.000000000000000000e+00	0.000000000000000000e+00
0.000000000000000000e+00	0.000000000000000000e+00	0.000000000000000000e+00	0.000000000000000000e+00	0.000000000000000000e+00
0.000000000000000000e+00	0.000000000000000000e+00	0.000000000000000000e+00	0.000000000000000000e+00	0.000000000000000000e+00
0.000000000000000000e+00	0.000000000000000000e+00	0.000000000000000000e+00	0.000000000000000000e+00	0.000000000000000000e+00
0.000000000000000000e+00	0.000000000000000000e+00	0.000000000000000000e+00	0.000000000000000000e+00	0.000000000000000000e+00
0.000000000000000000e+00	0.000000000000000000e+00	0.000000000000000000e+00	0.000000000000000000e+00	0.000000000000000000e+00
0.000000000000000000e+00	0.000000000000000000e+00	0.000000000000000000e+00	0.000000000000000000e+00	0.000000000000000000e+00
0.000000000000000000e+00	0.000000000000000000e+00	0.000000000000000000e+00	0.000000000000000000e+00	0.000000000000000000e+00
0.000000000000000000e+00	0.000000000000000000e+00	0.000000000000000000e+00	0.000000000000000000e+00	0.000000000000000000e+00
0.000000000000000000e+00	0.000000000000000000e+00	0.000000000000000000e+00	0.000000000000000000e+00	0.000000000000000000e+00
0.000000000000000000e+00	0.000000000000000000e+00	0.000000000000000000e+00	0.000000000000000000e+00	0.000000000000000000e+00
0.000000000000000000e+00	0.000000000000000000e+00	0.000000000000000000e+00	0.000000000000000000e+00	0.000000000000000000e+00
0.000000000000000000e+00	0.000000000000000000e+00	0.000000000000000000e+00	0.000000000000000000e+00	0.000000000000000000e+00
0.000000000000000000e+00	0.000000000000000000e+00	0.000000000000000000e+00	0.000000000000000000e+00	0.000000000000000000e+00
0.000000000000000000e+00	0.000000000000000000e+00	0.000000000000000000e+00	0.000000000000000000e+00	0.000000000000000000e+00
0.000000000000000000e+00	0.000000000000000000e+00	0.000000000000000000e+00	0.000000000000000000e+00	0.000000000000000000e+00
0.000000000000000000e+00	0.000000000000000000e+00	0.000000000000000000e+00	0.000000000000000000e+00	0.000000000000000000e+00
0.000000000000000000e+00	0.000000000000000000e+00	0.000000000000000000e+00	0.000000000000000000e+00	0.000000000000000000e+00
0.000000000000000000e+00	0.000000000000000000e+00	0.000000000000000000e+00	0.000000000000000000e+00	0.000000000000000000e+00
0.000000000000000000e+00	0.000000000000000000e+00	0.000000000000000000e+00	0.000000000000000000e+00	0.000000000000000000e+00
0.000000000000000000e+00	0.000000000000000000e+00	0.000000000000000000e+00	0.000000000000000000e+00	0.000000000000000000e+00
0.000000000000000000e+00	0.000000000000000000e+00	0.000000000000000000e+00	0.000000000000000000e+00	0.000000000000000000e+00
0.000000000000000000e+00	0.000000000000000000e+00	0.000000000000000000e+00	0.000000000000000000e+00	0.000000000000000000e+00
0.000000000000000000e+00	0.000000000000000000e+00	0.000000000000000000e+00	0.000000000000000000e+00	0.000000000000000000e+00
0.000000000000000000e+00	0.000000000000000000e+00	0.000000000000000000e+00	0.000000000000000000e+00	0.000000000000000000e+00
0.000000000000000000e+00	0.000000000000000000e+00	0.000000000000000000e+00	0.000000000000000000e+00	0.000000000000000000e+00
0.000000000000000000e+00	0.000000000000000000e+00	0.000000000000000000e+00	0.000000000000000000e+00	0.000000000000000000e+00
0.000000000000000000e+00	0.000000000000000000e+00	0.000000000000000000e+00	0.000000000000000000e+00	0.000000000000000000e+00
0.000000000000000000e+00	0.000000000000000000e+00	0.000000000000000000e+00	0.000000000000000000e+00	0.000000000000000000e+00
0.000000000000000000e+00	0.000000000000000000e+00	0.000000000000000000e+00	0.000000000000000000e+00	0.000000000000000000e+00
0.000000000000000000e+00	0.000000000000000000e+00	0.000000000000000000e+00	0.000000000000000000e+00	0.000000000000000000e+00
0.000000000000000000e+00	0.000000000000000000e+00	0.000000000000000000e+00	0.000000000000000000e+00	0.000000000000000000e+00
0.000000000000000000e+00	0.000000000000000000e+00	0.000000000000000000e+00	0.000000000000000000e+00	0.000000000000000000e+00
0.000000000000000000e+00	0.000000000000000000e+00	0.000000000000000000e+00	0.000000000000000000e+00	0.000000000000000000e+00
0.000000000000000000e+00	0.000000000000000000e+00	0.000000000000000000e+00	0.000000000000000000e+00	0.000000000000000000e+00
0.000000000000000000e+00	0.000000000000000000e+00	0.000000000000000000e+00	0.000000000000000000e+00	0.000000000000000000e+00
0.000000000000000000e+00	0.000000000000000000e+00	0.000000000000000000e+00	0.000000000000000000e+00	0.000000000000000000e+00
0.000000000000000000e+00	0.000000000000000000e+00	0.000000000000000000e+00	0.000000000000000000e+00	0.000000000000000000e+00
0.000000000000000000e+00	0.000000000000000000e+00	0.000000000000000000e+00	0.000000000000000000e+00	0.000000000000000000e+00
0.000000000000000000e+00	0.000000000000000000e+00	0.000000000000000000e+00	0.000000000000000000e+00	0.000000000000000000e+00
0.000000000000000000e+00	0.000000000000000000e+00	0.000000000000000000e+00	0.000000000000000000e+00	0.000000000000000000e+00
0.000000000000000000e+00	0.000000000000000000e+00	0.000000000000000000e+00	0.000000000000000000e+00	0.000000000000000000e+00
0.000000000000000000e+00	0.000000000000000000e+00	0.000000000000000000e+00	0.000000000000000000e+00	0.000000000000000000e+00
0.000000000000000000e+00	0.000000000000000000e+00	0.000000000000000000e+00	0.000000000000000000e+00	0.000000000000000000e+00
0.000000000000000000e+00	0.000000000000000000e+00	0.000000000000000000e+00	0.000000000000000000e+00	0.000000000000000000e+00
0.000000000000000000e+00	0.000000000000000000e+00	0.000000000000000000e+00	0.000000000000000000e+00	0.000000000000000000e+00
0.000000000000000000e+00	0.000000000000000000e+00	0.000000000000000000e+00	0.000000000000000000e+00	0.000000000000000000e+00
0.000000000000000000e+00	0.000000000000000000e+00	0.000000000000000000e+00	0.000000000000000000e+00	0.000000000000000000e+00
0.000000000000000000e+00	0.000000000000000000e+00	0.000000000000000000e+00	0.000000000000000000e+00	0.000000000000000000e+00
0.000000000000000000e+00	0.000000000000000000e+00	0.000000000000000000e+00	0.000000000000000000e+00	0.000000000000000000e+00
0.000000000000000000e+00	0.000000000000000000e+00	0.000000000000000000e+00	0.000000000000000000e+00	0.000000000000000000e+00
0.000000000000000000e+00	0.000000000000000000e+00	0.000000000000000000e+00	0.000000000000000000e+00	0.000000000000000000e+00
0.000000000000000000e+00	0.000000000000000000e+00	0.000000000000000000e+00	0.000000000000000000e+00	0.000000000000000000e+00
0.000000000000000000e+00	0.000000000000000000e+00	0.000000000000000000e+00	0.000000000000000000e+00	0.000000000000000000e+00
0.000000000000000000e+00	0.000000000000000000e+00	0.000000000000000000e+00	0.000000000000000000e+00	0.000000000000000000e+00
0.000000000000000000e+00	0.000000000000000000e+00	0.000000000000000000e+00	0.000000000000000000e+00	0.000000000000000000e+00
0.000000000000000000e+00	0.000000000000000000e+00	0.000000000000000000e+00	0.000000000000000000e+00	0.000000000000000000e+00
0.000000000000000000e+00	0.000000000000000000e+00	0.000000000000000000e+00	0.000000000000000000e+00	0.000000000000000000e+00
0.000000000000000000e+00	0.000000000000000000e+00	0.000000000000000000e+00	0.000000000000000000e+00	0.000000000000000000e+00
0.000000000000000000e+00	0.000000000000000000e+00	0.000000000000000000e+00	0.000000000000000000e+00	0.000000000000000000e+00
0.000000000000000000e+00	0.000000000000000000e+00	0.000000000000000000e+00	0.000000000000000000e+00	0.000000000000000000e+00
0.000000000000000000e+00	0.000000000000000000e+00	0.000000000000000000e+00	0.000000000000000000e+00	0.000000000000000000e+00
0.000000000000000000e+00	0.000000000000000000e+00	0.000000000000000000e+00	0.000000000000000000e+00	0.000000000000000000e+00
0.000000000000000000e+00	0.000000000000000000e+00	0.000000000000000000e+00	0.000000000000000000e+00	0.000000000000000000e+00
0.000000000000000000e+00	0.000000000000000000e+00	0.000000000000000000e+00	0.000000000000000000e+00	0.000000000000000000e+00
0.000000000000000000e+00	0.000000000000000000e+00	0.000000000000000000e+00	0.000000000000000000e+00	0.000000000000000000e+00
0.000000000000000000e+00	0.000000000000000000e+00	0.000000000000000000e+00	0.000000000000000000e+00	0.000000000000000000e+00
0.000000000000000000e+00	0.000000000000000000e+00	0.000000000000000000e+00	0.000000000000000000e+00	0.000000000000000000e+00
0.000000000000000000e+00	0.000000000000000000e+00	0.000000000000000000e+00	0.000000000000000000e+00	0.000000000000000000e+00
0.000000000000000000e+00	0.000000000000000000e+00	0.000000000000000000e+00	0.000000000000000000e+00	0.000000000000000000e+00
0.000000000000000000e+00	0.000000000000000000e+00	0.000000000000000000e+00	0.000000000000000000e+00	0.000000000000000000e+00
0.000000000000000000e+00	0.000000000000000000e+00	0.000000000000000000e+00	0.000000000000000000e+00	0.000000000000000000e+00
0.000000000000000000e+00	0.000000000000000000e+00	0.000000000000000000e+00	0.000000000000000000e+00	0.000000000000000000e+00
0.000000000000000000e+00	0.000000000000000000e+00	0.000000000000000000e+00	0.000000000000000000e+00	0.000000000000000000e+00
0.000000000000000000e+00	0.000000000000000000e+00	0.000000000000000000e+00	0.000000000000000000e+00	0.000000000000000000e+00
0.000000000000000000e+00	0.000000000000000000e+00	0.000000000000000000e+00	0.000000000000000000e+00	0.000000000000000000e+00
0.000000000000000000e+00	0.000000000000000000e+00	0.000000000000000000e+00	0.000000000000000000e+00	0.000000000000000000e+00
0.000000000000000000e+00	0.000000000000000000e+00	0.000000000000000000e+00	0.000000000000000000e+00	0.000000000000000000e+00
0.000000000000000000e+00	0.000000000000000000e+00	0.000000000000000000e+00	0.000000000000000000e+00	0.000000000000000000e+00
0.000000000000000000e+00	0.000000000000000000e+00	0.000000000000000000e+00	0.000000000000000000e+00	0.000000000000000000e+00
0.000000000000000000e+00	0.000000000000000000e+00	0.000000000000000000e+00	0.000000000000000000e+00	0.000000000000000000e+00
0.000000000000000000e+00	0.000000000000000000e+00	0.000000000000000000e+00	0.000000000000000000e+00	0.000000000000000000e+00
0.000000000000000000e+00	0.000000000000000000e+00	0.000000000000000000e+00	0.000000000000000000e+00	0.000000000000000000e+00
0.000000000000000000e+00	0.000000000000000000e+00	0.000000000000000000e+00	0.000000000000000000e+00	0.000000000000000000e+00
0.000000000000000000e+00	0.000000000000000000e+00	0.000000000000000000e+00	0.000000000000000000e+00	0.000000000000000000e+00
0.000000000000000000e+00	0.000000000000000000e+00	0.000000000000000000e+00	0.000000000000000000e+00	0.000000000000000000e+00
0.000000000000000000e+00	0.000000000000000000e+00	0.000000000000000000e+00	0.000000000000000000e+00	0.000000000000000000e+00
0.000000000000000000e+00	0.000000000000000000e+00	0.000000000000000000e+00	0.000000000000000000e+00	0.000000000000000000e+00
0.000000000000000000e+00	0.000000000000000000e+00	0.000000000000000000e+00	0.000000000000000000e+00	0.000000000000000000e+00
0.000000000000000000e+00	0.000000000000000000e+00	0.000000000000000000e+00	0.000000000000000000e+00	0.000000000000000000e+00
0.000000000000000000e+00	0.000000000000000000e+00	0.000000000000000000e+00	0.000000000000000000e+00	0.000000000000000000e+00
0.000000000000000000e+00	0.000000000000000000e+00	0.000000000000000000e+00	0.000000000000000000e+00	0.000000000000000000e+00
0.000000000000000000e+00	0.000000000000000000e+00	0.000000000000000000e+00	0.000000000000000000e+00	0.000000000000000000e+00
0.000000000000000000e+00	0.000000000000000000e+00	0.000000000000000000e+00	0.000000000000000000e+00	0.000000000000000000e+00
0.000000000000000000e+00	0.000000000000000000e+00	0.000000000000000000e+00	0.000000000000000000e+00	0.000000000000000000e+00
0.000000000000000000e+00	0.000000000000000000e+00	0.000000000000000000e+00	0.000000000000000000e+00	0.000000000000000000e+00
0.000000000000000000e+00	0.000000000000000000e+00	0.000000000000000000e+00	0.000000000000000000e+00	0.000000000000000000e+00
0.000000000000000000e+00	0.000000000000000000e+00	0.000000000000000000e+00	0.000000000000000000e+00	0.000000000000000000e+00
0.000000000000000000e+00	0.000000000000000000e+00	0.000000000000000000e+00	0.000000000000000000e+00	0.000000000000000000e+00
0.000000000000000000e+00	0.000000000000000000e+00	0.000000000000000000e+00	0.000000000000000000e+00	0.000000000000000000e+00
0.000000000000000000e+00	0.000000000000000000e+00	0.000000000000000000e+00	0.000000000000000000e+00	0.000000000000000000e+00
0.000000000000000000e+00	0.000000000000000000e+00	0.000000000000000000e+00	0.000000000000000000e+00	0.000000000000000000e+00
0.000000000000000000e+00	0.000000000000000000e+00	0.000000000000000000e+00	0.000000000000000000e+00	0.000000000000000000e+00
0.000000000000000000e+00	0.000000000000000000e+00	0.000000000000000000e+00	0.000000000000000000e+00	0.000000000000000000e+00
0.000000000000000000e+00	0.000000000000000000e+00	0.000000000000000000e+00	0.000000000000000000e+00	0.000000000000000000e+00
0.000000000000000000e+00	0.000000000000000000e+00	0.000000000000000000e+00	0.000000000000000000e+00	0.000000000000000000e+00
0.000000000000000000e+00	0.000000000000000000e+00	0.000000000000000000e+00	0.000000000000000000e+00	0.000000000000000000e+00
0.000000000000000000e+00	0.000000000000000000e+00	0.000000000000000000e+00	0.000000000000000000e+00	0.000000000000000000e+00
0.000000000000000000e+00	0.000000000000000000e+00	0.000000000000000000e+00	0.000000000000000000e+00	0.000000000000000000e+00
0.000000000000000000e+00	0.000000000000000000e+00	0.000000000000000000e+00	0.000000000000000000e+00	0.000000000000000000e+00
0.000000000000000000e+00	0.000000000000000000e+00	0.000000000000000000e+00	0.000000000000000000e+00	0.000000000000000000e+00
0.000000000000000000e+00	0.000000000000000000e+00	0.000000000000000000e+00	0.000000000000000000e+00	0.000000000000000000e+00
0.000000000000000000e+00	0.000000000000000000e+00	0.000000000000000000e+00	0.000000000000000000e+00	0.000000000000000000e+00
0.000000000000000000e+00	0.000000000000000000e+00	0.000000000000000000e+00	0.000000000000000000e+00	0.000000000000000000e+00
0.000000000000000000e+00	0.000000000000000000e+00	0.000000000000000000e+00	0.000000000000000000e+00	0.000000000000000000e+00
0.000000000000000000e+00	0.000000000000000000e+00	0.000000000000000000e+00	0.000000000000000000e+00	0.000000000000000000e+00
0.000000000000000000e+00	0.000000000000000000e+00	0.000000000000000000e+00	0.000000000000000000e+00	0.000000000000000000e+00
0.000000000000000000e+00	0.000000000000000000e+00	0.000000000000000000e+00	0.000000000000000000e+00	0.000000000000000000e+00
0.000000000000000000e+00	0.000000000000000000e+00	0.000000000000000000e+00	0.000000000000000000e+00	0.000000000000000000e+00
0.000000000000000000e+00	0.000000000000000000e+00	0.000000000000000000e+00	0.000000000000000000e+00	0.000000000000000000e+00
0.000000000000000000e+00	0.000000000000000000e+00	0.000000000000000000e+00	0.000000000000000000e+00	0.000000000000000000e+00
0.000000000000000000e+00	0.000000000000000000e+00	0.000000000000000000e+00	0.000000000000000000e+00	0.000000000000000000e+00
0.000000000000000000e+00	0.000000000000000000e+00	0.000000000000000000e+00	0.000000000000000000e+00	0.000000000000000000e+00
0.000000000000000000e+00	0.000000000000000000e+00	0.000000000000000000e+00	0.000000000000000000e+00	0.000000000000000000e+00
0.000000000000000000e+00	0.000000000000000000e+00	0.000000000000000000e+00	0.000000000000000000e+00	0.000000000000000000e+00
0.000000000000000000e+00	0.000000000000000000e+00	0.000000000000000000e+00	0.000000000000000000e+00	0.000000000000000000e+00
0.000000000000000000e+00	0.000000000000000000e+00	0.000000000000000000e+00	0.000000000000000000e+00	0.000000000000000000e+00
0.000000000000000000e+00	0.000000000000000000e+00	0.000000000000000000e+00	0.000000000000000000e+00	0.000000000000000000e+00
0.000000000000000000e+00	0.000000000000000000e+00	0.000000000000000000e+00	0.000000000000000000e+00	0.000000000000000000e+00
0.000000000000000000e+00	0.000000000000000000e+00	0.000000000000000000e+00	0.000000000000000000e+00	0.000000000000000000e+00
0.000000000000000000e+00	0.000000000000000000e+00	0.000000000000000000e+00	0.000000000000000000e+00	0.000000000000000000e+00
0.000000000000000000e+00	0.000000000000000000e+00	0.000000000000000000e+00	0.000000000000000000e+00	0.000000000000000000e+00
0.000000000000000000e+00	0.000000000000000000e+00	0.000000000000000000e+00	0.000000000000000000e+00	0.000000000000000000e+00
0.000000000000000000e+00	0.000000000000000000e+00	0.000000000000000000e+00	0.000000000000000000e+00	0.000000000000000000e+00
0.000000000000000000e+00	0.000000000000000000e+00	0.000000000000000000e+00	0.000000000000000000e+00	0.000000000000000000e+00
0.000000000000000000e+00	0.000000000000000000e+00	0.000000000000000000e+00	0.000000000000000000e+00	0.000000000000000000e+00
0.000000000000000000e+00	0.000000000000000000e+00	0.000000000000000000e+00	0.000000000000000000e+00	0.000000000000000000e+00
0.000000000000000000e+00	0.000000000000000000e+00	0.000000000000000000e+00	0.000000000000000000e+00	0.000000000000000000e+00
0.000000000000000000e+00	0.000000000000000000e+00	0.000000000000000000e+00	0.000000000000000000e+00	0.000000000000000000e+00
0.000000000000000000e+00	0.000000000000000000e+00	0.000000000000000000e+00	0.000000000000000000e+00	0.000000000000000000e+00
0.000000000000000000e+00	0.000000000000000000e+00	0.000000000000000000e+00	0.000000000000000000e+00	0.000000000000000000e+00
0.000000000000000000e+00	0.000000000000000000e+00	0.000000000000000000e+00	0.000000000000000000e+00	0.000000000000000000e+00
0.000000000000000000e+00	0.000000000000000000e+00	0.000000000000000000e+00	0.000000000000000000e+00	0.000000000000000000e+00
0.000000000000000000e+00	0.000000000000000000e+00	0.000000000000000000e+00	0.000000000000000000e+00	0.000000000000000000e+00
0.000000000000000000e+00	0.000000000000000000e+00	0.000000000000000000e+00	0.000000000000000000e+00	0.000000000000000000e+00
0.000000000000000000e+00	0.000000000000000000e+00	0.000000000000000000e+00	0.000000000000000000e+00	0.000000000000000000e+00
0.000000000000000000e+00	0.000000000000000000e+00	0.000000000000000000e+00	0.000000000000000000e+00	0.000000000000000000e+00
0.000000000000000000e+00	0.000000000000000000e+00	0.000000000000000000e+00	0.000000000000000000e+00	0.000000000000000000e+00
0.000000000000000000e+00	0.000000000000000000e+00	0.000000000000000000e+00	0.000000000000000000e+00	0.000000000000000000e+00
0.000000000000000000e+00	0.000000000000000000e+00	0.000000000000000000e+00	0.000000000000000000e+00	0.000000000000000000e+00
0.000000000000000000e+00	0.000000000000000000e+00	0.000000000000000000e+00	0.000000000000000000e+00	0.000000000000000000e+00
0.000000000000000000e+00	0.000000000000000000e+00	0.000000000000000000e+00	0.000000000000000000e+00	0.000000000000000000e+00
0.000000000000000000e+00	0.000000000000000000e+00	0.000000000000000000e+00	0.000000000000000000e+00	0.000000000000000000e+00
0.000000000000000000e+00	0.000000000000000000e+00	0.000000000000000000e+00	0.000000000000000000e+00	0.000000000000000000e+00
0.000000000000000000e+00	0.000000000000000000e+00	0.000000000000000000e+00	0.000000000000000000e+00	0.000000000000000000e+00
0.000000000000000000e+00	0.000000000000000000e+00	0.000000000000000000e+00	0.000000000000000000e+00	0.000000000000000000e+00
0.000000000000000000e+00	0.000000000000000000e+00	0.000000000000000000e+00	0.000000000000000000e+00	0.000000000000000000e+00
0.000000000000000000e+00	0.000000000000000000e+00	0.000000000000000000e+00	0.000000000000000000e+00	0.000000000000000000e+00
0.000000000000000000e+00	0.000000000000000000e+00	0.000000000000000000e+00	0.000000000000000000e+00	0.000000000000000000e+00
0.000000000000000000e+00	0.000000000000000000e+00	0.000000000000000000e+00	0.000000000000000000e+00	0.000000000000000000e+00
0.000000000000000000e+00	0.000000000000000000e+00	0.000000000000000000e+00	0.000000000000000000e+00	0.000000000000000000e+00
0.000000000000000000e+00	0.000000000000000000e+00	0.000000000000000000e+00	0.000000000000000000e+00	0.000000000000000000e+00
0.000000000000000000e+00	0.000000000000000000e+00	0.000000000000000000e+00	0.000000000000000000e+00	0.000000000000000000e+00
0.000000000000000000e+00	0.000000000000000000e+00	0.000000000000000000e+00	0.000000000000000000e+00	0.000000000000000000e+00
0.000000000000000000e+00	0.000000000000000000e+00	0.000000000000000000e+00	0.000000000000000000e+00	0.000000000000000000e+00
0.000000000000000000e+00	0.000000000000000000e+00	0.000000000000000000e+00	0.000000000000000000e+00	0.000000000000000000e+00
0.000000000000000000e+00	0.000000000000000000e+00	0.000000000000000000e+00	0.000000000000000000e+00	0.000000000000000000e+00
0.000000000000000000e+00	0.000000000000000000e+00	0.000000000000000000e+00	0.000000000000000000e+00	0.000000000000000000e+00
0.000000000000000000e+00	0.000000000000000000e+00	0.000000000000000000e+00	0.000000000000000000e+00	0.000000000000000000e+00
0.000000000000000000e+00	0.000000000000000000e+00	0.000000000000000000e+00	0.000000000000000000e+00	0.000000000000000000e+00
0.000000000000000000e+00	0.000000000000000000e+00	0.000000000000000000e+00	0.000000000000000000e+00	0.000000000000000000e+00
0.000000000000000000e+00	0.000000000000000000e+00	0.000000000000000000e+00	0.000000000000000000e+00	0.000000000000000000e+00
0.000000000000000000e+00	0.000000000000000000e+00	0.000000000000000000e+00	0.000000000000000000e+00	0.000000000000000000e+00
0.000000000000000000e+00	0.000000000000000000e+00	0.000000000000000000e+00	0.000000000000000000e+00	0.000000000000000000e+00
0.000000000000000000e+00	0.000000000000000000e+00	0.000000000000000000e+00	0.000000000000000000e+00	0.000000000000000000e+00
0.000000000000000000e+00	0.000000000000000000e+00	0.000000000000000000e+00	0.000000000000000000e+00	0.000000000000000000e+00
0.000000000000000000e+00	0.000000000000000000e+00	0.000000000000000000e+00	0.000000000000000000e+00	0.000000000000000000e+00
0.000000000000000000e+00	0.000000000000000000e+00	0.000000000000000000e+00	0.000000000000000000e+00	0.000000000000000000e+00
0.000000000000000000e+00	0.000000000000000000e+00	0.000000000000000000e+00	0.000000000000000000e+00	0.000000000000000000e+00
0.000000000000000000e+00	0.000000000000000000e+00	0.000000000000000000e+00	0.000000000000000000e+00	0.000000000000000000e+00
0.000000000000000000e+00	0.000000000000000000e+00	0.000000000000000000e+00	0.000000000000000000e+00	0.000000000000000000e+00
0.000000000000000000e+00	0.000000000000000000e+00	0.000000000000000000e+00	0.000000000000000000e+00	0.000000000000000000e+00
0.000000000000000000e+00	0.000000000000000000e+00	0.000000000000000000e+00	0.000000000000000000e+00	0.000000000000000000e+00
0.000000000000000000e+00	0.000000000000000000e+00	0.000000000000000000e+00	0.000000000000000000e+00	0.000000000000000000e+00
0.000000000000000000e+00	0.000000000000000000e+00	0.000000000000000000e+00	0.000000000000000000e+00	0.000000000000000000e+00
0.000000000000000000e+00	0.000000000000000000e+00	0.000000000000000000e+00	0.000000000000000000e+00	0.000000000000000000e+00
0.000000000000000000e+00	0.000000000000000000e+00	0.000000000000000000e+00	0.000000000000000000e+00	0.000000000000000000e+00
0.000000000000000000e+00	0.000000000000000000e+00	0.000000000000000000e+00	0.000000000000000000e+00	0.000000000000000000e+00
0.000000000000000000e+00	0.000000000000000000e+00	0.000000000000000000e+00	0.000000000000000000e+00	0.000000000000000000e+00
0.000000000000000000e+00	0.000000000000000000e+00	0.000000000000000000e+00	0.000000000000000000e+00	0.000000000000000000e+00
0.000000000000000000e+00	0.000000000000000000e+00	0.000000000000000000e+00	0.000000000000000000e+00	0.000000000000000000e+00
0.000000000000000000e+00	0.000000000000000000e+00	0.000000000000000000e+00	0.000000000000000000e+00	0.000000000000000000e+00
0.000000000000000000e+00	0.000000000000000000e+00	0.000000000000000000e+00	0.000000000000000000e+00	0.000000000000000000e+00
0.000000000000000000e+00	0.000000000000000000e+00	0.000000000000000000e+00	0.000000000000000000e+00	0.000000000000000000e+00
0.000000000000000000e+00	0.000000000000000000e+00	0.000000000000000000e+00	0.000000000000000000e+00	0.000000000000000000e+00
0.000000000000000000e+00	0.000000000000000000e+00	0.000000000000000000e+00	0.000000000000000000e+00	0.000000000000000000e+00
0.000000000000000000e+00	0.000000000000000000e+00	0.000000000000000000e+00	0.000000000000000000e+00	0.000000000000000000e+00
0.000000000000000000e+00	0.000000000000000000e+00	0.000000000000000000e+00	0.000000000000000000e+00	0.000000000000000000e+00
0.000000000000000000e+00	0.000000000000000000e+00	0.000000000000000000e+00	0.000000000000000000e+00	0.000000000000000000e+00
0.000000000000000000e+00	0.000000000000000000e+00	0.000000000000000000e+00	0.000000000000000000e+00	0.000000000000000000e+00
0.000000000000000000e+00	0.000000000000000000e+00	0.000000000000000000e+00	0.000000000000000000e+00	0.000000000000000000e+00
0.000000000000000000e+00	0.000000000000000000e+00	0.000000000000000000e+00	0.000000000000000000e+00	0.000000000000000000e+00
0.000000000000000000e+00	0.000000000000000000e+00	0.000000000000000000e+00	0.000000000000000000e+00	0.000000000000000000e+00
0.000000000000000000e+00	0.000000000000000000e+00	0.000000000000000000e+00	0.000000000000000000e+00	0.000000000000000000e+00
0.000000000000000000e+00	0.000000000000000000e+00	0.000000000000000000e+00	0.000000000000000000e+00	0.000000000000000000e+00
0.000000000000000000e+00	0.000000000000000000e+00	0.000000000000000000e+00	0.000000000000000000e+00	0.000000000000000000e+00
0.000000000000000000e+00	0.000000000000000000e+00	0.000000000000000000e+00	0.000000000000000000e+00	0.000000000000000000e+00
0.000000000000000000e+00	0.000000000000000000e+00	0.000000000000000000e+00	0.000000000000000000e+00	0.000000000000000000e+00
0.000000000000000000e+00	0.000000000000000000e+00	0.000000000000000000e+00	0.000000000000000000e+00	0.000000000000000000e+00
0.000000000000000000e+00	0.000000000000000000e+00	0.000000000000000000e+00	0.000000000000000000e+00	0.000000000000000000e+00
0.000000000000000000e+00	0.000000000000000000e+00	0.000000000000000000e+00	0.000000000000000000e+00	0.000000000000000000e+00
0.000000000000000000e+00	0.000000000000000000e+00	0.000000000000000000e+00	0.000000000000000000e+00	0.000000000000000000e+00
0.000000000000000000e+00	0.000000000000000000e+00	0.000000000000000000e+00	0.000000000000000000e+00	0.000000000000000000e+00
0.000000000000000000e+00	0.000000000000000000e+00	0.000000000000000000e+00	0.000000000000000000e+00	0.000000000000000000e+00
0.000000000000000000e+00	0.000000000000000000e+00	0.000000000000000000e+00	0.000000000000000000e+00	0.000000000000000000e+00
0.000000000000000000e+00	0.000000000000000000e+00	0.000000000000000000e+00	0.000000000000000000e+00	0.000000000000000000e+00
0.000000000000000000e+00	0.000000000000000000e+00	0.000000000000000000e+00	0.000000000000000000e+00	0.000000000000000000e+00
0.000000000000000000e+00	0.000000000000000000e+00	0.000000000000000000e+00	0.000000000000000000e+00	0.000000000000000000e+00
0.000000000000000000e+00	0.000000000000000000e+00	0.000000000000000000e+00	0.000000000000000000e+00	0.000000000000000000e+00
0.000000000000000000e+00	0.000000000000000000e+00	0.000000000000000000e+00	0.000000000000000000e+00	0.000000000000000000e+00
0.000000000000000000e+00	0.000000000000000000e+00	0.000000000000000000e+00	0.000000000000000000e+00	0.000000000000000000e+00
0.000000000000000000e+00	0.000000000000000000e+00	0.000000000000000000e+00	0.000000000000000000e+00	0.000000000000000000e+00
0.000000000000000000e+00	0.000000000000000000e+00	0.000000000000000000e+00	0.000000000000000000e+00	0.000000000000000000e+00
0.000000000000000000e+00	0.000000000000000000e+00	0.000000000000000000e+00	0.000000000000000000e+00	0.000000000000000000e+00
0.000000000000000000e+00	0.000000000000000000e+00	0.000000000000000000e+00	0.000000000000000000e+00	0.000000000000000000e+00
0.000000000000000000e+00	0.000000000000000000e+00	0.000000000000000000e+00	0.000000000000000000e+00	0.000000000000000000e+00
0.000000000000000000e+00	0.000000000000000000e+00	0.000000000000000000e+00	0.000000000000000000e+00	0.000000000000000000e+00
0.000000000000000000e+00	0.000000000000000000e+00	0.000000000000000000e+00	0.000000000000000000e+00	0.000000000000000000e+00
0.000000000000000000e+00	0.000000000000000000e+00	0.000000000000000000e+00	0.000000000000000000e+00	0.000000000000000000e+00
0.000000000000000000e+00	0.000000000000000000e+00	0.000000000000000000e+00	0.000000000000000000e+00	0.000000000000000000e+00
0.000000000000000000e+00	0.000000000000000000e+00	0.000000000000000000e+00	0.000000000000000000e+00	0.000000000000000000e+00
0.000000000000000000e+00	0.000000000000000000e+00	0.000000000000000000e+00	0.000000000000000000e+00	0.000000000000000000e+00
0.000000000000000000e+00	0.000000000000000000e+00	0.000000000000000000e+00	0.000000000000000000e+00	0.000000000000000000e+00
0.000000000000000000e+00	0.000000000000000000e+00	0.000000000000000000e+00	0.000000000000000000e+00	0.000000000000000000e+00
0.000000000000000000e+00	0.000000000000000000e+00	0.000000000000000000e+00	0.000000000000000000e+00	0.000000000000000000e+00
0.000000000000000000e+00	0.000000000000000000e+00	0.000000000000000000e+00	0.000000000000000000e+00	0.000000000000000000e+00
0.000000000000000000e+00	0.000000000000000000e+00	0.000000000000000000e+00	0.000000000000000000e+00	0.000000000000000000e+00
0.000000000000000000e+00	0.000000000000000000e+00	0.000000000000000000e+00	0.000000000000000000e+00	0.000000000000000000e+00
0.000000000000000000e+00	0.000000000000000000e+00	0.000000000000000000e+00	0.000000000000000000e+00	0.000000000000000000e+00
0.000000000000000000e+00	0.000000000000000000e+00	0.000000000000000000e+00	0.000000000000000000e+00	0.000000000000000000e+00
0.000000000000000000e+00	0.000000000000000000e+00	0.000000000000000000e+00	0.000000000000000000e+00	0.000000000000000000e+00
0.000000000000000000e+00	0.000000000000000000e+00	0.000000000000000000e+00	0.000000000000000000e+00	0.000000000000000000e+00
0.000000000000000000e+00	0.000000000000000000e+00	0.000000000000000000e+00	0.000000000000000000e+00	0.000000000000000000e+00
0.000000000000000000e+00	0.000000000000000000e+00	0.000000000000000000e+00	0.000000000000000000e+00	0.000000000000000000e+00
0.000000000000000000e+00	0.000000000000000000e+00	0.000000000000000000e+00	0.000000000000000000e+00	0.000000000000000000e+00
0.000000000000000000e+00	0.000000000000000000e+00	0.000000000000000000e+00	0.000000000000000000e+00	0.000000000000000000e+00
0.000000000000000000e+00	0.000000000000000000e+00	0.000000000000000000e+00	0.000000000000000000e+00	0.000000000000000000e+00
0.000000000000000000e+00	0.000000000000000000e+00	0.000000000000000000e+00	0.000000000000000000e+00	0.000000000000000000e+00
0.000000000000000000e+00	0.000000000000000000e+00	0.000000000000000000e+00	0.000000000000000000e+00	0.000000000000000000e+00
0.000000000000000000e+00	0.000000000000000000e+00	0.000000000000000000e+00	0.000000000000000000e+00	0.000000000000000000e+00
0.000000000000000000e+00	0.000000000000000000e+00	0.000000000000000000e+00	0.000000000000000000e+00	0.000000000000000000e+00
0.000000000000000000e+00	0.000000000000000000e+00	0.000000000000000000e+00	0.000000000000000000e+00	0.000000000000000000e+00
0.000000000000000000e+00	0.000000000000000000e+00	0.000000000000000000e+00	0.000000000000000000e+00	0.000000000000000000e+00
0.000000000000000000e+00	0.000000000000000000e+00	0.000000000000000000e+00	0.000000000000000000e+00	0.000000000000000000e+00
0.000000000000000000e+00	0.000000000000000000e+00	0.000000000000000000e+00	0.000000000000000000e+00	0.000000000000000000e+00
0.000000000000000000e+00	0.000000000000000000e+00	0.000000000000000000e+00	0.000000000000000000e+00	0.000000000000000000e+00
0.000000000000000000e+00	0.000000000000000000e+00	0.000000000000000000e+00	0.000000000000000000e+00	0.000000000000000000e+00
0.000000000000000000e+00	0.000000000000000000e+00	0.000000000000000000e+00	0.000000000000000000e+00	0.000000000000000000e+00
0.000000000000000000e+00	0.000000000000000000e+00	0.000000000000000000e+00	0.000000000000000000e+00	0.000000000000000000e+00
0.000000000000000000e+00	0.000000000000000000e+00	0.000000000000000000e+00	0.000000000000000000e+00	0.000000000000000000e+00
0.000000000000000000e+00	0.000000000000000000e+00	0.000000000000000000e+00	0.000000000000000000e+00	0.000000000000000000e+00
0.000000000000000000e+00	0.000000000000000000e+00	0.000000000000000000e+00	0.000000000000000000e+00	0.000000000000000000e+00
0.000000000000000000e+00	0.000000000000000000e+00	0.000000000000000000e+00	0.000000000000000000e+00	0.000000000000000000e+00
0.000000000000000000e+00	0.000000000000000000e+00	0.000000000000000000e+00	0.000000000000000000e+00	0.000000000000000000e+00
0.000000000000000000e+00	0.000000000000000000e+00	0.000000000000000000e+00	0.000000000000000000e+00	0.000000000000000000e+00
0.000000000000000000e+00	0.000000000000000000e+00	0.000000000000000000e+00	0.000000000000000000e+00	0.000000000000000000e+00
0.000000000000000000e+00	0.000000000000000000e+00	0.000000000000000000e+00	0.000000000000000000e+00	0.000000000000000000e+00
0.000000000000000000e+00	0.000000000000000000e+00	0.000000000000000000e+00	0.000000000000000000e+00	0.000000000000000000e+00
0.000000000000000000e+00	0.000000000000000000e+00	0.000000000000000000e+00	0.000000000000000000e+00	0.000000000000000000e+00
0.000000000000000000e+00	0.000000000000000000e+00	0.000000000000000000e+00	0.000000000000000000e+00	0.000000000000000000e+00
0.000000000000000000e+00	0.000000000000000000e+00	0.000000000000000000e+00	0.000000000000000000e+00	0.000000000000000000e+00
0.000000000000000000e+00	0.000000000000000000e+00	0.000000000000000000e+00	0.000000000000000000e+00	0.000000000000000000e+00
0.000000000000000000e+00	0.000000000000000000e+00	0.000000000000000000e+00	0.000000000000000000e+00	0.000000000000000000e+00
0.000000000000000000e+00	0.000000000000000000e+00	0.000000000000000000e+00	0.000000000000000000e+00	0.000000000000000000e+00
0.000000000000000000e+00	0.000000000000000000e+00	0.000000000000000000e+00	0.000000000000000000e+00	0.000000000000000000e+00
0.000000000000000000e+00	0.000000000000000000e+00	0.000000000000000000e+00	0.000000000000000000e+00	0.000000000000000000e+00
0.000000000000000000e+00	0.000000000000000000e+00	0.000000000000000000e+00	0.000000000000000000e+00	0.000000000000000000e+00
0.000000000000000000e+00	0.000000000000000000e+00	0.000000000000000000e+00	0.000000000000000000e+00	0.000000000000000000e+00
-3.000841999999999825e+04	0.000000000000000000e+00	0.000000000000000000e+00	2.655110324411755901e-02	0.000000000000000000e+00
-3.000840999999999985e+04	0.000000000000000000e+00	0.000000000000000000e+00	2.044740134891812056e-02	0.000000000000000000e+00
-3.000840000000000146e+04	0.000000000000000000e+00	0.000000000000000000e+00	2.258369701223792228e-02	0.000000000000000000e+00
-3.000838999999999942e+04	0.000000000000000000e+00	0.000000000000000000e+00	1.312295907467879268e-02	0.000000000000000000e+00
-3.000838000000000102e+04	0.000000000000000000e+00	0.000000000000000000e+00	1.098666341135898922e-02	0.000000000000000000e+00
-3.000836999999999898e+04	0.000000000000000000e+00	0.000000000000000000e+00	2.044740134891812056e-02	0.000000000000000000e+00
-3.000836000000000058e+04	0.000000000000000000e+00	0.000000000000000000e+00	1.464888454847865229e-02	0.000000000000000000e+00
-3.000836000000000058e+04	0.000000000000000000e+00	0.000000000000000000e+00	2.349925229651783978e-02	0.000000000000000000e+00
-3.000834999999999854e+04	0.000000000000000000e+00	0.000000000000000000e+00	1.403851435895870844e-02	0.000000000000000000e+00
-3.000834000000000015e+04	0.000000000000000000e+00	0.000000000000000000e+00	1.770073549607837152e-02	0.000000000000000000e+00
-3.000834000000000015e+04	0.000000000000000000e+00	0.000000000000000000e+00	1.342814416943876460e-02	0.000000000000000000e+00
-3.000833000000000175e+04	0.000000000000000000e+00	0.000000000000000000e+00	1.525925473799859614e-02	0.000000000000000000e+00
-3.000833000000000175e+04	0.000000000000000000e+00	0.000000000000000000e+00	1.922666096987823287e-02	0.000000000000000000e+00
-3.000831999999999971e+04	0.000000000000000000e+00	0.000000000000000000e+00	1.556443983275856806e-02	0.000000000000000000e+00
-3.000831000000000131e+04	0.000000000000000000e+00	0.000000000000000000e+00	2.624591814935758535e-02	0.000000000000000000e+00
-3.000829000000000087e+04	0.000000000000000000e+00	0.000000000000000000e+00	1.586962492751853998e-02	0.000000000000000000e+00
-3.000829000000000087e+04	0.000000000000000000e+00	0.000000000000000000e+00	1.586962492751853998e-02	0.000000000000000000e+00
-3.000827999999999884e+04	0.000000000000000000e+00	0.000000000000000000e+00	1.983703115939817671e-02	0.000000000000000000e+00
-3.000827000000000044e+04	0.000000000000000000e+00	0.000000000000000000e+00	1.220740379039887691e-02	0.000000000000000000e+00
-3.000825999999999840e+04	0.000000000000000000e+00	0.000000000000000000e+00	2.136295663319803459e-02	0.000000000000000000e+00
-3.000825000000000000e+04	0.000000000000000000e+00	0.000000000000000000e+00	2.746665852839747304e-02	0.000000000000000000e+00
-3.000824000000000160e+04	0.000000000000000000e+00	0.000000000000000000e+00	1.251258888515884883e-02	0.000000000000000000e+00
-3.000822999999999956e+04	0.000000000000000000e+00	0.000000000000000000e+00	1.129184850611896114e-02	0.000000000000000000e+00
-3.000822000000000116e+04	0.000000000000000000e+00	0.000000000000000000e+00	1.586962492751853998e-02	0.000000000000000000e+00
-3.000820000000000073e+04	0.000000000000000000e+00	0.000000000000000000e+00	1.281777397991882075e-02	0.000000000000000000e+00
-3.000818999999999869e+04	0.000000000000000000e+00	0.000000000000000000e+00	2.258369701223792228e-02	0.000000000000000000e+00
-3.000818000000000029e+04	0.000000000000000000e+00	0.000000000000000000e+00	2.044740134891812056e-02	0.000000000000000000e+00
-3.000816999999999825e+04	0.000000000000000000e+00	0.000000000000000000e+00	2.288888210699789594e-02	0.000000000000000000e+00
-3.000816999999999825e+04	0.000000000000000000e+00	0.000000000000000000e+00	1.556443983275856806e-02	0.000000000000000000e+00
-3.000815999999999985e+04	0.000000000000000000e+00	0.000000000000000000e+00	1.678518021179845748e-02	0.000000000000000000e+00
-3.000815999999999985e+04	0.000000000000000000e+00	0.000000000000000000e+00	2.380443739127780997e-02	0.000000000000000000e+00
-3.000815000000000146e+04	0.000000000000000000e+00	0.000000000000000000e+00	1.678518021179845748e-02	0.000000000000000000e+00
-3.000815000000000146e+04	0.000000000000000000e+00	0.000000000000000000e+00	2.258369701223792228e-02	0.000000000000000000e+00
-3.000813999999999942e+04	0.000000000000000000e+00	0.000000000000000000e+00	1.220740379039887691e-02	0.000000000000000000e+00
-3.000813999999999942e+04	0.000000000000000000e+00	0.000000000000000000e+00	1.922666096987823287e-02	0.000000000000000000e+00
-3.000813000000000102e+04	0.000000000000000000e+00	0.000000000000000000e+00	2.838221381267739055e-02	0.000000000000000000e+00
-3.000811999999999898e+04	0.000000000000000000e+00	0.000000000000000000e+00	2.044740134891812056e-02	0.000000000000000000e+00
-3.000811000000000058e+04	0.000000000000000000e+00	0.000000000000000000e+00	1.892147587511825921e-02	0.000000000000000000e+00
-3.000811000000000058e+04	0.000000000000000000e+00	0.000000000000000000e+00	2.441480758079775382e-02	0.000000000000000000e+00
-3.000809999999999854e+04	0.000000000000000000e+00	0.000000000000000000e+00	1.831110568559831536e-02	0.000000000000000000e+00
-3.000809000000000015e+04	0.000000000000000000e+00	0.000000000000000000e+00	1.586962492751853998e-02	0.000000000000000000e+00
-3.000808000000000175e+04	0.000000000000000000e+00	0.000000000000000000e+00	1.831110568559831536e-02	0.000000000000000000e+00
-3.000808000000000175e+04	0.000000000000000000e+00	0.000000000000000000e+00	1.770073549607837152e-02	0.000000000000000000e+00
-3.000806000000000131e+04	0.000000000000000000e+00	0.000000000000000000e+00	1.800592059083834517e-02	0.000000000000000000e+00
-3.000806000000000131e+04	0.000000000000000000e+00	0.000000000000000000e+00	2.166814172795800825e-02	0.000000000000000000e+00
-3.000804999999999927e+04	0.000000000000000000e+00	0.000000000000000000e+00	1.220740379039887691e-02	0.000000000000000000e+00
-3.000804000000000087e+04	0.000000000000000000e+00	0.000000000000000000e+00	2.014221625415814690e-02	0.000000000000000000e+00
-3.000802999999999884e+04	0.000000000000000000e+00	0.000000000000000000e+00	2.349925229651783978e-02	0.000000000000000000e+00
-3.000802000000000044e+04	0.000000000000000000e+00	0.000000000000000000e+00	1.678518021179845748e-02	0.000000000000000000e+00
-3.000802000000000044e+04	0.000000000000000000e+00	0.000000000000000000e+00	1.739555040131840133e-02	0.000000000000000000e+00
-3.000800999999999840e+04	0.000000000000000000e+00	0.000000000000000000e+00	1.342814416943876460e-02	0.000000000000000000e+00
-3.000800000000000000e+04	0.000000000000000000e+00	0.000000000000000000e+00	1.831110568559831536e-02	0.000000000000000000e+00
-3.000799000000000160e+04	0.000000000000000000e+00	0.000000000000000000e+00	-2.136295663319803459e-03	0.000000000000000000e+00
-3.000799000000000160e+04	0.000000000000000000e+00	0.000000000000000000e+00	1.281777397991882075e-02	0.000000000000000000e+00
-3.000797999999999956e+04	0.000000000000000000e+00	0.000000000000000000e+00	1.525925473799859614e-02	0.000000000000000000e+00
-3.000797999999999956e+04	0.000000000000000000e+00	0.000000000000000000e+00	1.068147831659901729e-02	0.000000000000000000e+00
-3.000797000000000116e+04	0.000000000000000000e+00	0.000000000000000000e+00	2.471999267555772747e-02	0.000000000000000000e+00
-3.000795999999999913e+04	0.000000000000000000e+00	0.000000000000000000e+00	2.410962248603778363e-02	0.000000000000000000e+00
-3.000795999999999913e+04	0.000000000000000000e+00	0.000000000000000000e+00	2.014221625415814690e-02	0.000000000000000000e+00
-3.000795000000000073e+04	0.000000000000000000e+00	0.000000000000000000e+00	2.136295663319803459e-02	0.000000000000000000e+00
-3.000795000000000073e+04	0.000000000000000000e+00	0.000000000000000000e+00	2.685628833887752920e-02	0.000000000000000000e+00
-3.000793999999999869e+04	0.000000000000000000e+00	0.000000000000000000e+00	2.594073305459761516e-02	0.000000000000000000e+00
-3.000791999999999825e+04	0.000000000000000000e+00	0.000000000000000000e+00	2.105777153843806440e-02	0.000000000000000000e+00
-3.000791999999999825e+04	0.000000000000000000e+00	0.000000000000000000e+00	1.953184606463820305e-02	0.000000000000000000e+00
-3.000790999999999985e+04	0.000000000000000000e+00	0.000000000000000000e+00	1.556443983275856806e-02	0.000000000000000000e+00
-3.000790000000000146e+04	0.000000000000000000e+00	0.000000000000000000e+00	1.831110568559831536e-02	0.000000000000000000e+00
-3.000788000000000102e+04	0.000000000000000000e+00	0.000000000000000000e+00	1.495406964323862421e-02	0.000000000000000000e+00
-3.000786999999999898e+04	0.000000000000000000e+00	0.000000000000000000e+00	2.288888210699789594e-02	0.000000000000000000e+00
-3.000786000000000058e+04	0.000000000000000000e+00	0.000000000000000000e+00	1.312295907467879268e-02	0.000000000000000000e+00
-3.000784999999999854e+04	0.000000000000000000e+00	0.000000000000000000e+00	1.281777397991882075e-02	0.000000000000000000e+00
-3.000784000000000015e+04	0.000000000000000000e+00	0.000000000000000000e+00	2.502517777031769766e-02	0.000000000000000000e+00
-3.000784000000000015e+04	0.000000000000000000e+00	0.000000000000000000e+00	1.892147587511825921e-02	0.000000000000000000e+00
-3.000783000000000175e+04	0.000000000000000000e+00	0.000000000000000000e+00	1.800592059083834517e-02	0.000000000000000000e+00
-3.000781999999999971e+04	0.000000000000000000e+00	0.000000000000000000e+00	1.434369945371868037e-02	0.000000000000000000e+00
-3.000781000000000131e+04	0.000000000000000000e+00	0.000000000000000000e+00	1.342814416943876460e-02	0.000000000000000000e+00
-3.000779999999999927e+04	0.000000000000000000e+00	0.000000000000000000e+00	2.624591814935758535e-02	0.000000000000000000e+00
-3.000779999999999927e+04	0.000000000000000000e+00	0.000000000000000000e+00	2.197332682271797843e-02	0.000000000000000000e+00
-3.000779000000000087e+04	0.000000000000000000e+00	0.000000000000000000e+00	1.281777397991882075e-02	0.000000000000000000e+00
-3.000777999999999884e+04	0.000000000000000000e+00	0.000000000000000000e+00	1.281777397991882075e-02	0.000000000000000000e+00
-3.000777000000000044e+04	0.000000000000000000e+00	0.000000000000000000e+00	1.342814416943876460e-02	0.000000000000000000e+00
-3.000775999999999840e+04	0.000000000000000000e+00	0.000000000000000000e+00	1.312295907467879268e-02	0.000000000000000000e+00
-3.000775999999999840e+04	0.000000000000000000e+00	0.000000000000000000e+00	1.342814416943876460e-02	0.000000000000000000e+00
-3.000775000000000000e+04	0.000000000000000000e+00	0.000000000000000000e+00	2.410962248603778363e-02	0.000000000000000000e+00
-3.000775000000000000e+04	0.000000000000000000e+00	0.000000000000000000e+00	1.220740379039887691e-02	0.000000000000000000e+00
-3.000772999999999956e+04	0.000000000000000000e+00	0.000000000000000000e+00	2.899258400219733439e-02	0.000000000000000000e+00
-3.000772999999999956e+04	0.000000000000000000e+00	0.000000000000000000e+00	2.471999267555772747e-02	0.000000000000000000e+00
-3.000772000000000116e+04	0.000000000000000000e+00	0.000000000000000000e+00	1.556443983275856806e-02	0.000000000000000000e+00
-3.000770000000000073e+04	0.000000000000000000e+00	0.000000000000000000e+00	1.068147831659901729e-02	0.000000000000000000e+00
-3.000768999999999869e+04	0.000000000000000000e+00	0.000000000000000000e+00	1.709036530655842767e-02	0.000000000000000000e+00
-3.000768000000000029e+04	0.000000000000000000e+00	0.000000000000000000e+00	1.739555040131840133e-02	0.000000000000000000e+00
-3.000766999999999825e+04	0.000000000000000000e+00	0.000000000000000000e+00	1.403851435895870844e-02	0.000000000000000000e+00
-3.000765999999999985e+04	0.000000000000000000e+00	0.000000000000000000e+00	1.831110568559831536e-02	0.000000000000000000e+00
-3.000765000000000146e+04	0.000000000000000000e+00	0.000000000000000000e+00	1.892147587511825921e-02	0.000000000000000000e+00
-3.000763999999999942e+04	0.000000000000000000e+00	0.000000000000000000e+00	1.922666096987823287e-02	0.000000000000000000e+00
-3.000763000000000102e+04	0.000000000000000000e+00	0.000000000000000000e+00	1.647999511703848383e-02	0.000000000000000000e+00
-3.000761999999999898e+04	0.000000000000000000e+00	0.000000000000000000e+00	2.136295663319803459e-02	0.000000000000000000e+00
-3.000759999999999854e+04	0.000000000000000000e+00	0.000000000000000000e+00	1.678518021179845748e-02	0.000000000000000000e+00
-3.000759000000000015e+04	0.000000000000000000e+00	0.000000000000000000e+00	2.380443739127780997e-02	0.000000000000000000e+00
-3.000758000000000175e+04	0.000000000000000000e+00	0.000000000000000000e+00	1.739555040131840133e-02	0.000000000000000000e+00
-3.000758000000000175e+04	0.000000000000000000e+00	0.000000000000000000e+00	2.288888210699789594e-02	0.000000000000000000e+00
-3.000756999999999971e+04	0.000000000000000000e+00	0.000000000000000000e+00	1.403851435895870844e-02	0.000000000000000000e+00
-3.000756000000000131e+04	0.000000000000000000e+00	0.000000000000000000e+00	2.471999267555772747e-02	0.000000000000000000e+00
-3.000754999999999927e+04	0.000000000000000000e+00	0.000000000000000000e+00	2.349925229651783978e-02	0.000000000000000000e+00
-3.000754000000000087e+04	0.000000000000000000e+00	0.000000000000000000e+00	1.800592059083834517e-02	0.000000000000000000e+00
-3.000754000000000087e+04	0.000000000000000000e+00	0.000000000000000000e+00	4.150517288735618149e-02	0.000000000000000000e+00
-3.000752999999999884e+04	0.000000000000000000e+00	0.000000000000000000e+00	2.990813928647724843e-02	0.000000000000000000e+00
-3.000750999999999840e+04	0.000000000000000000e+00	0.000000000000000000e+00	1.342814416943876460e-02	0.000000000000000000e+00
-3.000750000000000000e+04	0.000000000000000000e+00	0.000000000000000000e+00	1.831110568559831536e-02	0.000000000000000000e+00
-3.000749000000000160e+04	0.000000000000000000e+00	0.000000000000000000e+00	1.342814416943876460e-02	0.000000000000000000e+00
-3.000747000000000116e+04	0.000000000000000000e+00	0.000000000000000000e+00	1.586962492751853998e-02	0.000000000000000000e+00
-3.000747000000000116e+04	0.000000000000000000e+00	0.000000000000000000e+00	1.647999511703848383e-02	0.000000000000000000e+00
-3.000745999999999913e+04	0.000000000000000000e+00	0.000000000000000000e+00	2.594073305459761516e-02	0.000000000000000000e+00
-3.000745000000000073e+04	0.000000000000000000e+00	0.000000000000000000e+00	2.136295663319803459e-02	0.000000000000000000e+00
-3.000743999999999869e+04	0.000000000000000000e+00	0.000000000000000000e+00	1.556443983275856806e-02	0.000000000000000000e+00
-3.000743000000000029e+04	0.000000000000000000e+00	0.000000000000000000e+00	1.434369945371868037e-02	0.000000000000000000e+00
-3.000741999999999825e+04	0.000000000000000000e+00	0.000000000000000000e+00	1.312295907467879268e-02	0.000000000000000000e+00
-3.000740999999999985e+04	0.000000000000000000e+00	0.000000000000000000e+00	1.800592059083834517e-02	0.000000000000000000e+00
-3.000740000000000146e+04	0.000000000000000000e+00	0.000000000000000000e+00	1.800592059083834517e-02	0.000000000000000000e+00
-3.000738999999999942e+04	0.000000000000000000e+00	0.000000000000000000e+00	2.044740134891812056e-02	0.000000000000000000e+00
-3.000738000000000102e+04	0.000000000000000000e+00	0.000000000000000000e+00	2.014221625415814690e-02	0.000000000000000000e+00
-3.000736999999999898e+04	0.000000000000000000e+00	0.000000000000000000e+00	1.800592059083834517e-02	0.000000000000000000e+00
-3.000736999999999898e+04	0.000000000000000000e+00	0.000000000000000000e+00	1.831110568559831536e-02	0.000000000000000000e+00
-3.000736000000000058e+04	0.000000000000000000e+00	0.000000000000000000e+00	7.324442274239326145e-03	0.000000000000000000e+00
-3.000734000000000015e+04	0.000000000000000000e+00	0.000000000000000000e+00	1.220740379039887691e-02	0.000000000000000000e+00
-3.000731999999999971e+04	0.000000000000000000e+00	0.000000000000000000e+00	2.410962248603778363e-02	0.000000000000000000e+00
-3.000731999999999971e+04	0.000000000000000000e+00	0.000000000000000000e+00	1.647999511703848383e-02	0.000000000000000000e+00
-3.000731000000000131e+04	0.000000000000000000e+00	0.000000000000000000e+00	1.495406964323862421e-02	0.000000000000000000e+00
-3.000729000000000087e+04	0.000000000000000000e+00	0.000000000000000000e+00	2.197332682271797843e-02	0.000000000000000000e+00
-3.000727000000000044e+04	0.000000000000000000e+00	0.000000000000000000e+00	2.349925229651783978e-02	0.000000000000000000e+00
-3.000725000000000000e+04	0.000000000000000000e+00	0.000000000000000000e+00	2.288888210699789594e-02	0.000000000000000000e+00
-3.000724000000000160e+04	0.000000000000000000e+00	0.000000000000000000e+00	1.739555040131840133e-02	0.000000000000000000e+00
-3.000722999999999956e+04	0.000000000000000000e+00	0.000000000000000000e+00	1.800592059083834517e-02	0.000000000000000000e+00
-3.000722000000000116e+04	0.000000000000000000e+00	0.000000000000000000e+00	1.190221869563890499e-02	0.000000000000000000e+00
-3.000720999999999913e+04	0.000000000000000000e+00	0.000000000000000000e+00	1.312295907467879268e-02	0.000000000000000000e+00
-3.000720000000000073e+04	0.000000000000000000e+00	0.000000000000000000e+00	1.831110568559831536e-02	0.000000000000000000e+00
-3.000718000000000029e+04	0.000000000000000000e+00	0.000000000000000000e+00	1.556443983275856806e-02	0.000000000000000000e+00
-3.000716999999999825e+04	0.000000000000000000e+00	0.000000000000000000e+00	2.960295419171727824e-02	0.000000000000000000e+00
-3.000715999999999985e+04	0.000000000000000000e+00	0.000000000000000000e+00	1.800592059083834517e-02	0.000000000000000000e+00
-3.000715000000000146e+04	0.000000000000000000e+00	0.000000000000000000e+00	2.533036286507767132e-02	0.000000000000000000e+00
-3.000713999999999942e+04	0.000000000000000000e+00	0.000000000000000000e+00	3.357036042359691497e-02	0.000000000000000000e+00
-3.000711999999999898e+04	0.000000000000000000e+00	0.000000000000000000e+00	2.166814172795800825e-02	0.000000000000000000e+00
-3.000711000000000058e+04	0.000000000000000000e+00	0.000000000000000000e+00	2.441480758079775382e-02	0.000000000000000000e+00
-3.000709000000000015e+04	0.000000000000000000e+00	0.000000000000000000e+00	1.770073549607837152e-02	0.000000000000000000e+00
-3.000706999999999971e+04	0.000000000000000000e+00	0.000000000000000000e+00	1.953184606463820305e-02	0.000000000000000000e+00
-3.000706000000000131e+04	0.000000000000000000e+00	0.000000000000000000e+00	2.197332682271797843e-02	0.000000000000000000e+00
-3.000704000000000087e+04	0.000000000000000000e+00	0.000000000000000000e+00	2.838221381267739055e-02	0.000000000000000000e+00
-3.000702999999999884e+04	0.000000000000000000e+00	0.000000000000000000e+00	1.800592059083834517e-02	0.000000000000000000e+00
-3.000702000000000044e+04	0.000000000000000000e+00	0.000000000000000000e+00	1.342814416943876460e-02	0.000000000000000000e+00
-3.000700999999999840e+04	0.000000000000000000e+00	0.000000000000000000e+00	1.464888454847865229e-02	0.000000000000000000e+00
-3.000700000000000000e+04	0.000000000000000000e+00	0.000000000000000000e+00	1.281777397991882075e-02	0.000000000000000000e+00
-3.000697999999999956e+04	0.000000000000000000e+00	0.000000000000000000e+00	1.525925473799859614e-02	0.000000000000000000e+00
-3.000697000000000116e+04	0.000000000000000000e+00	0.000000000000000000e+00	1.525925473799859614e-02	0.000000000000000000e+00
-3.000695999999999913e+04	0.000000000000000000e+00	0.000000000000000000e+00	1.403851435895870844e-02	0.000000000000000000e+00
-3.000695999999999913e+04	0.000000000000000000e+00	0.000000000000000000e+00	1.953184606463820305e-02	0.000000000000000000e+00
-3.000693999999999869e+04	0.000000000000000000e+00	0.000000000000000000e+00	2.533036286507767132e-02	0.000000000000000000e+00
-3.000690999999999985e+04	0.000000000000000000e+00	0.000000000000000000e+00	2.014221625415814690e-02	0.000000000000000000e+00
-3.000688999999999942e+04	0.000000000000000000e+00	0.000000000000000000e+00	1.281777397991882075e-02	0.000000000000000000e+00
-3.000688000000000102e+04	0.000000000000000000e+00	0.000000000000000000e+00	2.105777153843806440e-02	0.000000000000000000e+00
-3.000686000000000058e+04	0.000000000000000000e+00	0.000000000000000000e+00	1.800592059083834517e-02	0.000000000000000000e+00
-3.000684999999999854e+04	0.000000000000000000e+00	0.000000000000000000e+00	1.556443983275856806e-02	0.000000000000000000e+00
-3.000681999999999971e+04	0.000000000000000000e+00	0.000000000000000000e+00	2.044740134891812056e-02	0.000000000000000000e+00
-3.000681000000000131e+04	0.000000000000000000e+00	0.000000000000000000e+00	2.349925229651783978e-02	0.000000000000000000e+00
-3.000679999999999927e+04	0.000000000000000000e+00	0.000000000000000000e+00	2.136295663319803459e-02	0.000000000000000000e+00
-3.000679000000000087e+04	0.000000000000000000e+00	0.000000000000000000e+00	1.831110568559831536e-02	0.000000000000000000e+00
-3.000677000000000044e+04	0.000000000000000000e+00	0.000000000000000000e+00	2.197332682271797843e-02	0.000000000000000000e+00
-3.000675999999999840e+04	0.000000000000000000e+00	0.000000000000000000e+00	2.166814172795800825e-02	0.000000000000000000e+00
-3.000675000000000000e+04	0.000000000000000000e+00	0.000000000000000000e+00	1.922666096987823287e-02	0.000000000000000000e+00
-3.000674000000000160e+04	0.000000000000000000e+00	0.000000000000000000e+00	1.800592059083834517e-02	0.000000000000000000e+00
-3.000672999999999956e+04	0.000000000000000000e+00	0.000000000000000000e+00	1.495406964323862421e-02	0.000000000000000000e+00
-3.000670999999999913e+04	0.000000000000000000e+00	0.000000000000000000e+00	1.831110568559831536e-02	0.000000000000000000e+00
-3.000668999999999869e+04	0.000000000000000000e+00	0.000000000000000000e+00	1.831110568559831536e-02	0.000000000000000000e+00
-3.000666999999999825e+04	0.000000000000000000e+00	0.000000000000000000e+00	1.953184606463820305e-02	0.000000000000000000e+00
-3.000665000000000146e+04	0.000000000000000000e+00	0.000000000000000000e+00	1.495406964323862421e-02	0.000000000000000000e+00
-3.000663000000000102e+04	0.000000000000000000e+00	0.000000000000000000e+00	1.892147587511825921e-02	0.000000000000000000e+00
-3.000661000000000058e+04	0.000000000000000000e+00	0.000000000000000000e+00	3.326517532883693784e-02	0.000000000000000000e+00
-3.000659000000000015e+04	0.000000000000000000e+00	0.000000000000000000e+00	2.441480758079775382e-02	0.000000000000000000e+00
-3.000658000000000175e+04	0.000000000000000000e+00	0.000000000000000000e+00	2.014221625415814690e-02	0.000000000000000000e+00
-3.000656999999999971e+04	0.000000000000000000e+00	0.000000000000000000e+00	1.892147587511825921e-02	0.000000000000000000e+00
-3.000654999999999927e+04	0.000000000000000000e+00	0.000000000000000000e+00	2.746665852839747304e-02	0.000000000000000000e+00
-3.000652999999999884e+04	0.000000000000000000e+00	0.000000000000000000e+00	2.410962248603778363e-02	0.000000000000000000e+00
-3.000652000000000044e+04	0.000000000000000000e+00	0.000000000000000000e+00	1.831110568559831536e-02	0.000000000000000000e+00
-3.000650000000000000e+04	0.000000000000000000e+00	0.000000000000000000e+00	1.770073549607837152e-02	0.000000000000000000e+00
-3.000649000000000160e+04	0.000000000000000000e+00	0.000000000000000000e+00	1.739555040131840133e-02	0.000000000000000000e+00
-3.000647999999999956e+04	0.000000000000000000e+00	0.000000000000000000e+00	1.800592059083834517e-02	0.000000000000000000e+00
-3.000645999999999913e+04	0.000000000000000000e+00	0.000000000000000000e+00	1.678518021179845748e-02	0.000000000000000000e+00
-3.000643000000000029e+04	0.000000000000000000e+00	0.000000000000000000e+00	1.556443983275856806e-02	0.000000000000000000e+00
-3.000640999999999985e+04	0.000000000000000000e+00	0.000000000000000000e+00	1.678518021179845748e-02	0.000000000000000000e+00
-3.000640000000000146e+04	0.000000000000000000e+00	0.000000000000000000e+00	2.471999267555772747e-02	0.000000000000000000e+00
-3.000638000000000102e+04	0.000000000000000000e+00	0.000000000000000000e+00	2.471999267555772747e-02	0.000000000000000000e+00
-3.000634999999999854e+04	0.000000000000000000e+00	0.000000000000000000e+00	2.868739890743736073e-02	0.000000000000000000e+00
-3.000633000000000175e+04	0.000000000000000000e+00	0.000000000000000000e+00	2.136295663319803459e-02	0.000000000000000000e+00
-3.000631999999999971e+04	0.000000000000000000e+00	0.000000000000000000e+00	1.495406964323862421e-02	0.000000000000000000e+00
-3.000629999999999927e+04	0.000000000000000000e+00	0.000000000000000000e+00	1.464888454847865229e-02	0.000000000000000000e+00
-3.000627999999999884e+04	0.000000000000000000e+00	0.000000000000000000e+00	2.044740134891812056e-02	0.000000000000000000e+00
-3.000625999999999840e+04	0.000000000000000000e+00	0.000000000000000000e+00	1.739555040131840133e-02	0.000000000000000000e+00
-3.000624000000000160e+04	0.000000000000000000e+00	0.000000000000000000e+00	1.983703115939817671e-02	0.000000000000000000e+00
-3.000622000000000116e+04	0.000000000000000000e+00	0.000000000000000000e+00	1.586962492751853998e-02	0.000000000000000000e+00
-3.000620000000000073e+04	0.000000000000000000e+00	0.000000000000000000e+00	1.770073549607837152e-02	0.000000000000000000e+00
-3.000618000000000029e+04	0.000000000000000000e+00	0.000000000000000000e+00	1.831110568559831536e-02	0.000000000000000000e+00
-3.000616999999999825e+04	0.000000000000000000e+00	0.000000000000000000e+00	1.586962492751853998e-02	0.000000000000000000e+00
-3.000615000000000146e+04	0.000000000000000000e+00	0.000000000000000000e+00	2.197332682271797843e-02	0.000000000000000000e+00
-3.000611999999999898e+04	0.000000000000000000e+00	0.000000000000000000e+00	2.136295663319803459e-02	0.000000000000000000e+00
-3.000609999999999854e+04	0.000000000000000000e+00	0.000000000000000000e+00	1.403851435895870844e-02	0.000000000000000000e+00
-3.000608000000000175e+04	0.000000000000000000e+00	0.000000000000000000e+00	1.953184606463820305e-02	0.000000000000000000e+00
-3.000604999999999927e+04	0.000000000000000000e+00	0.000000000000000000e+00	1.739555040131840133e-02	0.000000000000000000e+00
-3.000602999999999884e+04	0.000000000000000000e+00	0.000000000000000000e+00	1.342814416943876460e-02	0.000000000000000000e+00
-3.000600000000000000e+04	0.000000000000000000e+00	0.000000000000000000e+00	1.678518021179845748e-02	0.000000000000000000e+00
-3.000597999999999956e+04	0.000000000000000000e+00	0.000000000000000000e+00	1.800592059083834517e-02	0.000000000000000000e+00
-3.000595000000000073e+04	0.000000000000000000e+00	0.000000000000000000e+00	2.624591814935758535e-02	0.000000000000000000e+00
-3.000593000000000029e+04	0.000000000000000000e+00	0.000000000000000000e+00	3.326517532883693784e-02	0.000000000000000000e+00
-3.000590999999999985e+04	0.000000000000000000e+00	0.000000000000000000e+00	2.990813928647724843e-02	0.000000000000000000e+00
-3.000588000000000102e+04	0.000000000000000000e+00	0.000000000000000000e+00	2.960295419171727824e-02	0.000000000000000000e+00
-3.000584999999999854e+04	0.000000000000000000e+00	0.000000000000000000e+00	2.014221625415814690e-02	0.000000000000000000e+00
-3.000581999999999971e+04	0.000000000000000000e+00	0.000000000000000000e+00	2.471999267555772747e-02	0.000000000000000000e+00
-3.000579999999999927e+04	0.000000000000000000e+00	0.000000000000000000e+00	2.471999267555772747e-02	0.000000000000000000e+00
-3.000577999999999884e+04	0.000000000000000000e+00	0.000000000000000000e+00	2.716147343363750286e-02	0.000000000000000000e+00
-3.000575999999999840e+04	0.000000000000000000e+00	0.000000000000000000e+00	2.105777153843806440e-02	0.000000000000000000e+00
-3.000572999999999956e+04	0.000000000000000000e+00	0.000000000000000000e+00	2.105777153843806440e-02	0.000000000000000000e+00
-3.000570999999999913e+04	0.000000000000000000e+00	0.000000000000000000e+00	2.349925229651783978e-02	0.000000000000000000e+00
-3.000568000000000029e+04	0.000000000000000000e+00	0.000000000000000000e+00	2.227851191747795209e-02	0.000000000000000000e+00
-3.000565999999999985e+04	0.000000000000000000e+00	0.000000000000000000e+00	2.166814172795800825e-02	0.000000000000000000e+00
-3.000563999999999942e+04	0.000000000000000000e+00	0.000000000000000000e+00	2.166814172795800825e-02	0.000000000000000000e+00
-3.000561999999999898e+04	0.000000000000000000e+00	0.000000000000000000e+00	2.655110324411755901e-02	0.000000000000000000e+00
-3.000559999999999854e+04	0.000000000000000000e+00	0.000000000000000000e+00	2.258369701223792228e-02	0.000000000000000000e+00
-3.000556999999999971e+04	0.000000000000000000e+00	0.000000000000000000e+00	2.594073305459761516e-02	0.000000000000000000e+00
-3.000554999999999927e+04	0.000000000000000000e+00	0.000000000000000000e+00	1.922666096987823287e-02	0.000000000000000000e+00
-3.000554000000000087e+04	0.000000000000000000e+00	0.000000000000000000e+00	7.934812463759269990e-03	0.000000000000000000e+00
-3.000550999999999840e+04	0.000000000000000000e+00	0.000000000000000000e+00	1.709036530655842767e-02	0.000000000000000000e+00
-3.000549000000000160e+04	0.000000000000000000e+00	0.000000000000000000e+00	1.922666096987823287e-02	0.000000000000000000e+00
-3.000547000000000116e+04	0.000000000000000000e+00	0.000000000000000000e+00	1.953184606463820305e-02	0.000000000000000000e+00
-3.000543999999999869e+04	0.000000000000000000e+00	0.000000000000000000e+00	2.014221625415814690e-02	0.000000000000000000e+00
-3.000540999999999985e+04	0.000000000000000000e+00	0.000000000000000000e+00	2.258369701223792228e-02	0.000000000000000000e+00
-3.000538999999999942e+04	0.000000000000000000e+00	0.000000000000000000e+00	2.624591814935758535e-02	0.000000000000000000e+00
-3.000536999999999898e+04	0.000000000000000000e+00	0.000000000000000000e+00	2.044740134891812056e-02	0.000000000000000000e+00
-3.000534000000000015e+04	0.000000000000000000e+00	0.000000000000000000e+00	2.105777153843806440e-02	0.000000000000000000e+00
-3.000531000000000131e+04	0.000000000000000000e+00	0.000000000000000000e+00	1.922666096987823287e-02	0.000000000000000000e+00
-3.000527999999999884e+04	0.000000000000000000e+00	0.000000000000000000e+00	2.868739890743736073e-02	0.000000000000000000e+00
-3.000525000000000000e+04	0.000000000000000000e+00	0.000000000000000000e+00	2.227851191747795209e-02	0.000000000000000000e+00
-3.000522999999999956e+04	0.000000000000000000e+00	0.000000000000000000e+00	2.807702871791741689e-02	0.000000000000000000e+00
-3.000520999999999913e+04	0.000000000000000000e+00	0.000000000000000000e+00	2.349925229651783978e-02	0.000000000000000000e+00
-3.000518000000000029e+04	0.000000000000000000e+00	0.000000000000000000e+00	2.471999267555772747e-02	0.000000000000000000e+00
-3.000515999999999985e+04	0.000000000000000000e+00	0.000000000000000000e+00	2.166814172795800825e-02	0.000000000000000000e+00
-3.000511999999999898e+04	0.000000000000000000e+00	0.000000000000000000e+00	1.770073549607837152e-02	0.000000000000000000e+00
-3.000506999999999971e+04	0.000000000000000000e+00	0.000000000000000000e+00	3.570665608691671322e-02	0.000000000000000000e+00
-3.000502999999999884e+04	0.000000000000000000e+00	0.000000000000000000e+00	2.594073305459761516e-02	0.000000000000000000e+00
-3.000500000000000000e+04	0.000000000000000000e+00	0.000000000000000000e+00	3.326517532883693784e-02	0.000000000000000000e+00
-3.000497000000000116e+04	0.000000000000000000e+00	0.000000000000000000e+00	2.868739890743736073e-02	0.000000000000000000e+00
-3.000493999999999869e+04	0.000000000000000000e+00	0.000000000000000000e+00	2.868739890743736073e-02	0.000000000000000000e+00
-3.000491999999999825e+04	0.000000000000000000e+00	0.000000000000000000e+00	2.136295663319803459e-02	0.000000000000000000e+00
-3.000488999999999942e+04	0.000000000000000000e+00	0.000000000000000000e+00	1.739555040131840133e-02	0.000000000000000000e+00
-3.000486000000000058e+04	0.000000000000000000e+00	0.000000000000000000e+00	1.892147587511825921e-02	0.000000000000000000e+00
-3.000483000000000175e+04	0.000000000000000000e+00	0.000000000000000000e+00	2.014221625415814690e-02	0.000000000000000000e+00
-3.000479000000000087e+04	0.000000000000000000e+00	0.000000000000000000e+00	1.892147587511825921e-02	0.000000000000000000e+00
-3.000475000000000000e+04	0.000000000000000000e+00	0.000000000000000000e+00	2.197332682271797843e-02	0.000000000000000000e+00
-3.000470999999999913e+04	0.000000000000000000e+00	0.000000000000000000e+00	1.403851435895870844e-02	0.000000000000000000e+00
-3.000468000000000029e+04	0.000000000000000000e+00	0.000000000000000000e+00	1.922666096987823287e-02	0.000000000000000000e+00
-3.000465000000000146e+04	0.000000000000000000e+00	0.000000000000000000e+00	2.655110324411755901e-02	0.000000000000000000e+00
-3.000463000000000102e+04	0.000000000000000000e+00	0.000000000000000000e+00	2.105777153843806440e-02	0.000000000000000000e+00
-3.000461000000000058e+04	0.000000000000000000e+00	0.000000000000000000e+00	2.990813928647724843e-02	0.000000000000000000e+00
-3.000459000000000015e+04	0.000000000000000000e+00	0.000000000000000000e+00	1.586962492751853998e-02	0.000000000000000000e+00
-3.000454999999999927e+04	0.000000000000000000e+00	0.000000000000000000e+00	2.990813928647724843e-02	0.000000000000000000e+00
-3.000450000000000000e+04	0.000000000000000000e+00	0.000000000000000000e+00	1.434369945371868037e-02	0.000000000000000000e+00
-3.000447000000000116e+04	0.000000000000000000e+00	0.000000000000000000e+00	2.258369701223792228e-02	0.000000000000000000e+00
-3.000443999999999869e+04	0.000000000000000000e+00	0.000000000000000000e+00	2.471999267555772747e-02	0.000000000000000000e+00
-3.000440999999999985e+04	0.000000000000000000e+00	0.000000000000000000e+00	2.868739890743736073e-02	0.000000000000000000e+00
-3.000436999999999898e+04	0.000000000000000000e+00	0.000000000000000000e+00	2.594073305459761516e-02	0.000000000000000000e+00
-3.000433000000000175e+04	0.000000000000000000e+00	0.000000000000000000e+00	2.594073305459761516e-02	0.000000000000000000e+00
-3.000429000000000087e+04	0.000000000000000000e+00	0.000000000000000000e+00	2.807702871791741689e-02	0.000000000000000000e+00
-3.000425999999999840e+04	0.000000000000000000e+00	0.000000000000000000e+00	2.746665852839747304e-02	0.000000000000000000e+00
-3.000424000000000160e+04	0.000000000000000000e+00	0.000000000000000000e+00	2.410962248603778363e-02	0.000000000000000000e+00
-3.000420999999999913e+04	0.000000000000000000e+00	0.000000000000000000e+00	2.288888210699789594e-02	0.000000000000000000e+00
-3.000418000000000029e+04	0.000000000000000000e+00	0.000000000000000000e+00	2.960295419171727824e-02	0.000000000000000000e+00
-3.000415000000000146e+04	0.000000000000000000e+00	0.000000000000000000e+00	2.441480758079775382e-02	0.000000000000000000e+00
-3.000411000000000058e+04	0.000000000000000000e+00	0.000000000000000000e+00	2.288888210699789594e-02	0.000000000000000000e+00
-3.000408000000000175e+04	0.000000000000000000e+00	0.000000000000000000e+00	2.594073305459761516e-02	0.000000000000000000e+00
-3.000404999999999927e+04	0.000000000000000000e+00	0.000000000000000000e+00	2.594073305459761516e-02	0.000000000000000000e+00
-3.000400999999999840e+04	0.000000000000000000e+00	0.000000000000000000e+00	2.410962248603778363e-02	0.000000000000000000e+00
-3.000397000000000116e+04	0.000000000000000000e+00	0.000000000000000000e+00	2.533036286507767132e-02	0.000000000000000000e+00
-3.000393999999999869e+04	0.000000000000000000e+00	0.000000000000000000e+00	3.662221137119663072e-02	0.000000000000000000e+00
-3.000390000000000146e+04	0.000000000000000000e+00	0.000000000000000000e+00	3.173924985503707996e-02	0.000000000000000000e+00
-3.000386999999999898e+04	0.000000000000000000e+00	0.000000000000000000e+00	2.533036286507767132e-02	0.000000000000000000e+00
-3.000384000000000015e+04	0.000000000000000000e+00	0.000000000000000000e+00	3.173924985503707996e-02	0.000000000000000000e+00
-3.000379999999999927e+04	0.000000000000000000e+00	0.000000000000000000e+00	2.990813928647724843e-02	0.000000000000000000e+00
-3.000377000000000044e+04	0.000000000000000000e+00	0.000000000000000000e+00	2.227851191747795209e-02	0.000000000000000000e+00
-3.000374000000000160e+04	0.000000000000000000e+00	0.000000000000000000e+00	2.410962248603778363e-02	0.000000000000000000e+00
-3.000370000000000073e+04	0.000000000000000000e+00	0.000000000000000000e+00	2.716147343363750286e-02	0.000000000000000000e+00
-3.000368000000000029e+04	0.000000000000000000e+00	0.000000000000000000e+00	2.166814172795800825e-02	0.000000000000000000e+00
-3.000365999999999985e+04	0.000000000000000000e+00	0.000000000000000000e+00	2.197332682271797843e-02	0.000000000000000000e+00
-3.000363000000000102e+04	0.000000000000000000e+00	0.000000000000000000e+00	2.441480758079775382e-02	0.000000000000000000e+00
-3.000359999999999854e+04	0.000000000000000000e+00	0.000000000000000000e+00	3.173924985503707996e-02	0.000000000000000000e+00
-3.000358000000000175e+04	0.000000000000000000e+00	0.000000000000000000e+00	3.540147099215674303e-02	0.000000000000000000e+00
-3.000356000000000131e+04	0.000000000000000000e+00	0.000000000000000000e+00	2.960295419171727824e-02	0.000000000000000000e+00
-3.000354000000000087e+04	0.000000000000000000e+00	0.000000000000000000e+00	3.814813684499648860e-02	0.000000000000000000e+00
-3.000352000000000044e+04	0.000000000000000000e+00	0.000000000000000000e+00	3.601184118167669035e-02	0.000000000000000000e+00
-3.000350000000000000e+04	0.000000000000000000e+00	0.000000000000000000e+00	2.838221381267739055e-02	0.000000000000000000e+00
-3.000347999999999956e+04	0.000000000000000000e+00	0.000000000000000000e+00	3.051850947599719227e-02	0.000000000000000000e+00
-3.000345999999999913e+04	0.000000000000000000e+00	0.000000000000000000e+00	3.143406476027710977e-02	0.000000000000000000e+00
-3.000343000000000029e+04	0.000000000000000000e+00	0.000000000000000000e+00	2.838221381267739055e-02	0.000000000000000000e+00
-3.000340999999999985e+04	0.000000000000000000e+00	0.000000000000000000e+00	2.624591814935758535e-02	0.000000000000000000e+00
-3.000338999999999942e+04	0.000000000000000000e+00	0.000000000000000000e+00	2.716147343363750286e-02	0.000000000000000000e+00
-3.000336999999999898e+04	0.000000000000000000e+00	0.000000000000000000e+00	2.227851191747795209e-02	0.000000000000000000e+00
-3.000334999999999854e+04	0.000000000000000000e+00	0.000000000000000000e+00	2.624591814935758535e-02	0.000000000000000000e+00
-3.000333000000000175e+04	0.000000000000000000e+00	0.000000000000000000e+00	2.166814172795800825e-02	0.000000000000000000e+00
-3.000331999999999971e+04	0.000000000000000000e+00	0.000000000000000000e+00	2.380443739127780997e-02	0.000000000000000000e+00
-3.000329999999999927e+04	0.000000000000000000e+00	0.000000000000000000e+00	3.112887966551713612e-02	0.000000000000000000e+00
-3.000325999999999840e+04	0.000000000000000000e+00	0.000000000000000000e+00	2.929776909695730458e-02	0.000000000000000000e+00
-3.000324000000000160e+04	0.000000000000000000e+00	0.000000000000000000e+00	3.326517532883693784e-02	0.000000000000000000e+00
-3.000320999999999913e+04	0.000000000000000000e+00	0.000000000000000000e+00	2.227851191747795209e-02	0.000000000000000000e+00
-3.000318999999999869e+04	0.000000000000000000e+00	0.000000000000000000e+00	2.685628833887752920e-02	0.000000000000000000e+00
-3.000316999999999825e+04	0.000000000000000000e+00	0.000000000000000000e+00	2.716147343363750286e-02	0.000000000000000000e+00
-3.000315999999999985e+04	0.000000000000000000e+00	0.000000000000000000e+00	2.410962248603778363e-02	0.000000000000000000e+00
-3.000313999999999942e+04	0.000000000000000000e+00	0.000000000000000000e+00	2.441480758079775382e-02	0.000000000000000000e+00
-3.000311999999999898e+04	0.000000000000000000e+00	0.000000000000000000e+00	2.899258400219733439e-02	0.000000000000000000e+00
-3.000309999999999854e+04	0.000000000000000000e+00	0.000000000000000000e+00	3.692739646595660091e-02	0.000000000000000000e+00
-3.000309000000000015e+04	0.000000000000000000e+00	0.000000000000000000e+00	2.899258400219733439e-02	0.000000000000000000e+00
-3.000306000000000131e+04	0.000000000000000000e+00	0.000000000000000000e+00	3.448591570787682553e-02	0.000000000000000000e+00
-3.000302000000000044e+04	0.000000000000000000e+00	0.000000000000000000e+00	2.349925229651783978e-02	0.000000000000000000e+00
-3.000300000000000000e+04	0.000000000000000000e+00	0.000000000000000000e+00	3.936887722403637629e-02	0.000000000000000000e+00
-3.000297999999999956e+04	0.000000000000000000e+00	0.000000000000000000e+00	2.594073305459761516e-02	0.000000000000000000e+00
-3.000297000000000116e+04	0.000000000000000000e+00	0.000000000000000000e+00	3.143406476027710977e-02	0.000000000000000000e+00
-3.000295000000000073e+04	0.000000000000000000e+00	0.000000000000000000e+00	2.868739890743736073e-02	0.000000000000000000e+00
-3.000291999999999825e+04	0.000000000000000000e+00	0.000000000000000000e+00	2.624591814935758535e-02	0.000000000000000000e+00
-3.000290999999999985e+04	0.000000000000000000e+00	0.000000000000000000e+00	2.594073305459761516e-02	0.000000000000000000e+00
-3.000288000000000102e+04	0.000000000000000000e+00	0.000000000000000000e+00	2.533036286507767132e-02	0.000000000000000000e+00
-3.000284999999999854e+04	0.000000000000000000e+00	0.000000000000000000e+00	2.288888210699789594e-02	0.000000000000000000e+00
-3.000283000000000175e+04	0.000000000000000000e+00	0.000000000000000000e+00	2.624591814935758535e-02	0.000000000000000000e+00
-3.000281000000000131e+04	0.000000000000000000e+00	0.000000000000000000e+00	3.143406476027710977e-02	0.000000000000000000e+00
-3.000279999999999927e+04	0.000000000000000000e+00	0.000000000000000000e+00	2.716147343363750286e-02	0.000000000000000000e+00
-3.000277999999999884e+04	0.000000000000000000e+00	0.000000000000000000e+00	2.746665852839747304e-02	0.000000000000000000e+00
-3.000275000000000000e+04	0.000000000000000000e+00	0.000000000000000000e+00	3.570665608691671322e-02	0.000000000000000000e+00
-3.000272000000000116e+04	0.000000000000000000e+00	0.000000000000000000e+00	1.953184606463820305e-02	0.000000000000000000e+00
-3.000270000000000073e+04	0.000000000000000000e+00	0.000000000000000000e+00	2.685628833887752920e-02	0.000000000000000000e+00
-3.000268000000000029e+04	0.000000000000000000e+00	0.000000000000000000e+00	3.173924985503707996e-02	0.000000000000000000e+00
-3.000265000000000146e+04	0.000000000000000000e+00	0.000000000000000000e+00	2.441480758079775382e-02	0.000000000000000000e+00
-3.000263000000000102e+04	0.000000000000000000e+00	0.000000000000000000e+00	2.685628833887752920e-02	0.000000000000000000e+00
-3.000261000000000058e+04	0.000000000000000000e+00	0.000000000000000000e+00	2.410962248603778363e-02	0.000000000000000000e+00
-3.000258000000000175e+04	0.000000000000000000e+00	0.000000000000000000e+00	3.204443494979705015e-02	0.000000000000000000e+00
-3.000256000000000131e+04	0.000000000000000000e+00	0.000000000000000000e+00	4.028443250831629380e-02	0.000000000000000000e+00
-3.000254000000000087e+04	0.000000000000000000e+00	0.000000000000000000e+00	3.326517532883693784e-02	0.000000000000000000e+00
-3.000250999999999840e+04	0.000000000000000000e+00	0.000000000000000000e+00	3.875850703451643592e-02	0.000000000000000000e+00
-3.000249000000000160e+04	0.000000000000000000e+00	0.000000000000000000e+00	3.540147099215674303e-02	0.000000000000000000e+00
-3.000247999999999956e+04	0.000000000000000000e+00	0.000000000000000000e+00	4.028443250831629380e-02	0.000000000000000000e+00
-3.000245000000000073e+04	0.000000000000000000e+00	0.000000000000000000e+00	3.051850947599719227e-02	0.000000000000000000e+00
-3.000243999999999869e+04	0.000000000000000000e+00	0.000000000000000000e+00	2.441480758079775382e-02	0.000000000000000000e+00
-3.000241999999999825e+04	0.000000000000000000e+00	0.000000000000000000e+00	2.990813928647724843e-02	0.000000000000000000e+00
-3.000240000000000146e+04	0.000000000000000000e+00	0.000000000000000000e+00	2.838221381267739055e-02	0.000000000000000000e+00
-3.000236999999999898e+04	0.000000000000000000e+00	0.000000000000000000e+00	2.899258400219733439e-02	0.000000000000000000e+00
-3.000234000000000015e+04	0.000000000000000000e+00	0.000000000000000000e+00	2.624591814935758535e-02	0.000000000000000000e+00
-3.000231999999999971e+04	0.000000000000000000e+00	0.000000000000000000e+00	3.387554551835688516e-02	0.000000000000000000e+00
-3.000231000000000131e+04	0.000000000000000000e+00	0.000000000000000000e+00	3.326517532883693784e-02	0.000000000000000000e+00
-3.000229000000000087e+04	0.000000000000000000e+00	0.000000000000000000e+00	2.288888210699789594e-02	0.000000000000000000e+00
-3.000227000000000044e+04	0.000000000000000000e+00	0.000000000000000000e+00	3.143406476027710977e-02	0.000000000000000000e+00
-3.000225000000000000e+04	0.000000000000000000e+00	0.000000000000000000e+00	2.410962248603778363e-02	0.000000000000000000e+00
-3.000222999999999956e+04	0.000000000000000000e+00	0.000000000000000000e+00	2.807702871791741689e-02	0.000000000000000000e+00
-3.000220999999999913e+04	0.000000000000000000e+00	0.000000000000000000e+00	2.533036286507767132e-02	0.000000000000000000e+00
-3.000218999999999869e+04	0.000000000000000000e+00	0.000000000000000000e+00	2.227851191747795209e-02	0.000000000000000000e+00
-3.000216999999999825e+04	0.000000000000000000e+00	0.000000000000000000e+00	2.685628833887752920e-02	0.000000000000000000e+00
-3.000215999999999985e+04	0.000000000000000000e+00	0.000000000000000000e+00	2.838221381267739055e-02	0.000000000000000000e+00
-3.000213000000000102e+04	0.000000000000000000e+00	0.000000000000000000e+00	2.990813928647724843e-02	0.000000000000000000e+00
-3.000209999999999854e+04	0.000000000000000000e+00	0.000000000000000000e+00	3.051850947599719227e-02	0.000000000000000000e+00
-3.000206999999999971e+04	0.000000000000000000e+00	0.000000000000000000e+00	3.540147099215674303e-02	0.000000000000000000e+00
-3.000206000000000131e+04	0.000000000000000000e+00	0.000000000000000000e+00	2.746665852839747304e-02	0.000000000000000000e+00
-3.000202999999999884e+04	0.000000000000000000e+00	0.000000000000000000e+00	2.594073305459761516e-02	0.000000000000000000e+00
-3.000200000000000000e+04	0.000000000000000000e+00	0.000000000000000000e+00	3.662221137119663072e-02	0.000000000000000000e+00
-3.000197999999999956e+04	0.000000000000000000e+00	0.000000000000000000e+00	3.875850703451643592e-02	0.000000000000000000e+00
-3.000195999999999913e+04	0.000000000000000000e+00	0.000000000000000000e+00	2.471999267555772747e-02	0.000000000000000000e+00
-3.000193999999999869e+04	0.000000000000000000e+00	0.000000000000000000e+00	2.685628833887752920e-02	0.000000000000000000e+00
-3.000190999999999985e+04	0.000000000000000000e+00	0.000000000000000000e+00	4.028443250831629380e-02	0.000000000000000000e+00
-3.000188000000000102e+04	0.000000000000000000e+00	0.000000000000000000e+00	4.089480269783624111e-02	0.000000000000000000e+00
-3.000184999999999854e+04	0.000000000000000000e+00	0.000000000000000000e+00	3.112887966551713612e-02	0.000000000000000000e+00
-3.000181000000000131e+04	0.000000000000000000e+00	0.000000000000000000e+00	2.990813928647724843e-02	0.000000000000000000e+00
-3.000179000000000087e+04	0.000000000000000000e+00	0.000000000000000000e+00	3.234962004455702728e-02	0.000000000000000000e+00
-3.000177999999999884e+04	0.000000000000000000e+00	0.000000000000000000e+00	4.058961760307626399e-02	0.000000000000000000e+00
-3.000175000000000000e+04	0.000000000000000000e+00	0.000000000000000000e+00	3.753776665547654823e-02	0.000000000000000000e+00
-3.000172000000000116e+04	0.000000000000000000e+00	0.000000000000000000e+00	3.509628589739677285e-02	0.000000000000000000e+00
-3.000170000000000073e+04	0.000000000000000000e+00	0.000000000000000000e+00	4.364146855067598668e-02	0.000000000000000000e+00
-3.000168000000000029e+04	0.000000000000000000e+00	0.000000000000000000e+00	3.143406476027710977e-02	0.000000000000000000e+00
-3.000163999999999942e+04	0.000000000000000000e+00	0.000000000000000000e+00	3.845332193975646573e-02	0.000000000000000000e+00
-3.000161999999999898e+04	0.000000000000000000e+00	0.000000000000000000e+00	3.112887966551713612e-02	0.000000000000000000e+00
-3.000159999999999854e+04	0.000000000000000000e+00	0.000000000000000000e+00	3.051850947599719227e-02	0.000000000000000000e+00
-3.000158000000000175e+04	0.000000000000000000e+00	0.000000000000000000e+00	2.960295419171727824e-02	0.000000000000000000e+00
-3.000154999999999927e+04	0.000000000000000000e+00	0.000000000000000000e+00	2.960295419171727824e-02	0.000000000000000000e+00
-3.000152000000000044e+04	0.000000000000000000e+00	0.000000000000000000e+00	5.432294686727500571e-02	0.000000000000000000e+00
-3.000149000000000160e+04	0.000000000000000000e+00	0.000000000000000000e+00	4.089480269783624111e-02	0.000000000000000000e+00
-3.000147000000000116e+04	0.000000000000000000e+00	0.000000000000000000e+00	2.807702871791741689e-02	0.000000000000000000e+00
-3.000145000000000073e+04	0.000000000000000000e+00	0.000000000000000000e+00	3.326517532883693784e-02	0.000000000000000000e+00
-3.000143000000000029e+04	0.000000000000000000e+00	0.000000000000000000e+00	3.784295175023651842e-02	0.000000000000000000e+00
-3.000140000000000146e+04	0.000000000000000000e+00	0.000000000000000000e+00	2.960295419171727824e-02	0.000000000000000000e+00
-3.000138000000000102e+04	0.000000000000000000e+00	0.000000000000000000e+00	3.143406476027710977e-02	0.000000000000000000e+00
-3.000136000000000058e+04	0.000000000000000000e+00	0.000000000000000000e+00	2.807702871791741689e-02	0.000000000000000000e+00
-3.000134000000000015e+04	0.000000000000000000e+00	0.000000000000000000e+00	3.234962004455702728e-02	0.000000000000000000e+00
-3.000131999999999971e+04	0.000000000000000000e+00	0.000000000000000000e+00	3.540147099215674303e-02	0.000000000000000000e+00
-3.000129000000000087e+04	0.000000000000000000e+00	0.000000000000000000e+00	3.357036042359691497e-02	0.000000000000000000e+00
-3.000127999999999884e+04	0.000000000000000000e+00	0.000000000000000000e+00	3.173924985503707996e-02	0.000000000000000000e+00
-3.000125000000000000e+04	0.000000000000000000e+00	0.000000000000000000e+00	3.051850947599719227e-02	0.000000000000000000e+00
-3.000124000000000160e+04	0.000000000000000000e+00	0.000000000000000000e+00	3.784295175023651842e-02	0.000000000000000000e+00
-3.000122000000000116e+04	0.000000000000000000e+00	0.000000000000000000e+00	3.326517532883693784e-02	0.000000000000000000e+00
-3.000120999999999913e+04	0.000000000000000000e+00	0.000000000000000000e+00	3.845332193975646573e-02	0.000000000000000000e+00
-3.000118999999999869e+04	0.000000000000000000e+00	0.000000000000000000e+00	4.119998779259621130e-02	0.000000000000000000e+00
-3.000115000000000146e+04	0.000000000000000000e+00	0.000000000000000000e+00	3.143406476027710977e-02	0.000000000000000000e+00
-3.000113000000000102e+04	0.000000000000000000e+00	0.000000000000000000e+00	2.441480758079775382e-02	0.000000000000000000e+00
-3.000111000000000058e+04	0.000000000000000000e+00	0.000000000000000000e+00	2.899258400219733439e-02	0.000000000000000000e+00
-3.000108000000000175e+04	0.000000000000000000e+00	0.000000000000000000e+00	3.204443494979705015e-02	0.000000000000000000e+00
-3.000104999999999927e+04	0.000000000000000000e+00	0.000000000000000000e+00	3.509628589739677285e-02	0.000000000000000000e+00
-3.000102000000000044e+04	0.000000000000000000e+00	0.000000000000000000e+00	2.838221381267739055e-02	0.000000000000000000e+00
-3.000099000000000160e+04	0.000000000000000000e+00	0.000000000000000000e+00	3.234962004455702728e-02	0.000000000000000000e+00
-3.000095999999999913e+04	0.000000000000000000e+00	0.000000000000000000e+00	4.303109836115603937e-02	0.000000000000000000e+00
-3.000093999999999869e+04	0.000000000000000000e+00	0.000000000000000000e+00	3.326517532883693784e-02	0.000000000000000000e+00
-3.000091999999999825e+04	0.000000000000000000e+00	0.000000000000000000e+00	3.051850947599719227e-02	0.000000000000000000e+00
-3.000088999999999942e+04	0.000000000000000000e+00	0.000000000000000000e+00	3.418073061311685534e-02	0.000000000000000000e+00
-3.000086000000000058e+04	0.000000000000000000e+00	0.000000000000000000e+00	3.204443494979705015e-02	0.000000000000000000e+00
-3.000083000000000175e+04	0.000000000000000000e+00	0.000000000000000000e+00	2.929776909695730458e-02	0.000000000000000000e+00
-3.000079999999999927e+04	0.000000000000000000e+00	0.000000000000000000e+00	3.875850703451643592e-02	0.000000000000000000e+00
-3.000077999999999884e+04	0.000000000000000000e+00	0.000000000000000000e+00	3.845332193975646573e-02	0.000000000000000000e+00
-3.000075999999999840e+04	0.000000000000000000e+00	0.000000000000000000e+00	4.089480269783624111e-02	0.000000000000000000e+00
-3.000074000000000160e+04	0.000000000000000000e+00	0.000000000000000000e+00	3.570665608691671322e-02	0.000000000000000000e+00
-3.000072000000000116e+04	0.000000000000000000e+00	0.000000000000000000e+00	3.662221137119663072e-02	0.000000000000000000e+00
-3.000068999999999869e+04	0.000000000000000000e+00	0.000000000000000000e+00	6.347849971007415992e-02	0.000000000000000000e+00
-3.000066999999999825e+04	0.000000000000000000e+00	0.000000000000000000e+00	4.699850459303567957e-02	0.000000000000000000e+00
-3.000063999999999942e+04	0.000000000000000000e+00	0.000000000000000000e+00	3.326517532883693784e-02	0.000000000000000000e+00
-3.000061999999999898e+04	0.000000000000000000e+00	0.000000000000000000e+00	3.753776665547654823e-02	0.000000000000000000e+00
-3.000059999999999854e+04	0.000000000000000000e+00	0.000000000000000000e+00	3.448591570787682553e-02	0.000000000000000000e+00
-3.000058000000000175e+04	0.000000000000000000e+00	0.000000000000000000e+00	3.662221137119663072e-02	0.000000000000000000e+00
-3.000056000000000131e+04	0.000000000000000000e+00	0.000000000000000000e+00	3.753776665547654823e-02	0.000000000000000000e+00
-3.000052999999999884e+04	0.000000000000000000e+00	0.000000000000000000e+00	3.753776665547654823e-02	0.000000000000000000e+00
-3.000050000000000000e+04	0.000000000000000000e+00	0.000000000000000000e+00	3.387554551835688516e-02	0.000000000000000000e+00
-3.000047999999999956e+04	0.000000000000000000e+00	0.000000000000000000e+00	3.997924741355632361e-02	0.000000000000000000e+00
-3.000045999999999913e+04	0.000000000000000000e+00	0.000000000000000000e+00	3.814813684499648860e-02	0.000000000000000000e+00
-3.000043000000000029e+04	0.000000000000000000e+00	0.000000000000000000e+00	3.204443494979705015e-02	0.000000000000000000e+00
-3.000040999999999985e+04	0.000000000000000000e+00	0.000000000000000000e+00	3.784295175023651842e-02	0.000000000000000000e+00
-3.000038000000000102e+04	0.000000000000000000e+00	0.000000000000000000e+00	4.699850459303567957e-02	0.000000000000000000e+00
-3.000036000000000058e+04	0.000000000000000000e+00	0.000000000000000000e+00	4.760887478255561994e-02	0.000000000000000000e+00
-3.000034000000000015e+04	0.000000000000000000e+00	0.000000000000000000e+00	3.601184118167669035e-02	0.000000000000000000e+00
-3.000031999999999971e+04	0.000000000000000000e+00	0.000000000000000000e+00	3.387554551835688516e-02	0.000000000000000000e+00
-3.000027999999999884e+04	0.000000000000000000e+00	0.000000000000000000e+00	3.540147099215674303e-02	0.000000000000000000e+00
-3.000025000000000000e+04	0.000000000000000000e+00	0.000000000000000000e+00	3.875850703451643592e-02	0.000000000000000000e+00
-3.000022000000000116e+04	0.000000000000000000e+00	0.000000000000000000e+00	3.082369457075716593e-02	0.000000000000000000e+00
-3.000020000000000073e+04	0.000000000000000000e+00	0.000000000000000000e+00	3.631702627643666054e-02	0.000000000000000000e+00
-3.000018000000000029e+04	0.000000000000000000e+00	0.000000000000000000e+00	3.418073061311685534e-02	0.000000000000000000e+00
-3.000015000000000146e+04	0.000000000000000000e+00	0.000000000000000000e+00	3.387554551835688516e-02	0.000000000000000000e+00
-3.000011999999999898e+04	0.000000000000000000e+00	0.000000000000000000e+00	3.509628589739677285e-02	0.000000000000000000e+00
-3.000009000000000015e+04	0.000000000000000000e+00	0.000000000000000000e+00	4.577776421399579188e-02	0.000000000000000000e+00
-3.000006000000000131e+04	0.000000000000000000e+00	0.000000000000000000e+00	4.211554307687612880e-02	0.000000000000000000e+00
-3.000002999999999884e+04	0.000000000000000000e+00	0.000000000000000000e+00	4.150517288735618149e-02	0.000000000000000000e+00
-3.000000999999999840e+04	0.000000000000000000e+00	0.000000000000000000e+00	4.547257911923581475e-02	0.000000000000000000e+00
-2.999997999999999956e+04	0.000000000000000000e+00	0.000000000000000000e+00	4.943998535111545495e-02	0.000000000000000000e+00
-2.999995000000000073e+04	0.000000000000000000e+00	0.000000000000000000e+00	3.601184118167669035e-02	0.000000000000000000e+00
-2.999990999999999985e+04	0.000000000000000000e+00	0.000000000000000000e+00	4.150517288735618149e-02	0.000000000000000000e+00
-2.999988000000000102e+04	0.000000000000000000e+00	0.000000000000000000e+00	4.547257911923581475e-02	0.000000000000000000e+00
-2.999984000000000015e+04	0.000000000000000000e+00	0.000000000000000000e+00	3.631702627643666054e-02	0.000000000000000000e+00
-2.999981000000000131e+04	0.000000000000000000e+00	0.000000000000000000e+00	3.509628589739677285e-02	0.000000000000000000e+00
-2.999977000000000044e+04	0.000000000000000000e+00	0.000000000000000000e+00	3.997924741355632361e-02	0.000000000000000000e+00
-2.999972999999999956e+04	0.000000000000000000e+00	0.000000000000000000e+00	5.401776177251502858e-02	0.000000000000000000e+00
-2.999968999999999869e+04	0.000000000000000000e+00	0.000000000000000000e+00	4.150517288735618149e-02	0.000000000000000000e+00
-2.999966999999999825e+04	0.000000000000000000e+00	0.000000000000000000e+00	3.692739646595660091e-02	0.000000000000000000e+00
-2.999963999999999942e+04	0.000000000000000000e+00	0.000000000000000000e+00	3.662221137119663072e-02	0.000000000000000000e+00
-2.999961999999999898e+04	0.000000000000000000e+00	0.000000000000000000e+00	3.753776665547654823e-02	0.000000000000000000e+00
-2.999959000000000015e+04	0.000000000000000000e+00	0.000000000000000000e+00	3.997924741355632361e-02	0.000000000000000000e+00
-2.999956999999999971e+04	0.000000000000000000e+00	0.000000000000000000e+00	3.601184118167669035e-02	0.000000000000000000e+00
-2.999954000000000087e+04	0.000000000000000000e+00	0.000000000000000000e+00	4.119998779259621130e-02	0.000000000000000000e+00
-2.999950999999999840e+04	0.000000000000000000e+00	0.000000000000000000e+00	3.418073061311685534e-02	0.000000000000000000e+00
-2.999947999999999956e+04	0.000000000000000000e+00	0.000000000000000000e+00	4.577776421399579188e-02	0.000000000000000000e+00
-2.999943999999999869e+04	0.000000000000000000e+00	0.000000000000000000e+00	3.784295175023651842e-02	0.000000000000000000e+00
-2.999940999999999985e+04	0.000000000000000000e+00	0.000000000000000000e+00	4.211554307687612880e-02	0.000000000000000000e+00
-2.999936999999999898e+04	0.000000000000000000e+00	0.000000000000000000e+00	3.784295175023651842e-02	0.000000000000000000e+00
-2.999931999999999971e+04	0.000000000000000000e+00	0.000000000000000000e+00	4.394665364543595687e-02	0.000000000000000000e+00
-2.999927999999999884e+04	0.000000000000000000e+00	0.000000000000000000e+00	4.028443250831629380e-02	0.000000000000000000e+00
-2.999924000000000160e+04	0.000000000000000000e+00	0.000000000000000000e+00	4.028443250831629380e-02	0.000000000000000000e+00
-2.999920000000000073e+04	0.000000000000000000e+00	0.000000000000000000e+00	5.432294686727500571e-02	0.000000000000000000e+00
-2.999916999999999825e+04	0.000000000000000000e+00	0.000000000000000000e+00	2.716147343363750286e-02	0.000000000000000000e+00
-2.999913999999999942e+04	0.000000000000000000e+00	0.000000000000000000e+00	3.784295175023651842e-02	0.000000000000000000e+00
-2.999911000000000058e+04	0.000000000000000000e+00	0.000000000000000000e+00	4.638813440351573225e-02	0.000000000000000000e+00
-2.999908000000000175e+04	0.000000000000000000e+00	0.000000000000000000e+00	4.486220892971587437e-02	0.000000000000000000e+00
-2.999904000000000087e+04	0.000000000000000000e+00	0.000000000000000000e+00	4.516739402447584456e-02	0.000000000000000000e+00
-2.999900999999999840e+04	0.000000000000000000e+00	0.000000000000000000e+00	4.455702383495590418e-02	0.000000000000000000e+00
-2.999899000000000160e+04	0.000000000000000000e+00	0.000000000000000000e+00	5.188146610919523033e-02	0.000000000000000000e+00
-2.999895999999999913e+04	0.000000000000000000e+00	0.000000000000000000e+00	4.608294930875576206e-02	0.000000000000000000e+00
-2.999893000000000029e+04	0.000000000000000000e+00	0.000000000000000000e+00	4.913480025635547782e-02	0.000000000000000000e+00
-2.999890999999999985e+04	0.000000000000000000e+00	0.000000000000000000e+00	5.096591082491531283e-02	0.000000000000000000e+00
-2.999888999999999942e+04	0.000000000000000000e+00	0.000000000000000000e+00	4.394665364543595687e-02	0.000000000000000000e+00
-2.999886000000000058e+04	0.000000000000000000e+00	0.000000000000000000e+00	4.272591326639606918e-02	0.000000000000000000e+00
-2.999883000000000175e+04	0.000000000000000000e+00	0.000000000000000000e+00	5.005035554063539532e-02	0.000000000000000000e+00
-2.999879999999999927e+04	0.000000000000000000e+00	0.000000000000000000e+00	4.364146855067598668e-02	0.000000000000000000e+00
-2.999877000000000044e+04	0.000000000000000000e+00	0.000000000000000000e+00	3.936887722403637629e-02	0.000000000000000000e+00
-2.999872999999999956e+04	0.000000000000000000e+00	0.000000000000000000e+00	4.150517288735618149e-02	0.000000000000000000e+00
-2.999868999999999869e+04	0.000000000000000000e+00	0.000000000000000000e+00	5.005035554063539532e-02	0.000000000000000000e+00
-2.999865000000000146e+04	0.000000000000000000e+00	0.000000000000000000e+00	4.821924497207556726e-02	0.000000000000000000e+00
-2.999863000000000102e+04	0.000000000000000000e+00	0.000000000000000000e+00	5.401776177251502858e-02	0.000000000000000000e+00
-2.999861000000000058e+04	0.000000000000000000e+00	0.000000000000000000e+00	4.242072817163609899e-02	0.000000000000000000e+00
-2.999859000000000015e+04	0.000000000000000000e+00	0.000000000000000000e+00	4.608294930875576206e-02	0.000000000000000000e+00
-2.999856000000000131e+04	0.000000000000000000e+00	0.000000000000000000e+00	4.333628345591601649e-02	0.000000000000000000e+00
-2.999854000000000087e+04	0.000000000000000000e+00	0.000000000000000000e+00	4.486220892971587437e-02	0.000000000000000000e+00
-2.999850999999999840e+04	0.000000000000000000e+00	0.000000000000000000e+00	4.242072817163609899e-02	0.000000000000000000e+00
-2.999847999999999956e+04	0.000000000000000000e+00	0.000000000000000000e+00	4.364146855067598668e-02	0.000000000000000000e+00
-2.999845999999999913e+04	0.000000000000000000e+00	0.000000000000000000e+00	4.791405987731559013e-02	0.000000000000000000e+00
-2.999843000000000029e+04	0.000000000000000000e+00	0.000000000000000000e+00	4.821924497207556726e-02	0.000000000000000000e+00
-2.999838999999999942e+04	0.000000000000000000e+00	0.000000000000000000e+00	4.394665364543595687e-02	0.000000000000000000e+00
-2.999836999999999898e+04	0.000000000000000000e+00	0.000000000000000000e+00	4.760887478255561994e-02	0.000000000000000000e+00
-2.999834999999999854e+04	0.000000000000000000e+00	0.000000000000000000e+00	5.188146610919523033e-02	0.000000000000000000e+00
-2.999831999999999971e+04	0.000000000000000000e+00	0.000000000000000000e+00	4.516739402447584456e-02	0.000000000000000000e+00
-2.999829000000000087e+04	0.000000000000000000e+00	0.000000000000000000e+00	5.279702139347514089e-02	0.000000000000000000e+00
-2.999827000000000044e+04	0.000000000000000000e+00	0.000000000000000000e+00	5.188146610919523033e-02	0.000000000000000000e+00
-2.999825999999999840e+04	0.000000000000000000e+00	0.000000000000000000e+00	5.493331705679494609e-02	0.000000000000000000e+00
-2.999824000000000160e+04	0.000000000000000000e+00	0.000000000000000000e+00	5.676442762535478109e-02	0.000000000000000000e+00
-2.999820999999999913e+04	0.000000000000000000e+00	0.000000000000000000e+00	3.875850703451643592e-02	0.000000000000000000e+00
-2.999820000000000073e+04	0.000000000000000000e+00	0.000000000000000000e+00	3.814813684499648860e-02	0.000000000000000000e+00
-2.999815999999999985e+04	0.000000000000000000e+00	0.000000000000000000e+00	5.340739158299508821e-02	0.000000000000000000e+00
-2.999813000000000102e+04	0.000000000000000000e+00	0.000000000000000000e+00	5.401776177251502858e-02	0.000000000000000000e+00
-2.999811000000000058e+04	0.000000000000000000e+00	0.000000000000000000e+00	5.096591082491531283e-02	0.000000000000000000e+00
-2.999809000000000015e+04	0.000000000000000000e+00	0.000000000000000000e+00	5.066072573015534264e-02	0.000000000000000000e+00
-2.999806000000000131e+04	0.000000000000000000e+00	0.000000000000000000e+00	5.432294686727500571e-02	0.000000000000000000e+00
-2.999802999999999884e+04	0.000000000000000000e+00	0.000000000000000000e+00	5.645924253059480397e-02	0.000000000000000000e+00
-2.999800999999999840e+04	0.000000000000000000e+00	0.000000000000000000e+00	4.486220892971587437e-02	0.000000000000000000e+00
-2.999799000000000160e+04	0.000000000000000000e+00	0.000000000000000000e+00	4.486220892971587437e-02	0.000000000000000000e+00
-2.999795999999999913e+04	0.000000000000000000e+00	0.000000000000000000e+00	5.096591082491531283e-02	0.000000000000000000e+00
-2.999793999999999869e+04	0.000000000000000000e+00	0.000000000000000000e+00	5.096591082491531283e-02	0.000000000000000000e+00
-2.999790999999999985e+04	0.000000000000000000e+00	0.000000000000000000e+00	4.333628345591601649e-02	0.000000000000000000e+00
-2.999788999999999942e+04	0.000000000000000000e+00	0.000000000000000000e+00	5.005035554063539532e-02	0.000000000000000000e+00
-2.999786000000000058e+04	0.000000000000000000e+00	0.000000000000000000e+00	4.638813440351573225e-02	0.000000000000000000e+00
-2.999783000000000175e+04	0.000000000000000000e+00	0.000000000000000000e+00	4.638813440351573225e-02	0.000000000000000000e+00
-2.999781000000000131e+04	0.000000000000000000e+00	0.000000000000000000e+00	5.645924253059480397e-02	0.000000000000000000e+00
-2.999779999999999927e+04	0.000000000000000000e+00	0.000000000000000000e+00	7.354960783715323858e-02	0.000000000000000000e+00
-2.999777999999999884e+04	0.000000000000000000e+00	0.000000000000000000e+00	6.317331461531418280e-02	0.000000000000000000e+00
-2.999774000000000160e+04	0.000000000000000000e+00	0.000000000000000000e+00	4.699850459303567957e-02	0.000000000000000000e+00
-2.999770999999999913e+04	0.000000000000000000e+00	0.000000000000000000e+00	5.096591082491531283e-02	0.000000000000000000e+00
-2.999770000000000073e+04	0.000000000000000000e+00	0.000000000000000000e+00	5.096591082491531283e-02	0.000000000000000000e+00
-2.999768000000000029e+04	0.000000000000000000e+00	0.000000000000000000e+00	5.218665120395520052e-02	0.000000000000000000e+00
-2.999766999999999825e+04	0.000000000000000000e+00	0.000000000000000000e+00	6.195257423627430204e-02	0.000000000000000000e+00
-2.999765000000000146e+04	0.000000000000000000e+00	0.000000000000000000e+00	5.554368724631489340e-02	0.000000000000000000e+00
-2.999763000000000102e+04	0.000000000000000000e+00	0.000000000000000000e+00	5.096591082491531283e-02	0.000000000000000000e+00
-2.999761000000000058e+04	0.000000000000000000e+00	0.000000000000000000e+00	4.943998535111545495e-02	0.000000000000000000e+00
-2.999759000000000015e+04	0.000000000000000000e+00	0.000000000000000000e+00	4.699850459303567957e-02	0.000000000000000000e+00
-2.999756999999999971e+04	0.000000000000000000e+00	0.000000000000000000e+00	5.279702139347514089e-02	0.000000000000000000e+00
-2.999754999999999927e+04	0.000000000000000000e+00	0.000000000000000000e+00	4.852443006683553745e-02	0.000000000000000000e+00
-2.999752999999999884e+04	0.000000000000000000e+00	0.000000000000000000e+00	4.608294930875576206e-02	0.000000000000000000e+00
-2.999750999999999840e+04	0.000000000000000000e+00	0.000000000000000000e+00	6.134220404675435473e-02	0.000000000000000000e+00
-2.999749000000000160e+04	0.000000000000000000e+00	0.000000000000000000e+00	5.005035554063539532e-02	0.000000000000000000e+00
-2.999745999999999913e+04	0.000000000000000000e+00	0.000000000000000000e+00	5.188146610919523033e-02	0.000000000000000000e+00
-2.999745000000000073e+04	0.000000000000000000e+00	0.000000000000000000e+00	4.943998535111545495e-02	0.000000000000000000e+00
-2.999743999999999869e+04	0.000000000000000000e+00	0.000000000000000000e+00	3.997924741355632361e-02	0.000000000000000000e+00
-2.999741999999999825e+04	0.000000000000000000e+00	0.000000000000000000e+00	5.035554063539536551e-02	0.000000000000000000e+00
-2.999740000000000146e+04	0.000000000000000000e+00	0.000000000000000000e+00	5.249183629871517071e-02	0.000000000000000000e+00
-2.999738000000000102e+04	0.000000000000000000e+00	0.000000000000000000e+00	5.737479781487472147e-02	0.000000000000000000e+00
-2.999736000000000058e+04	0.000000000000000000e+00	0.000000000000000000e+00	6.042664876247444417e-02	0.000000000000000000e+00
-2.999734000000000015e+04	0.000000000000000000e+00	0.000000000000000000e+00	4.730368968779564975e-02	0.000000000000000000e+00
-2.999731999999999971e+04	0.000000000000000000e+00	0.000000000000000000e+00	5.401776177251502858e-02	0.000000000000000000e+00
-2.999729999999999927e+04	0.000000000000000000e+00	0.000000000000000000e+00	5.432294686727500571e-02	0.000000000000000000e+00
-2.999727999999999884e+04	0.000000000000000000e+00	0.000000000000000000e+00	5.737479781487472147e-02	0.000000000000000000e+00
-2.999725999999999840e+04	0.000000000000000000e+00	0.000000000000000000e+00	5.645924253059480397e-02	0.000000000000000000e+00
-2.999725000000000000e+04	0.000000000000000000e+00	0.000000000000000000e+00	5.005035554063539532e-02	0.000000000000000000e+00
-2.999722999999999956e+04	0.000000000000000000e+00	0.000000000000000000e+00	5.249183629871517071e-02	0.000000000000000000e+00
-2.999720999999999913e+04	0.000000000000000000e+00	0.000000000000000000e+00	5.859553819391460916e-02	0.000000000000000000e+00
-2.999718999999999869e+04	0.000000000000000000e+00	0.000000000000000000e+00	5.188146610919523033e-02	0.000000000000000000e+00
-2.999716999999999825e+04	0.000000000000000000e+00	0.000000000000000000e+00	5.310220648823511802e-02	0.000000000000000000e+00
-2.999715000000000146e+04	0.000000000000000000e+00	0.000000000000000000e+00	4.943998535111545495e-02	0.000000000000000000e+00
-2.999713000000000102e+04	0.000000000000000000e+00	0.000000000000000000e+00	5.249183629871517071e-02	0.000000000000000000e+00
-2.999711000000000058e+04	0.000000000000000000e+00	0.000000000000000000e+00	6.347849971007415992e-02	0.000000000000000000e+00
-2.999709000000000015e+04	0.000000000000000000e+00	0.000000000000000000e+00	6.378368480483413705e-02	0.000000000000000000e+00
-2.999706999999999971e+04	0.000000000000000000e+00	0.000000000000000000e+00	5.218665120395520052e-02	0.000000000000000000e+00
-2.999706000000000131e+04	0.000000000000000000e+00	0.000000000000000000e+00	6.256294442579424242e-02	0.000000000000000000e+00
-2.999704000000000087e+04	0.000000000000000000e+00	0.000000000000000000e+00	6.195257423627430204e-02	0.000000000000000000e+00
-2.999700000000000000e+04	0.000000000000000000e+00	0.000000000000000000e+00	6.134220404675435473e-02	0.000000000000000000e+00
-2.999697000000000116e+04	0.000000000000000000e+00	0.000000000000000000e+00	5.859553819391460916e-02	0.000000000000000000e+00
-2.999695000000000073e+04	0.000000000000000000e+00	0.000000000000000000e+00	5.249183629871517071e-02	0.000000000000000000e+00
-2.999693000000000029e+04	0.000000000000000000e+00	0.000000000000000000e+00	6.225775933103427223e-02	0.000000000000000000e+00
-2.999690000000000146e+04	0.000000000000000000e+00	0.000000000000000000e+00	6.317331461531418280e-02	0.000000000000000000e+00
-2.999686999999999898e+04	0.000000000000000000e+00	0.000000000000000000e+00	5.432294686727500571e-02	0.000000000000000000e+00
-2.999684999999999854e+04	0.000000000000000000e+00	0.000000000000000000e+00	6.103701895199438454e-02	0.000000000000000000e+00
-2.999683000000000175e+04	0.000000000000000000e+00	0.000000000000000000e+00	6.408886989959410030e-02	0.000000000000000000e+00
-2.999679999999999927e+04	0.000000000000000000e+00	0.000000000000000000e+00	6.225775933103427223e-02	0.000000000000000000e+00
-2.999677999999999884e+04	0.000000000000000000e+00	0.000000000000000000e+00	6.500442518387401780e-02	0.000000000000000000e+00
-2.999674000000000160e+04	0.000000000000000000e+00	0.000000000000000000e+00	6.195257423627430204e-02	0.000000000000000000e+00
-2.999672000000000116e+04	0.000000000000000000e+00	0.000000000000000000e+00	7.110812707907346319e-02	0.000000000000000000e+00
-2.999670999999999913e+04	0.000000000000000000e+00	0.000000000000000000e+00	6.256294442579424242e-02	0.000000000000000000e+00
-2.999668999999999869e+04	0.000000000000000000e+00	0.000000000000000000e+00	6.012146366771446704e-02	0.000000000000000000e+00
-2.999665999999999985e+04	0.000000000000000000e+00	0.000000000000000000e+00	5.859553819391460916e-02	0.000000000000000000e+00
-2.999663999999999942e+04	0.000000000000000000e+00	0.000000000000000000e+00	6.012146366771446704e-02	0.000000000000000000e+00
-2.999661999999999898e+04	0.000000000000000000e+00	0.000000000000000000e+00	5.737479781487472147e-02	0.000000000000000000e+00
-2.999659999999999854e+04	0.000000000000000000e+00	0.000000000000000000e+00	6.164738914151433186e-02	0.000000000000000000e+00
-2.999656999999999971e+04	0.000000000000000000e+00	0.000000000000000000e+00	5.859553819391460916e-02	0.000000000000000000e+00
-2.999654999999999927e+04	0.000000000000000000e+00	0.000000000000000000e+00	5.981627857295449685e-02	0.000000000000000000e+00
-2.999652999999999884e+04	0.000000000000000000e+00	0.000000000000000000e+00	6.012146366771446704e-02	0.000000000000000000e+00
-2.999650999999999840e+04	0.000000000000000000e+00	0.000000000000000000e+00	5.645924253059480397e-02	0.000000000000000000e+00
-2.999650000000000000e+04	0.000000000000000000e+00	0.000000000000000000e+00	6.622516556291391243e-02	0.000000000000000000e+00
-2.999647999999999956e+04	0.000000000000000000e+00	0.000000000000000000e+00	5.798516800439466878e-02	0.000000000000000000e+00
-2.999645999999999913e+04	0.000000000000000000e+00	0.000000000000000000e+00	6.561479537339395818e-02	0.000000000000000000e+00
-2.999645000000000073e+04	0.000000000000000000e+00	0.000000000000000000e+00	6.744590594195379318e-02	0.000000000000000000e+00
-2.999643000000000029e+04	0.000000000000000000e+00	0.000000000000000000e+00	5.554368724631489340e-02	0.000000000000000000e+00
-2.999640999999999985e+04	0.000000000000000000e+00	0.000000000000000000e+00	6.225775933103427223e-02	0.000000000000000000e+00
-2.999638999999999942e+04	0.000000000000000000e+00	0.000000000000000000e+00	6.561479537339395818e-02	0.000000000000000000e+00
-2.999636000000000058e+04	0.000000000000000000e+00	0.000000000000000000e+00	5.523850215155491628e-02	0.000000000000000000e+00
-2.999633000000000175e+04	0.000000000000000000e+00	0.000000000000000000e+00	6.653035065767387568e-02	0.000000000000000000e+00
-2.999631000000000131e+04	0.000000000000000000e+00	0.000000000000000000e+00	6.439405499435407743e-02	0.000000000000000000e+00
-2.999627999999999884e+04	0.000000000000000000e+00	0.000000000000000000e+00	6.378368480483413705e-02	0.000000000000000000e+00
-2.999624000000000160e+04	0.000000000000000000e+00	0.000000000000000000e+00	6.012146366771446704e-02	0.000000000000000000e+00
-2.999620999999999913e+04	0.000000000000000000e+00	0.000000000000000000e+00	6.836146122623371069e-02	0.000000000000000000e+00
-2.999620000000000073e+04	0.000000000000000000e+00	0.000000000000000000e+00	6.439405499435407743e-02	0.000000000000000000e+00
-2.999618000000000029e+04	0.000000000000000000e+00	0.000000000000000000e+00	6.408886989959410030e-02	0.000000000000000000e+00
-2.999615000000000146e+04	0.000000000000000000e+00	0.000000000000000000e+00	6.408886989959410030e-02	0.000000000000000000e+00
-2.999611000000000058e+04	0.000000000000000000e+00	0.000000000000000000e+00	7.202368236335338070e-02	0.000000000000000000e+00
-2.999609000000000015e+04	0.000000000000000000e+00	0.000000000000000000e+00	6.134220404675435473e-02	0.000000000000000000e+00
-2.999606999999999971e+04	0.000000000000000000e+00	0.000000000000000000e+00	6.439405499435407743e-02	0.000000000000000000e+00
-2.999604000000000087e+04	0.000000000000000000e+00	0.000000000000000000e+00	6.225775933103427223e-02	0.000000000000000000e+00
-2.999600999999999840e+04	0.000000000000000000e+00	0.000000000000000000e+00	5.859553819391460916e-02	0.000000000000000000e+00
-2.999600000000000000e+04	0.000000000000000000e+00	0.000000000000000000e+00	6.164738914151433186e-02	0.000000000000000000e+00
-2.999597999999999956e+04	0.000000000000000000e+00	0.000000000000000000e+00	7.415997802667317895e-02	0.000000000000000000e+00
-2.999595999999999913e+04	0.000000000000000000e+00	0.000000000000000000e+00	6.164738914151433186e-02	0.000000000000000000e+00
-2.999593000000000029e+04	0.000000000000000000e+00	0.000000000000000000e+00	5.951109347819452666e-02	0.000000000000000000e+00
-2.999590000000000146e+04	0.000000000000000000e+00	0.000000000000000000e+00	4.699850459303567957e-02	0.000000000000000000e+00
-2.999586999999999898e+04	0.000000000000000000e+00	0.000000000000000000e+00	6.256294442579424242e-02	0.000000000000000000e+00
-2.999584000000000015e+04	0.000000000000000000e+00	0.000000000000000000e+00	6.042664876247444417e-02	0.000000000000000000e+00
-2.999581999999999971e+04	0.000000000000000000e+00	0.000000000000000000e+00	7.080294198431348607e-02	0.000000000000000000e+00
-2.999579000000000087e+04	0.000000000000000000e+00	0.000000000000000000e+00	7.873775444807275259e-02	0.000000000000000000e+00
-2.999575999999999840e+04	0.000000000000000000e+00	0.000000000000000000e+00	6.408886989959410030e-02	0.000000000000000000e+00
-2.999572999999999956e+04	0.000000000000000000e+00	0.000000000000000000e+00	6.958220160527360532e-02	0.000000000000000000e+00
-2.999570999999999913e+04	0.000000000000000000e+00	0.000000000000000000e+00	6.805627613147373356e-02	0.000000000000000000e+00
-2.999568000000000029e+04	0.000000000000000000e+00	0.000000000000000000e+00	7.385479293191320183e-02	0.000000000000000000e+00
-2.999565999999999985e+04	0.000000000000000000e+00	0.000000000000000000e+00	6.317331461531418280e-02	0.000000000000000000e+00
-2.999565000000000146e+04	0.000000000000000000e+00	0.000000000000000000e+00	7.141331217383342644e-02	0.000000000000000000e+00
-2.999563000000000102e+04	0.000000000000000000e+00	0.000000000000000000e+00	6.256294442579424242e-02	0.000000000000000000e+00
-2.999561000000000058e+04	0.000000000000000000e+00	0.000000000000000000e+00	6.591998046815393530e-02	0.000000000000000000e+00
-2.999558000000000175e+04	0.000000000000000000e+00	0.000000000000000000e+00	6.347849971007415992e-02	0.000000000000000000e+00
-2.999556000000000131e+04	0.000000000000000000e+00	0.000000000000000000e+00	6.500442518387401780e-02	0.000000000000000000e+00
-2.999554000000000087e+04	0.000000000000000000e+00	0.000000000000000000e+00	7.415997802667317895e-02	0.000000000000000000e+00
-2.999550999999999840e+04	0.000000000000000000e+00	0.000000000000000000e+00	6.134220404675435473e-02	0.000000000000000000e+00
-2.999547999999999956e+04	0.000000000000000000e+00	0.000000000000000000e+00	6.317331461531418280e-02	0.000000000000000000e+00
-2.999545999999999913e+04	0.000000000000000000e+00	0.000000000000000000e+00	7.202368236335338070e-02	0.000000000000000000e+00
-2.999543000000000029e+04	0.000000000000000000e+00	0.000000000000000000e+00	6.683553575243385281e-02	0.000000000000000000e+00
-2.999540000000000146e+04	0.000000000000000000e+00	0.000000000000000000e+00	7.049775688955350894e-02	0.000000000000000000e+00
-2.999536000000000058e+04	0.000000000000000000e+00	0.000000000000000000e+00	7.965330973235267009e-02	0.000000000000000000e+00
-2.999534000000000015e+04	0.000000000000000000e+00	0.000000000000000000e+00	7.660145878475295433e-02	0.000000000000000000e+00
-2.999531999999999971e+04	0.000000000000000000e+00	0.000000000000000000e+00	7.995849482711264722e-02	0.000000000000000000e+00
-2.999531000000000131e+04	0.000000000000000000e+00	0.000000000000000000e+00	8.026367992187261047e-02	0.000000000000000000e+00
-2.999529000000000087e+04	0.000000000000000000e+00	0.000000000000000000e+00	7.415997802667317895e-02	0.000000000000000000e+00
-2.999527000000000044e+04	0.000000000000000000e+00	0.000000000000000000e+00	6.683553575243385281e-02	0.000000000000000000e+00
-2.999525000000000000e+04	0.000000000000000000e+00	0.000000000000000000e+00	6.561479537339395818e-02	0.000000000000000000e+00
-2.999522999999999956e+04	0.000000000000000000e+00	0.000000000000000000e+00	7.385479293191320183e-02	0.000000000000000000e+00
-2.999518999999999869e+04	0.000000000000000000e+00	0.000000000000000000e+00	7.293923764763328432e-02	0.000000000000000000e+00
-2.999515999999999985e+04	0.000000000000000000e+00	0.000000000000000000e+00	6.164738914151433186e-02	0.000000000000000000e+00
-2.999511999999999898e+04	0.000000000000000000e+00	0.000000000000000000e+00	7.110812707907346319e-02	0.000000000000000000e+00
-2.999511000000000058e+04	0.000000000000000000e+00	0.000000000000000000e+00	6.866664632099368781e-02	0.000000000000000000e+00
-2.999509000000000015e+04	0.000000000000000000e+00	0.000000000000000000e+00	7.324442274239326145e-02	0.000000000000000000e+00
-2.999506999999999971e+04	0.000000000000000000e+00	0.000000000000000000e+00	6.561479537339395818e-02	0.000000000000000000e+00
-2.999504000000000087e+04	0.000000000000000000e+00	0.000000000000000000e+00	6.225775933103427223e-02	0.000000000000000000e+00
-2.999500999999999840e+04	0.000000000000000000e+00	0.000000000000000000e+00	6.317331461531418280e-02	0.000000000000000000e+00
-2.999497999999999956e+04	0.000000000000000000e+00	0.000000000000000000e+00	6.958220160527360532e-02	0.000000000000000000e+00
-2.999495999999999913e+04	0.000000000000000000e+00	0.000000000000000000e+00	6.958220160527360532e-02	0.000000000000000000e+00
-2.999493000000000029e+04	0.000000000000000000e+00	0.000000000000000000e+00	8.301034577471236298e-02	0.000000000000000000e+00
-2.999490999999999985e+04	0.000000000000000000e+00	0.000000000000000000e+00	7.354960783715323858e-02	0.000000000000000000e+00
-2.999488000000000102e+04	0.000000000000000000e+00	0.000000000000000000e+00	7.446516312143315608e-02	0.000000000000000000e+00
-2.999484000000000015e+04	0.000000000000000000e+00	0.000000000000000000e+00	7.446516312143315608e-02	0.000000000000000000e+00
-2.999481999999999971e+04	0.000000000000000000e+00	0.000000000000000000e+00	7.782219916379283509e-02	0.000000000000000000e+00
-2.999479999999999927e+04	0.000000000000000000e+00	0.000000000000000000e+00	7.721182897427289471e-02	0.000000000000000000e+00
-2.999475999999999840e+04	0.000000000000000000e+00	0.000000000000000000e+00	7.782219916379283509e-02	0.000000000000000000e+00
-2.999472999999999956e+04	0.000000000000000000e+00	0.000000000000000000e+00	7.965330973235267009e-02	0.000000000000000000e+00
-2.999470999999999913e+04	0.000000000000000000e+00	0.000000000000000000e+00	7.354960783715323858e-02	0.000000000000000000e+00
-2.999468999999999869e+04	0.000000000000000000e+00	0.000000000000000000e+00	7.385479293191320183e-02	0.000000000000000000e+00
-2.999468000000000029e+04	0.000000000000000000e+00	0.000000000000000000e+00	7.873775444807275259e-02	0.000000000000000000e+00
-2.999465999999999985e+04	0.000000000000000000e+00	0.000000000000000000e+00	7.080294198431348607e-02	0.000000000000000000e+00
-2.999461999999999898e+04	0.000000000000000000e+00	0.000000000000000000e+00	7.263405255287332107e-02	0.000000000000000000e+00
-2.999459999999999854e+04	0.000000000000000000e+00	0.000000000000000000e+00	6.653035065767387568e-02	0.000000000000000000e+00
-2.999456999999999971e+04	0.000000000000000000e+00	0.000000000000000000e+00	7.324442274239326145e-02	0.000000000000000000e+00
-2.999454000000000087e+04	0.000000000000000000e+00	0.000000000000000000e+00	7.263405255287332107e-02	0.000000000000000000e+00
-2.999450000000000000e+04	0.000000000000000000e+00	0.000000000000000000e+00	7.812738425855281221e-02	0.000000000000000000e+00
-2.999447000000000116e+04	0.000000000000000000e+00	0.000000000000000000e+00	8.301034577471236298e-02	0.000000000000000000e+00
-2.999445999999999913e+04	0.000000000000000000e+00	0.000000000000000000e+00	7.660145878475295433e-02	0.000000000000000000e+00
-2.999443999999999869e+04	0.000000000000000000e+00	0.000000000000000000e+00	7.080294198431348607e-02	0.000000000000000000e+00
-2.999440999999999985e+04	0.000000000000000000e+00	0.000000000000000000e+00	7.324442274239326145e-02	0.000000000000000000e+00
-2.999436999999999898e+04	0.000000000000000000e+00	0.000000000000000000e+00	7.080294198431348607e-02	0.000000000000000000e+00
-2.999434999999999854e+04	0.000000000000000000e+00	0.000000000000000000e+00	7.507553331095309646e-02	0.000000000000000000e+00
-2.999433000000000175e+04	0.000000000000000000e+00	0.000000000000000000e+00	8.758812219611193661e-02	0.000000000000000000e+00
-2.999429000000000087e+04	0.000000000000000000e+00	0.000000000000000000e+00	7.629627368999297721e-02	0.000000000000000000e+00
-2.999425999999999840e+04	0.000000000000000000e+00	0.000000000000000000e+00	8.148442030091250510e-02	0.000000000000000000e+00
-2.999424000000000160e+04	0.000000000000000000e+00	0.000000000000000000e+00	8.606219672231207873e-02	0.000000000000000000e+00
-2.999422000000000116e+04	0.000000000000000000e+00	0.000000000000000000e+00	9.063997314371166625e-02	0.000000000000000000e+00
-2.999420000000000073e+04	0.000000000000000000e+00	0.000000000000000000e+00	8.301034577471236298e-02	0.000000000000000000e+00
-2.999416999999999825e+04	0.000000000000000000e+00	0.000000000000000000e+00	8.728293710135197336e-02	0.000000000000000000e+00
-2.999413000000000102e+04	0.000000000000000000e+00	0.000000000000000000e+00	7.873775444807275259e-02	0.000000000000000000e+00
-2.999409999999999854e+04	0.000000000000000000e+00	0.000000000000000000e+00	7.446516312143315608e-02	0.000000000000000000e+00
-2.999408000000000175e+04	0.000000000000000000e+00	0.000000000000000000e+00	7.965330973235267009e-02	0.000000000000000000e+00
-2.999406000000000131e+04	0.000000000000000000e+00	0.000000000000000000e+00	7.782219916379283509e-02	0.000000000000000000e+00
-2.999404000000000087e+04	0.000000000000000000e+00	0.000000000000000000e+00	7.873775444807275259e-02	0.000000000000000000e+00
-2.999400999999999840e+04	0.000000000000000000e+00	0.000000000000000000e+00	8.087405011139256472e-02	0.000000000000000000e+00
-2.999399000000000160e+04	0.000000000000000000e+00	0.000000000000000000e+00	8.362071596423230335e-02	0.000000000000000000e+00
-2.999395000000000073e+04	0.000000000000000000e+00	0.000000000000000000e+00	7.354960783715323858e-02	0.000000000000000000e+00
-2.999390999999999985e+04	0.000000000000000000e+00	0.000000000000000000e+00	7.782219916379283509e-02	0.000000000000000000e+00
-2.999388999999999942e+04	0.000000000000000000e+00	0.000000000000000000e+00	8.026367992187261047e-02	0.000000000000000000e+00
-2.999386000000000058e+04	0.000000000000000000e+00	0.000000000000000000e+00	8.209479049043244547e-02	0.000000000000000000e+00
-2.999384000000000015e+04	0.000000000000000000e+00	0.000000000000000000e+00	7.782219916379283509e-02	0.000000000000000000e+00
-2.999381000000000131e+04	0.000000000000000000e+00	0.000000000000000000e+00	7.751701406903287184e-02	0.000000000000000000e+00
-2.999379000000000087e+04	0.000000000000000000e+00	0.000000000000000000e+00	7.904293954283272972e-02	0.000000000000000000e+00
-2.999375999999999840e+04	0.000000000000000000e+00	0.000000000000000000e+00	8.941923276467177162e-02	0.000000000000000000e+00
-2.999374000000000160e+04	0.000000000000000000e+00	0.000000000000000000e+00	8.850367748039185412e-02	0.000000000000000000e+00
-2.999370999999999913e+04	0.000000000000000000e+00	0.000000000000000000e+00	9.308145390179144163e-02	0.000000000000000000e+00
-2.999368999999999869e+04	0.000000000000000000e+00	0.000000000000000000e+00	8.575701162755211548e-02	0.000000000000000000e+00
-2.999366999999999825e+04	0.000000000000000000e+00	0.000000000000000000e+00	9.704886013367107489e-02	0.000000000000000000e+00
-2.999363999999999942e+04	0.000000000000000000e+00	0.000000000000000000e+00	8.239997558519242260e-02	0.000000000000000000e+00
-2.999361999999999898e+04	0.000000000000000000e+00	0.000000000000000000e+00	9.002960295419171199e-02	0.000000000000000000e+00
-2.999361000000000058e+04	0.000000000000000000e+00	0.000000000000000000e+00	8.453627124851222085e-02	0.000000000000000000e+00
-2.999358000000000175e+04	0.000000000000000000e+00	0.000000000000000000e+00	8.606219672231207873e-02	0.000000000000000000e+00
-2.999354999999999927e+04	0.000000000000000000e+00	0.000000000000000000e+00	9.002960295419171199e-02	0.000000000000000000e+00
-2.999352999999999884e+04	0.000000000000000000e+00	0.000000000000000000e+00	8.331553086947234010e-02	0.000000000000000000e+00
-2.999352000000000044e+04	0.000000000000000000e+00	0.000000000000000000e+00	8.239997558519242260e-02	0.000000000000000000e+00
-2.999350000000000000e+04	0.000000000000000000e+00	0.000000000000000000e+00	8.239997558519242260e-02	0.000000000000000000e+00
-2.999345999999999913e+04	0.000000000000000000e+00	0.000000000000000000e+00	8.239997558519242260e-02	0.000000000000000000e+00
-2.999343999999999869e+04	0.000000000000000000e+00	0.000000000000000000e+00	8.697775200659199624e-02	0.000000000000000000e+00
-2.999340999999999985e+04	0.000000000000000000e+00	0.000000000000000000e+00	8.514664143803216123e-02	0.000000000000000000e+00
-2.999338000000000102e+04	0.000000000000000000e+00	0.000000000000000000e+00	9.155552842799158375e-02	0.000000000000000000e+00
-2.999334999999999854e+04	0.000000000000000000e+00	0.000000000000000000e+00	8.789330729087191374e-02	0.000000000000000000e+00
-2.999333000000000175e+04	0.000000000000000000e+00	0.000000000000000000e+00	9.125034333323160662e-02	0.000000000000000000e+00
-2.999331000000000131e+04	0.000000000000000000e+00	0.000000000000000000e+00	8.606219672231207873e-02	0.000000000000000000e+00
-2.999327999999999884e+04	0.000000000000000000e+00	0.000000000000000000e+00	9.460737937559129951e-02	0.000000000000000000e+00
-2.999324000000000160e+04	0.000000000000000000e+00	0.000000000000000000e+00	9.735404522843103814e-02	0.000000000000000000e+00
-2.999320000000000073e+04	0.000000000000000000e+00	0.000000000000000000e+00	9.033478804895168912e-02	0.000000000000000000e+00
-2.999318000000000029e+04	0.000000000000000000e+00	0.000000000000000000e+00	9.552293465987121701e-02	0.000000000000000000e+00
-2.999315999999999985e+04	0.000000000000000000e+00	0.000000000000000000e+00	9.857478560747093277e-02	0.000000000000000000e+00
-2.999315000000000146e+04	0.000000000000000000e+00	0.000000000000000000e+00	9.247108371227148738e-02	0.000000000000000000e+00
-2.999313000000000102e+04	0.000000000000000000e+00	0.000000000000000000e+00	9.704886013367107489e-02	0.000000000000000000e+00
-2.999311000000000058e+04	0.000000000000000000e+00	0.000000000000000000e+00	9.155552842799158375e-02	0.000000000000000000e+00
-2.999306999999999971e+04	0.000000000000000000e+00	0.000000000000000000e+00	9.125034333323160662e-02	0.000000000000000000e+00
-2.999304000000000087e+04	0.000000000000000000e+00	0.000000000000000000e+00	8.484145634327219798e-02	0.000000000000000000e+00
-2.999302000000000044e+04	0.000000000000000000e+00	0.000000000000000000e+00	8.728293710135197336e-02	0.000000000000000000e+00
-2.999300000000000000e+04	0.000000000000000000e+00	0.000000000000000000e+00	9.643848994415113451e-02	0.000000000000000000e+00
-2.999297999999999956e+04	0.000000000000000000e+00	0.000000000000000000e+00	9.613330484939115739e-02	0.000000000000000000e+00
-2.999295999999999913e+04	0.000000000000000000e+00	0.000000000000000000e+00	9.247108371227148738e-02	0.000000000000000000e+00
-2.999293000000000029e+04	0.000000000000000000e+00	0.000000000000000000e+00	8.819849238563189087e-02	0.000000000000000000e+00
-2.999290000000000146e+04	0.000000000000000000e+00	0.000000000000000000e+00	9.186071352275154700e-02	0.000000000000000000e+00
-2.999286999999999898e+04	0.000000000000000000e+00	0.000000000000000000e+00	9.308145390179144163e-02	0.000000000000000000e+00
-2.999284999999999854e+04	0.000000000000000000e+00	0.000000000000000000e+00	9.765923032319101527e-02	0.000000000000000000e+00
-2.999284000000000015e+04	0.000000000000000000e+00	0.000000000000000000e+00	9.887997070223090990e-02	0.000000000000000000e+00
-2.999281999999999971e+04	0.000000000000000000e+00	0.000000000000000000e+00	1.065095980712301993e-01	0.000000000000000000e+00
-2.999279000000000087e+04	0.000000000000000000e+00	0.000000000000000000e+00	9.949034089175085027e-02	0.000000000000000000e+00
-2.999275999999999840e+04	0.000000000000000000e+00	0.000000000000000000e+00	1.058992278817102589e-01	0.000000000000000000e+00
-2.999272999999999956e+04	0.000000000000000000e+00	0.000000000000000000e+00	1.007110812707907310e-01	0.000000000000000000e+00
-2.999270000000000073e+04	0.000000000000000000e+00	0.000000000000000000e+00	9.277626880703146450e-02	0.000000000000000000e+00
-2.999266999999999825e+04	0.000000000000000000e+00	0.000000000000000000e+00	9.247108371227148738e-02	0.000000000000000000e+00
-2.999263999999999942e+04	0.000000000000000000e+00	0.000000000000000000e+00	9.613330484939115739e-02	0.000000000000000000e+00
-2.999261999999999898e+04	0.000000000000000000e+00	0.000000000000000000e+00	1.019318216498306257e-01	0.000000000000000000e+00
-2.999259999999999854e+04	0.000000000000000000e+00	0.000000000000000000e+00	9.643848994415113451e-02	0.000000000000000000e+00
-2.999258000000000175e+04	0.000000000000000000e+00	0.000000000000000000e+00	9.369182409131138201e-02	0.000000000000000000e+00
-2.999256000000000131e+04	0.000000000000000000e+00	0.000000000000000000e+00	9.613330484939115739e-02	0.000000000000000000e+00
-2.999252999999999884e+04	0.000000000000000000e+00	0.000000000000000000e+00	8.667256691183203299e-02	0.000000000000000000e+00
-2.999249000000000160e+04	0.000000000000000000e+00	0.000000000000000000e+00	9.033478804895168912e-02	0.000000000000000000e+00
-2.999247000000000116e+04	0.000000000000000000e+00	0.000000000000000000e+00	8.911404766991180837e-02	0.000000000000000000e+00
-2.999245999999999913e+04	0.000000000000000000e+00	0.000000000000000000e+00	1.001007110812707906e-01	0.000000000000000000e+00
-2.999243000000000029e+04	0.000000000000000000e+00	0.000000000000000000e+00	8.911404766991180837e-02	0.000000000000000000e+00
-2.999240999999999985e+04	0.000000000000000000e+00	0.000000000000000000e+00	1.025421918393505660e-01	0.000000000000000000e+00
-2.999238999999999942e+04	0.000000000000000000e+00	0.000000000000000000e+00	6.958220160527360532e-02	0.000000000000000000e+00
-2.999236999999999898e+04	0.000000000000000000e+00	0.000000000000000000e+00	9.063997314371166625e-02	0.000000000000000000e+00
-2.999234999999999854e+04	0.000000000000000000e+00	0.000000000000000000e+00	1.016266365550706485e-01	0.000000000000000000e+00
-2.999233000000000175e+04	0.000000000000000000e+00	0.000000000000000000e+00	9.369182409131138201e-02	0.000000000000000000e+00
-2.999231000000000131e+04	0.000000000000000000e+00	0.000000000000000000e+00	9.521774956511123988e-02	0.000000000000000000e+00
-2.999227999999999884e+04	0.000000000000000000e+00	0.000000000000000000e+00	1.001007110812707906e-01	0.000000000000000000e+00
-2.999225999999999840e+04	0.000000000000000000e+00	0.000000000000000000e+00	9.765923032319101527e-02	0.000000000000000000e+00
-2.999224000000000160e+04	0.000000000000000000e+00	0.000000000000000000e+00	1.034577471236304835e-01	0.000000000000000000e+00
-2.999222000000000116e+04	0.000000000000000000e+00	0.000000000000000000e+00	9.765923032319101527e-02	0.000000000000000000e+00
-2.999220000000000073e+04	0.000000000000000000e+00	0.000000000000000000e+00	1.040681173131504239e-01	0.000000000000000000e+00
-2.999218000000000029e+04	0.000000000000000000e+00	0.000000000000000000e+00	1.034577471236304835e-01	0.000000000000000000e+00
-2.999215999999999985e+04	0.000000000000000000e+00	0.000000000000000000e+00	1.007110812707907310e-01	0.000000000000000000e+00
-2.999213999999999942e+04	0.000000000000000000e+00	0.000000000000000000e+00	1.071199682607501397e-01	0.000000000000000000e+00
-2.999211999999999898e+04	0.000000000000000000e+00	0.000000000000000000e+00	1.077303384502700939e-01	0.000000000000000000e+00
-2.999209000000000015e+04	0.000000000000000000e+00	0.000000000000000000e+00	9.979552598651081352e-02	0.000000000000000000e+00
-2.999204999999999927e+04	0.000000000000000000e+00	0.000000000000000000e+00	1.022370067445905889e-01	0.000000000000000000e+00
-2.999200999999999840e+04	0.000000000000000000e+00	0.000000000000000000e+00	1.001007110812707906e-01	0.000000000000000000e+00
-2.999197999999999956e+04	0.000000000000000000e+00	0.000000000000000000e+00	9.430219428083132238e-02	0.000000000000000000e+00
-2.999195999999999913e+04	0.000000000000000000e+00	0.000000000000000000e+00	1.040681173131504239e-01	0.000000000000000000e+00
-2.999195000000000073e+04	0.000000000000000000e+00	0.000000000000000000e+00	1.010162663655507082e-01	0.000000000000000000e+00
-2.999193999999999869e+04	0.000000000000000000e+00	0.000000000000000000e+00	1.013214514603106853e-01	0.000000000000000000e+00
-2.999190000000000146e+04	0.000000000000000000e+00	0.000000000000000000e+00	9.704886013367107489e-02	0.000000000000000000e+00
-2.999186999999999898e+04	0.000000000000000000e+00	0.000000000000000000e+00	9.674367503891109776e-02	0.000000000000000000e+00
-2.999184999999999854e+04	0.000000000000000000e+00	0.000000000000000000e+00	1.062044129764702360e-01	0.000000000000000000e+00
-2.999183000000000175e+04	0.000000000000000000e+00	0.000000000000000000e+00	9.887997070223090990e-02	0.000000000000000000e+00
-2.999179999999999927e+04	0.000000000000000000e+00	0.000000000000000000e+00	1.107821893978698097e-01	0.000000000000000000e+00
-2.999177000000000044e+04	0.000000000000000000e+00	0.000000000000000000e+00	1.113925595873897501e-01	0.000000000000000000e+00
-2.999175000000000000e+04	0.000000000000000000e+00	0.000000000000000000e+00	1.071199682607501397e-01	0.000000000000000000e+00
-2.999170999999999913e+04	0.000000000000000000e+00	0.000000000000000000e+00	1.092562639240699518e-01	0.000000000000000000e+00
-2.999168999999999869e+04	0.000000000000000000e+00	0.000000000000000000e+00	1.092562639240699518e-01	0.000000000000000000e+00
-2.999166999999999825e+04	0.000000000000000000e+00	0.000000000000000000e+00	1.116977446821497272e-01	0.000000000000000000e+00
-2.999165000000000146e+04	0.000000000000000000e+00	0.000000000000000000e+00	1.129184850611896079e-01	0.000000000000000000e+00
-2.999161999999999898e+04	0.000000000000000000e+00	0.000000000000000000e+00	1.065095980712301993e-01	0.000000000000000000e+00
-2.999159000000000015e+04	0.000000000000000000e+00	0.000000000000000000e+00	1.092562639240699518e-01	0.000000000000000000e+00
-2.999156999999999971e+04	0.000000000000000000e+00	0.000000000000000000e+00	1.071199682607501397e-01	0.000000000000000000e+00
-2.999154000000000087e+04	0.000000000000000000e+00	0.000000000000000000e+00	9.491256447035126276e-02	0.000000000000000000e+00
-2.999150000000000000e+04	0.000000000000000000e+00	0.000000000000000000e+00	1.022370067445905889e-01	0.000000000000000000e+00
-2.999147999999999956e+04	0.000000000000000000e+00	0.000000000000000000e+00	1.068147831659901764e-01	0.000000000000000000e+00
-2.999145999999999913e+04	0.000000000000000000e+00	0.000000000000000000e+00	1.037629322183904607e-01	0.000000000000000000e+00
-2.999143999999999869e+04	0.000000000000000000e+00	0.000000000000000000e+00	9.674367503891109776e-02	0.000000000000000000e+00
-2.999140000000000146e+04	0.000000000000000000e+00	0.000000000000000000e+00	1.019318216498306257e-01	0.000000000000000000e+00
-2.999136999999999898e+04	0.000000000000000000e+00	0.000000000000000000e+00	1.086458937345500114e-01	0.000000000000000000e+00
-2.999136000000000058e+04	0.000000000000000000e+00	0.000000000000000000e+00	1.022370067445905889e-01	0.000000000000000000e+00
-2.999133000000000175e+04	0.000000000000000000e+00	0.000000000000000000e+00	1.055940427869502818e-01	0.000000000000000000e+00
-2.999131000000000131e+04	0.000000000000000000e+00	0.000000000000000000e+00	1.095614490188299150e-01	0.000000000000000000e+00
-2.999127999999999884e+04	0.000000000000000000e+00	0.000000000000000000e+00	1.092562639240699518e-01	0.000000000000000000e+00
-2.999125000000000000e+04	0.000000000000000000e+00	0.000000000000000000e+00	1.153599658192693833e-01	0.000000000000000000e+00
-2.999122000000000116e+04	0.000000000000000000e+00	0.000000000000000000e+00	1.083407086397900343e-01	0.000000000000000000e+00
-2.999120000000000073e+04	0.000000000000000000e+00	0.000000000000000000e+00	1.107821893978698097e-01	0.000000000000000000e+00
-2.999118000000000029e+04	0.000000000000000000e+00	0.000000000000000000e+00	1.101718192083498693e-01	0.000000000000000000e+00
-2.999113999999999942e+04	0.000000000000000000e+00	0.000000000000000000e+00	1.092562639240699518e-01	0.000000000000000000e+00
-2.999111999999999898e+04	0.000000000000000000e+00	0.000000000000000000e+00	1.116977446821497272e-01	0.000000000000000000e+00
-2.999109999999999854e+04	0.000000000000000000e+00	0.000000000000000000e+00	1.165807061983092779e-01	0.000000000000000000e+00
-2.999108000000000175e+04	0.000000000000000000e+00	0.000000000000000000e+00	1.303140354625079989e-01	0.000000000000000000e+00
-2.999104999999999927e+04	0.000000000000000000e+00	0.000000000000000000e+00	1.116977446821497272e-01	0.000000000000000000e+00
-2.999102000000000044e+04	0.000000000000000000e+00	0.000000000000000000e+00	1.153599658192693833e-01	0.000000000000000000e+00
-2.999100000000000000e+04	0.000000000000000000e+00	0.000000000000000000e+00	1.123081148716696676e-01	0.000000000000000000e+00
-2.999097000000000116e+04	0.000000000000000000e+00	0.000000000000000000e+00	1.199377422406689708e-01	0.000000000000000000e+00
-2.999095000000000073e+04	0.000000000000000000e+00	0.000000000000000000e+00	1.089510788293099747e-01	0.000000000000000000e+00
-2.999091999999999825e+04	0.000000000000000000e+00	0.000000000000000000e+00	1.080355235450300572e-01	0.000000000000000000e+00
-2.999088999999999942e+04	0.000000000000000000e+00	0.000000000000000000e+00	1.135288552507095622e-01	0.000000000000000000e+00
-2.999086000000000058e+04	0.000000000000000000e+00	0.000000000000000000e+00	1.153599658192693833e-01	0.000000000000000000e+00
-2.999083000000000175e+04	0.000000000000000000e+00	0.000000000000000000e+00	1.150547807245094201e-01	0.000000000000000000e+00
-2.999079999999999927e+04	0.000000000000000000e+00	0.000000000000000000e+00	1.159703360087893376e-01	0.000000000000000000e+00
-2.999077999999999884e+04	0.000000000000000000e+00	0.000000000000000000e+00	1.184118167668691129e-01	0.000000000000000000e+00
-2.999075999999999840e+04	0.000000000000000000e+00	0.000000000000000000e+00	1.181066316721091358e-01	0.000000000000000000e+00
-2.999072999999999956e+04	0.000000000000000000e+00	0.000000000000000000e+00	1.223792229987487462e-01	0.000000000000000000e+00
-2.999068999999999869e+04	0.000000000000000000e+00	0.000000000000000000e+00	1.159703360087893376e-01	0.000000000000000000e+00
-2.999066999999999825e+04	0.000000000000000000e+00	0.000000000000000000e+00	1.217688528092287920e-01	0.000000000000000000e+00
-2.999065999999999985e+04	0.000000000000000000e+00	0.000000000000000000e+00	1.235999633777886270e-01	0.000000000000000000e+00
-2.999063999999999942e+04	0.000000000000000000e+00	0.000000000000000000e+00	1.071199682607501397e-01	0.000000000000000000e+00
-2.999061000000000058e+04	0.000000000000000000e+00	0.000000000000000000e+00	1.171910763878292183e-01	0.000000000000000000e+00
-2.999059000000000015e+04	0.000000000000000000e+00	0.000000000000000000e+00	1.156651509140293604e-01	0.000000000000000000e+00
-2.999056000000000131e+04	0.000000000000000000e+00	0.000000000000000000e+00	1.211584826197088516e-01	0.000000000000000000e+00
-2.999054000000000087e+04	0.000000000000000000e+00	0.000000000000000000e+00	1.220740379039887691e-01	0.000000000000000000e+00
-2.999050999999999840e+04	0.000000000000000000e+00	0.000000000000000000e+00	1.141392254402295026e-01	0.000000000000000000e+00
-2.999047999999999956e+04	0.000000000000000000e+00	0.000000000000000000e+00	1.113925595873897501e-01	0.000000000000000000e+00
-2.999043999999999869e+04	0.000000000000000000e+00	0.000000000000000000e+00	1.205481124301889112e-01	0.000000000000000000e+00
-2.999041999999999825e+04	0.000000000000000000e+00	0.000000000000000000e+00	1.272621845149082831e-01	0.000000000000000000e+00
-2.999040000000000146e+04	0.000000000000000000e+00	0.000000000000000000e+00	1.211584826197088516e-01	0.000000000000000000e+00
-2.999036999999999898e+04	0.000000000000000000e+00	0.000000000000000000e+00	1.242103335673085673e-01	0.000000000000000000e+00
-2.999034000000000015e+04	0.000000000000000000e+00	0.000000000000000000e+00	1.147495956297494429e-01	0.000000000000000000e+00
-2.999031999999999971e+04	0.000000000000000000e+00	0.000000000000000000e+00	1.147495956297494429e-01	0.000000000000000000e+00
-2.999029999999999927e+04	0.000000000000000000e+00	0.000000000000000000e+00	1.165807061983092779e-01	0.000000000000000000e+00
-2.999027000000000044e+04	0.000000000000000000e+00	0.000000000000000000e+00	1.165807061983092779e-01	0.000000000000000000e+00
-2.999022999999999956e+04	0.000000000000000000e+00	0.000000000000000000e+00	1.269569994201483198e-01	0.000000000000000000e+00
-2.999020999999999913e+04	0.000000000000000000e+00	0.000000000000000000e+00	1.184118167668691129e-01	0.000000000000000000e+00
-2.999018999999999869e+04	0.000000000000000000e+00	0.000000000000000000e+00	1.373332926419873756e-01	0.000000000000000000e+00
-2.999018000000000029e+04	0.000000000000000000e+00	0.000000000000000000e+00	1.266518143253883566e-01	0.000000000000000000e+00
-2.999015999999999985e+04	0.000000000000000000e+00	0.000000000000000000e+00	1.202429273354289341e-01	0.000000000000000000e+00
-2.999013000000000102e+04	0.000000000000000000e+00	0.000000000000000000e+00	1.297036652729880724e-01	0.000000000000000000e+00
-2.999009000000000015e+04	0.000000000000000000e+00	0.000000000000000000e+00	1.269569994201483198e-01	0.000000000000000000e+00
-2.999006000000000131e+04	0.000000000000000000e+00	0.000000000000000000e+00	1.281777397991882006e-01	0.000000000000000000e+00
-2.999004000000000087e+04	0.000000000000000000e+00	0.000000000000000000e+00	1.257362590411084391e-01	0.000000000000000000e+00
-2.999002000000000044e+04	0.000000000000000000e+00	0.000000000000000000e+00	1.336710715048677056e-01	0.000000000000000000e+00
-2.999000000000000000e+04	0.000000000000000000e+00	0.000000000000000000e+00	1.187170018616290762e-01	0.000000000000000000e+00
-2.998997000000000116e+04	0.000000000000000000e+00	0.000000000000000000e+00	1.272621845149082831e-01	0.000000000000000000e+00
-2.998993999999999869e+04	0.000000000000000000e+00	0.000000000000000000e+00	1.242103335673085673e-01	0.000000000000000000e+00
-2.998990000000000146e+04	0.000000000000000000e+00	0.000000000000000000e+00	1.272621845149082831e-01	0.000000000000000000e+00
-2.998986000000000058e+04	0.000000000000000000e+00	0.000000000000000000e+00	1.315347758415479074e-01	0.000000000000000000e+00
-2.998983000000000175e+04	0.000000000000000000e+00	0.000000000000000000e+00	1.232947782830286637e-01	0.000000000000000000e+00
-2.998981000000000131e+04	0.000000000000000000e+00	0.000000000000000000e+00	1.226844080935087095e-01	0.000000000000000000e+00
-2.998979000000000087e+04	0.000000000000000000e+00	0.000000000000000000e+00	1.351969969786675496e-01	0.000000000000000000e+00
-2.998977000000000044e+04	0.000000000000000000e+00	0.000000000000000000e+00	1.269569994201483198e-01	0.000000000000000000e+00
-2.998975000000000000e+04	0.000000000000000000e+00	0.000000000000000000e+00	1.324503311258278249e-01	0.000000000000000000e+00
-2.998972999999999956e+04	0.000000000000000000e+00	0.000000000000000000e+00	1.315347758415479074e-01	0.000000000000000000e+00
-2.998970999999999913e+04	0.000000000000000000e+00	0.000000000000000000e+00	1.315347758415479074e-01	0.000000000000000000e+00
-2.998968000000000029e+04	0.000000000000000000e+00	0.000000000000000000e+00	1.266518143253883566e-01	0.000000000000000000e+00
-2.998965000000000146e+04	0.000000000000000000e+00	0.000000000000000000e+00	1.290932950834681181e-01	0.000000000000000000e+00
-2.998961999999999898e+04	0.000000000000000000e+00	0.000000000000000000e+00	1.321451460310678339e-01	0.000000000000000000e+00
-2.998959999999999854e+04	0.000000000000000000e+00	0.000000000000000000e+00	1.358073671681875039e-01	0.000000000000000000e+00
-2.998956000000000131e+04	0.000000000000000000e+00	0.000000000000000000e+00	1.361125522629474671e-01	0.000000000000000000e+00
-2.998952999999999884e+04	0.000000000000000000e+00	0.000000000000000000e+00	1.339762565996276689e-01	0.000000000000000000e+00
-2.998949000000000160e+04	0.000000000000000000e+00	0.000000000000000000e+00	1.348918118839075864e-01	0.000000000000000000e+00
-2.998945999999999913e+04	0.000000000000000000e+00	0.000000000000000000e+00	1.367229224524674214e-01	0.000000000000000000e+00
-2.998941999999999825e+04	0.000000000000000000e+00	0.000000000000000000e+00	1.416058839686269721e-01	0.000000000000000000e+00
-2.998936999999999898e+04	0.000000000000000000e+00	0.000000000000000000e+00	1.306192205572679899e-01	0.000000000000000000e+00
-2.998933000000000175e+04	0.000000000000000000e+00	0.000000000000000000e+00	1.229895931882686866e-01	0.000000000000000000e+00
-2.998929000000000087e+04	0.000000000000000000e+00	0.000000000000000000e+00	1.367229224524674214e-01	0.000000000000000000e+00
-2.998927000000000044e+04	0.000000000000000000e+00	0.000000000000000000e+00	1.254310739463484481e-01	0.000000000000000000e+00
-2.998924000000000160e+04	0.000000000000000000e+00	0.000000000000000000e+00	1.290932950834681181e-01	0.000000000000000000e+00
-2.998920000000000073e+04	0.000000000000000000e+00	0.000000000000000000e+00	1.339762565996276689e-01	0.000000000000000000e+00
-2.998916999999999825e+04	0.000000000000000000e+00	0.000000000000000000e+00	1.483199560533463579e-01	0.000000000000000000e+00
-2.998913000000000102e+04	0.000000000000000000e+00	0.000000000000000000e+00	1.303140354625079989e-01	0.000000000000000000e+00
-2.998909999999999854e+04	0.000000000000000000e+00	0.000000000000000000e+00	1.300088503677480356e-01	0.000000000000000000e+00
-2.998908000000000175e+04	0.000000000000000000e+00	0.000000000000000000e+00	1.327555162205877881e-01	0.000000000000000000e+00
-2.998906000000000131e+04	0.000000000000000000e+00	0.000000000000000000e+00	1.312295907467879164e-01	0.000000000000000000e+00
-2.998904000000000087e+04	0.000000000000000000e+00	0.000000000000000000e+00	1.437421796319467704e-01	0.000000000000000000e+00
-2.998902000000000044e+04	0.000000000000000000e+00	0.000000000000000000e+00	1.345866267891476231e-01	0.000000000000000000e+00
-2.998899000000000160e+04	0.000000000000000000e+00	0.000000000000000000e+00	1.358073671681875039e-01	0.000000000000000000e+00
-2.998895999999999913e+04	0.000000000000000000e+00	0.000000000000000000e+00	1.413006988738670089e-01	0.000000000000000000e+00
-2.998893999999999869e+04	0.000000000000000000e+00	0.000000000000000000e+00	1.431318094424268439e-01	0.000000000000000000e+00
-2.998891999999999825e+04	0.000000000000000000e+00	0.000000000000000000e+00	1.467940305795464861e-01	0.000000000000000000e+00
-2.998888999999999942e+04	0.000000000000000000e+00	0.000000000000000000e+00	1.434369945371868071e-01	0.000000000000000000e+00
-2.998886999999999898e+04	0.000000000000000000e+00	0.000000000000000000e+00	1.525925473799859544e-01	0.000000000000000000e+00
-2.998884999999999854e+04	0.000000000000000000e+00	0.000000000000000000e+00	1.416058839686269721e-01	0.000000000000000000e+00
-2.998883000000000175e+04	0.000000000000000000e+00	0.000000000000000000e+00	1.406903286843470546e-01	0.000000000000000000e+00
-2.998879999999999927e+04	0.000000000000000000e+00	0.000000000000000000e+00	1.345866267891476231e-01	0.000000000000000000e+00
-2.998877999999999884e+04	0.000000000000000000e+00	0.000000000000000000e+00	1.397747734000671371e-01	0.000000000000000000e+00
-2.998875000000000000e+04	0.000000000000000000e+00	0.000000000000000000e+00	1.229895931882686866e-01	0.000000000000000000e+00
-2.998872000000000116e+04	0.000000000000000000e+00	0.000000000000000000e+00	1.391644032105472106e-01	0.000000000000000000e+00
-2.998868999999999869e+04	0.000000000000000000e+00	0.000000000000000000e+00	1.339762565996276689e-01	0.000000000000000000e+00
-2.998865999999999985e+04	0.000000000000000000e+00	0.000000000000000000e+00	1.373332926419873756e-01	0.000000000000000000e+00
-2.998861999999999898e+04	0.000000000000000000e+00	0.000000000000000000e+00	1.364177373577074581e-01	0.000000000000000000e+00
-2.998859999999999854e+04	0.000000000000000000e+00	0.000000000000000000e+00	1.409955137791070179e-01	0.000000000000000000e+00
-2.998856000000000131e+04	0.000000000000000000e+00	0.000000000000000000e+00	1.443525498214667246e-01	0.000000000000000000e+00
-2.998852999999999884e+04	0.000000000000000000e+00	0.000000000000000000e+00	1.492355113376262754e-01	0.000000000000000000e+00
-2.998852000000000044e+04	0.000000000000000000e+00	0.000000000000000000e+00	1.461836603900265597e-01	0.000000000000000000e+00
-2.998850000000000000e+04	0.000000000000000000e+00	0.000000000000000000e+00	1.477095858638264037e-01	0.000000000000000000e+00
-2.998847000000000116e+04	0.000000000000000000e+00	0.000000000000000000e+00	1.480147709585863947e-01	0.000000000000000000e+00
-2.998843999999999869e+04	0.000000000000000000e+00	0.000000000000000000e+00	1.483199560533463579e-01	0.000000000000000000e+00
-2.998843000000000029e+04	0.000000000000000000e+00	0.000000000000000000e+00	1.461836603900265597e-01	0.000000000000000000e+00
-2.998840000000000146e+04	0.000000000000000000e+00	0.000000000000000000e+00	1.492355113376262754e-01	0.000000000000000000e+00
-2.998836999999999898e+04	0.000000000000000000e+00	0.000000000000000000e+00	1.492355113376262754e-01	0.000000000000000000e+00
-2.998834999999999854e+04	0.000000000000000000e+00	0.000000000000000000e+00	1.544236579485457894e-01	0.000000000000000000e+00
-2.998834000000000015e+04	0.000000000000000000e+00	0.000000000000000000e+00	1.538132877590258629e-01	0.000000000000000000e+00
-2.998831999999999971e+04	0.000000000000000000e+00	0.000000000000000000e+00	1.544236579485457894e-01	0.000000000000000000e+00
-2.998827999999999884e+04	0.000000000000000000e+00	0.000000000000000000e+00	1.620532853175450927e-01	0.000000000000000000e+00
-2.998825000000000000e+04	0.000000000000000000e+00	0.000000000000000000e+00	1.416058839686269721e-01	0.000000000000000000e+00
-2.998824000000000160e+04	0.000000000000000000e+00	0.000000000000000000e+00	1.440473647267067614e-01	0.000000000000000000e+00
-2.998822000000000116e+04	0.000000000000000000e+00	0.000000000000000000e+00	1.409955137791070179e-01	0.000000000000000000e+00
-2.998820000000000073e+04	0.000000000000000000e+00	0.000000000000000000e+00	1.431318094424268439e-01	0.000000000000000000e+00
-2.998818000000000029e+04	0.000000000000000000e+00	0.000000000000000000e+00	1.419110690633869354e-01	0.000000000000000000e+00
-2.998815999999999985e+04	0.000000000000000000e+00	0.000000000000000000e+00	1.419110690633869354e-01	0.000000000000000000e+00
-2.998815000000000146e+04	0.000000000000000000e+00	0.000000000000000000e+00	1.431318094424268439e-01	0.000000000000000000e+00
-2.998813000000000102e+04	0.000000000000000000e+00	0.000000000000000000e+00	1.467940305795464861e-01	0.000000000000000000e+00
-2.998809000000000015e+04	0.000000000000000000e+00	0.000000000000000000e+00	1.513718070009460737e-01	0.000000000000000000e+00
-2.998806000000000131e+04	0.000000000000000000e+00	0.000000000000000000e+00	1.486251411481063212e-01	0.000000000000000000e+00
-2.998802999999999884e+04	0.000000000000000000e+00	0.000000000000000000e+00	1.489303262428663122e-01	0.000000000000000000e+00
-2.998800999999999840e+04	0.000000000000000000e+00	0.000000000000000000e+00	1.458784752952665686e-01	0.000000000000000000e+00
-2.998799000000000160e+04	0.000000000000000000e+00	0.000000000000000000e+00	1.477095858638264037e-01	0.000000000000000000e+00
-2.998797000000000116e+04	0.000000000000000000e+00	0.000000000000000000e+00	1.544236579485457894e-01	0.000000000000000000e+00
-2.998795999999999913e+04	0.000000000000000000e+00	0.000000000000000000e+00	1.483199560533463579e-01	0.000000000000000000e+00
-2.998793999999999869e+04	0.000000000000000000e+00	0.000000000000000000e+00	1.617481002227851294e-01	0.000000000000000000e+00
-2.998790999999999985e+04	0.000000000000000000e+00	0.000000000000000000e+00	1.440473647267067614e-01	0.000000000000000000e+00
-2.998788999999999942e+04	0.000000000000000000e+00	0.000000000000000000e+00	1.446577349162266879e-01	0.000000000000000000e+00
-2.998786999999999898e+04	0.000000000000000000e+00	0.000000000000000000e+00	1.522873622852259912e-01	0.000000000000000000e+00
-2.998786000000000058e+04	0.000000000000000000e+00	0.000000000000000000e+00	1.504562517166661562e-01	0.000000000000000000e+00
-2.998784000000000015e+04	0.000000000000000000e+00	0.000000000000000000e+00	1.397747734000671371e-01	0.000000000000000000e+00
-2.998781000000000131e+04	0.000000000000000000e+00	0.000000000000000000e+00	1.452681051057466421e-01	0.000000000000000000e+00
-2.998779000000000087e+04	0.000000000000000000e+00	0.000000000000000000e+00	1.440473647267067614e-01	0.000000000000000000e+00
-2.998775999999999840e+04	0.000000000000000000e+00	0.000000000000000000e+00	1.513718070009460737e-01	0.000000000000000000e+00
-2.998774000000000160e+04	0.000000000000000000e+00	0.000000000000000000e+00	1.522873622852259912e-01	0.000000000000000000e+00
-2.998770999999999913e+04	0.000000000000000000e+00	0.000000000000000000e+00	1.559495834223456612e-01	0.000000000000000000e+00
-2.998768999999999869e+04	0.000000000000000000e+00	0.000000000000000000e+00	1.504562517166661562e-01	0.000000000000000000e+00
-2.998765999999999985e+04	0.000000000000000000e+00	0.000000000000000000e+00	1.513718070009460737e-01	0.000000000000000000e+00
-2.998765000000000146e+04	0.000000000000000000e+00	0.000000000000000000e+00	1.507614368114261194e-01	0.000000000000000000e+00
-2.998763000000000102e+04	0.000000000000000000e+00	0.000000000000000000e+00	1.550340281380657437e-01	0.000000000000000000e+00
-2.998759999999999854e+04	0.000000000000000000e+00	0.000000000000000000e+00	1.559495834223456612e-01	0.000000000000000000e+00
-2.998758000000000175e+04	0.000000000000000000e+00	0.000000000000000000e+00	1.562547685171056244e-01	0.000000000000000000e+00
-2.998756999999999971e+04	0.000000000000000000e+00	0.000000000000000000e+00	1.675466170232245977e-01	0.000000000000000000e+00
-2.998754999999999927e+04	0.000000000000000000e+00	0.000000000000000000e+00	1.684621723075045152e-01	0.000000000000000000e+00
-2.998752000000000044e+04	0.000000000000000000e+00	0.000000000000000000e+00	1.727347636341441117e-01	0.000000000000000000e+00
-2.998750000000000000e+04	0.000000000000000000e+00	0.000000000000000000e+00	1.657155064546647627e-01	0.000000000000000000e+00
-2.998747000000000116e+04	0.000000000000000000e+00	0.000000000000000000e+00	1.544236579485457894e-01	0.000000000000000000e+00
-2.998743999999999869e+04	0.000000000000000000e+00	0.000000000000000000e+00	1.513718070009460737e-01	0.000000000000000000e+00
-2.998741999999999825e+04	0.000000000000000000e+00	0.000000000000000000e+00	1.574755088961455052e-01	0.000000000000000000e+00
-2.998738999999999942e+04	0.000000000000000000e+00	0.000000000000000000e+00	1.617481002227851294e-01	0.000000000000000000e+00
-2.998736999999999898e+04	0.000000000000000000e+00	0.000000000000000000e+00	1.538132877590258629e-01	0.000000000000000000e+00
-2.998734000000000015e+04	0.000000000000000000e+00	0.000000000000000000e+00	1.553392132328257069e-01	0.000000000000000000e+00
-2.998733000000000175e+04	0.000000000000000000e+00	0.000000000000000000e+00	1.547288430433057527e-01	0.000000000000000000e+00
-2.998731000000000131e+04	0.000000000000000000e+00	0.000000000000000000e+00	1.550340281380657437e-01	0.000000000000000000e+00
-2.998729000000000087e+04	0.000000000000000000e+00	0.000000000000000000e+00	1.480147709585863947e-01	0.000000000000000000e+00
-2.998725999999999840e+04	0.000000000000000000e+00	0.000000000000000000e+00	1.455732902005066054e-01	0.000000000000000000e+00
-2.998724000000000160e+04	0.000000000000000000e+00	0.000000000000000000e+00	1.510666219061861104e-01	0.000000000000000000e+00
-2.998720999999999913e+04	0.000000000000000000e+00	0.000000000000000000e+00	1.605273598437452209e-01	0.000000000000000000e+00
-2.998718999999999869e+04	0.000000000000000000e+00	0.000000000000000000e+00	1.571703238013855419e-01	0.000000000000000000e+00
-2.998716999999999825e+04	0.000000000000000000e+00	0.000000000000000000e+00	1.647999511703848452e-01	0.000000000000000000e+00
-2.998715000000000146e+04	0.000000000000000000e+00	0.000000000000000000e+00	1.553392132328257069e-01	0.000000000000000000e+00
-2.998713000000000102e+04	0.000000000000000000e+00	0.000000000000000000e+00	1.464888454847865229e-01	0.000000000000000000e+00
-2.998711000000000058e+04	0.000000000000000000e+00	0.000000000000000000e+00	1.568651387066255787e-01	0.000000000000000000e+00
-2.998709000000000015e+04	0.000000000000000000e+00	0.000000000000000000e+00	1.647999511703848452e-01	0.000000000000000000e+00
-2.998708000000000175e+04	0.000000000000000000e+00	0.000000000000000000e+00	1.605273598437452209e-01	0.000000000000000000e+00
-2.998706000000000131e+04	0.000000000000000000e+00	0.000000000000000000e+00	1.736503189184240292e-01	0.000000000000000000e+00
-2.998704000000000087e+04	0.000000000000000000e+00	0.000000000000000000e+00	1.718192083498641942e-01	0.000000000000000000e+00
-2.998702999999999884e+04	0.000000000000000000e+00	0.000000000000000000e+00	1.617481002227851294e-01	0.000000000000000000e+00
-2.998700000000000000e+04	0.000000000000000000e+00	0.000000000000000000e+00	1.657155064546647627e-01	0.000000000000000000e+00
-2.998697999999999956e+04	0.000000000000000000e+00	0.000000000000000000e+00	1.577806939909054962e-01	0.000000000000000000e+00
-2.998695999999999913e+04	0.000000000000000000e+00	0.000000000000000000e+00	1.580858790856654594e-01	0.000000000000000000e+00
-2.998693999999999869e+04	0.000000000000000000e+00	0.000000000000000000e+00	1.596118045594653034e-01	0.000000000000000000e+00
-2.998691999999999825e+04	0.000000000000000000e+00	0.000000000000000000e+00	1.586962492751854137e-01	0.000000000000000000e+00
-2.998688999999999942e+04	0.000000000000000000e+00	0.000000000000000000e+00	1.498458815271462019e-01	0.000000000000000000e+00
-2.998684999999999854e+04	0.000000000000000000e+00	0.000000000000000000e+00	1.596118045594653034e-01	0.000000000000000000e+00
-2.998683000000000175e+04	0.000000000000000000e+00	0.000000000000000000e+00	1.492355113376262754e-01	0.000000000000000000e+00
-2.998681000000000131e+04	0.000000000000000000e+00	0.000000000000000000e+00	1.547288430433057527e-01	0.000000000000000000e+00
-2.998677999999999884e+04	0.000000000000000000e+00	0.000000000000000000e+00	1.553392132328257069e-01	0.000000000000000000e+00
-2.998675000000000000e+04	0.000000000000000000e+00	0.000000000000000000e+00	1.788384655293435432e-01	0.000000000000000000e+00
-2.998672000000000116e+04	0.000000000000000000e+00	0.000000000000000000e+00	1.687673574022644785e-01	0.000000000000000000e+00
-2.998670000000000073e+04	0.000000000000000000e+00	0.000000000000000000e+00	1.620532853175450927e-01	0.000000000000000000e+00
-2.998668000000000029e+04	0.000000000000000000e+00	0.000000000000000000e+00	1.663258766441846892e-01	0.000000000000000000e+00
-2.998665999999999985e+04	0.000000000000000000e+00	0.000000000000000000e+00	1.745658742027039467e-01	0.000000000000000000e+00
-2.998663999999999942e+04	0.000000000000000000e+00	0.000000000000000000e+00	1.779229102450636257e-01	0.000000000000000000e+00
-2.998661999999999898e+04	0.000000000000000000e+00	0.000000000000000000e+00	1.727347636341441117e-01	0.000000000000000000e+00
-2.998659999999999854e+04	0.000000000000000000e+00	0.000000000000000000e+00	1.663258766441846892e-01	0.000000000000000000e+00
-2.998658000000000175e+04	0.000000000000000000e+00	0.000000000000000000e+00	1.666310617389446802e-01	0.000000000000000000e+00
-2.998656000000000131e+04	0.000000000000000000e+00	0.000000000000000000e+00	1.702932828760643225e-01	0.000000000000000000e+00
-2.998652999999999884e+04	0.000000000000000000e+00	0.000000000000000000e+00	1.669362468337046435e-01	0.000000000000000000e+00
-2.998650999999999840e+04	0.000000000000000000e+00	0.000000000000000000e+00	1.699880977813043592e-01	0.000000000000000000e+00
-2.998650000000000000e+04	0.000000000000000000e+00	0.000000000000000000e+00	1.654103213599047717e-01	0.000000000000000000e+00
-2.998647999999999956e+04	0.000000000000000000e+00	0.000000000000000000e+00	1.599169896542252944e-01	0.000000000000000000e+00
-2.998645999999999913e+04	0.000000000000000000e+00	0.000000000000000000e+00	1.632740256965849734e-01	0.000000000000000000e+00
-2.998643999999999869e+04	0.000000000000000000e+00	0.000000000000000000e+00	1.626636555070650469e-01	0.000000000000000000e+00
-2.998641999999999825e+04	0.000000000000000000e+00	0.000000000000000000e+00	1.599169896542252944e-01	0.000000000000000000e+00
-2.998640999999999985e+04	0.000000000000000000e+00	0.000000000000000000e+00	1.632740256965849734e-01	0.000000000000000000e+00
-2.998638000000000102e+04	0.000000000000000000e+00	0.000000000000000000e+00	1.510666219061861104e-01	0.000000000000000000e+00
-2.998634999999999854e+04	0.000000000000000000e+00	0.000000000000000000e+00	1.547288430433057527e-01	0.000000000000000000e+00
-2.998631000000000131e+04	0.000000000000000000e+00	0.000000000000000000e+00	1.693777275917844050e-01	0.000000000000000000e+00
-2.998629000000000087e+04	0.000000000000000000e+00	0.000000000000000000e+00	1.647999511703848452e-01	0.000000000000000000e+00
-2.998627000000000044e+04	0.000000000000000000e+00	0.000000000000000000e+00	1.727347636341441117e-01	0.000000000000000000e+00
-2.998624000000000160e+04	0.000000000000000000e+00	0.000000000000000000e+00	1.702932828760643225e-01	0.000000000000000000e+00
-2.998622000000000116e+04	0.000000000000000000e+00	0.000000000000000000e+00	1.757866145817438275e-01	0.000000000000000000e+00
-2.998618000000000029e+04	0.000000000000000000e+00	0.000000000000000000e+00	1.779229102450636257e-01	0.000000000000000000e+00
-2.998615999999999985e+04	0.000000000000000000e+00	0.000000000000000000e+00	1.806695760979033782e-01	0.000000000000000000e+00
-2.998613000000000102e+04	0.000000000000000000e+00	0.000000000000000000e+00	1.721243934446241575e-01	0.000000000000000000e+00
-2.998611000000000058e+04	0.000000000000000000e+00	0.000000000000000000e+00	1.672414319284646067e-01	0.000000000000000000e+00
-2.998609000000000015e+04	0.000000000000000000e+00	0.000000000000000000e+00	1.721243934446241575e-01	0.000000000000000000e+00
-2.998606999999999971e+04	0.000000000000000000e+00	0.000000000000000000e+00	1.745658742027039467e-01	0.000000000000000000e+00
-2.998604999999999927e+04	0.000000000000000000e+00	0.000000000000000000e+00	1.763969847712637817e-01	0.000000000000000000e+00
-2.998602999999999884e+04	0.000000000000000000e+00	0.000000000000000000e+00	1.641895809808648909e-01	0.000000000000000000e+00
-2.998600999999999840e+04	0.000000000000000000e+00	0.000000000000000000e+00	1.690725424970244417e-01	0.000000000000000000e+00
-2.998597999999999956e+04	0.000000000000000000e+00	0.000000000000000000e+00	1.696829126865443960e-01	0.000000000000000000e+00
-2.998595999999999913e+04	0.000000000000000000e+00	0.000000000000000000e+00	1.791436506241035065e-01	0.000000000000000000e+00
-2.998593999999999869e+04	0.000000000000000000e+00	0.000000000000000000e+00	1.684621723075045152e-01	0.000000000000000000e+00
-2.998593000000000029e+04	0.000000000000000000e+00	0.000000000000000000e+00	1.657155064546647627e-01	0.000000000000000000e+00
-2.998590000000000146e+04	0.000000000000000000e+00	0.000000000000000000e+00	1.657155064546647627e-01	0.000000000000000000e+00
-2.998586999999999898e+04	0.000000000000000000e+00	0.000000000000000000e+00	1.651051362651448084e-01	0.000000000000000000e+00
-2.998583000000000175e+04	0.000000000000000000e+00	0.000000000000000000e+00	1.690725424970244417e-01	0.000000000000000000e+00
-2.998581000000000131e+04	0.000000000000000000e+00	0.000000000000000000e+00	1.727347636341441117e-01	0.000000000000000000e+00
-2.998579000000000087e+04	0.000000000000000000e+00	0.000000000000000000e+00	1.739555040131839925e-01	0.000000000000000000e+00
-2.998577999999999884e+04	0.000000000000000000e+00	0.000000000000000000e+00	1.825006866664632132e-01	0.000000000000000000e+00
-2.998575000000000000e+04	0.000000000000000000e+00	0.000000000000000000e+00	1.809747611926633415e-01	0.000000000000000000e+00
-2.998572000000000116e+04	0.000000000000000000e+00	0.000000000000000000e+00	1.754814294869838642e-01	0.000000000000000000e+00
-2.998568999999999869e+04	0.000000000000000000e+00	0.000000000000000000e+00	1.736503189184240292e-01	0.000000000000000000e+00
-2.998565999999999985e+04	0.000000000000000000e+00	0.000000000000000000e+00	1.831110568559831675e-01	0.000000000000000000e+00
-2.998561999999999898e+04	0.000000000000000000e+00	0.000000000000000000e+00	1.864680928983428465e-01	0.000000000000000000e+00
-2.998559999999999854e+04	0.000000000000000000e+00	0.000000000000000000e+00	1.809747611926633415e-01	0.000000000000000000e+00
-2.998558000000000175e+04	0.000000000000000000e+00	0.000000000000000000e+00	1.745658742027039467e-01	0.000000000000000000e+00
-2.998556000000000131e+04	0.000000000000000000e+00	0.000000000000000000e+00	1.690725424970244417e-01	0.000000000000000000e+00
-2.998552999999999884e+04	0.000000000000000000e+00	0.000000000000000000e+00	1.760917996765037907e-01	0.000000000000000000e+00
-2.998550999999999840e+04	0.000000000000000000e+00	0.000000000000000000e+00	1.663258766441846892e-01	0.000000000000000000e+00
-2.998547999999999956e+04	0.000000000000000000e+00	0.000000000000000000e+00	1.748710592974639100e-01	0.000000000000000000e+00
-2.998545000000000073e+04	0.000000000000000000e+00	0.000000000000000000e+00	1.727347636341441117e-01	0.000000000000000000e+00
-2.998543000000000029e+04	0.000000000000000000e+00	0.000000000000000000e+00	1.663258766441846892e-01	0.000000000000000000e+00
-2.998540000000000146e+04	0.000000000000000000e+00	0.000000000000000000e+00	1.724295785393841485e-01	0.000000000000000000e+00
-2.998536999999999898e+04	0.000000000000000000e+00	0.000000000000000000e+00	1.702932828760643225e-01	0.000000000000000000e+00
-2.998534000000000015e+04	0.000000000000000000e+00	0.000000000000000000e+00	1.791436506241035065e-01	0.000000000000000000e+00
-2.998529999999999927e+04	0.000000000000000000e+00	0.000000000000000000e+00	1.702932828760643225e-01	0.000000000000000000e+00
-2.998525999999999840e+04	0.000000000000000000e+00	0.000000000000000000e+00	1.733451338236640660e-01	0.000000000000000000e+00
-2.998522999999999956e+04	0.000000000000000000e+00	0.000000000000000000e+00	1.812799462874233325e-01	0.000000000000000000e+00
-2.998520000000000073e+04	0.000000000000000000e+00	0.000000000000000000e+00	1.779229102450636257e-01	0.000000000000000000e+00
-2.998518000000000029e+04	0.000000000000000000e+00	0.000000000000000000e+00	1.806695760979033782e-01	0.000000000000000000e+00
-2.998515999999999985e+04	0.000000000000000000e+00	0.000000000000000000e+00	1.803643910031434150e-01	0.000000000000000000e+00
-2.998513000000000102e+04	0.000000000000000000e+00	0.000000000000000000e+00	1.858577227088228923e-01	0.000000000000000000e+00
-2.998509999999999854e+04	0.000000000000000000e+00	0.000000000000000000e+00	1.849421674245429748e-01	0.000000000000000000e+00
-2.998506999999999971e+04	0.000000000000000000e+00	0.000000000000000000e+00	1.922666096987823148e-01	0.000000000000000000e+00
-2.998504999999999927e+04	0.000000000000000000e+00	0.000000000000000000e+00	1.831110568559831675e-01	0.000000000000000000e+00
-2.998502000000000044e+04	0.000000000000000000e+00	0.000000000000000000e+00	1.937925351725821588e-01	0.000000000000000000e+00
-2.998499000000000160e+04	0.000000000000000000e+00	0.000000000000000000e+00	1.785332804345835800e-01	0.000000000000000000e+00
-2.998495000000000073e+04	0.000000000000000000e+00	0.000000000000000000e+00	1.760917996765037907e-01	0.000000000000000000e+00
-2.998493000000000029e+04	0.000000000000000000e+00	0.000000000000000000e+00	1.803643910031434150e-01	0.000000000000000000e+00
-2.998490999999999985e+04	0.000000000000000000e+00	0.000000000000000000e+00	1.779229102450636257e-01	0.000000000000000000e+00
-2.998488999999999942e+04	0.000000000000000000e+00	0.000000000000000000e+00	1.718192083498641942e-01	0.000000000000000000e+00
-2.998484999999999854e+04	0.000000000000000000e+00	0.000000000000000000e+00	1.693777275917844050e-01	0.000000000000000000e+00
-2.998481999999999971e+04	0.000000000000000000e+00	0.000000000000000000e+00	1.745658742027039467e-01	0.000000000000000000e+00
-2.998479999999999927e+04	0.000000000000000000e+00	0.000000000000000000e+00	1.733451338236640660e-01	0.000000000000000000e+00
-2.998477999999999884e+04	0.000000000000000000e+00	0.000000000000000000e+00	1.770073549607837082e-01	0.000000000000000000e+00
-2.998477000000000044e+04	0.000000000000000000e+00	0.000000000000000000e+00	1.763969847712637817e-01	0.000000000000000000e+00
-2.998474000000000160e+04	0.000000000000000000e+00	0.000000000000000000e+00	1.913510544145023973e-01	0.000000000000000000e+00
-2.998470999999999913e+04	0.000000000000000000e+00	0.000000000000000000e+00	1.919614246040223515e-01	0.000000000000000000e+00
-2.998466999999999825e+04	0.000000000000000000e+00	0.000000000000000000e+00	1.831110568559831675e-01	0.000000000000000000e+00
-2.998463000000000102e+04	0.000000000000000000e+00	0.000000000000000000e+00	1.876888332773827273e-01	0.000000000000000000e+00
-2.998459999999999854e+04	0.000000000000000000e+00	0.000000000000000000e+00	1.849421674245429748e-01	0.000000000000000000e+00
-2.998456999999999971e+04	0.000000000000000000e+00	0.000000000000000000e+00	1.882992034669026815e-01	0.000000000000000000e+00
-2.998454999999999927e+04	0.000000000000000000e+00	0.000000000000000000e+00	1.693777275917844050e-01	0.000000000000000000e+00
-2.998452999999999884e+04	0.000000000000000000e+00	0.000000000000000000e+00	1.788384655293435432e-01	0.000000000000000000e+00
-2.998450999999999840e+04	0.000000000000000000e+00	0.000000000000000000e+00	1.861629078035828833e-01	0.000000000000000000e+00
-2.998450000000000000e+04	0.000000000000000000e+00	0.000000000000000000e+00	1.858577227088228923e-01	0.000000000000000000e+00
-2.998447999999999956e+04	0.000000000000000000e+00	0.000000000000000000e+00	1.858577227088228923e-01	0.000000000000000000e+00
-2.998443999999999869e+04	0.000000000000000000e+00	0.000000000000000000e+00	1.886043885616626448e-01	0.000000000000000000e+00
-2.998440999999999985e+04	0.000000000000000000e+00	0.000000000000000000e+00	1.818903164769432590e-01	0.000000000000000000e+00
-2.998438999999999942e+04	0.000000000000000000e+00	0.000000000000000000e+00	1.739555040131839925e-01	0.000000000000000000e+00
-2.998436000000000058e+04	0.000000000000000000e+00	0.000000000000000000e+00	1.843317972350230483e-01	0.000000000000000000e+00
-2.998434000000000015e+04	0.000000000000000000e+00	0.000000000000000000e+00	1.828058717612231765e-01	0.000000000000000000e+00
-2.998431000000000131e+04	0.000000000000000000e+00	0.000000000000000000e+00	1.828058717612231765e-01	0.000000000000000000e+00
-2.998427999999999884e+04	0.000000000000000000e+00	0.000000000000000000e+00	1.806695760979033782e-01	0.000000000000000000e+00
-2.998425999999999840e+04	0.000000000000000000e+00	0.000000000000000000e+00	1.727347636341441117e-01	0.000000000000000000e+00
-2.998422999999999956e+04	0.000000000000000000e+00	0.000000000000000000e+00	1.760917996765037907e-01	0.000000000000000000e+00
-2.998420999999999913e+04	0.000000000000000000e+00	0.000000000000000000e+00	1.861629078035828833e-01	0.000000000000000000e+00
-2.998418999999999869e+04	0.000000000000000000e+00	0.000000000000000000e+00	1.898251289407025255e-01	0.000000000000000000e+00
-2.998415999999999985e+04	0.000000000000000000e+00	0.000000000000000000e+00	1.849421674245429748e-01	0.000000000000000000e+00
-2.998413000000000102e+04	0.000000000000000000e+00	0.000000000000000000e+00	1.910458693197424340e-01	0.000000000000000000e+00
-2.998409999999999854e+04	0.000000000000000000e+00	0.000000000000000000e+00	1.959288308359019848e-01	0.000000000000000000e+00
-2.998408000000000175e+04	0.000000000000000000e+00	0.000000000000000000e+00	1.953184606463820305e-01	0.000000000000000000e+00
-2.998406000000000131e+04	0.000000000000000000e+00	0.000000000000000000e+00	2.005066072573015445e-01	0.000000000000000000e+00
-2.998402999999999884e+04	0.000000000000000000e+00	0.000000000000000000e+00	1.950132755516220673e-01	0.000000000000000000e+00
-2.998400000000000000e+04	0.000000000000000000e+00	0.000000000000000000e+00	1.904354991302224798e-01	0.000000000000000000e+00
-2.998397000000000116e+04	0.000000000000000000e+00	0.000000000000000000e+00	1.928769798883022690e-01	0.000000000000000000e+00
-2.998393999999999869e+04	0.000000000000000000e+00	0.000000000000000000e+00	1.995910519730216270e-01	0.000000000000000000e+00
-2.998390999999999985e+04	0.000000000000000000e+00	0.000000000000000000e+00	1.944029053621021130e-01	0.000000000000000000e+00
-2.998388000000000102e+04	0.000000000000000000e+00	0.000000000000000000e+00	1.812799462874233325e-01	0.000000000000000000e+00
-2.998384999999999854e+04	0.000000000000000000e+00	0.000000000000000000e+00	1.886043885616626448e-01	0.000000000000000000e+00
-2.998381999999999971e+04	0.000000000000000000e+00	0.000000000000000000e+00	1.825006866664632132e-01	0.000000000000000000e+00
-2.998379000000000087e+04	0.000000000000000000e+00	0.000000000000000000e+00	1.852473525193029658e-01	0.000000000000000000e+00
-2.998375999999999840e+04	0.000000000000000000e+00	0.000000000000000000e+00	1.852473525193029658e-01	0.000000000000000000e+00
-2.998372999999999956e+04	0.000000000000000000e+00	0.000000000000000000e+00	1.843317972350230483e-01	0.000000000000000000e+00
-2.998370999999999913e+04	0.000000000000000000e+00	0.000000000000000000e+00	1.843317972350230483e-01	0.000000000000000000e+00
-2.998366999999999825e+04	0.000000000000000000e+00	0.000000000000000000e+00	1.886043885616626448e-01	0.000000000000000000e+00
-2.998363999999999942e+04	0.000000000000000000e+00	0.000000000000000000e+00	1.849421674245429748e-01	0.000000000000000000e+00
-2.998359999999999854e+04	0.000000000000000000e+00	0.000000000000000000e+00	1.767021698660237450e-01	0.000000000000000000e+00
-2.998356000000000131e+04	0.000000000000000000e+00	0.000000000000000000e+00	1.992858668782616638e-01	0.000000000000000000e+00
-2.998354000000000087e+04	0.000000000000000000e+00	0.000000000000000000e+00	1.858577227088228923e-01	0.000000000000000000e+00
-2.998352000000000044e+04	0.000000000000000000e+00	0.000000000000000000e+00	1.950132755516220673e-01	0.000000000000000000e+00
-2.998350999999999840e+04	0.000000000000000000e+00	0.000000000000000000e+00	1.901303140354625165e-01	0.000000000000000000e+00
-2.998349000000000160e+04	0.000000000000000000e+00	0.000000000000000000e+00	1.953184606463820305e-01	0.000000000000000000e+00
-2.998347000000000116e+04	0.000000000000000000e+00	0.000000000000000000e+00	1.965392010254219113e-01	0.000000000000000000e+00
-2.998343999999999869e+04	0.000000000000000000e+00	0.000000000000000000e+00	1.925717947935422780e-01	0.000000000000000000e+00
-2.998341999999999825e+04	0.000000000000000000e+00	0.000000000000000000e+00	2.005066072573015445e-01	0.000000000000000000e+00
-2.998338999999999942e+04	0.000000000000000000e+00	0.000000000000000000e+00	1.901303140354625165e-01	0.000000000000000000e+00
-2.998336000000000058e+04	0.000000000000000000e+00	0.000000000000000000e+00	1.944029053621021130e-01	0.000000000000000000e+00
-2.998331999999999971e+04	0.000000000000000000e+00	0.000000000000000000e+00	1.907406842249824430e-01	0.000000000000000000e+00
-2.998329000000000087e+04	0.000000000000000000e+00	0.000000000000000000e+00	1.956236457411419938e-01	0.000000000000000000e+00
-2.998327000000000044e+04	0.000000000000000000e+00	0.000000000000000000e+00	1.971495712149418655e-01	0.000000000000000000e+00
-2.998325000000000000e+04	0.000000000000000000e+00	0.000000000000000000e+00	1.901303140354625165e-01	0.000000000000000000e+00
-2.998324000000000160e+04	0.000000000000000000e+00	0.000000000000000000e+00	1.876888332773827273e-01	0.000000000000000000e+00
-2.998322000000000116e+04	0.000000000000000000e+00	0.000000000000000000e+00	1.895199438459425623e-01	0.000000000000000000e+00
-2.998318000000000029e+04	0.000000000000000000e+00	0.000000000000000000e+00	2.053895687734610953e-01	0.000000000000000000e+00
-2.998315000000000146e+04	0.000000000000000000e+00	0.000000000000000000e+00	1.904354991302224798e-01	0.000000000000000000e+00
-2.998313999999999942e+04	0.000000000000000000e+00	0.000000000000000000e+00	1.886043885616626448e-01	0.000000000000000000e+00
-2.998311999999999898e+04	0.000000000000000000e+00	0.000000000000000000e+00	1.968443861201819023e-01	0.000000000000000000e+00
-2.998308000000000175e+04	0.000000000000000000e+00	0.000000000000000000e+00	1.934873500778221955e-01	0.000000000000000000e+00
-2.998304999999999927e+04	0.000000000000000000e+00	0.000000000000000000e+00	1.919614246040223515e-01	0.000000000000000000e+00
-2.998304000000000087e+04	0.000000000000000000e+00	0.000000000000000000e+00	2.041688283944212146e-01	0.000000000000000000e+00
-2.998302000000000044e+04	0.000000000000000000e+00	0.000000000000000000e+00	2.069154942472609671e-01	0.000000000000000000e+00
-2.998299000000000160e+04	0.000000000000000000e+00	0.000000000000000000e+00	1.992858668782616638e-01	0.000000000000000000e+00
-2.998295999999999913e+04	0.000000000000000000e+00	0.000000000000000000e+00	2.014221625415814620e-01	0.000000000000000000e+00
-2.998295000000000073e+04	0.000000000000000000e+00	0.000000000000000000e+00	2.090517899105807653e-01	0.000000000000000000e+00
-2.998293000000000029e+04	0.000000000000000000e+00	0.000000000000000000e+00	2.041688283944212146e-01	0.000000000000000000e+00
-2.998290000000000146e+04	0.000000000000000000e+00	0.000000000000000000e+00	2.050843836787011321e-01	0.000000000000000000e+00
-2.998286999999999898e+04	0.000000000000000000e+00	0.000000000000000000e+00	1.953184606463820305e-01	0.000000000000000000e+00
-2.998286000000000058e+04	0.000000000000000000e+00	0.000000000000000000e+00	1.959288308359019848e-01	0.000000000000000000e+00
-2.998284000000000015e+04	0.000000000000000000e+00	0.000000000000000000e+00	1.919614246040223515e-01	0.000000000000000000e+00
-2.998281999999999971e+04	0.000000000000000000e+00	0.000000000000000000e+00	1.913510544145023973e-01	0.000000000000000000e+00
-2.998279000000000087e+04	0.000000000000000000e+00	0.000000000000000000e+00	1.834162419507431308e-01	0.000000000000000000e+00
-2.998275999999999840e+04	0.000000000000000000e+00	0.000000000000000000e+00	1.858577227088228923e-01	0.000000000000000000e+00
-2.998272999999999956e+04	0.000000000000000000e+00	0.000000000000000000e+00	1.788384655293435432e-01	0.000000000000000000e+00
-2.998268999999999869e+04	0.000000000000000000e+00	0.000000000000000000e+00	1.898251289407025255e-01	0.000000000000000000e+00
-2.998266999999999825e+04	0.000000000000000000e+00	0.000000000000000000e+00	1.904354991302224798e-01	0.000000000000000000e+00
-2.998265000000000146e+04	0.000000000000000000e+00	0.000000000000000000e+00	1.983703115939817463e-01	0.000000000000000000e+00
-2.998263999999999942e+04	0.000000000000000000e+00	0.000000000000000000e+00	1.931821649830622323e-01	0.000000000000000000e+00
-2.998261999999999898e+04	0.000000000000000000e+00	0.000000000000000000e+00	2.002014221625415813e-01	0.000000000000000000e+00
-2.998259999999999854e+04	0.000000000000000000e+00	0.000000000000000000e+00	1.950132755516220673e-01	0.000000000000000000e+00
-2.998258000000000175e+04	0.000000000000000000e+00	0.000000000000000000e+00	1.995910519730216270e-01	0.000000000000000000e+00
-2.998254999999999927e+04	0.000000000000000000e+00	0.000000000000000000e+00	1.947080904568620763e-01	0.000000000000000000e+00
-2.998252000000000044e+04	0.000000000000000000e+00	0.000000000000000000e+00	2.005066072573015445e-01	0.000000000000000000e+00
-2.998249000000000160e+04	0.000000000000000000e+00	0.000000000000000000e+00	1.977599414044618198e-01	0.000000000000000000e+00
-2.998247000000000116e+04	0.000000000000000000e+00	0.000000000000000000e+00	2.069154942472609671e-01	0.000000000000000000e+00
-2.998243999999999869e+04	0.000000000000000000e+00	0.000000000000000000e+00	1.959288308359019848e-01	0.000000000000000000e+00
-2.998241999999999825e+04	0.000000000000000000e+00	0.000000000000000000e+00	1.959288308359019848e-01	0.000000000000000000e+00
-2.998238999999999942e+04	0.000000000000000000e+00	0.000000000000000000e+00	1.922666096987823148e-01	0.000000000000000000e+00
-2.998236999999999898e+04	0.000000000000000000e+00	0.000000000000000000e+00	2.008117923520615355e-01	0.000000000000000000e+00
-2.998234000000000015e+04	0.000000000000000000e+00	0.000000000000000000e+00	2.075258644367809213e-01	0.000000000000000000e+00
-2.998231999999999971e+04	0.000000000000000000e+00	0.000000000000000000e+00	1.928769798883022690e-01	0.000000000000000000e+00
-2.998229999999999927e+04	0.000000000000000000e+00	0.000000000000000000e+00	1.980651264992217830e-01	0.000000000000000000e+00
-2.998227000000000044e+04	0.000000000000000000e+00	0.000000000000000000e+00	1.879940183721427183e-01	0.000000000000000000e+00
-2.998225000000000000e+04	0.000000000000000000e+00	0.000000000000000000e+00	1.980651264992217830e-01	0.000000000000000000e+00
-2.998222999999999956e+04	0.000000000000000000e+00	0.000000000000000000e+00	1.901303140354625165e-01	0.000000000000000000e+00
-2.998220999999999913e+04	0.000000000000000000e+00	0.000000000000000000e+00	1.895199438459425623e-01	0.000000000000000000e+00
-2.998218999999999869e+04	0.000000000000000000e+00	0.000000000000000000e+00	1.882992034669026815e-01	0.000000000000000000e+00
-2.998216999999999825e+04	0.000000000000000000e+00	0.000000000000000000e+00	1.910458693197424340e-01	0.000000000000000000e+00
-2.998215999999999985e+04	0.000000000000000000e+00	0.000000000000000000e+00	1.947080904568620763e-01	0.000000000000000000e+00
-2.998213999999999942e+04	0.000000000000000000e+00	0.000000000000000000e+00	1.928769798883022690e-01	0.000000000000000000e+00
-2.998211999999999898e+04	0.000000000000000000e+00	0.000000000000000000e+00	2.026429029206213706e-01	0.000000000000000000e+00
-2.998209999999999854e+04	0.000000000000000000e+00	0.000000000000000000e+00	2.072206793420209303e-01	0.000000000000000000e+00
-2.998206999999999971e+04	0.000000000000000000e+00	0.000000000000000000e+00	2.026429029206213706e-01	0.000000000000000000e+00
-2.998206000000000131e+04	0.000000000000000000e+00	0.000000000000000000e+00	2.053895687734610953e-01	0.000000000000000000e+00
-2.998204000000000087e+04	0.000000000000000000e+00	0.000000000000000000e+00	2.087466048158208021e-01	0.000000000000000000e+00
-2.998202999999999884e+04	0.000000000000000000e+00	0.000000000000000000e+00	2.191228980376598301e-01	0.000000000000000000e+00
-2.998200999999999840e+04	0.000000000000000000e+00	0.000000000000000000e+00	2.078310495315408846e-01	0.000000000000000000e+00
-2.998197999999999956e+04	0.000000000000000000e+00	0.000000000000000000e+00	1.995910519730216270e-01	0.000000000000000000e+00
-2.998195000000000073e+04	0.000000000000000000e+00	0.000000000000000000e+00	1.971495712149418655e-01	0.000000000000000000e+00
-2.998191999999999825e+04	0.000000000000000000e+00	0.000000000000000000e+00	1.965392010254219113e-01	0.000000000000000000e+00
-2.998188999999999942e+04	0.000000000000000000e+00	0.000000000000000000e+00	1.956236457411419938e-01	0.000000000000000000e+00
-2.998186999999999898e+04	0.000000000000000000e+00	0.000000000000000000e+00	1.965392010254219113e-01	0.000000000000000000e+00
-2.998184000000000015e+04	0.000000000000000000e+00	0.000000000000000000e+00	1.953184606463820305e-01	0.000000000000000000e+00
-2.998181999999999971e+04	0.000000000000000000e+00	0.000000000000000000e+00	1.858577227088228923e-01	0.000000000000000000e+00
-2.998179999999999927e+04	0.000000000000000000e+00	0.000000000000000000e+00	1.922666096987823148e-01	0.000000000000000000e+00
-2.998175999999999840e+04	0.000000000000000000e+00	0.000000000000000000e+00	1.898251289407025255e-01	0.000000000000000000e+00
-2.998174000000000160e+04	0.000000000000000000e+00	0.000000000000000000e+00	1.928769798883022690e-01	0.000000000000000000e+00
-2.998170999999999913e+04	0.000000000000000000e+00	0.000000000000000000e+00	1.950132755516220673e-01	0.000000000000000000e+00
-2.998168000000000029e+04	0.000000000000000000e+00	0.000000000000000000e+00	1.980651264992217830e-01	0.000000000000000000e+00
-2.998165000000000146e+04	0.000000000000000000e+00	0.000000000000000000e+00	1.971495712149418655e-01	0.000000000000000000e+00
-2.998165000000000146e+04	0.000000000000000000e+00	0.000000000000000000e+00	1.934873500778221955e-01	0.000000000000000000e+00
-2.998163000000000102e+04	0.000000000000000000e+00	0.000000000000000000e+00	1.968443861201819023e-01	0.000000000000000000e+00
-2.998159999999999854e+04	0.000000000000000000e+00	0.000000000000000000e+00	1.965392010254219113e-01	0.000000000000000000e+00
-2.998156999999999971e+04	0.000000000000000000e+00	0.000000000000000000e+00	2.038636432996612513e-01	0.000000000000000000e+00
-2.998154000000000087e+04	0.000000000000000000e+00	0.000000000000000000e+00	2.053895687734610953e-01	0.000000000000000000e+00
-2.998150999999999840e+04	0.000000000000000000e+00	0.000000000000000000e+00	2.114932706686605546e-01	0.000000000000000000e+00
-2.998147999999999956e+04	0.000000000000000000e+00	0.000000000000000000e+00	2.078310495315408846e-01	0.000000000000000000e+00
-2.998145000000000073e+04	0.000000000000000000e+00	0.000000000000000000e+00	2.169866023743400318e-01	0.000000000000000000e+00
-2.998141999999999825e+04	0.000000000000000000e+00	0.000000000000000000e+00	2.090517899105807653e-01	0.000000000000000000e+00
-2.998140000000000146e+04	0.000000000000000000e+00	0.000000000000000000e+00	1.989806817835017005e-01	0.000000000000000000e+00
-2.998138000000000102e+04	0.000000000000000000e+00	0.000000000000000000e+00	1.989806817835017005e-01	0.000000000000000000e+00
-2.998136000000000058e+04	0.000000000000000000e+00	0.000000000000000000e+00	1.931821649830622323e-01	0.000000000000000000e+00
-2.998133000000000175e+04	0.000000000000000000e+00	0.000000000000000000e+00	1.956236457411419938e-01	0.000000000000000000e+00
-2.998131000000000131e+04	0.000000000000000000e+00	0.000000000000000000e+00	1.925717947935422780e-01	0.000000000000000000e+00
-2.998127999999999884e+04	0.000000000000000000e+00	0.000000000000000000e+00	1.965392010254219113e-01	0.000000000000000000e+00
-2.998125000000000000e+04	0.000000000000000000e+00	0.000000000000000000e+00	1.944029053621021130e-01	0.000000000000000000e+00
-2.998122999999999956e+04	0.000000000000000000e+00	0.000000000000000000e+00	1.937925351725821588e-01	0.000000000000000000e+00
-2.998120999999999913e+04	0.000000000000000000e+00	0.000000000000000000e+00	1.904354991302224798e-01	0.000000000000000000e+00
-2.998118000000000029e+04	0.000000000000000000e+00	0.000000000000000000e+00	1.977599414044618198e-01	0.000000000000000000e+00
-2.998115999999999985e+04	0.000000000000000000e+00	0.000000000000000000e+00	1.950132755516220673e-01	0.000000000000000000e+00
-2.998113000000000102e+04	0.000000000000000000e+00	0.000000000000000000e+00	2.035584582049012603e-01	0.000000000000000000e+00
-2.998111000000000058e+04	0.000000000000000000e+00	0.000000000000000000e+00	1.925717947935422780e-01	0.000000000000000000e+00
-2.998109000000000015e+04	0.000000000000000000e+00	0.000000000000000000e+00	2.029480880153813338e-01	0.000000000000000000e+00
-2.998106000000000131e+04	0.000000000000000000e+00	0.000000000000000000e+00	2.014221625415814620e-01	0.000000000000000000e+00
-2.998104000000000087e+04	0.000000000000000000e+00	0.000000000000000000e+00	2.020325327311014163e-01	0.000000000000000000e+00
-2.998102000000000044e+04	0.000000000000000000e+00	0.000000000000000000e+00	1.992858668782616638e-01	0.000000000000000000e+00
-2.998100000000000000e+04	0.000000000000000000e+00	0.000000000000000000e+00	2.121036408581804811e-01	0.000000000000000000e+00
-2.998097999999999956e+04	0.000000000000000000e+00	0.000000000000000000e+00	1.980651264992217830e-01	0.000000000000000000e+00
-2.998095999999999913e+04	0.000000000000000000e+00	0.000000000000000000e+00	1.998962370677816180e-01	0.000000000000000000e+00
-2.998093999999999869e+04	0.000000000000000000e+00	0.000000000000000000e+00	2.035584582049012603e-01	0.000000000000000000e+00
-2.998091999999999825e+04	0.000000000000000000e+00	0.000000000000000000e+00	1.937925351725821588e-01	0.000000000000000000e+00
-2.998090000000000146e+04	0.000000000000000000e+00	0.000000000000000000e+00	2.008117923520615355e-01	0.000000000000000000e+00
-2.998086999999999898e+04	0.000000000000000000e+00	0.000000000000000000e+00	1.998962370677816180e-01	0.000000000000000000e+00
-2.998084999999999854e+04	0.000000000000000000e+00	0.000000000000000000e+00	1.913510544145023973e-01	0.000000000000000000e+00
-2.998081999999999971e+04	0.000000000000000000e+00	0.000000000000000000e+00	1.913510544145023973e-01	0.000000000000000000e+00
-2.998079000000000087e+04	0.000000000000000000e+00	0.000000000000000000e+00	1.855525376140629290e-01	0.000000000000000000e+00
-2.998077000000000044e+04	0.000000000000000000e+00	0.000000000000000000e+00	1.898251289407025255e-01	0.000000000000000000e+00
-2.998075999999999840e+04	0.000000000000000000e+00	0.000000000000000000e+00	1.971495712149418655e-01	0.000000000000000000e+00
-2.998075000000000000e+04	0.000000000000000000e+00	0.000000000000000000e+00	1.965392010254219113e-01	0.000000000000000000e+00
-2.998072000000000116e+04	0.000000000000000000e+00	0.000000000000000000e+00	1.971495712149418655e-01	0.000000000000000000e+00
-2.998068000000000029e+04	0.000000000000000000e+00	0.000000000000000000e+00	1.977599414044618198e-01	0.000000000000000000e+00
-2.998063999999999942e+04	0.000000000000000000e+00	0.000000000000000000e+00	1.995910519730216270e-01	0.000000000000000000e+00
-2.998061000000000058e+04	0.000000000000000000e+00	0.000000000000000000e+00	2.014221625415814620e-01	0.000000000000000000e+00
-2.998059000000000015e+04	0.000000000000000000e+00	0.000000000000000000e+00	1.983703115939817463e-01	0.000000000000000000e+00
-2.998056999999999971e+04	0.000000000000000000e+00	0.000000000000000000e+00	2.075258644367809213e-01	0.000000000000000000e+00
-2.998054000000000087e+04	0.000000000000000000e+00	0.000000000000000000e+00	2.050843836787011321e-01	0.000000000000000000e+00
-2.998050000000000000e+04	0.000000000000000000e+00	0.000000000000000000e+00	2.087466048158208021e-01	0.000000000000000000e+00
-2.998047000000000116e+04	0.000000000000000000e+00	0.000000000000000000e+00	2.002014221625415813e-01	0.000000000000000000e+00
-2.998045000000000073e+04	0.000000000000000000e+00	0.000000000000000000e+00	1.977599414044618198e-01	0.000000000000000000e+00
-2.998041999999999825e+04	0.000000000000000000e+00	0.000000000000000000e+00	2.014221625415814620e-01	0.000000000000000000e+00
-2.998038999999999942e+04	0.000000000000000000e+00	0.000000000000000000e+00	1.944029053621021130e-01	0.000000000000000000e+00
-2.998036000000000058e+04	0.000000000000000000e+00	0.000000000000000000e+00	1.947080904568620763e-01	0.000000000000000000e+00
-2.998034999999999854e+04	0.000000000000000000e+00	0.000000000000000000e+00	1.876888332773827273e-01	0.000000000000000000e+00
-2.998031999999999971e+04	0.000000000000000000e+00	0.000000000000000000e+00	1.861629078035828833e-01	0.000000000000000000e+00
-2.998029000000000087e+04	0.000000000000000000e+00	0.000000000000000000e+00	1.904354991302224798e-01	0.000000000000000000e+00
-2.998025999999999840e+04	0.000000000000000000e+00	0.000000000000000000e+00	1.922666096987823148e-01	0.000000000000000000e+00
-2.998024000000000160e+04	0.000000000000000000e+00	0.000000000000000000e+00	1.864680928983428465e-01	0.000000000000000000e+00
-2.998020999999999913e+04	0.000000000000000000e+00	0.000000000000000000e+00	1.983703115939817463e-01	0.000000000000000000e+00
-2.998018000000000029e+04	0.000000000000000000e+00	0.000000000000000000e+00	1.886043885616626448e-01	0.000000000000000000e+00
-2.998013999999999942e+04	0.000000000000000000e+00	0.000000000000000000e+00	2.044740134891811778e-01	0.000000000000000000e+00
-2.998011000000000058e+04	0.000000000000000000e+00	0.000000000000000000e+00	1.944029053621021130e-01	0.000000000000000000e+00
-2.998008000000000175e+04	0.000000000000000000e+00	0.000000000000000000e+00	1.983703115939817463e-01	0.000000000000000000e+00
-2.998004999999999927e+04	0.000000000000000000e+00	0.000000000000000000e+00	2.041688283944212146e-01	0.000000000000000000e+00
-2.998002000000000044e+04	0.000000000000000000e+00	0.000000000000000000e+00	2.002014221625415813e-01	0.000000000000000000e+00
-2.997999000000000160e+04	0.000000000000000000e+00	0.000000000000000000e+00	2.050843836787011321e-01	0.000000000000000000e+00
-2.997995999999999913e+04	0.000000000000000000e+00	0.000000000000000000e+00	2.020325327311014163e-01	0.000000000000000000e+00
-2.997993000000000029e+04	0.000000000000000000e+00	0.000000000000000000e+00	2.047791985839411688e-01	0.000000000000000000e+00
-2.997990000000000146e+04	0.000000000000000000e+00	0.000000000000000000e+00	2.002014221625415813e-01	0.000000000000000000e+00
-2.997986999999999898e+04	0.000000000000000000e+00	0.000000000000000000e+00	2.114932706686605546e-01	0.000000000000000000e+00
-2.997983000000000175e+04	0.000000000000000000e+00	0.000000000000000000e+00	1.977599414044618198e-01	0.000000000000000000e+00
-2.997979000000000087e+04	0.000000000000000000e+00	0.000000000000000000e+00	2.002014221625415813e-01	0.000000000000000000e+00
-2.997975999999999840e+04	0.000000000000000000e+00	0.000000000000000000e+00	1.882992034669026815e-01	0.000000000000000000e+00
-2.997974000000000160e+04	0.000000000000000000e+00	0.000000000000000000e+00	1.886043885616626448e-01	0.000000000000000000e+00
-2.997970999999999913e+04	0.000000000000000000e+00	0.000000000000000000e+00	2.035584582049012603e-01	0.000000000000000000e+00
-2.997966999999999825e+04	0.000000000000000000e+00	0.000000000000000000e+00	1.876888332773827273e-01	0.000000000000000000e+00
-2.997965000000000146e+04	0.000000000000000000e+00	0.000000000000000000e+00	1.803643910031434150e-01	0.000000000000000000e+00
-2.997961999999999898e+04	0.000000000000000000e+00	0.000000000000000000e+00	1.840266121402630572e-01	0.000000000000000000e+00
-2.997959999999999854e+04	0.000000000000000000e+00	0.000000000000000000e+00	1.907406842249824430e-01	0.000000000000000000e+00
-2.997956000000000131e+04	0.000000000000000000e+00	0.000000000000000000e+00	1.931821649830622323e-01	0.000000000000000000e+00
-2.997952999999999884e+04	0.000000000000000000e+00	0.000000000000000000e+00	1.965392010254219113e-01	0.000000000000000000e+00
-2.997949000000000160e+04	0.000000000000000000e+00	0.000000000000000000e+00	1.965392010254219113e-01	0.000000000000000000e+00
-2.997945999999999913e+04	0.000000000000000000e+00	0.000000000000000000e+00	2.002014221625415813e-01	0.000000000000000000e+00
-2.997941999999999825e+04	0.000000000000000000e+00	0.000000000000000000e+00	2.105777153843806371e-01	0.000000000000000000e+00
-2.997938000000000102e+04	0.000000000000000000e+00	0.000000000000000000e+00	2.023377178258613796e-01	0.000000000000000000e+00
-2.997936000000000058e+04	0.000000000000000000e+00	0.000000000000000000e+00	2.041688283944212146e-01	0.000000000000000000e+00
-2.997934000000000015e+04	0.000000000000000000e+00	0.000000000000000000e+00	2.017273476363414531e-01	0.000000000000000000e+00
-2.997931999999999971e+04	0.000000000000000000e+00	0.000000000000000000e+00	2.038636432996612513e-01	0.000000000000000000e+00
-2.997927999999999884e+04	0.000000000000000000e+00	0.000000000000000000e+00	2.044740134891811778e-01	0.000000000000000000e+00
-2.997924000000000160e+04	0.000000000000000000e+00	0.000000000000000000e+00	2.017273476363414531e-01	0.000000000000000000e+00
-2.997920999999999913e+04	0.000000000000000000e+00	0.000000000000000000e+00	1.968443861201819023e-01	0.000000000000000000e+00
-2.997918000000000029e+04	0.000000000000000000e+00	0.000000000000000000e+00	2.041688283944212146e-01	0.000000000000000000e+00
-2.997915000000000146e+04	0.000000000000000000e+00	0.000000000000000000e+00	1.889095736564226080e-01	0.000000000000000000e+00
-2.997911000000000058e+04	0.000000000000000000e+00	0.000000000000000000e+00	2.038636432996612513e-01	0.000000000000000000e+00
-2.997906999999999971e+04	0.000000000000000000e+00	0.000000000000000000e+00	1.864680928983428465e-01	0.000000000000000000e+00
-2.997904000000000087e+04	0.000000000000000000e+00	0.000000000000000000e+00	1.825006866664632132e-01	0.000000000000000000e+00
-2.997902000000000044e+04	0.000000000000000000e+00	0.000000000000000000e+00	1.904354991302224798e-01	0.000000000000000000e+00
-2.997900000000000000e+04	0.000000000000000000e+00	0.000000000000000000e+00	1.815851313821832957e-01	0.000000000000000000e+00
-2.997897999999999956e+04	0.000000000000000000e+00	0.000000000000000000e+00	1.873836481826227640e-01	0.000000000000000000e+00
-2.997895999999999913e+04	0.000000000000000000e+00	0.000000000000000000e+00	1.849421674245429748e-01	0.000000000000000000e+00
-2.997893999999999869e+04	0.000000000000000000e+00	0.000000000000000000e+00	1.895199438459425623e-01	0.000000000000000000e+00
-2.997891999999999825e+04	0.000000000000000000e+00	0.000000000000000000e+00	1.864680928983428465e-01	0.000000000000000000e+00
-2.997890000000000146e+04	0.000000000000000000e+00	0.000000000000000000e+00	1.889095736564226080e-01	0.000000000000000000e+00
-2.997888000000000102e+04	0.000000000000000000e+00	0.000000000000000000e+00	1.873836481826227640e-01	0.000000000000000000e+00
-2.997886000000000058e+04	0.000000000000000000e+00	0.000000000000000000e+00	1.876888332773827273e-01	0.000000000000000000e+00
-2.997883000000000175e+04	0.000000000000000000e+00	0.000000000000000000e+00	1.889095736564226080e-01	0.000000000000000000e+00
-2.997879000000000087e+04	0.000000000000000000e+00	0.000000000000000000e+00	1.950132755516220673e-01	0.000000000000000000e+00
-2.997877000000000044e+04	0.000000000000000000e+00	0.000000000000000000e+00	1.956236457411419938e-01	0.000000000000000000e+00
-2.997874000000000160e+04	0.000000000000000000e+00	0.000000000000000000e+00	1.998962370677816180e-01	0.000000000000000000e+00
-2.997872000000000116e+04	0.000000000000000000e+00	0.000000000000000000e+00	2.157658619953001511e-01	0.000000000000000000e+00
-2.997870000000000073e+04	0.000000000000000000e+00	0.000000000000000000e+00	2.023377178258613796e-01	0.000000000000000000e+00
-2.997866999999999825e+04	0.000000000000000000e+00	0.000000000000000000e+00	1.983703115939817463e-01	0.000000000000000000e+00
-2.997863999999999942e+04	0.000000000000000000e+00	0.000000000000000000e+00	1.904354991302224798e-01	0.000000000000000000e+00
-2.997861000000000058e+04	0.000000000000000000e+00	0.000000000000000000e+00	1.904354991302224798e-01	0.000000000000000000e+00
-2.997858000000000175e+04	0.000000000000000000e+00	0.000000000000000000e+00	1.910458693197424340e-01	0.000000000000000000e+00
-2.997854999999999927e+04	0.000000000000000000e+00	0.000000000000000000e+00	1.855525376140629290e-01	0.000000000000000000e+00
-2.997850999999999840e+04	0.000000000000000000e+00	0.000000000000000000e+00	1.763969847712637817e-01	0.000000000000000000e+00
-2.997849000000000160e+04	0.000000000000000000e+00	0.000000000000000000e+00	1.809747611926633415e-01	0.000000000000000000e+00
-2.997845999999999913e+04	0.000000000000000000e+00	0.000000000000000000e+00	1.773125400555436992e-01	0.000000000000000000e+00
-2.997845000000000073e+04	0.000000000000000000e+00	0.000000000000000000e+00	1.828058717612231765e-01	0.000000000000000000e+00
-2.997841999999999825e+04	0.000000000000000000e+00	0.000000000000000000e+00	1.849421674245429748e-01	0.000000000000000000e+00
-2.997838999999999942e+04	0.000000000000000000e+00	0.000000000000000000e+00	1.852473525193029658e-01	0.000000000000000000e+00
-2.997836000000000058e+04	0.000000000000000000e+00	0.000000000000000000e+00	1.803643910031434150e-01	0.000000000000000000e+00
-2.997834000000000015e+04	0.000000000000000000e+00	0.000000000000000000e+00	1.812799462874233325e-01	0.000000000000000000e+00
-2.997833000000000175e+04	0.000000000000000000e+00	0.000000000000000000e+00	1.959288308359019848e-01	0.000000000000000000e+00
-2.997831000000000131e+04	0.000000000000000000e+00	0.000000000000000000e+00	1.968443861201819023e-01	0.000000000000000000e+00
-2.997829000000000087e+04	0.000000000000000000e+00	0.000000000000000000e+00	1.895199438459425623e-01	0.000000000000000000e+00
-2.997827000000000044e+04	0.000000000000000000e+00	0.000000000000000000e+00	1.803643910031434150e-01	0.000000000000000000e+00
-2.997825999999999840e+04	0.000000000000000000e+00	0.000000000000000000e+00	1.858577227088228923e-01	0.000000000000000000e+00
-2.997824000000000160e+04	0.000000000000000000e+00	0.000000000000000000e+00	1.974547563097018288e-01	0.000000000000000000e+00
-2.997820999999999913e+04	0.000000000000000000e+00	0.000000000000000000e+00	1.913510544145023973e-01	0.000000000000000000e+00
-2.997818999999999869e+04	0.000000000000000000e+00	0.000000000000000000e+00	1.889095736564226080e-01	0.000000000000000000e+00
-2.997816999999999825e+04	0.000000000000000000e+00	0.000000000000000000e+00	1.931821649830622323e-01	0.000000000000000000e+00
-2.997815000000000146e+04	0.000000000000000000e+00	0.000000000000000000e+00	1.934873500778221955e-01	0.000000000000000000e+00
-2.997813000000000102e+04	0.000000000000000000e+00	0.000000000000000000e+00	1.953184606463820305e-01	0.000000000000000000e+00
-2.997811000000000058e+04	0.000000000000000000e+00	0.000000000000000000e+00	1.889095736564226080e-01	0.000000000000000000e+00
-2.997809000000000015e+04	0.000000000000000000e+00	0.000000000000000000e+00	1.855525376140629290e-01	0.000000000000000000e+00
-2.997808000000000175e+04	0.000000000000000000e+00	0.000000000000000000e+00	1.858577227088228923e-01	0.000000000000000000e+00
-2.997806000000000131e+04	0.000000000000000000e+00	0.000000000000000000e+00	1.828058717612231765e-01	0.000000000000000000e+00
-2.997802000000000044e+04	0.000000000000000000e+00	0.000000000000000000e+00	1.767021698660237450e-01	0.000000000000000000e+00
-2.997797999999999956e+04	0.000000000000000000e+00	0.000000000000000000e+00	1.834162419507431308e-01	0.000000000000000000e+00
-2.997795000000000073e+04	0.000000000000000000e+00	0.000000000000000000e+00	1.818903164769432590e-01	0.000000000000000000e+00
-2.997793000000000029e+04	0.000000000000000000e+00	0.000000000000000000e+00	1.922666096987823148e-01	0.000000000000000000e+00
-2.997790999999999985e+04	0.000000000000000000e+00	0.000000000000000000e+00	1.959288308359019848e-01	0.000000000000000000e+00
-2.997788999999999942e+04	0.000000000000000000e+00	0.000000000000000000e+00	1.959288308359019848e-01	0.000000000000000000e+00
-2.997786999999999898e+04	0.000000000000000000e+00	0.000000000000000000e+00	1.886043885616626448e-01	0.000000000000000000e+00
-2.997784999999999854e+04	0.000000000000000000e+00	0.000000000000000000e+00	1.944029053621021130e-01	0.000000000000000000e+00
-2.997784000000000015e+04	0.000000000000000000e+00	0.000000000000000000e+00	1.806695760979033782e-01	0.000000000000000000e+00
-2.997781999999999971e+04	0.000000000000000000e+00	0.000000000000000000e+00	1.879940183721427183e-01	0.000000000000000000e+00
-2.997779999999999927e+04	0.000000000000000000e+00	0.000000000000000000e+00	1.953184606463820305e-01	0.000000000000000000e+00
-2.997777999999999884e+04	0.000000000000000000e+00	0.000000000000000000e+00	1.837214270455030940e-01	0.000000000000000000e+00
-2.997775999999999840e+04	0.000000000000000000e+00	0.000000000000000000e+00	1.818903164769432590e-01	0.000000000000000000e+00
-2.997772999999999956e+04	0.000000000000000000e+00	0.000000000000000000e+00	1.782280953398236167e-01	0.000000000000000000e+00
-2.997770000000000073e+04	0.000000000000000000e+00	0.000000000000000000e+00	1.760917996765037907e-01	0.000000000000000000e+00
-2.997768000000000029e+04	0.000000000000000000e+00	0.000000000000000000e+00	1.898251289407025255e-01	0.000000000000000000e+00
-2.997765999999999985e+04	0.000000000000000000e+00	0.000000000000000000e+00	1.791436506241035065e-01	0.000000000000000000e+00
-2.997765000000000146e+04	0.000000000000000000e+00	0.000000000000000000e+00	1.818903164769432590e-01	0.000000000000000000e+00
-2.997763999999999942e+04	0.000000000000000000e+00	0.000000000000000000e+00	1.702932828760643225e-01	0.000000000000000000e+00
-2.997761000000000058e+04	0.000000000000000000e+00	0.000000000000000000e+00	1.727347636341441117e-01	0.000000000000000000e+00
-2.997756999999999971e+04	0.000000000000000000e+00	0.000000000000000000e+00	1.702932828760643225e-01	0.000000000000000000e+00
-2.997754000000000087e+04	0.000000000000000000e+00	0.000000000000000000e+00	1.739555040131839925e-01	0.000000000000000000e+00
-2.997752000000000044e+04	0.000000000000000000e+00	0.000000000000000000e+00	1.651051362651448084e-01	0.000000000000000000e+00
-2.997750000000000000e+04	0.000000000000000000e+00	0.000000000000000000e+00	1.812799462874233325e-01	0.000000000000000000e+00
-2.997747999999999956e+04	0.000000000000000000e+00	0.000000000000000000e+00	1.901303140354625165e-01	0.000000000000000000e+00
-2.997745000000000073e+04	0.000000000000000000e+00	0.000000000000000000e+00	1.763969847712637817e-01	0.000000000000000000e+00
-2.997743000000000029e+04	0.000000000000000000e+00	0.000000000000000000e+00	1.858577227088228923e-01	0.000000000000000000e+00
-2.997740999999999985e+04	0.000000000000000000e+00	0.000000000000000000e+00	1.898251289407025255e-01	0.000000000000000000e+00
-2.997738000000000102e+04	0.000000000000000000e+00	0.000000000000000000e+00	1.867732779931028098e-01	0.000000000000000000e+00
-2.997736000000000058e+04	0.000000000000000000e+00	0.000000000000000000e+00	1.879940183721427183e-01	0.000000000000000000e+00
-2.997734999999999854e+04	0.000000000000000000e+00	0.000000000000000000e+00	1.849421674245429748e-01	0.000000000000000000e+00
-2.997733000000000175e+04	0.000000000000000000e+00	0.000000000000000000e+00	1.843317972350230483e-01	0.000000000000000000e+00
-2.997729999999999927e+04	0.000000000000000000e+00	0.000000000000000000e+00	1.763969847712637817e-01	0.000000000000000000e+00
-2.997727999999999884e+04	0.000000000000000000e+00	0.000000000000000000e+00	1.809747611926633415e-01	0.000000000000000000e+00
-2.997725000000000000e+04	0.000000000000000000e+00	0.000000000000000000e+00	1.785332804345835800e-01	0.000000000000000000e+00
-2.997722999999999956e+04	0.000000000000000000e+00	0.000000000000000000e+00	1.806695760979033782e-01	0.000000000000000000e+00
-2.997720999999999913e+04	0.000000000000000000e+00	0.000000000000000000e+00	1.806695760979033782e-01	0.000000000000000000e+00
-2.997718000000000029e+04	0.000000000000000000e+00	0.000000000000000000e+00	1.834162419507431308e-01	0.000000000000000000e+00
-2.997715999999999985e+04	0.000000000000000000e+00	0.000000000000000000e+00	1.684621723075045152e-01	0.000000000000000000e+00
-2.997713000000000102e+04	0.000000000000000000e+00	0.000000000000000000e+00	1.767021698660237450e-01	0.000000000000000000e+00
-2.997709999999999854e+04	0.000000000000000000e+00	0.000000000000000000e+00	1.791436506241035065e-01	0.000000000000000000e+00
-2.997708000000000175e+04	0.000000000000000000e+00	0.000000000000000000e+00	1.785332804345835800e-01	0.000000000000000000e+00
-2.997704999999999927e+04	0.000000000000000000e+00	0.000000000000000000e+00	1.718192083498641942e-01	0.000000000000000000e+00
-2.997702999999999884e+04	0.000000000000000000e+00	0.000000000000000000e+00	1.675466170232245977e-01	0.000000000000000000e+00
-2.997700000000000000e+04	0.000000000000000000e+00	0.000000000000000000e+00	1.806695760979033782e-01	0.000000000000000000e+00
-2.997697000000000116e+04	0.000000000000000000e+00	0.000000000000000000e+00	1.739555040131839925e-01	0.000000000000000000e+00
-2.997695000000000073e+04	0.000000000000000000e+00	0.000000000000000000e+00	1.812799462874233325e-01	0.000000000000000000e+00
-2.997691999999999825e+04	0.000000000000000000e+00	0.000000000000000000e+00	1.763969847712637817e-01	0.000000000000000000e+00
-2.997690999999999985e+04	0.000000000000000000e+00	0.000000000000000000e+00	1.809747611926633415e-01	0.000000000000000000e+00
-2.997690000000000146e+04	0.000000000000000000e+00	0.000000000000000000e+00	1.809747611926633415e-01	0.000000000000000000e+00
-2.997688000000000102e+04	0.000000000000000000e+00	0.000000000000000000e+00	1.886043885616626448e-01	0.000000000000000000e+00
-2.997686000000000058e+04	0.000000000000000000e+00	0.000000000000000000e+00	1.843317972350230483e-01	0.000000000000000000e+00
-2.997684999999999854e+04	0.000000000000000000e+00	0.000000000000000000e+00	1.782280953398236167e-01	0.000000000000000000e+00
-2.997683000000000175e+04	0.000000000000000000e+00	0.000000000000000000e+00	1.818903164769432590e-01	0.000000000000000000e+00
-2.997681999999999971e+04	0.000000000000000000e+00	0.000000000000000000e+00	1.763969847712637817e-01	0.000000000000000000e+00
-2.997679999999999927e+04	0.000000000000000000e+00	0.000000000000000000e+00	1.803643910031434150e-01	0.000000000000000000e+00
-2.997677999999999884e+04	0.000000000000000000e+00	0.000000000000000000e+00	1.812799462874233325e-01	0.000000000000000000e+00
-2.997677000000000044e+04	0.000000000000000000e+00	0.000000000000000000e+00	1.629688406018250102e-01	0.000000000000000000e+00
-2.997675000000000000e+04	0.000000000000000000e+00	0.000000000000000000e+00	1.702932828760643225e-01	0.000000000000000000e+00
-2.997670999999999913e+04	0.000000000000000000e+00	0.000000000000000000e+00	1.663258766441846892e-01	0.000000000000000000e+00
-2.997668000000000029e+04	0.000000000000000000e+00	0.000000000000000000e+00	1.654103213599047717e-01	0.000000000000000000e+00
-2.997665999999999985e+04	0.000000000000000000e+00	0.000000000000000000e+00	1.651051362651448084e-01	0.000000000000000000e+00
-2.997665000000000146e+04	0.000000000000000000e+00	0.000000000000000000e+00	1.745658742027039467e-01	0.000000000000000000e+00
-2.997663000000000102e+04	0.000000000000000000e+00	0.000000000000000000e+00	1.721243934446241575e-01	0.000000000000000000e+00
-2.997659999999999854e+04	0.000000000000000000e+00	0.000000000000000000e+00	1.696829126865443960e-01	0.000000000000000000e+00
-2.997656999999999971e+04	0.000000000000000000e+00	0.000000000000000000e+00	1.696829126865443960e-01	0.000000000000000000e+00
-2.997652999999999884e+04	0.000000000000000000e+00	0.000000000000000000e+00	1.690725424970244417e-01	0.000000000000000000e+00
-2.997650999999999840e+04	0.000000000000000000e+00	0.000000000000000000e+00	1.794488357188634975e-01	0.000000000000000000e+00
-2.997649000000000160e+04	0.000000000000000000e+00	0.000000000000000000e+00	1.760917996765037907e-01	0.000000000000000000e+00
-2.997647000000000116e+04	0.000000000000000000e+00	0.000000000000000000e+00	1.699880977813043592e-01	0.000000000000000000e+00
-2.997643999999999869e+04	0.000000000000000000e+00	0.000000000000000000e+00	1.806695760979033782e-01	0.000000000000000000e+00
-2.997640999999999985e+04	0.000000000000000000e+00	0.000000000000000000e+00	1.684621723075045152e-01	0.000000000000000000e+00
-2.997638000000000102e+04	0.000000000000000000e+00	0.000000000000000000e+00	1.831110568559831675e-01	0.000000000000000000e+00
-2.997634999999999854e+04	0.000000000000000000e+00	0.000000000000000000e+00	1.763969847712637817e-01	0.000000000000000000e+00
-2.997631999999999971e+04	0.000000000000000000e+00	0.000000000000000000e+00	1.922666096987823148e-01	0.000000000000000000e+00
-2.997629999999999927e+04	0.000000000000000000e+00	0.000000000000000000e+00	1.770073549607837082e-01	0.000000000000000000e+00
-2.997629000000000087e+04	0.000000000000000000e+00	0.000000000000000000e+00	1.745658742027039467e-01	0.000000000000000000e+00
-2.997627000000000044e+04	0.000000000000000000e+00	0.000000000000000000e+00	1.739555040131839925e-01	0.000000000000000000e+00
-2.997625000000000000e+04	0.000000000000000000e+00	0.000000000000000000e+00	1.702932828760643225e-01	0.000000000000000000e+00
-2.997622999999999956e+04	0.000000000000000000e+00	0.000000000000000000e+00	1.672414319284646067e-01	0.000000000000000000e+00
-2.997620000000000073e+04	0.000000000000000000e+00	0.000000000000000000e+00	1.608325449385052119e-01	0.000000000000000000e+00
-2.997618000000000029e+04	0.000000000000000000e+00	0.000000000000000000e+00	1.687673574022644785e-01	0.000000000000000000e+00
-2.997615999999999985e+04	0.000000000000000000e+00	0.000000000000000000e+00	1.632740256965849734e-01	0.000000000000000000e+00
-2.997615000000000146e+04	0.000000000000000000e+00	0.000000000000000000e+00	1.632740256965849734e-01	0.000000000000000000e+00
-2.997613000000000102e+04	0.000000000000000000e+00	0.000000000000000000e+00	1.623584704123050559e-01	0.000000000000000000e+00
-2.997611000000000058e+04	0.000000000000000000e+00	0.000000000000000000e+00	1.638843958861049277e-01	0.000000000000000000e+00
-2.997609999999999854e+04	0.000000000000000000e+00	0.000000000000000000e+00	1.620532853175450927e-01	0.000000000000000000e+00
-2.997608000000000175e+04	0.000000000000000000e+00	0.000000000000000000e+00	1.675466170232245977e-01	0.000000000000000000e+00
-2.997604999999999927e+04	0.000000000000000000e+00	0.000000000000000000e+00	1.690725424970244417e-01	0.000000000000000000e+00
-2.997600000000000000e+04	0.000000000000000000e+00	0.000000000000000000e+00	1.724295785393841485e-01	0.000000000000000000e+00
-2.997595999999999913e+04	0.000000000000000000e+00	0.000000000000000000e+00	1.657155064546647627e-01	0.000000000000000000e+00
-2.997593999999999869e+04	0.000000000000000000e+00	0.000000000000000000e+00	1.657155064546647627e-01	0.000000000000000000e+00
-2.997591999999999825e+04	0.000000000000000000e+00	0.000000000000000000e+00	1.693777275917844050e-01	0.000000000000000000e+00
-2.997590000000000146e+04	0.000000000000000000e+00	0.000000000000000000e+00	1.663258766441846892e-01	0.000000000000000000e+00
-2.997586999999999898e+04	0.000000000000000000e+00	0.000000000000000000e+00	1.623584704123050559e-01	0.000000000000000000e+00
-2.997584999999999854e+04	0.000000000000000000e+00	0.000000000000000000e+00	1.699880977813043592e-01	0.000000000000000000e+00
-2.997581999999999971e+04	0.000000000000000000e+00	0.000000000000000000e+00	1.632740256965849734e-01	0.000000000000000000e+00
-2.997579000000000087e+04	0.000000000000000000e+00	0.000000000000000000e+00	1.608325449385052119e-01	0.000000000000000000e+00
-2.997577000000000044e+04	0.000000000000000000e+00	0.000000000000000000e+00	1.605273598437452209e-01	0.000000000000000000e+00
-2.997575000000000000e+04	0.000000000000000000e+00	0.000000000000000000e+00	1.599169896542252944e-01	0.000000000000000000e+00
-2.997572000000000116e+04	0.000000000000000000e+00	0.000000000000000000e+00	1.559495834223456612e-01	0.000000000000000000e+00
-2.997568000000000029e+04	0.000000000000000000e+00	0.000000000000000000e+00	1.651051362651448084e-01	0.000000000000000000e+00
-2.997565999999999985e+04	0.000000000000000000e+00	0.000000000000000000e+00	1.559495834223456612e-01	0.000000000000000000e+00
-2.997565000000000146e+04	0.000000000000000000e+00	0.000000000000000000e+00	1.532029175695059087e-01	0.000000000000000000e+00
-2.997561999999999898e+04	0.000000000000000000e+00	0.000000000000000000e+00	1.577806939909054962e-01	0.000000000000000000e+00
-2.997558000000000175e+04	0.000000000000000000e+00	0.000000000000000000e+00	1.574755088961455052e-01	0.000000000000000000e+00
-2.997556000000000131e+04	0.000000000000000000e+00	0.000000000000000000e+00	1.571703238013855419e-01	0.000000000000000000e+00
-2.997554000000000087e+04	0.000000000000000000e+00	0.000000000000000000e+00	1.626636555070650469e-01	0.000000000000000000e+00
-2.997552000000000044e+04	0.000000000000000000e+00	0.000000000000000000e+00	1.745658742027039467e-01	0.000000000000000000e+00
-2.997550000000000000e+04	0.000000000000000000e+00	0.000000000000000000e+00	1.760917996765037907e-01	0.000000000000000000e+00
-2.997547000000000116e+04	0.000000000000000000e+00	0.000000000000000000e+00	1.672414319284646067e-01	0.000000000000000000e+00
-2.997545000000000073e+04	0.000000000000000000e+00	0.000000000000000000e+00	1.644947660756248542e-01	0.000000000000000000e+00
-2.997541999999999825e+04	0.000000000000000000e+00	0.000000000000000000e+00	1.654103213599047717e-01	0.000000000000000000e+00
-2.997538999999999942e+04	0.000000000000000000e+00	0.000000000000000000e+00	1.617481002227851294e-01	0.000000000000000000e+00
-2.997536999999999898e+04	0.000000000000000000e+00	0.000000000000000000e+00	1.547288430433057527e-01	0.000000000000000000e+00
-2.997534000000000015e+04	0.000000000000000000e+00	0.000000000000000000e+00	1.574755088961455052e-01	0.000000000000000000e+00
-2.997531999999999971e+04	0.000000000000000000e+00	0.000000000000000000e+00	1.562547685171056244e-01	0.000000000000000000e+00
-2.997529999999999927e+04	0.000000000000000000e+00	0.000000000000000000e+00	1.535081026642658719e-01	0.000000000000000000e+00
-2.997529000000000087e+04	0.000000000000000000e+00	0.000000000000000000e+00	1.483199560533463579e-01	0.000000000000000000e+00
-2.997527000000000044e+04	0.000000000000000000e+00	0.000000000000000000e+00	1.532029175695059087e-01	0.000000000000000000e+00
-2.997524000000000160e+04	0.000000000000000000e+00	0.000000000000000000e+00	1.474044007690664404e-01	0.000000000000000000e+00
-2.997522000000000116e+04	0.000000000000000000e+00	0.000000000000000000e+00	1.617481002227851294e-01	0.000000000000000000e+00
-2.997520000000000073e+04	0.000000000000000000e+00	0.000000000000000000e+00	1.513718070009460737e-01	0.000000000000000000e+00
-2.997518000000000029e+04	0.000000000000000000e+00	0.000000000000000000e+00	1.550340281380657437e-01	0.000000000000000000e+00
-2.997515000000000146e+04	0.000000000000000000e+00	0.000000000000000000e+00	1.623584704123050559e-01	0.000000000000000000e+00
-2.997511000000000058e+04	0.000000000000000000e+00	0.000000000000000000e+00	1.550340281380657437e-01	0.000000000000000000e+00
-2.997509000000000015e+04	0.000000000000000000e+00	0.000000000000000000e+00	1.562547685171056244e-01	0.000000000000000000e+00
-2.997508000000000175e+04	0.000000000000000000e+00	0.000000000000000000e+00	1.586962492751854137e-01	0.000000000000000000e+00
-2.997504999999999927e+04	0.000000000000000000e+00	0.000000000000000000e+00	1.608325449385052119e-01	0.000000000000000000e+00
-2.997502000000000044e+04	0.000000000000000000e+00	0.000000000000000000e+00	1.654103213599047717e-01	0.000000000000000000e+00
-2.997499000000000160e+04	0.000000000000000000e+00	0.000000000000000000e+00	1.608325449385052119e-01	0.000000000000000000e+00
-2.997495999999999913e+04	0.000000000000000000e+00	0.000000000000000000e+00	1.647999511703848452e-01	0.000000000000000000e+00
-2.997493000000000029e+04	0.000000000000000000e+00	0.000000000000000000e+00	1.684621723075045152e-01	0.000000000000000000e+00
-2.997488999999999942e+04	0.000000000000000000e+00	0.000000000000000000e+00	1.577806939909054962e-01	0.000000000000000000e+00
-2.997486000000000058e+04	0.000000000000000000e+00	0.000000000000000000e+00	1.544236579485457894e-01	0.000000000000000000e+00
-2.997484000000000015e+04	0.000000000000000000e+00	0.000000000000000000e+00	1.547288430433057527e-01	0.000000000000000000e+00
-2.997481000000000131e+04	0.000000000000000000e+00	0.000000000000000000e+00	1.583910641804254227e-01	0.000000000000000000e+00
-2.997479000000000087e+04	0.000000000000000000e+00	0.000000000000000000e+00	1.608325449385052119e-01	0.000000000000000000e+00
-2.997477000000000044e+04	0.000000000000000000e+00	0.000000000000000000e+00	1.532029175695059087e-01	0.000000000000000000e+00
-2.997475000000000000e+04	0.000000000000000000e+00	0.000000000000000000e+00	1.492355113376262754e-01	0.000000000000000000e+00
-2.997470999999999913e+04	0.000000000000000000e+00	0.000000000000000000e+00	1.434369945371868071e-01	0.000000000000000000e+00
-2.997468000000000029e+04	0.000000000000000000e+00	0.000000000000000000e+00	1.397747734000671371e-01	0.000000000000000000e+00
-2.997465000000000146e+04	0.000000000000000000e+00	0.000000000000000000e+00	1.467940305795464861e-01	0.000000000000000000e+00
-2.997463000000000102e+04	0.000000000000000000e+00	0.000000000000000000e+00	1.486251411481063212e-01	0.000000000000000000e+00
-2.997459999999999854e+04	0.000000000000000000e+00	0.000000000000000000e+00	1.477095858638264037e-01	0.000000000000000000e+00
-2.997456000000000131e+04	0.000000000000000000e+00	0.000000000000000000e+00	1.440473647267067614e-01	0.000000000000000000e+00
-2.997452999999999884e+04	0.000000000000000000e+00	0.000000000000000000e+00	1.535081026642658719e-01	0.000000000000000000e+00
-2.997450999999999840e+04	0.000000000000000000e+00	0.000000000000000000e+00	1.544236579485457894e-01	0.000000000000000000e+00
-2.997447999999999956e+04	0.000000000000000000e+00	0.000000000000000000e+00	1.516769920957060369e-01	0.000000000000000000e+00
-2.997447000000000116e+04	0.000000000000000000e+00	0.000000000000000000e+00	1.480147709585863947e-01	0.000000000000000000e+00
-2.997443999999999869e+04	0.000000000000000000e+00	0.000000000000000000e+00	1.510666219061861104e-01	0.000000000000000000e+00
-2.997440999999999985e+04	0.000000000000000000e+00	0.000000000000000000e+00	1.501510666219061929e-01	0.000000000000000000e+00
-2.997438999999999942e+04	0.000000000000000000e+00	0.000000000000000000e+00	1.498458815271462019e-01	0.000000000000000000e+00
-2.997436999999999898e+04	0.000000000000000000e+00	0.000000000000000000e+00	1.455732902005066054e-01	0.000000000000000000e+00
-2.997434000000000015e+04	0.000000000000000000e+00	0.000000000000000000e+00	1.553392132328257069e-01	0.000000000000000000e+00
-2.997429999999999927e+04	0.000000000000000000e+00	0.000000000000000000e+00	1.467940305795464861e-01	0.000000000000000000e+00
-2.997427000000000044e+04	0.000000000000000000e+00	0.000000000000000000e+00	1.477095858638264037e-01	0.000000000000000000e+00
-2.997424000000000160e+04	0.000000000000000000e+00	0.000000000000000000e+00	1.428266243476668529e-01	0.000000000000000000e+00
-2.997420999999999913e+04	0.000000000000000000e+00	0.000000000000000000e+00	1.477095858638264037e-01	0.000000000000000000e+00
-2.997415999999999985e+04	0.000000000000000000e+00	0.000000000000000000e+00	1.452681051057466421e-01	0.000000000000000000e+00
-2.997413000000000102e+04	0.000000000000000000e+00	0.000000000000000000e+00	1.516769920957060369e-01	0.000000000000000000e+00
-2.997408000000000175e+04	0.000000000000000000e+00	0.000000000000000000e+00	1.248207037568285216e-01	0.000000000000000000e+00
-2.997404000000000087e+04	0.000000000000000000e+00	0.000000000000000000e+00	1.409955137791070179e-01	0.000000000000000000e+00
-2.997400999999999840e+04	0.000000000000000000e+00	0.000000000000000000e+00	1.382488479262672931e-01	0.000000000000000000e+00
-2.997397999999999956e+04	0.000000000000000000e+00	0.000000000000000000e+00	1.385540330210272564e-01	0.000000000000000000e+00
-2.997393999999999869e+04	0.000000000000000000e+00	0.000000000000000000e+00	1.370281075472273846e-01	0.000000000000000000e+00
-2.997391999999999825e+04	0.000000000000000000e+00	0.000000000000000000e+00	1.452681051057466421e-01	0.000000000000000000e+00
-2.997390000000000146e+04	0.000000000000000000e+00	0.000000000000000000e+00	1.370281075472273846e-01	0.000000000000000000e+00
-2.997386999999999898e+04	0.000000000000000000e+00	0.000000000000000000e+00	1.382488479262672931e-01	0.000000000000000000e+00
-2.997384999999999854e+04	0.000000000000000000e+00	0.000000000000000000e+00	1.431318094424268439e-01	0.000000000000000000e+00
-2.997383000000000175e+04	0.000000000000000000e+00	0.000000000000000000e+00	1.419110690633869354e-01	0.000000000000000000e+00
-2.997381999999999971e+04	0.000000000000000000e+00	0.000000000000000000e+00	1.394695883053071739e-01	0.000000000000000000e+00
-2.997379000000000087e+04	0.000000000000000000e+00	0.000000000000000000e+00	1.373332926419873756e-01	0.000000000000000000e+00
-2.997375999999999840e+04	0.000000000000000000e+00	0.000000000000000000e+00	1.486251411481063212e-01	0.000000000000000000e+00
-2.997374000000000160e+04	0.000000000000000000e+00	0.000000000000000000e+00	1.510666219061861104e-01	0.000000000000000000e+00
-2.997370999999999913e+04	0.000000000000000000e+00	0.000000000000000000e+00	1.455732902005066054e-01	0.000000000000000000e+00
-2.997368999999999869e+04	0.000000000000000000e+00	0.000000000000000000e+00	1.489303262428663122e-01	0.000000000000000000e+00
-2.997366999999999825e+04	0.000000000000000000e+00	0.000000000000000000e+00	1.406903286843470546e-01	0.000000000000000000e+00
-2.997365000000000146e+04	0.000000000000000000e+00	0.000000000000000000e+00	1.397747734000671371e-01	0.000000000000000000e+00
-2.997361999999999898e+04	0.000000000000000000e+00	0.000000000000000000e+00	1.382488479262672931e-01	0.000000000000000000e+00
-2.997359999999999854e+04	0.000000000000000000e+00	0.000000000000000000e+00	1.489303262428663122e-01	0.000000000000000000e+00
-2.997356999999999971e+04	0.000000000000000000e+00	0.000000000000000000e+00	1.339762565996276689e-01	0.000000000000000000e+00
-2.997354999999999927e+04	0.000000000000000000e+00	0.000000000000000000e+00	1.367229224524674214e-01	0.000000000000000000e+00
-2.997352999999999884e+04	0.000000000000000000e+00	0.000000000000000000e+00	1.345866267891476231e-01	0.000000000000000000e+00
-2.997350000000000000e+04	0.000000000000000000e+00	0.000000000000000000e+00	1.339762565996276689e-01	0.000000000000000000e+00
-2.997347999999999956e+04	0.000000000000000000e+00	0.000000000000000000e+00	1.223792229987487462e-01	0.000000000000000000e+00
-2.997345000000000073e+04	0.000000000000000000e+00	0.000000000000000000e+00	1.303140354625079989e-01	0.000000000000000000e+00
-2.997341999999999825e+04	0.000000000000000000e+00	0.000000000000000000e+00	1.232947782830286637e-01	0.000000000000000000e+00
-2.997340000000000146e+04	0.000000000000000000e+00	0.000000000000000000e+00	1.358073671681875039e-01	0.000000000000000000e+00
-2.997336999999999898e+04	0.000000000000000000e+00	0.000000000000000000e+00	1.364177373577074581e-01	0.000000000000000000e+00
-2.997334999999999854e+04	0.000000000000000000e+00	0.000000000000000000e+00	1.266518143253883566e-01	0.000000000000000000e+00
-2.997333000000000175e+04	0.000000000000000000e+00	0.000000000000000000e+00	1.287881099887081549e-01	0.000000000000000000e+00
-2.997331000000000131e+04	0.000000000000000000e+00	0.000000000000000000e+00	1.406903286843470546e-01	0.000000000000000000e+00
-2.997329000000000087e+04	0.000000000000000000e+00	0.000000000000000000e+00	1.303140354625079989e-01	0.000000000000000000e+00
-2.997325999999999840e+04	0.000000000000000000e+00	0.000000000000000000e+00	1.324503311258278249e-01	0.000000000000000000e+00
-2.997324000000000160e+04	0.000000000000000000e+00	0.000000000000000000e+00	1.413006988738670089e-01	0.000000000000000000e+00
-2.997322000000000116e+04	0.000000000000000000e+00	0.000000000000000000e+00	1.196325571459089937e-01	0.000000000000000000e+00
-2.997318999999999869e+04	0.000000000000000000e+00	0.000000000000000000e+00	1.248207037568285216e-01	0.000000000000000000e+00
-2.997316999999999825e+04	0.000000000000000000e+00	0.000000000000000000e+00	1.327555162205877881e-01	0.000000000000000000e+00
-2.997313999999999942e+04	0.000000000000000000e+00	0.000000000000000000e+00	1.342814416943876599e-01	0.000000000000000000e+00
-2.997311000000000058e+04	0.000000000000000000e+00	0.000000000000000000e+00	1.278725547044282373e-01	0.000000000000000000e+00
-2.997308000000000175e+04	0.000000000000000000e+00	0.000000000000000000e+00	1.339762565996276689e-01	0.000000000000000000e+00
-2.997304999999999927e+04	0.000000000000000000e+00	0.000000000000000000e+00	1.315347758415479074e-01	0.000000000000000000e+00
-2.997302000000000044e+04	0.000000000000000000e+00	0.000000000000000000e+00	1.315347758415479074e-01	0.000000000000000000e+00
-2.997297999999999956e+04	0.000000000000000000e+00	0.000000000000000000e+00	1.242103335673085673e-01	0.000000000000000000e+00
-2.997295000000000073e+04	0.000000000000000000e+00	0.000000000000000000e+00	1.257362590411084391e-01	0.000000000000000000e+00
-2.997291999999999825e+04	0.000000000000000000e+00	0.000000000000000000e+00	1.248207037568285216e-01	0.000000000000000000e+00
-2.997288999999999942e+04	0.000000000000000000e+00	0.000000000000000000e+00	1.278725547044282373e-01	0.000000000000000000e+00
-2.997286000000000058e+04	0.000000000000000000e+00	0.000000000000000000e+00	1.303140354625079989e-01	0.000000000000000000e+00
-2.997283000000000175e+04	0.000000000000000000e+00	0.000000000000000000e+00	1.297036652729880724e-01	0.000000000000000000e+00
-2.997279999999999927e+04	0.000000000000000000e+00	0.000000000000000000e+00	1.235999633777886270e-01	0.000000000000000000e+00
-2.997279000000000087e+04	0.000000000000000000e+00	0.000000000000000000e+00	1.266518143253883566e-01	0.000000000000000000e+00
-2.997275999999999840e+04	0.000000000000000000e+00	0.000000000000000000e+00	1.229895931882686866e-01	0.000000000000000000e+00
-2.997274000000000160e+04	0.000000000000000000e+00	0.000000000000000000e+00	1.474044007690664404e-01	0.000000000000000000e+00
-2.997270999999999913e+04	0.000000000000000000e+00	0.000000000000000000e+00	1.290932950834681181e-01	0.000000000000000000e+00
-2.997268000000000029e+04	0.000000000000000000e+00	0.000000000000000000e+00	1.300088503677480356e-01	0.000000000000000000e+00
-2.997265000000000146e+04	0.000000000000000000e+00	0.000000000000000000e+00	1.235999633777886270e-01	0.000000000000000000e+00
-2.997263000000000102e+04	0.000000000000000000e+00	0.000000000000000000e+00	1.235999633777886270e-01	0.000000000000000000e+00
-2.997261999999999898e+04	0.000000000000000000e+00	0.000000000000000000e+00	1.315347758415479074e-01	0.000000000000000000e+00
-2.997259999999999854e+04	0.000000000000000000e+00	0.000000000000000000e+00	1.217688528092287920e-01	0.000000000000000000e+00
-2.997258000000000175e+04	0.000000000000000000e+00	0.000000000000000000e+00	1.235999633777886270e-01	0.000000000000000000e+00
-2.997254999999999927e+04	0.000000000000000000e+00	0.000000000000000000e+00	1.263466292306283656e-01	0.000000000000000000e+00
-2.997252999999999884e+04	0.000000000000000000e+00	0.000000000000000000e+00	1.278725547044282373e-01	0.000000000000000000e+00
-2.997250000000000000e+04	0.000000000000000000e+00	0.000000000000000000e+00	1.147495956297494429e-01	0.000000000000000000e+00
-2.997247999999999956e+04	0.000000000000000000e+00	0.000000000000000000e+00	1.141392254402295026e-01	0.000000000000000000e+00
-2.997245000000000073e+04	0.000000000000000000e+00	0.000000000000000000e+00	1.263466292306283656e-01	0.000000000000000000e+00
-2.997241999999999825e+04	0.000000000000000000e+00	0.000000000000000000e+00	1.297036652729880724e-01	0.000000000000000000e+00
-2.997240000000000146e+04	0.000000000000000000e+00	0.000000000000000000e+00	1.297036652729880724e-01	0.000000000000000000e+00
-2.997238000000000102e+04	0.000000000000000000e+00	0.000000000000000000e+00	1.257362590411084391e-01	0.000000000000000000e+00
-2.997236000000000058e+04	0.000000000000000000e+00	0.000000000000000000e+00	1.211584826197088516e-01	0.000000000000000000e+00
-2.997233000000000175e+04	0.000000000000000000e+00	0.000000000000000000e+00	1.287881099887081549e-01	0.000000000000000000e+00
-2.997231999999999971e+04	0.000000000000000000e+00	0.000000000000000000e+00	1.217688528092287920e-01	0.000000000000000000e+00
-2.997229000000000087e+04	0.000000000000000000e+00	0.000000000000000000e+00	1.217688528092287920e-01	0.000000000000000000e+00
-2.997227000000000044e+04	0.000000000000000000e+00	0.000000000000000000e+00	1.159703360087893376e-01	0.000000000000000000e+00
-2.997224000000000160e+04	0.000000000000000000e+00	0.000000000000000000e+00	1.196325571459089937e-01	0.000000000000000000e+00
-2.997222000000000116e+04	0.000000000000000000e+00	0.000000000000000000e+00	1.178014465773491587e-01	0.000000000000000000e+00
-2.997218999999999869e+04	0.000000000000000000e+00	0.000000000000000000e+00	1.141392254402295026e-01	0.000000000000000000e+00
-2.997215999999999985e+04	0.000000000000000000e+00	0.000000000000000000e+00	1.141392254402295026e-01	0.000000000000000000e+00
-2.997213000000000102e+04	0.000000000000000000e+00	0.000000000000000000e+00	1.266518143253883566e-01	0.000000000000000000e+00
-2.997211000000000058e+04	0.000000000000000000e+00	0.000000000000000000e+00	1.263466292306283656e-01	0.000000000000000000e+00
-2.997209999999999854e+04	0.000000000000000000e+00	0.000000000000000000e+00	1.196325571459089937e-01	0.000000000000000000e+00
-2.997208000000000175e+04	0.000000000000000000e+00	0.000000000000000000e+00	1.126132999664296447e-01	0.000000000000000000e+00
-2.997204999999999927e+04	0.000000000000000000e+00	0.000000000000000000e+00	1.181066316721091358e-01	0.000000000000000000e+00
-2.997200000000000000e+04	0.000000000000000000e+00	0.000000000000000000e+00	1.205481124301889112e-01	0.000000000000000000e+00
-2.997197999999999956e+04	0.000000000000000000e+00	0.000000000000000000e+00	1.046784875026703643e-01	0.000000000000000000e+00
-2.997195999999999913e+04	0.000000000000000000e+00	0.000000000000000000e+00	1.110873744926297868e-01	0.000000000000000000e+00
-2.997193999999999869e+04	0.000000000000000000e+00	0.000000000000000000e+00	1.101718192083498693e-01	0.000000000000000000e+00
-2.997193999999999869e+04	0.000000000000000000e+00	0.000000000000000000e+00	1.083407086397900343e-01	0.000000000000000000e+00
-2.997191999999999825e+04	0.000000000000000000e+00	0.000000000000000000e+00	1.229895931882686866e-01	0.000000000000000000e+00
-2.997190000000000146e+04	0.000000000000000000e+00	0.000000000000000000e+00	1.181066316721091358e-01	0.000000000000000000e+00
-2.997186999999999898e+04	0.000000000000000000e+00	0.000000000000000000e+00	1.193273720511490166e-01	0.000000000000000000e+00
-2.997184999999999854e+04	0.000000000000000000e+00	0.000000000000000000e+00	1.135288552507095622e-01	0.000000000000000000e+00
-2.997181999999999971e+04	0.000000000000000000e+00	0.000000000000000000e+00	1.129184850611896079e-01	0.000000000000000000e+00
-2.997179000000000087e+04	0.000000000000000000e+00	0.000000000000000000e+00	1.126132999664296447e-01	0.000000000000000000e+00
-2.997177000000000044e+04	0.000000000000000000e+00	0.000000000000000000e+00	1.196325571459089937e-01	0.000000000000000000e+00
-2.997175000000000000e+04	0.000000000000000000e+00	0.000000000000000000e+00	1.174962614825891954e-01	0.000000000000000000e+00
-2.997172999999999956e+04	0.000000000000000000e+00	0.000000000000000000e+00	1.141392254402295026e-01	0.000000000000000000e+00
-2.997170000000000073e+04	0.000000000000000000e+00	0.000000000000000000e+00	1.205481124301889112e-01	0.000000000000000000e+00
-2.997168000000000029e+04	0.000000000000000000e+00	0.000000000000000000e+00	1.159703360087893376e-01	0.000000000000000000e+00
-2.997165999999999985e+04	0.000000000000000000e+00	0.000000000000000000e+00	1.113925595873897501e-01	0.000000000000000000e+00
-2.997163999999999942e+04	0.000000000000000000e+00	0.000000000000000000e+00	1.086458937345500114e-01	0.000000000000000000e+00
-2.997161999999999898e+04	0.000000000000000000e+00	0.000000000000000000e+00	1.147495956297494429e-01	0.000000000000000000e+00
-2.997159999999999854e+04	0.000000000000000000e+00	0.000000000000000000e+00	1.141392254402295026e-01	0.000000000000000000e+00
-2.997156999999999971e+04	0.000000000000000000e+00	0.000000000000000000e+00	1.129184850611896079e-01	0.000000000000000000e+00
-2.997154999999999927e+04	0.000000000000000000e+00	0.000000000000000000e+00	1.083407086397900343e-01	0.000000000000000000e+00
-2.997152999999999884e+04	0.000000000000000000e+00	0.000000000000000000e+00	1.095614490188299150e-01	0.000000000000000000e+00
-2.997150000000000000e+04	0.000000000000000000e+00	0.000000000000000000e+00	9.979552598651081352e-02	0.000000000000000000e+00
-2.997147999999999956e+04	0.000000000000000000e+00	0.000000000000000000e+00	1.126132999664296447e-01	0.000000000000000000e+00
-2.997145000000000073e+04	0.000000000000000000e+00	0.000000000000000000e+00	1.110873744926297868e-01	0.000000000000000000e+00
-2.997143000000000029e+04	0.000000000000000000e+00	0.000000000000000000e+00	1.013214514603106853e-01	0.000000000000000000e+00
-2.997140999999999985e+04	0.000000000000000000e+00	0.000000000000000000e+00	1.101718192083498693e-01	0.000000000000000000e+00
-2.997138999999999942e+04	0.000000000000000000e+00	0.000000000000000000e+00	1.055940427869502818e-01	0.000000000000000000e+00
-2.997136999999999898e+04	0.000000000000000000e+00	0.000000000000000000e+00	1.055940427869502818e-01	0.000000000000000000e+00
-2.997134000000000015e+04	0.000000000000000000e+00	0.000000000000000000e+00	1.040681173131504239e-01	0.000000000000000000e+00
-2.997131999999999971e+04	0.000000000000000000e+00	0.000000000000000000e+00	1.089510788293099747e-01	0.000000000000000000e+00
-2.997129999999999927e+04	0.000000000000000000e+00	0.000000000000000000e+00	1.058992278817102589e-01	0.000000000000000000e+00
-2.997127999999999884e+04	0.000000000000000000e+00	0.000000000000000000e+00	1.092562639240699518e-01	0.000000000000000000e+00
-2.997125000000000000e+04	0.000000000000000000e+00	0.000000000000000000e+00	1.055940427869502818e-01	0.000000000000000000e+00
-2.997122999999999956e+04	0.000000000000000000e+00	0.000000000000000000e+00	1.104770043031098326e-01	0.000000000000000000e+00
-2.997120000000000073e+04	0.000000000000000000e+00	0.000000000000000000e+00	1.043733024079104010e-01	0.000000000000000000e+00
-2.997118000000000029e+04	0.000000000000000000e+00	0.000000000000000000e+00	1.013214514603106853e-01	0.000000000000000000e+00
-2.997115000000000146e+04	0.000000000000000000e+00	0.000000000000000000e+00	1.092562639240699518e-01	0.000000000000000000e+00
-2.997111999999999898e+04	0.000000000000000000e+00	0.000000000000000000e+00	1.016266365550706485e-01	0.000000000000000000e+00
-2.997109000000000015e+04	0.000000000000000000e+00	0.000000000000000000e+00	1.229895931882686866e-01	0.000000000000000000e+00
-2.997106999999999971e+04	0.000000000000000000e+00	0.000000000000000000e+00	1.046784875026703643e-01	0.000000000000000000e+00
-2.997104000000000087e+04	0.000000000000000000e+00	0.000000000000000000e+00	9.643848994415113451e-02	0.000000000000000000e+00
-2.997100999999999840e+04	0.000000000000000000e+00	0.000000000000000000e+00	9.857478560747093277e-02	0.000000000000000000e+00
-2.997097999999999956e+04	0.000000000000000000e+00	0.000000000000000000e+00	9.216589861751152413e-02	0.000000000000000000e+00
-2.997095000000000073e+04	0.000000000000000000e+00	0.000000000000000000e+00	9.826960051271095564e-02	0.000000000000000000e+00
-2.997091999999999825e+04	0.000000000000000000e+00	0.000000000000000000e+00	1.010162663655507082e-01	0.000000000000000000e+00
-2.997088000000000102e+04	0.000000000000000000e+00	0.000000000000000000e+00	9.857478560747093277e-02	0.000000000000000000e+00
-2.997084999999999854e+04	0.000000000000000000e+00	0.000000000000000000e+00	1.055940427869502818e-01	0.000000000000000000e+00
-2.997081999999999971e+04	0.000000000000000000e+00	0.000000000000000000e+00	9.277626880703146450e-02	0.000000000000000000e+00
-2.997077999999999884e+04	0.000000000000000000e+00	0.000000000000000000e+00	9.613330484939115739e-02	0.000000000000000000e+00
-2.997075000000000000e+04	0.000000000000000000e+00	0.000000000000000000e+00	1.001007110812707906e-01	0.000000000000000000e+00
-2.997072999999999956e+04	0.000000000000000000e+00	0.000000000000000000e+00	9.826960051271095564e-02	0.000000000000000000e+00
-2.997070000000000073e+04	0.000000000000000000e+00	0.000000000000000000e+00	9.887997070223090990e-02	0.000000000000000000e+00
-2.997065999999999985e+04	0.000000000000000000e+00	0.000000000000000000e+00	9.765923032319101527e-02	0.000000000000000000e+00
-2.997063999999999942e+04	0.000000000000000000e+00	0.000000000000000000e+00	9.491256447035126276e-02	0.000000000000000000e+00
-2.997061000000000058e+04	0.000000000000000000e+00	0.000000000000000000e+00	1.001007110812707906e-01	0.000000000000000000e+00
-2.997056999999999971e+04	0.000000000000000000e+00	0.000000000000000000e+00	8.819849238563189087e-02	0.000000000000000000e+00
-2.997054000000000087e+04	0.000000000000000000e+00	0.000000000000000000e+00	9.460737937559129951e-02	0.000000000000000000e+00
-2.997050999999999840e+04	0.000000000000000000e+00	0.000000000000000000e+00	9.826960051271095564e-02	0.000000000000000000e+00
-2.997050000000000000e+04	0.000000000000000000e+00	0.000000000000000000e+00	9.491256447035126276e-02	0.000000000000000000e+00
-2.997047000000000116e+04	0.000000000000000000e+00	0.000000000000000000e+00	9.430219428083132238e-02	0.000000000000000000e+00
-2.997043999999999869e+04	0.000000000000000000e+00	0.000000000000000000e+00	9.216589861751152413e-02	0.000000000000000000e+00
-2.997041999999999825e+04	0.000000000000000000e+00	0.000000000000000000e+00	1.013214514603106853e-01	0.000000000000000000e+00
-2.997040000000000146e+04	0.000000000000000000e+00	0.000000000000000000e+00	9.918515579699087314e-02	0.000000000000000000e+00
-2.997036999999999898e+04	0.000000000000000000e+00	0.000000000000000000e+00	9.063997314371166625e-02	0.000000000000000000e+00
-2.997034999999999854e+04	0.000000000000000000e+00	0.000000000000000000e+00	9.430219428083132238e-02	0.000000000000000000e+00
-2.997033000000000175e+04	0.000000000000000000e+00	0.000000000000000000e+00	9.216589861751152413e-02	0.000000000000000000e+00
-2.997031000000000131e+04	0.000000000000000000e+00	0.000000000000000000e+00	9.155552842799158375e-02	0.000000000000000000e+00
-2.997029000000000087e+04	0.000000000000000000e+00	0.000000000000000000e+00	9.063997314371166625e-02	0.000000000000000000e+00
-2.997027000000000044e+04	0.000000000000000000e+00	0.000000000000000000e+00	9.613330484939115739e-02	0.000000000000000000e+00
-2.997024000000000160e+04	0.000000000000000000e+00	0.000000000000000000e+00	9.918515579699087314e-02	0.000000000000000000e+00
-2.997022000000000116e+04	0.000000000000000000e+00	0.000000000000000000e+00	9.491256447035126276e-02	0.000000000000000000e+00
-2.997020000000000073e+04	0.000000000000000000e+00	0.000000000000000000e+00	8.972441785943174875e-02	0.000000000000000000e+00
-2.997018000000000029e+04	0.000000000000000000e+00	0.000000000000000000e+00	9.399700918607135913e-02	0.000000000000000000e+00
-2.997015000000000146e+04	0.000000000000000000e+00	0.000000000000000000e+00	9.552293465987121701e-02	0.000000000000000000e+00
-2.997011000000000058e+04	0.000000000000000000e+00	0.000000000000000000e+00	1.025421918393505660e-01	0.000000000000000000e+00
-2.997009000000000015e+04	0.000000000000000000e+00	0.000000000000000000e+00	9.918515579699087314e-02	0.000000000000000000e+00
-2.997006999999999971e+04	0.000000000000000000e+00	0.000000000000000000e+00	8.514664143803216123e-02	0.000000000000000000e+00
-2.997004999999999927e+04	0.000000000000000000e+00	0.000000000000000000e+00	8.606219672231207873e-02	0.000000000000000000e+00
-2.997002000000000044e+04	0.000000000000000000e+00	0.000000000000000000e+00	8.545182653279213836e-02	0.000000000000000000e+00
-2.997000999999999840e+04	0.000000000000000000e+00	0.000000000000000000e+00	8.056886501663258759e-02	0.000000000000000000e+00
-2.996997999999999956e+04	0.000000000000000000e+00	0.000000000000000000e+00	9.277626880703146450e-02	0.000000000000000000e+00
-2.996995000000000073e+04	0.000000000000000000e+00	0.000000000000000000e+00	8.301034577471236298e-02	0.000000000000000000e+00
-2.996993000000000029e+04	0.000000000000000000e+00	0.000000000000000000e+00	9.002960295419171199e-02	0.000000000000000000e+00
-2.996990000000000146e+04	0.000000000000000000e+00	0.000000000000000000e+00	8.087405011139256472e-02	0.000000000000000000e+00
-2.996988000000000102e+04	0.000000000000000000e+00	0.000000000000000000e+00	9.704886013367107489e-02	0.000000000000000000e+00
-2.996986000000000058e+04	0.000000000000000000e+00	0.000000000000000000e+00	8.850367748039185412e-02	0.000000000000000000e+00
-2.996984000000000015e+04	0.000000000000000000e+00	0.000000000000000000e+00	8.484145634327219798e-02	0.000000000000000000e+00
-2.996979999999999927e+04	0.000000000000000000e+00	0.000000000000000000e+00	9.002960295419171199e-02	0.000000000000000000e+00
-2.996975999999999840e+04	0.000000000000000000e+00	0.000000000000000000e+00	9.277626880703146450e-02	0.000000000000000000e+00
-2.996974000000000160e+04	0.000000000000000000e+00	0.000000000000000000e+00	9.735404522843103814e-02	0.000000000000000000e+00
-2.996970000000000073e+04	0.000000000000000000e+00	0.000000000000000000e+00	7.721182897427289471e-02	0.000000000000000000e+00
-2.996966999999999825e+04	0.000000000000000000e+00	0.000000000000000000e+00	8.728293710135197336e-02	0.000000000000000000e+00
-2.996963000000000102e+04	0.000000000000000000e+00	0.000000000000000000e+00	8.758812219611193661e-02	0.000000000000000000e+00
-2.996959000000000015e+04	0.000000000000000000e+00	0.000000000000000000e+00	8.758812219611193661e-02	0.000000000000000000e+00
-2.996956999999999971e+04	0.000000000000000000e+00	0.000000000000000000e+00	8.270516067995238585e-02	0.000000000000000000e+00
-2.996954999999999927e+04	0.000000000000000000e+00	0.000000000000000000e+00	7.873775444807275259e-02	0.000000000000000000e+00
-2.996950999999999840e+04	0.000000000000000000e+00	0.000000000000000000e+00	8.545182653279213836e-02	0.000000000000000000e+00
-2.996947999999999956e+04	0.000000000000000000e+00	0.000000000000000000e+00	8.026367992187261047e-02	0.000000000000000000e+00
-2.996945999999999913e+04	0.000000000000000000e+00	0.000000000000000000e+00	8.301034577471236298e-02	0.000000000000000000e+00
-2.996943000000000029e+04	0.000000000000000000e+00	0.000000000000000000e+00	8.239997558519242260e-02	0.000000000000000000e+00
-2.996938999999999942e+04	0.000000000000000000e+00	0.000000000000000000e+00	7.873775444807275259e-02	0.000000000000000000e+00
-2.996936000000000058e+04	0.000000000000000000e+00	0.000000000000000000e+00	7.599108859523301396e-02	0.000000000000000000e+00
-2.996931999999999971e+04	0.000000000000000000e+00	0.000000000000000000e+00	7.721182897427289471e-02	0.000000000000000000e+00
-2.996929000000000087e+04	0.000000000000000000e+00	0.000000000000000000e+00	8.056886501663258759e-02	0.000000000000000000e+00
-2.996925000000000000e+04	0.000000000000000000e+00	0.000000000000000000e+00	8.331553086947234010e-02	0.000000000000000000e+00
-2.996920999999999913e+04	0.000000000000000000e+00	0.000000000000000000e+00	8.728293710135197336e-02	0.000000000000000000e+00
-2.996918000000000029e+04	0.000000000000000000e+00	0.000000000000000000e+00	8.270516067995238585e-02	0.000000000000000000e+00
-2.996915000000000146e+04	0.000000000000000000e+00	0.000000000000000000e+00	8.331553086947234010e-02	0.000000000000000000e+00
-2.996913000000000102e+04	0.000000000000000000e+00	0.000000000000000000e+00	8.911404766991180837e-02	0.000000000000000000e+00
-2.996911000000000058e+04	0.000000000000000000e+00	0.000000000000000000e+00	8.850367748039185412e-02	0.000000000000000000e+00
-2.996908000000000175e+04	0.000000000000000000e+00	0.000000000000000000e+00	8.789330729087191374e-02	0.000000000000000000e+00
-2.996906000000000131e+04	0.000000000000000000e+00	0.000000000000000000e+00	9.033478804895168912e-02	0.000000000000000000e+00
-2.996904000000000087e+04	0.000000000000000000e+00	0.000000000000000000e+00	8.056886501663258759e-02	0.000000000000000000e+00
-2.996902000000000044e+04	0.000000000000000000e+00	0.000000000000000000e+00	8.545182653279213836e-02	0.000000000000000000e+00
-2.996900000000000000e+04	0.000000000000000000e+00	0.000000000000000000e+00	7.721182897427289471e-02	0.000000000000000000e+00
-2.996897999999999956e+04	0.000000000000000000e+00	0.000000000000000000e+00	7.843256935331278934e-02	0.000000000000000000e+00
-2.996895999999999913e+04	0.000000000000000000e+00	0.000000000000000000e+00	8.972441785943174875e-02	0.000000000000000000e+00
-2.996893999999999869e+04	0.000000000000000000e+00	0.000000000000000000e+00	7.995849482711264722e-02	0.000000000000000000e+00
-2.996891999999999825e+04	0.000000000000000000e+00	0.000000000000000000e+00	7.782219916379283509e-02	0.000000000000000000e+00
-2.996888999999999942e+04	0.000000000000000000e+00	0.000000000000000000e+00	7.415997802667317895e-02	0.000000000000000000e+00
-2.996886999999999898e+04	0.000000000000000000e+00	0.000000000000000000e+00	7.904293954283272972e-02	0.000000000000000000e+00
-2.996884999999999854e+04	0.000000000000000000e+00	0.000000000000000000e+00	7.141331217383342644e-02	0.000000000000000000e+00
-2.996883000000000175e+04	0.000000000000000000e+00	0.000000000000000000e+00	6.958220160527360532e-02	0.000000000000000000e+00
-2.996881000000000131e+04	0.000000000000000000e+00	0.000000000000000000e+00	7.751701406903287184e-02	0.000000000000000000e+00
-2.996879000000000087e+04	0.000000000000000000e+00	0.000000000000000000e+00	7.080294198431348607e-02	0.000000000000000000e+00
-2.996875999999999840e+04	0.000000000000000000e+00	0.000000000000000000e+00	6.225775933103427223e-02	0.000000000000000000e+00
-2.996872999999999956e+04	0.000000000000000000e+00	0.000000000000000000e+00	7.354960783715323858e-02	0.000000000000000000e+00
-2.996870999999999913e+04	0.000000000000000000e+00	0.000000000000000000e+00	6.683553575243385281e-02	0.000000000000000000e+00
-2.996868999999999869e+04	0.000000000000000000e+00	0.000000000000000000e+00	7.049775688955350894e-02	0.000000000000000000e+00
-2.996865999999999985e+04	0.000000000000000000e+00	0.000000000000000000e+00	6.653035065767387568e-02	0.000000000000000000e+00
-2.996863000000000102e+04	0.000000000000000000e+00	0.000000000000000000e+00	8.331553086947234010e-02	0.000000000000000000e+00
-2.996859999999999854e+04	0.000000000000000000e+00	0.000000000000000000e+00	7.324442274239326145e-02	0.000000000000000000e+00
-2.996858000000000175e+04	0.000000000000000000e+00	0.000000000000000000e+00	7.751701406903287184e-02	0.000000000000000000e+00
-2.996854999999999927e+04	0.000000000000000000e+00	0.000000000000000000e+00	7.324442274239326145e-02	0.000000000000000000e+00
-2.996852000000000044e+04	0.000000000000000000e+00	0.000000000000000000e+00	8.758812219611193661e-02	0.000000000000000000e+00
-2.996849000000000160e+04	0.000000000000000000e+00	0.000000000000000000e+00	7.629627368999297721e-02	0.000000000000000000e+00
-2.996845999999999913e+04	0.000000000000000000e+00	0.000000000000000000e+00	7.599108859523301396e-02	0.000000000000000000e+00
-2.996843999999999869e+04	0.000000000000000000e+00	0.000000000000000000e+00	7.446516312143315608e-02	0.000000000000000000e+00
-2.996840999999999985e+04	0.000000000000000000e+00	0.000000000000000000e+00	7.568590350047303683e-02	0.000000000000000000e+00
-2.996838999999999942e+04	0.000000000000000000e+00	0.000000000000000000e+00	7.171849726859340357e-02	0.000000000000000000e+00
-2.996836000000000058e+04	0.000000000000000000e+00	0.000000000000000000e+00	6.866664632099368781e-02	0.000000000000000000e+00
-2.996834000000000015e+04	0.000000000000000000e+00	0.000000000000000000e+00	7.080294198431348607e-02	0.000000000000000000e+00
-2.996833000000000175e+04	0.000000000000000000e+00	0.000000000000000000e+00	8.941923276467177162e-02	0.000000000000000000e+00
-2.996831999999999971e+04	0.000000000000000000e+00	0.000000000000000000e+00	7.812738425855281221e-02	0.000000000000000000e+00
-2.996829999999999927e+04	0.000000000000000000e+00	0.000000000000000000e+00	7.354960783715323858e-02	0.000000000000000000e+00
-2.996827999999999884e+04	0.000000000000000000e+00	0.000000000000000000e+00	7.202368236335338070e-02	0.000000000000000000e+00
-2.996825000000000000e+04	0.000000000000000000e+00	0.000000000000000000e+00	7.049775688955350894e-02	0.000000000000000000e+00
-2.996824000000000160e+04	0.000000000000000000e+00	0.000000000000000000e+00	7.080294198431348607e-02	0.000000000000000000e+00
-2.996822000000000116e+04	0.000000000000000000e+00	0.000000000000000000e+00	7.751701406903287184e-02	0.000000000000000000e+00
-2.996820000000000073e+04	0.000000000000000000e+00	0.000000000000000000e+00	7.293923764763328432e-02	0.000000000000000000e+00
-2.996818000000000029e+04	0.000000000000000000e+00	0.000000000000000000e+00	7.263405255287332107e-02	0.000000000000000000e+00
-2.996815000000000146e+04	0.000000000000000000e+00	0.000000000000000000e+00	7.110812707907346319e-02	0.000000000000000000e+00
-2.996813000000000102e+04	0.000000000000000000e+00	0.000000000000000000e+00	6.439405499435407743e-02	0.000000000000000000e+00
-2.996811999999999898e+04	0.000000000000000000e+00	0.000000000000000000e+00	8.026367992187261047e-02	0.000000000000000000e+00
-2.996809999999999854e+04	0.000000000000000000e+00	0.000000000000000000e+00	6.866664632099368781e-02	0.000000000000000000e+00
-2.996808000000000175e+04	0.000000000000000000e+00	0.000000000000000000e+00	7.202368236335338070e-02	0.000000000000000000e+00
-2.996806999999999971e+04	0.000000000000000000e+00	0.000000000000000000e+00	6.866664632099368781e-02	0.000000000000000000e+00
-2.996806000000000131e+04	0.000000000000000000e+00	0.000000000000000000e+00	6.561479537339395818e-02	0.000000000000000000e+00
-2.996804000000000087e+04	0.000000000000000000e+00	0.000000000000000000e+00	6.866664632099368781e-02	0.000000000000000000e+00
-2.996802999999999884e+04	0.000000000000000000e+00	0.000000000000000000e+00	6.744590594195379318e-02	0.000000000000000000e+00
-2.996800999999999840e+04	0.000000000000000000e+00	0.000000000000000000e+00	5.920590838343455647e-02	0.000000000000000000e+00
-2.996797999999999956e+04	0.000000000000000000e+00	0.000000000000000000e+00	6.347849971007415992e-02	0.000000000000000000e+00
-2.996795000000000073e+04	0.000000000000000000e+00	0.000000000000000000e+00	6.103701895199438454e-02	0.000000000000000000e+00
-2.996790999999999985e+04	0.000000000000000000e+00	0.000000000000000000e+00	7.080294198431348607e-02	0.000000000000000000e+00
-2.996788999999999942e+04	0.000000000000000000e+00	0.000000000000000000e+00	6.134220404675435473e-02	0.000000000000000000e+00
-2.996788000000000102e+04	0.000000000000000000e+00	0.000000000000000000e+00	6.836146122623371069e-02	0.000000000000000000e+00
-2.996786000000000058e+04	0.000000000000000000e+00	0.000000000000000000e+00	6.347849971007415992e-02	0.000000000000000000e+00
-2.996783000000000175e+04	0.000000000000000000e+00	0.000000000000000000e+00	6.500442518387401780e-02	0.000000000000000000e+00
-2.996779999999999927e+04	0.000000000000000000e+00	0.000000000000000000e+00	6.805627613147373356e-02	0.000000000000000000e+00
-2.996777000000000044e+04	0.000000000000000000e+00	0.000000000000000000e+00	6.897183141575365106e-02	0.000000000000000000e+00
-2.996775000000000000e+04	0.000000000000000000e+00	0.000000000000000000e+00	6.561479537339395818e-02	0.000000000000000000e+00
-2.996772999999999956e+04	0.000000000000000000e+00	0.000000000000000000e+00	6.744590594195379318e-02	0.000000000000000000e+00
-2.996770999999999913e+04	0.000000000000000000e+00	0.000000000000000000e+00	6.500442518387401780e-02	0.000000000000000000e+00
-2.996768000000000029e+04	0.000000000000000000e+00	0.000000000000000000e+00	6.683553575243385281e-02	0.000000000000000000e+00
-2.996765999999999985e+04	0.000000000000000000e+00	0.000000000000000000e+00	6.042664876247444417e-02	0.000000000000000000e+00
-2.996763000000000102e+04	0.000000000000000000e+00	0.000000000000000000e+00	6.347849971007415992e-02	0.000000000000000000e+00
-2.996761000000000058e+04	0.000000000000000000e+00	0.000000000000000000e+00	7.171849726859340357e-02	0.000000000000000000e+00
-2.996759999999999854e+04	0.000000000000000000e+00	0.000000000000000000e+00	7.812738425855281221e-02	0.000000000000000000e+00
-2.996758000000000175e+04	0.000000000000000000e+00	0.000000000000000000e+00	6.683553575243385281e-02	0.000000000000000000e+00
-2.996756999999999971e+04	0.000000000000000000e+00	0.000000000000000000e+00	6.439405499435407743e-02	0.000000000000000000e+00
-2.996754999999999927e+04	0.000000000000000000e+00	0.000000000000000000e+00	5.767998290963469166e-02	0.000000000000000000e+00
-2.996752999999999884e+04	0.000000000000000000e+00	0.000000000000000000e+00	6.897183141575365106e-02	0.000000000000000000e+00
-2.996752000000000044e+04	0.000000000000000000e+00	0.000000000000000000e+00	6.469924008911405455e-02	0.000000000000000000e+00
-2.996750000000000000e+04	0.000000000000000000e+00	0.000000000000000000e+00	7.080294198431348607e-02	0.000000000000000000e+00
-2.996749000000000160e+04	0.000000000000000000e+00	0.000000000000000000e+00	5.951109347819452666e-02	0.000000000000000000e+00
-2.996747000000000116e+04	0.000000000000000000e+00	0.000000000000000000e+00	6.591998046815393530e-02	0.000000000000000000e+00
-2.996743999999999869e+04	0.000000000000000000e+00	0.000000000000000000e+00	6.256294442579424242e-02	0.000000000000000000e+00
-2.996740999999999985e+04	0.000000000000000000e+00	0.000000000000000000e+00	6.591998046815393530e-02	0.000000000000000000e+00
-2.996738999999999942e+04	0.000000000000000000e+00	0.000000000000000000e+00	6.591998046815393530e-02	0.000000000000000000e+00
-2.996736999999999898e+04	0.000000000000000000e+00	0.000000000000000000e+00	6.469924008911405455e-02	0.000000000000000000e+00
-2.996734000000000015e+04	0.000000000000000000e+00	0.000000000000000000e+00	6.805627613147373356e-02	0.000000000000000000e+00
-2.996731999999999971e+04	0.000000000000000000e+00	0.000000000000000000e+00	6.805627613147373356e-02	0.000000000000000000e+00
-2.996729000000000087e+04	0.000000000000000000e+00	0.000000000000000000e+00	6.622516556291391243e-02	0.000000000000000000e+00
-2.996725999999999840e+04	0.000000000000000000e+00	0.000000000000000000e+00	6.653035065767387568e-02	0.000000000000000000e+00
-2.996722000000000116e+04	0.000000000000000000e+00	0.000000000000000000e+00	5.096591082491531283e-02	0.000000000000000000e+00
-2.996720000000000073e+04	0.000000000000000000e+00	0.000000000000000000e+00	5.676442762535478109e-02	0.000000000000000000e+00
-2.996718000000000029e+04	0.000000000000000000e+00	0.000000000000000000e+00	5.676442762535478109e-02	0.000000000000000000e+00
-2.996715999999999985e+04	0.000000000000000000e+00	0.000000000000000000e+00	5.767998290963469166e-02	0.000000000000000000e+00
-2.996713999999999942e+04	0.000000000000000000e+00	0.000000000000000000e+00	5.401776177251502858e-02	0.000000000000000000e+00
-2.996711000000000058e+04	0.000000000000000000e+00	0.000000000000000000e+00	6.683553575243385281e-02	0.000000000000000000e+00
-2.996709000000000015e+04	0.000000000000000000e+00	0.000000000000000000e+00	6.744590594195379318e-02	0.000000000000000000e+00
-2.996706999999999971e+04	0.000000000000000000e+00	0.000000000000000000e+00	5.859553819391460916e-02	0.000000000000000000e+00
-2.996704000000000087e+04	0.000000000000000000e+00	0.000000000000000000e+00	5.462813196203497590e-02	0.000000000000000000e+00
-2.996702000000000044e+04	0.000000000000000000e+00	0.000000000000000000e+00	5.157628101443525320e-02	0.000000000000000000e+00
-2.996700000000000000e+04	0.000000000000000000e+00	0.000000000000000000e+00	5.523850215155491628e-02	0.000000000000000000e+00
-2.996697999999999956e+04	0.000000000000000000e+00	0.000000000000000000e+00	5.401776177251502858e-02	0.000000000000000000e+00
-2.996697000000000116e+04	0.000000000000000000e+00	0.000000000000000000e+00	5.920590838343455647e-02	0.000000000000000000e+00
-2.996695000000000073e+04	0.000000000000000000e+00	0.000000000000000000e+00	6.408886989959410030e-02	0.000000000000000000e+00
-2.996693000000000029e+04	0.000000000000000000e+00	0.000000000000000000e+00	6.469924008911405455e-02	0.000000000000000000e+00
-2.996690999999999985e+04	0.000000000000000000e+00	0.000000000000000000e+00	5.798516800439466878e-02	0.000000000000000000e+00
-2.996688999999999942e+04	0.000000000000000000e+00	0.000000000000000000e+00	5.401776177251502858e-02	0.000000000000000000e+00
-2.996686000000000058e+04	0.000000000000000000e+00	0.000000000000000000e+00	5.340739158299508821e-02	0.000000000000000000e+00
-2.996683000000000175e+04	0.000000000000000000e+00	0.000000000000000000e+00	7.385479293191320183e-02	0.000000000000000000e+00
-2.996679999999999927e+04	0.000000000000000000e+00	0.000000000000000000e+00	7.263405255287332107e-02	0.000000000000000000e+00
-2.996677000000000044e+04	0.000000000000000000e+00	0.000000000000000000e+00	6.897183141575365106e-02	0.000000000000000000e+00
-2.996675000000000000e+04	0.000000000000000000e+00	0.000000000000000000e+00	6.225775933103427223e-02	0.000000000000000000e+00
-2.996672000000000116e+04	0.000000000000000000e+00	0.000000000000000000e+00	6.164738914151433186e-02	0.000000000000000000e+00
-2.996670000000000073e+04	0.000000000000000000e+00	0.000000000000000000e+00	6.164738914151433186e-02	0.000000000000000000e+00
-2.996668000000000029e+04	0.000000000000000000e+00	0.000000000000000000e+00	6.958220160527360532e-02	0.000000000000000000e+00
-2.996665000000000146e+04	0.000000000000000000e+00	0.000000000000000000e+00	5.798516800439466878e-02	0.000000000000000000e+00
-2.996663000000000102e+04	0.000000000000000000e+00	0.000000000000000000e+00	5.615405743583483378e-02	0.000000000000000000e+00
-2.996659999999999854e+04	0.000000000000000000e+00	0.000000000000000000e+00	5.951109347819452666e-02	0.000000000000000000e+00
-2.996656999999999971e+04	0.000000000000000000e+00	0.000000000000000000e+00	4.852443006683553745e-02	0.000000000000000000e+00
-2.996654999999999927e+04	0.000000000000000000e+00	0.000000000000000000e+00	5.005035554063539532e-02	0.000000000000000000e+00
-2.996652999999999884e+04	0.000000000000000000e+00	0.000000000000000000e+00	5.249183629871517071e-02	0.000000000000000000e+00
-2.996650999999999840e+04	0.000000000000000000e+00	0.000000000000000000e+00	6.134220404675435473e-02	0.000000000000000000e+00
-2.996649000000000160e+04	0.000000000000000000e+00	0.000000000000000000e+00	6.195257423627430204e-02	0.000000000000000000e+00
-2.996647000000000116e+04	0.000000000000000000e+00	0.000000000000000000e+00	6.256294442579424242e-02	0.000000000000000000e+00
-2.996645000000000073e+04	0.000000000000000000e+00	0.000000000000000000e+00	5.218665120395520052e-02	0.000000000000000000e+00
-2.996643000000000029e+04	0.000000000000000000e+00	0.000000000000000000e+00	4.852443006683553745e-02	0.000000000000000000e+00
-2.996640999999999985e+04	0.000000000000000000e+00	0.000000000000000000e+00	5.279702139347514089e-02	0.000000000000000000e+00
-2.996640000000000146e+04	0.000000000000000000e+00	0.000000000000000000e+00	5.462813196203497590e-02	0.000000000000000000e+00
-2.996636999999999898e+04	0.000000000000000000e+00	0.000000000000000000e+00	5.249183629871517071e-02	0.000000000000000000e+00
-2.996634000000000015e+04	0.000000000000000000e+00	0.000000000000000000e+00	5.340739158299508821e-02	0.000000000000000000e+00
-2.996629999999999927e+04	0.000000000000000000e+00	0.000000000000000000e+00	4.791405987731559013e-02	0.000000000000000000e+00
-2.996627000000000044e+04	0.000000000000000000e+00	0.000000000000000000e+00	5.157628101443525320e-02	0.000000000000000000e+00
-2.996625999999999840e+04	0.000000000000000000e+00	0.000000000000000000e+00	6.622516556291391243e-02	0.000000000000000000e+00
-2.996624000000000160e+04	0.000000000000000000e+00	0.000000000000000000e+00	6.347849971007415992e-02	0.000000000000000000e+00
-2.996620999999999913e+04	0.000000000000000000e+00	0.000000000000000000e+00	6.500442518387401780e-02	0.000000000000000000e+00
-2.996618000000000029e+04	0.000000000000000000e+00	0.000000000000000000e+00	5.096591082491531283e-02	0.000000000000000000e+00
-2.996615000000000146e+04	0.000000000000000000e+00	0.000000000000000000e+00	4.821924497207556726e-02	0.000000000000000000e+00
-2.996611999999999898e+04	0.000000000000000000e+00	0.000000000000000000e+00	5.920590838343455647e-02	0.000000000000000000e+00
-2.996609000000000015e+04	0.000000000000000000e+00	0.000000000000000000e+00	6.012146366771446704e-02	0.000000000000000000e+00
-2.996606999999999971e+04	0.000000000000000000e+00	0.000000000000000000e+00	5.615405743583483378e-02	0.000000000000000000e+00
-2.996604000000000087e+04	0.000000000000000000e+00	0.000000000000000000e+00	5.157628101443525320e-02	0.000000000000000000e+00
-2.996600999999999840e+04	0.000000000000000000e+00	0.000000000000000000e+00	5.035554063539536551e-02	0.000000000000000000e+00
-2.996597999999999956e+04	0.000000000000000000e+00	0.000000000000000000e+00	5.432294686727500571e-02	0.000000000000000000e+00
-2.996595999999999913e+04	0.000000000000000000e+00	0.000000000000000000e+00	6.134220404675435473e-02	0.000000000000000000e+00
-2.996593000000000029e+04	0.000000000000000000e+00	0.000000000000000000e+00	4.638813440351573225e-02	0.000000000000000000e+00
-2.996590999999999985e+04	0.000000000000000000e+00	0.000000000000000000e+00	5.554368724631489340e-02	0.000000000000000000e+00
-2.996588999999999942e+04	0.000000000000000000e+00	0.000000000000000000e+00	4.730368968779564975e-02	0.000000000000000000e+00
-2.996586000000000058e+04	0.000000000000000000e+00	0.000000000000000000e+00	4.364146855067598668e-02	0.000000000000000000e+00
-2.996584000000000015e+04	0.000000000000000000e+00	0.000000000000000000e+00	5.523850215155491628e-02	0.000000000000000000e+00
-2.996581999999999971e+04	0.000000000000000000e+00	0.000000000000000000e+00	5.920590838343455647e-02	0.000000000000000000e+00
-2.996579000000000087e+04	0.000000000000000000e+00	0.000000000000000000e+00	5.676442762535478109e-02	0.000000000000000000e+00
-2.996577000000000044e+04	0.000000000000000000e+00	0.000000000000000000e+00	5.310220648823511802e-02	0.000000000000000000e+00
-2.996574000000000160e+04	0.000000000000000000e+00	0.000000000000000000e+00	4.516739402447584456e-02	0.000000000000000000e+00
-2.996572000000000116e+04	0.000000000000000000e+00	0.000000000000000000e+00	5.615405743583483378e-02	0.000000000000000000e+00
-2.996568999999999869e+04	0.000000000000000000e+00	0.000000000000000000e+00	5.920590838343455647e-02	0.000000000000000000e+00
-2.996566999999999825e+04	0.000000000000000000e+00	0.000000000000000000e+00	4.730368968779564975e-02	0.000000000000000000e+00
-2.996565000000000146e+04	0.000000000000000000e+00	0.000000000000000000e+00	5.066072573015534264e-02	0.000000000000000000e+00
-2.996563000000000102e+04	0.000000000000000000e+00	0.000000000000000000e+00	6.012146366771446704e-02	0.000000000000000000e+00
-2.996561000000000058e+04	0.000000000000000000e+00	0.000000000000000000e+00	5.401776177251502858e-02	0.000000000000000000e+00
-2.996558000000000175e+04	0.000000000000000000e+00	0.000000000000000000e+00	4.791405987731559013e-02	0.000000000000000000e+00
-2.996554999999999927e+04	0.000000000000000000e+00	0.000000000000000000e+00	3.418073061311685534e-02	0.000000000000000000e+00
-2.996552000000000044e+04	0.000000000000000000e+00	0.000000000000000000e+00	4.272591326639606918e-02	0.000000000000000000e+00
-2.996549000000000160e+04	0.000000000000000000e+00	0.000000000000000000e+00	4.333628345591601649e-02	0.000000000000000000e+00
-2.996545999999999913e+04	0.000000000000000000e+00	0.000000000000000000e+00	4.272591326639606918e-02	0.000000000000000000e+00
-2.996543999999999869e+04	0.000000000000000000e+00	0.000000000000000000e+00	4.486220892971587437e-02	0.000000000000000000e+00
-2.996540999999999985e+04	0.000000000000000000e+00	0.000000000000000000e+00	5.706961272011475128e-02	0.000000000000000000e+00
-2.996538999999999942e+04	0.000000000000000000e+00	0.000000000000000000e+00	4.791405987731559013e-02	0.000000000000000000e+00
-2.996536000000000058e+04	0.000000000000000000e+00	0.000000000000000000e+00	5.706961272011475128e-02	0.000000000000000000e+00
-2.996531999999999971e+04	0.000000000000000000e+00	0.000000000000000000e+00	4.730368968779564975e-02	0.000000000000000000e+00
-2.996529000000000087e+04	0.000000000000000000e+00	0.000000000000000000e+00	4.974517044587542514e-02	0.000000000000000000e+00
-2.996527000000000044e+04	0.000000000000000000e+00	0.000000000000000000e+00	4.272591326639606918e-02	0.000000000000000000e+00
-2.996524000000000160e+04	0.000000000000000000e+00	0.000000000000000000e+00	5.005035554063539532e-02	0.000000000000000000e+00
-2.996520999999999913e+04	0.000000000000000000e+00	0.000000000000000000e+00	4.516739402447584456e-02	0.000000000000000000e+00
-2.996518999999999869e+04	0.000000000000000000e+00	0.000000000000000000e+00	4.943998535111545495e-02	0.000000000000000000e+00
-2.996515999999999985e+04	0.000000000000000000e+00	0.000000000000000000e+00	4.791405987731559013e-02	0.000000000000000000e+00
-2.996511000000000058e+04	0.000000000000000000e+00	0.000000000000000000e+00	4.394665364543595687e-02	0.000000000000000000e+00
-2.996508000000000175e+04	0.000000000000000000e+00	0.000000000000000000e+00	3.997924741355632361e-02	0.000000000000000000e+00
-2.996504999999999927e+04	0.000000000000000000e+00	0.000000000000000000e+00	5.493331705679494609e-02	0.000000000000000000e+00
-2.996502999999999884e+04	0.000000000000000000e+00	0.000000000000000000e+00	4.638813440351573225e-02	0.000000000000000000e+00
-2.996500999999999840e+04	0.000000000000000000e+00	0.000000000000000000e+00	4.303109836115603937e-02	0.000000000000000000e+00
-2.996499000000000160e+04	0.000000000000000000e+00	0.000000000000000000e+00	4.089480269783624111e-02	0.000000000000000000e+00
-2.996497000000000116e+04	0.000000000000000000e+00	0.000000000000000000e+00	4.699850459303567957e-02	0.000000000000000000e+00
-2.996495000000000073e+04	0.000000000000000000e+00	0.000000000000000000e+00	4.730368968779564975e-02	0.000000000000000000e+00
-2.996491999999999825e+04	0.000000000000000000e+00	0.000000000000000000e+00	4.852443006683553745e-02	0.000000000000000000e+00
-2.996486999999999898e+04	0.000000000000000000e+00	0.000000000000000000e+00	4.028443250831629380e-02	0.000000000000000000e+00
-2.996483000000000175e+04	0.000000000000000000e+00	0.000000000000000000e+00	4.394665364543595687e-02	0.000000000000000000e+00
-2.996481000000000131e+04	0.000000000000000000e+00	0.000000000000000000e+00	4.577776421399579188e-02	0.000000000000000000e+00
-2.996479000000000087e+04	0.000000000000000000e+00	0.000000000000000000e+00	5.462813196203497590e-02	0.000000000000000000e+00
-2.996477000000000044e+04	0.000000000000000000e+00	0.000000000000000000e+00	4.333628345591601649e-02	0.000000000000000000e+00
-2.996475000000000000e+04	0.000000000000000000e+00	0.000000000000000000e+00	4.455702383495590418e-02	0.000000000000000000e+00
-2.996472000000000116e+04	0.000000000000000000e+00	0.000000000000000000e+00	4.303109836115603937e-02	0.000000000000000000e+00
-2.996470000000000073e+04	0.000000000000000000e+00	0.000000000000000000e+00	4.364146855067598668e-02	0.000000000000000000e+00
-2.996466999999999825e+04	0.000000000000000000e+00	0.000000000000000000e+00	4.272591326639606918e-02	0.000000000000000000e+00
-2.996463999999999942e+04	0.000000000000000000e+00	0.000000000000000000e+00	4.303109836115603937e-02	0.000000000000000000e+00
-2.996461999999999898e+04	0.000000000000000000e+00	0.000000000000000000e+00	4.608294930875576206e-02	0.000000000000000000e+00
-2.996458000000000175e+04	0.000000000000000000e+00	0.000000000000000000e+00	3.814813684499648860e-02	0.000000000000000000e+00
-2.996454000000000087e+04	0.000000000000000000e+00	0.000000000000000000e+00	4.486220892971587437e-02	0.000000000000000000e+00
-2.996450000000000000e+04	0.000000000000000000e+00	0.000000000000000000e+00	3.631702627643666054e-02	0.000000000000000000e+00
-2.996447999999999956e+04	0.000000000000000000e+00	0.000000000000000000e+00	4.211554307687612880e-02	0.000000000000000000e+00
-2.996445000000000073e+04	0.000000000000000000e+00	0.000000000000000000e+00	4.577776421399579188e-02	0.000000000000000000e+00
-2.996441999999999825e+04	0.000000000000000000e+00	0.000000000000000000e+00	3.631702627643666054e-02	0.000000000000000000e+00
-2.996440000000000146e+04	0.000000000000000000e+00	0.000000000000000000e+00	3.448591570787682553e-02	0.000000000000000000e+00
-2.996436999999999898e+04	0.000000000000000000e+00	0.000000000000000000e+00	3.692739646595660091e-02	0.000000000000000000e+00
-2.996434000000000015e+04	0.000000000000000000e+00	0.000000000000000000e+00	4.089480269783624111e-02	0.000000000000000000e+00
-2.996431000000000131e+04	0.000000000000000000e+00	0.000000000000000000e+00	4.150517288735618149e-02	0.000000000000000000e+00
-2.996427000000000044e+04	0.000000000000000000e+00	0.000000000000000000e+00	3.173924985503707996e-02	0.000000000000000000e+00
-2.996424000000000160e+04	0.000000000000000000e+00	0.000000000000000000e+00	3.448591570787682553e-02	0.000000000000000000e+00
-2.996420999999999913e+04	0.000000000000000000e+00	0.000000000000000000e+00	3.448591570787682553e-02	0.000000000000000000e+00
-2.996418000000000029e+04	0.000000000000000000e+00	0.000000000000000000e+00	3.753776665547654823e-02	0.000000000000000000e+00
-2.996415000000000146e+04	0.000000000000000000e+00	0.000000000000000000e+00	4.242072817163609899e-02	0.000000000000000000e+00
-2.996413000000000102e+04	0.000000000000000000e+00	0.000000000000000000e+00	4.943998535111545495e-02	0.000000000000000000e+00
-2.996411000000000058e+04	0.000000000000000000e+00	0.000000000000000000e+00	4.364146855067598668e-02	0.000000000000000000e+00
-2.996409000000000015e+04	0.000000000000000000e+00	0.000000000000000000e+00	5.096591082491531283e-02	0.000000000000000000e+00
-2.996406000000000131e+04	0.000000000000000000e+00	0.000000000000000000e+00	4.119998779259621130e-02	0.000000000000000000e+00
-2.996402999999999884e+04	0.000000000000000000e+00	0.000000000000000000e+00	4.455702383495590418e-02	0.000000000000000000e+00
-2.996399000000000160e+04	0.000000000000000000e+00	0.000000000000000000e+00	4.913480025635547782e-02	0.000000000000000000e+00
-2.996397000000000116e+04	0.000000000000000000e+00	0.000000000000000000e+00	4.089480269783624111e-02	0.000000000000000000e+00
-2.996395999999999913e+04	0.000000000000000000e+00	0.000000000000000000e+00	3.784295175023651842e-02	0.000000000000000000e+00
-2.996393000000000029e+04	0.000000000000000000e+00	0.000000000000000000e+00	5.005035554063539532e-02	0.000000000000000000e+00
-2.996390000000000146e+04	0.000000000000000000e+00	0.000000000000000000e+00	4.455702383495590418e-02	0.000000000000000000e+00
-2.996386000000000058e+04	0.000000000000000000e+00	0.000000000000000000e+00	3.845332193975646573e-02	0.000000000000000000e+00
-2.996384000000000015e+04	0.000000000000000000e+00	0.000000000000000000e+00	3.173924985503707996e-02	0.000000000000000000e+00
-2.996381999999999971e+04	0.000000000000000000e+00	0.000000000000000000e+00	3.601184118167669035e-02	0.000000000000000000e+00
-2.996379999999999927e+04	0.000000000000000000e+00	0.000000000000000000e+00	3.601184118167669035e-02	0.000000000000000000e+00
-2.996377999999999884e+04	0.000000000000000000e+00	0.000000000000000000e+00	2.960295419171727824e-02	0.000000000000000000e+00
-2.996375999999999840e+04	0.000000000000000000e+00	0.000000000000000000e+00	3.875850703451643592e-02	0.000000000000000000e+00
-2.996372000000000116e+04	0.000000000000000000e+00	0.000000000000000000e+00	4.577776421399579188e-02	0.000000000000000000e+00
-2.996370000000000073e+04	0.000000000000000000e+00	0.000000000000000000e+00	3.936887722403637629e-02	0.000000000000000000e+00
-2.996366999999999825e+04	0.000000000000000000e+00	0.000000000000000000e+00	3.570665608691671322e-02	0.000000000000000000e+00
-2.996365000000000146e+04	0.000000000000000000e+00	0.000000000000000000e+00	2.685628833887752920e-02	0.000000000000000000e+00
-2.996363999999999942e+04	0.000000000000000000e+00	0.000000000000000000e+00	2.807702871791741689e-02	0.000000000000000000e+00
-2.996361000000000058e+04	0.000000000000000000e+00	0.000000000000000000e+00	4.547257911923581475e-02	0.000000000000000000e+00
-2.996358000000000175e+04	0.000000000000000000e+00	0.000000000000000000e+00	3.601184118167669035e-02	0.000000000000000000e+00
-2.996356000000000131e+04	0.000000000000000000e+00	0.000000000000000000e+00	5.066072573015534264e-02	0.000000000000000000e+00
-2.996354999999999927e+04	0.000000000000000000e+00	0.000000000000000000e+00	4.242072817163609899e-02	0.000000000000000000e+00
-2.996352999999999884e+04	0.000000000000000000e+00	0.000000000000000000e+00	3.692739646595660091e-02	0.000000000000000000e+00
-2.996350000000000000e+04	0.000000000000000000e+00	0.000000000000000000e+00	4.119998779259621130e-02	0.000000000000000000e+00
-2.996347000000000116e+04	0.000000000000000000e+00	0.000000000000000000e+00	3.570665608691671322e-02	0.000000000000000000e+00
-2.996343999999999869e+04	0.000000000000000000e+00	0.000000000000000000e+00	4.699850459303567957e-02	0.000000000000000000e+00
-2.996341999999999825e+04	0.000000000000000000e+00	0.000000000000000000e+00	3.570665608691671322e-02	0.000000000000000000e+00
-2.996338999999999942e+04	0.000000000000000000e+00	0.000000000000000000e+00	3.204443494979705015e-02	0.000000000000000000e+00
-2.996336999999999898e+04	0.000000000000000000e+00	0.000000000000000000e+00	3.845332193975646573e-02	0.000000000000000000e+00
-2.996334999999999854e+04	0.000000000000000000e+00	0.000000000000000000e+00	4.058961760307626399e-02	0.000000000000000000e+00
-2.996331999999999971e+04	0.000000000000000000e+00	0.000000000000000000e+00	2.838221381267739055e-02	0.000000000000000000e+00
-2.996329000000000087e+04	0.000000000000000000e+00	0.000000000000000000e+00	3.326517532883693784e-02	0.000000000000000000e+00
-2.996327000000000044e+04	0.000000000000000000e+00	0.000000000000000000e+00	3.387554551835688516e-02	0.000000000000000000e+00
-2.996325000000000000e+04	0.000000000000000000e+00	0.000000000000000000e+00	2.746665852839747304e-02	0.000000000000000000e+00
-2.996322000000000116e+04	0.000000000000000000e+00	0.000000000000000000e+00	4.852443006683553745e-02	0.000000000000000000e+00
-2.996318999999999869e+04	0.000000000000000000e+00	0.000000000000000000e+00	2.868739890743736073e-02	0.000000000000000000e+00
-2.996316999999999825e+04	0.000000000000000000e+00	0.000000000000000000e+00	3.326517532883693784e-02	0.000000000000000000e+00
-2.996315999999999985e+04	0.000000000000000000e+00	0.000000000000000000e+00	3.173924985503707996e-02	0.000000000000000000e+00
-2.996315000000000146e+04	0.000000000000000000e+00	0.000000000000000000e+00	3.601184118167669035e-02	0.000000000000000000e+00
-2.996311999999999898e+04	0.000000000000000000e+00	0.000000000000000000e+00	4.150517288735618149e-02	0.000000000000000000e+00
-2.996309000000000015e+04	0.000000000000000000e+00	0.000000000000000000e+00	2.929776909695730458e-02	0.000000000000000000e+00
-2.996306000000000131e+04	0.000000000000000000e+00	0.000000000000000000e+00	3.570665608691671322e-02	0.000000000000000000e+00
-2.996302000000000044e+04	0.000000000000000000e+00	0.000000000000000000e+00	2.838221381267739055e-02	0.000000000000000000e+00
-2.996300000000000000e+04	0.000000000000000000e+00	0.000000000000000000e+00	3.692739646595660091e-02	0.000000000000000000e+00
-2.996297999999999956e+04	0.000000000000000000e+00	0.000000000000000000e+00	3.357036042359691497e-02	0.000000000000000000e+00
-2.996293999999999869e+04	0.000000000000000000e+00	0.000000000000000000e+00	4.455702383495590418e-02	0.000000000000000000e+00
-2.996291999999999825e+04	0.000000000000000000e+00	0.000000000000000000e+00	3.387554551835688516e-02	0.000000000000000000e+00
-2.996290999999999985e+04	0.000000000000000000e+00	0.000000000000000000e+00	3.509628589739677285e-02	0.000000000000000000e+00
-2.996288999999999942e+04	0.000000000000000000e+00	0.000000000000000000e+00	3.204443494979705015e-02	0.000000000000000000e+00
-2.996286000000000058e+04	0.000000000000000000e+00	0.000000000000000000e+00	3.448591570787682553e-02	0.000000000000000000e+00
-2.996283000000000175e+04	0.000000000000000000e+00	0.000000000000000000e+00	2.807702871791741689e-02	0.000000000000000000e+00
-2.996279999999999927e+04	0.000000000000000000e+00	0.000000000000000000e+00	1.434369945371868037e-02	0.000000000000000000e+00
-2.996277000000000044e+04	0.000000000000000000e+00	0.000000000000000000e+00	2.624591814935758535e-02	0.000000000000000000e+00
-2.996275000000000000e+04	0.000000000000000000e+00	0.000000000000000000e+00	2.807702871791741689e-02	0.000000000000000000e+00
-2.996274000000000160e+04	0.000000000000000000e+00	0.000000000000000000e+00	3.357036042359691497e-02	0.000000000000000000e+00
-2.996270999999999913e+04	0.000000000000000000e+00	0.000000000000000000e+00	3.234962004455702728e-02	0.000000000000000000e+00
-2.996268999999999869e+04	0.000000000000000000e+00	0.000000000000000000e+00	3.051850947599719227e-02	0.000000000000000000e+00
-2.996266999999999825e+04	0.000000000000000000e+00	0.000000000000000000e+00	3.509628589739677285e-02	0.000000000000000000e+00
-2.996265000000000146e+04	0.000000000000000000e+00	0.000000000000000000e+00	2.868739890743736073e-02	0.000000000000000000e+00
-2.996263000000000102e+04	0.000000000000000000e+00	0.000000000000000000e+00	3.173924985503707996e-02	0.000000000000000000e+00
-2.996259999999999854e+04	0.000000000000000000e+00	0.000000000000000000e+00	3.387554551835688516e-02	0.000000000000000000e+00
-2.996258000000000175e+04	0.000000000000000000e+00	0.000000000000000000e+00	3.997924741355632361e-02	0.000000000000000000e+00
-2.996256000000000131e+04	0.000000000000000000e+00	0.000000000000000000e+00	2.716147343363750286e-02	0.000000000000000000e+00
-2.996254000000000087e+04	0.000000000000000000e+00	0.000000000000000000e+00	2.410962248603778363e-02	0.000000000000000000e+00
-2.996252000000000044e+04	0.000000000000000000e+00	0.000000000000000000e+00	3.173924985503707996e-02	0.000000000000000000e+00
-2.996250000000000000e+04	0.000000000000000000e+00	0.000000000000000000e+00	2.685628833887752920e-02	0.000000000000000000e+00
-2.996249000000000160e+04	0.000000000000000000e+00	0.000000000000000000e+00	3.051850947599719227e-02	0.000000000000000000e+00
-2.996247000000000116e+04	0.000000000000000000e+00	0.000000000000000000e+00	2.807702871791741689e-02	0.000000000000000000e+00
-2.996245999999999913e+04	0.000000000000000000e+00	0.000000000000000000e+00	3.082369457075716593e-02	0.000000000000000000e+00
-2.996243000000000029e+04	0.000000000000000000e+00	0.000000000000000000e+00	3.662221137119663072e-02	0.000000000000000000e+00
-2.996240999999999985e+04	0.000000000000000000e+00	0.000000000000000000e+00	4.028443250831629380e-02	0.000000000000000000e+00
-2.996238000000000102e+04	0.000000000000000000e+00	0.000000000000000000e+00	2.899258400219733439e-02	0.000000000000000000e+00
-2.996234000000000015e+04	0.000000000000000000e+00	0.000000000000000000e+00	3.692739646595660091e-02	0.000000000000000000e+00
-2.996231000000000131e+04	0.000000000000000000e+00	0.000000000000000000e+00	2.716147343363750286e-02	0.000000000000000000e+00
-2.996229000000000087e+04	0.000000000000000000e+00	0.000000000000000000e+00	3.112887966551713612e-02	0.000000000000000000e+00
-2.996227999999999884e+04	0.000000000000000000e+00	0.000000000000000000e+00	3.814813684499648860e-02	0.000000000000000000e+00
-2.996227000000000044e+04	0.000000000000000000e+00	0.000000000000000000e+00	3.082369457075716593e-02	0.000000000000000000e+00
-2.996224000000000160e+04	0.000000000000000000e+00	0.000000000000000000e+00	2.868739890743736073e-02	0.000000000000000000e+00
-2.996220999999999913e+04	0.000000000000000000e+00	0.000000000000000000e+00	3.387554551835688516e-02	0.000000000000000000e+00
-2.996218000000000029e+04	0.000000000000000000e+00	0.000000000000000000e+00	3.509628589739677285e-02	0.000000000000000000e+00
-2.996215000000000146e+04	0.000000000000000000e+00	0.000000000000000000e+00	3.997924741355632361e-02	0.000000000000000000e+00
-2.996211999999999898e+04	0.000000000000000000e+00	0.000000000000000000e+00	3.143406476027710977e-02	0.000000000000000000e+00
-2.996209999999999854e+04	0.000000000000000000e+00	0.000000000000000000e+00	3.997924741355632361e-02	0.000000000000000000e+00
-2.996206999999999971e+04	0.000000000000000000e+00	0.000000000000000000e+00	2.594073305459761516e-02	0.000000000000000000e+00
-2.996202999999999884e+04	0.000000000000000000e+00	0.000000000000000000e+00	2.960295419171727824e-02	0.000000000000000000e+00
-2.996200999999999840e+04	0.000000000000000000e+00	0.000000000000000000e+00	2.533036286507767132e-02	0.000000000000000000e+00
-2.996200000000000000e+04	0.000000000000000000e+00	0.000000000000000000e+00	1.892147587511825921e-02	0.000000000000000000e+00
-2.996197000000000116e+04	0.000000000000000000e+00	0.000000000000000000e+00	3.234962004455702728e-02	0.000000000000000000e+00
-2.996193999999999869e+04	0.000000000000000000e+00	0.000000000000000000e+00	2.807702871791741689e-02	0.000000000000000000e+00
-2.996190999999999985e+04	0.000000000000000000e+00	0.000000000000000000e+00	2.594073305459761516e-02	0.000000000000000000e+00
-2.996188000000000102e+04	0.000000000000000000e+00	0.000000000000000000e+00	2.288888210699789594e-02	0.000000000000000000e+00
-2.996184999999999854e+04	0.000000000000000000e+00	0.000000000000000000e+00	2.471999267555772747e-02	0.000000000000000000e+00
-2.996181999999999971e+04	0.000000000000000000e+00	0.000000000000000000e+00	2.197332682271797843e-02	0.000000000000000000e+00
-2.996179000000000087e+04	0.000000000000000000e+00	0.000000000000000000e+00	2.197332682271797843e-02	0.000000000000000000e+00
-2.996177000000000044e+04	0.000000000000000000e+00	0.000000000000000000e+00	3.173924985503707996e-02	0.000000000000000000e+00
-2.996175999999999840e+04	0.000000000000000000e+00	0.000000000000000000e+00	2.746665852839747304e-02	0.000000000000000000e+00
-2.996172999999999956e+04	0.000000000000000000e+00	0.000000000000000000e+00	2.288888210699789594e-02	0.000000000000000000e+00
-2.996170000000000073e+04	0.000000000000000000e+00	0.000000000000000000e+00	2.868739890743736073e-02	0.000000000000000000e+00
-2.996166999999999825e+04	0.000000000000000000e+00	0.000000000000000000e+00	3.082369457075716593e-02	0.000000000000000000e+00
-2.996165000000000146e+04	0.000000000000000000e+00	0.000000000000000000e+00	3.906369212927640611e-02	0.000000000000000000e+00
-2.996161999999999898e+04	0.000000000000000000e+00	0.000000000000000000e+00	3.601184118167669035e-02	0.000000000000000000e+00
-2.996159999999999854e+04	0.000000000000000000e+00	0.000000000000000000e+00	2.929776909695730458e-02	0.000000000000000000e+00
-2.996158000000000175e+04	0.000000000000000000e+00	0.000000000000000000e+00	3.601184118167669035e-02	0.000000000000000000e+00
-2.996156000000000131e+04	0.000000000000000000e+00	0.000000000000000000e+00	4.608294930875576206e-02	0.000000000000000000e+00
-2.996154999999999927e+04	0.000000000000000000e+00	0.000000000000000000e+00	3.234962004455702728e-02	0.000000000000000000e+00
-2.996154000000000087e+04	0.000000000000000000e+00	0.000000000000000000e+00	2.716147343363750286e-02	0.000000000000000000e+00
-2.996152000000000044e+04	0.000000000000000000e+00	0.000000000000000000e+00	2.929776909695730458e-02	0.000000000000000000e+00
-2.996150000000000000e+04	0.000000000000000000e+00	0.000000000000000000e+00	2.594073305459761516e-02	0.000000000000000000e+00
-2.996147999999999956e+04	0.000000000000000000e+00	0.000000000000000000e+00	2.197332682271797843e-02	0.000000000000000000e+00
-2.996145999999999913e+04	0.000000000000000000e+00	0.000000000000000000e+00	2.685628833887752920e-02	0.000000000000000000e+00
-2.996143999999999869e+04	0.000000000000000000e+00	0.000000000000000000e+00	2.380443739127780997e-02	0.000000000000000000e+00
-2.996141999999999825e+04	0.000000000000000000e+00	0.000000000000000000e+00	3.204443494979705015e-02	0.000000000000000000e+00
-2.996140000000000146e+04	0.000000000000000000e+00	0.000000000000000000e+00	2.716147343363750286e-02	0.000000000000000000e+00
-2.996138000000000102e+04	0.000000000000000000e+00	0.000000000000000000e+00	2.990813928647724843e-02	0.000000000000000000e+00
-2.996134999999999854e+04	0.000000000000000000e+00	0.000000000000000000e+00	2.716147343363750286e-02	0.000000000000000000e+00
-2.996131000000000131e+04	0.000000000000000000e+00	0.000000000000000000e+00	3.173924985503707996e-02	0.000000000000000000e+00
-2.996127999999999884e+04	0.000000000000000000e+00	0.000000000000000000e+00	3.387554551835688516e-02	0.000000000000000000e+00
-2.996125000000000000e+04	0.000000000000000000e+00	0.000000000000000000e+00	3.448591570787682553e-02	0.000000000000000000e+00
-2.996122999999999956e+04	0.000000000000000000e+00	0.000000000000000000e+00	2.838221381267739055e-02	0.000000000000000000e+00
-2.996120000000000073e+04	0.000000000000000000e+00	0.000000000000000000e+00	3.387554551835688516e-02	0.000000000000000000e+00
-2.996118000000000029e+04	0.000000000000000000e+00	0.000000000000000000e+00	2.685628833887752920e-02	0.000000000000000000e+00
-2.996115999999999985e+04	0.000000000000000000e+00	0.000000000000000000e+00	3.173924985503707996e-02	0.000000000000000000e+00
