# Profile: 021
# Date: 2026-08-03 14:00:38
# Center X: -24957.760 um
# Center Z: -29982.790 um
# Scan axis: x2
# Profile axis: z2
# Profile range: 50 um
# Profile speed: 25 um/s
# 
# main_position	sub1_position	sub2_position	signal1	signal2
0.000000000000000000e+00	0.000000000000000000e+00	0.000000000000000000e+00	0.000000000000000000e+00	0.000000000000000000e+00
0.000000000000000000e+00	0.000000000000000000e+00	0.000000000000000000e+00	0.000000000000000000e+00	0.000000000000000000e+00
0.000000000000000000e+00	0.000000000000000000e+00	0.000000000000000000e+00	0.000000000000000000e+00	0.000000000000000000e+00
0.000000000000000000e+00	0.000000000000000000e+00	0.000000000000000000e+00	0.000000000000000000e+00	0.000000000000000000e+00
0.000000000000000000e+00	0.000000000000000000e+00	0.000000000000000000e+00	0.000000000000000000e+00	0.000000000000000000e+00
0.000000000000000000e+00	0.000000000000000000e+00	0.000000000000000000e+00	0.000000000000000000e+00	0.000000000000000000e+00
0.000000000000000000e+00	0.000000000000000000e+00	0.000000000000000000e+00	0.000000000000000000e+00	0.000000000000000000e+00
0.000000000000000000e+00	0.000000000000000000e+00	0.000000000000000000e+00	0.000000000000000000e+00	0.000000000000000000e+00
0.000000000000000000e+00	0.000000000000000000e+00	0.000000000000000000e+00	0.000000000000000000e+00	0.000000000000000000e+00
0.000000000000000000e+00	0.000000000000000000e+00	0.000000000000000000e+00	0.000000000000000000e+00	0.000000000000000000e+00
0.000000000000000000e+00	0.000000000000000000e+00	0.000000000000000000e+00	0.000000000000000000e+00	0.000000000000000000e+00
0.000000000000000000e+00	0.000000000000000000e+00	0.000000000000000000e+00	0.000000000000000000e+00	0.000000000000000000e+00
0.000000000000000000e+00	0.000000000000000000e+00	0.000000000000000000e+00	0.000000000000000000e+00	0.000000000000000000e+00
0.000000000000000000e+00	0.000000000000000000e+00	0.000000000000000000e+00	0.000000000000000000e+00	0.000000000000000000e+00
0.000000000000000000e+00	0.000000000000000000e+00	0.000000000000000000e+00	0.000000000000000000e+00	0.000000000000000000e+00
0.000000000000000000e+00	0.000000000000000000e+00	0.000000000000000000e+00	0.000000000000000000e+00	0.000000000000000000e+00
0.000000000000000000e+00	0.000000000000000000e+00	0.000000000000000000e+00	0.000000000000000000e+00	0.000000000000000000e+00
0.000000000000000000e+00	0.000000000000000000e+00	0.000000000000000000e+00	0.000000000000000000e+00	0.000000000000000000e+00
0.000000000000000000e+00	0.000000000000000000e+00	0.000000000000000000e+00	0.000000000000000000e+00	0.000000000000000000e+00
0.000000000000000000e+00	0.000000000000000000e+00	0.000000000000000000e+00	0.000000000000000000e+00	0.000000000000000000e+00
0.000000000000000000e+00	0.000000000000000000e+00	0.000000000000000000e+00	0.000000000000000000e+00	0.000000000000000000e+00
0.000000000000000000e+00	0.000000000000000000e+00	0.000000000000000000e+00	0.000000000000000000e+00	0.000000000000000000e+00
0.000000000000000000e+00	0.000000000000000000e+00	0.000000000000000000e+00	0.000000000000000000e+00	0.000000000000000000e+00
0.000000000000000000e+00	0.000000000000000000e+00	0.000000000000000000e+00	0.000000000000000000e+00	0.000000000000000000e+00
0.000000000000000000e+00	0.000000000000000000e+00	0.000000000000000000e+00	0.000000000000000000e+00	0.000000000000000000e+00
0.000000000000000000e+00	0.000000000000000000e+00	0.000000000000000000e+00	0.000000000000000000e+00	0.000000000000000000e+00
0.000000000000000000e+00	0.000000000000000000e+00	0.000000000000000000e+00	0.000000000000000000e+00	0.000000000000000000e+00
0.000000000000000000e+00	0.000000000000000000e+00	0.000000000000000000e+00	0.000000000000000000e+00	0.000000000000000000e+00
0.000000000000000000e+00	0.000000000000000000e+00	0.000000000000000000e+00	0.000000000000000000e+00	0.000000000000000000e+00
0.000000000000000000e+00	0.000000000000000000e+00	0.000000000000000000e+00	0.000000000000000000e+00	0.000000000000000000e+00
0.000000000000000000e+00	0.000000000000000000e+00	0.000000000000000000e+00	0.000000000000000000e+00	0.000000000000000000e+00
0.000000000000000000e+00	0.000000000000000000e+00	0.000000000000000000e+00	0.000000000000000000e+00	0.000000000000000000e+00
0.000000000000000000e+00	0.000000000000000000e+00	0.000000000000000000e+00	0.000000000000000000e+00	0.000000000000000000e+00
0.000000000000000000e+00	0.000000000000000000e+00	0.000000000000000000e+00	0.000000000000000000e+00	0.000000000000000000e+00
0.000000000000000000e+00	0.000000000000000000e+00	0.000000000000000000e+00	0.000000000000000000e+00	0.000000000000000000e+00
0.000000000000000000e+00	0.000000000000000000e+00	0.000000000000000000e+00	0.000000000000000000e+00	0.000000000000000000e+00
0.000000000000000000e+00	0.000000000000000000e+00	0.000000000000000000e+00	0.000000000000000000e+00	0.000000000000000000e+00
0.000000000000000000e+00	0.000000000000000000e+00	0.000000000000000000e+00	0.000000000000000000e+00	0.000000000000000000e+00
0.000000000000000000e+00	0.000000000000000000e+00	0.000000000000000000e+00	0.000000000000000000e+00	0.000000000000000000e+00
0.000000000000000000e+00	0.000000000000000000e+00	0.000000000000000000e+00	0.000000000000000000e+00	0.000000000000000000e+00
0.000000000000000000e+00	0.000000000000000000e+00	0.000000000000000000e+00	0.000000000000000000e+00	0.000000000000000000e+00
0.000000000000000000e+00	0.000000000000000000e+00	0.000000000000000000e+00	0.000000000000000000e+00	0.000000000000000000e+00
0.000000000000000000e+00	0.000000000000000000e+00	0.000000000000000000e+00	0.000000000000000000e+00	0.000000000000000000e+00
0.000000000000000000e+00	0.000000000000000000e+00	0.000000000000000000e+00	0.000000000000000000e+00	0.000000000000000000e+00
0.000000000000000000e+00	0.000000000000000000e+00	0.000000000000000000e+00	0.000000000000000000e+00	0.000000000000000000e+00
0.000000000000000000e+00	0.000000000000000000e+00	0.000000000000000000e+00	0.000000000000000000e+00	0.000000000000000000e+00
0.000000000000000000e+00	0.000000000000000000e+00	0.000000000000000000e+00	0.000000000000000000e+00	0.000000000000000000e+00
0.000000000000000000e+00	0.000000000000000000e+00	0.000000000000000000e+00	0.000000000000000000e+00	0.000000000000000000e+00
0.000000000000000000e+00	0.000000000000000000e+00	0.000000000000000000e+00	0.000000000000000000e+00	0.000000000000000000e+00
0.000000000000000000e+00	0.000000000000000000e+00	0.000000000000000000e+00	0.000000000000000000e+00	0.000000000000000000e+00
0.000000000000000000e+00	0.000000000000000000e+00	0.000000000000000000e+00	0.000000000000000000e+00	0.000000000000000000e+00
0.000000000000000000e+00	0.000000000000000000e+00	0.000000000000000000e+00	0.000000000000000000e+00	0.000000000000000000e+00
0.000000000000000000e+00	0.000000000000000000e+00	0.000000000000000000e+00	0.000000000000000000e+00	0.000000000000000000e+00
0.000000000000000000e+00	0.000000000000000000e+00	0.000000000000000000e+00	0.000000000000000000e+00	0.000000000000000000e+00
0.000000000000000000e+00	0.000000000000000000e+00	0.000000000000000000e+00	0.000000000000000000e+00	0.000000000000000000e+00
0.000000000000000000e+00	0.000000000000000000e+00	0.000000000000000000e+00	0.000000000000000000e+00	0.000000000000000000e+00
0.000000000000000000e+00	0.000000000000000000e+00	0.000000000000000000e+00	0.000000000000000000e+00	0.000000000000000000e+00
0.000000000000000000e+00	0.000000000000000000e+00	0.000000000000000000e+00	0.000000000000000000e+00	0.000000000000000000e+00
0.000000000000000000e+00	0.000000000000000000e+00	0.000000000000000000e+00	0.000000000000000000e+00	0.000000000000000000e+00
0.000000000000000000e+00	0.000000000000000000e+00	0.000000000000000000e+00	0.000000000000000000e+00	0.000000000000000000e+00
0.000000000000000000e+00	0.000000000000000000e+00	0.000000000000000000e+00	0.000000000000000000e+00	0.000000000000000000e+00
0.000000000000000000e+00	0.000000000000000000e+00	0.000000000000000000e+00	0.000000000000000000e+00	0.000000000000000000e+00
0.000000000000000000e+00	0.000000000000000000e+00	0.000000000000000000e+00	0.000000000000000000e+00	0.000000000000000000e+00
0.000000000000000000e+00	0.000000000000000000e+00	0.000000000000000000e+00	0.000000000000000000e+00	0.000000000000000000e+00
0.000000000000000000e+00	0.000000000000000000e+00	0.000000000000000000e+00	0.000000000000000000e+00	0.000000000000000000e+00
0.000000000000000000e+00	0.000000000000000000e+00	0.000000000000000000e+00	0.000000000000000000e+00	0.000000000000000000e+00
0.000000000000000000e+00	0.000000000000000000e+00	0.000000000000000000e+00	0.000000000000000000e+00	0.000000000000000000e+00
0.000000000000000000e+00	0.000000000000000000e+00	0.000000000000000000e+00	0.000000000000000000e+00	0.000000000000000000e+00
0.000000000000000000e+00	0.000000000000000000e+00	0.000000000000000000e+00	0.000000000000000000e+00	0.000000000000000000e+00
0.000000000000000000e+00	0.000000000000000000e+00	0.000000000000000000e+00	0.000000000000000000e+00	0.000000000000000000e+00
0.000000000000000000e+00	0.000000000000000000e+00	0.000000000000000000e+00	0.000000000000000000e+00	0.000000000000000000e+00
0.000000000000000000e+00	0.000000000000000000e+00	0.000000000000000000e+00	0.000000000000000000e+00	0.000000000000000000e+00
0.000000000000000000e+00	0.000000000000000000e+00	0.000000000000000000e+00	0.000000000000000000e+00	0.000000000000000000e+00
0.000000000000000000e+00	0.000000000000000000e+00	0.000000000000000000e+00	0.000000000000000000e+00	0.000000000000000000e+00
0.000000000000000000e+00	0.000000000000000000e+00	0.000000000000000000e+00	0.000000000000000000e+00	0.000000000000000000e+00
0.000000000000000000e+00	0.000000000000000000e+00	0.000000000000000000e+00	0.000000000000000000e+00	0.000000000000000000e+00
0.000000000000000000e+00	0.000000000000000000e+00	0.000000000000000000e+00	0.000000000000000000e+00	0.000000000000000000e+00
0.000000000000000000e+00	0.000000000000000000e+00	0.000000000000000000e+00	0.000000000000000000e+00	0.000000000000000000e+00
0.000000000000000000e+00	0.000000000000000000e+00	0.000000000000000000e+00	0.000000000000000000e+00	0.000000000000000000e+00
0.000000000000000000e+00	0.000000000000000000e+00	0.000000000000000000e+00	0.000000000000000000e+00	0.000000000000000000e+00
0.000000000000000000e+00	0.000000000000000000e+00	0.000000000000000000e+00	0.000000000000000000e+00	0.000000000000000000e+00
0.000000000000000000e+00	0.000000000000000000e+00	0.000000000000000000e+00	0.000000000000000000e+00	0.000000000000000000e+00
0.000000000000000000e+00	0.000000000000000000e+00	0.000000000000000000e+00	0.000000000000000000e+00	0.000000000000000000e+00
0.000000000000000000e+00	0.000000000000000000e+00	0.000000000000000000e+00	0.000000000000000000e+00	0.000000000000000000e+00
0.000000000000000000e+00	0.000000000000000000e+00	0.000000000000000000e+00	0.000000000000000000e+00	0.000000000000000000e+00
0.000000000000000000e+00	0.000000000000000000e+00	0.000000000000000000e+00	0.000000000000000000e+00	0.000000000000000000e+00
0.000000000000000000e+00	0.000000000000000000e+00	0.000000000000000000e+00	0.000000000000000000e+00	0.000000000000000000e+00
0.000000000000000000e+00	0.000000000000000000e+00	0.000000000000000000e+00	0.000000000000000000e+00	0.000000000000000000e+00
0.000000000000000000e+00	0.000000000000000000e+00	0.000000000000000000e+00	0.000000000000000000e+00	0.000000000000000000e+00
0.000000000000000000e+00	0.000000000000000000e+00	0.000000000000000000e+00	0.000000000000000000e+00	0.000000000000000000e+00
0.000000000000000000e+00	0.000000000000000000e+00	0.000000000000000000e+00	0.000000000000000000e+00	0.000000000000000000e+00
0.000000000000000000e+00	0.000000000000000000e+00	0.000000000000000000e+00	0.000000000000000000e+00	0.000000000000000000e+00
0.000000000000000000e+00	0.000000000000000000e+00	0.000000000000000000e+00	0.000000000000000000e+00	0.000000000000000000e+00
0.000000000000000000e+00	0.000000000000000000e+00	0.000000000000000000e+00	0.000000000000000000e+00	0.000000000000000000e+00
0.000000000000000000e+00	0.000000000000000000e+00	0.000000000000000000e+00	0.000000000000000000e+00	0.000000000000000000e+00
0.000000000000000000e+00	0.000000000000000000e+00	0.000000000000000000e+00	0.000000000000000000e+00	0.000000000000000000e+00
0.000000000000000000e+00	0.000000000000000000e+00	0.000000000000000000e+00	0.000000000000000000e+00	0.000000000000000000e+00
0.000000000000000000e+00	0.000000000000000000e+00	0.000000000000000000e+00	0.000000000000000000e+00	0.000000000000000000e+00
0.000000000000000000e+00	0.000000000000000000e+00	0.000000000000000000e+00	0.000000000000000000e+00	0.000000000000000000e+00
0.000000000000000000e+00	0.000000000000000000e+00	0.000000000000000000e+00	0.000000000000000000e+00	0.000000000000000000e+00
0.000000000000000000e+00	0.000000000000000000e+00	0.000000000000000000e+00	0.000000000000000000e+00	0.000000000000000000e+00
0.000000000000000000e+00	0.000000000000000000e+00	0.000000000000000000e+00	0.000000000000000000e+00	0.000000000000000000e+00
0.000000000000000000e+00	0.000000000000000000e+00	0.000000000000000000e+00	0.000000000000000000e+00	0.000000000000000000e+00
0.000000000000000000e+00	0.000000000000000000e+00	0.000000000000000000e+00	0.000000000000000000e+00	0.000000000000000000e+00
0.000000000000000000e+00	0.000000000000000000e+00	0.000000000000000000e+00	0.000000000000000000e+00	0.000000000000000000e+00
0.000000000000000000e+00	0.000000000000000000e+00	0.000000000000000000e+00	0.000000000000000000e+00	0.000000000000000000e+00
0.000000000000000000e+00	0.000000000000000000e+00	0.000000000000000000e+00	0.000000000000000000e+00	0.000000000000000000e+00
0.000000000000000000e+00	0.000000000000000000e+00	0.000000000000000000e+00	0.000000000000000000e+00	0.000000000000000000e+00
0.000000000000000000e+00	0.000000000000000000e+00	0.000000000000000000e+00	0.000000000000000000e+00	0.000000000000000000e+00
0.000000000000000000e+00	0.000000000000000000e+00	0.000000000000000000e+00	0.000000000000000000e+00	0.000000000000000000e+00
0.000000000000000000e+00	0.000000000000000000e+00	0.000000000000000000e+00	0.000000000000000000e+00	0.000000000000000000e+00
0.000000000000000000e+00	0.000000000000000000e+00	0.000000000000000000e+00	0.000000000000000000e+00	0.000000000000000000e+00
0.000000000000000000e+00	0.000000000000000000e+00	0.000000000000000000e+00	0.000000000000000000e+00	0.000000000000000000e+00
0.000000000000000000e+00	0.000000000000000000e+00	0.000000000000000000e+00	0.000000000000000000e+00	0.000000000000000000e+00
0.000000000000000000e+00	0.000000000000000000e+00	0.000000000000000000e+00	0.000000000000000000e+00	0.000000000000000000e+00
0.000000000000000000e+00	0.000000000000000000e+00	0.000000000000000000e+00	0.000000000000000000e+00	0.000000000000000000e+00
0.000000000000000000e+00	0.000000000000000000e+00	0.000000000000000000e+00	0.000000000000000000e+00	0.000000000000000000e+00
0.000000000000000000e+00	0.000000000000000000e+00	0.000000000000000000e+00	0.000000000000000000e+00	0.000000000000000000e+00
0.000000000000000000e+00	0.000000000000000000e+00	0.000000000000000000e+00	0.000000000000000000e+00	0.000000000000000000e+00
0.000000000000000000e+00	0.000000000000000000e+00	0.000000000000000000e+00	0.000000000000000000e+00	0.000000000000000000e+00
0.000000000000000000e+00	0.000000000000000000e+00	0.000000000000000000e+00	0.000000000000000000e+00	0.000000000000000000e+00
0.000000000000000000e+00	0.000000000000000000e+00	0.000000000000000000e+00	0.000000000000000000e+00	0.000000000000000000e+00
0.000000000000000000e+00	0.000000000000000000e+00	0.000000000000000000e+00	0.000000000000000000e+00	0.000000000000000000e+00
0.000000000000000000e+00	0.000000000000000000e+00	0.000000000000000000e+00	0.000000000000000000e+00	0.000000000000000000e+00
0.000000000000000000e+00	0.000000000000000000e+00	0.000000000000000000e+00	0.000000000000000000e+00	0.000000000000000000e+00
0.000000000000000000e+00	0.000000000000000000e+00	0.000000000000000000e+00	0.000000000000000000e+00	0.000000000000000000e+00
0.000000000000000000e+00	0.000000000000000000e+00	0.000000000000000000e+00	0.000000000000000000e+00	0.000000000000000000e+00
0.000000000000000000e+00	0.000000000000000000e+00	0.000000000000000000e+00	0.000000000000000000e+00	0.000000000000000000e+00
0.000000000000000000e+00	0.000000000000000000e+00	0.000000000000000000e+00	0.000000000000000000e+00	0.000000000000000000e+00
0.000000000000000000e+00	0.000000000000000000e+00	0.000000000000000000e+00	0.000000000000000000e+00	0.000000000000000000e+00
0.000000000000000000e+00	0.000000000000000000e+00	0.000000000000000000e+00	0.000000000000000000e+00	0.000000000000000000e+00
0.000000000000000000e+00	0.000000000000000000e+00	0.000000000000000000e+00	0.000000000000000000e+00	0.000000000000000000e+00
0.000000000000000000e+00	0.000000000000000000e+00	0.000000000000000000e+00	0.000000000000000000e+00	0.000000000000000000e+00
0.000000000000000000e+00	0.000000000000000000e+00	0.000000000000000000e+00	0.000000000000000000e+00	0.000000000000000000e+00
0.000000000000000000e+00	0.000000000000000000e+00	0.000000000000000000e+00	0.000000000000000000e+00	0.000000000000000000e+00
0.000000000000000000e+00	0.000000000000000000e+00	0.000000000000000000e+00	0.000000000000000000e+00	0.000000000000000000e+00
0.000000000000000000e+00	0.000000000000000000e+00	0.000000000000000000e+00	0.000000000000000000e+00	0.000000000000000000e+00
0.000000000000000000e+00	0.000000000000000000e+00	0.000000000000000000e+00	0.000000000000000000e+00	0.000000000000000000e+00
0.000000000000000000e+00	0.000000000000000000e+00	0.000000000000000000e+00	0.000000000000000000e+00	0.000000000000000000e+00
0.000000000000000000e+00	0.000000000000000000e+00	0.000000000000000000e+00	0.000000000000000000e+00	0.000000000000000000e+00
0.000000000000000000e+00	0.000000000000000000e+00	0.000000000000000000e+00	0.000000000000000000e+00	0.000000000000000000e+00
0.000000000000000000e+00	0.000000000000000000e+00	0.000000000000000000e+00	0.000000000000000000e+00	0.000000000000000000e+00
0.000000000000000000e+00	0.000000000000000000e+00	0.000000000000000000e+00	0.000000000000000000e+00	0.000000000000000000e+00
0.000000000000000000e+00	0.000000000000000000e+00	0.000000000000000000e+00	0.000000000000000000e+00	0.000000000000000000e+00
0.000000000000000000e+00	0.000000000000000000e+00	0.000000000000000000e+00	0.000000000000000000e+00	0.000000000000000000e+00
0.000000000000000000e+00	0.000000000000000000e+00	0.000000000000000000e+00	0.000000000000000000e+00	0.000000000000000000e+00
0.000000000000000000e+00	0.000000000000000000e+00	0.000000000000000000e+00	0.000000000000000000e+00	0.000000000000000000e+00
0.000000000000000000e+00	0.000000000000000000e+00	0.000000000000000000e+00	0.000000000000000000e+00	0.000000000000000000e+00
0.000000000000000000e+00	0.000000000000000000e+00	0.000000000000000000e+00	0.000000000000000000e+00	0.000000000000000000e+00
0.000000000000000000e+00	0.000000000000000000e+00	0.000000000000000000e+00	0.000000000000000000e+00	0.000000000000000000e+00
0.000000000000000000e+00	0.000000000000000000e+00	0.000000000000000000e+00	0.000000000000000000e+00	0.000000000000000000e+00
0.000000000000000000e+00	0.000000000000000000e+00	0.000000000000000000e+00	0.000000000000000000e+00	0.000000000000000000e+00
0.000000000000000000e+00	0.000000000000000000e+00	0.000000000000000000e+00	0.000000000000000000e+00	0.000000000000000000e+00
0.000000000000000000e+00	0.000000000000000000e+00	0.000000000000000000e+00	0.000000000000000000e+00	0.000000000000000000e+00
0.000000000000000000e+00	0.000000000000000000e+00	0.000000000000000000e+00	0.000000000000000000e+00	0.000000000000000000e+00
0.000000000000000000e+00	0.000000000000000000e+00	0.000000000000000000e+00	0.000000000000000000e+00	0.000000000000000000e+00
0.000000000000000000e+00	0.000000000000000000e+00	0.000000000000000000e+00	0.000000000000000000e+00	0.000000000000000000e+00
0.000000000000000000e+00	0.000000000000000000e+00	0.000000000000000000e+00	0.000000000000000000e+00	0.000000000000000000e+00
0.000000000000000000e+00	0.000000000000000000e+00	0.000000000000000000e+00	0.000000000000000000e+00	0.000000000000000000e+00
0.000000000000000000e+00	0.000000000000000000e+00	0.000000000000000000e+00	0.000000000000000000e+00	0.000000000000000000e+00
0.000000000000000000e+00	0.000000000000000000e+00	0.000000000000000000e+00	0.000000000000000000e+00	0.000000000000000000e+00
0.000000000000000000e+00	0.000000000000000000e+00	0.000000000000000000e+00	0.000000000000000000e+00	0.000000000000000000e+00
0.000000000000000000e+00	0.000000000000000000e+00	0.000000000000000000e+00	0.000000000000000000e+00	0.000000000000000000e+00
0.000000000000000000e+00	0.000000000000000000e+00	0.000000000000000000e+00	0.000000000000000000e+00	0.000000000000000000e+00
0.000000000000000000e+00	0.000000000000000000e+00	0.000000000000000000e+00	0.000000000000000000e+00	0.000000000000000000e+00
0.000000000000000000e+00	0.000000000000000000e+00	0.000000000000000000e+00	0.000000000000000000e+00	0.000000000000000000e+00
0.000000000000000000e+00	0.000000000000000000e+00	0.000000000000000000e+00	0.000000000000000000e+00	0.000000000000000000e+00
0.000000000000000000e+00	0.000000000000000000e+00	0.000000000000000000e+00	0.000000000000000000e+00	0.000000000000000000e+00
0.000000000000000000e+00	0.000000000000000000e+00	0.000000000000000000e+00	0.000000000000000000e+00	0.000000000000000000e+00
0.000000000000000000e+00	0.000000000000000000e+00	0.000000000000000000e+00	0.000000000000000000e+00	0.000000000000000000e+00
0.000000000000000000e+00	0.000000000000000000e+00	0.000000000000000000e+00	0.000000000000000000e+00	0.000000000000000000e+00
0.000000000000000000e+00	0.000000000000000000e+00	0.000000000000000000e+00	0.000000000000000000e+00	0.000000000000000000e+00
0.000000000000000000e+00	0.000000000000000000e+00	0.000000000000000000e+00	0.000000000000000000e+00	0.000000000000000000e+00
0.000000000000000000e+00	0.000000000000000000e+00	0.000000000000000000e+00	0.000000000000000000e+00	0.000000000000000000e+00
0.000000000000000000e+00	0.000000000000000000e+00	0.000000000000000000e+00	0.000000000000000000e+00	0.000000000000000000e+00
0.000000000000000000e+00	0.000000000000000000e+00	0.000000000000000000e+00	0.000000000000000000e+00	0.000000000000000000e+00
0.000000000000000000e+00	0.000000000000000000e+00	0.000000000000000000e+00	0.000000000000000000e+00	0.000000000000000000e+00
0.000000000000000000e+00	0.000000000000000000e+00	0.000000000000000000e+00	0.000000000000000000e+00	0.000000000000000000e+00
0.000000000000000000e+00	0.000000000000000000e+00	0.000000000000000000e+00	0.000000000000000000e+00	0.000000000000000000e+00
0.000000000000000000e+00	0.000000000000000000e+00	0.000000000000000000e+00	0.000000000000000000e+00	0.000000000000000000e+00
0.000000000000000000e+00	0.000000000000000000e+00	0.000000000000000000e+00	0.000000000000000000e+00	0.000000000000000000e+00
0.000000000000000000e+00	0.000000000000000000e+00	0.000000000000000000e+00	0.000000000000000000e+00	0.000000000000000000e+00
0.000000000000000000e+00	0.000000000000000000e+00	0.000000000000000000e+00	0.000000000000000000e+00	0.000000000000000000e+00
0.000000000000000000e+00	0.000000000000000000e+00	0.000000000000000000e+00	0.000000000000000000e+00	0.000000000000000000e+00
0.000000000000000000e+00	0.000000000000000000e+00	0.000000000000000000e+00	0.000000000000000000e+00	0.000000000000000000e+00
0.000000000000000000e+00	0.000000000000000000e+00	0.000000000000000000e+00	0.000000000000000000e+00	0.000000000000000000e+00
0.000000000000000000e+00	0.000000000000000000e+00	0.000000000000000000e+00	0.000000000000000000e+00	0.000000000000000000e+00
0.000000000000000000e+00	0.000000000000000000e+00	0.000000000000000000e+00	0.000000000000000000e+00	0.000000000000000000e+00
0.000000000000000000e+00	0.000000000000000000e+00	0.000000000000000000e+00	0.000000000000000000e+00	0.000000000000000000e+00
0.000000000000000000e+00	0.000000000000000000e+00	0.000000000000000000e+00	0.000000000000000000e+00	0.000000000000000000e+00
0.000000000000000000e+00	0.000000000000000000e+00	0.000000000000000000e+00	0.000000000000000000e+00	0.000000000000000000e+00
0.000000000000000000e+00	0.000000000000000000e+00	0.000000000000000000e+00	0.000000000000000000e+00	0.000000000000000000e+00
0.000000000000000000e+00	0.000000000000000000e+00	0.000000000000000000e+00	0.000000000000000000e+00	0.000000000000000000e+00
0.000000000000000000e+00	0.000000000000000000e+00	0.000000000000000000e+00	0.000000000000000000e+00	0.000000000000000000e+00
0.000000000000000000e+00	0.000000000000000000e+00	0.000000000000000000e+00	0.000000000000000000e+00	0.000000000000000000e+00
0.000000000000000000e+00	0.000000000000000000e+00	0.000000000000000000e+00	0.000000000000000000e+00	0.000000000000000000e+00
0.000000000000000000e+00	0.000000000000000000e+00	0.000000000000000000e+00	0.000000000000000000e+00	0.000000000000000000e+00
0.000000000000000000e+00	0.000000000000000000e+00	0.000000000000000000e+00	0.000000000000000000e+00	0.000000000000000000e+00
0.000000000000000000e+00	0.000000000000000000e+00	0.000000000000000000e+00	0.000000000000000000e+00	0.000000000000000000e+00
0.000000000000000000e+00	0.000000000000000000e+00	0.000000000000000000e+00	0.000000000000000000e+00	0.000000000000000000e+00
0.000000000000000000e+00	0.000000000000000000e+00	0.000000000000000000e+00	0.000000000000000000e+00	0.000000000000000000e+00
0.000000000000000000e+00	0.000000000000000000e+00	0.000000000000000000e+00	0.000000000000000000e+00	0.000000000000000000e+00
0.000000000000000000e+00	0.000000000000000000e+00	0.000000000000000000e+00	0.000000000000000000e+00	0.000000000000000000e+00
0.000000000000000000e+00	0.000000000000000000e+00	0.000000000000000000e+00	0.000000000000000000e+00	0.000000000000000000e+00
0.000000000000000000e+00	0.000000000000000000e+00	0.000000000000000000e+00	0.000000000000000000e+00	0.000000000000000000e+00
0.000000000000000000e+00	0.000000000000000000e+00	0.000000000000000000e+00	0.000000000000000000e+00	0.000000000000000000e+00
0.000000000000000000e+00	0.000000000000000000e+00	0.000000000000000000e+00	0.000000000000000000e+00	0.000000000000000000e+00
0.000000000000000000e+00	0.000000000000000000e+00	0.000000000000000000e+00	0.000000000000000000e+00	0.000000000000000000e+00
0.000000000000000000e+00	0.000000000000000000e+00	0.000000000000000000e+00	0.000000000000000000e+00	0.000000000000000000e+00
0.000000000000000000e+00	0.000000000000000000e+00	0.000000000000000000e+00	0.000000000000000000e+00	0.000000000000000000e+00
0.000000000000000000e+00	0.000000000000000000e+00	0.000000000000000000e+00	0.000000000000000000e+00	0.000000000000000000e+00
0.000000000000000000e+00	0.000000000000000000e+00	0.000000000000000000e+00	0.000000000000000000e+00	0.000000000000000000e+00
0.000000000000000000e+00	0.000000000000000000e+00	0.000000000000000000e+00	0.000000000000000000e+00	0.000000000000000000e+00
0.000000000000000000e+00	0.000000000000000000e+00	0.000000000000000000e+00	0.000000000000000000e+00	0.000000000000000000e+00
0.000000000000000000e+00	0.000000000000000000e+00	0.000000000000000000e+00	0.000000000000000000e+00	0.000000000000000000e+00
0.000000000000000000e+00	0.000000000000000000e+00	0.000000000000000000e+00	0.000000000000000000e+00	0.000000000000000000e+00
0.000000000000000000e+00	0.000000000000000000e+00	0.000000000000000000e+00	0.000000000000000000e+00	0.000000000000000000e+00
0.000000000000000000e+00	0.000000000000000000e+00	0.000000000000000000e+00	0.000000000000000000e+00	0.000000000000000000e+00
0.000000000000000000e+00	0.000000000000000000e+00	0.000000000000000000e+00	0.000000000000000000e+00	0.000000000000000000e+00
0.000000000000000000e+00	0.000000000000000000e+00	0.000000000000000000e+00	0.000000000000000000e+00	0.000000000000000000e+00
0.000000000000000000e+00	0.000000000000000000e+00	0.000000000000000000e+00	0.000000000000000000e+00	0.000000000000000000e+00
0.000000000000000000e+00	0.000000000000000000e+00	0.000000000000000000e+00	0.000000000000000000e+00	0.000000000000000000e+00
0.000000000000000000e+00	0.000000000000000000e+00	0.000000000000000000e+00	0.000000000000000000e+00	0.000000000000000000e+00
0.000000000000000000e+00	0.000000000000000000e+00	0.000000000000000000e+00	0.000000000000000000e+00	0.000000000000000000e+00
0.000000000000000000e+00	0.000000000000000000e+00	0.000000000000000000e+00	0.000000000000000000e+00	0.000000000000000000e+00
0.000000000000000000e+00	0.000000000000000000e+00	0.000000000000000000e+00	0.000000000000000000e+00	0.000000000000000000e+00
0.000000000000000000e+00	0.000000000000000000e+00	0.000000000000000000e+00	0.000000000000000000e+00	0.000000000000000000e+00
0.000000000000000000e+00	0.000000000000000000e+00	0.000000000000000000e+00	0.000000000000000000e+00	0.000000000000000000e+00
0.000000000000000000e+00	0.000000000000000000e+00	0.000000000000000000e+00	0.000000000000000000e+00	0.000000000000000000e+00
0.000000000000000000e+00	0.000000000000000000e+00	0.000000000000000000e+00	0.000000000000000000e+00	0.000000000000000000e+00
0.000000000000000000e+00	0.000000000000000000e+00	0.000000000000000000e+00	0.000000000000000000e+00	0.000000000000000000e+00
0.000000000000000000e+00	0.000000000000000000e+00	0.000000000000000000e+00	0.000000000000000000e+00	0.000000000000000000e+00
0.000000000000000000e+00	0.000000000000000000e+00	0.000000000000000000e+00	0.000000000000000000e+00	0.000000000000000000e+00
0.000000000000000000e+00	0.000000000000000000e+00	0.000000000000000000e+00	0.000000000000000000e+00	0.000000000000000000e+00
0.000000000000000000e+00	0.000000000000000000e+00	0.000000000000000000e+00	0.000000000000000000e+00	0.000000000000000000e+00
0.000000000000000000e+00	0.000000000000000000e+00	0.000000000000000000e+00	0.000000000000000000e+00	0.000000000000000000e+00
0.000000000000000000e+00	0.000000000000000000e+00	0.000000000000000000e+00	0.000000000000000000e+00	0.000000000000000000e+00
0.000000000000000000e+00	0.000000000000000000e+00	0.000000000000000000e+00	0.000000000000000000e+00	0.000000000000000000e+00
0.000000000000000000e+00	0.000000000000000000e+00	0.000000000000000000e+00	0.000000000000000000e+00	0.000000000000000000e+00
0.000000000000000000e+00	0.000000000000000000e+00	0.000000000000000000e+00	0.000000000000000000e+00	0.000000000000000000e+00
0.000000000000000000e+00	0.000000000000000000e+00	0.000000000000000000e+00	0.000000000000000000e+00	0.000000000000000000e+00
0.000000000000000000e+00	0.000000000000000000e+00	0.000000000000000000e+00	0.000000000000000000e+00	0.000000000000000000e+00
0.000000000000000000e+00	0.000000000000000000e+00	0.000000000000000000e+00	0.000000000000000000e+00	0.000000000000000000e+00
0.000000000000000000e+00	0.000000000000000000e+00	0.000000000000000000e+00	0.000000000000000000e+00	0.000000000000000000e+00
0.000000000000000000e+00	0.000000000000000000e+00	0.000000000000000000e+00	0.000000000000000000e+00	0.000000000000000000e+00
0.000000000000000000e+00	0.000000000000000000e+00	0.000000000000000000e+00	0.000000000000000000e+00	0.000000000000000000e+00
0.000000000000000000e+00	0.000000000000000000e+00	0.000000000000000000e+00	0.000000000000000000e+00	0.000000000000000000e+00
0.000000000000000000e+00	0.000000000000000000e+00	0.000000000000000000e+00	0.000000000000000000e+00	0.000000000000000000e+00
0.000000000000000000e+00	0.000000000000000000e+00	0.000000000000000000e+00	0.000000000000000000e+00	0.000000000000000000e+00
0.000000000000000000e+00	0.000000000000000000e+00	0.000000000000000000e+00	0.000000000000000000e+00	0.000000000000000000e+00
0.000000000000000000e+00	0.000000000000000000e+00	0.000000000000000000e+00	0.000000000000000000e+00	0.000000000000000000e+00
0.000000000000000000e+00	0.000000000000000000e+00	0.000000000000000000e+00	0.000000000000000000e+00	0.000000000000000000e+00
0.000000000000000000e+00	0.000000000000000000e+00	0.000000000000000000e+00	0.000000000000000000e+00	0.000000000000000000e+00
0.000000000000000000e+00	0.000000000000000000e+00	0.000000000000000000e+00	0.000000000000000000e+00	0.000000000000000000e+00
0.000000000000000000e+00	0.000000000000000000e+00	0.000000000000000000e+00	0.000000000000000000e+00	0.000000000000000000e+00
0.000000000000000000e+00	0.000000000000000000e+00	0.000000000000000000e+00	0.000000000000000000e+00	0.000000000000000000e+00
0.000000000000000000e+00	0.000000000000000000e+00	0.000000000000000000e+00	0.000000000000000000e+00	0.000000000000000000e+00
0.000000000000000000e+00	0.000000000000000000e+00	0.000000000000000000e+00	0.000000000000000000e+00	0.000000000000000000e+00
0.000000000000000000e+00	0.000000000000000000e+00	0.000000000000000000e+00	0.000000000000000000e+00	0.000000000000000000e+00
0.000000000000000000e+00	0.000000000000000000e+00	0.000000000000000000e+00	0.000000000000000000e+00	0.000000000000000000e+00
0.000000000000000000e+00	0.000000000000000000e+00	0.000000000000000000e+00	0.000000000000000000e+00	0.000000000000000000e+00
0.000000000000000000e+00	0.000000000000000000e+00	0.000000000000000000e+00	0.000000000000000000e+00	0.000000000000000000e+00
0.000000000000000000e+00	0.000000000000000000e+00	0.000000000000000000e+00	0.000000000000000000e+00	0.000000000000000000e+00
0.000000000000000000e+00	0.000000000000000000e+00	0.000000000000000000e+00	0.000000000000000000e+00	0.000000000000000000e+00
0.000000000000000000e+00	0.000000000000000000e+00	0.000000000000000000e+00	0.000000000000000000e+00	0.000000000000000000e+00
0.000000000000000000e+00	0.000000000000000000e+00	0.000000000000000000e+00	0.000000000000000000e+00	0.000000000000000000e+00
0.000000000000000000e+00	0.000000000000000000e+00	0.000000000000000000e+00	0.000000000000000000e+00	0.000000000000000000e+00
0.000000000000000000e+00	0.000000000000000000e+00	0.000000000000000000e+00	0.000000000000000000e+00	0.000000000000000000e+00
0.000000000000000000e+00	0.000000000000000000e+00	0.000000000000000000e+00	0.000000000000000000e+00	0.000000000000000000e+00
0.000000000000000000e+00	0.000000000000000000e+00	0.000000000000000000e+00	0.000000000000000000e+00	0.000000000000000000e+00
0.000000000000000000e+00	0.000000000000000000e+00	0.000000000000000000e+00	0.000000000000000000e+00	0.000000000000000000e+00
0.000000000000000000e+00	0.000000000000000000e+00	0.000000000000000000e+00	0.000000000000000000e+00	0.000000000000000000e+00
0.000000000000000000e+00	0.000000000000000000e+00	0.000000000000000000e+00	0.000000000000000000e+00	0.000000000000000000e+00
0.000000000000000000e+00	0.000000000000000000e+00	0.000000000000000000e+00	0.000000000000000000e+00	0.000000000000000000e+00
0.000000000000000000e+00	0.000000000000000000e+00	0.000000000000000000e+00	0.000000000000000000e+00	0.000000000000000000e+00
0.000000000000000000e+00	0.000000000000000000e+00	0.000000000000000000e+00	0.000000000000000000e+00	0.000000000000000000e+00
0.000000000000000000e+00	0.000000000000000000e+00	0.000000000000000000e+00	0.000000000000000000e+00	0.000000000000000000e+00
0.000000000000000000e+00	0.000000000000000000e+00	0.000000000000000000e+00	0.000000000000000000e+00	0.000000000000000000e+00
0.000000000000000000e+00	0.000000000000000000e+00	0.000000000000000000e+00	0.000000000000000000e+00	0.000000000000000000e+00
0.000000000000000000e+00	0.000000000000000000e+00	0.000000000000000000e+00	0.000000000000000000e+00	0.000000000000000000e+00
0.000000000000000000e+00	0.000000000000000000e+00	0.000000000000000000e+00	0.000000000000000000e+00	0.000000000000000000e+00
0.000000000000000000e+00	0.000000000000000000e+00	0.000000000000000000e+00	0.000000000000000000e+00	0.000000000000000000e+00
0.000000000000000000e+00	0.000000000000000000e+00	0.000000000000000000e+00	0.000000000000000000e+00	0.000000000000000000e+00
0.000000000000000000e+00	0.000000000000000000e+00	0.000000000000000000e+00	0.000000000000000000e+00	0.000000000000000000e+00
0.000000000000000000e+00	0.000000000000000000e+00	0.000000000000000000e+00	0.000000000000000000e+00	0.000000000000000000e+00
0.000000000000000000e+00	0.000000000000000000e+00	0.000000000000000000e+00	0.000000000000000000e+00	0.000000000000000000e+00
0.000000000000000000e+00	0.000000000000000000e+00	0.000000000000000000e+00	0.000000000000000000e+00	0.000000000000000000e+00
0.000000000000000000e+00	0.000000000000000000e+00	0.000000000000000000e+00	0.000000000000000000e+00	0.000000000000000000e+00
0.000000000000000000e+00	0.000000000000000000e+00	0.000000000000000000e+00	0.000000000000000000e+00	0.000000000000000000e+00
0.000000000000000000e+00	0.000000000000000000e+00	0.000000000000000000e+00	0.000000000000000000e+00	0.000000000000000000e+00
0.000000000000000000e+00	0.000000000000000000e+00	0.000000000000000000e+00	0.000000000000000000e+00	0.000000000000000000e+00
0.000000000000000000e+00	0.000000000000000000e+00	0.000000000000000000e+00	0.000000000000000000e+00	0.000000000000000000e+00
0.000000000000000000e+00	0.000000000000000000e+00	0.000000000000000000e+00	0.000000000000000000e+00	0.000000000000000000e+00
0.000000000000000000e+00	0.000000000000000000e+00	0.000000000000000000e+00	0.000000000000000000e+00	0.000000000000000000e+00
0.000000000000000000e+00	0.000000000000000000e+00	0.000000000000000000e+00	0.000000000000000000e+00	0.000000000000000000e+00
0.000000000000000000e+00	0.000000000000000000e+00	0.000000000000000000e+00	0.000000000000000000e+00	0.000000000000000000e+00
0.000000000000000000e+00	0.000000000000000000e+00	0.000000000000000000e+00	0.000000000000000000e+00	0.000000000000000000e+00
0.000000000000000000e+00	0.000000000000000000e+00	0.000000000000000000e+00	0.000000000000000000e+00	0.000000000000000000e+00
0.000000000000000000e+00	0.000000000000000000e+00	0.000000000000000000e+00	0.000000000000000000e+00	0.000000000000000000e+00
0.000000000000000000e+00	0.000000000000000000e+00	0.000000000000000000e+00	0.000000000000000000e+00	0.000000000000000000e+00
0.000000000000000000e+00	0.000000000000000000e+00	0.000000000000000000e+00	0.000000000000000000e+00	0.000000000000000000e+00
0.000000000000000000e+00	0.000000000000000000e+00	0.000000000000000000e+00	0.000000000000000000e+00	0.000000000000000000e+00
0.000000000000000000e+00	0.000000000000000000e+00	0.000000000000000000e+00	0.000000000000000000e+00	0.000000000000000000e+00
0.000000000000000000e+00	0.000000000000000000e+00	0.000000000000000000e+00	0.000000000000000000e+00	0.000000000000000000e+00
0.000000000000000000e+00	0.000000000000000000e+00	0.000000000000000000e+00	0.000000000000000000e+00	0.000000000000000000e+00
0.000000000000000000e+00	0.000000000000000000e+00	0.000000000000000000e+00	0.000000000000000000e+00	0.000000000000000000e+00
0.000000000000000000e+00	0.000000000000000000e+00	0.000000000000000000e+00	0.000000000000000000e+00	0.000000000000000000e+00
0.000000000000000000e+00	0.000000000000000000e+00	0.000000000000000000e+00	0.000000000000000000e+00	0.000000000000000000e+00
0.000000000000000000e+00	0.000000000000000000e+00	0.000000000000000000e+00	0.000000000000000000e+00	0.000000000000000000e+00
0.000000000000000000e+00	0.000000000000000000e+00	0.000000000000000000e+00	0.000000000000000000e+00	0.000000000000000000e+00
0.000000000000000000e+00	0.000000000000000000e+00	0.000000000000000000e+00	0.000000000000000000e+00	0.000000000000000000e+00
0.000000000000000000e+00	0.000000000000000000e+00	0.000000000000000000e+00	0.000000000000000000e+00	0.000000000000000000e+00
0.000000000000000000e+00	0.000000000000000000e+00	0.000000000000000000e+00	0.000000000000000000e+00	0.000000000000000000e+00
0.000000000000000000e+00	0.000000000000000000e+00	0.000000000000000000e+00	0.000000000000000000e+00	0.000000000000000000e+00
0.000000000000000000e+00	0.000000000000000000e+00	0.000000000000000000e+00	0.000000000000000000e+00	0.000000000000000000e+00
0.000000000000000000e+00	0.000000000000000000e+00	0.000000000000000000e+00	0.000000000000000000e+00	0.000000000000000000e+00
0.000000000000000000e+00	0.000000000000000000e+00	0.000000000000000000e+00	0.000000000000000000e+00	0.000000000000000000e+00
0.000000000000000000e+00	0.000000000000000000e+00	0.000000000000000000e+00	0.000000000000000000e+00	0.000000000000000000e+00
0.000000000000000000e+00	0.000000000000000000e+00	0.000000000000000000e+00	0.000000000000000000e+00	0.000000000000000000e+00
0.000000000000000000e+00	0.000000000000000000e+00	0.000000000000000000e+00	0.000000000000000000e+00	0.000000000000000000e+00
0.000000000000000000e+00	0.000000000000000000e+00	0.000000000000000000e+00	0.000000000000000000e+00	0.000000000000000000e+00
0.000000000000000000e+00	0.000000000000000000e+00	0.000000000000000000e+00	0.000000000000000000e+00	0.000000000000000000e+00
0.000000000000000000e+00	0.000000000000000000e+00	0.000000000000000000e+00	0.000000000000000000e+00	0.000000000000000000e+00
0.000000000000000000e+00	0.000000000000000000e+00	0.000000000000000000e+00	0.000000000000000000e+00	0.000000000000000000e+00
0.000000000000000000e+00	0.000000000000000000e+00	0.000000000000000000e+00	0.000000000000000000e+00	0.000000000000000000e+00
0.000000000000000000e+00	0.000000000000000000e+00	0.000000000000000000e+00	0.000000000000000000e+00	0.000000000000000000e+00
0.000000000000000000e+00	0.000000000000000000e+00	0.000000000000000000e+00	0.000000000000000000e+00	0.000000000000000000e+00
0.000000000000000000e+00	0.000000000000000000e+00	0.000000000000000000e+00	0.000000000000000000e+00	0.000000000000000000e+00
0.000000000000000000e+00	0.000000000000000000e+00	0.000000000000000000e+00	0.000000000000000000e+00	0.000000000000000000e+00
0.000000000000000000e+00	0.000000000000000000e+00	0.000000000000000000e+00	0.000000000000000000e+00	0.000000000000000000e+00
0.000000000000000000e+00	0.000000000000000000e+00	0.000000000000000000e+00	0.000000000000000000e+00	0.000000000000000000e+00
0.000000000000000000e+00	0.000000000000000000e+00	0.000000000000000000e+00	0.000000000000000000e+00	0.000000000000000000e+00
0.000000000000000000e+00	0.000000000000000000e+00	0.000000000000000000e+00	0.000000000000000000e+00	0.000000000000000000e+00
0.000000000000000000e+00	0.000000000000000000e+00	0.000000000000000000e+00	0.000000000000000000e+00	0.000000000000000000e+00
0.000000000000000000e+00	0.000000000000000000e+00	0.000000000000000000e+00	0.000000000000000000e+00	0.000000000000000000e+00
0.000000000000000000e+00	0.000000000000000000e+00	0.000000000000000000e+00	0.000000000000000000e+00	0.000000000000000000e+00
0.000000000000000000e+00	0.000000000000000000e+00	0.000000000000000000e+00	0.000000000000000000e+00	0.000000000000000000e+00
0.000000000000000000e+00	0.000000000000000000e+00	0.000000000000000000e+00	0.000000000000000000e+00	0.000000000000000000e+00
0.000000000000000000e+00	0.000000000000000000e+00	0.000000000000000000e+00	0.000000000000000000e+00	0.000000000000000000e+00
0.000000000000000000e+00	0.000000000000000000e+00	0.000000000000000000e+00	0.000000000000000000e+00	0.000000000000000000e+00
0.000000000000000000e+00	0.000000000000000000e+00	0.000000000000000000e+00	0.000000000000000000e+00	0.000000000000000000e+00
0.000000000000000000e+00	0.000000000000000000e+00	0.000000000000000000e+00	0.000000000000000000e+00	0.000000000000000000e+00
0.000000000000000000e+00	0.000000000000000000e+00	0.000000000000000000e+00	0.000000000000000000e+00	0.000000000000000000e+00
0.000000000000000000e+00	0.000000000000000000e+00	0.000000000000000000e+00	0.000000000000000000e+00	0.000000000000000000e+00
0.000000000000000000e+00	0.000000000000000000e+00	0.000000000000000000e+00	0.000000000000000000e+00	0.000000000000000000e+00
0.000000000000000000e+00	0.000000000000000000e+00	0.000000000000000000e+00	0.000000000000000000e+00	0.000000000000000000e+00
0.000000000000000000e+00	0.000000000000000000e+00	0.000000000000000000e+00	0.000000000000000000e+00	0.000000000000000000e+00
0.000000000000000000e+00	0.000000000000000000e+00	0.000000000000000000e+00	0.000000000000000000e+00	0.000000000000000000e+00
0.000000000000000000e+00	0.000000000000000000e+00	0.000000000000000000e+00	0.000000000000000000e+00	0.000000000000000000e+00
0.000000000000000000e+00	0.000000000000000000e+00	0.000000000000000000e+00	0.000000000000000000e+00	0.000000000000000000e+00
0.000000000000000000e+00	0.000000000000000000e+00	0.000000000000000000e+00	0.000000000000000000e+00	0.000000000000000000e+00
0.000000000000000000e+00	0.000000000000000000e+00	0.000000000000000000e+00	0.000000000000000000e+00	0.000000000000000000e+00
0.000000000000000000e+00	0.000000000000000000e+00	0.000000000000000000e+00	0.000000000000000000e+00	0.000000000000000000e+00
0.000000000000000000e+00	0.000000000000000000e+00	0.000000000000000000e+00	0.000000000000000000e+00	0.000000000000000000e+00
0.000000000000000000e+00	0.000000000000000000e+00	0.000000000000000000e+00	0.000000000000000000e+00	0.000000000000000000e+00
0.000000000000000000e+00	0.000000000000000000e+00	0.000000000000000000e+00	0.000000000000000000e+00	0.000000000000000000e+00
0.000000000000000000e+00	0.000000000000000000e+00	0.000000000000000000e+00	0.000000000000000000e+00	0.000000000000000000e+00
0.000000000000000000e+00	0.000000000000000000e+00	0.000000000000000000e+00	0.000000000000000000e+00	0.000000000000000000e+00
0.000000000000000000e+00	0.000000000000000000e+00	0.000000000000000000e+00	0.000000000000000000e+00	0.000000000000000000e+00
0.000000000000000000e+00	0.000000000000000000e+00	0.000000000000000000e+00	0.000000000000000000e+00	0.000000000000000000e+00
0.000000000000000000e+00	0.000000000000000000e+00	0.000000000000000000e+00	0.000000000000000000e+00	0.000000000000000000e+00
0.000000000000000000e+00	0.000000000000000000e+00	0.000000000000000000e+00	0.000000000000000000e+00	0.000000000000000000e+00
0.000000000000000000e+00	0.000000000000000000e+00	0.000000000000000000e+00	0.000000000000000000e+00	0.000000000000000000e+00
0.000000000000000000e+00	0.000000000000000000e+00	0.000000000000000000e+00	0.000000000000000000e+00	0.000000000000000000e+00
0.000000000000000000e+00	0.000000000000000000e+00	0.000000000000000000e+00	0.000000000000000000e+00	0.000000000000000000e+00
0.000000000000000000e+00	0.000000000000000000e+00	0.000000000000000000e+00	0.000000000000000000e+00	0.000000000000000000e+00
0.000000000000000000e+00	0.000000000000000000e+00	0.000000000000000000e+00	0.000000000000000000e+00	0.000000000000000000e+00
0.000000000000000000e+00	0.000000000000000000e+00	0.000000000000000000e+00	0.000000000000000000e+00	0.000000000000000000e+00
0.000000000000000000e+00	0.000000000000000000e+00	0.000000000000000000e+00	0.000000000000000000e+00	0.000000000000000000e+00
0.000000000000000000e+00	0.000000000000000000e+00	0.000000000000000000e+00	0.000000000000000000e+00	0.000000000000000000e+00
0.000000000000000000e+00	0.000000000000000000e+00	0.000000000000000000e+00	0.000000000000000000e+00	0.000000000000000000e+00
0.000000000000000000e+00	0.000000000000000000e+00	0.000000000000000000e+00	0.000000000000000000e+00	0.000000000000000000e+00
0.000000000000000000e+00	0.000000000000000000e+00	0.000000000000000000e+00	0.000000000000000000e+00	0.000000000000000000e+00
0.000000000000000000e+00	0.000000000000000000e+00	0.000000000000000000e+00	0.000000000000000000e+00	0.000000000000000000e+00
0.000000000000000000e+00	0.000000000000000000e+00	0.000000000000000000e+00	0.000000000000000000e+00	0.000000000000000000e+00
0.000000000000000000e+00	0.000000000000000000e+00	0.000000000000000000e+00	0.000000000000000000e+00	0.000000000000000000e+00
0.000000000000000000e+00	0.000000000000000000e+00	0.000000000000000000e+00	0.000000000000000000e+00	0.000000000000000000e+00
0.000000000000000000e+00	0.000000000000000000e+00	0.000000000000000000e+00	0.000000000000000000e+00	0.000000000000000000e+00
0.000000000000000000e+00	0.000000000000000000e+00	0.000000000000000000e+00	0.000000000000000000e+00	0.000000000000000000e+00
0.000000000000000000e+00	0.000000000000000000e+00	0.000000000000000000e+00	0.000000000000000000e+00	0.000000000000000000e+00
0.000000000000000000e+00	0.000000000000000000e+00	0.000000000000000000e+00	0.000000000000000000e+00	0.000000000000000000e+00
0.000000000000000000e+00	0.000000000000000000e+00	0.000000000000000000e+00	0.000000000000000000e+00	0.000000000000000000e+00
0.000000000000000000e+00	0.000000000000000000e+00	0.000000000000000000e+00	0.000000000000000000e+00	0.000000000000000000e+00
0.000000000000000000e+00	0.000000000000000000e+00	0.000000000000000000e+00	0.000000000000000000e+00	0.000000000000000000e+00
0.000000000000000000e+00	0.000000000000000000e+00	0.000000000000000000e+00	0.000000000000000000e+00	0.000000000000000000e+00
0.000000000000000000e+00	0.000000000000000000e+00	0.000000000000000000e+00	0.000000000000000000e+00	0.000000000000000000e+00
0.000000000000000000e+00	0.000000000000000000e+00	0.000000000000000000e+00	0.000000000000000000e+00	0.000000000000000000e+00
0.000000000000000000e+00	0.000000000000000000e+00	0.000000000000000000e+00	0.000000000000000000e+00	0.000000000000000000e+00
0.000000000000000000e+00	0.000000000000000000e+00	0.000000000000000000e+00	0.000000000000000000e+00	0.000000000000000000e+00
0.000000000000000000e+00	0.000000000000000000e+00	0.000000000000000000e+00	0.000000000000000000e+00	0.000000000000000000e+00
0.000000000000000000e+00	0.000000000000000000e+00	0.000000000000000000e+00	0.000000000000000000e+00	0.000000000000000000e+00
0.000000000000000000e+00	0.000000000000000000e+00	0.000000000000000000e+00	0.000000000000000000e+00	0.000000000000000000e+00
0.000000000000000000e+00	0.000000000000000000e+00	0.000000000000000000e+00	0.000000000000000000e+00	0.000000000000000000e+00
0.000000000000000000e+00	0.000000000000000000e+00	0.000000000000000000e+00	0.000000000000000000e+00	0.000000000000000000e+00
0.000000000000000000e+00	0.000000000000000000e+00	0.000000000000000000e+00	0.000000000000000000e+00	0.000000000000000000e+00
0.000000000000000000e+00	0.000000000000000000e+00	0.000000000000000000e+00	0.000000000000000000e+00	0.000000000000000000e+00
0.000000000000000000e+00	0.000000000000000000e+00	0.000000000000000000e+00	0.000000000000000000e+00	0.000000000000000000e+00
0.000000000000000000e+00	0.000000000000000000e+00	0.000000000000000000e+00	0.000000000000000000e+00	0.000000000000000000e+00
0.000000000000000000e+00	0.000000000000000000e+00	0.000000000000000000e+00	0.000000000000000000e+00	0.000000000000000000e+00
0.000000000000000000e+00	0.000000000000000000e+00	0.000000000000000000e+00	0.000000000000000000e+00	0.000000000000000000e+00
0.000000000000000000e+00	0.000000000000000000e+00	0.000000000000000000e+00	0.000000000000000000e+00	0.000000000000000000e+00
0.000000000000000000e+00	0.000000000000000000e+00	0.000000000000000000e+00	0.000000000000000000e+00	0.000000000000000000e+00
0.000000000000000000e+00	0.000000000000000000e+00	0.000000000000000000e+00	0.000000000000000000e+00	0.000000000000000000e+00
0.000000000000000000e+00	0.000000000000000000e+00	0.000000000000000000e+00	0.000000000000000000e+00	0.000000000000000000e+00
0.000000000000000000e+00	0.000000000000000000e+00	0.000000000000000000e+00	0.000000000000000000e+00	0.000000000000000000e+00
0.000000000000000000e+00	0.000000000000000000e+00	0.000000000000000000e+00	0.000000000000000000e+00	0.000000000000000000e+00
0.000000000000000000e+00	0.000000000000000000e+00	0.000000000000000000e+00	0.000000000000000000e+00	0.000000000000000000e+00
0.000000000000000000e+00	0.000000000000000000e+00	0.000000000000000000e+00	0.000000000000000000e+00	0.000000000000000000e+00
0.000000000000000000e+00	0.000000000000000000e+00	0.000000000000000000e+00	0.000000000000000000e+00	0.000000000000000000e+00
0.000000000000000000e+00	0.000000000000000000e+00	0.000000000000000000e+00	0.000000000000000000e+00	0.000000000000000000e+00
0.000000000000000000e+00	0.000000000000000000e+00	0.000000000000000000e+00	0.000000000000000000e+00	0.000000000000000000e+00
0.000000000000000000e+00	0.000000000000000000e+00	0.000000000000000000e+00	0.000000000000000000e+00	0.000000000000000000e+00
0.000000000000000000e+00	0.000000000000000000e+00	0.000000000000000000e+00	0.000000000000000000e+00	0.000000000000000000e+00
0.000000000000000000e+00	0.000000000000000000e+00	0.000000000000000000e+00	0.000000000000000000e+00	0.000000000000000000e+00
0.000000000000000000e+00	0.000000000000000000e+00	0.000000000000000000e+00	0.000000000000000000e+00	0.000000000000000000e+00
0.000000000000000000e+00	0.000000000000000000e+00	0.000000000000000000e+00	0.000000000000000000e+00	0.000000000000000000e+00
0.000000000000000000e+00	0.000000000000000000e+00	0.000000000000000000e+00	0.000000000000000000e+00	0.000000000000000000e+00
0.000000000000000000e+00	0.000000000000000000e+00	0.000000000000000000e+00	0.000000000000000000e+00	0.000000000000000000e+00
0.000000000000000000e+00	0.000000000000000000e+00	0.000000000000000000e+00	0.000000000000000000e+00	0.000000000000000000e+00
0.000000000000000000e+00	0.000000000000000000e+00	0.000000000000000000e+00	0.000000000000000000e+00	0.000000000000000000e+00
0.000000000000000000e+00	0.000000000000000000e+00	0.000000000000000000e+00	0.000000000000000000e+00	0.000000000000000000e+00
0.000000000000000000e+00	0.000000000000000000e+00	0.000000000000000000e+00	0.000000000000000000e+00	0.000000000000000000e+00
0.000000000000000000e+00	0.000000000000000000e+00	0.000000000000000000e+00	0.000000000000000000e+00	0.000000000000000000e+00
0.000000000000000000e+00	0.000000000000000000e+00	0.000000000000000000e+00	0.000000000000000000e+00	0.000000000000000000e+00
0.000000000000000000e+00	0.000000000000000000e+00	0.000000000000000000e+00	0.000000000000000000e+00	0.000000000000000000e+00
0.000000000000000000e+00	0.000000000000000000e+00	0.000000000000000000e+00	0.000000000000000000e+00	0.000000000000000000e+00
0.000000000000000000e+00	0.000000000000000000e+00	0.000000000000000000e+00	0.000000000000000000e+00	0.000000000000000000e+00
0.000000000000000000e+00	0.000000000000000000e+00	0.000000000000000000e+00	0.000000000000000000e+00	0.000000000000000000e+00
0.000000000000000000e+00	0.000000000000000000e+00	0.000000000000000000e+00	0.000000000000000000e+00	0.000000000000000000e+00
0.000000000000000000e+00	0.000000000000000000e+00	0.000000000000000000e+00	0.000000000000000000e+00	0.000000000000000000e+00
0.000000000000000000e+00	0.000000000000000000e+00	0.000000000000000000e+00	0.000000000000000000e+00	0.000000000000000000e+00
0.000000000000000000e+00	0.000000000000000000e+00	0.000000000000000000e+00	0.000000000000000000e+00	0.000000000000000000e+00
0.000000000000000000e+00	0.000000000000000000e+00	0.000000000000000000e+00	0.000000000000000000e+00	0.000000000000000000e+00
0.000000000000000000e+00	0.000000000000000000e+00	0.000000000000000000e+00	0.000000000000000000e+00	0.000000000000000000e+00
0.000000000000000000e+00	0.000000000000000000e+00	0.000000000000000000e+00	0.000000000000000000e+00	0.000000000000000000e+00
0.000000000000000000e+00	0.000000000000000000e+00	0.000000000000000000e+00	0.000000000000000000e+00	0.000000000000000000e+00
0.000000000000000000e+00	0.000000000000000000e+00	0.000000000000000000e+00	0.000000000000000000e+00	0.000000000000000000e+00
0.000000000000000000e+00	0.000000000000000000e+00	0.000000000000000000e+00	0.000000000000000000e+00	0.000000000000000000e+00
0.000000000000000000e+00	0.000000000000000000e+00	0.000000000000000000e+00	0.000000000000000000e+00	0.000000000000000000e+00
0.000000000000000000e+00	0.000000000000000000e+00	0.000000000000000000e+00	0.000000000000000000e+00	0.000000000000000000e+00
0.000000000000000000e+00	0.000000000000000000e+00	0.000000000000000000e+00	0.000000000000000000e+00	0.000000000000000000e+00
0.000000000000000000e+00	0.000000000000000000e+00	0.000000000000000000e+00	0.000000000000000000e+00	0.000000000000000000e+00
0.000000000000000000e+00	0.000000000000000000e+00	0.000000000000000000e+00	0.000000000000000000e+00	0.000000000000000000e+00
0.000000000000000000e+00	0.000000000000000000e+00	0.000000000000000000e+00	0.000000000000000000e+00	0.000000000000000000e+00
0.000000000000000000e+00	0.000000000000000000e+00	0.000000000000000000e+00	0.000000000000000000e+00	0.000000000000000000e+00
0.000000000000000000e+00	0.000000000000000000e+00	0.000000000000000000e+00	0.000000000000000000e+00	0.000000000000000000e+00
0.000000000000000000e+00	0.000000000000000000e+00	0.000000000000000000e+00	0.000000000000000000e+00	0.000000000000000000e+00
0.000000000000000000e+00	0.000000000000000000e+00	0.000000000000000000e+00	0.000000000000000000e+00	0.000000000000000000e+00
0.000000000000000000e+00	0.000000000000000000e+00	0.000000000000000000e+00	0.000000000000000000e+00	0.000000000000000000e+00
0.000000000000000000e+00	0.000000000000000000e+00	0.000000000000000000e+00	0.000000000000000000e+00	0.000000000000000000e+00
0.000000000000000000e+00	0.000000000000000000e+00	0.000000000000000000e+00	0.000000000000000000e+00	0.000000000000000000e+00
0.000000000000000000e+00	0.000000000000000000e+00	0.000000000000000000e+00	0.000000000000000000e+00	0.000000000000000000e+00
0.000000000000000000e+00	0.000000000000000000e+00	0.000000000000000000e+00	0.000000000000000000e+00	0.000000000000000000e+00
0.000000000000000000e+00	0.000000000000000000e+00	0.000000000000000000e+00	0.000000000000000000e+00	0.000000000000000000e+00
0.000000000000000000e+00	0.000000000000000000e+00	0.000000000000000000e+00	0.000000000000000000e+00	0.000000000000000000e+00
0.000000000000000000e+00	0.000000000000000000e+00	0.000000000000000000e+00	0.000000000000000000e+00	0.000000000000000000e+00
0.000000000000000000e+00	0.000000000000000000e+00	0.000000000000000000e+00	0.000000000000000000e+00	0.000000000000000000e+00
0.000000000000000000e+00	0.000000000000000000e+00	0.000000000000000000e+00	0.000000000000000000e+00	0.000000000000000000e+00
0.000000000000000000e+00	0.000000000000000000e+00	0.000000000000000000e+00	0.000000000000000000e+00	0.000000000000000000e+00
0.000000000000000000e+00	0.000000000000000000e+00	0.000000000000000000e+00	0.000000000000000000e+00	0.000000000000000000e+00
0.000000000000000000e+00	0.000000000000000000e+00	0.000000000000000000e+00	0.000000000000000000e+00	0.000000000000000000e+00
0.000000000000000000e+00	0.000000000000000000e+00	0.000000000000000000e+00	0.000000000000000000e+00	0.000000000000000000e+00
0.000000000000000000e+00	0.000000000000000000e+00	0.000000000000000000e+00	0.000000000000000000e+00	0.000000000000000000e+00
0.000000000000000000e+00	0.000000000000000000e+00	0.000000000000000000e+00	0.000000000000000000e+00	0.000000000000000000e+00
0.000000000000000000e+00	0.000000000000000000e+00	0.000000000000000000e+00	0.000000000000000000e+00	0.000000000000000000e+00
0.000000000000000000e+00	0.000000000000000000e+00	0.000000000000000000e+00	0.000000000000000000e+00	0.000000000000000000e+00
0.000000000000000000e+00	0.000000000000000000e+00	0.000000000000000000e+00	0.000000000000000000e+00	0.000000000000000000e+00
0.000000000000000000e+00	0.000000000000000000e+00	0.000000000000000000e+00	0.000000000000000000e+00	0.000000000000000000e+00
0.000000000000000000e+00	0.000000000000000000e+00	0.000000000000000000e+00	0.000000000000000000e+00	0.000000000000000000e+00
0.000000000000000000e+00	0.000000000000000000e+00	0.000000000000000000e+00	0.000000000000000000e+00	0.000000000000000000e+00
0.000000000000000000e+00	0.000000000000000000e+00	0.000000000000000000e+00	0.000000000000000000e+00	0.000000000000000000e+00
0.000000000000000000e+00	0.000000000000000000e+00	0.000000000000000000e+00	0.000000000000000000e+00	0.000000000000000000e+00
0.000000000000000000e+00	0.000000000000000000e+00	0.000000000000000000e+00	0.000000000000000000e+00	0.000000000000000000e+00
0.000000000000000000e+00	0.000000000000000000e+00	0.000000000000000000e+00	0.000000000000000000e+00	0.000000000000000000e+00
0.000000000000000000e+00	0.000000000000000000e+00	0.000000000000000000e+00	0.000000000000000000e+00	0.000000000000000000e+00
0.000000000000000000e+00	0.000000000000000000e+00	0.000000000000000000e+00	0.000000000000000000e+00	0.000000000000000000e+00
0.000000000000000000e+00	0.000000000000000000e+00	0.000000000000000000e+00	0.000000000000000000e+00	0.000000000000000000e+00
0.000000000000000000e+00	0.000000000000000000e+00	0.000000000000000000e+00	0.000000000000000000e+00	0.000000000000000000e+00
0.000000000000000000e+00	0.000000000000000000e+00	0.000000000000000000e+00	0.000000000000000000e+00	0.000000000000000000e+00
0.000000000000000000e+00	0.000000000000000000e+00	0.000000000000000000e+00	0.000000000000000000e+00	0.000000000000000000e+00
0.000000000000000000e+00	0.000000000000000000e+00	0.000000000000000000e+00	0.000000000000000000e+00	0.000000000000000000e+00
0.000000000000000000e+00	0.000000000000000000e+00	0.000000000000000000e+00	0.000000000000000000e+00	0.000000000000000000e+00
0.000000000000000000e+00	0.000000000000000000e+00	0.000000000000000000e+00	0.000000000000000000e+00	0.000000000000000000e+00
0.000000000000000000e+00	0.000000000000000000e+00	0.000000000000000000e+00	0.000000000000000000e+00	0.000000000000000000e+00
0.000000000000000000e+00	0.000000000000000000e+00	0.000000000000000000e+00	0.000000000000000000e+00	0.000000000000000000e+00
0.000000000000000000e+00	0.000000000000000000e+00	0.000000000000000000e+00	0.000000000000000000e+00	0.000000000000000000e+00
0.000000000000000000e+00	0.000000000000000000e+00	0.000000000000000000e+00	0.000000000000000000e+00	0.000000000000000000e+00
0.000000000000000000e+00	0.000000000000000000e+00	0.000000000000000000e+00	0.000000000000000000e+00	0.000000000000000000e+00
0.000000000000000000e+00	0.000000000000000000e+00	0.000000000000000000e+00	0.000000000000000000e+00	0.000000000000000000e+00
0.000000000000000000e+00	0.000000000000000000e+00	0.000000000000000000e+00	0.000000000000000000e+00	0.000000000000000000e+00
0.000000000000000000e+00	0.000000000000000000e+00	0.000000000000000000e+00	0.000000000000000000e+00	0.000000000000000000e+00
0.000000000000000000e+00	0.000000000000000000e+00	0.000000000000000000e+00	0.000000000000000000e+00	0.000000000000000000e+00
0.000000000000000000e+00	0.000000000000000000e+00	0.000000000000000000e+00	0.000000000000000000e+00	0.000000000000000000e+00
0.000000000000000000e+00	0.000000000000000000e+00	0.000000000000000000e+00	0.000000000000000000e+00	0.000000000000000000e+00
0.000000000000000000e+00	0.000000000000000000e+00	0.000000000000000000e+00	0.000000000000000000e+00	0.000000000000000000e+00
0.000000000000000000e+00	0.000000000000000000e+00	0.000000000000000000e+00	0.000000000000000000e+00	0.000000000000000000e+00
0.000000000000000000e+00	0.000000000000000000e+00	0.000000000000000000e+00	0.000000000000000000e+00	0.000000000000000000e+00
0.000000000000000000e+00	0.000000000000000000e+00	0.000000000000000000e+00	0.000000000000000000e+00	0.000000000000000000e+00
0.000000000000000000e+00	0.000000000000000000e+00	0.000000000000000000e+00	0.000000000000000000e+00	0.000000000000000000e+00
0.000000000000000000e+00	0.000000000000000000e+00	0.000000000000000000e+00	0.000000000000000000e+00	0.000000000000000000e+00
0.000000000000000000e+00	0.000000000000000000e+00	0.000000000000000000e+00	0.000000000000000000e+00	0.000000000000000000e+00
0.000000000000000000e+00	0.000000000000000000e+00	0.000000000000000000e+00	0.000000000000000000e+00	0.000000000000000000e+00
0.000000000000000000e+00	0.000000000000000000e+00	0.000000000000000000e+00	0.000000000000000000e+00	0.000000000000000000e+00
0.000000000000000000e+00	0.000000000000000000e+00	0.000000000000000000e+00	0.000000000000000000e+00	0.000000000000000000e+00
0.000000000000000000e+00	0.000000000000000000e+00	0.000000000000000000e+00	0.000000000000000000e+00	0.000000000000000000e+00
0.000000000000000000e+00	0.000000000000000000e+00	0.000000000000000000e+00	0.000000000000000000e+00	0.000000000000000000e+00
0.000000000000000000e+00	0.000000000000000000e+00	0.000000000000000000e+00	0.000000000000000000e+00	0.000000000000000000e+00
0.000000000000000000e+00	0.000000000000000000e+00	0.000000000000000000e+00	0.000000000000000000e+00	0.000000000000000000e+00
0.000000000000000000e+00	0.000000000000000000e+00	0.000000000000000000e+00	0.000000000000000000e+00	0.000000000000000000e+00
0.000000000000000000e+00	0.000000000000000000e+00	0.000000000000000000e+00	0.000000000000000000e+00	0.000000000000000000e+00
0.000000000000000000e+00	0.000000000000000000e+00	0.000000000000000000e+00	0.000000000000000000e+00	0.000000000000000000e+00
0.000000000000000000e+00	0.000000000000000000e+00	0.000000000000000000e+00	0.000000000000000000e+00	0.000000000000000000e+00
0.000000000000000000e+00	0.000000000000000000e+00	0.000000000000000000e+00	0.000000000000000000e+00	0.000000000000000000e+00
0.000000000000000000e+00	0.000000000000000000e+00	0.000000000000000000e+00	0.000000000000000000e+00	0.000000000000000000e+00
0.000000000000000000e+00	0.000000000000000000e+00	0.000000000000000000e+00	0.000000000000000000e+00	0.000000000000000000e+00
0.000000000000000000e+00	0.000000000000000000e+00	0.000000000000000000e+00	0.000000000000000000e+00	0.000000000000000000e+00
0.000000000000000000e+00	0.000000000000000000e+00	0.000000000000000000e+00	0.000000000000000000e+00	0.000000000000000000e+00
0.000000000000000000e+00	0.000000000000000000e+00	0.000000000000000000e+00	0.000000000000000000e+00	0.000000000000000000e+00
0.000000000000000000e+00	0.000000000000000000e+00	0.000000000000000000e+00	0.000000000000000000e+00	0.000000000000000000e+00
0.000000000000000000e+00	0.000000000000000000e+00	0.000000000000000000e+00	0.000000000000000000e+00	0.000000000000000000e+00
0.000000000000000000e+00	0.000000000000000000e+00	0.000000000000000000e+00	0.000000000000000000e+00	0.000000000000000000e+00
0.000000000000000000e+00	0.000000000000000000e+00	0.000000000000000000e+00	0.000000000000000000e+00	0.000000000000000000e+00
0.000000000000000000e+00	0.000000000000000000e+00	0.000000000000000000e+00	0.000000000000000000e+00	0.000000000000000000e+00
0.000000000000000000e+00	0.000000000000000000e+00	0.000000000000000000e+00	0.000000000000000000e+00	0.000000000000000000e+00
0.000000000000000000e+00	0.000000000000000000e+00	0.000000000000000000e+00	0.000000000000000000e+00	0.000000000000000000e+00
0.000000000000000000e+00	0.000000000000000000e+00	0.000000000000000000e+00	0.000000000000000000e+00	0.000000000000000000e+00
0.000000000000000000e+00	0.000000000000000000e+00	0.000000000000000000e+00	0.000000000000000000e+00	0.000000000000000000e+00
0.000000000000000000e+00	0.000000000000000000e+00	0.000000000000000000e+00	0.000000000000000000e+00	0.000000000000000000e+00
0.000000000000000000e+00	0.000000000000000000e+00	0.000000000000000000e+00	0.000000000000000000e+00	0.000000000000000000e+00
0.000000000000000000e+00	0.000000000000000000e+00	0.000000000000000000e+00	0.000000000000000000e+00	0.000000000000000000e+00
0.000000000000000000e+00	0.000000000000000000e+00	0.000000000000000000e+00	0.000000000000000000e+00	0.000000000000000000e+00
0.000000000000000000e+00	0.000000000000000000e+00	0.000000000000000000e+00	0.000000000000000000e+00	0.000000000000000000e+00
0.000000000000000000e+00	0.000000000000000000e+00	0.000000000000000000e+00	0.000000000000000000e+00	0.000000000000000000e+00
0.000000000000000000e+00	0.000000000000000000e+00	0.000000000000000000e+00	0.000000000000000000e+00	0.000000000000000000e+00
0.000000000000000000e+00	0.000000000000000000e+00	0.000000000000000000e+00	0.000000000000000000e+00	0.000000000000000000e+00
0.000000000000000000e+00	0.000000000000000000e+00	0.000000000000000000e+00	0.000000000000000000e+00	0.000000000000000000e+00
0.000000000000000000e+00	0.000000000000000000e+00	0.000000000000000000e+00	0.000000000000000000e+00	0.000000000000000000e+00
0.000000000000000000e+00	0.000000000000000000e+00	0.000000000000000000e+00	0.000000000000000000e+00	0.000000000000000000e+00
0.000000000000000000e+00	0.000000000000000000e+00	0.000000000000000000e+00	0.000000000000000000e+00	0.000000000000000000e+00
0.000000000000000000e+00	0.000000000000000000e+00	0.000000000000000000e+00	0.000000000000000000e+00	0.000000000000000000e+00
0.000000000000000000e+00	0.000000000000000000e+00	0.000000000000000000e+00	0.000000000000000000e+00	0.000000000000000000e+00
0.000000000000000000e+00	0.000000000000000000e+00	0.000000000000000000e+00	0.000000000000000000e+00	0.000000000000000000e+00
0.000000000000000000e+00	0.000000000000000000e+00	0.000000000000000000e+00	0.000000000000000000e+00	0.000000000000000000e+00
0.000000000000000000e+00	0.000000000000000000e+00	0.000000000000000000e+00	0.000000000000000000e+00	0.000000000000000000e+00
0.000000000000000000e+00	0.000000000000000000e+00	0.000000000000000000e+00	0.000000000000000000e+00	0.000000000000000000e+00
0.000000000000000000e+00	0.000000000000000000e+00	0.000000000000000000e+00	0.000000000000000000e+00	0.000000000000000000e+00
0.000000000000000000e+00	0.000000000000000000e+00	0.000000000000000000e+00	0.000000000000000000e+00	0.000000000000000000e+00
0.000000000000000000e+00	0.000000000000000000e+00	0.000000000000000000e+00	0.000000000000000000e+00	0.000000000000000000e+00
0.000000000000000000e+00	0.000000000000000000e+00	0.000000000000000000e+00	0.000000000000000000e+00	0.000000000000000000e+00
0.000000000000000000e+00	0.000000000000000000e+00	0.000000000000000000e+00	0.000000000000000000e+00	0.000000000000000000e+00
0.000000000000000000e+00	0.000000000000000000e+00	0.000000000000000000e+00	0.000000000000000000e+00	0.000000000000000000e+00
0.000000000000000000e+00	0.000000000000000000e+00	0.000000000000000000e+00	0.000000000000000000e+00	0.000000000000000000e+00
0.000000000000000000e+00	0.000000000000000000e+00	0.000000000000000000e+00	0.000000000000000000e+00	0.000000000000000000e+00
0.000000000000000000e+00	0.000000000000000000e+00	0.000000000000000000e+00	0.000000000000000000e+00	0.000000000000000000e+00
0.000000000000000000e+00	0.000000000000000000e+00	0.000000000000000000e+00	0.000000000000000000e+00	0.000000000000000000e+00
0.000000000000000000e+00	0.000000000000000000e+00	0.000000000000000000e+00	0.000000000000000000e+00	0.000000000000000000e+00
0.000000000000000000e+00	0.000000000000000000e+00	0.000000000000000000e+00	0.000000000000000000e+00	0.000000000000000000e+00
0.000000000000000000e+00	0.000000000000000000e+00	0.000000000000000000e+00	0.000000000000000000e+00	0.000000000000000000e+00
0.000000000000000000e+00	0.000000000000000000e+00	0.000000000000000000e+00	0.000000000000000000e+00	0.000000000000000000e+00
0.000000000000000000e+00	0.000000000000000000e+00	0.000000000000000000e+00	0.000000000000000000e+00	0.000000000000000000e+00
0.000000000000000000e+00	0.000000000000000000e+00	0.000000000000000000e+00	0.000000000000000000e+00	0.000000000000000000e+00
0.000000000000000000e+00	0.000000000000000000e+00	0.000000000000000000e+00	0.000000000000000000e+00	0.000000000000000000e+00
0.000000000000000000e+00	0.000000000000000000e+00	0.000000000000000000e+00	0.000000000000000000e+00	0.000000000000000000e+00
0.000000000000000000e+00	0.000000000000000000e+00	0.000000000000000000e+00	0.000000000000000000e+00	0.000000000000000000e+00
0.000000000000000000e+00	0.000000000000000000e+00	0.000000000000000000e+00	0.000000000000000000e+00	0.000000000000000000e+00
0.000000000000000000e+00	0.000000000000000000e+00	0.000000000000000000e+00	0.000000000000000000e+00	0.000000000000000000e+00
0.000000000000000000e+00	0.000000000000000000e+00	0.000000000000000000e+00	0.000000000000000000e+00	0.000000000000000000e+00
0.000000000000000000e+00	0.000000000000000000e+00	0.000000000000000000e+00	0.000000000000000000e+00	0.000000000000000000e+00
0.000000000000000000e+00	0.000000000000000000e+00	0.000000000000000000e+00	0.000000000000000000e+00	0.000000000000000000e+00
0.000000000000000000e+00	0.000000000000000000e+00	0.000000000000000000e+00	0.000000000000000000e+00	0.000000000000000000e+00
0.000000000000000000e+00	0.000000000000000000e+00	0.000000000000000000e+00	0.000000000000000000e+00	0.000000000000000000e+00
0.000000000000000000e+00	0.000000000000000000e+00	0.000000000000000000e+00	0.000000000000000000e+00	0.000000000000000000e+00
0.000000000000000000e+00	0.000000000000000000e+00	0.000000000000000000e+00	0.000000000000000000e+00	0.000000000000000000e+00
0.000000000000000000e+00	0.000000000000000000e+00	0.000000000000000000e+00	0.000000000000000000e+00	0.000000000000000000e+00
0.000000000000000000e+00	0.000000000000000000e+00	0.000000000000000000e+00	0.000000000000000000e+00	0.000000000000000000e+00
0.000000000000000000e+00	0.000000000000000000e+00	0.000000000000000000e+00	0.000000000000000000e+00	0.000000000000000000e+00
0.000000000000000000e+00	0.000000000000000000e+00	0.000000000000000000e+00	0.000000000000000000e+00	0.000000000000000000e+00
0.000000000000000000e+00	0.000000000000000000e+00	0.000000000000000000e+00	0.000000000000000000e+00	0.000000000000000000e+00
0.000000000000000000e+00	0.000000000000000000e+00	0.000000000000000000e+00	0.000000000000000000e+00	0.000000000000000000e+00
0.000000000000000000e+00	0.000000000000000000e+00	0.000000000000000000e+00	0.000000000000000000e+00	0.000000000000000000e+00
0.000000000000000000e+00	0.000000000000000000e+00	0.000000000000000000e+00	0.000000000000000000e+00	0.000000000000000000e+00
0.000000000000000000e+00	0.000000000000000000e+00	0.000000000000000000e+00	0.000000000000000000e+00	0.000000000000000000e+00
0.000000000000000000e+00	0.000000000000000000e+00	0.000000000000000000e+00	0.000000000000000000e+00	0.000000000000000000e+00
0.000000000000000000e+00	0.000000000000000000e+00	0.000000000000000000e+00	0.000000000000000000e+00	0.000000000000000000e+00
0.000000000000000000e+00	0.000000000000000000e+00	0.000000000000000000e+00	0.000000000000000000e+00	0.000000000000000000e+00
0.000000000000000000e+00	0.000000000000000000e+00	0.000000000000000000e+00	0.000000000000000000e+00	0.000000000000000000e+00
0.000000000000000000e+00	0.000000000000000000e+00	0.000000000000000000e+00	0.000000000000000000e+00	0.000000000000000000e+00
0.000000000000000000e+00	0.000000000000000000e+00	0.000000000000000000e+00	0.000000000000000000e+00	0.000000000000000000e+00
0.000000000000000000e+00	0.000000000000000000e+00	0.000000000000000000e+00	0.000000000000000000e+00	0.000000000000000000e+00
0.000000000000000000e+00	0.000000000000000000e+00	0.000000000000000000e+00	0.000000000000000000e+00	0.000000000000000000e+00
0.000000000000000000e+00	0.000000000000000000e+00	0.000000000000000000e+00	0.000000000000000000e+00	0.000000000000000000e+00
0.000000000000000000e+00	0.000000000000000000e+00	0.000000000000000000e+00	0.000000000000000000e+00	0.000000000000000000e+00
0.000000000000000000e+00	0.000000000000000000e+00	0.000000000000000000e+00	0.000000000000000000e+00	0.000000000000000000e+00
0.000000000000000000e+00	0.000000000000000000e+00	0.000000000000000000e+00	0.000000000000000000e+00	0.000000000000000000e+00
0.000000000000000000e+00	0.000000000000000000e+00	0.000000000000000000e+00	0.000000000000000000e+00	0.000000000000000000e+00
0.000000000000000000e+00	0.000000000000000000e+00	0.000000000000000000e+00	0.000000000000000000e+00	0.000000000000000000e+00
0.000000000000000000e+00	0.000000000000000000e+00	0.000000000000000000e+00	0.000000000000000000e+00	0.000000000000000000e+00
0.000000000000000000e+00	0.000000000000000000e+00	0.000000000000000000e+00	0.000000000000000000e+00	0.000000000000000000e+00
0.000000000000000000e+00	0.000000000000000000e+00	0.000000000000000000e+00	0.000000000000000000e+00	0.000000000000000000e+00
0.000000000000000000e+00	0.000000000000000000e+00	0.000000000000000000e+00	0.000000000000000000e+00	0.000000000000000000e+00
0.000000000000000000e+00	0.000000000000000000e+00	0.000000000000000000e+00	0.000000000000000000e+00	0.000000000000000000e+00
0.000000000000000000e+00	0.000000000000000000e+00	0.000000000000000000e+00	0.000000000000000000e+00	0.000000000000000000e+00
0.000000000000000000e+00	0.000000000000000000e+00	0.000000000000000000e+00	0.000000000000000000e+00	0.000000000000000000e+00
0.000000000000000000e+00	0.000000000000000000e+00	0.000000000000000000e+00	0.000000000000000000e+00	0.000000000000000000e+00
0.000000000000000000e+00	0.000000000000000000e+00	0.000000000000000000e+00	0.000000000000000000e+00	0.000000000000000000e+00
0.000000000000000000e+00	0.000000000000000000e+00	0.000000000000000000e+00	0.000000000000000000e+00	0.000000000000000000e+00
0.000000000000000000e+00	0.000000000000000000e+00	0.000000000000000000e+00	0.000000000000000000e+00	0.000000000000000000e+00
0.000000000000000000e+00	0.000000000000000000e+00	0.000000000000000000e+00	0.000000000000000000e+00	0.000000000000000000e+00
0.000000000000000000e+00	0.000000000000000000e+00	0.000000000000000000e+00	0.000000000000000000e+00	0.000000000000000000e+00
0.000000000000000000e+00	0.000000000000000000e+00	0.000000000000000000e+00	0.000000000000000000e+00	0.000000000000000000e+00
0.000000000000000000e+00	0.000000000000000000e+00	0.000000000000000000e+00	0.000000000000000000e+00	0.000000000000000000e+00
0.000000000000000000e+00	0.000000000000000000e+00	0.000000000000000000e+00	0.000000000000000000e+00	0.000000000000000000e+00
0.000000000000000000e+00	0.000000000000000000e+00	0.000000000000000000e+00	0.000000000000000000e+00	0.000000000000000000e+00
0.000000000000000000e+00	0.000000000000000000e+00	0.000000000000000000e+00	0.000000000000000000e+00	0.000000000000000000e+00
0.000000000000000000e+00	0.000000000000000000e+00	0.000000000000000000e+00	0.000000000000000000e+00	0.000000000000000000e+00
0.000000000000000000e+00	0.000000000000000000e+00	0.000000000000000000e+00	0.000000000000000000e+00	0.000000000000000000e+00
0.000000000000000000e+00	0.000000000000000000e+00	0.000000000000000000e+00	0.000000000000000000e+00	0.000000000000000000e+00
0.000000000000000000e+00	0.000000000000000000e+00	0.000000000000000000e+00	0.000000000000000000e+00	0.000000000000000000e+00
0.000000000000000000e+00	0.000000000000000000e+00	0.000000000000000000e+00	0.000000000000000000e+00	0.000000000000000000e+00
0.000000000000000000e+00	0.000000000000000000e+00	0.000000000000000000e+00	0.000000000000000000e+00	0.000000000000000000e+00
0.000000000000000000e+00	0.000000000000000000e+00	0.000000000000000000e+00	0.000000000000000000e+00	0.000000000000000000e+00
0.000000000000000000e+00	0.000000000000000000e+00	0.000000000000000000e+00	0.000000000000000000e+00	0.000000000000000000e+00
0.000000000000000000e+00	0.000000000000000000e+00	0.000000000000000000e+00	0.000000000000000000e+00	0.000000000000000000e+00
0.000000000000000000e+00	0.000000000000000000e+00	0.000000000000000000e+00	0.000000000000000000e+00	0.000000000000000000e+00
0.000000000000000000e+00	0.000000000000000000e+00	0.000000000000000000e+00	0.000000000000000000e+00	0.000000000000000000e+00
0.000000000000000000e+00	0.000000000000000000e+00	0.000000000000000000e+00	0.000000000000000000e+00	0.000000000000000000e+00
0.000000000000000000e+00	0.000000000000000000e+00	0.000000000000000000e+00	0.000000000000000000e+00	0.000000000000000000e+00
0.000000000000000000e+00	0.000000000000000000e+00	0.000000000000000000e+00	0.000000000000000000e+00	0.000000000000000000e+00
0.000000000000000000e+00	0.000000000000000000e+00	0.000000000000000000e+00	0.000000000000000000e+00	0.000000000000000000e+00
0.000000000000000000e+00	0.000000000000000000e+00	0.000000000000000000e+00	0.000000000000000000e+00	0.000000000000000000e+00
0.000000000000000000e+00	0.000000000000000000e+00	0.000000000000000000e+00	0.000000000000000000e+00	0.000000000000000000e+00
0.000000000000000000e+00	0.000000000000000000e+00	0.000000000000000000e+00	0.000000000000000000e+00	0.000000000000000000e+00
0.000000000000000000e+00	0.000000000000000000e+00	0.000000000000000000e+00	0.000000000000000000e+00	0.000000000000000000e+00
0.000000000000000000e+00	0.000000000000000000e+00	0.000000000000000000e+00	0.000000000000000000e+00	0.000000000000000000e+00
0.000000000000000000e+00	0.000000000000000000e+00	0.000000000000000000e+00	0.000000000000000000e+00	0.000000000000000000e+00
0.000000000000000000e+00	0.000000000000000000e+00	0.000000000000000000e+00	0.000000000000000000e+00	0.000000000000000000e+00
0.000000000000000000e+00	0.000000000000000000e+00	0.000000000000000000e+00	0.000000000000000000e+00	0.000000000000000000e+00
0.000000000000000000e+00	0.000000000000000000e+00	0.000000000000000000e+00	0.000000000000000000e+00	0.000000000000000000e+00
0.000000000000000000e+00	0.000000000000000000e+00	0.000000000000000000e+00	0.000000000000000000e+00	0.000000000000000000e+00
0.000000000000000000e+00	0.000000000000000000e+00	0.000000000000000000e+00	0.000000000000000000e+00	0.000000000000000000e+00
0.000000000000000000e+00	0.000000000000000000e+00	0.000000000000000000e+00	0.000000000000000000e+00	0.000000000000000000e+00
0.000000000000000000e+00	0.000000000000000000e+00	0.000000000000000000e+00	0.000000000000000000e+00	0.000000000000000000e+00
0.000000000000000000e+00	0.000000000000000000e+00	0.000000000000000000e+00	0.000000000000000000e+00	0.000000000000000000e+00
0.000000000000000000e+00	0.000000000000000000e+00	0.000000000000000000e+00	0.000000000000000000e+00	0.000000000000000000e+00
0.000000000000000000e+00	0.000000000000000000e+00	0.000000000000000000e+00	0.000000000000000000e+00	0.000000000000000000e+00
0.000000000000000000e+00	0.000000000000000000e+00	0.000000000000000000e+00	0.000000000000000000e+00	0.000000000000000000e+00
0.000000000000000000e+00	0.000000000000000000e+00	0.000000000000000000e+00	0.000000000000000000e+00	0.000000000000000000e+00
0.000000000000000000e+00	0.000000000000000000e+00	0.000000000000000000e+00	0.000000000000000000e+00	0.000000000000000000e+00
0.000000000000000000e+00	0.000000000000000000e+00	0.000000000000000000e+00	0.000000000000000000e+00	0.000000000000000000e+00
0.000000000000000000e+00	0.000000000000000000e+00	0.000000000000000000e+00	0.000000000000000000e+00	0.000000000000000000e+00
0.000000000000000000e+00	0.000000000000000000e+00	0.000000000000000000e+00	0.000000000000000000e+00	0.000000000000000000e+00
0.000000000000000000e+00	0.000000000000000000e+00	0.000000000000000000e+00	0.000000000000000000e+00	0.000000000000000000e+00
0.000000000000000000e+00	0.000000000000000000e+00	0.000000000000000000e+00	0.000000000000000000e+00	0.000000000000000000e+00
0.000000000000000000e+00	0.000000000000000000e+00	0.000000000000000000e+00	0.000000000000000000e+00	0.000000000000000000e+00
0.000000000000000000e+00	0.000000000000000000e+00	0.000000000000000000e+00	0.000000000000000000e+00	0.000000000000000000e+00
0.000000000000000000e+00	0.000000000000000000e+00	0.000000000000000000e+00	0.000000000000000000e+00	0.000000000000000000e+00
0.000000000000000000e+00	0.000000000000000000e+00	0.000000000000000000e+00	0.000000000000000000e+00	0.000000000000000000e+00
0.000000000000000000e+00	0.000000000000000000e+00	0.000000000000000000e+00	0.000000000000000000e+00	0.000000000000000000e+00
0.000000000000000000e+00	0.000000000000000000e+00	0.000000000000000000e+00	0.000000000000000000e+00	0.000000000000000000e+00
0.000000000000000000e+00	0.000000000000000000e+00	0.000000000000000000e+00	0.000000000000000000e+00	0.000000000000000000e+00
0.000000000000000000e+00	0.000000000000000000e+00	0.000000000000000000e+00	0.000000000000000000e+00	0.000000000000000000e+00
0.000000000000000000e+00	0.000000000000000000e+00	0.000000000000000000e+00	0.000000000000000000e+00	0.000000000000000000e+00
0.000000000000000000e+00	0.000000000000000000e+00	0.000000000000000000e+00	0.000000000000000000e+00	0.000000000000000000e+00
0.000000000000000000e+00	0.000000000000000000e+00	0.000000000000000000e+00	0.000000000000000000e+00	0.000000000000000000e+00
0.000000000000000000e+00	0.000000000000000000e+00	0.000000000000000000e+00	0.000000000000000000e+00	0.000000000000000000e+00
0.000000000000000000e+00	0.000000000000000000e+00	0.000000000000000000e+00	0.000000000000000000e+00	0.000000000000000000e+00
0.000000000000000000e+00	0.000000000000000000e+00	0.000000000000000000e+00	0.000000000000000000e+00	0.000000000000000000e+00
0.000000000000000000e+00	0.000000000000000000e+00	0.000000000000000000e+00	0.000000000000000000e+00	0.000000000000000000e+00
0.000000000000000000e+00	0.000000000000000000e+00	0.000000000000000000e+00	0.000000000000000000e+00	0.000000000000000000e+00
0.000000000000000000e+00	0.000000000000000000e+00	0.000000000000000000e+00	0.000000000000000000e+00	0.000000000000000000e+00
0.000000000000000000e+00	0.000000000000000000e+00	0.000000000000000000e+00	0.000000000000000000e+00	0.000000000000000000e+00
0.000000000000000000e+00	0.000000000000000000e+00	0.000000000000000000e+00	0.000000000000000000e+00	0.000000000000000000e+00
0.000000000000000000e+00	0.000000000000000000e+00	0.000000000000000000e+00	0.000000000000000000e+00	0.000000000000000000e+00
0.000000000000000000e+00	0.000000000000000000e+00	0.000000000000000000e+00	0.000000000000000000e+00	0.000000000000000000e+00
0.000000000000000000e+00	0.000000000000000000e+00	0.000000000000000000e+00	0.000000000000000000e+00	0.000000000000000000e+00
0.000000000000000000e+00	0.000000000000000000e+00	0.000000000000000000e+00	0.000000000000000000e+00	0.000000000000000000e+00
0.000000000000000000e+00	0.000000000000000000e+00	0.000000000000000000e+00	0.000000000000000000e+00	0.000000000000000000e+00
0.000000000000000000e+00	0.000000000000000000e+00	0.000000000000000000e+00	0.000000000000000000e+00	0.000000000000000000e+00
0.000000000000000000e+00	0.000000000000000000e+00	0.000000000000000000e+00	0.000000000000000000e+00	0.000000000000000000e+00
0.000000000000000000e+00	0.000000000000000000e+00	0.000000000000000000e+00	0.000000000000000000e+00	0.000000000000000000e+00
0.000000000000000000e+00	0.000000000000000000e+00	0.000000000000000000e+00	0.000000000000000000e+00	0.000000000000000000e+00
0.000000000000000000e+00	0.000000000000000000e+00	0.000000000000000000e+00	0.000000000000000000e+00	0.000000000000000000e+00
0.000000000000000000e+00	0.000000000000000000e+00	0.000000000000000000e+00	0.000000000000000000e+00	0.000000000000000000e+00
0.000000000000000000e+00	0.000000000000000000e+00	0.000000000000000000e+00	0.000000000000000000e+00	0.000000000000000000e+00
0.000000000000000000e+00	0.000000000000000000e+00	0.000000000000000000e+00	0.000000000000000000e+00	0.000000000000000000e+00
0.000000000000000000e+00	0.000000000000000000e+00	0.000000000000000000e+00	0.000000000000000000e+00	0.000000000000000000e+00
0.000000000000000000e+00	0.000000000000000000e+00	0.000000000000000000e+00	0.000000000000000000e+00	0.000000000000000000e+00
0.000000000000000000e+00	0.000000000000000000e+00	0.000000000000000000e+00	0.000000000000000000e+00	0.000000000000000000e+00
0.000000000000000000e+00	0.000000000000000000e+00	0.000000000000000000e+00	0.000000000000000000e+00	0.000000000000000000e+00
0.000000000000000000e+00	0.000000000000000000e+00	0.000000000000000000e+00	0.000000000000000000e+00	0.000000000000000000e+00
0.000000000000000000e+00	0.000000000000000000e+00	0.000000000000000000e+00	0.000000000000000000e+00	0.000000000000000000e+00
0.000000000000000000e+00	0.000000000000000000e+00	0.000000000000000000e+00	0.000000000000000000e+00	0.000000000000000000e+00
0.000000000000000000e+00	0.000000000000000000e+00	0.000000000000000000e+00	0.000000000000000000e+00	0.000000000000000000e+00
0.000000000000000000e+00	0.000000000000000000e+00	0.000000000000000000e+00	0.000000000000000000e+00	0.000000000000000000e+00
0.000000000000000000e+00	0.000000000000000000e+00	0.000000000000000000e+00	0.000000000000000000e+00	0.000000000000000000e+00
0.000000000000000000e+00	0.000000000000000000e+00	0.000000000000000000e+00	0.000000000000000000e+00	0.000000000000000000e+00
0.000000000000000000e+00	0.000000000000000000e+00	0.000000000000000000e+00	0.000000000000000000e+00	0.000000000000000000e+00
0.000000000000000000e+00	0.000000000000000000e+00	0.000000000000000000e+00	0.000000000000000000e+00	0.000000000000000000e+00
0.000000000000000000e+00	0.000000000000000000e+00	0.000000000000000000e+00	0.000000000000000000e+00	0.000000000000000000e+00
0.000000000000000000e+00	0.000000000000000000e+00	0.000000000000000000e+00	0.000000000000000000e+00	0.000000000000000000e+00
0.000000000000000000e+00	0.000000000000000000e+00	0.000000000000000000e+00	0.000000000000000000e+00	0.000000000000000000e+00
0.000000000000000000e+00	0.000000000000000000e+00	0.000000000000000000e+00	0.000000000000000000e+00	0.000000000000000000e+00
0.000000000000000000e+00	0.000000000000000000e+00	0.000000000000000000e+00	0.000000000000000000e+00	0.000000000000000000e+00
0.000000000000000000e+00	0.000000000000000000e+00	0.000000000000000000e+00	0.000000000000000000e+00	0.000000000000000000e+00
0.000000000000000000e+00	0.000000000000000000e+00	0.000000000000000000e+00	0.000000000000000000e+00	0.000000000000000000e+00
0.000000000000000000e+00	0.000000000000000000e+00	0.000000000000000000e+00	0.000000000000000000e+00	0.000000000000000000e+00
0.000000000000000000e+00	0.000000000000000000e+00	0.000000000000000000e+00	0.000000000000000000e+00	0.000000000000000000e+00
0.000000000000000000e+00	0.000000000000000000e+00	0.000000000000000000e+00	0.000000000000000000e+00	0.000000000000000000e+00
0.000000000000000000e+00	0.000000000000000000e+00	0.000000000000000000e+00	0.000000000000000000e+00	0.000000000000000000e+00
0.000000000000000000e+00	0.000000000000000000e+00	0.000000000000000000e+00	0.000000000000000000e+00	0.000000000000000000e+00
0.000000000000000000e+00	0.000000000000000000e+00	0.000000000000000000e+00	0.000000000000000000e+00	0.000000000000000000e+00
0.000000000000000000e+00	0.000000000000000000e+00	0.000000000000000000e+00	0.000000000000000000e+00	0.000000000000000000e+00
0.000000000000000000e+00	0.000000000000000000e+00	0.000000000000000000e+00	0.000000000000000000e+00	0.000000000000000000e+00
0.000000000000000000e+00	0.000000000000000000e+00	0.000000000000000000e+00	0.000000000000000000e+00	0.000000000000000000e+00
0.000000000000000000e+00	0.000000000000000000e+00	0.000000000000000000e+00	0.000000000000000000e+00	0.000000000000000000e+00
0.000000000000000000e+00	0.000000000000000000e+00	0.000000000000000000e+00	0.000000000000000000e+00	0.000000000000000000e+00
0.000000000000000000e+00	0.000000000000000000e+00	0.000000000000000000e+00	0.000000000000000000e+00	0.000000000000000000e+00
0.000000000000000000e+00	0.000000000000000000e+00	0.000000000000000000e+00	0.000000000000000000e+00	0.000000000000000000e+00
0.000000000000000000e+00	0.000000000000000000e+00	0.000000000000000000e+00	0.000000000000000000e+00	0.000000000000000000e+00
0.000000000000000000e+00	0.000000000000000000e+00	0.000000000000000000e+00	0.000000000000000000e+00	0.000000000000000000e+00
0.000000000000000000e+00	0.000000000000000000e+00	0.000000000000000000e+00	0.000000000000000000e+00	0.000000000000000000e+00
0.000000000000000000e+00	0.000000000000000000e+00	0.000000000000000000e+00	0.000000000000000000e+00	0.000000000000000000e+00
0.000000000000000000e+00	0.000000000000000000e+00	0.000000000000000000e+00	0.000000000000000000e+00	0.000000000000000000e+00
0.000000000000000000e+00	0.000000000000000000e+00	0.000000000000000000e+00	0.000000000000000000e+00	0.000000000000000000e+00
0.000000000000000000e+00	0.000000000000000000e+00	0.000000000000000000e+00	0.000000000000000000e+00	0.000000000000000000e+00
0.000000000000000000e+00	0.000000000000000000e+00	0.000000000000000000e+00	0.000000000000000000e+00	0.000000000000000000e+00
0.000000000000000000e+00	0.000000000000000000e+00	0.000000000000000000e+00	0.000000000000000000e+00	0.000000000000000000e+00
0.000000000000000000e+00	0.000000000000000000e+00	0.000000000000000000e+00	0.000000000000000000e+00	0.000000000000000000e+00
0.000000000000000000e+00	0.000000000000000000e+00	0.000000000000000000e+00	0.000000000000000000e+00	0.000000000000000000e+00
0.000000000000000000e+00	0.000000000000000000e+00	0.000000000000000000e+00	0.000000000000000000e+00	0.000000000000000000e+00
0.000000000000000000e+00	0.000000000000000000e+00	0.000000000000000000e+00	0.000000000000000000e+00	0.000000000000000000e+00
0.000000000000000000e+00	0.000000000000000000e+00	0.000000000000000000e+00	0.000000000000000000e+00	0.000000000000000000e+00
0.000000000000000000e+00	0.000000000000000000e+00	0.000000000000000000e+00	0.000000000000000000e+00	0.000000000000000000e+00
0.000000000000000000e+00	0.000000000000000000e+00	0.000000000000000000e+00	0.000000000000000000e+00	0.000000000000000000e+00
0.000000000000000000e+00	0.000000000000000000e+00	0.000000000000000000e+00	0.000000000000000000e+00	0.000000000000000000e+00
0.000000000000000000e+00	0.000000000000000000e+00	0.000000000000000000e+00	0.000000000000000000e+00	0.000000000000000000e+00
0.000000000000000000e+00	0.000000000000000000e+00	0.000000000000000000e+00	0.000000000000000000e+00	0.000000000000000000e+00
0.000000000000000000e+00	0.000000000000000000e+00	0.000000000000000000e+00	0.000000000000000000e+00	0.000000000000000000e+00
0.000000000000000000e+00	0.000000000000000000e+00	0.000000000000000000e+00	0.000000000000000000e+00	0.000000000000000000e+00
0.000000000000000000e+00	0.000000000000000000e+00	0.000000000000000000e+00	0.000000000000000000e+00	0.000000000000000000e+00
0.000000000000000000e+00	0.000000000000000000e+00	0.000000000000000000e+00	0.000000000000000000e+00	0.000000000000000000e+00
0.000000000000000000e+00	0.000000000000000000e+00	0.000000000000000000e+00	0.000000000000000000e+00	0.000000000000000000e+00
0.000000000000000000e+00	0.000000000000000000e+00	0.000000000000000000e+00	0.000000000000000000e+00	0.000000000000000000e+00
0.000000000000000000e+00	0.000000000000000000e+00	0.000000000000000000e+00	0.000000000000000000e+00	0.000000000000000000e+00
0.000000000000000000e+00	0.000000000000000000e+00	0.000000000000000000e+00	0.000000000000000000e+00	0.000000000000000000e+00
0.000000000000000000e+00	0.000000000000000000e+00	0.000000000000000000e+00	0.000000000000000000e+00	0.000000000000000000e+00
0.000000000000000000e+00	0.000000000000000000e+00	0.000000000000000000e+00	0.000000000000000000e+00	0.000000000000000000e+00
0.000000000000000000e+00	0.000000000000000000e+00	0.000000000000000000e+00	0.000000000000000000e+00	0.000000000000000000e+00
0.000000000000000000e+00	0.000000000000000000e+00	0.000000000000000000e+00	0.000000000000000000e+00	0.000000000000000000e+00
0.000000000000000000e+00	0.000000000000000000e+00	0.000000000000000000e+00	0.000000000000000000e+00	0.000000000000000000e+00
0.000000000000000000e+00	0.000000000000000000e+00	0.000000000000000000e+00	0.000000000000000000e+00	0.000000000000000000e+00
0.000000000000000000e+00	0.000000000000000000e+00	0.000000000000000000e+00	0.000000000000000000e+00	0.000000000000000000e+00
0.000000000000000000e+00	0.000000000000000000e+00	0.000000000000000000e+00	0.000000000000000000e+00	0.000000000000000000e+00
0.000000000000000000e+00	0.000000000000000000e+00	0.000000000000000000e+00	0.000000000000000000e+00	0.000000000000000000e+00
0.000000000000000000e+00	0.000000000000000000e+00	0.000000000000000000e+00	0.000000000000000000e+00	0.000000000000000000e+00
0.000000000000000000e+00	0.000000000000000000e+00	0.000000000000000000e+00	0.000000000000000000e+00	0.000000000000000000e+00
0.000000000000000000e+00	0.000000000000000000e+00	0.000000000000000000e+00	0.000000000000000000e+00	0.000000000000000000e+00
0.000000000000000000e+00	0.000000000000000000e+00	0.000000000000000000e+00	0.000000000000000000e+00	0.000000000000000000e+00
0.000000000000000000e+00	0.000000000000000000e+00	0.000000000000000000e+00	0.000000000000000000e+00	0.000000000000000000e+00
0.000000000000000000e+00	0.000000000000000000e+00	0.000000000000000000e+00	0.000000000000000000e+00	0.000000000000000000e+00
0.000000000000000000e+00	0.000000000000000000e+00	0.000000000000000000e+00	0.000000000000000000e+00	0.000000000000000000e+00
0.000000000000000000e+00	0.000000000000000000e+00	0.000000000000000000e+00	0.000000000000000000e+00	0.000000000000000000e+00
0.000000000000000000e+00	0.000000000000000000e+00	0.000000000000000000e+00	0.000000000000000000e+00	0.000000000000000000e+00
0.000000000000000000e+00	0.000000000000000000e+00	0.000000000000000000e+00	0.000000000000000000e+00	0.000000000000000000e+00
0.000000000000000000e+00	0.000000000000000000e+00	0.000000000000000000e+00	0.000000000000000000e+00	0.000000000000000000e+00
0.000000000000000000e+00	0.000000000000000000e+00	0.000000000000000000e+00	0.000000000000000000e+00	0.000000000000000000e+00
0.000000000000000000e+00	0.000000000000000000e+00	0.000000000000000000e+00	0.000000000000000000e+00	0.000000000000000000e+00
0.000000000000000000e+00	0.000000000000000000e+00	0.000000000000000000e+00	0.000000000000000000e+00	0.000000000000000000e+00
0.000000000000000000e+00	0.000000000000000000e+00	0.000000000000000000e+00	0.000000000000000000e+00	0.000000000000000000e+00
0.000000000000000000e+00	0.000000000000000000e+00	0.000000000000000000e+00	0.000000000000000000e+00	0.000000000000000000e+00
0.000000000000000000e+00	0.000000000000000000e+00	0.000000000000000000e+00	0.000000000000000000e+00	0.000000000000000000e+00
0.000000000000000000e+00	0.000000000000000000e+00	0.000000000000000000e+00	0.000000000000000000e+00	0.000000000000000000e+00
0.000000000000000000e+00	0.000000000000000000e+00	0.000000000000000000e+00	0.000000000000000000e+00	0.000000000000000000e+00
0.000000000000000000e+00	0.000000000000000000e+00	0.000000000000000000e+00	0.000000000000000000e+00	0.000000000000000000e+00
0.000000000000000000e+00	0.000000000000000000e+00	0.000000000000000000e+00	0.000000000000000000e+00	0.000000000000000000e+00
0.000000000000000000e+00	0.000000000000000000e+00	0.000000000000000000e+00	0.000000000000000000e+00	0.000000000000000000e+00
0.000000000000000000e+00	0.000000000000000000e+00	0.000000000000000000e+00	0.000000000000000000e+00	0.000000000000000000e+00
0.000000000000000000e+00	0.000000000000000000e+00	0.000000000000000000e+00	0.000000000000000000e+00	0.000000000000000000e+00
0.000000000000000000e+00	0.000000000000000000e+00	0.000000000000000000e+00	0.000000000000000000e+00	0.000000000000000000e+00
0.000000000000000000e+00	0.000000000000000000e+00	0.000000000000000000e+00	0.000000000000000000e+00	0.000000000000000000e+00
0.000000000000000000e+00	0.000000000000000000e+00	0.000000000000000000e+00	0.000000000000000000e+00	0.000000000000000000e+00
0.000000000000000000e+00	0.000000000000000000e+00	0.000000000000000000e+00	0.000000000000000000e+00	0.000000000000000000e+00
0.000000000000000000e+00	0.000000000000000000e+00	0.000000000000000000e+00	0.000000000000000000e+00	0.000000000000000000e+00
0.000000000000000000e+00	0.000000000000000000e+00	0.000000000000000000e+00	0.000000000000000000e+00	0.000000000000000000e+00
0.000000000000000000e+00	0.000000000000000000e+00	0.000000000000000000e+00	0.000000000000000000e+00	0.000000000000000000e+00
0.000000000000000000e+00	0.000000000000000000e+00	0.000000000000000000e+00	0.000000000000000000e+00	0.000000000000000000e+00
0.000000000000000000e+00	0.000000000000000000e+00	0.000000000000000000e+00	0.000000000000000000e+00	0.000000000000000000e+00
0.000000000000000000e+00	0.000000000000000000e+00	0.000000000000000000e+00	0.000000000000000000e+00	0.000000000000000000e+00
0.000000000000000000e+00	0.000000000000000000e+00	0.000000000000000000e+00	0.000000000000000000e+00	0.000000000000000000e+00
0.000000000000000000e+00	0.000000000000000000e+00	0.000000000000000000e+00	0.000000000000000000e+00	0.000000000000000000e+00
0.000000000000000000e+00	0.000000000000000000e+00	0.000000000000000000e+00	0.000000000000000000e+00	0.000000000000000000e+00
0.000000000000000000e+00	0.000000000000000000e+00	0.000000000000000000e+00	0.000000000000000000e+00	0.000000000000000000e+00
0.000000000000000000e+00	0.000000000000000000e+00	0.000000000000000000e+00	0.000000000000000000e+00	0.000000000000000000e+00
0.000000000000000000e+00	0.000000000000000000e+00	0.000000000000000000e+00	0.000000000000000000e+00	0.000000000000000000e+00
0.000000000000000000e+00	0.000000000000000000e+00	0.000000000000000000e+00	0.000000000000000000e+00	0.000000000000000000e+00
0.000000000000000000e+00	0.000000000000000000e+00	0.000000000000000000e+00	0.000000000000000000e+00	0.000000000000000000e+00
0.000000000000000000e+00	0.000000000000000000e+00	0.000000000000000000e+00	0.000000000000000000e+00	0.000000000000000000e+00
0.000000000000000000e+00	0.000000000000000000e+00	0.000000000000000000e+00	0.000000000000000000e+00	0.000000000000000000e+00
0.000000000000000000e+00	0.000000000000000000e+00	0.000000000000000000e+00	0.000000000000000000e+00	0.000000000000000000e+00
0.000000000000000000e+00	0.000000000000000000e+00	0.000000000000000000e+00	0.000000000000000000e+00	0.000000000000000000e+00
0.000000000000000000e+00	0.000000000000000000e+00	0.000000000000000000e+00	0.000000000000000000e+00	0.000000000000000000e+00
0.000000000000000000e+00	0.000000000000000000e+00	0.000000000000000000e+00	0.000000000000000000e+00	0.000000000000000000e+00
0.000000000000000000e+00	0.000000000000000000e+00	0.000000000000000000e+00	0.000000000000000000e+00	0.000000000000000000e+00
0.000000000000000000e+00	0.000000000000000000e+00	0.000000000000000000e+00	0.000000000000000000e+00	0.000000000000000000e+00
0.000000000000000000e+00	0.000000000000000000e+00	0.000000000000000000e+00	0.000000000000000000e+00	0.000000000000000000e+00
0.000000000000000000e+00	0.000000000000000000e+00	0.000000000000000000e+00	0.000000000000000000e+00	0.000000000000000000e+00
0.000000000000000000e+00	0.000000000000000000e+00	0.000000000000000000e+00	0.000000000000000000e+00	0.000000000000000000e+00
0.000000000000000000e+00	0.000000000000000000e+00	0.000000000000000000e+00	0.000000000000000000e+00	0.000000000000000000e+00
0.000000000000000000e+00	0.000000000000000000e+00	0.000000000000000000e+00	0.000000000000000000e+00	0.000000000000000000e+00
0.000000000000000000e+00	0.000000000000000000e+00	0.000000000000000000e+00	0.000000000000000000e+00	0.000000000000000000e+00
0.000000000000000000e+00	0.000000000000000000e+00	0.000000000000000000e+00	0.000000000000000000e+00	0.000000000000000000e+00
0.000000000000000000e+00	0.000000000000000000e+00	0.000000000000000000e+00	0.000000000000000000e+00	0.000000000000000000e+00
0.000000000000000000e+00	0.000000000000000000e+00	0.000000000000000000e+00	0.000000000000000000e+00	0.000000000000000000e+00
0.000000000000000000e+00	0.000000000000000000e+00	0.000000000000000000e+00	0.000000000000000000e+00	0.000000000000000000e+00
0.000000000000000000e+00	0.000000000000000000e+00	0.000000000000000000e+00	0.000000000000000000e+00	0.000000000000000000e+00
0.000000000000000000e+00	0.000000000000000000e+00	0.000000000000000000e+00	0.000000000000000000e+00	0.000000000000000000e+00
0.000000000000000000e+00	0.000000000000000000e+00	0.000000000000000000e+00	0.000000000000000000e+00	0.000000000000000000e+00
0.000000000000000000e+00	0.000000000000000000e+00	0.000000000000000000e+00	0.000000000000000000e+00	0.000000000000000000e+00
0.000000000000000000e+00	0.000000000000000000e+00	0.000000000000000000e+00	0.000000000000000000e+00	0.000000000000000000e+00
0.000000000000000000e+00	0.000000000000000000e+00	0.000000000000000000e+00	0.000000000000000000e+00	0.000000000000000000e+00
0.000000000000000000e+00	0.000000000000000000e+00	0.000000000000000000e+00	0.000000000000000000e+00	0.000000000000000000e+00
0.000000000000000000e+00	0.000000000000000000e+00	0.000000000000000000e+00	0.000000000000000000e+00	0.000000000000000000e+00
0.000000000000000000e+00	0.000000000000000000e+00	0.000000000000000000e+00	0.000000000000000000e+00	0.000000000000000000e+00
0.000000000000000000e+00	0.000000000000000000e+00	0.000000000000000000e+00	0.000000000000000000e+00	0.000000000000000000e+00
0.000000000000000000e+00	0.000000000000000000e+00	0.000000000000000000e+00	0.000000000000000000e+00	0.000000000000000000e+00
0.000000000000000000e+00	0.000000000000000000e+00	0.000000000000000000e+00	0.000000000000000000e+00	0.000000000000000000e+00
0.000000000000000000e+00	0.000000000000000000e+00	0.000000000000000000e+00	0.000000000000000000e+00	0.000000000000000000e+00
0.000000000000000000e+00	0.000000000000000000e+00	0.000000000000000000e+00	0.000000000000000000e+00	0.000000000000000000e+00
0.000000000000000000e+00	0.000000000000000000e+00	0.000000000000000000e+00	0.000000000000000000e+00	0.000000000000000000e+00
0.000000000000000000e+00	0.000000000000000000e+00	0.000000000000000000e+00	0.000000000000000000e+00	0.000000000000000000e+00
0.000000000000000000e+00	0.000000000000000000e+00	0.000000000000000000e+00	0.000000000000000000e+00	0.000000000000000000e+00
0.000000000000000000e+00	0.000000000000000000e+00	0.000000000000000000e+00	0.000000000000000000e+00	0.000000000000000000e+00
0.000000000000000000e+00	0.000000000000000000e+00	0.000000000000000000e+00	0.000000000000000000e+00	0.000000000000000000e+00
0.000000000000000000e+00	0.000000000000000000e+00	0.000000000000000000e+00	0.000000000000000000e+00	0.000000000000000000e+00
0.000000000000000000e+00	0.000000000000000000e+00	0.000000000000000000e+00	0.000000000000000000e+00	0.000000000000000000e+00
0.000000000000000000e+00	0.000000000000000000e+00	0.000000000000000000e+00	0.000000000000000000e+00	0.000000000000000000e+00
0.000000000000000000e+00	0.000000000000000000e+00	0.000000000000000000e+00	0.000000000000000000e+00	0.000000000000000000e+00
0.000000000000000000e+00	0.000000000000000000e+00	0.000000000000000000e+00	0.000000000000000000e+00	0.000000000000000000e+00
0.000000000000000000e+00	0.000000000000000000e+00	0.000000000000000000e+00	0.000000000000000000e+00	0.000000000000000000e+00
0.000000000000000000e+00	0.000000000000000000e+00	0.000000000000000000e+00	0.000000000000000000e+00	0.000000000000000000e+00
0.000000000000000000e+00	0.000000000000000000e+00	0.000000000000000000e+00	0.000000000000000000e+00	0.000000000000000000e+00
0.000000000000000000e+00	0.000000000000000000e+00	0.000000000000000000e+00	0.000000000000000000e+00	0.000000000000000000e+00
0.000000000000000000e+00	0.000000000000000000e+00	0.000000000000000000e+00	0.000000000000000000e+00	0.000000000000000000e+00
0.000000000000000000e+00	0.000000000000000000e+00	0.000000000000000000e+00	0.000000000000000000e+00	0.000000000000000000e+00
0.000000000000000000e+00	0.000000000000000000e+00	0.000000000000000000e+00	0.000000000000000000e+00	0.000000000000000000e+00
0.000000000000000000e+00	0.000000000000000000e+00	0.000000000000000000e+00	0.000000000000000000e+00	0.000000000000000000e+00
0.000000000000000000e+00	0.000000000000000000e+00	0.000000000000000000e+00	0.000000000000000000e+00	0.000000000000000000e+00
0.000000000000000000e+00	0.000000000000000000e+00	0.000000000000000000e+00	0.000000000000000000e+00	0.000000000000000000e+00
0.000000000000000000e+00	0.000000000000000000e+00	0.000000000000000000e+00	0.000000000000000000e+00	0.000000000000000000e+00
0.000000000000000000e+00	0.000000000000000000e+00	0.000000000000000000e+00	0.000000000000000000e+00	0.000000000000000000e+00
0.000000000000000000e+00	0.000000000000000000e+00	0.000000000000000000e+00	0.000000000000000000e+00	0.000000000000000000e+00
0.000000000000000000e+00	0.000000000000000000e+00	0.000000000000000000e+00	0.000000000000000000e+00	0.000000000000000000e+00
0.000000000000000000e+00	0.000000000000000000e+00	0.000000000000000000e+00	0.000000000000000000e+00	0.000000000000000000e+00
0.000000000000000000e+00	0.000000000000000000e+00	0.000000000000000000e+00	0.000000000000000000e+00	0.000000000000000000e+00
0.000000000000000000e+00	0.000000000000000000e+00	0.000000000000000000e+00	0.000000000000000000e+00	0.000000000000000000e+00
0.000000000000000000e+00	0.000000000000000000e+00	0.000000000000000000e+00	0.000000000000000000e+00	0.000000000000000000e+00
0.000000000000000000e+00	0.000000000000000000e+00	0.000000000000000000e+00	0.000000000000000000e+00	0.000000000000000000e+00
0.000000000000000000e+00	0.000000000000000000e+00	0.000000000000000000e+00	0.000000000000000000e+00	0.000000000000000000e+00
0.000000000000000000e+00	0.000000000000000000e+00	0.000000000000000000e+00	0.000000000000000000e+00	0.000000000000000000e+00
0.000000000000000000e+00	0.000000000000000000e+00	0.000000000000000000e+00	0.000000000000000000e+00	0.000000000000000000e+00
0.000000000000000000e+00	0.000000000000000000e+00	0.000000000000000000e+00	0.000000000000000000e+00	0.000000000000000000e+00
0.000000000000000000e+00	0.000000000000000000e+00	0.000000000000000000e+00	0.000000000000000000e+00	0.000000000000000000e+00
0.000000000000000000e+00	0.000000000000000000e+00	0.000000000000000000e+00	0.000000000000000000e+00	0.000000000000000000e+00
0.000000000000000000e+00	0.000000000000000000e+00	0.000000000000000000e+00	0.000000000000000000e+00	0.000000000000000000e+00
0.000000000000000000e+00	0.000000000000000000e+00	0.000000000000000000e+00	0.000000000000000000e+00	0.000000000000000000e+00
0.000000000000000000e+00	0.000000000000000000e+00	0.000000000000000000e+00	0.000000000000000000e+00	0.000000000000000000e+00
0.000000000000000000e+00	0.000000000000000000e+00	0.000000000000000000e+00	0.000000000000000000e+00	0.000000000000000000e+00
0.000000000000000000e+00	0.000000000000000000e+00	0.000000000000000000e+00	0.000000000000000000e+00	0.000000000000000000e+00
0.000000000000000000e+00	0.000000000000000000e+00	0.000000000000000000e+00	0.000000000000000000e+00	0.000000000000000000e+00
0.000000000000000000e+00	0.000000000000000000e+00	0.000000000000000000e+00	0.000000000000000000e+00	0.000000000000000000e+00
0.000000000000000000e+00	0.000000000000000000e+00	0.000000000000000000e+00	0.000000000000000000e+00	0.000000000000000000e+00
0.000000000000000000e+00	0.000000000000000000e+00	0.000000000000000000e+00	0.000000000000000000e+00	0.000000000000000000e+00
0.000000000000000000e+00	0.000000000000000000e+00	0.000000000000000000e+00	0.000000000000000000e+00	0.000000000000000000e+00
0.000000000000000000e+00	0.000000000000000000e+00	0.000000000000000000e+00	0.000000000000000000e+00	0.000000000000000000e+00
0.000000000000000000e+00	0.000000000000000000e+00	0.000000000000000000e+00	0.000000000000000000e+00	0.000000000000000000e+00
0.000000000000000000e+00	0.000000000000000000e+00	0.000000000000000000e+00	0.000000000000000000e+00	0.000000000000000000e+00
0.000000000000000000e+00	0.000000000000000000e+00	0.000000000000000000e+00	0.000000000000000000e+00	0.000000000000000000e+00
0.000000000000000000e+00	0.000000000000000000e+00	0.000000000000000000e+00	0.000000000000000000e+00	0.000000000000000000e+00
0.000000000000000000e+00	0.000000000000000000e+00	0.000000000000000000e+00	0.000000000000000000e+00	0.000000000000000000e+00
0.000000000000000000e+00	0.000000000000000000e+00	0.000000000000000000e+00	0.000000000000000000e+00	0.000000000000000000e+00
0.000000000000000000e+00	0.000000000000000000e+00	0.000000000000000000e+00	0.000000000000000000e+00	0.000000000000000000e+00
0.000000000000000000e+00	0.000000000000000000e+00	0.000000000000000000e+00	0.000000000000000000e+00	0.000000000000000000e+00
0.000000000000000000e+00	0.000000000000000000e+00	0.000000000000000000e+00	0.000000000000000000e+00	0.000000000000000000e+00
0.000000000000000000e+00	0.000000000000000000e+00	0.000000000000000000e+00	0.000000000000000000e+00	0.000000000000000000e+00
0.000000000000000000e+00	0.000000000000000000e+00	0.000000000000000000e+00	0.000000000000000000e+00	0.000000000000000000e+00
0.000000000000000000e+00	0.000000000000000000e+00	0.000000000000000000e+00	0.000000000000000000e+00	0.000000000000000000e+00
0.000000000000000000e+00	0.000000000000000000e+00	0.000000000000000000e+00	0.000000000000000000e+00	0.000000000000000000e+00
0.000000000000000000e+00	0.000000000000000000e+00	0.000000000000000000e+00	0.000000000000000000e+00	0.000000000000000000e+00
0.000000000000000000e+00	0.000000000000000000e+00	0.000000000000000000e+00	0.000000000000000000e+00	0.000000000000000000e+00
0.000000000000000000e+00	0.000000000000000000e+00	0.000000000000000000e+00	0.000000000000000000e+00	0.000000000000000000e+00
0.000000000000000000e+00	0.000000000000000000e+00	0.000000000000000000e+00	0.000000000000000000e+00	0.000000000000000000e+00
0.000000000000000000e+00	0.000000000000000000e+00	0.000000000000000000e+00	0.000000000000000000e+00	0.000000000000000000e+00
0.000000000000000000e+00	0.000000000000000000e+00	0.000000000000000000e+00	0.000000000000000000e+00	0.000000000000000000e+00
0.000000000000000000e+00	0.000000000000000000e+00	0.000000000000000000e+00	0.000000000000000000e+00	0.000000000000000000e+00
0.000000000000000000e+00	0.000000000000000000e+00	0.000000000000000000e+00	0.000000000000000000e+00	0.000000000000000000e+00
0.000000000000000000e+00	0.000000000000000000e+00	0.000000000000000000e+00	0.000000000000000000e+00	0.000000000000000000e+00
0.000000000000000000e+00	0.000000000000000000e+00	0.000000000000000000e+00	0.000000000000000000e+00	0.000000000000000000e+00
0.000000000000000000e+00	0.000000000000000000e+00	0.000000000000000000e+00	0.000000000000000000e+00	0.000000000000000000e+00
0.000000000000000000e+00	0.000000000000000000e+00	0.000000000000000000e+00	0.000000000000000000e+00	0.000000000000000000e+00
0.000000000000000000e+00	0.000000000000000000e+00	0.000000000000000000e+00	0.000000000000000000e+00	0.000000000000000000e+00
0.000000000000000000e+00	0.000000000000000000e+00	0.000000000000000000e+00	0.000000000000000000e+00	0.000000000000000000e+00
0.000000000000000000e+00	0.000000000000000000e+00	0.000000000000000000e+00	0.000000000000000000e+00	0.000000000000000000e+00
0.000000000000000000e+00	0.000000000000000000e+00	0.000000000000000000e+00	0.000000000000000000e+00	0.000000000000000000e+00
0.000000000000000000e+00	0.000000000000000000e+00	0.000000000000000000e+00	0.000000000000000000e+00	0.000000000000000000e+00
0.000000000000000000e+00	0.000000000000000000e+00	0.000000000000000000e+00	0.000000000000000000e+00	0.000000000000000000e+00
0.000000000000000000e+00	0.000000000000000000e+00	0.000000000000000000e+00	0.000000000000000000e+00	0.000000000000000000e+00
0.000000000000000000e+00	0.000000000000000000e+00	0.000000000000000000e+00	0.000000000000000000e+00	0.000000000000000000e+00
0.000000000000000000e+00	0.000000000000000000e+00	0.000000000000000000e+00	0.000000000000000000e+00	0.000000000000000000e+00
0.000000000000000000e+00	0.000000000000000000e+00	0.000000000000000000e+00	0.000000000000000000e+00	0.000000000000000000e+00
0.000000000000000000e+00	0.000000000000000000e+00	0.000000000000000000e+00	0.000000000000000000e+00	0.000000000000000000e+00
0.000000000000000000e+00	0.000000000000000000e+00	0.000000000000000000e+00	0.000000000000000000e+00	0.000000000000000000e+00
0.000000000000000000e+00	0.000000000000000000e+00	0.000000000000000000e+00	0.000000000000000000e+00	0.000000000000000000e+00
0.000000000000000000e+00	0.000000000000000000e+00	0.000000000000000000e+00	0.000000000000000000e+00	0.000000000000000000e+00
0.000000000000000000e+00	0.000000000000000000e+00	0.000000000000000000e+00	0.000000000000000000e+00	0.000000000000000000e+00
0.000000000000000000e+00	0.000000000000000000e+00	0.000000000000000000e+00	0.000000000000000000e+00	0.000000000000000000e+00
0.000000000000000000e+00	0.000000000000000000e+00	0.000000000000000000e+00	0.000000000000000000e+00	0.000000000000000000e+00
0.000000000000000000e+00	0.000000000000000000e+00	0.000000000000000000e+00	0.000000000000000000e+00	0.000000000000000000e+00
0.000000000000000000e+00	0.000000000000000000e+00	0.000000000000000000e+00	0.000000000000000000e+00	0.000000000000000000e+00
0.000000000000000000e+00	0.000000000000000000e+00	0.000000000000000000e+00	0.000000000000000000e+00	0.000000000000000000e+00
0.000000000000000000e+00	0.000000000000000000e+00	0.000000000000000000e+00	0.000000000000000000e+00	0.000000000000000000e+00
0.000000000000000000e+00	0.000000000000000000e+00	0.000000000000000000e+00	0.000000000000000000e+00	0.000000000000000000e+00
0.000000000000000000e+00	0.000000000000000000e+00	0.000000000000000000e+00	0.000000000000000000e+00	0.000000000000000000e+00
0.000000000000000000e+00	0.000000000000000000e+00	0.000000000000000000e+00	0.000000000000000000e+00	0.000000000000000000e+00
0.000000000000000000e+00	0.000000000000000000e+00	0.000000000000000000e+00	0.000000000000000000e+00	0.000000000000000000e+00
0.000000000000000000e+00	0.000000000000000000e+00	0.000000000000000000e+00	0.000000000000000000e+00	0.000000000000000000e+00
0.000000000000000000e+00	0.000000000000000000e+00	0.000000000000000000e+00	0.000000000000000000e+00	0.000000000000000000e+00
0.000000000000000000e+00	0.000000000000000000e+00	0.000000000000000000e+00	0.000000000000000000e+00	0.000000000000000000e+00
0.000000000000000000e+00	0.000000000000000000e+00	0.000000000000000000e+00	0.000000000000000000e+00	0.000000000000000000e+00
0.000000000000000000e+00	0.000000000000000000e+00	0.000000000000000000e+00	0.000000000000000000e+00	0.000000000000000000e+00
0.000000000000000000e+00	0.000000000000000000e+00	0.000000000000000000e+00	0.000000000000000000e+00	0.000000000000000000e+00
0.000000000000000000e+00	0.000000000000000000e+00	0.000000000000000000e+00	0.000000000000000000e+00	0.000000000000000000e+00
0.000000000000000000e+00	0.000000000000000000e+00	0.000000000000000000e+00	0.000000000000000000e+00	0.000000000000000000e+00
0.000000000000000000e+00	0.000000000000000000e+00	0.000000000000000000e+00	0.000000000000000000e+00	0.000000000000000000e+00
0.000000000000000000e+00	0.000000000000000000e+00	0.000000000000000000e+00	0.000000000000000000e+00	0.000000000000000000e+00
0.000000000000000000e+00	0.000000000000000000e+00	0.000000000000000000e+00	0.000000000000000000e+00	0.000000000000000000e+00
0.000000000000000000e+00	0.000000000000000000e+00	0.000000000000000000e+00	0.000000000000000000e+00	0.000000000000000000e+00
0.000000000000000000e+00	0.000000000000000000e+00	0.000000000000000000e+00	0.000000000000000000e+00	0.000000000000000000e+00
0.000000000000000000e+00	0.000000000000000000e+00	0.000000000000000000e+00	0.000000000000000000e+00	0.000000000000000000e+00
0.000000000000000000e+00	0.000000000000000000e+00	0.000000000000000000e+00	0.000000000000000000e+00	0.000000000000000000e+00
0.000000000000000000e+00	0.000000000000000000e+00	0.000000000000000000e+00	0.000000000000000000e+00	0.000000000000000000e+00
0.000000000000000000e+00	0.000000000000000000e+00	0.000000000000000000e+00	0.000000000000000000e+00	0.000000000000000000e+00
0.000000000000000000e+00	0.000000000000000000e+00	0.000000000000000000e+00	0.000000000000000000e+00	0.000000000000000000e+00
0.000000000000000000e+00	0.000000000000000000e+00	0.000000000000000000e+00	0.000000000000000000e+00	0.000000000000000000e+00
0.000000000000000000e+00	0.000000000000000000e+00	0.000000000000000000e+00	0.000000000000000000e+00	0.000000000000000000e+00
0.000000000000000000e+00	0.000000000000000000e+00	0.000000000000000000e+00	0.000000000000000000e+00	0.000000000000000000e+00
0.000000000000000000e+00	0.000000000000000000e+00	0.000000000000000000e+00	0.000000000000000000e+00	0.000000000000000000e+00
0.000000000000000000e+00	0.000000000000000000e+00	0.000000000000000000e+00	0.000000000000000000e+00	0.000000000000000000e+00
0.000000000000000000e+00	0.000000000000000000e+00	0.000000000000000000e+00	0.000000000000000000e+00	0.000000000000000000e+00
0.000000000000000000e+00	0.000000000000000000e+00	0.000000000000000000e+00	0.000000000000000000e+00	0.000000000000000000e+00
0.000000000000000000e+00	0.000000000000000000e+00	0.000000000000000000e+00	0.000000000000000000e+00	0.000000000000000000e+00
0.000000000000000000e+00	0.000000000000000000e+00	0.000000000000000000e+00	0.000000000000000000e+00	0.000000000000000000e+00
0.000000000000000000e+00	0.000000000000000000e+00	0.000000000000000000e+00	0.000000000000000000e+00	0.000000000000000000e+00
0.000000000000000000e+00	0.000000000000000000e+00	0.000000000000000000e+00	0.000000000000000000e+00	0.000000000000000000e+00
0.000000000000000000e+00	0.000000000000000000e+00	0.000000000000000000e+00	0.000000000000000000e+00	0.000000000000000000e+00
0.000000000000000000e+00	0.000000000000000000e+00	0.000000000000000000e+00	0.000000000000000000e+00	0.000000000000000000e+00
0.000000000000000000e+00	0.000000000000000000e+00	0.000000000000000000e+00	0.000000000000000000e+00	0.000000000000000000e+00
0.000000000000000000e+00	0.000000000000000000e+00	0.000000000000000000e+00	0.000000000000000000e+00	0.000000000000000000e+00
0.000000000000000000e+00	0.000000000000000000e+00	0.000000000000000000e+00	0.000000000000000000e+00	0.000000000000000000e+00
0.000000000000000000e+00	0.000000000000000000e+00	0.000000000000000000e+00	0.000000000000000000e+00	0.000000000000000000e+00
0.000000000000000000e+00	0.000000000000000000e+00	0.000000000000000000e+00	0.000000000000000000e+00	0.000000000000000000e+00
0.000000000000000000e+00	0.000000000000000000e+00	0.000000000000000000e+00	0.000000000000000000e+00	0.000000000000000000e+00
0.000000000000000000e+00	0.000000000000000000e+00	0.000000000000000000e+00	0.000000000000000000e+00	0.000000000000000000e+00
0.000000000000000000e+00	0.000000000000000000e+00	0.000000000000000000e+00	0.000000000000000000e+00	0.000000000000000000e+00
0.000000000000000000e+00	0.000000000000000000e+00	0.000000000000000000e+00	0.000000000000000000e+00	0.000000000000000000e+00
0.000000000000000000e+00	0.000000000000000000e+00	0.000000000000000000e+00	0.000000000000000000e+00	0.000000000000000000e+00
0.000000000000000000e+00	0.000000000000000000e+00	0.000000000000000000e+00	0.000000000000000000e+00	0.000000000000000000e+00
0.000000000000000000e+00	0.000000000000000000e+00	0.000000000000000000e+00	0.000000000000000000e+00	0.000000000000000000e+00
0.000000000000000000e+00	0.000000000000000000e+00	0.000000000000000000e+00	0.000000000000000000e+00	0.000000000000000000e+00
0.000000000000000000e+00	0.000000000000000000e+00	0.000000000000000000e+00	0.000000000000000000e+00	0.000000000000000000e+00
0.000000000000000000e+00	0.000000000000000000e+00	0.000000000000000000e+00	0.000000000000000000e+00	0.000000000000000000e+00
0.000000000000000000e+00	0.000000000000000000e+00	0.000000000000000000e+00	0.000000000000000000e+00	0.000000000000000000e+00
0.000000000000000000e+00	0.000000000000000000e+00	0.000000000000000000e+00	0.000000000000000000e+00	0.000000000000000000e+00
0.000000000000000000e+00	0.000000000000000000e+00	0.000000000000000000e+00	0.000000000000000000e+00	0.000000000000000000e+00
0.000000000000000000e+00	0.000000000000000000e+00	0.000000000000000000e+00	0.000000000000000000e+00	0.000000000000000000e+00
0.000000000000000000e+00	0.000000000000000000e+00	0.000000000000000000e+00	0.000000000000000000e+00	0.000000000000000000e+00
0.000000000000000000e+00	0.000000000000000000e+00	0.000000000000000000e+00	0.000000000000000000e+00	0.000000000000000000e+00
0.000000000000000000e+00	0.000000000000000000e+00	0.000000000000000000e+00	0.000000000000000000e+00	0.000000000000000000e+00
0.000000000000000000e+00	0.000000000000000000e+00	0.000000000000000000e+00	0.000000000000000000e+00	0.000000000000000000e+00
0.000000000000000000e+00	0.000000000000000000e+00	0.000000000000000000e+00	0.000000000000000000e+00	0.000000000000000000e+00
0.000000000000000000e+00	0.000000000000000000e+00	0.000000000000000000e+00	0.000000000000000000e+00	0.000000000000000000e+00
0.000000000000000000e+00	0.000000000000000000e+00	0.000000000000000000e+00	0.000000000000000000e+00	0.000000000000000000e+00
0.000000000000000000e+00	0.000000000000000000e+00	0.000000000000000000e+00	0.000000000000000000e+00	0.000000000000000000e+00
0.000000000000000000e+00	0.000000000000000000e+00	0.000000000000000000e+00	0.000000000000000000e+00	0.000000000000000000e+00
0.000000000000000000e+00	0.000000000000000000e+00	0.000000000000000000e+00	0.000000000000000000e+00	0.000000000000000000e+00
0.000000000000000000e+00	0.000000000000000000e+00	0.000000000000000000e+00	0.000000000000000000e+00	0.000000000000000000e+00
0.000000000000000000e+00	0.000000000000000000e+00	0.000000000000000000e+00	0.000000000000000000e+00	0.000000000000000000e+00
0.000000000000000000e+00	0.000000000000000000e+00	0.000000000000000000e+00	0.000000000000000000e+00	0.000000000000000000e+00
0.000000000000000000e+00	0.000000000000000000e+00	0.000000000000000000e+00	0.000000000000000000e+00	0.000000000000000000e+00
0.000000000000000000e+00	0.000000000000000000e+00	0.000000000000000000e+00	0.000000000000000000e+00	0.000000000000000000e+00
0.000000000000000000e+00	0.000000000000000000e+00	0.000000000000000000e+00	0.000000000000000000e+00	0.000000000000000000e+00
0.000000000000000000e+00	0.000000000000000000e+00	0.000000000000000000e+00	0.000000000000000000e+00	0.000000000000000000e+00
0.000000000000000000e+00	0.000000000000000000e+00	0.000000000000000000e+00	0.000000000000000000e+00	0.000000000000000000e+00
0.000000000000000000e+00	0.000000000000000000e+00	0.000000000000000000e+00	0.000000000000000000e+00	0.000000000000000000e+00
0.000000000000000000e+00	0.000000000000000000e+00	0.000000000000000000e+00	0.000000000000000000e+00	0.000000000000000000e+00
0.000000000000000000e+00	0.000000000000000000e+00	0.000000000000000000e+00	0.000000000000000000e+00	0.000000000000000000e+00
0.000000000000000000e+00	0.000000000000000000e+00	0.000000000000000000e+00	0.000000000000000000e+00	0.000000000000000000e+00
0.000000000000000000e+00	0.000000000000000000e+00	0.000000000000000000e+00	0.000000000000000000e+00	0.000000000000000000e+00
0.000000000000000000e+00	0.000000000000000000e+00	0.000000000000000000e+00	0.000000000000000000e+00	0.000000000000000000e+00
0.000000000000000000e+00	0.000000000000000000e+00	0.000000000000000000e+00	0.000000000000000000e+00	0.000000000000000000e+00
0.000000000000000000e+00	0.000000000000000000e+00	0.000000000000000000e+00	0.000000000000000000e+00	0.000000000000000000e+00
-3.000856000000000131e+04	0.000000000000000000e+00	0.000000000000000000e+00	4.242072817163609899e-02	0.000000000000000000e+00
-3.000854999999999927e+04	0.000000000000000000e+00	0.000000000000000000e+00	3.662221137119663072e-02	0.000000000000000000e+00
-3.000852999999999884e+04	0.000000000000000000e+00	0.000000000000000000e+00	4.547257911923581475e-02	0.000000000000000000e+00
-3.000852000000000044e+04	0.000000000000000000e+00	0.000000000000000000e+00	4.119998779259621130e-02	0.000000000000000000e+00
-3.000850999999999840e+04	0.000000000000000000e+00	0.000000000000000000e+00	4.455702383495590418e-02	0.000000000000000000e+00
-3.000850000000000000e+04	0.000000000000000000e+00	0.000000000000000000e+00	3.601184118167669035e-02	0.000000000000000000e+00
-3.000849000000000160e+04	0.000000000000000000e+00	0.000000000000000000e+00	3.662221137119663072e-02	0.000000000000000000e+00
-3.000847999999999956e+04	0.000000000000000000e+00	0.000000000000000000e+00	3.509628589739677285e-02	0.000000000000000000e+00
-3.000847000000000116e+04	0.000000000000000000e+00	0.000000000000000000e+00	5.005035554063539532e-02	0.000000000000000000e+00
-3.000845999999999913e+04	0.000000000000000000e+00	0.000000000000000000e+00	4.913480025635547782e-02	0.000000000000000000e+00
-3.000845000000000073e+04	0.000000000000000000e+00	0.000000000000000000e+00	3.906369212927640611e-02	0.000000000000000000e+00
-3.000845000000000073e+04	0.000000000000000000e+00	0.000000000000000000e+00	4.242072817163609899e-02	0.000000000000000000e+00
-3.000843999999999869e+04	0.000000000000000000e+00	0.000000000000000000e+00	4.394665364543595687e-02	0.000000000000000000e+00
-3.000843000000000029e+04	0.000000000000000000e+00	0.000000000000000000e+00	6.805627613147373356e-02	0.000000000000000000e+00
-3.000841999999999825e+04	0.000000000000000000e+00	0.000000000000000000e+00	4.913480025635547782e-02	0.000000000000000000e+00
-3.000840999999999985e+04	0.000000000000000000e+00	0.000000000000000000e+00	5.310220648823511802e-02	0.000000000000000000e+00
-3.000840000000000146e+04	0.000000000000000000e+00	0.000000000000000000e+00	4.303109836115603937e-02	0.000000000000000000e+00
-3.000838999999999942e+04	0.000000000000000000e+00	0.000000000000000000e+00	4.150517288735618149e-02	0.000000000000000000e+00
-3.000836999999999898e+04	0.000000000000000000e+00	0.000000000000000000e+00	4.608294930875576206e-02	0.000000000000000000e+00
-3.000834999999999854e+04	0.000000000000000000e+00	0.000000000000000000e+00	4.791405987731559013e-02	0.000000000000000000e+00
-3.000834999999999854e+04	0.000000000000000000e+00	0.000000000000000000e+00	5.310220648823511802e-02	0.000000000000000000e+00
-3.000833000000000175e+04	0.000000000000000000e+00	0.000000000000000000e+00	4.211554307687612880e-02	0.000000000000000000e+00
-3.000831999999999971e+04	0.000000000000000000e+00	0.000000000000000000e+00	4.730368968779564975e-02	0.000000000000000000e+00
-3.000831000000000131e+04	0.000000000000000000e+00	0.000000000000000000e+00	4.242072817163609899e-02	0.000000000000000000e+00
-3.000829000000000087e+04	0.000000000000000000e+00	0.000000000000000000e+00	5.432294686727500571e-02	0.000000000000000000e+00
-3.000829000000000087e+04	0.000000000000000000e+00	0.000000000000000000e+00	4.028443250831629380e-02	0.000000000000000000e+00
-3.000827999999999884e+04	0.000000000000000000e+00	0.000000000000000000e+00	4.394665364543595687e-02	0.000000000000000000e+00
-3.000827000000000044e+04	0.000000000000000000e+00	0.000000000000000000e+00	4.272591326639606918e-02	0.000000000000000000e+00
-3.000825999999999840e+04	0.000000000000000000e+00	0.000000000000000000e+00	4.211554307687612880e-02	0.000000000000000000e+00
-3.000825000000000000e+04	0.000000000000000000e+00	0.000000000000000000e+00	4.516739402447584456e-02	0.000000000000000000e+00
-3.000824000000000160e+04	0.000000000000000000e+00	0.000000000000000000e+00	4.150517288735618149e-02	0.000000000000000000e+00
-3.000824000000000160e+04	0.000000000000000000e+00	0.000000000000000000e+00	3.845332193975646573e-02	0.000000000000000000e+00
-3.000822999999999956e+04	0.000000000000000000e+00	0.000000000000000000e+00	4.303109836115603937e-02	0.000000000000000000e+00
-3.000822000000000116e+04	0.000000000000000000e+00	0.000000000000000000e+00	4.303109836115603937e-02	0.000000000000000000e+00
-3.000822000000000116e+04	0.000000000000000000e+00	0.000000000000000000e+00	5.249183629871517071e-02	0.000000000000000000e+00
-3.000820000000000073e+04	0.000000000000000000e+00	0.000000000000000000e+00	4.577776421399579188e-02	0.000000000000000000e+00
-3.000820000000000073e+04	0.000000000000000000e+00	0.000000000000000000e+00	4.333628345591601649e-02	0.000000000000000000e+00
-3.000818999999999869e+04	0.000000000000000000e+00	0.000000000000000000e+00	5.645924253059480397e-02	0.000000000000000000e+00
-3.000818000000000029e+04	0.000000000000000000e+00	0.000000000000000000e+00	5.523850215155491628e-02	0.000000000000000000e+00
-3.000818000000000029e+04	0.000000000000000000e+00	0.000000000000000000e+00	5.523850215155491628e-02	0.000000000000000000e+00
-3.000816999999999825e+04	0.000000000000000000e+00	0.000000000000000000e+00	4.577776421399579188e-02	0.000000000000000000e+00
-3.000815999999999985e+04	0.000000000000000000e+00	0.000000000000000000e+00	4.547257911923581475e-02	0.000000000000000000e+00
-3.000815000000000146e+04	0.000000000000000000e+00	0.000000000000000000e+00	4.791405987731559013e-02	0.000000000000000000e+00
-3.000813999999999942e+04	0.000000000000000000e+00	0.000000000000000000e+00	5.432294686727500571e-02	0.000000000000000000e+00
-3.000811999999999898e+04	0.000000000000000000e+00	0.000000000000000000e+00	5.279702139347514089e-02	0.000000000000000000e+00
-3.000811999999999898e+04	0.000000000000000000e+00	0.000000000000000000e+00	4.913480025635547782e-02	0.000000000000000000e+00
-3.000809999999999854e+04	0.000000000000000000e+00	0.000000000000000000e+00	5.340739158299508821e-02	0.000000000000000000e+00
-3.000809999999999854e+04	0.000000000000000000e+00	0.000000000000000000e+00	4.730368968779564975e-02	0.000000000000000000e+00
-3.000808000000000175e+04	0.000000000000000000e+00	0.000000000000000000e+00	5.249183629871517071e-02	0.000000000000000000e+00
-3.000806999999999971e+04	0.000000000000000000e+00	0.000000000000000000e+00	4.577776421399579188e-02	0.000000000000000000e+00
-3.000806000000000131e+04	0.000000000000000000e+00	0.000000000000000000e+00	3.936887722403637629e-02	0.000000000000000000e+00
-3.000804999999999927e+04	0.000000000000000000e+00	0.000000000000000000e+00	3.936887722403637629e-02	0.000000000000000000e+00
-3.000804000000000087e+04	0.000000000000000000e+00	0.000000000000000000e+00	4.943998535111545495e-02	0.000000000000000000e+00
-3.000804000000000087e+04	0.000000000000000000e+00	0.000000000000000000e+00	3.997924741355632361e-02	0.000000000000000000e+00
-3.000802999999999884e+04	0.000000000000000000e+00	0.000000000000000000e+00	5.157628101443525320e-02	0.000000000000000000e+00
-3.000802000000000044e+04	0.000000000000000000e+00	0.000000000000000000e+00	4.211554307687612880e-02	0.000000000000000000e+00
-3.000800999999999840e+04	0.000000000000000000e+00	0.000000000000000000e+00	4.455702383495590418e-02	0.000000000000000000e+00
-3.000800000000000000e+04	0.000000000000000000e+00	0.000000000000000000e+00	4.516739402447584456e-02	0.000000000000000000e+00
-3.000799000000000160e+04	0.000000000000000000e+00	0.000000000000000000e+00	4.577776421399579188e-02	0.000000000000000000e+00
-3.000797999999999956e+04	0.000000000000000000e+00	0.000000000000000000e+00	4.028443250831629380e-02	0.000000000000000000e+00
-3.000797999999999956e+04	0.000000000000000000e+00	0.000000000000000000e+00	4.303109836115603937e-02	0.000000000000000000e+00
-3.000797000000000116e+04	0.000000000000000000e+00	0.000000000000000000e+00	4.089480269783624111e-02	0.000000000000000000e+00
-3.000795999999999913e+04	0.000000000000000000e+00	0.000000000000000000e+00	5.005035554063539532e-02	0.000000000000000000e+00
-3.000795999999999913e+04	0.000000000000000000e+00	0.000000000000000000e+00	4.791405987731559013e-02	0.000000000000000000e+00
-3.000795000000000073e+04	0.000000000000000000e+00	0.000000000000000000e+00	4.272591326639606918e-02	0.000000000000000000e+00
-3.000793000000000029e+04	0.000000000000000000e+00	0.000000000000000000e+00	3.051850947599719227e-02	0.000000000000000000e+00
-3.000791999999999825e+04	0.000000000000000000e+00	0.000000000000000000e+00	4.577776421399579188e-02	0.000000000000000000e+00
-3.000790000000000146e+04	0.000000000000000000e+00	0.000000000000000000e+00	5.706961272011475128e-02	0.000000000000000000e+00
-3.000790000000000146e+04	0.000000000000000000e+00	0.000000000000000000e+00	4.547257911923581475e-02	0.000000000000000000e+00
-3.000788999999999942e+04	0.000000000000000000e+00	0.000000000000000000e+00	4.943998535111545495e-02	0.000000000000000000e+00
-3.000786999999999898e+04	0.000000000000000000e+00	0.000000000000000000e+00	4.943998535111545495e-02	0.000000000000000000e+00
-3.000786000000000058e+04	0.000000000000000000e+00	0.000000000000000000e+00	4.455702383495590418e-02	0.000000000000000000e+00
-3.000784999999999854e+04	0.000000000000000000e+00	0.000000000000000000e+00	4.974517044587542514e-02	0.000000000000000000e+00
-3.000784000000000015e+04	0.000000000000000000e+00	0.000000000000000000e+00	4.577776421399579188e-02	0.000000000000000000e+00
-3.000781999999999971e+04	0.000000000000000000e+00	0.000000000000000000e+00	5.798516800439466878e-02	0.000000000000000000e+00
-3.000779999999999927e+04	0.000000000000000000e+00	0.000000000000000000e+00	4.791405987731559013e-02	0.000000000000000000e+00
-3.000779000000000087e+04	0.000000000000000000e+00	0.000000000000000000e+00	5.401776177251502858e-02	0.000000000000000000e+00
-3.000777999999999884e+04	0.000000000000000000e+00	0.000000000000000000e+00	5.981627857295449685e-02	0.000000000000000000e+00
-3.000777000000000044e+04	0.000000000000000000e+00	0.000000000000000000e+00	5.462813196203497590e-02	0.000000000000000000e+00
-3.000775000000000000e+04	0.000000000000000000e+00	0.000000000000000000e+00	5.859553819391460916e-02	0.000000000000000000e+00
-3.000774000000000160e+04	0.000000000000000000e+00	0.000000000000000000e+00	4.577776421399579188e-02	0.000000000000000000e+00
-3.000772999999999956e+04	0.000000000000000000e+00	0.000000000000000000e+00	4.638813440351573225e-02	0.000000000000000000e+00
-3.000772000000000116e+04	0.000000000000000000e+00	0.000000000000000000e+00	4.638813440351573225e-02	0.000000000000000000e+00
-3.000770999999999913e+04	0.000000000000000000e+00	0.000000000000000000e+00	6.225775933103427223e-02	0.000000000000000000e+00
-3.000770000000000073e+04	0.000000000000000000e+00	0.000000000000000000e+00	4.974517044587542514e-02	0.000000000000000000e+00
-3.000768999999999869e+04	0.000000000000000000e+00	0.000000000000000000e+00	5.096591082491531283e-02	0.000000000000000000e+00
-3.000768000000000029e+04	0.000000000000000000e+00	0.000000000000000000e+00	4.638813440351573225e-02	0.000000000000000000e+00
-3.000766999999999825e+04	0.000000000000000000e+00	0.000000000000000000e+00	4.608294930875576206e-02	0.000000000000000000e+00
-3.000765999999999985e+04	0.000000000000000000e+00	0.000000000000000000e+00	5.096591082491531283e-02	0.000000000000000000e+00
-3.000765999999999985e+04	0.000000000000000000e+00	0.000000000000000000e+00	5.188146610919523033e-02	0.000000000000000000e+00
-3.000765000000000146e+04	0.000000000000000000e+00	0.000000000000000000e+00	4.852443006683553745e-02	0.000000000000000000e+00
-3.000763000000000102e+04	0.000000000000000000e+00	0.000000000000000000e+00	5.188146610919523033e-02	0.000000000000000000e+00
-3.000763000000000102e+04	0.000000000000000000e+00	0.000000000000000000e+00	4.760887478255561994e-02	0.000000000000000000e+00
-3.000761999999999898e+04	0.000000000000000000e+00	0.000000000000000000e+00	5.554368724631489340e-02	0.000000000000000000e+00
-3.000761000000000058e+04	0.000000000000000000e+00	0.000000000000000000e+00	5.676442762535478109e-02	0.000000000000000000e+00
-3.000759999999999854e+04	0.000000000000000000e+00	0.000000000000000000e+00	5.005035554063539532e-02	0.000000000000000000e+00
-3.000759000000000015e+04	0.000000000000000000e+00	0.000000000000000000e+00	5.096591082491531283e-02	0.000000000000000000e+00
-3.000759000000000015e+04	0.000000000000000000e+00	0.000000000000000000e+00	4.852443006683553745e-02	0.000000000000000000e+00
-3.000758000000000175e+04	0.000000000000000000e+00	0.000000000000000000e+00	5.249183629871517071e-02	0.000000000000000000e+00
-3.000758000000000175e+04	0.000000000000000000e+00	0.000000000000000000e+00	5.401776177251502858e-02	0.000000000000000000e+00
-3.000756000000000131e+04	0.000000000000000000e+00	0.000000000000000000e+00	4.242072817163609899e-02	0.000000000000000000e+00
-3.000754999999999927e+04	0.000000000000000000e+00	0.000000000000000000e+00	4.608294930875576206e-02	0.000000000000000000e+00
-3.000754000000000087e+04	0.000000000000000000e+00	0.000000000000000000e+00	5.859553819391460916e-02	0.000000000000000000e+00
-3.000752000000000044e+04	0.000000000000000000e+00	0.000000000000000000e+00	4.852443006683553745e-02	0.000000000000000000e+00
-3.000750000000000000e+04	0.000000000000000000e+00	0.000000000000000000e+00	5.310220648823511802e-02	0.000000000000000000e+00
-3.000749000000000160e+04	0.000000000000000000e+00	0.000000000000000000e+00	5.493331705679494609e-02	0.000000000000000000e+00
-3.000747999999999956e+04	0.000000000000000000e+00	0.000000000000000000e+00	5.615405743583483378e-02	0.000000000000000000e+00
-3.000745999999999913e+04	0.000000000000000000e+00	0.000000000000000000e+00	4.943998535111545495e-02	0.000000000000000000e+00
-3.000745000000000073e+04	0.000000000000000000e+00	0.000000000000000000e+00	5.676442762535478109e-02	0.000000000000000000e+00
-3.000743999999999869e+04	0.000000000000000000e+00	0.000000000000000000e+00	5.676442762535478109e-02	0.000000000000000000e+00
-3.000743000000000029e+04	0.000000000000000000e+00	0.000000000000000000e+00	5.157628101443525320e-02	0.000000000000000000e+00
-3.000741999999999825e+04	0.000000000000000000e+00	0.000000000000000000e+00	5.676442762535478109e-02	0.000000000000000000e+00
-3.000740999999999985e+04	0.000000000000000000e+00	0.000000000000000000e+00	5.462813196203497590e-02	0.000000000000000000e+00
-3.000740000000000146e+04	0.000000000000000000e+00	0.000000000000000000e+00	4.791405987731559013e-02	0.000000000000000000e+00
-3.000738999999999942e+04	0.000000000000000000e+00	0.000000000000000000e+00	5.798516800439466878e-02	0.000000000000000000e+00
-3.000738000000000102e+04	0.000000000000000000e+00	0.000000000000000000e+00	4.943998535111545495e-02	0.000000000000000000e+00
-3.000736999999999898e+04	0.000000000000000000e+00	0.000000000000000000e+00	5.554368724631489340e-02	0.000000000000000000e+00
-3.000736999999999898e+04	0.000000000000000000e+00	0.000000000000000000e+00	6.195257423627430204e-02	0.000000000000000000e+00
-3.000736000000000058e+04	0.000000000000000000e+00	0.000000000000000000e+00	5.798516800439466878e-02	0.000000000000000000e+00
-3.000734999999999854e+04	0.000000000000000000e+00	0.000000000000000000e+00	5.249183629871517071e-02	0.000000000000000000e+00
-3.000734000000000015e+04	0.000000000000000000e+00	0.000000000000000000e+00	5.523850215155491628e-02	0.000000000000000000e+00
-3.000734000000000015e+04	0.000000000000000000e+00	0.000000000000000000e+00	5.005035554063539532e-02	0.000000000000000000e+00
-3.000731999999999971e+04	0.000000000000000000e+00	0.000000000000000000e+00	5.279702139347514089e-02	0.000000000000000000e+00
-3.000731999999999971e+04	0.000000000000000000e+00	0.000000000000000000e+00	5.279702139347514089e-02	0.000000000000000000e+00
-3.000731000000000131e+04	0.000000000000000000e+00	0.000000000000000000e+00	5.249183629871517071e-02	0.000000000000000000e+00
-3.000729000000000087e+04	0.000000000000000000e+00	0.000000000000000000e+00	5.249183629871517071e-02	0.000000000000000000e+00
-3.000727999999999884e+04	0.000000000000000000e+00	0.000000000000000000e+00	6.225775933103427223e-02	0.000000000000000000e+00
-3.000727000000000044e+04	0.000000000000000000e+00	0.000000000000000000e+00	6.042664876247444417e-02	0.000000000000000000e+00
-3.000725000000000000e+04	0.000000000000000000e+00	0.000000000000000000e+00	5.462813196203497590e-02	0.000000000000000000e+00
-3.000722999999999956e+04	0.000000000000000000e+00	0.000000000000000000e+00	4.943998535111545495e-02	0.000000000000000000e+00
-3.000722000000000116e+04	0.000000000000000000e+00	0.000000000000000000e+00	5.645924253059480397e-02	0.000000000000000000e+00
-3.000720999999999913e+04	0.000000000000000000e+00	0.000000000000000000e+00	5.401776177251502858e-02	0.000000000000000000e+00
-3.000718999999999869e+04	0.000000000000000000e+00	0.000000000000000000e+00	5.035554063539536551e-02	0.000000000000000000e+00
-3.000718000000000029e+04	0.000000000000000000e+00	0.000000000000000000e+00	5.676442762535478109e-02	0.000000000000000000e+00
-3.000716999999999825e+04	0.000000000000000000e+00	0.000000000000000000e+00	4.852443006683553745e-02	0.000000000000000000e+00
-3.000715999999999985e+04	0.000000000000000000e+00	0.000000000000000000e+00	4.516739402447584456e-02	0.000000000000000000e+00
-3.000715999999999985e+04	0.000000000000000000e+00	0.000000000000000000e+00	5.066072573015534264e-02	0.000000000000000000e+00
-3.000713999999999942e+04	0.000000000000000000e+00	0.000000000000000000e+00	5.310220648823511802e-02	0.000000000000000000e+00
-3.000711999999999898e+04	0.000000000000000000e+00	0.000000000000000000e+00	5.767998290963469166e-02	0.000000000000000000e+00
-3.000711000000000058e+04	0.000000000000000000e+00	0.000000000000000000e+00	6.042664876247444417e-02	0.000000000000000000e+00
-3.000709999999999854e+04	0.000000000000000000e+00	0.000000000000000000e+00	5.523850215155491628e-02	0.000000000000000000e+00
-3.000708000000000175e+04	0.000000000000000000e+00	0.000000000000000000e+00	5.859553819391460916e-02	0.000000000000000000e+00
-3.000706999999999971e+04	0.000000000000000000e+00	0.000000000000000000e+00	5.279702139347514089e-02	0.000000000000000000e+00
-3.000704999999999927e+04	0.000000000000000000e+00	0.000000000000000000e+00	5.554368724631489340e-02	0.000000000000000000e+00
-3.000704000000000087e+04	0.000000000000000000e+00	0.000000000000000000e+00	5.432294686727500571e-02	0.000000000000000000e+00
-3.000702000000000044e+04	0.000000000000000000e+00	0.000000000000000000e+00	5.249183629871517071e-02	0.000000000000000000e+00
-3.000700999999999840e+04	0.000000000000000000e+00	0.000000000000000000e+00	5.859553819391460916e-02	0.000000000000000000e+00
-3.000699000000000160e+04	0.000000000000000000e+00	0.000000000000000000e+00	5.645924253059480397e-02	0.000000000000000000e+00
-3.000697999999999956e+04	0.000000000000000000e+00	0.000000000000000000e+00	6.683553575243385281e-02	0.000000000000000000e+00
-3.000697000000000116e+04	0.000000000000000000e+00	0.000000000000000000e+00	5.554368724631489340e-02	0.000000000000000000e+00
-3.000695999999999913e+04	0.000000000000000000e+00	0.000000000000000000e+00	6.134220404675435473e-02	0.000000000000000000e+00
-3.000695000000000073e+04	0.000000000000000000e+00	0.000000000000000000e+00	4.791405987731559013e-02	0.000000000000000000e+00
-3.000693000000000029e+04	0.000000000000000000e+00	0.000000000000000000e+00	7.568590350047303683e-02	0.000000000000000000e+00
-3.000691999999999825e+04	0.000000000000000000e+00	0.000000000000000000e+00	5.676442762535478109e-02	0.000000000000000000e+00
-3.000690999999999985e+04	0.000000000000000000e+00	0.000000000000000000e+00	6.317331461531418280e-02	0.000000000000000000e+00
-3.000688999999999942e+04	0.000000000000000000e+00	0.000000000000000000e+00	6.347849971007415992e-02	0.000000000000000000e+00
-3.000688000000000102e+04	0.000000000000000000e+00	0.000000000000000000e+00	6.500442518387401780e-02	0.000000000000000000e+00
-3.000686999999999898e+04	0.000000000000000000e+00	0.000000000000000000e+00	6.134220404675435473e-02	0.000000000000000000e+00
-3.000684999999999854e+04	0.000000000000000000e+00	0.000000000000000000e+00	6.256294442579424242e-02	0.000000000000000000e+00
-3.000683000000000175e+04	0.000000000000000000e+00	0.000000000000000000e+00	6.683553575243385281e-02	0.000000000000000000e+00
-3.000681999999999971e+04	0.000000000000000000e+00	0.000000000000000000e+00	6.042664876247444417e-02	0.000000000000000000e+00
-3.000679999999999927e+04	0.000000000000000000e+00	0.000000000000000000e+00	5.615405743583483378e-02	0.000000000000000000e+00
-3.000679000000000087e+04	0.000000000000000000e+00	0.000000000000000000e+00	6.134220404675435473e-02	0.000000000000000000e+00
-3.000677000000000044e+04	0.000000000000000000e+00	0.000000000000000000e+00	6.927701651051362819e-02	0.000000000000000000e+00
-3.000675999999999840e+04	0.000000000000000000e+00	0.000000000000000000e+00	5.615405743583483378e-02	0.000000000000000000e+00
-3.000675000000000000e+04	0.000000000000000000e+00	0.000000000000000000e+00	6.378368480483413705e-02	0.000000000000000000e+00
-3.000674000000000160e+04	0.000000000000000000e+00	0.000000000000000000e+00	6.683553575243385281e-02	0.000000000000000000e+00
-3.000672999999999956e+04	0.000000000000000000e+00	0.000000000000000000e+00	5.645924253059480397e-02	0.000000000000000000e+00
-3.000672000000000116e+04	0.000000000000000000e+00	0.000000000000000000e+00	6.347849971007415992e-02	0.000000000000000000e+00
-3.000670999999999913e+04	0.000000000000000000e+00	0.000000000000000000e+00	6.958220160527360532e-02	0.000000000000000000e+00
-3.000668000000000029e+04	0.000000000000000000e+00	0.000000000000000000e+00	5.432294686727500571e-02	0.000000000000000000e+00
-3.000665999999999985e+04	0.000000000000000000e+00	0.000000000000000000e+00	6.256294442579424242e-02	0.000000000000000000e+00
-3.000663999999999942e+04	0.000000000000000000e+00	0.000000000000000000e+00	6.042664876247444417e-02	0.000000000000000000e+00
-3.000661999999999898e+04	0.000000000000000000e+00	0.000000000000000000e+00	5.767998290963469166e-02	0.000000000000000000e+00
-3.000661000000000058e+04	0.000000000000000000e+00	0.000000000000000000e+00	6.927701651051362819e-02	0.000000000000000000e+00
-3.000659000000000015e+04	0.000000000000000000e+00	0.000000000000000000e+00	6.500442518387401780e-02	0.000000000000000000e+00
-3.000656999999999971e+04	0.000000000000000000e+00	0.000000000000000000e+00	6.042664876247444417e-02	0.000000000000000000e+00
-3.000656000000000131e+04	0.000000000000000000e+00	0.000000000000000000e+00	5.981627857295449685e-02	0.000000000000000000e+00
-3.000652999999999884e+04	0.000000000000000000e+00	0.000000000000000000e+00	6.195257423627430204e-02	0.000000000000000000e+00
-3.000652000000000044e+04	0.000000000000000000e+00	0.000000000000000000e+00	5.798516800439466878e-02	0.000000000000000000e+00
-3.000650999999999840e+04	0.000000000000000000e+00	0.000000000000000000e+00	6.927701651051362819e-02	0.000000000000000000e+00
-3.000650000000000000e+04	0.000000000000000000e+00	0.000000000000000000e+00	6.683553575243385281e-02	0.000000000000000000e+00
-3.000649000000000160e+04	0.000000000000000000e+00	0.000000000000000000e+00	6.805627613147373356e-02	0.000000000000000000e+00
-3.000647000000000116e+04	0.000000000000000000e+00	0.000000000000000000e+00	6.439405499435407743e-02	0.000000000000000000e+00
-3.000645000000000073e+04	0.000000000000000000e+00	0.000000000000000000e+00	7.202368236335338070e-02	0.000000000000000000e+00
-3.000643000000000029e+04	0.000000000000000000e+00	0.000000000000000000e+00	6.134220404675435473e-02	0.000000000000000000e+00
-3.000640000000000146e+04	0.000000000000000000e+00	0.000000000000000000e+00	6.897183141575365106e-02	0.000000000000000000e+00
-3.000638999999999942e+04	0.000000000000000000e+00	0.000000000000000000e+00	7.507553331095309646e-02	0.000000000000000000e+00
-3.000638000000000102e+04	0.000000000000000000e+00	0.000000000000000000e+00	5.798516800439466878e-02	0.000000000000000000e+00
-3.000636000000000058e+04	0.000000000000000000e+00	0.000000000000000000e+00	6.225775933103427223e-02	0.000000000000000000e+00
-3.000634000000000015e+04	0.000000000000000000e+00	0.000000000000000000e+00	6.225775933103427223e-02	0.000000000000000000e+00
-3.000631999999999971e+04	0.000000000000000000e+00	0.000000000000000000e+00	6.958220160527360532e-02	0.000000000000000000e+00
-3.000629999999999927e+04	0.000000000000000000e+00	0.000000000000000000e+00	6.805627613147373356e-02	0.000000000000000000e+00
-3.000629000000000087e+04	0.000000000000000000e+00	0.000000000000000000e+00	6.714072084719382993e-02	0.000000000000000000e+00
-3.000627999999999884e+04	0.000000000000000000e+00	0.000000000000000000e+00	6.561479537339395818e-02	0.000000000000000000e+00
-3.000625999999999840e+04	0.000000000000000000e+00	0.000000000000000000e+00	7.263405255287332107e-02	0.000000000000000000e+00
-3.000624000000000160e+04	0.000000000000000000e+00	0.000000000000000000e+00	6.897183141575365106e-02	0.000000000000000000e+00
-3.000622999999999956e+04	0.000000000000000000e+00	0.000000000000000000e+00	7.507553331095309646e-02	0.000000000000000000e+00
-3.000622000000000116e+04	0.000000000000000000e+00	0.000000000000000000e+00	7.263405255287332107e-02	0.000000000000000000e+00
-3.000620000000000073e+04	0.000000000000000000e+00	0.000000000000000000e+00	6.714072084719382993e-02	0.000000000000000000e+00
-3.000616999999999825e+04	0.000000000000000000e+00	0.000000000000000000e+00	6.836146122623371069e-02	0.000000000000000000e+00
-3.000613999999999942e+04	0.000000000000000000e+00	0.000000000000000000e+00	7.110812707907346319e-02	0.000000000000000000e+00
-3.000611999999999898e+04	0.000000000000000000e+00	0.000000000000000000e+00	6.408886989959410030e-02	0.000000000000000000e+00
-3.000609000000000015e+04	0.000000000000000000e+00	0.000000000000000000e+00	6.897183141575365106e-02	0.000000000000000000e+00
-3.000606999999999971e+04	0.000000000000000000e+00	0.000000000000000000e+00	4.974517044587542514e-02	0.000000000000000000e+00
-3.000604999999999927e+04	0.000000000000000000e+00	0.000000000000000000e+00	6.408886989959410030e-02	0.000000000000000000e+00
-3.000602999999999884e+04	0.000000000000000000e+00	0.000000000000000000e+00	6.744590594195379318e-02	0.000000000000000000e+00
-3.000600999999999840e+04	0.000000000000000000e+00	0.000000000000000000e+00	7.568590350047303683e-02	0.000000000000000000e+00
-3.000599000000000160e+04	0.000000000000000000e+00	0.000000000000000000e+00	6.958220160527360532e-02	0.000000000000000000e+00
-3.000597000000000116e+04	0.000000000000000000e+00	0.000000000000000000e+00	6.683553575243385281e-02	0.000000000000000000e+00
-3.000595000000000073e+04	0.000000000000000000e+00	0.000000000000000000e+00	6.653035065767387568e-02	0.000000000000000000e+00
-3.000593999999999869e+04	0.000000000000000000e+00	0.000000000000000000e+00	6.225775933103427223e-02	0.000000000000000000e+00
-3.000591999999999825e+04	0.000000000000000000e+00	0.000000000000000000e+00	6.653035065767387568e-02	0.000000000000000000e+00
-3.000588999999999942e+04	0.000000000000000000e+00	0.000000000000000000e+00	6.683553575243385281e-02	0.000000000000000000e+00
-3.000586000000000058e+04	0.000000000000000000e+00	0.000000000000000000e+00	6.805627613147373356e-02	0.000000000000000000e+00
-3.000581999999999971e+04	0.000000000000000000e+00	0.000000000000000000e+00	6.561479537339395818e-02	0.000000000000000000e+00
-3.000579999999999927e+04	0.000000000000000000e+00	0.000000000000000000e+00	7.660145878475295433e-02	0.000000000000000000e+00
-3.000577000000000044e+04	0.000000000000000000e+00	0.000000000000000000e+00	7.293923764763328432e-02	0.000000000000000000e+00
-3.000575000000000000e+04	0.000000000000000000e+00	0.000000000000000000e+00	7.324442274239326145e-02	0.000000000000000000e+00
-3.000572999999999956e+04	0.000000000000000000e+00	0.000000000000000000e+00	7.904293954283272972e-02	0.000000000000000000e+00
-3.000570000000000073e+04	0.000000000000000000e+00	0.000000000000000000e+00	8.056886501663258759e-02	0.000000000000000000e+00
-3.000565999999999985e+04	0.000000000000000000e+00	0.000000000000000000e+00	7.751701406903287184e-02	0.000000000000000000e+00
-3.000563000000000102e+04	0.000000000000000000e+00	0.000000000000000000e+00	8.819849238563189087e-02	0.000000000000000000e+00
-3.000561000000000058e+04	0.000000000000000000e+00	0.000000000000000000e+00	7.568590350047303683e-02	0.000000000000000000e+00
-3.000559000000000015e+04	0.000000000000000000e+00	0.000000000000000000e+00	7.568590350047303683e-02	0.000000000000000000e+00
-3.000556999999999971e+04	0.000000000000000000e+00	0.000000000000000000e+00	7.873775444807275259e-02	0.000000000000000000e+00
-3.000554000000000087e+04	0.000000000000000000e+00	0.000000000000000000e+00	7.354960783715323858e-02	0.000000000000000000e+00
-3.000550000000000000e+04	0.000000000000000000e+00	0.000000000000000000e+00	7.293923764763328432e-02	0.000000000000000000e+00
-3.000547000000000116e+04	0.000000000000000000e+00	0.000000000000000000e+00	7.873775444807275259e-02	0.000000000000000000e+00
-3.000543999999999869e+04	0.000000000000000000e+00	0.000000000000000000e+00	7.965330973235267009e-02	0.000000000000000000e+00
-3.000541999999999825e+04	0.000000000000000000e+00	0.000000000000000000e+00	7.873775444807275259e-02	0.000000000000000000e+00
-3.000540000000000146e+04	0.000000000000000000e+00	0.000000000000000000e+00	7.171849726859340357e-02	0.000000000000000000e+00
-3.000536999999999898e+04	0.000000000000000000e+00	0.000000000000000000e+00	7.293923764763328432e-02	0.000000000000000000e+00
-3.000534000000000015e+04	0.000000000000000000e+00	0.000000000000000000e+00	7.812738425855281221e-02	0.000000000000000000e+00
-3.000531999999999971e+04	0.000000000000000000e+00	0.000000000000000000e+00	8.362071596423230335e-02	0.000000000000000000e+00
-3.000529000000000087e+04	0.000000000000000000e+00	0.000000000000000000e+00	8.056886501663258759e-02	0.000000000000000000e+00
-3.000525999999999840e+04	0.000000000000000000e+00	0.000000000000000000e+00	8.484145634327219798e-02	0.000000000000000000e+00
-3.000525000000000000e+04	0.000000000000000000e+00	0.000000000000000000e+00	8.301034577471236298e-02	0.000000000000000000e+00
-3.000522000000000116e+04	0.000000000000000000e+00	0.000000000000000000e+00	8.209479049043244547e-02	0.000000000000000000e+00
-3.000518000000000029e+04	0.000000000000000000e+00	0.000000000000000000e+00	6.927701651051362819e-02	0.000000000000000000e+00
-3.000513999999999942e+04	0.000000000000000000e+00	0.000000000000000000e+00	8.239997558519242260e-02	0.000000000000000000e+00
-3.000511999999999898e+04	0.000000000000000000e+00	0.000000000000000000e+00	8.728293710135197336e-02	0.000000000000000000e+00
-3.000509000000000015e+04	0.000000000000000000e+00	0.000000000000000000e+00	8.331553086947234010e-02	0.000000000000000000e+00
-3.000506000000000131e+04	0.000000000000000000e+00	0.000000000000000000e+00	9.643848994415113451e-02	0.000000000000000000e+00
-3.000504000000000087e+04	0.000000000000000000e+00	0.000000000000000000e+00	8.301034577471236298e-02	0.000000000000000000e+00
-3.000500999999999840e+04	0.000000000000000000e+00	0.000000000000000000e+00	8.301034577471236298e-02	0.000000000000000000e+00
-3.000499000000000160e+04	0.000000000000000000e+00	0.000000000000000000e+00	8.239997558519242260e-02	0.000000000000000000e+00
-3.000495000000000073e+04	0.000000000000000000e+00	0.000000000000000000e+00	7.904293954283272972e-02	0.000000000000000000e+00
-3.000491999999999825e+04	0.000000000000000000e+00	0.000000000000000000e+00	8.667256691183203299e-02	0.000000000000000000e+00
-3.000488999999999942e+04	0.000000000000000000e+00	0.000000000000000000e+00	9.460737937559129951e-02	0.000000000000000000e+00
-3.000486999999999898e+04	0.000000000000000000e+00	0.000000000000000000e+00	9.216589861751152413e-02	0.000000000000000000e+00
-3.000484000000000015e+04	0.000000000000000000e+00	0.000000000000000000e+00	9.369182409131138201e-02	0.000000000000000000e+00
-3.000481000000000131e+04	0.000000000000000000e+00	0.000000000000000000e+00	8.575701162755211548e-02	0.000000000000000000e+00
-3.000477999999999884e+04	0.000000000000000000e+00	0.000000000000000000e+00	8.850367748039185412e-02	0.000000000000000000e+00
-3.000474000000000160e+04	0.000000000000000000e+00	0.000000000000000000e+00	8.453627124851222085e-02	0.000000000000000000e+00
-3.000470999999999913e+04	0.000000000000000000e+00	0.000000000000000000e+00	8.667256691183203299e-02	0.000000000000000000e+00
-3.000466999999999825e+04	0.000000000000000000e+00	0.000000000000000000e+00	8.697775200659199624e-02	0.000000000000000000e+00
-3.000461999999999898e+04	0.000000000000000000e+00	0.000000000000000000e+00	9.521774956511123988e-02	0.000000000000000000e+00
-3.000459000000000015e+04	0.000000000000000000e+00	0.000000000000000000e+00	9.125034333323160662e-02	0.000000000000000000e+00
-3.000456000000000131e+04	0.000000000000000000e+00	0.000000000000000000e+00	1.055940427869502818e-01	0.000000000000000000e+00
-3.000450999999999840e+04	0.000000000000000000e+00	0.000000000000000000e+00	1.016266365550706485e-01	0.000000000000000000e+00
-3.000447000000000116e+04	0.000000000000000000e+00	0.000000000000000000e+00	1.007110812707907310e-01	0.000000000000000000e+00
-3.000443000000000029e+04	0.000000000000000000e+00	0.000000000000000000e+00	1.031525620288705064e-01	0.000000000000000000e+00
-3.000440000000000146e+04	0.000000000000000000e+00	0.000000000000000000e+00	9.491256447035126276e-02	0.000000000000000000e+00
-3.000436000000000058e+04	0.000000000000000000e+00	0.000000000000000000e+00	9.826960051271095564e-02	0.000000000000000000e+00
-3.000431000000000131e+04	0.000000000000000000e+00	0.000000000000000000e+00	9.918515579699087314e-02	0.000000000000000000e+00
-3.000425999999999840e+04	0.000000000000000000e+00	0.000000000000000000e+00	9.979552598651081352e-02	0.000000000000000000e+00
-3.000422999999999956e+04	0.000000000000000000e+00	0.000000000000000000e+00	1.022370067445905889e-01	0.000000000000000000e+00
-3.000420000000000073e+04	0.000000000000000000e+00	0.000000000000000000e+00	1.031525620288705064e-01	0.000000000000000000e+00
-3.000415999999999985e+04	0.000000000000000000e+00	0.000000000000000000e+00	9.735404522843103814e-02	0.000000000000000000e+00
-3.000411000000000058e+04	0.000000000000000000e+00	0.000000000000000000e+00	1.010162663655507082e-01	0.000000000000000000e+00
-3.000406999999999971e+04	0.000000000000000000e+00	0.000000000000000000e+00	9.826960051271095564e-02	0.000000000000000000e+00
-3.000404000000000087e+04	0.000000000000000000e+00	0.000000000000000000e+00	1.135288552507095622e-01	0.000000000000000000e+00
-3.000400000000000000e+04	0.000000000000000000e+00	0.000000000000000000e+00	1.153599658192693833e-01	0.000000000000000000e+00
-3.000397999999999956e+04	0.000000000000000000e+00	0.000000000000000000e+00	1.013214514603106853e-01	0.000000000000000000e+00
-3.000395000000000073e+04	0.000000000000000000e+00	0.000000000000000000e+00	1.101718192083498693e-01	0.000000000000000000e+00
-3.000390999999999985e+04	0.000000000000000000e+00	0.000000000000000000e+00	1.092562639240699518e-01	0.000000000000000000e+00
-3.000386999999999898e+04	0.000000000000000000e+00	0.000000000000000000e+00	1.107821893978698097e-01	0.000000000000000000e+00
-3.000384000000000015e+04	0.000000000000000000e+00	0.000000000000000000e+00	1.138340403454695254e-01	0.000000000000000000e+00
-3.000381000000000131e+04	0.000000000000000000e+00	0.000000000000000000e+00	1.116977446821497272e-01	0.000000000000000000e+00
-3.000377000000000044e+04	0.000000000000000000e+00	0.000000000000000000e+00	1.138340403454695254e-01	0.000000000000000000e+00
-3.000375000000000000e+04	0.000000000000000000e+00	0.000000000000000000e+00	1.174962614825891954e-01	0.000000000000000000e+00
-3.000370999999999913e+04	0.000000000000000000e+00	0.000000000000000000e+00	1.156651509140293604e-01	0.000000000000000000e+00
-3.000368000000000029e+04	0.000000000000000000e+00	0.000000000000000000e+00	1.196325571459089937e-01	0.000000000000000000e+00
-3.000363999999999942e+04	0.000000000000000000e+00	0.000000000000000000e+00	1.178014465773491587e-01	0.000000000000000000e+00
-3.000361000000000058e+04	0.000000000000000000e+00	0.000000000000000000e+00	1.223792229987487462e-01	0.000000000000000000e+00
-3.000358000000000175e+04	0.000000000000000000e+00	0.000000000000000000e+00	1.110873744926297868e-01	0.000000000000000000e+00
-3.000356000000000131e+04	0.000000000000000000e+00	0.000000000000000000e+00	1.092562639240699518e-01	0.000000000000000000e+00
-3.000354000000000087e+04	0.000000000000000000e+00	0.000000000000000000e+00	1.116977446821497272e-01	0.000000000000000000e+00
-3.000350999999999840e+04	0.000000000000000000e+00	0.000000000000000000e+00	1.165807061983092779e-01	0.000000000000000000e+00
-3.000349000000000160e+04	0.000000000000000000e+00	0.000000000000000000e+00	1.138340403454695254e-01	0.000000000000000000e+00
-3.000347000000000116e+04	0.000000000000000000e+00	0.000000000000000000e+00	1.300088503677480356e-01	0.000000000000000000e+00
-3.000343999999999869e+04	0.000000000000000000e+00	0.000000000000000000e+00	1.266518143253883566e-01	0.000000000000000000e+00
-3.000341999999999825e+04	0.000000000000000000e+00	0.000000000000000000e+00	1.229895931882686866e-01	0.000000000000000000e+00
-3.000338999999999942e+04	0.000000000000000000e+00	0.000000000000000000e+00	1.217688528092287920e-01	0.000000000000000000e+00
-3.000338000000000102e+04	0.000000000000000000e+00	0.000000000000000000e+00	1.211584826197088516e-01	0.000000000000000000e+00
-3.000336000000000058e+04	0.000000000000000000e+00	0.000000000000000000e+00	1.257362590411084391e-01	0.000000000000000000e+00
-3.000334000000000015e+04	0.000000000000000000e+00	0.000000000000000000e+00	1.223792229987487462e-01	0.000000000000000000e+00
-3.000331999999999971e+04	0.000000000000000000e+00	0.000000000000000000e+00	1.232947782830286637e-01	0.000000000000000000e+00
-3.000329000000000087e+04	0.000000000000000000e+00	0.000000000000000000e+00	1.266518143253883566e-01	0.000000000000000000e+00
-3.000327000000000044e+04	0.000000000000000000e+00	0.000000000000000000e+00	1.226844080935087095e-01	0.000000000000000000e+00
-3.000325999999999840e+04	0.000000000000000000e+00	0.000000000000000000e+00	1.251258888515884848e-01	0.000000000000000000e+00
-3.000322999999999956e+04	0.000000000000000000e+00	0.000000000000000000e+00	1.269569994201483198e-01	0.000000000000000000e+00
-3.000320999999999913e+04	0.000000000000000000e+00	0.000000000000000000e+00	1.251258888515884848e-01	0.000000000000000000e+00
-3.000318999999999869e+04	0.000000000000000000e+00	0.000000000000000000e+00	1.248207037568285216e-01	0.000000000000000000e+00
-3.000316999999999825e+04	0.000000000000000000e+00	0.000000000000000000e+00	1.199377422406689708e-01	0.000000000000000000e+00
-3.000315000000000146e+04	0.000000000000000000e+00	0.000000000000000000e+00	1.275673696096682741e-01	0.000000000000000000e+00
-3.000313000000000102e+04	0.000000000000000000e+00	0.000000000000000000e+00	1.208532975249488883e-01	0.000000000000000000e+00
-3.000309999999999854e+04	0.000000000000000000e+00	0.000000000000000000e+00	1.242103335673085673e-01	0.000000000000000000e+00
-3.000308000000000175e+04	0.000000000000000000e+00	0.000000000000000000e+00	1.251258888515884848e-01	0.000000000000000000e+00
-3.000306000000000131e+04	0.000000000000000000e+00	0.000000000000000000e+00	1.251258888515884848e-01	0.000000000000000000e+00
-3.000304000000000087e+04	0.000000000000000000e+00	0.000000000000000000e+00	1.184118167668691129e-01	0.000000000000000000e+00
-3.000302999999999884e+04	0.000000000000000000e+00	0.000000000000000000e+00	1.251258888515884848e-01	0.000000000000000000e+00
-3.000302000000000044e+04	0.000000000000000000e+00	0.000000000000000000e+00	1.324503311258278249e-01	0.000000000000000000e+00
-3.000300000000000000e+04	0.000000000000000000e+00	0.000000000000000000e+00	1.321451460310678339e-01	0.000000000000000000e+00
-3.000297000000000116e+04	0.000000000000000000e+00	0.000000000000000000e+00	1.370281075472273846e-01	0.000000000000000000e+00
-3.000293999999999869e+04	0.000000000000000000e+00	0.000000000000000000e+00	1.297036652729880724e-01	0.000000000000000000e+00
-3.000293000000000029e+04	0.000000000000000000e+00	0.000000000000000000e+00	1.290932950834681181e-01	0.000000000000000000e+00
-3.000291999999999825e+04	0.000000000000000000e+00	0.000000000000000000e+00	1.446577349162266879e-01	0.000000000000000000e+00
-3.000288999999999942e+04	0.000000000000000000e+00	0.000000000000000000e+00	1.446577349162266879e-01	0.000000000000000000e+00
-3.000286000000000058e+04	0.000000000000000000e+00	0.000000000000000000e+00	1.440473647267067614e-01	0.000000000000000000e+00
-3.000284000000000015e+04	0.000000000000000000e+00	0.000000000000000000e+00	1.431318094424268439e-01	0.000000000000000000e+00
-3.000281999999999971e+04	0.000000000000000000e+00	0.000000000000000000e+00	1.504562517166661562e-01	0.000000000000000000e+00
-3.000281000000000131e+04	0.000000000000000000e+00	0.000000000000000000e+00	1.416058839686269721e-01	0.000000000000000000e+00
-3.000279000000000087e+04	0.000000000000000000e+00	0.000000000000000000e+00	1.385540330210272564e-01	0.000000000000000000e+00
-3.000277000000000044e+04	0.000000000000000000e+00	0.000000000000000000e+00	1.385540330210272564e-01	0.000000000000000000e+00
-3.000275000000000000e+04	0.000000000000000000e+00	0.000000000000000000e+00	1.492355113376262754e-01	0.000000000000000000e+00
-3.000272999999999956e+04	0.000000000000000000e+00	0.000000000000000000e+00	1.397747734000671371e-01	0.000000000000000000e+00
-3.000270999999999913e+04	0.000000000000000000e+00	0.000000000000000000e+00	1.327555162205877881e-01	0.000000000000000000e+00
-3.000270000000000073e+04	0.000000000000000000e+00	0.000000000000000000e+00	1.333658864101077424e-01	0.000000000000000000e+00
-3.000268000000000029e+04	0.000000000000000000e+00	0.000000000000000000e+00	1.358073671681875039e-01	0.000000000000000000e+00
-3.000266999999999825e+04	0.000000000000000000e+00	0.000000000000000000e+00	1.443525498214667246e-01	0.000000000000000000e+00
-3.000265000000000146e+04	0.000000000000000000e+00	0.000000000000000000e+00	1.416058839686269721e-01	0.000000000000000000e+00
-3.000265000000000146e+04	0.000000000000000000e+00	0.000000000000000000e+00	1.434369945371868071e-01	0.000000000000000000e+00
-3.000263999999999942e+04	0.000000000000000000e+00	0.000000000000000000e+00	1.403851435895870914e-01	0.000000000000000000e+00
-3.000263000000000102e+04	0.000000000000000000e+00	0.000000000000000000e+00	1.348918118839075864e-01	0.000000000000000000e+00
-3.000261000000000058e+04	0.000000000000000000e+00	0.000000000000000000e+00	1.348918118839075864e-01	0.000000000000000000e+00
-3.000258000000000175e+04	0.000000000000000000e+00	0.000000000000000000e+00	1.361125522629474671e-01	0.000000000000000000e+00
-3.000256000000000131e+04	0.000000000000000000e+00	0.000000000000000000e+00	1.434369945371868071e-01	0.000000000000000000e+00
-3.000254000000000087e+04	0.000000000000000000e+00	0.000000000000000000e+00	1.461836603900265597e-01	0.000000000000000000e+00
-3.000252999999999884e+04	0.000000000000000000e+00	0.000000000000000000e+00	1.461836603900265597e-01	0.000000000000000000e+00
-3.000250999999999840e+04	0.000000000000000000e+00	0.000000000000000000e+00	1.553392132328257069e-01	0.000000000000000000e+00
-3.000249000000000160e+04	0.000000000000000000e+00	0.000000000000000000e+00	1.498458815271462019e-01	0.000000000000000000e+00
-3.000247000000000116e+04	0.000000000000000000e+00	0.000000000000000000e+00	1.617481002227851294e-01	0.000000000000000000e+00
-3.000245000000000073e+04	0.000000000000000000e+00	0.000000000000000000e+00	1.513718070009460737e-01	0.000000000000000000e+00
-3.000243999999999869e+04	0.000000000000000000e+00	0.000000000000000000e+00	1.562547685171056244e-01	0.000000000000000000e+00
-3.000241999999999825e+04	0.000000000000000000e+00	0.000000000000000000e+00	1.461836603900265597e-01	0.000000000000000000e+00
-3.000240999999999985e+04	0.000000000000000000e+00	0.000000000000000000e+00	1.501510666219061929e-01	0.000000000000000000e+00
-3.000238000000000102e+04	0.000000000000000000e+00	0.000000000000000000e+00	1.498458815271462019e-01	0.000000000000000000e+00
-3.000236000000000058e+04	0.000000000000000000e+00	0.000000000000000000e+00	1.492355113376262754e-01	0.000000000000000000e+00
-3.000234000000000015e+04	0.000000000000000000e+00	0.000000000000000000e+00	1.477095858638264037e-01	0.000000000000000000e+00
-3.000233000000000175e+04	0.000000000000000000e+00	0.000000000000000000e+00	1.446577349162266879e-01	0.000000000000000000e+00
-3.000229999999999927e+04	0.000000000000000000e+00	0.000000000000000000e+00	1.480147709585863947e-01	0.000000000000000000e+00
-3.000225999999999840e+04	0.000000000000000000e+00	0.000000000000000000e+00	1.528977324747459454e-01	0.000000000000000000e+00
-3.000222999999999956e+04	0.000000000000000000e+00	0.000000000000000000e+00	1.486251411481063212e-01	0.000000000000000000e+00
-3.000222000000000116e+04	0.000000000000000000e+00	0.000000000000000000e+00	1.593066194647053402e-01	0.000000000000000000e+00
-3.000220000000000073e+04	0.000000000000000000e+00	0.000000000000000000e+00	1.550340281380657437e-01	0.000000000000000000e+00
-3.000218000000000029e+04	0.000000000000000000e+00	0.000000000000000000e+00	1.562547685171056244e-01	0.000000000000000000e+00
-3.000215000000000146e+04	0.000000000000000000e+00	0.000000000000000000e+00	1.596118045594653034e-01	0.000000000000000000e+00
-3.000211999999999898e+04	0.000000000000000000e+00	0.000000000000000000e+00	1.556443983275856702e-01	0.000000000000000000e+00
-3.000209000000000015e+04	0.000000000000000000e+00	0.000000000000000000e+00	1.599169896542252944e-01	0.000000000000000000e+00
-3.000206000000000131e+04	0.000000000000000000e+00	0.000000000000000000e+00	1.699880977813043592e-01	0.000000000000000000e+00
-3.000202999999999884e+04	0.000000000000000000e+00	0.000000000000000000e+00	1.693777275917844050e-01	0.000000000000000000e+00
-3.000200999999999840e+04	0.000000000000000000e+00	0.000000000000000000e+00	1.647999511703848452e-01	0.000000000000000000e+00
-3.000199000000000160e+04	0.000000000000000000e+00	0.000000000000000000e+00	1.663258766441846892e-01	0.000000000000000000e+00
-3.000195999999999913e+04	0.000000000000000000e+00	0.000000000000000000e+00	1.614429151280251384e-01	0.000000000000000000e+00
-3.000193000000000029e+04	0.000000000000000000e+00	0.000000000000000000e+00	1.672414319284646067e-01	0.000000000000000000e+00
-3.000190000000000146e+04	0.000000000000000000e+00	0.000000000000000000e+00	1.599169896542252944e-01	0.000000000000000000e+00
-3.000186000000000058e+04	0.000000000000000000e+00	0.000000000000000000e+00	1.586962492751854137e-01	0.000000000000000000e+00
-3.000184000000000015e+04	0.000000000000000000e+00	0.000000000000000000e+00	1.647999511703848452e-01	0.000000000000000000e+00
-3.000183000000000175e+04	0.000000000000000000e+00	0.000000000000000000e+00	1.602221747489852577e-01	0.000000000000000000e+00
-3.000179999999999927e+04	0.000000000000000000e+00	0.000000000000000000e+00	1.709036530655842767e-01	0.000000000000000000e+00
-3.000177000000000044e+04	0.000000000000000000e+00	0.000000000000000000e+00	1.690725424970244417e-01	0.000000000000000000e+00
-3.000175000000000000e+04	0.000000000000000000e+00	0.000000000000000000e+00	1.617481002227851294e-01	0.000000000000000000e+00
-3.000172999999999956e+04	0.000000000000000000e+00	0.000000000000000000e+00	1.663258766441846892e-01	0.000000000000000000e+00
-3.000170000000000073e+04	0.000000000000000000e+00	0.000000000000000000e+00	1.672414319284646067e-01	0.000000000000000000e+00
-3.000166999999999825e+04	0.000000000000000000e+00	0.000000000000000000e+00	1.739555040131839925e-01	0.000000000000000000e+00
-3.000163999999999942e+04	0.000000000000000000e+00	0.000000000000000000e+00	1.840266121402630572e-01	0.000000000000000000e+00
-3.000161000000000058e+04	0.000000000000000000e+00	0.000000000000000000e+00	1.687673574022644785e-01	0.000000000000000000e+00
-3.000159999999999854e+04	0.000000000000000000e+00	0.000000000000000000e+00	1.818903164769432590e-01	0.000000000000000000e+00
-3.000158000000000175e+04	0.000000000000000000e+00	0.000000000000000000e+00	1.882992034669026815e-01	0.000000000000000000e+00
-3.000156999999999971e+04	0.000000000000000000e+00	0.000000000000000000e+00	1.748710592974639100e-01	0.000000000000000000e+00
-3.000154999999999927e+04	0.000000000000000000e+00	0.000000000000000000e+00	1.840266121402630572e-01	0.000000000000000000e+00
-3.000152999999999884e+04	0.000000000000000000e+00	0.000000000000000000e+00	1.828058717612231765e-01	0.000000000000000000e+00
-3.000150000000000000e+04	0.000000000000000000e+00	0.000000000000000000e+00	1.815851313821832957e-01	0.000000000000000000e+00
-3.000147999999999956e+04	0.000000000000000000e+00	0.000000000000000000e+00	1.794488357188634975e-01	0.000000000000000000e+00
-3.000147000000000116e+04	0.000000000000000000e+00	0.000000000000000000e+00	1.736503189184240292e-01	0.000000000000000000e+00
-3.000145000000000073e+04	0.000000000000000000e+00	0.000000000000000000e+00	1.767021698660237450e-01	0.000000000000000000e+00
-3.000143999999999869e+04	0.000000000000000000e+00	0.000000000000000000e+00	1.763969847712637817e-01	0.000000000000000000e+00
-3.000141999999999825e+04	0.000000000000000000e+00	0.000000000000000000e+00	1.828058717612231765e-01	0.000000000000000000e+00
-3.000140000000000146e+04	0.000000000000000000e+00	0.000000000000000000e+00	1.715140232551042310e-01	0.000000000000000000e+00
-3.000136999999999898e+04	0.000000000000000000e+00	0.000000000000000000e+00	1.806695760979033782e-01	0.000000000000000000e+00
-3.000134000000000015e+04	0.000000000000000000e+00	0.000000000000000000e+00	1.779229102450636257e-01	0.000000000000000000e+00
-3.000131000000000131e+04	0.000000000000000000e+00	0.000000000000000000e+00	1.773125400555436992e-01	0.000000000000000000e+00
-3.000127999999999884e+04	0.000000000000000000e+00	0.000000000000000000e+00	1.767021698660237450e-01	0.000000000000000000e+00
-3.000125000000000000e+04	0.000000000000000000e+00	0.000000000000000000e+00	1.834162419507431308e-01	0.000000000000000000e+00
-3.000122000000000116e+04	0.000000000000000000e+00	0.000000000000000000e+00	1.889095736564226080e-01	0.000000000000000000e+00
-3.000120000000000073e+04	0.000000000000000000e+00	0.000000000000000000e+00	1.882992034669026815e-01	0.000000000000000000e+00
-3.000118000000000029e+04	0.000000000000000000e+00	0.000000000000000000e+00	1.977599414044618198e-01	0.000000000000000000e+00
-3.000115000000000146e+04	0.000000000000000000e+00	0.000000000000000000e+00	1.950132755516220673e-01	0.000000000000000000e+00
-3.000111999999999898e+04	0.000000000000000000e+00	0.000000000000000000e+00	2.029480880153813338e-01	0.000000000000000000e+00
-3.000109000000000015e+04	0.000000000000000000e+00	0.000000000000000000e+00	2.041688283944212146e-01	0.000000000000000000e+00
-3.000106000000000131e+04	0.000000000000000000e+00	0.000000000000000000e+00	2.041688283944212146e-01	0.000000000000000000e+00
-3.000104000000000087e+04	0.000000000000000000e+00	0.000000000000000000e+00	2.093569750053407286e-01	0.000000000000000000e+00
-3.000102000000000044e+04	0.000000000000000000e+00	0.000000000000000000e+00	2.111880855739005636e-01	0.000000000000000000e+00
-3.000099000000000160e+04	0.000000000000000000e+00	0.000000000000000000e+00	2.066103091525010038e-01	0.000000000000000000e+00
-3.000095999999999913e+04	0.000000000000000000e+00	0.000000000000000000e+00	2.038636432996612513e-01	0.000000000000000000e+00
-3.000093000000000029e+04	0.000000000000000000e+00	0.000000000000000000e+00	2.014221625415814620e-01	0.000000000000000000e+00
-3.000090000000000146e+04	0.000000000000000000e+00	0.000000000000000000e+00	2.029480880153813338e-01	0.000000000000000000e+00
-3.000086999999999898e+04	0.000000000000000000e+00	0.000000000000000000e+00	2.063051240577410128e-01	0.000000000000000000e+00
-3.000084000000000015e+04	0.000000000000000000e+00	0.000000000000000000e+00	2.023377178258613796e-01	0.000000000000000000e+00
-3.000081999999999971e+04	0.000000000000000000e+00	0.000000000000000000e+00	2.041688283944212146e-01	0.000000000000000000e+00
-3.000079000000000087e+04	0.000000000000000000e+00	0.000000000000000000e+00	2.026429029206213706e-01	0.000000000000000000e+00
-3.000077000000000044e+04	0.000000000000000000e+00	0.000000000000000000e+00	1.931821649830622323e-01	0.000000000000000000e+00
-3.000075000000000000e+04	0.000000000000000000e+00	0.000000000000000000e+00	2.069154942472609671e-01	0.000000000000000000e+00
-3.000072999999999956e+04	0.000000000000000000e+00	0.000000000000000000e+00	2.066103091525010038e-01	0.000000000000000000e+00
-3.000070000000000073e+04	0.000000000000000000e+00	0.000000000000000000e+00	2.078310495315408846e-01	0.000000000000000000e+00
-3.000066999999999825e+04	0.000000000000000000e+00	0.000000000000000000e+00	2.053895687734610953e-01	0.000000000000000000e+00
-3.000063999999999942e+04	0.000000000000000000e+00	0.000000000000000000e+00	2.093569750053407286e-01	0.000000000000000000e+00
-3.000059999999999854e+04	0.000000000000000000e+00	0.000000000000000000e+00	2.160710470900601143e-01	0.000000000000000000e+00
-3.000058000000000175e+04	0.000000000000000000e+00	0.000000000000000000e+00	2.136295663319803528e-01	0.000000000000000000e+00
-3.000054999999999927e+04	0.000000000000000000e+00	0.000000000000000000e+00	2.194280831324198211e-01	0.000000000000000000e+00
-3.000052999999999884e+04	0.000000000000000000e+00	0.000000000000000000e+00	2.233954893642994544e-01	0.000000000000000000e+00
-3.000050999999999840e+04	0.000000000000000000e+00	0.000000000000000000e+00	2.328562273018585649e-01	0.000000000000000000e+00
-3.000047999999999956e+04	0.000000000000000000e+00	0.000000000000000000e+00	2.325510422070986016e-01	0.000000000000000000e+00
-3.000043999999999869e+04	0.000000000000000000e+00	0.000000000000000000e+00	2.261421552171392069e-01	0.000000000000000000e+00
-3.000040999999999985e+04	0.000000000000000000e+00	0.000000000000000000e+00	2.325510422070986016e-01	0.000000000000000000e+00
-3.000038999999999942e+04	0.000000000000000000e+00	0.000000000000000000e+00	2.294991912594988859e-01	0.000000000000000000e+00
-3.000036000000000058e+04	0.000000000000000000e+00	0.000000000000000000e+00	2.249214148380992984e-01	0.000000000000000000e+00
-3.000034999999999854e+04	0.000000000000000000e+00	0.000000000000000000e+00	2.252265999328592894e-01	0.000000000000000000e+00
-3.000031999999999971e+04	0.000000000000000000e+00	0.000000000000000000e+00	2.377391888180181156e-01	0.000000000000000000e+00
-3.000029000000000087e+04	0.000000000000000000e+00	0.000000000000000000e+00	2.227851191747795001e-01	0.000000000000000000e+00
-3.000027000000000044e+04	0.000000000000000000e+00	0.000000000000000000e+00	2.191228980376598301e-01	0.000000000000000000e+00
-3.000025000000000000e+04	0.000000000000000000e+00	0.000000000000000000e+00	2.209540086062196651e-01	0.000000000000000000e+00
-3.000020000000000073e+04	0.000000000000000000e+00	0.000000000000000000e+00	2.233954893642994544e-01	0.000000000000000000e+00
-3.000015999999999985e+04	0.000000000000000000e+00	0.000000000000000000e+00	2.209540086062196651e-01	0.000000000000000000e+00
-3.000013000000000102e+04	0.000000000000000000e+00	0.000000000000000000e+00	2.240058595538193809e-01	0.000000000000000000e+00
-3.000009999999999854e+04	0.000000000000000000e+00	0.000000000000000000e+00	2.270577105014191244e-01	0.000000000000000000e+00
-3.000006999999999971e+04	0.000000000000000000e+00	0.000000000000000000e+00	2.325510422070986016e-01	0.000000000000000000e+00
-3.000004000000000087e+04	0.000000000000000000e+00	0.000000000000000000e+00	2.417065950498977767e-01	0.000000000000000000e+00
-3.000000999999999840e+04	0.000000000000000000e+00	0.000000000000000000e+00	2.429273354289376574e-01	0.000000000000000000e+00
-2.999997999999999956e+04	0.000000000000000000e+00	0.000000000000000000e+00	2.462843714712973364e-01	0.000000000000000000e+00
-2.999993000000000029e+04	0.000000000000000000e+00	0.000000000000000000e+00	2.508621478926968962e-01	0.000000000000000000e+00
-2.999990000000000146e+04	0.000000000000000000e+00	0.000000000000000000e+00	2.520828882717368047e-01	0.000000000000000000e+00
-2.999986000000000058e+04	0.000000000000000000e+00	0.000000000000000000e+00	2.496414075136570432e-01	0.000000000000000000e+00
-2.999983000000000175e+04	0.000000000000000000e+00	0.000000000000000000e+00	2.615436262092959430e-01	0.000000000000000000e+00
-2.999979999999999927e+04	0.000000000000000000e+00	0.000000000000000000e+00	2.673421430097354112e-01	0.000000000000000000e+00
-2.999977000000000044e+04	0.000000000000000000e+00	0.000000000000000000e+00	2.697836237678151727e-01	0.000000000000000000e+00
-2.999974000000000160e+04	0.000000000000000000e+00	0.000000000000000000e+00	2.529984435560167499e-01	0.000000000000000000e+00
-2.999970999999999913e+04	0.000000000000000000e+00	0.000000000000000000e+00	2.667317728202154847e-01	0.000000000000000000e+00
-2.999966999999999825e+04	0.000000000000000000e+00	0.000000000000000000e+00	2.587969603564562182e-01	0.000000000000000000e+00
-2.999963000000000102e+04	0.000000000000000000e+00	0.000000000000000000e+00	2.508621478926968962e-01	0.000000000000000000e+00
-2.999958000000000175e+04	0.000000000000000000e+00	0.000000000000000000e+00	2.575762199774163097e-01	0.000000000000000000e+00
-2.999954999999999927e+04	0.000000000000000000e+00	0.000000000000000000e+00	2.566606646931363644e-01	0.000000000000000000e+00
-2.999952000000000044e+04	0.000000000000000000e+00	0.000000000000000000e+00	2.584917752616961995e-01	0.000000000000000000e+00
-2.999950000000000000e+04	0.000000000000000000e+00	0.000000000000000000e+00	2.700888088625751360e-01	0.000000000000000000e+00
-2.999947000000000116e+04	0.000000000000000000e+00	0.000000000000000000e+00	2.691732535782952462e-01	0.000000000000000000e+00
-2.999943999999999869e+04	0.000000000000000000e+00	0.000000000000000000e+00	2.761925107577745675e-01	0.000000000000000000e+00
-2.999940999999999985e+04	0.000000000000000000e+00	0.000000000000000000e+00	2.719199194311349710e-01	0.000000000000000000e+00
-2.999936999999999898e+04	0.000000000000000000e+00	0.000000000000000000e+00	2.703939939573350992e-01	0.000000000000000000e+00
-2.999934000000000015e+04	0.000000000000000000e+00	0.000000000000000000e+00	2.706991790520951180e-01	0.000000000000000000e+00
-2.999929999999999927e+04	0.000000000000000000e+00	0.000000000000000000e+00	2.810754722739341460e-01	0.000000000000000000e+00
-2.999927000000000044e+04	0.000000000000000000e+00	0.000000000000000000e+00	2.896206549272133390e-01	0.000000000000000000e+00
-2.999924000000000160e+04	0.000000000000000000e+00	0.000000000000000000e+00	2.877895443586535040e-01	0.000000000000000000e+00
-2.999920999999999913e+04	0.000000000000000000e+00	0.000000000000000000e+00	2.832117679372539443e-01	0.000000000000000000e+00
-2.999918999999999869e+04	0.000000000000000000e+00	0.000000000000000000e+00	3.082369457075716523e-01	0.000000000000000000e+00
-2.999916999999999825e+04	0.000000000000000000e+00	0.000000000000000000e+00	2.871791741691335775e-01	0.000000000000000000e+00
-2.999915000000000146e+04	0.000000000000000000e+00	0.000000000000000000e+00	2.890102847376934125e-01	0.000000000000000000e+00
-2.999911999999999898e+04	0.000000000000000000e+00	0.000000000000000000e+00	2.862636188848536878e-01	0.000000000000000000e+00
-2.999909999999999854e+04	0.000000000000000000e+00	0.000000000000000000e+00	2.893154698324533758e-01	0.000000000000000000e+00
-2.999906999999999971e+04	0.000000000000000000e+00	0.000000000000000000e+00	2.938932462538529355e-01	0.000000000000000000e+00
-2.999904999999999927e+04	0.000000000000000000e+00	0.000000000000000000e+00	2.914517654957731740e-01	0.000000000000000000e+00
-2.999902000000000044e+04	0.000000000000000000e+00	0.000000000000000000e+00	2.819910275582140358e-01	0.000000000000000000e+00
-2.999897999999999956e+04	0.000000000000000000e+00	0.000000000000000000e+00	2.816858424634540725e-01	0.000000000000000000e+00
-2.999895999999999913e+04	0.000000000000000000e+00	0.000000000000000000e+00	2.877895443586535040e-01	0.000000000000000000e+00
-2.999893999999999869e+04	0.000000000000000000e+00	0.000000000000000000e+00	2.835169530320139075e-01	0.000000000000000000e+00
-2.999891999999999825e+04	0.000000000000000000e+00	0.000000000000000000e+00	2.847376934110538160e-01	0.000000000000000000e+00
-2.999888999999999942e+04	0.000000000000000000e+00	0.000000000000000000e+00	3.012176885280922756e-01	0.000000000000000000e+00
-2.999886999999999898e+04	0.000000000000000000e+00	0.000000000000000000e+00	3.054902798547318721e-01	0.000000000000000000e+00
-2.999884999999999854e+04	0.000000000000000000e+00	0.000000000000000000e+00	2.981658375804925876e-01	0.000000000000000000e+00
-2.999883000000000175e+04	0.000000000000000000e+00	0.000000000000000000e+00	3.009125034333323123e-01	0.000000000000000000e+00
-2.999881999999999971e+04	0.000000000000000000e+00	0.000000000000000000e+00	3.091525009918515421e-01	0.000000000000000000e+00
-2.999879000000000087e+04	0.000000000000000000e+00	0.000000000000000000e+00	3.183080538346507171e-01	0.000000000000000000e+00
-2.999877000000000044e+04	0.000000000000000000e+00	0.000000000000000000e+00	3.097628711813715241e-01	0.000000000000000000e+00
-2.999874000000000160e+04	0.000000000000000000e+00	0.000000000000000000e+00	3.216650898770104239e-01	0.000000000000000000e+00
-2.999872000000000116e+04	0.000000000000000000e+00	0.000000000000000000e+00	3.231910153508102401e-01	0.000000000000000000e+00
-2.999870000000000073e+04	0.000000000000000000e+00	0.000000000000000000e+00	3.192236091189306069e-01	0.000000000000000000e+00
-2.999868000000000029e+04	0.000000000000000000e+00	0.000000000000000000e+00	3.115939817499313591e-01	0.000000000000000000e+00
-2.999865000000000146e+04	0.000000000000000000e+00	0.000000000000000000e+00	3.067110202337717806e-01	0.000000000000000000e+00
-2.999863000000000102e+04	0.000000000000000000e+00	0.000000000000000000e+00	3.115939817499313591e-01	0.000000000000000000e+00
-2.999859999999999854e+04	0.000000000000000000e+00	0.000000000000000000e+00	3.076265755180517258e-01	0.000000000000000000e+00
-2.999858000000000175e+04	0.000000000000000000e+00	0.000000000000000000e+00	3.097628711813715241e-01	0.000000000000000000e+00
-2.999854999999999927e+04	0.000000000000000000e+00	0.000000000000000000e+00	3.021332438123722208e-01	0.000000000000000000e+00
-2.999852000000000044e+04	0.000000000000000000e+00	0.000000000000000000e+00	3.054902798547318721e-01	0.000000000000000000e+00
-2.999850000000000000e+04	0.000000000000000000e+00	0.000000000000000000e+00	3.091525009918515421e-01	0.000000000000000000e+00
-2.999847000000000116e+04	0.000000000000000000e+00	0.000000000000000000e+00	3.094576860866115053e-01	0.000000000000000000e+00
-2.999843999999999869e+04	0.000000000000000000e+00	0.000000000000000000e+00	3.173924985503708274e-01	0.000000000000000000e+00
-2.999840999999999985e+04	0.000000000000000000e+00	0.000000000000000000e+00	3.183080538346507171e-01	0.000000000000000000e+00
-2.999836999999999898e+04	0.000000000000000000e+00	0.000000000000000000e+00	3.198339793084505889e-01	0.000000000000000000e+00
-2.999834000000000015e+04	0.000000000000000000e+00	0.000000000000000000e+00	3.347880489516891767e-01	0.000000000000000000e+00
-2.999831999999999971e+04	0.000000000000000000e+00	0.000000000000000000e+00	3.518784142582476182e-01	0.000000000000000000e+00
-2.999829999999999927e+04	0.000000000000000000e+00	0.000000000000000000e+00	3.488265633106479302e-01	0.000000000000000000e+00
-2.999829000000000087e+04	0.000000000000000000e+00	0.000000000000000000e+00	3.454695272682882234e-01	0.000000000000000000e+00
-2.999825999999999840e+04	0.000000000000000000e+00	0.000000000000000000e+00	3.488265633106479302e-01	0.000000000000000000e+00
-2.999822000000000116e+04	0.000000000000000000e+00	0.000000000000000000e+00	3.512680440687276917e-01	0.000000000000000000e+00
-2.999820000000000073e+04	0.000000000000000000e+00	0.000000000000000000e+00	3.515732291634876550e-01	0.000000000000000000e+00
-2.999818000000000029e+04	0.000000000000000000e+00	0.000000000000000000e+00	3.454695272682882234e-01	0.000000000000000000e+00
-2.999815999999999985e+04	0.000000000000000000e+00	0.000000000000000000e+00	3.476058229316080217e-01	0.000000000000000000e+00
-2.999813999999999942e+04	0.000000000000000000e+00	0.000000000000000000e+00	3.442487868892483149e-01	0.000000000000000000e+00
-2.999813000000000102e+04	0.000000000000000000e+00	0.000000000000000000e+00	3.448591570787682969e-01	0.000000000000000000e+00
-2.999811000000000058e+04	0.000000000000000000e+00	0.000000000000000000e+00	3.466902676473281320e-01	0.000000000000000000e+00
-2.999809000000000015e+04	0.000000000000000000e+00	0.000000000000000000e+00	3.387554551835688099e-01	0.000000000000000000e+00
-2.999806999999999971e+04	0.000000000000000000e+00	0.000000000000000000e+00	3.311258278145695622e-01	0.000000000000000000e+00
-2.999804999999999927e+04	0.000000000000000000e+00	0.000000000000000000e+00	3.329569383831293417e-01	0.000000000000000000e+00
-2.999804000000000087e+04	0.000000000000000000e+00	0.000000000000000000e+00	3.402813806573686817e-01	0.000000000000000000e+00
-2.999800999999999840e+04	0.000000000000000000e+00	0.000000000000000000e+00	3.332621234778893604e-01	0.000000000000000000e+00
-2.999797999999999956e+04	0.000000000000000000e+00	0.000000000000000000e+00	3.357036042359691219e-01	0.000000000000000000e+00
-2.999795000000000073e+04	0.000000000000000000e+00	0.000000000000000000e+00	3.280739768669698186e-01	0.000000000000000000e+00
-2.999793000000000029e+04	0.000000000000000000e+00	0.000000000000000000e+00	3.372295297097689937e-01	0.000000000000000000e+00
-2.999791999999999825e+04	0.000000000000000000e+00	0.000000000000000000e+00	3.442487868892483149e-01	0.000000000000000000e+00
-2.999790000000000146e+04	0.000000000000000000e+00	0.000000000000000000e+00	3.521835993530075815e-01	0.000000000000000000e+00
-2.999788000000000102e+04	0.000000000000000000e+00	0.000000000000000000e+00	3.588976714377269950e-01	0.000000000000000000e+00
-2.999786999999999898e+04	0.000000000000000000e+00	0.000000000000000000e+00	3.735465559862056195e-01	0.000000000000000000e+00
-2.999784000000000015e+04	0.000000000000000000e+00	0.000000000000000000e+00	3.756828516495254178e-01	0.000000000000000000e+00
-2.999781999999999971e+04	0.000000000000000000e+00	0.000000000000000000e+00	3.790398876918851245e-01	0.000000000000000000e+00
-2.999781000000000131e+04	0.000000000000000000e+00	0.000000000000000000e+00	3.750724814600054913e-01	0.000000000000000000e+00
-2.999779000000000087e+04	0.000000000000000000e+00	0.000000000000000000e+00	3.759880367442854365e-01	0.000000000000000000e+00
-2.999775999999999840e+04	0.000000000000000000e+00	0.000000000000000000e+00	3.732413708914456563e-01	0.000000000000000000e+00
-2.999772000000000116e+04	0.000000000000000000e+00	0.000000000000000000e+00	3.723258156071657665e-01	0.000000000000000000e+00
-2.999770000000000073e+04	0.000000000000000000e+00	0.000000000000000000e+00	3.698843348490859495e-01	0.000000000000000000e+00
-2.999768999999999869e+04	0.000000000000000000e+00	0.000000000000000000e+00	3.643910031434065000e-01	0.000000000000000000e+00
-2.999768000000000029e+04	0.000000000000000000e+00	0.000000000000000000e+00	3.643910031434065000e-01	0.000000000000000000e+00
-2.999765000000000146e+04	0.000000000000000000e+00	0.000000000000000000e+00	3.720206305124057478e-01	0.000000000000000000e+00
-2.999763000000000102e+04	0.000000000000000000e+00	0.000000000000000000e+00	3.598132267220068847e-01	0.000000000000000000e+00
-2.999759999999999854e+04	0.000000000000000000e+00	0.000000000000000000e+00	3.592028565324869582e-01	0.000000000000000000e+00
-2.999758000000000175e+04	0.000000000000000000e+00	0.000000000000000000e+00	3.604235969115268667e-01	0.000000000000000000e+00
-2.999756000000000131e+04	0.000000000000000000e+00	0.000000000000000000e+00	3.659169286172063162e-01	0.000000000000000000e+00
-2.999752999999999884e+04	0.000000000000000000e+00	0.000000000000000000e+00	3.680532242805261145e-01	0.000000000000000000e+00
-2.999750999999999840e+04	0.000000000000000000e+00	0.000000000000000000e+00	3.738517410809655828e-01	0.000000000000000000e+00
-2.999750000000000000e+04	0.000000000000000000e+00	0.000000000000000000e+00	3.793450727866450878e-01	0.000000000000000000e+00
-2.999747000000000116e+04	0.000000000000000000e+00	0.000000000000000000e+00	3.735465559862056195e-01	0.000000000000000000e+00
-2.999743999999999869e+04	0.000000000000000000e+00	0.000000000000000000e+00	3.842280343028046663e-01	0.000000000000000000e+00
-2.999740999999999985e+04	0.000000000000000000e+00	0.000000000000000000e+00	3.897213660084841713e-01	0.000000000000000000e+00
-2.999740000000000146e+04	0.000000000000000000e+00	0.000000000000000000e+00	3.939939573351237678e-01	0.000000000000000000e+00
-2.999738000000000102e+04	0.000000000000000000e+00	0.000000000000000000e+00	3.939939573351237678e-01	0.000000000000000000e+00
-2.999736000000000058e+04	0.000000000000000000e+00	0.000000000000000000e+00	3.967406231879634926e-01	0.000000000000000000e+00
-2.999733000000000175e+04	0.000000000000000000e+00	0.000000000000000000e+00	4.000976592303231993e-01	0.000000000000000000e+00
-2.999731000000000131e+04	0.000000000000000000e+00	0.000000000000000000e+00	4.025391399884029608e-01	0.000000000000000000e+00
-2.999727999999999884e+04	0.000000000000000000e+00	0.000000000000000000e+00	4.098635822626423009e-01	0.000000000000000000e+00
-2.999725999999999840e+04	0.000000000000000000e+00	0.000000000000000000e+00	4.119998779259620991e-01	0.000000000000000000e+00
-2.999725000000000000e+04	0.000000000000000000e+00	0.000000000000000000e+00	4.004028443250831626e-01	0.000000000000000000e+00
-2.999722000000000116e+04	0.000000000000000000e+00	0.000000000000000000e+00	4.077272865993225026e-01	0.000000000000000000e+00
-2.999720999999999913e+04	0.000000000000000000e+00	0.000000000000000000e+00	3.875850703451643176e-01	0.000000000000000000e+00
-2.999720000000000073e+04	0.000000000000000000e+00	0.000000000000000000e+00	3.909421063875240243e-01	0.000000000000000000e+00
-2.999718000000000029e+04	0.000000000000000000e+00	0.000000000000000000e+00	3.967406231879634926e-01	0.000000000000000000e+00
-2.999716999999999825e+04	0.000000000000000000e+00	0.000000000000000000e+00	3.891109958189641893e-01	0.000000000000000000e+00
-2.999715000000000146e+04	0.000000000000000000e+00	0.000000000000000000e+00	3.878902554399243363e-01	0.000000000000000000e+00
-2.999713999999999942e+04	0.000000000000000000e+00	0.000000000000000000e+00	3.930784020508438226e-01	0.000000000000000000e+00
-2.999711999999999898e+04	0.000000000000000000e+00	0.000000000000000000e+00	4.000976592303231993e-01	0.000000000000000000e+00
-2.999709999999999854e+04	0.000000000000000000e+00	0.000000000000000000e+00	4.007080294198431258e-01	0.000000000000000000e+00
-2.999708000000000175e+04	0.000000000000000000e+00	0.000000000000000000e+00	4.000976592303231993e-01	0.000000000000000000e+00
-2.999704999999999927e+04	0.000000000000000000e+00	0.000000000000000000e+00	4.071169164098025206e-01	0.000000000000000000e+00
-2.999702000000000044e+04	0.000000000000000000e+00	0.000000000000000000e+00	4.168828394421216221e-01	0.000000000000000000e+00
-2.999700000000000000e+04	0.000000000000000000e+00	0.000000000000000000e+00	4.177983947264015674e-01	0.000000000000000000e+00
-2.999697999999999956e+04	0.000000000000000000e+00	0.000000000000000000e+00	4.223761711478011271e-01	0.000000000000000000e+00
-2.999695999999999913e+04	0.000000000000000000e+00	0.000000000000000000e+00	4.245124668111209254e-01	0.000000000000000000e+00
-2.999693000000000029e+04	0.000000000000000000e+00	0.000000000000000000e+00	4.269539475692007424e-01	0.000000000000000000e+00
-2.999690999999999985e+04	0.000000000000000000e+00	0.000000000000000000e+00	4.342783898434400269e-01	0.000000000000000000e+00
-2.999688999999999942e+04	0.000000000000000000e+00	0.000000000000000000e+00	4.321420941801202287e-01	0.000000000000000000e+00
-2.999686999999999898e+04	0.000000000000000000e+00	0.000000000000000000e+00	4.486220892971587437e-01	0.000000000000000000e+00
-2.999684999999999854e+04	0.000000000000000000e+00	0.000000000000000000e+00	4.293954283272805039e-01	0.000000000000000000e+00
-2.999683000000000175e+04	0.000000000000000000e+00	0.000000000000000000e+00	4.205450605792412921e-01	0.000000000000000000e+00
-2.999681000000000131e+04	0.000000000000000000e+00	0.000000000000000000e+00	4.199346903897213656e-01	0.000000000000000000e+00
-2.999679000000000087e+04	0.000000000000000000e+00	0.000000000000000000e+00	4.287850581377605774e-01	0.000000000000000000e+00
-2.999677000000000044e+04	0.000000000000000000e+00	0.000000000000000000e+00	4.177983947264015674e-01	0.000000000000000000e+00
-2.999675999999999840e+04	0.000000000000000000e+00	0.000000000000000000e+00	4.135258033997619709e-01	0.000000000000000000e+00
-2.999674000000000160e+04	0.000000000000000000e+00	0.000000000000000000e+00	4.205450605792412921e-01	0.000000000000000000e+00
-2.999672000000000116e+04	0.000000000000000000e+00	0.000000000000000000e+00	4.300057985168004304e-01	0.000000000000000000e+00
-2.999670000000000073e+04	0.000000000000000000e+00	0.000000000000000000e+00	4.284798730430005587e-01	0.000000000000000000e+00
-2.999666999999999825e+04	0.000000000000000000e+00	0.000000000000000000e+00	4.394665364543595687e-01	0.000000000000000000e+00
-2.999665000000000146e+04	0.000000000000000000e+00	0.000000000000000000e+00	4.330576494644001739e-01	0.000000000000000000e+00
-2.999661999999999898e+04	0.000000000000000000e+00	0.000000000000000000e+00	4.403820917386394584e-01	0.000000000000000000e+00
-2.999659000000000015e+04	0.000000000000000000e+00	0.000000000000000000e+00	4.412976470229194037e-01	0.000000000000000000e+00
-2.999656000000000131e+04	0.000000000000000000e+00	0.000000000000000000e+00	4.516739402447584317e-01	0.000000000000000000e+00
-2.999654000000000087e+04	0.000000000000000000e+00	0.000000000000000000e+00	4.516739402447584317e-01	0.000000000000000000e+00
-2.999650999999999840e+04	0.000000000000000000e+00	0.000000000000000000e+00	4.675435651722769648e-01	0.000000000000000000e+00
-2.999649000000000160e+04	0.000000000000000000e+00	0.000000000000000000e+00	4.733420819727164330e-01	0.000000000000000000e+00
-2.999647999999999956e+04	0.000000000000000000e+00	0.000000000000000000e+00	4.602191228980376803e-01	0.000000000000000000e+00
-2.999645999999999913e+04	0.000000000000000000e+00	0.000000000000000000e+00	4.705954161198767083e-01	0.000000000000000000e+00
-2.999643999999999869e+04	0.000000000000000000e+00	0.000000000000000000e+00	4.644917142246772768e-01	0.000000000000000000e+00
-2.999641999999999825e+04	0.000000000000000000e+00	0.000000000000000000e+00	4.739524521622364150e-01	0.000000000000000000e+00
-2.999640000000000146e+04	0.000000000000000000e+00	0.000000000000000000e+00	4.571672719504379367e-01	0.000000000000000000e+00
-2.999636999999999898e+04	0.000000000000000000e+00	0.000000000000000000e+00	4.516739402447584317e-01	0.000000000000000000e+00
-2.999636000000000058e+04	0.000000000000000000e+00	0.000000000000000000e+00	4.461806085390789267e-01	0.000000000000000000e+00
-2.999634000000000015e+04	0.000000000000000000e+00	0.000000000000000000e+00	4.446546830652791105e-01	0.000000000000000000e+00
-2.999631000000000131e+04	0.000000000000000000e+00	0.000000000000000000e+00	4.437391277809991652e-01	0.000000000000000000e+00
-2.999627999999999884e+04	0.000000000000000000e+00	0.000000000000000000e+00	4.409924619281594405e-01	0.000000000000000000e+00
-2.999625999999999840e+04	0.000000000000000000e+00	0.000000000000000000e+00	4.525894955290383770e-01	0.000000000000000000e+00
-2.999624000000000160e+04	0.000000000000000000e+00	0.000000000000000000e+00	4.620502334665975153e-01	0.000000000000000000e+00
-2.999622000000000116e+04	0.000000000000000000e+00	0.000000000000000000e+00	4.626606036561174418e-01	0.000000000000000000e+00
-2.999620000000000073e+04	0.000000000000000000e+00	0.000000000000000000e+00	4.754783776360362313e-01	0.000000000000000000e+00
-2.999616999999999825e+04	0.000000000000000000e+00	0.000000000000000000e+00	4.751731925412762680e-01	0.000000000000000000e+00
-2.999615000000000146e+04	0.000000000000000000e+00	0.000000000000000000e+00	4.788354136783959381e-01	0.000000000000000000e+00
-2.999611999999999898e+04	0.000000000000000000e+00	0.000000000000000000e+00	4.971465193639942881e-01	0.000000000000000000e+00
-2.999609999999999854e+04	0.000000000000000000e+00	0.000000000000000000e+00	5.008087405011139026e-01	0.000000000000000000e+00
-2.999608000000000175e+04	0.000000000000000000e+00	0.000000000000000000e+00	4.947050386059144711e-01	0.000000000000000000e+00
-2.999606000000000131e+04	0.000000000000000000e+00	0.000000000000000000e+00	4.992828150273140864e-01	0.000000000000000000e+00
-2.999604000000000087e+04	0.000000000000000000e+00	0.000000000000000000e+00	4.992828150273140864e-01	0.000000000000000000e+00
-2.999602000000000044e+04	0.000000000000000000e+00	0.000000000000000000e+00	5.041657765434736094e-01	0.000000000000000000e+00
-2.999599000000000160e+04	0.000000000000000000e+00	0.000000000000000000e+00	4.977568895535142146e-01	0.000000000000000000e+00
-2.999597000000000116e+04	0.000000000000000000e+00	0.000000000000000000e+00	5.001983703115939761e-01	0.000000000000000000e+00
-2.999595000000000073e+04	0.000000000000000000e+00	0.000000000000000000e+00	4.879909665211951131e-01	0.000000000000000000e+00
-2.999591999999999825e+04	0.000000000000000000e+00	0.000000000000000000e+00	5.035554063539536829e-01	0.000000000000000000e+00
-2.999588000000000102e+04	0.000000000000000000e+00	0.000000000000000000e+00	4.937894833216345813e-01	0.000000000000000000e+00
-2.999584999999999854e+04	0.000000000000000000e+00	0.000000000000000000e+00	4.849391155735953696e-01	0.000000000000000000e+00
-2.999584000000000015e+04	0.000000000000000000e+00	0.000000000000000000e+00	4.892117069002349661e-01	0.000000000000000000e+00
-2.999581999999999971e+04	0.000000000000000000e+00	0.000000000000000000e+00	4.937894833216345813e-01	0.000000000000000000e+00
-2.999579000000000087e+04	0.000000000000000000e+00	0.000000000000000000e+00	4.953154087954344531e-01	0.000000000000000000e+00
-2.999575999999999840e+04	0.000000000000000000e+00	0.000000000000000000e+00	4.965361491744743061e-01	0.000000000000000000e+00
-2.999572999999999956e+04	0.000000000000000000e+00	0.000000000000000000e+00	4.974517044587542514e-01	0.000000000000000000e+00
-2.999568999999999869e+04	0.000000000000000000e+00	0.000000000000000000e+00	4.989776299325540676e-01	0.000000000000000000e+00
-2.999565999999999985e+04	0.000000000000000000e+00	0.000000000000000000e+00	5.014191106906338291e-01	0.000000000000000000e+00
-2.999561999999999898e+04	0.000000000000000000e+00	0.000000000000000000e+00	5.136265144810326921e-01	0.000000000000000000e+00
-2.999559000000000015e+04	0.000000000000000000e+00	0.000000000000000000e+00	5.194250312814722159e-01	0.000000000000000000e+00
-2.999556999999999971e+04	0.000000000000000000e+00	0.000000000000000000e+00	5.224768822290719594e-01	0.000000000000000000e+00
-2.999554999999999927e+04	0.000000000000000000e+00	0.000000000000000000e+00	5.325479903561509687e-01	0.000000000000000000e+00
-2.999550999999999840e+04	0.000000000000000000e+00	0.000000000000000000e+00	5.365153965880306020e-01	0.000000000000000000e+00
-2.999547999999999956e+04	0.000000000000000000e+00	0.000000000000000000e+00	5.465865047151097222e-01	0.000000000000000000e+00
-2.999545999999999913e+04	0.000000000000000000e+00	0.000000000000000000e+00	5.395672475356303455e-01	0.000000000000000000e+00
-2.999543000000000029e+04	0.000000000000000000e+00	0.000000000000000000e+00	5.371257667775506395e-01	0.000000000000000000e+00
-2.999538999999999942e+04	0.000000000000000000e+00	0.000000000000000000e+00	5.429242835779900522e-01	0.000000000000000000e+00
-2.999536999999999898e+04	0.000000000000000000e+00	0.000000000000000000e+00	5.365153965880306020e-01	0.000000000000000000e+00
-2.999534000000000015e+04	0.000000000000000000e+00	0.000000000000000000e+00	5.328531754509109319e-01	0.000000000000000000e+00
-2.999531999999999971e+04	0.000000000000000000e+00	0.000000000000000000e+00	5.328531754509109319e-01	0.000000000000000000e+00
-2.999529999999999927e+04	0.000000000000000000e+00	0.000000000000000000e+00	5.352946562089907490e-01	0.000000000000000000e+00
-2.999527000000000044e+04	0.000000000000000000e+00	0.000000000000000000e+00	5.340739158299508960e-01	0.000000000000000000e+00
-2.999522999999999956e+04	0.000000000000000000e+00	0.000000000000000000e+00	5.316324350718710789e-01	0.000000000000000000e+00
-2.999520000000000073e+04	0.000000000000000000e+00	0.000000000000000000e+00	5.267494735557115559e-01	0.000000000000000000e+00
-2.999518000000000029e+04	0.000000000000000000e+00	0.000000000000000000e+00	5.294961394085513362e-01	0.000000000000000000e+00
-2.999513999999999942e+04	0.000000000000000000e+00	0.000000000000000000e+00	5.526902066103090982e-01	0.000000000000000000e+00
-2.999511999999999898e+04	0.000000000000000000e+00	0.000000000000000000e+00	5.490279854731895393e-01	0.000000000000000000e+00
-2.999509999999999854e+04	0.000000000000000000e+00	0.000000000000000000e+00	5.554368724631488785e-01	0.000000000000000000e+00
-2.999506999999999971e+04	0.000000000000000000e+00	0.000000000000000000e+00	5.594042786950285118e-01	0.000000000000000000e+00
-2.999504000000000087e+04	0.000000000000000000e+00	0.000000000000000000e+00	5.734427930539872653e-01	0.000000000000000000e+00
-2.999500000000000000e+04	0.000000000000000000e+00	0.000000000000000000e+00	5.798516800439466046e-01	0.000000000000000000e+00
-2.999495999999999913e+04	0.000000000000000000e+00	0.000000000000000000e+00	5.960264900662252119e-01	0.000000000000000000e+00
-2.999493999999999869e+04	0.000000000000000000e+00	0.000000000000000000e+00	5.920590838343455786e-01	0.000000000000000000e+00
-2.999491999999999825e+04	0.000000000000000000e+00	0.000000000000000000e+00	5.957213049714652486e-01	0.000000000000000000e+00
-2.999490999999999985e+04	0.000000000000000000e+00	0.000000000000000000e+00	5.990783410138248444e-01	0.000000000000000000e+00
-2.999488999999999942e+04	0.000000000000000000e+00	0.000000000000000000e+00	6.076235236671041484e-01	0.000000000000000000e+00
-2.999484999999999854e+04	0.000000000000000000e+00	0.000000000000000000e+00	5.972472304452650649e-01	0.000000000000000000e+00
-2.999481000000000131e+04	0.000000000000000000e+00	0.000000000000000000e+00	5.887020477919858719e-01	0.000000000000000000e+00
-2.999479000000000087e+04	0.000000000000000000e+00	0.000000000000000000e+00	5.932798242133854316e-01	0.000000000000000000e+00
-2.999477999999999884e+04	0.000000000000000000e+00	0.000000000000000000e+00	5.999938962981048451e-01	0.000000000000000000e+00
-2.999475000000000000e+04	0.000000000000000000e+00	0.000000000000000000e+00	5.874813074129459078e-01	0.000000000000000000e+00
-2.999470999999999913e+04	0.000000000000000000e+00	0.000000000000000000e+00	5.935850093081453949e-01	0.000000000000000000e+00
-2.999466999999999825e+04	0.000000000000000000e+00	0.000000000000000000e+00	5.789361247596667148e-01	0.000000000000000000e+00
-2.999465000000000146e+04	0.000000000000000000e+00	0.000000000000000000e+00	5.896176030762657616e-01	0.000000000000000000e+00
-2.999463000000000102e+04	0.000000000000000000e+00	0.000000000000000000e+00	5.984679708243049179e-01	0.000000000000000000e+00
-2.999459999999999854e+04	0.000000000000000000e+00	0.000000000000000000e+00	5.899227881710257249e-01	0.000000000000000000e+00
-2.999458000000000175e+04	0.000000000000000000e+00	0.000000000000000000e+00	5.966368602557451384e-01	0.000000000000000000e+00
-2.999456000000000131e+04	0.000000000000000000e+00	0.000000000000000000e+00	6.091494491409039647e-01	0.000000000000000000e+00
-2.999454000000000087e+04	0.000000000000000000e+00	0.000000000000000000e+00	6.115909298989837817e-01	0.000000000000000000e+00
-2.999450999999999840e+04	0.000000000000000000e+00	0.000000000000000000e+00	6.155583361308634149e-01	0.000000000000000000e+00
-2.999447000000000116e+04	0.000000000000000000e+00	0.000000000000000000e+00	6.122013000885037082e-01	0.000000000000000000e+00
-2.999443000000000029e+04	0.000000000000000000e+00	0.000000000000000000e+00	6.158635212256233782e-01	0.000000000000000000e+00
-2.999440000000000146e+04	0.000000000000000000e+00	0.000000000000000000e+00	6.326487014374218010e-01	0.000000000000000000e+00
-2.999438000000000102e+04	0.000000000000000000e+00	0.000000000000000000e+00	6.295968504898220575e-01	0.000000000000000000e+00
-2.999434999999999854e+04	0.000000000000000000e+00	0.000000000000000000e+00	6.418042542802209205e-01	0.000000000000000000e+00
-2.999431999999999971e+04	0.000000000000000000e+00	0.000000000000000000e+00	6.381420331431012505e-01	0.000000000000000000e+00
-2.999429999999999927e+04	0.000000000000000000e+00	0.000000000000000000e+00	6.436353648487808110e-01	0.000000000000000000e+00
-2.999427000000000044e+04	0.000000000000000000e+00	0.000000000000000000e+00	6.366161076693014342e-01	0.000000000000000000e+00
-2.999424000000000160e+04	0.000000000000000000e+00	0.000000000000000000e+00	6.341746269112216172e-01	0.000000000000000000e+00
-2.999422000000000116e+04	0.000000000000000000e+00	0.000000000000000000e+00	6.357005523850215445e-01	0.000000000000000000e+00
-2.999420000000000073e+04	0.000000000000000000e+00	0.000000000000000000e+00	6.332590716269417275e-01	0.000000000000000000e+00
-2.999415999999999985e+04	0.000000000000000000e+00	0.000000000000000000e+00	6.295968504898220575e-01	0.000000000000000000e+00
-2.999413000000000102e+04	0.000000000000000000e+00	0.000000000000000000e+00	6.405835139011810675e-01	0.000000000000000000e+00
-2.999411000000000058e+04	0.000000000000000000e+00	0.000000000000000000e+00	6.302072206793419840e-01	0.000000000000000000e+00
-2.999408000000000175e+04	0.000000000000000000e+00	0.000000000000000000e+00	6.311227759636219847e-01	0.000000000000000000e+00
-2.999404999999999927e+04	0.000000000000000000e+00	0.000000000000000000e+00	6.308175908688619105e-01	0.000000000000000000e+00
-2.999402000000000044e+04	0.000000000000000000e+00	0.000000000000000000e+00	6.329538865321817642e-01	0.000000000000000000e+00
-2.999399000000000160e+04	0.000000000000000000e+00	0.000000000000000000e+00	6.411938840907009940e-01	0.000000000000000000e+00
-2.999397000000000116e+04	0.000000000000000000e+00	0.000000000000000000e+00	6.491286965544602605e-01	0.000000000000000000e+00
-2.999393999999999869e+04	0.000000000000000000e+00	0.000000000000000000e+00	6.582842493972594911e-01	0.000000000000000000e+00
-2.999390000000000146e+04	0.000000000000000000e+00	0.000000000000000000e+00	6.653035065767387568e-01	0.000000000000000000e+00
-2.999386999999999898e+04	0.000000000000000000e+00	0.000000000000000000e+00	6.732383190404980233e-01	0.000000000000000000e+00
-2.999384000000000015e+04	0.000000000000000000e+00	0.000000000000000000e+00	6.906338694418164836e-01	0.000000000000000000e+00
-2.999381000000000131e+04	0.000000000000000000e+00	0.000000000000000000e+00	6.961272011474959331e-01	0.000000000000000000e+00
-2.999379999999999927e+04	0.000000000000000000e+00	0.000000000000000000e+00	7.034516434217352732e-01	0.000000000000000000e+00
-2.999377999999999884e+04	0.000000000000000000e+00	0.000000000000000000e+00	7.113864558854945397e-01	0.000000000000000000e+00
-2.999375000000000000e+04	0.000000000000000000e+00	0.000000000000000000e+00	7.104709006012146499e-01	0.000000000000000000e+00
-2.999370999999999913e+04	0.000000000000000000e+00	0.000000000000000000e+00	6.955168309579760066e-01	0.000000000000000000e+00
-2.999368999999999869e+04	0.000000000000000000e+00	0.000000000000000000e+00	7.013153477584155304e-01	0.000000000000000000e+00
-2.999368000000000029e+04	0.000000000000000000e+00	0.000000000000000000e+00	6.958220160527359699e-01	0.000000000000000000e+00
-2.999365999999999985e+04	0.000000000000000000e+00	0.000000000000000000e+00	6.891079439680165564e-01	0.000000000000000000e+00
-2.999363000000000102e+04	0.000000000000000000e+00	0.000000000000000000e+00	6.823938718832972539e-01	0.000000000000000000e+00
-2.999359999999999854e+04	0.000000000000000000e+00	0.000000000000000000e+00	6.808679464094973266e-01	0.000000000000000000e+00
-2.999356999999999971e+04	0.000000000000000000e+00	0.000000000000000000e+00	6.811731315042572898e-01	0.000000000000000000e+00
-2.999354000000000087e+04	0.000000000000000000e+00	0.000000000000000000e+00	6.787316507461775839e-01	0.000000000000000000e+00
-2.999352000000000044e+04	0.000000000000000000e+00	0.000000000000000000e+00	6.802575762199774001e-01	0.000000000000000000e+00
-2.999350000000000000e+04	0.000000000000000000e+00	0.000000000000000000e+00	6.888027588732565931e-01	0.000000000000000000e+00
-2.999347000000000116e+04	0.000000000000000000e+00	0.000000000000000000e+00	6.991790520950956767e-01	0.000000000000000000e+00
-2.999345000000000073e+04	0.000000000000000000e+00	0.000000000000000000e+00	7.034516434217352732e-01	0.000000000000000000e+00
-2.999343000000000029e+04	0.000000000000000000e+00	0.000000000000000000e+00	7.116916409802545029e-01	0.000000000000000000e+00
-2.999340000000000146e+04	0.000000000000000000e+00	0.000000000000000000e+00	7.138279366435743567e-01	0.000000000000000000e+00
-2.999338000000000102e+04	0.000000000000000000e+00	0.000000000000000000e+00	7.287820062868130000e-01	0.000000000000000000e+00
-2.999336000000000058e+04	0.000000000000000000e+00	0.000000000000000000e+00	7.348857081820123760e-01	0.000000000000000000e+00
-2.999333000000000175e+04	0.000000000000000000e+00	0.000000000000000000e+00	7.419049653614917528e-01	0.000000000000000000e+00
-2.999329999999999927e+04	0.000000000000000000e+00	0.000000000000000000e+00	7.608264412366100293e-01	0.000000000000000000e+00
-2.999327000000000044e+04	0.000000000000000000e+00	0.000000000000000000e+00	7.486190374462111663e-01	0.000000000000000000e+00
-2.999325999999999840e+04	0.000000000000000000e+00	0.000000000000000000e+00	7.434308908352915690e-01	0.000000000000000000e+00
-2.999324000000000160e+04	0.000000000000000000e+00	0.000000000000000000e+00	7.446516312143315330e-01	0.000000000000000000e+00
-2.999320999999999913e+04	0.000000000000000000e+00	0.000000000000000000e+00	7.394634846034119358e-01	0.000000000000000000e+00
-2.999318999999999869e+04	0.000000000000000000e+00	0.000000000000000000e+00	7.358012634662922657e-01	0.000000000000000000e+00
-2.999316999999999825e+04	0.000000000000000000e+00	0.000000000000000000e+00	7.406842249824518998e-01	0.000000000000000000e+00
-2.999315000000000146e+04	0.000000000000000000e+00	0.000000000000000000e+00	7.223731192968535497e-01	0.000000000000000000e+00
-2.999311999999999898e+04	0.000000000000000000e+00	0.000000000000000000e+00	7.254249702444532932e-01	0.000000000000000000e+00
-2.999309000000000015e+04	0.000000000000000000e+00	0.000000000000000000e+00	7.223731192968535497e-01	0.000000000000000000e+00
-2.999306000000000131e+04	0.000000000000000000e+00	0.000000000000000000e+00	7.260353404339732197e-01	0.000000000000000000e+00
-2.999304999999999927e+04	0.000000000000000000e+00	0.000000000000000000e+00	7.266457106234931462e-01	0.000000000000000000e+00
-2.999302999999999884e+04	0.000000000000000000e+00	0.000000000000000000e+00	7.351908932767723392e-01	0.000000000000000000e+00
-2.999300999999999840e+04	0.000000000000000000e+00	0.000000000000000000e+00	7.428205206457716425e-01	0.000000000000000000e+00
-2.999297999999999956e+04	0.000000000000000000e+00	0.000000000000000000e+00	7.498397778252510193e-01	0.000000000000000000e+00
-2.999295999999999913e+04	0.000000000000000000e+00	0.000000000000000000e+00	7.513657032990508355e-01	0.000000000000000000e+00
-2.999293000000000029e+04	0.000000000000000000e+00	0.000000000000000000e+00	7.626575518051698088e-01	0.000000000000000000e+00
-2.999290000000000146e+04	0.000000000000000000e+00	0.000000000000000000e+00	7.641834772789697361e-01	0.000000000000000000e+00
-2.999288000000000102e+04	0.000000000000000000e+00	0.000000000000000000e+00	7.632679219946897353e-01	0.000000000000000000e+00
-2.999284999999999854e+04	0.000000000000000000e+00	0.000000000000000000e+00	7.702871791741691121e-01	0.000000000000000000e+00
-2.999283000000000175e+04	0.000000000000000000e+00	0.000000000000000000e+00	7.821893978698080119e-01	0.000000000000000000e+00
-2.999281000000000131e+04	0.000000000000000000e+00	0.000000000000000000e+00	7.907345805230872049e-01	0.000000000000000000e+00
-2.999279999999999927e+04	0.000000000000000000e+00	0.000000000000000000e+00	7.962279122287667654e-01	0.000000000000000000e+00
-2.999277999999999884e+04	0.000000000000000000e+00	0.000000000000000000e+00	7.873775444807276092e-01	0.000000000000000000e+00
-2.999275999999999840e+04	0.000000000000000000e+00	0.000000000000000000e+00	7.855464339121677186e-01	0.000000000000000000e+00
-2.999274000000000160e+04	0.000000000000000000e+00	0.000000000000000000e+00	7.907345805230872049e-01	0.000000000000000000e+00
-2.999270999999999913e+04	0.000000000000000000e+00	0.000000000000000000e+00	7.925656910916470954e-01	0.000000000000000000e+00
-2.999268999999999869e+04	0.000000000000000000e+00	0.000000000000000000e+00	7.907345805230872049e-01	0.000000000000000000e+00
-2.999266999999999825e+04	0.000000000000000000e+00	0.000000000000000000e+00	7.821893978698080119e-01	0.000000000000000000e+00
-2.999265000000000146e+04	0.000000000000000000e+00	0.000000000000000000e+00	7.708975493636890386e-01	0.000000000000000000e+00
-2.999263000000000102e+04	0.000000000000000000e+00	0.000000000000000000e+00	7.776116214484084521e-01	0.000000000000000000e+00
-2.999261000000000058e+04	0.000000000000000000e+00	0.000000000000000000e+00	7.785271767326883419e-01	0.000000000000000000e+00
-2.999259000000000015e+04	0.000000000000000000e+00	0.000000000000000000e+00	7.696768089846491856e-01	0.000000000000000000e+00
-2.999256999999999971e+04	0.000000000000000000e+00	0.000000000000000000e+00	7.687612537003692958e-01	0.000000000000000000e+00
-2.999254000000000087e+04	0.000000000000000000e+00	0.000000000000000000e+00	7.800531022064882691e-01	0.000000000000000000e+00
-2.999250999999999840e+04	0.000000000000000000e+00	0.000000000000000000e+00	7.971434675130466552e-01	0.000000000000000000e+00
-2.999250000000000000e+04	0.000000000000000000e+00	0.000000000000000000e+00	8.029419843134861789e-01	0.000000000000000000e+00
-2.999247999999999956e+04	0.000000000000000000e+00	0.000000000000000000e+00	8.047730948820459584e-01	0.000000000000000000e+00
-2.999243999999999869e+04	0.000000000000000000e+00	0.000000000000000000e+00	8.203375347148045282e-01	0.000000000000000000e+00
-2.999240999999999985e+04	0.000000000000000000e+00	0.000000000000000000e+00	8.343760490737632818e-01	0.000000000000000000e+00
-2.999238999999999942e+04	0.000000000000000000e+00	0.000000000000000000e+00	8.401745658742026945e-01	0.000000000000000000e+00
-2.999236999999999898e+04	0.000000000000000000e+00	0.000000000000000000e+00	8.328501235999633545e-01	0.000000000000000000e+00
-2.999234000000000015e+04	0.000000000000000000e+00	0.000000000000000000e+00	8.481093783379619611e-01	0.000000000000000000e+00
-2.999231000000000131e+04	0.000000000000000000e+00	0.000000000000000000e+00	8.496353038117618883e-01	0.000000000000000000e+00
-2.999227999999999884e+04	0.000000000000000000e+00	0.000000000000000000e+00	8.468886379589221081e-01	0.000000000000000000e+00
-2.999225999999999840e+04	0.000000000000000000e+00	0.000000000000000000e+00	8.432264168218024381e-01	0.000000000000000000e+00
-2.999222999999999956e+04	0.000000000000000000e+00	0.000000000000000000e+00	8.334604937894832810e-01	0.000000000000000000e+00
-2.999220999999999913e+04	0.000000000000000000e+00	0.000000000000000000e+00	8.301034577471236853e-01	0.000000000000000000e+00
-2.999218000000000029e+04	0.000000000000000000e+00	0.000000000000000000e+00	8.236945707571642350e-01	0.000000000000000000e+00
-2.999215000000000146e+04	0.000000000000000000e+00	0.000000000000000000e+00	8.252204962309640512e-01	0.000000000000000000e+00
-2.999211000000000058e+04	0.000000000000000000e+00	0.000000000000000000e+00	8.246101260414441247e-01	0.000000000000000000e+00
-2.999208000000000175e+04	0.000000000000000000e+00	0.000000000000000000e+00	8.230842005676443085e-01	0.000000000000000000e+00
-2.999206000000000131e+04	0.000000000000000000e+00	0.000000000000000000e+00	8.267464217047639785e-01	0.000000000000000000e+00
-2.999204000000000087e+04	0.000000000000000000e+00	0.000000000000000000e+00	8.203375347148045282e-01	0.000000000000000000e+00
-2.999202999999999884e+04	0.000000000000000000e+00	0.000000000000000000e+00	8.340708639790033185e-01	0.000000000000000000e+00
-2.999200999999999840e+04	0.000000000000000000e+00	0.000000000000000000e+00	8.407849360637226210e-01	0.000000000000000000e+00
-2.999199000000000160e+04	0.000000000000000000e+00	0.000000000000000000e+00	8.481093783379619611e-01	0.000000000000000000e+00
-2.999195999999999913e+04	0.000000000000000000e+00	0.000000000000000000e+00	8.569597460860011173e-01	0.000000000000000000e+00
-2.999193000000000029e+04	0.000000000000000000e+00	0.000000000000000000e+00	8.603167821283608241e-01	0.000000000000000000e+00
-2.999190000000000146e+04	0.000000000000000000e+00	0.000000000000000000e+00	8.716086306344797974e-01	0.000000000000000000e+00
-2.999188000000000102e+04	0.000000000000000000e+00	0.000000000000000000e+00	8.743552964873195776e-01	0.000000000000000000e+00
-2.999184999999999854e+04	0.000000000000000000e+00	0.000000000000000000e+00	8.853419598986785877e-01	0.000000000000000000e+00
-2.999181999999999971e+04	0.000000000000000000e+00	0.000000000000000000e+00	8.850367748039186244e-01	0.000000000000000000e+00
-2.999179000000000087e+04	0.000000000000000000e+00	0.000000000000000000e+00	8.944975127414777072e-01	0.000000000000000000e+00
-2.999175999999999840e+04	0.000000000000000000e+00	0.000000000000000000e+00	8.829004791405987707e-01	0.000000000000000000e+00
-2.999175000000000000e+04	0.000000000000000000e+00	0.000000000000000000e+00	8.877834406567582937e-01	0.000000000000000000e+00
-2.999172999999999956e+04	0.000000000000000000e+00	0.000000000000000000e+00	8.835108493301186972e-01	0.000000000000000000e+00
-2.999170999999999913e+04	0.000000000000000000e+00	0.000000000000000000e+00	8.804589983825189536e-01	0.000000000000000000e+00
-2.999170000000000073e+04	0.000000000000000000e+00	0.000000000000000000e+00	8.801538132877589904e-01	0.000000000000000000e+00
-2.999166999999999825e+04	0.000000000000000000e+00	0.000000000000000000e+00	8.774071474349193211e-01	0.000000000000000000e+00
-2.999165000000000146e+04	0.000000000000000000e+00	0.000000000000000000e+00	8.801538132877589904e-01	0.000000000000000000e+00
-2.999163000000000102e+04	0.000000000000000000e+00	0.000000000000000000e+00	8.798486281929990271e-01	0.000000000000000000e+00
-2.999161999999999898e+04	0.000000000000000000e+00	0.000000000000000000e+00	8.764915921506393204e-01	0.000000000000000000e+00
-2.999159999999999854e+04	0.000000000000000000e+00	0.000000000000000000e+00	8.853419598986785877e-01	0.000000000000000000e+00
-2.999158000000000175e+04	0.000000000000000000e+00	0.000000000000000000e+00	8.850367748039186244e-01	0.000000000000000000e+00
-2.999156999999999971e+04	0.000000000000000000e+00	0.000000000000000000e+00	8.877834406567582937e-01	0.000000000000000000e+00
-2.999154000000000087e+04	0.000000000000000000e+00	0.000000000000000000e+00	8.917508468886379269e-01	0.000000000000000000e+00
-2.999150999999999840e+04	0.000000000000000000e+00	0.000000000000000000e+00	8.960234382152775234e-01	0.000000000000000000e+00
-2.999147000000000116e+04	0.000000000000000000e+00	0.000000000000000000e+00	9.082308420056764975e-01	0.000000000000000000e+00
-2.999143999999999869e+04	0.000000000000000000e+00	0.000000000000000000e+00	9.164708395641957273e-01	0.000000000000000000e+00
-2.999140999999999985e+04	0.000000000000000000e+00	0.000000000000000000e+00	9.259315775017548100e-01	0.000000000000000000e+00
-2.999138999999999942e+04	0.000000000000000000e+00	0.000000000000000000e+00	9.274575029755546263e-01	0.000000000000000000e+00
-2.999136999999999898e+04	0.000000000000000000e+00	0.000000000000000000e+00	9.430219428083131961e-01	0.000000000000000000e+00
-2.999136000000000058e+04	0.000000000000000000e+00	0.000000000000000000e+00	9.460737937559129396e-01	0.000000000000000000e+00
-2.999133000000000175e+04	0.000000000000000000e+00	0.000000000000000000e+00	9.524826807458723898e-01	0.000000000000000000e+00
-2.999129999999999927e+04	0.000000000000000000e+00	0.000000000000000000e+00	9.475997192297128668e-01	0.000000000000000000e+00
-2.999125999999999840e+04	0.000000000000000000e+00	0.000000000000000000e+00	9.381389812921536731e-01	0.000000000000000000e+00
-2.999124000000000160e+04	0.000000000000000000e+00	0.000000000000000000e+00	9.201330607013153973e-01	0.000000000000000000e+00
-2.999120999999999913e+04	0.000000000000000000e+00	0.000000000000000000e+00	9.292886135441145168e-01	0.000000000000000000e+00
-2.999118999999999869e+04	0.000000000000000000e+00	0.000000000000000000e+00	9.134189886165959837e-01	0.000000000000000000e+00
-2.999116999999999825e+04	0.000000000000000000e+00	0.000000000000000000e+00	9.109775078585161667e-01	0.000000000000000000e+00
-2.999113999999999942e+04	0.000000000000000000e+00	0.000000000000000000e+00	9.057893612475966805e-01	0.000000000000000000e+00
-2.999109000000000015e+04	0.000000000000000000e+00	0.000000000000000000e+00	9.079256569109164232e-01	0.000000000000000000e+00
-2.999106000000000131e+04	0.000000000000000000e+00	0.000000000000000000e+00	9.198278756065553230e-01	0.000000000000000000e+00
-2.999104999999999927e+04	0.000000000000000000e+00	0.000000000000000000e+00	9.195226905117953597e-01	0.000000000000000000e+00
-2.999102999999999884e+04	0.000000000000000000e+00	0.000000000000000000e+00	9.289834284493545535e-01	0.000000000000000000e+00
-2.999100999999999840e+04	0.000000000000000000e+00	0.000000000000000000e+00	9.375286111026337466e-01	0.000000000000000000e+00
-2.999097999999999956e+04	0.000000000000000000e+00	0.000000000000000000e+00	9.533982360301522796e-01	0.000000000000000000e+00
-2.999095000000000073e+04	0.000000000000000000e+00	0.000000000000000000e+00	9.576708273567918761e-01	0.000000000000000000e+00
-2.999091999999999825e+04	0.000000000000000000e+00	0.000000000000000000e+00	9.653004547257911794e-01	0.000000000000000000e+00
-2.999088999999999942e+04	0.000000000000000000e+00	0.000000000000000000e+00	9.717093417157506297e-01	0.000000000000000000e+00
-2.999086999999999898e+04	0.000000000000000000e+00	0.000000000000000000e+00	9.781182287057099689e-01	0.000000000000000000e+00
-2.999084999999999854e+04	0.000000000000000000e+00	0.000000000000000000e+00	9.863582262642293097e-01	0.000000000000000000e+00
-2.999081999999999971e+04	0.000000000000000000e+00	0.000000000000000000e+00	9.897152623065889054e-01	0.000000000000000000e+00
-2.999079000000000087e+04	0.000000000000000000e+00	0.000000000000000000e+00	9.915463728751487960e-01	0.000000000000000000e+00
-2.999075999999999840e+04	0.000000000000000000e+00	0.000000000000000000e+00	9.976500747703481720e-01	0.000000000000000000e+00
-2.999072999999999956e+04	0.000000000000000000e+00	0.000000000000000000e+00	9.833063753166295662e-01	0.000000000000000000e+00
-2.999070999999999913e+04	0.000000000000000000e+00	0.000000000000000000e+00	9.851374858851893457e-01	0.000000000000000000e+00
-2.999068999999999869e+04	0.000000000000000000e+00	0.000000000000000000e+00	9.817804498428296389e-01	0.000000000000000000e+00
-2.999065999999999985e+04	0.000000000000000000e+00	0.000000000000000000e+00	9.857478560747092722e-01	0.000000000000000000e+00
-2.999063999999999942e+04	0.000000000000000000e+00	0.000000000000000000e+00	9.842219306009094559e-01	0.000000000000000000e+00
-2.999061000000000058e+04	0.000000000000000000e+00	0.000000000000000000e+00	9.860530411694692354e-01	0.000000000000000000e+00
-2.999059000000000015e+04	0.000000000000000000e+00	0.000000000000000000e+00	9.781182287057099689e-01	0.000000000000000000e+00
-2.999056000000000131e+04	0.000000000000000000e+00	0.000000000000000000e+00	9.854426709799493089e-01	0.000000000000000000e+00
-2.999052999999999884e+04	0.000000000000000000e+00	0.000000000000000000e+00	9.878841517380291259e-01	0.000000000000000000e+00
-2.999049000000000160e+04	0.000000000000000000e+00	0.000000000000000000e+00	9.887997070223090157e-01	0.000000000000000000e+00
-2.999047000000000116e+04	0.000000000000000000e+00	0.000000000000000000e+00	1.000701925717947915e+00	0.000000000000000000e+00
-2.999043999999999869e+04	0.000000000000000000e+00	0.000000000000000000e+00	1.002533036286507695e+00	0.000000000000000000e+00
-2.999041999999999825e+04	0.000000000000000000e+00	0.000000000000000000e+00	1.025727103488265568e+00	0.000000000000000000e+00
-2.999040000000000146e+04	0.000000000000000000e+00	0.000000000000000000e+00	1.031220435193945129e+00	0.000000000000000000e+00
-2.999036999999999898e+04	0.000000000000000000e+00	0.000000000000000000e+00	1.039765617847224322e+00	0.000000000000000000e+00
-2.999033000000000175e+04	0.000000000000000000e+00	0.000000000000000000e+00	1.050447096163823257e+00	0.000000000000000000e+00
-2.999031000000000131e+04	0.000000000000000000e+00	0.000000000000000000e+00	1.037018951994384652e+00	0.000000000000000000e+00
-2.999029999999999927e+04	0.000000000000000000e+00	0.000000000000000000e+00	1.047395245216223625e+00	0.000000000000000000e+00
-2.999027999999999884e+04	0.000000000000000000e+00	0.000000000000000000e+00	1.060823389385662452e+00	0.000000000000000000e+00
-2.999025999999999840e+04	0.000000000000000000e+00	0.000000000000000000e+00	1.044343394268623992e+00	0.000000000000000000e+00
-2.999022999999999956e+04	0.000000000000000000e+00	0.000000000000000000e+00	1.046174504837183772e+00	0.000000000000000000e+00
-2.999020000000000073e+04	0.000000000000000000e+00	0.000000000000000000e+00	1.045869319742423809e+00	0.000000000000000000e+00
-2.999016999999999825e+04	0.000000000000000000e+00	0.000000000000000000e+00	1.039460432752464358e+00	0.000000000000000000e+00
-2.999013999999999942e+04	0.000000000000000000e+00	0.000000000000000000e+00	1.028168584246345496e+00	0.000000000000000000e+00
-2.999009999999999854e+04	0.000000000000000000e+00	0.000000000000000000e+00	1.029694509720145312e+00	0.000000000000000000e+00
-2.999008000000000175e+04	0.000000000000000000e+00	0.000000000000000000e+00	1.029389324625385349e+00	0.000000000000000000e+00
-2.999006000000000131e+04	0.000000000000000000e+00	0.000000000000000000e+00	1.026337473677785495e+00	0.000000000000000000e+00
-2.999002999999999884e+04	0.000000000000000000e+00	0.000000000000000000e+00	1.025727103488265568e+00	0.000000000000000000e+00
-2.998999000000000160e+04	0.000000000000000000e+00	0.000000000000000000e+00	1.032746360667744945e+00	0.000000000000000000e+00
-2.998995999999999913e+04	0.000000000000000000e+00	0.000000000000000000e+00	1.044038209173864029e+00	0.000000000000000000e+00
-2.998993999999999869e+04	0.000000000000000000e+00	0.000000000000000000e+00	1.047395245216223625e+00	0.000000000000000000e+00
-2.998991999999999825e+04	0.000000000000000000e+00	0.000000000000000000e+00	1.058076723532822561e+00	0.000000000000000000e+00
-2.998990999999999985e+04	0.000000000000000000e+00	0.000000000000000000e+00	1.068758201849421718e+00	0.000000000000000000e+00
-2.998988999999999942e+04	0.000000000000000000e+00	0.000000000000000000e+00	1.088595233008819774e+00	0.000000000000000000e+00
-2.998984999999999854e+04	0.000000000000000000e+00	0.000000000000000000e+00	1.082796716208380472e+00	0.000000000000000000e+00
-2.998983000000000175e+04	0.000000000000000000e+00	0.000000000000000000e+00	1.087984862819299847e+00	0.000000000000000000e+00
-2.998979999999999927e+04	0.000000000000000000e+00	0.000000000000000000e+00	1.098666341135899005e+00	0.000000000000000000e+00
-2.998977999999999884e+04	0.000000000000000000e+00	0.000000000000000000e+00	1.095614490188299150e+00	0.000000000000000000e+00
-2.998975000000000000e+04	0.000000000000000000e+00	0.000000000000000000e+00	1.101107821893978711e+00	0.000000000000000000e+00
-2.998972000000000116e+04	0.000000000000000000e+00	0.000000000000000000e+00	1.101413006988738674e+00	0.000000000000000000e+00
-2.998970000000000073e+04	0.000000000000000000e+00	0.000000000000000000e+00	1.100192266609698821e+00	0.000000000000000000e+00
-2.998966999999999825e+04	0.000000000000000000e+00	0.000000000000000000e+00	1.107211523789178198e+00	0.000000000000000000e+00
-2.998963999999999942e+04	0.000000000000000000e+00	0.000000000000000000e+00	1.098971526230658968e+00	0.000000000000000000e+00
-2.998961999999999898e+04	0.000000000000000000e+00	0.000000000000000000e+00	1.101107821893978711e+00	0.000000000000000000e+00
-2.998959000000000015e+04	0.000000000000000000e+00	0.000000000000000000e+00	1.094393749809259297e+00	0.000000000000000000e+00
-2.998956000000000131e+04	0.000000000000000000e+00	0.000000000000000000e+00	1.093173009430219444e+00	0.000000000000000000e+00
-2.998954000000000087e+04	0.000000000000000000e+00	0.000000000000000000e+00	1.088290047914059810e+00	0.000000000000000000e+00
-2.998952000000000044e+04	0.000000000000000000e+00	0.000000000000000000e+00	1.093478194524979408e+00	0.000000000000000000e+00
-2.998949000000000160e+04	0.000000000000000000e+00	0.000000000000000000e+00	1.085848567155980104e+00	0.000000000000000000e+00
-2.998945000000000073e+04	0.000000000000000000e+00	0.000000000000000000e+00	1.093173009430219444e+00	0.000000000000000000e+00
-2.998943000000000029e+04	0.000000000000000000e+00	0.000000000000000000e+00	1.093783379619739371e+00	0.000000000000000000e+00
-2.998940999999999985e+04	0.000000000000000000e+00	0.000000000000000000e+00	1.089510788293099663e+00	0.000000000000000000e+00
-2.998938000000000102e+04	0.000000000000000000e+00	0.000000000000000000e+00	1.109958189642017867e+00	0.000000000000000000e+00
-2.998934999999999854e+04	0.000000000000000000e+00	0.000000000000000000e+00	1.116977446821497244e+00	0.000000000000000000e+00
-2.998931999999999971e+04	0.000000000000000000e+00	0.000000000000000000e+00	1.123996704000976621e+00	0.000000000000000000e+00
-2.998929000000000087e+04	0.000000000000000000e+00	0.000000000000000000e+00	1.132847071749015777e+00	0.000000000000000000e+00
-2.998925999999999840e+04	0.000000000000000000e+00	0.000000000000000000e+00	1.142612994781334823e+00	0.000000000000000000e+00
-2.998922000000000116e+04	0.000000000000000000e+00	0.000000000000000000e+00	1.151463362529373979e+00	0.000000000000000000e+00
-2.998918000000000029e+04	0.000000000000000000e+00	0.000000000000000000e+00	1.154210028382213871e+00	0.000000000000000000e+00
-2.998913999999999942e+04	0.000000000000000000e+00	0.000000000000000000e+00	1.157567064424573466e+00	0.000000000000000000e+00
-2.998909999999999854e+04	0.000000000000000000e+00	0.000000000000000000e+00	1.160618915372173321e+00	0.000000000000000000e+00
-2.998906000000000131e+04	0.000000000000000000e+00	0.000000000000000000e+00	1.152684102908414054e+00	0.000000000000000000e+00
-2.998902999999999884e+04	0.000000000000000000e+00	0.000000000000000000e+00	1.154210028382213871e+00	0.000000000000000000e+00
-2.998900000000000000e+04	0.000000000000000000e+00	0.000000000000000000e+00	1.144138920255134639e+00	0.000000000000000000e+00
-2.998897000000000116e+04	0.000000000000000000e+00	0.000000000000000000e+00	1.149937437055574163e+00	0.000000000000000000e+00
-2.998893999999999869e+04	0.000000000000000000e+00	0.000000000000000000e+00	1.135593737601855446e+00	0.000000000000000000e+00
-2.998890999999999985e+04	0.000000000000000000e+00	0.000000000000000000e+00	1.148716696676534310e+00	0.000000000000000000e+00
-2.998888000000000102e+04	0.000000000000000000e+00	0.000000000000000000e+00	1.143223364970854750e+00	0.000000000000000000e+00
-2.998884000000000015e+04	0.000000000000000000e+00	0.000000000000000000e+00	1.155735953856013687e+00	0.000000000000000000e+00
-2.998881999999999971e+04	0.000000000000000000e+00	0.000000000000000000e+00	1.152073732718893906e+00	0.000000000000000000e+00
-2.998879999999999927e+04	0.000000000000000000e+00	0.000000000000000000e+00	1.163670766319772953e+00	0.000000000000000000e+00
-2.998877000000000044e+04	0.000000000000000000e+00	0.000000000000000000e+00	1.163060396130253027e+00	0.000000000000000000e+00
-2.998872999999999956e+04	0.000000000000000000e+00	0.000000000000000000e+00	1.170079653309732404e+00	0.000000000000000000e+00
-2.998868999999999869e+04	0.000000000000000000e+00	0.000000000000000000e+00	1.182592242194891119e+00	0.000000000000000000e+00
-2.998865999999999985e+04	0.000000000000000000e+00	0.000000000000000000e+00	1.190221869563890422e+00	0.000000000000000000e+00
-2.998863999999999942e+04	0.000000000000000000e+00	0.000000000000000000e+00	1.203344828638569286e+00	0.000000000000000000e+00
-2.998861999999999898e+04	0.000000000000000000e+00	0.000000000000000000e+00	1.207617419965208994e+00	0.000000000000000000e+00
-2.998859999999999854e+04	0.000000000000000000e+00	0.000000000000000000e+00	1.217993713187047966e+00	0.000000000000000000e+00
-2.998858000000000175e+04	0.000000000000000000e+00	0.000000000000000000e+00	1.215552232428968260e+00	0.000000000000000000e+00
-2.998856000000000131e+04	0.000000000000000000e+00	0.000000000000000000e+00	1.214941862239448334e+00	0.000000000000000000e+00
-2.998854000000000087e+04	0.000000000000000000e+00	0.000000000000000000e+00	1.216162602618488187e+00	0.000000000000000000e+00
-2.998852000000000044e+04	0.000000000000000000e+00	0.000000000000000000e+00	1.220740379039887635e+00	0.000000000000000000e+00
-2.998850000000000000e+04	0.000000000000000000e+00	0.000000000000000000e+00	1.225928525650807233e+00	0.000000000000000000e+00
-2.998847000000000116e+04	0.000000000000000000e+00	0.000000000000000000e+00	1.219214453566087819e+00	0.000000000000000000e+00
-2.998845000000000073e+04	0.000000000000000000e+00	0.000000000000000000e+00	1.203344828638569286e+00	0.000000000000000000e+00
-2.998843000000000029e+04	0.000000000000000000e+00	0.000000000000000000e+00	1.207312234870449030e+00	0.000000000000000000e+00
-2.998840000000000146e+04	0.000000000000000000e+00	0.000000000000000000e+00	1.199682607501449727e+00	0.000000000000000000e+00
-2.998838000000000102e+04	0.000000000000000000e+00	0.000000000000000000e+00	1.191442609942930497e+00	0.000000000000000000e+00
-2.998834999999999854e+04	0.000000000000000000e+00	0.000000000000000000e+00	1.194189275795770167e+00	0.000000000000000000e+00
-2.998833000000000175e+04	0.000000000000000000e+00	0.000000000000000000e+00	1.201208532975249543e+00	0.000000000000000000e+00
-2.998831000000000131e+04	0.000000000000000000e+00	0.000000000000000000e+00	1.208838160344248847e+00	0.000000000000000000e+00
-2.998829000000000087e+04	0.000000000000000000e+00	0.000000000000000000e+00	1.206091494491408955e+00	0.000000000000000000e+00
-2.998825999999999840e+04	0.000000000000000000e+00	0.000000000000000000e+00	1.217383342997528040e+00	0.000000000000000000e+00
-2.998824000000000160e+04	0.000000000000000000e+00	0.000000000000000000e+00	1.229285561693166828e+00	0.000000000000000000e+00
-2.998822000000000116e+04	0.000000000000000000e+00	0.000000000000000000e+00	1.240272225104525949e+00	0.000000000000000000e+00
-2.998818999999999869e+04	0.000000000000000000e+00	0.000000000000000000e+00	1.246375926999725436e+00	0.000000000000000000e+00
-2.998816999999999825e+04	0.000000000000000000e+00	0.000000000000000000e+00	1.248512222663045179e+00	0.000000000000000000e+00
-2.998813999999999942e+04	0.000000000000000000e+00	0.000000000000000000e+00	1.255226294747764593e+00	0.000000000000000000e+00
-2.998811999999999898e+04	0.000000000000000000e+00	0.000000000000000000e+00	1.261635181737723821e+00	0.000000000000000000e+00
-2.998809000000000015e+04	0.000000000000000000e+00	0.000000000000000000e+00	1.266518143253883455e+00	0.000000000000000000e+00
-2.998806000000000131e+04	0.000000000000000000e+00	0.000000000000000000e+00	1.258278145695364225e+00	0.000000000000000000e+00
-2.998802999999999884e+04	0.000000000000000000e+00	0.000000000000000000e+00	1.259498886074404078e+00	0.000000000000000000e+00
-2.998800000000000000e+04	0.000000000000000000e+00	0.000000000000000000e+00	1.258278145695364225e+00	0.000000000000000000e+00
-2.998795999999999913e+04	0.000000000000000000e+00	0.000000000000000000e+00	1.266518143253883455e+00	0.000000000000000000e+00
-2.998795000000000073e+04	0.000000000000000000e+00	0.000000000000000000e+00	1.255531479842524556e+00	0.000000000000000000e+00
-2.998793000000000029e+04	0.000000000000000000e+00	0.000000000000000000e+00	1.247901852473525253e+00	0.000000000000000000e+00
-2.998788999999999942e+04	0.000000000000000000e+00	0.000000000000000000e+00	1.244850001525925398e+00	0.000000000000000000e+00
-2.998786999999999898e+04	0.000000000000000000e+00	0.000000000000000000e+00	1.244850001525925398e+00	0.000000000000000000e+00
-2.998786000000000058e+04	0.000000000000000000e+00	0.000000000000000000e+00	1.233863338114566499e+00	0.000000000000000000e+00
-2.998784999999999854e+04	0.000000000000000000e+00	0.000000000000000000e+00	1.234473708304086426e+00	0.000000000000000000e+00
-2.998783000000000175e+04	0.000000000000000000e+00	0.000000000000000000e+00	1.237830744346446021e+00	0.000000000000000000e+00
-2.998779999999999927e+04	0.000000000000000000e+00	0.000000000000000000e+00	1.247291482284005326e+00	0.000000000000000000e+00
-2.998777000000000044e+04	0.000000000000000000e+00	0.000000000000000000e+00	1.256752220221564409e+00	0.000000000000000000e+00
-2.998775999999999840e+04	0.000000000000000000e+00	0.000000000000000000e+00	1.267128513443403381e+00	0.000000000000000000e+00
-2.998775000000000000e+04	0.000000000000000000e+00	0.000000000000000000e+00	1.276589251380962464e+00	0.000000000000000000e+00
-2.998772999999999956e+04	0.000000000000000000e+00	0.000000000000000000e+00	1.280861842707602172e+00	0.000000000000000000e+00
-2.998770000000000073e+04	0.000000000000000000e+00	0.000000000000000000e+00	1.296731467635120705e+00	0.000000000000000000e+00
-2.998766999999999825e+04	0.000000000000000000e+00	0.000000000000000000e+00	1.308023316141239567e+00	0.000000000000000000e+00
-2.998765000000000146e+04	0.000000000000000000e+00	0.000000000000000000e+00	1.311990722373119311e+00	0.000000000000000000e+00
-2.998763000000000102e+04	0.000000000000000000e+00	0.000000000000000000e+00	1.304666280098879971e+00	0.000000000000000000e+00
-2.998761000000000058e+04	0.000000000000000000e+00	0.000000000000000000e+00	1.294289986877040999e+00	0.000000000000000000e+00
-2.998759000000000015e+04	0.000000000000000000e+00	0.000000000000000000e+00	1.307107760856959677e+00	0.000000000000000000e+00
-2.998756999999999971e+04	0.000000000000000000e+00	0.000000000000000000e+00	1.304971465193639935e+00	0.000000000000000000e+00
-2.998754999999999927e+04	0.000000000000000000e+00	0.000000000000000000e+00	1.313821832941679091e+00	0.000000000000000000e+00
-2.998754000000000087e+04	0.000000000000000000e+00	0.000000000000000000e+00	1.304666280098879971e+00	0.000000000000000000e+00
-2.998752000000000044e+04	0.000000000000000000e+00	0.000000000000000000e+00	1.290322580645161255e+00	0.000000000000000000e+00
-2.998750000000000000e+04	0.000000000000000000e+00	0.000000000000000000e+00	1.282387768181401988e+00	0.000000000000000000e+00
-2.998749000000000160e+04	0.000000000000000000e+00	0.000000000000000000e+00	1.281167027802362135e+00	0.000000000000000000e+00
-2.998747000000000116e+04	0.000000000000000000e+00	0.000000000000000000e+00	1.280556657612842208e+00	0.000000000000000000e+00
-2.998745000000000073e+04	0.000000000000000000e+00	0.000000000000000000e+00	1.277809991760002539e+00	0.000000000000000000e+00
-2.998743999999999869e+04	0.000000000000000000e+00	0.000000000000000000e+00	1.269569994201483309e+00	0.000000000000000000e+00
-2.998740999999999985e+04	0.000000000000000000e+00	0.000000000000000000e+00	1.278420361949522466e+00	0.000000000000000000e+00
-2.998738000000000102e+04	0.000000000000000000e+00	0.000000000000000000e+00	1.284524063844721731e+00	0.000000000000000000e+00
-2.998736999999999898e+04	0.000000000000000000e+00	0.000000000000000000e+00	1.288186284981841512e+00	0.000000000000000000e+00
-2.998734999999999854e+04	0.000000000000000000e+00	0.000000000000000000e+00	1.295205542161320889e+00	0.000000000000000000e+00
-2.998731999999999971e+04	0.000000000000000000e+00	0.000000000000000000e+00	1.302224799340800265e+00	0.000000000000000000e+00
-2.998729999999999927e+04	0.000000000000000000e+00	0.000000000000000000e+00	1.304361095004120008e+00	0.000000000000000000e+00
-2.998729000000000087e+04	0.000000000000000000e+00	0.000000000000000000e+00	1.321451460310678394e+00	0.000000000000000000e+00
-2.998725999999999840e+04	0.000000000000000000e+00	0.000000000000000000e+00	1.324808496353038212e+00	0.000000000000000000e+00
-2.998724000000000160e+04	0.000000000000000000e+00	0.000000000000000000e+00	1.332743308816797478e+00	0.000000000000000000e+00
-2.998720999999999913e+04	0.000000000000000000e+00	0.000000000000000000e+00	1.329691457869197624e+00	0.000000000000000000e+00
-2.998718999999999869e+04	0.000000000000000000e+00	0.000000000000000000e+00	1.327249977111117918e+00	0.000000000000000000e+00
-2.998715999999999985e+04	0.000000000000000000e+00	0.000000000000000000e+00	1.329386272774437661e+00	0.000000000000000000e+00
-2.998713999999999942e+04	0.000000000000000000e+00	0.000000000000000000e+00	1.328165532395397808e+00	0.000000000000000000e+00
-2.998711999999999898e+04	0.000000000000000000e+00	0.000000000000000000e+00	1.334879604480117221e+00	0.000000000000000000e+00
-2.998709999999999854e+04	0.000000000000000000e+00	0.000000000000000000e+00	1.321451460310678394e+00	0.000000000000000000e+00
-2.998708000000000175e+04	0.000000000000000000e+00	0.000000000000000000e+00	1.331217383342997440e+00	0.000000000000000000e+00
-2.998706000000000131e+04	0.000000000000000000e+00	0.000000000000000000e+00	1.315042573320718944e+00	0.000000000000000000e+00
-2.998704000000000087e+04	0.000000000000000000e+00	0.000000000000000000e+00	1.308633686330759716e+00	0.000000000000000000e+00
-2.998700999999999840e+04	0.000000000000000000e+00	0.000000000000000000e+00	1.308023316141239567e+00	0.000000000000000000e+00
-2.998697999999999956e+04	0.000000000000000000e+00	0.000000000000000000e+00	1.313211462752159164e+00	0.000000000000000000e+00
-2.998695999999999913e+04	0.000000000000000000e+00	0.000000000000000000e+00	1.314432203131199017e+00	0.000000000000000000e+00
-2.998693999999999869e+04	0.000000000000000000e+00	0.000000000000000000e+00	1.317789239173558835e+00	0.000000000000000000e+00
-2.998693000000000029e+04	0.000000000000000000e+00	0.000000000000000000e+00	1.322977385784478210e+00	0.000000000000000000e+00
-2.998690999999999985e+04	0.000000000000000000e+00	0.000000000000000000e+00	1.336405529953917037e+00	0.000000000000000000e+00
-2.998688999999999942e+04	0.000000000000000000e+00	0.000000000000000000e+00	1.332743308816797478e+00	0.000000000000000000e+00
-2.998686999999999898e+04	0.000000000000000000e+00	0.000000000000000000e+00	1.347087008270515973e+00	0.000000000000000000e+00
-2.998684999999999854e+04	0.000000000000000000e+00	0.000000000000000000e+00	1.352275154881435570e+00	0.000000000000000000e+00
-2.998681000000000131e+04	0.000000000000000000e+00	0.000000000000000000e+00	1.367229224524674214e+00	0.000000000000000000e+00
-2.998677999999999884e+04	0.000000000000000000e+00	0.000000000000000000e+00	1.378215887936033113e+00	0.000000000000000000e+00
-2.998675999999999840e+04	0.000000000000000000e+00	0.000000000000000000e+00	1.378521073030793076e+00	0.000000000000000000e+00
-2.998675000000000000e+04	0.000000000000000000e+00	0.000000000000000000e+00	1.379741813409833151e+00	0.000000000000000000e+00
-2.998672999999999956e+04	0.000000000000000000e+00	0.000000000000000000e+00	1.386455885494552343e+00	0.000000000000000000e+00
-2.998670000000000073e+04	0.000000000000000000e+00	0.000000000000000000e+00	1.378521073030793076e+00	0.000000000000000000e+00
-2.998666999999999825e+04	0.000000000000000000e+00	0.000000000000000000e+00	1.369975890377513883e+00	0.000000000000000000e+00
-2.998663999999999942e+04	0.000000000000000000e+00	0.000000000000000000e+00	1.367839594714194140e+00	0.000000000000000000e+00
-2.998661000000000058e+04	0.000000000000000000e+00	0.000000000000000000e+00	1.360820337534714763e+00	0.000000000000000000e+00
-2.998658000000000175e+04	0.000000000000000000e+00	0.000000000000000000e+00	1.349528489028595901e+00	0.000000000000000000e+00
-2.998654000000000087e+04	0.000000000000000000e+00	0.000000000000000000e+00	1.349528489028595901e+00	0.000000000000000000e+00
-2.998652000000000044e+04	0.000000000000000000e+00	0.000000000000000000e+00	1.352885525070955497e+00	0.000000000000000000e+00
-2.998650000000000000e+04	0.000000000000000000e+00	0.000000000000000000e+00	1.362651448103274543e+00	0.000000000000000000e+00
-2.998647999999999956e+04	0.000000000000000000e+00	0.000000000000000000e+00	1.358378856776635057e+00	0.000000000000000000e+00
-2.998645000000000073e+04	0.000000000000000000e+00	0.000000000000000000e+00	1.369060335093233993e+00	0.000000000000000000e+00
-2.998641999999999825e+04	0.000000000000000000e+00	0.000000000000000000e+00	1.370586260567033809e+00	0.000000000000000000e+00
-2.998638999999999942e+04	0.000000000000000000e+00	0.000000000000000000e+00	1.378826258125553039e+00	0.000000000000000000e+00
-2.998636999999999898e+04	0.000000000000000000e+00	0.000000000000000000e+00	1.391338847010711977e+00	0.000000000000000000e+00
-2.998634999999999854e+04	0.000000000000000000e+00	0.000000000000000000e+00	1.395611438337351684e+00	0.000000000000000000e+00
-2.998633000000000175e+04	0.000000000000000000e+00	0.000000000000000000e+00	1.397442548905911464e+00	0.000000000000000000e+00
-2.998629999999999927e+04	0.000000000000000000e+00	0.000000000000000000e+00	1.397747734000671427e+00	0.000000000000000000e+00
-2.998627999999999884e+04	0.000000000000000000e+00	0.000000000000000000e+00	1.408429212317270363e+00	0.000000000000000000e+00
-2.998625999999999840e+04	0.000000000000000000e+00	0.000000000000000000e+00	1.412396618549150107e+00	0.000000000000000000e+00
-2.998622999999999956e+04	0.000000000000000000e+00	0.000000000000000000e+00	1.412701803643910070e+00	0.000000000000000000e+00
-2.998620000000000073e+04	0.000000000000000000e+00	0.000000000000000000e+00	1.409955137791070179e+00	0.000000000000000000e+00
-2.998618000000000029e+04	0.000000000000000000e+00	0.000000000000000000e+00	1.403241065706350987e+00	0.000000000000000000e+00
-2.998615999999999985e+04	0.000000000000000000e+00	0.000000000000000000e+00	1.407513657032990473e+00	0.000000000000000000e+00
-2.998613000000000102e+04	0.000000000000000000e+00	0.000000000000000000e+00	1.397747734000671427e+00	0.000000000000000000e+00
-2.998609000000000015e+04	0.000000000000000000e+00	0.000000000000000000e+00	1.393169957579271756e+00	0.000000000000000000e+00
-2.998606999999999971e+04	0.000000000000000000e+00	0.000000000000000000e+00	1.392864772484511793e+00	0.000000000000000000e+00
-2.998604000000000087e+04	0.000000000000000000e+00	0.000000000000000000e+00	1.395916623432111647e+00	0.000000000000000000e+00
-2.998602000000000044e+04	0.000000000000000000e+00	0.000000000000000000e+00	1.391644032105471940e+00	0.000000000000000000e+00
-2.998600999999999840e+04	0.000000000000000000e+00	0.000000000000000000e+00	1.380352183599353078e+00	0.000000000000000000e+00
-2.998599000000000160e+04	0.000000000000000000e+00	0.000000000000000000e+00	1.386455885494552343e+00	0.000000000000000000e+00
-2.998597000000000116e+04	0.000000000000000000e+00	0.000000000000000000e+00	1.390728476821192050e+00	0.000000000000000000e+00
-2.998595000000000073e+04	0.000000000000000000e+00	0.000000000000000000e+00	1.406903286843470546e+00	0.000000000000000000e+00
-2.998593000000000029e+04	0.000000000000000000e+00	0.000000000000000000e+00	1.407513657032990473e+00	0.000000000000000000e+00
-2.998590999999999985e+04	0.000000000000000000e+00	0.000000000000000000e+00	1.416364024781029629e+00	0.000000000000000000e+00
-2.998588999999999942e+04	0.000000000000000000e+00	0.000000000000000000e+00	1.413922544022949923e+00	0.000000000000000000e+00
-2.998586999999999898e+04	0.000000000000000000e+00	0.000000000000000000e+00	1.422772911770989079e+00	0.000000000000000000e+00
-2.998584000000000015e+04	0.000000000000000000e+00	0.000000000000000000e+00	1.433759575182348200e+00	0.000000000000000000e+00
-2.998581000000000131e+04	0.000000000000000000e+00	0.000000000000000000e+00	1.428266243476668640e+00	0.000000000000000000e+00
-2.998577999999999884e+04	0.000000000000000000e+00	0.000000000000000000e+00	1.434675130466628090e+00	0.000000000000000000e+00
-2.998575999999999840e+04	0.000000000000000000e+00	0.000000000000000000e+00	1.441084017456587318e+00	0.000000000000000000e+00
-2.998574000000000160e+04	0.000000000000000000e+00	0.000000000000000000e+00	1.438337351603747649e+00	0.000000000000000000e+00
-2.998570999999999913e+04	0.000000000000000000e+00	0.000000000000000000e+00	1.449018829920346585e+00	0.000000000000000000e+00
-2.998568000000000029e+04	0.000000000000000000e+00	0.000000000000000000e+00	1.441389202551347282e+00	0.000000000000000000e+00
-2.998563999999999942e+04	0.000000000000000000e+00	0.000000000000000000e+00	1.437116611224707796e+00	0.000000000000000000e+00
-2.998561999999999898e+04	0.000000000000000000e+00	0.000000000000000000e+00	1.437726981414227723e+00	0.000000000000000000e+00
-2.998559000000000015e+04	0.000000000000000000e+00	0.000000000000000000e+00	1.449629200109866733e+00	0.000000000000000000e+00
-2.998556999999999971e+04	0.000000000000000000e+00	0.000000000000000000e+00	1.426740318002868824e+00	0.000000000000000000e+00
-2.998556000000000131e+04	0.000000000000000000e+00	0.000000000000000000e+00	1.417889950254829445e+00	0.000000000000000000e+00
-2.998552999999999884e+04	0.000000000000000000e+00	0.000000000000000000e+00	1.430402539139988383e+00	0.000000000000000000e+00
-2.998550000000000000e+04	0.000000000000000000e+00	0.000000000000000000e+00	1.419721060823389447e+00	0.000000000000000000e+00
-2.998547000000000116e+04	0.000000000000000000e+00	0.000000000000000000e+00	1.416974394970549556e+00	0.000000000000000000e+00
-2.998543000000000029e+04	0.000000000000000000e+00	0.000000000000000000e+00	1.421857356486709190e+00	0.000000000000000000e+00
-2.998540000000000146e+04	0.000000000000000000e+00	0.000000000000000000e+00	1.425214392529068785e+00	0.000000000000000000e+00
-2.998538999999999942e+04	0.000000000000000000e+00	0.000000000000000000e+00	1.443830683309427210e+00	0.000000000000000000e+00
-2.998536000000000058e+04	0.000000000000000000e+00	0.000000000000000000e+00	1.443830683309427210e+00	0.000000000000000000e+00
-2.998533000000000175e+04	0.000000000000000000e+00	0.000000000000000000e+00	1.451155125583666550e+00	0.000000000000000000e+00
-2.998529000000000087e+04	0.000000000000000000e+00	0.000000000000000000e+00	1.460005493331705706e+00	0.000000000000000000e+00
-2.998525999999999840e+04	0.000000000000000000e+00	0.000000000000000000e+00	1.469161046174504826e+00	0.000000000000000000e+00
-2.998524000000000160e+04	0.000000000000000000e+00	0.000000000000000000e+00	1.477401043733024055e+00	0.000000000000000000e+00
-2.998522999999999956e+04	0.000000000000000000e+00	0.000000000000000000e+00	1.478011413922543982e+00	0.000000000000000000e+00
-2.998522000000000116e+04	0.000000000000000000e+00	0.000000000000000000e+00	1.482284005249183689e+00	0.000000000000000000e+00
-2.998518999999999869e+04	0.000000000000000000e+00	0.000000000000000000e+00	1.480452894680623688e+00	0.000000000000000000e+00
-2.998515999999999985e+04	0.000000000000000000e+00	0.000000000000000000e+00	1.481063264870143836e+00	0.000000000000000000e+00
-2.998513000000000102e+04	0.000000000000000000e+00	0.000000000000000000e+00	1.467635120700705009e+00	0.000000000000000000e+00
-2.998509000000000015e+04	0.000000000000000000e+00	0.000000000000000000e+00	1.465193639942625303e+00	0.000000000000000000e+00
-2.998506000000000131e+04	0.000000000000000000e+00	0.000000000000000000e+00	1.456648457289345888e+00	0.000000000000000000e+00
-2.998504000000000087e+04	0.000000000000000000e+00	0.000000000000000000e+00	1.451765495773186476e+00	0.000000000000000000e+00
-2.998500000000000000e+04	0.000000000000000000e+00	0.000000000000000000e+00	1.451155125583666550e+00	0.000000000000000000e+00
-2.998497999999999956e+04	0.000000000000000000e+00	0.000000000000000000e+00	1.441084017456587318e+00	0.000000000000000000e+00
-2.998493999999999869e+04	0.000000000000000000e+00	0.000000000000000000e+00	1.445966978972746952e+00	0.000000000000000000e+00
-2.998490999999999985e+04	0.000000000000000000e+00	0.000000000000000000e+00	1.453596606341746256e+00	0.000000000000000000e+00
-2.998488000000000102e+04	0.000000000000000000e+00	0.000000000000000000e+00	1.456343272194585925e+00	0.000000000000000000e+00
-2.998484999999999854e+04	0.000000000000000000e+00	0.000000000000000000e+00	1.461226233710745559e+00	0.000000000000000000e+00
-2.998483000000000175e+04	0.000000000000000000e+00	0.000000000000000000e+00	1.463667714468825265e+00	0.000000000000000000e+00
-2.998481000000000131e+04	0.000000000000000000e+00	0.000000000000000000e+00	1.474044007690664460e+00	0.000000000000000000e+00
-2.998479999999999927e+04	0.000000000000000000e+00	0.000000000000000000e+00	1.481368449964903800e+00	0.000000000000000000e+00
-2.998477000000000044e+04	0.000000000000000000e+00	0.000000000000000000e+00	1.489608447523423029e+00	0.000000000000000000e+00
-2.998474000000000160e+04	0.000000000000000000e+00	0.000000000000000000e+00	1.497238074892422333e+00	0.000000000000000000e+00
-2.998470999999999913e+04	0.000000000000000000e+00	0.000000000000000000e+00	1.498153630176702222e+00	0.000000000000000000e+00
-2.998468999999999869e+04	0.000000000000000000e+00	0.000000000000000000e+00	1.509750663777581048e+00	0.000000000000000000e+00
-2.998465999999999985e+04	0.000000000000000000e+00	0.000000000000000000e+00	1.521347697378460095e+00	0.000000000000000000e+00
-2.998463000000000102e+04	0.000000000000000000e+00	0.000000000000000000e+00	1.496627704702902406e+00	0.000000000000000000e+00
-2.998459999999999854e+04	0.000000000000000000e+00	0.000000000000000000e+00	1.504257332071901709e+00	0.000000000000000000e+00
-2.998456999999999971e+04	0.000000000000000000e+00	0.000000000000000000e+00	1.495712149418622294e+00	0.000000000000000000e+00
-2.998454999999999927e+04	0.000000000000000000e+00	0.000000000000000000e+00	1.488692892239143140e+00	0.000000000000000000e+00
-2.998452999999999884e+04	0.000000000000000000e+00	0.000000000000000000e+00	1.491744743186742772e+00	0.000000000000000000e+00
-2.998450999999999840e+04	0.000000000000000000e+00	0.000000000000000000e+00	1.481368449964903800e+00	0.000000000000000000e+00
-2.998447999999999956e+04	0.000000000000000000e+00	0.000000000000000000e+00	1.481368449964903800e+00	0.000000000000000000e+00
-2.998445999999999913e+04	0.000000000000000000e+00	0.000000000000000000e+00	1.480452894680623688e+00	0.000000000000000000e+00
-2.998443000000000029e+04	0.000000000000000000e+00	0.000000000000000000e+00	1.477401043733024055e+00	0.000000000000000000e+00
-2.998440999999999985e+04	0.000000000000000000e+00	0.000000000000000000e+00	1.480147709585863725e+00	0.000000000000000000e+00
-2.998438999999999942e+04	0.000000000000000000e+00	0.000000000000000000e+00	1.481978820154423726e+00	0.000000000000000000e+00
-2.998436000000000058e+04	0.000000000000000000e+00	0.000000000000000000e+00	1.492660298471022662e+00	0.000000000000000000e+00
-2.998431999999999971e+04	0.000000000000000000e+00	0.000000000000000000e+00	1.486556596575823175e+00	0.000000000000000000e+00
-2.998429000000000087e+04	0.000000000000000000e+00	0.000000000000000000e+00	1.495101779229102368e+00	0.000000000000000000e+00
-2.998425999999999840e+04	0.000000000000000000e+00	0.000000000000000000e+00	1.510666219061860938e+00	0.000000000000000000e+00
-2.998424000000000160e+04	0.000000000000000000e+00	0.000000000000000000e+00	1.512192144535660976e+00	0.000000000000000000e+00
-2.998420999999999913e+04	0.000000000000000000e+00	0.000000000000000000e+00	1.494186223944822478e+00	0.000000000000000000e+00
-2.998418999999999869e+04	0.000000000000000000e+00	0.000000000000000000e+00	1.517075106051820388e+00	0.000000000000000000e+00
-2.998416999999999825e+04	0.000000000000000000e+00	0.000000000000000000e+00	1.524399548326059728e+00	0.000000000000000000e+00
-2.998413999999999942e+04	0.000000000000000000e+00	0.000000000000000000e+00	1.521042512283700132e+00	0.000000000000000000e+00
-2.998411000000000058e+04	0.000000000000000000e+00	0.000000000000000000e+00	1.519516586809900094e+00	0.000000000000000000e+00
-2.998408000000000175e+04	0.000000000000000000e+00	0.000000000000000000e+00	1.522568437757499948e+00	0.000000000000000000e+00
-2.998404000000000087e+04	0.000000000000000000e+00	0.000000000000000000e+00	1.524704733420819691e+00	0.000000000000000000e+00
-2.998400999999999840e+04	0.000000000000000000e+00	0.000000000000000000e+00	1.521958067567980022e+00	0.000000000000000000e+00
-2.998397000000000116e+04	0.000000000000000000e+00	0.000000000000000000e+00	1.521042512283700132e+00	0.000000000000000000e+00
-2.998393000000000029e+04	0.000000000000000000e+00	0.000000000000000000e+00	1.514328440198980719e+00	0.000000000000000000e+00
-2.998390000000000146e+04	0.000000000000000000e+00	0.000000000000000000e+00	1.508224738303781232e+00	0.000000000000000000e+00
-2.998386000000000058e+04	0.000000000000000000e+00	0.000000000000000000e+00	1.505478072450941562e+00	0.000000000000000000e+00
-2.998383000000000175e+04	0.000000000000000000e+00	0.000000000000000000e+00	1.496627704702902406e+00	0.000000000000000000e+00
-2.998381000000000131e+04	0.000000000000000000e+00	0.000000000000000000e+00	1.504257332071901709e+00	0.000000000000000000e+00
-2.998379999999999927e+04	0.000000000000000000e+00	0.000000000000000000e+00	1.495712149418622294e+00	0.000000000000000000e+00
-2.998377000000000044e+04	0.000000000000000000e+00	0.000000000000000000e+00	1.494491409039582441e+00	0.000000000000000000e+00
-2.998374000000000160e+04	0.000000000000000000e+00	0.000000000000000000e+00	1.504867702261421636e+00	0.000000000000000000e+00
-2.998372999999999956e+04	0.000000000000000000e+00	0.000000000000000000e+00	1.507919553209021268e+00	0.000000000000000000e+00
-2.998370999999999913e+04	0.000000000000000000e+00	0.000000000000000000e+00	1.523178807947019875e+00	0.000000000000000000e+00
-2.998366999999999825e+04	0.000000000000000000e+00	0.000000000000000000e+00	1.528366954557939472e+00	0.000000000000000000e+00
-2.998363999999999942e+04	0.000000000000000000e+00	0.000000000000000000e+00	1.531418805505539105e+00	0.000000000000000000e+00
-2.998361999999999898e+04	0.000000000000000000e+00	0.000000000000000000e+00	1.529282509842219362e+00	0.000000000000000000e+00
-2.998361000000000058e+04	0.000000000000000000e+00	0.000000000000000000e+00	1.540269173253578261e+00	0.000000000000000000e+00
-2.998358000000000175e+04	0.000000000000000000e+00	0.000000000000000000e+00	1.540574358348338224e+00	0.000000000000000000e+00
-2.998356000000000131e+04	0.000000000000000000e+00	0.000000000000000000e+00	1.537522507400738592e+00	0.000000000000000000e+00
-2.998352000000000044e+04	0.000000000000000000e+00	0.000000000000000000e+00	1.539353617969298371e+00	0.000000000000000000e+00
-2.998349000000000160e+04	0.000000000000000000e+00	0.000000000000000000e+00	1.541184728537858151e+00	0.000000000000000000e+00
-2.998345999999999913e+04	0.000000000000000000e+00	0.000000000000000000e+00	1.540269173253578261e+00	0.000000000000000000e+00
-2.998343999999999869e+04	0.000000000000000000e+00	0.000000000000000000e+00	1.536301767021698739e+00	0.000000000000000000e+00
-2.998341999999999825e+04	0.000000000000000000e+00	0.000000000000000000e+00	1.518906216620380167e+00	0.000000000000000000e+00
-2.998340000000000146e+04	0.000000000000000000e+00	0.000000000000000000e+00	1.520126956999420242e+00	0.000000000000000000e+00
-2.998338999999999942e+04	0.000000000000000000e+00	0.000000000000000000e+00	1.523789178136539801e+00	0.000000000000000000e+00
-2.998336000000000058e+04	0.000000000000000000e+00	0.000000000000000000e+00	1.512497329630420939e+00	0.000000000000000000e+00
-2.998334000000000015e+04	0.000000000000000000e+00	0.000000000000000000e+00	1.517685476241340314e+00	0.000000000000000000e+00
-2.998333000000000175e+04	0.000000000000000000e+00	0.000000000000000000e+00	1.514938810388500645e+00	0.000000000000000000e+00
-2.998331000000000131e+04	0.000000000000000000e+00	0.000000000000000000e+00	1.506698812829981415e+00	0.000000000000000000e+00
-2.998327999999999884e+04	0.000000000000000000e+00	0.000000000000000000e+00	1.503036591692861634e+00	0.000000000000000000e+00
-2.998322999999999956e+04	0.000000000000000000e+00	0.000000000000000000e+00	1.512192144535660976e+00	0.000000000000000000e+00
-2.998320000000000073e+04	0.000000000000000000e+00	0.000000000000000000e+00	1.530808435316019178e+00	0.000000000000000000e+00
-2.998318000000000029e+04	0.000000000000000000e+00	0.000000000000000000e+00	1.529587694936979325e+00	0.000000000000000000e+00
-2.998316999999999825e+04	0.000000000000000000e+00	0.000000000000000000e+00	1.535996581926938775e+00	0.000000000000000000e+00
-2.998315000000000146e+04	0.000000000000000000e+00	0.000000000000000000e+00	1.541795098727378077e+00	0.000000000000000000e+00
-2.998313000000000102e+04	0.000000000000000000e+00	0.000000000000000000e+00	1.546372875148777748e+00	0.000000000000000000e+00
-2.998311000000000058e+04	0.000000000000000000e+00	0.000000000000000000e+00	1.550340281380657270e+00	0.000000000000000000e+00
-2.998308000000000175e+04	0.000000000000000000e+00	0.000000000000000000e+00	1.549119541001617417e+00	0.000000000000000000e+00
-2.998306000000000131e+04	0.000000000000000000e+00	0.000000000000000000e+00	1.550035096285897307e+00	0.000000000000000000e+00
-2.998302999999999884e+04	0.000000000000000000e+00	0.000000000000000000e+00	1.552781762138737198e+00	0.000000000000000000e+00
-2.998300999999999840e+04	0.000000000000000000e+00	0.000000000000000000e+00	1.546983245338297674e+00	0.000000000000000000e+00
-2.998300000000000000e+04	0.000000000000000000e+00	0.000000000000000000e+00	1.550340281380657270e+00	0.000000000000000000e+00
-2.998297999999999956e+04	0.000000000000000000e+00	0.000000000000000000e+00	1.542710654011657967e+00	0.000000000000000000e+00
-2.998295999999999913e+04	0.000000000000000000e+00	0.000000000000000000e+00	1.537827692495498555e+00	0.000000000000000000e+00
-2.998293999999999869e+04	0.000000000000000000e+00	0.000000000000000000e+00	1.536301767021698739e+00	0.000000000000000000e+00
-2.998290999999999985e+04	0.000000000000000000e+00	0.000000000000000000e+00	1.523483993041779838e+00	0.000000000000000000e+00
-2.998288000000000102e+04	0.000000000000000000e+00	0.000000000000000000e+00	1.535081026642658664e+00	0.000000000000000000e+00
-2.998284999999999854e+04	0.000000000000000000e+00	0.000000000000000000e+00	1.527146214178899397e+00	0.000000000000000000e+00
-2.998281999999999971e+04	0.000000000000000000e+00	0.000000000000000000e+00	1.511276589251380864e+00	0.000000000000000000e+00
-2.998279000000000087e+04	0.000000000000000000e+00	0.000000000000000000e+00	1.515549180578020572e+00	0.000000000000000000e+00
-2.998275999999999840e+04	0.000000000000000000e+00	0.000000000000000000e+00	1.516769920957060425e+00	0.000000000000000000e+00
-2.998274000000000160e+04	0.000000000000000000e+00	0.000000000000000000e+00	1.531113620410779141e+00	0.000000000000000000e+00
-2.998272000000000116e+04	0.000000000000000000e+00	0.000000000000000000e+00	1.521042512283700132e+00	0.000000000000000000e+00
-2.998268999999999869e+04	0.000000000000000000e+00	0.000000000000000000e+00	1.528061769463179509e+00	0.000000000000000000e+00
-2.998265999999999985e+04	0.000000000000000000e+00	0.000000000000000000e+00	1.537217322305978628e+00	0.000000000000000000e+00
-2.998263000000000102e+04	0.000000000000000000e+00	0.000000000000000000e+00	1.551255836664937382e+00	0.000000000000000000e+00
-2.998261999999999898e+04	0.000000000000000000e+00	0.000000000000000000e+00	1.558275093844416537e+00	0.000000000000000000e+00
-2.998261000000000058e+04	0.000000000000000000e+00	0.000000000000000000e+00	1.563768425550096097e+00	0.000000000000000000e+00
-2.998259000000000015e+04	0.000000000000000000e+00	0.000000000000000000e+00	1.568041016876735805e+00	0.000000000000000000e+00
-2.998256000000000131e+04	0.000000000000000000e+00	0.000000000000000000e+00	1.570787682729575474e+00	0.000000000000000000e+00
-2.998254000000000087e+04	0.000000000000000000e+00	0.000000000000000000e+00	1.564073610644856061e+00	0.000000000000000000e+00
-2.998250999999999840e+04	0.000000000000000000e+00	0.000000000000000000e+00	1.557359538560136647e+00	0.000000000000000000e+00
-2.998247999999999956e+04	0.000000000000000000e+00	0.000000000000000000e+00	1.547288430433057638e+00	0.000000000000000000e+00
-2.998245000000000073e+04	0.000000000000000000e+00	0.000000000000000000e+00	1.533555101168858847e+00	0.000000000000000000e+00
-2.998243000000000029e+04	0.000000000000000000e+00	0.000000000000000000e+00	1.537217322305978628e+00	0.000000000000000000e+00
-2.998240999999999985e+04	0.000000000000000000e+00	0.000000000000000000e+00	1.527146214178899397e+00	0.000000000000000000e+00
-2.998238999999999942e+04	0.000000000000000000e+00	0.000000000000000000e+00	1.519516586809900094e+00	0.000000000000000000e+00
-2.998236000000000058e+04	0.000000000000000000e+00	0.000000000000000000e+00	1.517075106051820388e+00	0.000000000000000000e+00
-2.998234000000000015e+04	0.000000000000000000e+00	0.000000000000000000e+00	1.518295846430860241e+00	0.000000000000000000e+00
-2.998231999999999971e+04	0.000000000000000000e+00	0.000000000000000000e+00	1.516159550767540498e+00	0.000000000000000000e+00
-2.998229999999999927e+04	0.000000000000000000e+00	0.000000000000000000e+00	1.525315103610339618e+00	0.000000000000000000e+00
-2.998229000000000087e+04	0.000000000000000000e+00	0.000000000000000000e+00	1.532639545884578958e+00	0.000000000000000000e+00
-2.998227999999999884e+04	0.000000000000000000e+00	0.000000000000000000e+00	1.538132877590258518e+00	0.000000000000000000e+00
-2.998225999999999840e+04	0.000000000000000000e+00	0.000000000000000000e+00	1.553392132328257125e+00	0.000000000000000000e+00
-2.998224000000000160e+04	0.000000000000000000e+00	0.000000000000000000e+00	1.556443983275856757e+00	0.000000000000000000e+00
-2.998222000000000116e+04	0.000000000000000000e+00	0.000000000000000000e+00	1.554612872707296978e+00	0.000000000000000000e+00
-2.998220000000000073e+04	0.000000000000000000e+00	0.000000000000000000e+00	1.568651387066255731e+00	0.000000000000000000e+00
-2.998218000000000029e+04	0.000000000000000000e+00	0.000000000000000000e+00	1.558885464033936685e+00	0.000000000000000000e+00
-2.998215999999999985e+04	0.000000000000000000e+00	0.000000000000000000e+00	1.559495834223456612e+00	0.000000000000000000e+00
-2.998213000000000102e+04	0.000000000000000000e+00	0.000000000000000000e+00	1.561326944792016391e+00	0.000000000000000000e+00
-2.998209999999999854e+04	0.000000000000000000e+00	0.000000000000000000e+00	1.576891384624774961e+00	0.000000000000000000e+00
-2.998206999999999971e+04	0.000000000000000000e+00	0.000000000000000000e+00	1.563158055360576171e+00	0.000000000000000000e+00
-2.998204999999999927e+04	0.000000000000000000e+00	0.000000000000000000e+00	1.540269173253578261e+00	0.000000000000000000e+00
-2.998202000000000044e+04	0.000000000000000000e+00	0.000000000000000000e+00	1.535996581926938775e+00	0.000000000000000000e+00
-2.998200000000000000e+04	0.000000000000000000e+00	0.000000000000000000e+00	1.534775841547898700e+00	0.000000000000000000e+00
-2.998197000000000116e+04	0.000000000000000000e+00	0.000000000000000000e+00	1.526230658894619507e+00	0.000000000000000000e+00
-2.998195000000000073e+04	0.000000000000000000e+00	0.000000000000000000e+00	1.519821771904660279e+00	0.000000000000000000e+00
-2.998191999999999825e+04	0.000000000000000000e+00	0.000000000000000000e+00	1.520737327188940169e+00	0.000000000000000000e+00
-2.998190000000000146e+04	0.000000000000000000e+00	0.000000000000000000e+00	1.523483993041779838e+00	0.000000000000000000e+00
-2.998186999999999898e+04	0.000000000000000000e+00	0.000000000000000000e+00	1.528672139652699435e+00	0.000000000000000000e+00
-2.998184999999999854e+04	0.000000000000000000e+00	0.000000000000000000e+00	1.527146214178899397e+00	0.000000000000000000e+00
-2.998183000000000175e+04	0.000000000000000000e+00	0.000000000000000000e+00	1.533249916074098884e+00	0.000000000000000000e+00
-2.998179999999999927e+04	0.000000000000000000e+00	0.000000000000000000e+00	1.535996581926938775e+00	0.000000000000000000e+00
-2.998177999999999884e+04	0.000000000000000000e+00	0.000000000000000000e+00	1.544236579485458005e+00	0.000000000000000000e+00
-2.998175000000000000e+04	0.000000000000000000e+00	0.000000000000000000e+00	1.556138798181096794e+00	0.000000000000000000e+00
-2.998172000000000116e+04	0.000000000000000000e+00	0.000000000000000000e+00	1.551866206854457308e+00	0.000000000000000000e+00
-2.998168999999999869e+04	0.000000000000000000e+00	0.000000000000000000e+00	1.554612872707296978e+00	0.000000000000000000e+00
-2.998166999999999825e+04	0.000000000000000000e+00	0.000000000000000000e+00	1.556138798181096794e+00	0.000000000000000000e+00
-2.998165000000000146e+04	0.000000000000000000e+00	0.000000000000000000e+00	1.542100283822138040e+00	0.000000000000000000e+00
-2.998161999999999898e+04	0.000000000000000000e+00	0.000000000000000000e+00	1.539963988158818298e+00	0.000000000000000000e+00
-2.998159999999999854e+04	0.000000000000000000e+00	0.000000000000000000e+00	1.545762504959257821e+00	0.000000000000000000e+00
-2.998159000000000015e+04	0.000000000000000000e+00	0.000000000000000000e+00	1.536301767021698739e+00	0.000000000000000000e+00
-2.998156999999999971e+04	0.000000000000000000e+00	0.000000000000000000e+00	1.535691396832178812e+00	0.000000000000000000e+00
-2.998156000000000131e+04	0.000000000000000000e+00	0.000000000000000000e+00	1.537522507400738592e+00	0.000000000000000000e+00
-2.998154000000000087e+04	0.000000000000000000e+00	0.000000000000000000e+00	1.542710654011657967e+00	0.000000000000000000e+00
-2.998154000000000087e+04	0.000000000000000000e+00	0.000000000000000000e+00	1.527146214178899397e+00	0.000000000000000000e+00
-2.998152000000000044e+04	0.000000000000000000e+00	0.000000000000000000e+00	1.542405468916898004e+00	0.000000000000000000e+00
-2.998147999999999956e+04	0.000000000000000000e+00	0.000000000000000000e+00	1.540879543443098187e+00	0.000000000000000000e+00
-2.998145000000000073e+04	0.000000000000000000e+00	0.000000000000000000e+00	1.526230658894619507e+00	0.000000000000000000e+00
-2.998140999999999985e+04	0.000000000000000000e+00	0.000000000000000000e+00	1.524094363231299765e+00	0.000000000000000000e+00
-2.998138999999999942e+04	0.000000000000000000e+00	0.000000000000000000e+00	1.521042512283700132e+00	0.000000000000000000e+00
-2.998136000000000058e+04	0.000000000000000000e+00	0.000000000000000000e+00	1.530198065126499252e+00	0.000000000000000000e+00
-2.998133000000000175e+04	0.000000000000000000e+00	0.000000000000000000e+00	1.531113620410779141e+00	0.000000000000000000e+00
-2.998131000000000131e+04	0.000000000000000000e+00	0.000000000000000000e+00	1.525620288705099581e+00	0.000000000000000000e+00
-2.998127999999999884e+04	0.000000000000000000e+00	0.000000000000000000e+00	1.525315103610339618e+00	0.000000000000000000e+00
-2.998125999999999840e+04	0.000000000000000000e+00	0.000000000000000000e+00	1.542405468916898004e+00	0.000000000000000000e+00
-2.998122999999999956e+04	0.000000000000000000e+00	0.000000000000000000e+00	1.536301767021698739e+00	0.000000000000000000e+00
-2.998120999999999913e+04	0.000000000000000000e+00	0.000000000000000000e+00	1.539353617969298371e+00	0.000000000000000000e+00
-2.998118000000000029e+04	0.000000000000000000e+00	0.000000000000000000e+00	1.542100283822138040e+00	0.000000000000000000e+00
-2.998115999999999985e+04	0.000000000000000000e+00	0.000000000000000000e+00	1.543015839106418152e+00	0.000000000000000000e+00
-2.998113000000000102e+04	0.000000000000000000e+00	0.000000000000000000e+00	1.550035096285897307e+00	0.000000000000000000e+00
-2.998109999999999854e+04	0.000000000000000000e+00	0.000000000000000000e+00	1.545762504959257821e+00	0.000000000000000000e+00
-2.998108000000000175e+04	0.000000000000000000e+00	0.000000000000000000e+00	1.542710654011657967e+00	0.000000000000000000e+00
-2.998104000000000087e+04	0.000000000000000000e+00	0.000000000000000000e+00	1.537217322305978628e+00	0.000000000000000000e+00
-2.998100999999999840e+04	0.000000000000000000e+00	0.000000000000000000e+00	1.534165471358378774e+00	0.000000000000000000e+00
-2.998099000000000160e+04	0.000000000000000000e+00	0.000000000000000000e+00	1.520737327188940169e+00	0.000000000000000000e+00
-2.998097000000000116e+04	0.000000000000000000e+00	0.000000000000000000e+00	1.510666219061860938e+00	0.000000000000000000e+00
-2.998095000000000073e+04	0.000000000000000000e+00	0.000000000000000000e+00	1.505172887356181599e+00	0.000000000000000000e+00
-2.998093000000000029e+04	0.000000000000000000e+00	0.000000000000000000e+00	1.506088442640461489e+00	0.000000000000000000e+00
-2.998090999999999985e+04	0.000000000000000000e+00	0.000000000000000000e+00	1.503036591692861634e+00	0.000000000000000000e+00
-2.998088999999999942e+04	0.000000000000000000e+00	0.000000000000000000e+00	1.495712149418622294e+00	0.000000000000000000e+00
-2.998086000000000058e+04	0.000000000000000000e+00	0.000000000000000000e+00	1.503646961882381561e+00	0.000000000000000000e+00
-2.998083000000000175e+04	0.000000000000000000e+00	0.000000000000000000e+00	1.500595110934781928e+00	0.000000000000000000e+00
-2.998079999999999927e+04	0.000000000000000000e+00	0.000000000000000000e+00	1.512802514725180902e+00	0.000000000000000000e+00
-2.998077999999999884e+04	0.000000000000000000e+00	0.000000000000000000e+00	1.526535843989379471e+00	0.000000000000000000e+00
-2.998075000000000000e+04	0.000000000000000000e+00	0.000000000000000000e+00	1.523789178136539801e+00	0.000000000000000000e+00
-2.998072000000000116e+04	0.000000000000000000e+00	0.000000000000000000e+00	1.532334360789818994e+00	0.000000000000000000e+00
-2.998068999999999869e+04	0.000000000000000000e+00	0.000000000000000000e+00	1.528061769463179509e+00	0.000000000000000000e+00
-2.998065999999999985e+04	0.000000000000000000e+00	0.000000000000000000e+00	1.531418805505539105e+00	0.000000000000000000e+00
-2.998063000000000102e+04	0.000000000000000000e+00	0.000000000000000000e+00	1.528366954557939472e+00	0.000000000000000000e+00
-2.998061000000000058e+04	0.000000000000000000e+00	0.000000000000000000e+00	1.542405468916898004e+00	0.000000000000000000e+00
-2.998058000000000175e+04	0.000000000000000000e+00	0.000000000000000000e+00	1.531723990600299068e+00	0.000000000000000000e+00
-2.998056000000000131e+04	0.000000000000000000e+00	0.000000000000000000e+00	1.528672139652699435e+00	0.000000000000000000e+00
-2.998052999999999884e+04	0.000000000000000000e+00	0.000000000000000000e+00	1.528977324747459399e+00	0.000000000000000000e+00
-2.998050000000000000e+04	0.000000000000000000e+00	0.000000000000000000e+00	1.521347697378460095e+00	0.000000000000000000e+00
-2.998047000000000116e+04	0.000000000000000000e+00	0.000000000000000000e+00	1.507309183019501342e+00	0.000000000000000000e+00
-2.998045000000000073e+04	0.000000000000000000e+00	0.000000000000000000e+00	1.498458815271462186e+00	0.000000000000000000e+00
-2.998041999999999825e+04	0.000000000000000000e+00	0.000000000000000000e+00	1.504562517166661673e+00	0.000000000000000000e+00
-2.998038999999999942e+04	0.000000000000000000e+00	0.000000000000000000e+00	1.507309183019501342e+00	0.000000000000000000e+00
-2.998036000000000058e+04	0.000000000000000000e+00	0.000000000000000000e+00	1.506698812829981415e+00	0.000000000000000000e+00
-2.998033000000000175e+04	0.000000000000000000e+00	0.000000000000000000e+00	1.512192144535660976e+00	0.000000000000000000e+00
-2.998031000000000131e+04	0.000000000000000000e+00	0.000000000000000000e+00	1.504867702261421636e+00	0.000000000000000000e+00
-2.998027999999999884e+04	0.000000000000000000e+00	0.000000000000000000e+00	1.506698812829981415e+00	0.000000000000000000e+00
-2.998025999999999840e+04	0.000000000000000000e+00	0.000000000000000000e+00	1.496017334513382258e+00	0.000000000000000000e+00
-2.998022999999999956e+04	0.000000000000000000e+00	0.000000000000000000e+00	1.501205481124301855e+00	0.000000000000000000e+00
-2.998020000000000073e+04	0.000000000000000000e+00	0.000000000000000000e+00	1.503341776787621598e+00	0.000000000000000000e+00
-2.998015999999999985e+04	0.000000000000000000e+00	0.000000000000000000e+00	1.512497329630420939e+00	0.000000000000000000e+00
-2.998013000000000102e+04	0.000000000000000000e+00	0.000000000000000000e+00	1.504257332071901709e+00	0.000000000000000000e+00
-2.998009999999999854e+04	0.000000000000000000e+00	0.000000000000000000e+00	1.504867702261421636e+00	0.000000000000000000e+00
-2.998006000000000131e+04	0.000000000000000000e+00	0.000000000000000000e+00	1.518295846430860241e+00	0.000000000000000000e+00
-2.998002999999999884e+04	0.000000000000000000e+00	0.000000000000000000e+00	1.513718070009460792e+00	0.000000000000000000e+00
-2.998000000000000000e+04	0.000000000000000000e+00	0.000000000000000000e+00	1.505783257545701526e+00	0.000000000000000000e+00
-2.997999000000000160e+04	0.000000000000000000e+00	0.000000000000000000e+00	1.515549180578020572e+00	0.000000000000000000e+00
-2.997995999999999913e+04	0.000000000000000000e+00	0.000000000000000000e+00	1.503036591692861634e+00	0.000000000000000000e+00
-2.997993999999999869e+04	0.000000000000000000e+00	0.000000000000000000e+00	1.495101779229102368e+00	0.000000000000000000e+00
-2.997991999999999825e+04	0.000000000000000000e+00	0.000000000000000000e+00	1.490218817712942956e+00	0.000000000000000000e+00
-2.997990000000000146e+04	0.000000000000000000e+00	0.000000000000000000e+00	1.484420300912503432e+00	0.000000000000000000e+00
-2.997986999999999898e+04	0.000000000000000000e+00	0.000000000000000000e+00	1.484115115817743469e+00	0.000000000000000000e+00
-2.997983000000000175e+04	0.000000000000000000e+00	0.000000000000000000e+00	1.483504745628223542e+00	0.000000000000000000e+00
-2.997979999999999927e+04	0.000000000000000000e+00	0.000000000000000000e+00	1.474044007690664460e+00	0.000000000000000000e+00
-2.997977000000000044e+04	0.000000000000000000e+00	0.000000000000000000e+00	1.469466231269264789e+00	0.000000000000000000e+00
-2.997975000000000000e+04	0.000000000000000000e+00	0.000000000000000000e+00	1.474044007690664460e+00	0.000000000000000000e+00
-2.997972999999999956e+04	0.000000000000000000e+00	0.000000000000000000e+00	1.475569933164464276e+00	0.000000000000000000e+00
-2.997972000000000116e+04	0.000000000000000000e+00	0.000000000000000000e+00	1.471907712027344495e+00	0.000000000000000000e+00
-2.997968999999999869e+04	0.000000000000000000e+00	0.000000000000000000e+00	1.467024750511185083e+00	0.000000000000000000e+00
-2.997966999999999825e+04	0.000000000000000000e+00	0.000000000000000000e+00	1.469161046174504826e+00	0.000000000000000000e+00
-2.997965000000000146e+04	0.000000000000000000e+00	0.000000000000000000e+00	1.482284005249183689e+00	0.000000000000000000e+00
-2.997959999999999854e+04	0.000000000000000000e+00	0.000000000000000000e+00	1.480147709585863725e+00	0.000000000000000000e+00
-2.997956000000000131e+04	0.000000000000000000e+00	0.000000000000000000e+00	1.477401043733024055e+00	0.000000000000000000e+00
-2.997952000000000044e+04	0.000000000000000000e+00	0.000000000000000000e+00	1.488998077333903103e+00	0.000000000000000000e+00
-2.997949000000000160e+04	0.000000000000000000e+00	0.000000000000000000e+00	1.489608447523423029e+00	0.000000000000000000e+00
-2.997947000000000116e+04	0.000000000000000000e+00	0.000000000000000000e+00	1.490524002807702919e+00	0.000000000000000000e+00
-2.997943000000000029e+04	0.000000000000000000e+00	0.000000000000000000e+00	1.478621784112063908e+00	0.000000000000000000e+00
-2.997940000000000146e+04	0.000000000000000000e+00	0.000000000000000000e+00	1.471602526932584531e+00	0.000000000000000000e+00
-2.997938000000000102e+04	0.000000000000000000e+00	0.000000000000000000e+00	1.467024750511185083e+00	0.000000000000000000e+00
-2.997936000000000058e+04	0.000000000000000000e+00	0.000000000000000000e+00	1.468550675984984899e+00	0.000000000000000000e+00
-2.997933000000000175e+04	0.000000000000000000e+00	0.000000000000000000e+00	1.460310678426465669e+00	0.000000000000000000e+00
-2.997929999999999927e+04	0.000000000000000000e+00	0.000000000000000000e+00	1.453596606341746256e+00	0.000000000000000000e+00
-2.997927999999999884e+04	0.000000000000000000e+00	0.000000000000000000e+00	1.445356608783227026e+00	0.000000000000000000e+00
-2.997925000000000000e+04	0.000000000000000000e+00	0.000000000000000000e+00	1.446577349162266879e+00	0.000000000000000000e+00
-2.997922000000000116e+04	0.000000000000000000e+00	0.000000000000000000e+00	1.442609942930387357e+00	0.000000000000000000e+00
-2.997918999999999869e+04	0.000000000000000000e+00	0.000000000000000000e+00	1.442609942930387357e+00	0.000000000000000000e+00
-2.997915000000000146e+04	0.000000000000000000e+00	0.000000000000000000e+00	1.446577349162266879e+00	0.000000000000000000e+00
-2.997913000000000102e+04	0.000000000000000000e+00	0.000000000000000000e+00	1.447492904446546769e+00	0.000000000000000000e+00
-2.997909999999999854e+04	0.000000000000000000e+00	0.000000000000000000e+00	1.446577349162266879e+00	0.000000000000000000e+00
-2.997908000000000175e+04	0.000000000000000000e+00	0.000000000000000000e+00	1.443525498214667246e+00	0.000000000000000000e+00
-2.997906000000000131e+04	0.000000000000000000e+00	0.000000000000000000e+00	1.448408459730826658e+00	0.000000000000000000e+00
-2.997904000000000087e+04	0.000000000000000000e+00	0.000000000000000000e+00	1.445966978972746952e+00	0.000000000000000000e+00
-2.997900999999999840e+04	0.000000000000000000e+00	0.000000000000000000e+00	1.454512161626026145e+00	0.000000000000000000e+00
-2.997900000000000000e+04	0.000000000000000000e+00	0.000000000000000000e+00	1.453901791436506219e+00	0.000000000000000000e+00
-2.997897000000000116e+04	0.000000000000000000e+00	0.000000000000000000e+00	1.455732902005065998e+00	0.000000000000000000e+00
-2.997893000000000029e+04	0.000000000000000000e+00	0.000000000000000000e+00	1.444746238593707099e+00	0.000000000000000000e+00
-2.997890000000000146e+04	0.000000000000000000e+00	0.000000000000000000e+00	1.430402539139988383e+00	0.000000000000000000e+00
-2.997886999999999898e+04	0.000000000000000000e+00	0.000000000000000000e+00	1.442609942930387357e+00	0.000000000000000000e+00
-2.997884999999999854e+04	0.000000000000000000e+00	0.000000000000000000e+00	1.437116611224707796e+00	0.000000000000000000e+00
-2.997881999999999971e+04	0.000000000000000000e+00	0.000000000000000000e+00	1.441389202551347282e+00	0.000000000000000000e+00
-2.997879000000000087e+04	0.000000000000000000e+00	0.000000000000000000e+00	1.427961058381908677e+00	0.000000000000000000e+00
-2.997875999999999840e+04	0.000000000000000000e+00	0.000000000000000000e+00	1.439863277077547465e+00	0.000000000000000000e+00
-2.997872999999999956e+04	0.000000000000000000e+00	0.000000000000000000e+00	1.428571428571428603e+00	0.000000000000000000e+00
-2.997870000000000073e+04	0.000000000000000000e+00	0.000000000000000000e+00	1.423688467055268969e+00	0.000000000000000000e+00
-2.997866999999999825e+04	0.000000000000000000e+00	0.000000000000000000e+00	1.424298837244788896e+00	0.000000000000000000e+00
-2.997863999999999942e+04	0.000000000000000000e+00	0.000000000000000000e+00	1.416974394970549556e+00	0.000000000000000000e+00
-2.997861000000000058e+04	0.000000000000000000e+00	0.000000000000000000e+00	1.417279580065309519e+00	0.000000000000000000e+00
-2.997858000000000175e+04	0.000000000000000000e+00	0.000000000000000000e+00	1.409039582506790289e+00	0.000000000000000000e+00
-2.997856000000000131e+04	0.000000000000000000e+00	0.000000000000000000e+00	1.408734397412030326e+00	0.000000000000000000e+00
-2.997854999999999927e+04	0.000000000000000000e+00	0.000000000000000000e+00	1.411481063264870217e+00	0.000000000000000000e+00
-2.997852000000000044e+04	0.000000000000000000e+00	0.000000000000000000e+00	1.410870693075350291e+00	0.000000000000000000e+00
-2.997850000000000000e+04	0.000000000000000000e+00	0.000000000000000000e+00	1.409649952696310216e+00	0.000000000000000000e+00
-2.997847999999999956e+04	0.000000000000000000e+00	0.000000000000000000e+00	1.413922544022949923e+00	0.000000000000000000e+00
-2.997845000000000073e+04	0.000000000000000000e+00	0.000000000000000000e+00	1.431928464613788199e+00	0.000000000000000000e+00
-2.997841999999999825e+04	0.000000000000000000e+00	0.000000000000000000e+00	1.423078096865749043e+00	0.000000000000000000e+00
-2.997840000000000146e+04	0.000000000000000000e+00	0.000000000000000000e+00	1.416974394970549556e+00	0.000000000000000000e+00
-2.997838000000000102e+04	0.000000000000000000e+00	0.000000000000000000e+00	1.416974394970549556e+00	0.000000000000000000e+00
-2.997836000000000058e+04	0.000000000000000000e+00	0.000000000000000000e+00	1.412701803643910070e+00	0.000000000000000000e+00
-2.997834000000000015e+04	0.000000000000000000e+00	0.000000000000000000e+00	1.412701803643910070e+00	0.000000000000000000e+00
-2.997829999999999927e+04	0.000000000000000000e+00	0.000000000000000000e+00	1.409344767601550252e+00	0.000000000000000000e+00
-2.997825999999999840e+04	0.000000000000000000e+00	0.000000000000000000e+00	1.404461806085390840e+00	0.000000000000000000e+00
-2.997822999999999956e+04	0.000000000000000000e+00	0.000000000000000000e+00	1.398052919095431390e+00	0.000000000000000000e+00
-2.997820999999999913e+04	0.000000000000000000e+00	0.000000000000000000e+00	1.391033661915952013e+00	0.000000000000000000e+00
-2.997818000000000029e+04	0.000000000000000000e+00	0.000000000000000000e+00	1.377605517746513186e+00	0.000000000000000000e+00
-2.997815999999999985e+04	0.000000000000000000e+00	0.000000000000000000e+00	1.372417371135593811e+00	0.000000000000000000e+00
-2.997813000000000102e+04	0.000000000000000000e+00	0.000000000000000000e+00	1.373943296609393627e+00	0.000000000000000000e+00
-2.997811000000000058e+04	0.000000000000000000e+00	0.000000000000000000e+00	1.373638111514633664e+00	0.000000000000000000e+00
-2.997808000000000175e+04	0.000000000000000000e+00	0.000000000000000000e+00	1.371807000946073885e+00	0.000000000000000000e+00
-2.997806000000000131e+04	0.000000000000000000e+00	0.000000000000000000e+00	1.381572923978392931e+00	0.000000000000000000e+00
-2.997802999999999884e+04	0.000000000000000000e+00	0.000000000000000000e+00	1.376995147556993260e+00	0.000000000000000000e+00
-2.997800000000000000e+04	0.000000000000000000e+00	0.000000000000000000e+00	1.385845515305032416e+00	0.000000000000000000e+00
-2.997797999999999956e+04	0.000000000000000000e+00	0.000000000000000000e+00	1.376384777367473333e+00	0.000000000000000000e+00
-2.997795000000000073e+04	0.000000000000000000e+00	0.000000000000000000e+00	1.376995147556993260e+00	0.000000000000000000e+00
-2.997793000000000029e+04	0.000000000000000000e+00	0.000000000000000000e+00	1.379436628315073188e+00	0.000000000000000000e+00
-2.997790000000000146e+04	0.000000000000000000e+00	0.000000000000000000e+00	1.377605517746513186e+00	0.000000000000000000e+00
-2.997786999999999898e+04	0.000000000000000000e+00	0.000000000000000000e+00	1.374858851893673517e+00	0.000000000000000000e+00
-2.997784000000000015e+04	0.000000000000000000e+00	0.000000000000000000e+00	1.362346263008514580e+00	0.000000000000000000e+00
-2.997781999999999971e+04	0.000000000000000000e+00	0.000000000000000000e+00	1.363261818292794469e+00	0.000000000000000000e+00
-2.997781000000000131e+04	0.000000000000000000e+00	0.000000000000000000e+00	1.366924039429914250e+00	0.000000000000000000e+00
-2.997779999999999927e+04	0.000000000000000000e+00	0.000000000000000000e+00	1.358378856776635057e+00	0.000000000000000000e+00
-2.997777000000000044e+04	0.000000000000000000e+00	0.000000000000000000e+00	1.349528489028595901e+00	0.000000000000000000e+00
-2.997774000000000160e+04	0.000000000000000000e+00	0.000000000000000000e+00	1.354106265449995350e+00	0.000000000000000000e+00
-2.997770999999999913e+04	0.000000000000000000e+00	0.000000000000000000e+00	1.345866267891476120e+00	0.000000000000000000e+00
-2.997768999999999869e+04	0.000000000000000000e+00	0.000000000000000000e+00	1.347087008270515973e+00	0.000000000000000000e+00
-2.997766999999999825e+04	0.000000000000000000e+00	0.000000000000000000e+00	1.354716635639515276e+00	0.000000000000000000e+00
-2.997765000000000146e+04	0.000000000000000000e+00	0.000000000000000000e+00	1.349528489028595901e+00	0.000000000000000000e+00
-2.997763999999999942e+04	0.000000000000000000e+00	0.000000000000000000e+00	1.347087008270515973e+00	0.000000000000000000e+00
-2.997761000000000058e+04	0.000000000000000000e+00	0.000000000000000000e+00	1.339457380901516670e+00	0.000000000000000000e+00
-2.997758000000000175e+04	0.000000000000000000e+00	0.000000000000000000e+00	1.357768486587115131e+00	0.000000000000000000e+00
-2.997756999999999971e+04	0.000000000000000000e+00	0.000000000000000000e+00	1.351359599597155681e+00	0.000000000000000000e+00
-2.997754999999999927e+04	0.000000000000000000e+00	0.000000000000000000e+00	1.341593676564836635e+00	0.000000000000000000e+00
-2.997752999999999884e+04	0.000000000000000000e+00	0.000000000000000000e+00	1.351054414502395717e+00	0.000000000000000000e+00
-2.997750000000000000e+04	0.000000000000000000e+00	0.000000000000000000e+00	1.336100344859157074e+00	0.000000000000000000e+00
-2.997747999999999956e+04	0.000000000000000000e+00	0.000000000000000000e+00	1.334879604480117221e+00	0.000000000000000000e+00
-2.997745000000000073e+04	0.000000000000000000e+00	0.000000000000000000e+00	1.331522568437757403e+00	0.000000000000000000e+00
-2.997741999999999825e+04	0.000000000000000000e+00	0.000000000000000000e+00	1.332132938627277552e+00	0.000000000000000000e+00
-2.997740000000000146e+04	0.000000000000000000e+00	0.000000000000000000e+00	1.337626270332956890e+00	0.000000000000000000e+00
-2.997738000000000102e+04	0.000000000000000000e+00	0.000000000000000000e+00	1.341898861659596598e+00	0.000000000000000000e+00
-2.997734999999999854e+04	0.000000000000000000e+00	0.000000000000000000e+00	1.328165532395397808e+00	0.000000000000000000e+00
-2.997731999999999971e+04	0.000000000000000000e+00	0.000000000000000000e+00	1.334574419385357258e+00	0.000000000000000000e+00
-2.997729999999999927e+04	0.000000000000000000e+00	0.000000000000000000e+00	1.329081087679677697e+00	0.000000000000000000e+00
-2.997729000000000087e+04	0.000000000000000000e+00	0.000000000000000000e+00	1.324503311258278249e+00	0.000000000000000000e+00
-2.997727000000000044e+04	0.000000000000000000e+00	0.000000000000000000e+00	1.324808496353038212e+00	0.000000000000000000e+00
-2.997725000000000000e+04	0.000000000000000000e+00	0.000000000000000000e+00	1.318399609363078762e+00	0.000000000000000000e+00
-2.997722000000000116e+04	0.000000000000000000e+00	0.000000000000000000e+00	1.322061830500198321e+00	0.000000000000000000e+00
-2.997720000000000073e+04	0.000000000000000000e+00	0.000000000000000000e+00	1.283913693655201804e+00	0.000000000000000000e+00
-2.997715999999999985e+04	0.000000000000000000e+00	0.000000000000000000e+00	1.296731467635120705e+00	0.000000000000000000e+00
-2.997713999999999942e+04	0.000000000000000000e+00	0.000000000000000000e+00	1.296121097445600778e+00	0.000000000000000000e+00
-2.997711999999999898e+04	0.000000000000000000e+00	0.000000000000000000e+00	1.303445539719840118e+00	0.000000000000000000e+00
-2.997709999999999854e+04	0.000000000000000000e+00	0.000000000000000000e+00	1.308938871425519679e+00	0.000000000000000000e+00
-2.997708000000000175e+04	0.000000000000000000e+00	0.000000000000000000e+00	1.299172948393200411e+00	0.000000000000000000e+00
-2.997706000000000131e+04	0.000000000000000000e+00	0.000000000000000000e+00	1.303750724814600082e+00	0.000000000000000000e+00
-2.997704000000000087e+04	0.000000000000000000e+00	0.000000000000000000e+00	1.304361095004120008e+00	0.000000000000000000e+00
-2.997702000000000044e+04	0.000000000000000000e+00	0.000000000000000000e+00	1.306497390667439751e+00	0.000000000000000000e+00
-2.997699000000000160e+04	0.000000000000000000e+00	0.000000000000000000e+00	1.308938871425519679e+00	0.000000000000000000e+00
-2.997695999999999913e+04	0.000000000000000000e+00	0.000000000000000000e+00	1.301004058961760412e+00	0.000000000000000000e+00
-2.997693999999999869e+04	0.000000000000000000e+00	0.000000000000000000e+00	1.295205542161320889e+00	0.000000000000000000e+00
-2.997691999999999825e+04	0.000000000000000000e+00	0.000000000000000000e+00	1.301004058961760412e+00	0.000000000000000000e+00
-2.997688999999999942e+04	0.000000000000000000e+00	0.000000000000000000e+00	1.291543321024201108e+00	0.000000000000000000e+00
-2.997686000000000058e+04	0.000000000000000000e+00	0.000000000000000000e+00	1.299172948393200411e+00	0.000000000000000000e+00
-2.997684000000000015e+04	0.000000000000000000e+00	0.000000000000000000e+00	1.295510727256080852e+00	0.000000000000000000e+00
-2.997681999999999971e+04	0.000000000000000000e+00	0.000000000000000000e+00	1.289101840266121402e+00	0.000000000000000000e+00
-2.997679000000000087e+04	0.000000000000000000e+00	0.000000000000000000e+00	1.278115176854762503e+00	0.000000000000000000e+00
-2.997675999999999840e+04	0.000000000000000000e+00	0.000000000000000000e+00	1.295205542161320889e+00	0.000000000000000000e+00
-2.997674000000000160e+04	0.000000000000000000e+00	0.000000000000000000e+00	1.282998138370921914e+00	0.000000000000000000e+00
-2.997672000000000116e+04	0.000000000000000000e+00	0.000000000000000000e+00	1.270790734580523162e+00	0.000000000000000000e+00
-2.997670000000000073e+04	0.000000000000000000e+00	0.000000000000000000e+00	1.277504806665242576e+00	0.000000000000000000e+00
-2.997668000000000029e+04	0.000000000000000000e+00	0.000000000000000000e+00	1.268349253822443234e+00	0.000000000000000000e+00
-2.997665999999999985e+04	0.000000000000000000e+00	0.000000000000000000e+00	1.267433698538163345e+00	0.000000000000000000e+00
-2.997663999999999942e+04	0.000000000000000000e+00	0.000000000000000000e+00	1.259804071169164041e+00	0.000000000000000000e+00
-2.997661999999999898e+04	0.000000000000000000e+00	0.000000000000000000e+00	1.259498886074404078e+00	0.000000000000000000e+00
-2.997659999999999854e+04	0.000000000000000000e+00	0.000000000000000000e+00	1.257362590411084335e+00	0.000000000000000000e+00
-2.997658000000000175e+04	0.000000000000000000e+00	0.000000000000000000e+00	1.267128513443403381e+00	0.000000000000000000e+00
-2.997656000000000131e+04	0.000000000000000000e+00	0.000000000000000000e+00	1.255836664937284519e+00	0.000000000000000000e+00
-2.997654000000000087e+04	0.000000000000000000e+00	0.000000000000000000e+00	1.254615924558244666e+00	0.000000000000000000e+00
-2.997652000000000044e+04	0.000000000000000000e+00	0.000000000000000000e+00	1.248817407757805142e+00	0.000000000000000000e+00
-2.997650000000000000e+04	0.000000000000000000e+00	0.000000000000000000e+00	1.254005554368724740e+00	0.000000000000000000e+00
-2.997649000000000160e+04	0.000000000000000000e+00	0.000000000000000000e+00	1.251258888515884848e+00	0.000000000000000000e+00
-2.997647999999999956e+04	0.000000000000000000e+00	0.000000000000000000e+00	1.245765556810205288e+00	0.000000000000000000e+00
-2.997645000000000073e+04	0.000000000000000000e+00	0.000000000000000000e+00	1.241492965483565802e+00	0.000000000000000000e+00
-2.997641999999999825e+04	0.000000000000000000e+00	0.000000000000000000e+00	1.226233710745567196e+00	0.000000000000000000e+00
-2.997640000000000146e+04	0.000000000000000000e+00	0.000000000000000000e+00	1.234168523209326462e+00	0.000000000000000000e+00
-2.997638000000000102e+04	0.000000000000000000e+00	0.000000000000000000e+00	1.234778893398846389e+00	0.000000000000000000e+00
-2.997636000000000058e+04	0.000000000000000000e+00	0.000000000000000000e+00	1.230811487166966867e+00	0.000000000000000000e+00
-2.997631999999999971e+04	0.000000000000000000e+00	0.000000000000000000e+00	1.235694448683126279e+00	0.000000000000000000e+00
-2.997629000000000087e+04	0.000000000000000000e+00	0.000000000000000000e+00	1.223181859797967563e+00	0.000000000000000000e+00
-2.997627000000000044e+04	0.000000000000000000e+00	0.000000000000000000e+00	1.229285561693166828e+00	0.000000000000000000e+00
-2.997625000000000000e+04	0.000000000000000000e+00	0.000000000000000000e+00	1.223792229987487490e+00	0.000000000000000000e+00
-2.997622000000000116e+04	0.000000000000000000e+00	0.000000000000000000e+00	1.214331492049928185e+00	0.000000000000000000e+00
-2.997620000000000073e+04	0.000000000000000000e+00	0.000000000000000000e+00	1.214636677144688148e+00	0.000000000000000000e+00
-2.997618000000000029e+04	0.000000000000000000e+00	0.000000000000000000e+00	1.207617419965208994e+00	0.000000000000000000e+00
-2.997613999999999942e+04	0.000000000000000000e+00	0.000000000000000000e+00	1.206091494491408955e+00	0.000000000000000000e+00
-2.997611999999999898e+04	0.000000000000000000e+00	0.000000000000000000e+00	1.209143345439008810e+00	0.000000000000000000e+00
-2.997611000000000058e+04	0.000000000000000000e+00	0.000000000000000000e+00	1.210058900723288700e+00	0.000000000000000000e+00
-2.997608000000000175e+04	0.000000000000000000e+00	0.000000000000000000e+00	1.208227790154728920e+00	0.000000000000000000e+00
-2.997604999999999927e+04	0.000000000000000000e+00	0.000000000000000000e+00	1.211890011291848479e+00	0.000000000000000000e+00
-2.997602000000000044e+04	0.000000000000000000e+00	0.000000000000000000e+00	1.205481124301889029e+00	0.000000000000000000e+00
-2.997600000000000000e+04	0.000000000000000000e+00	0.000000000000000000e+00	1.195715201269569983e+00	0.000000000000000000e+00
-2.997597999999999956e+04	0.000000000000000000e+00	0.000000000000000000e+00	1.209753715628528736e+00	0.000000000000000000e+00
-2.997595000000000073e+04	0.000000000000000000e+00	0.000000000000000000e+00	1.207922605059968957e+00	0.000000000000000000e+00
-2.997591999999999825e+04	0.000000000000000000e+00	0.000000000000000000e+00	1.198767052217169615e+00	0.000000000000000000e+00
-2.997588999999999942e+04	0.000000000000000000e+00	0.000000000000000000e+00	1.198156682027649689e+00	0.000000000000000000e+00
-2.997586000000000058e+04	0.000000000000000000e+00	0.000000000000000000e+00	1.194189275795770167e+00	0.000000000000000000e+00
-2.997584000000000015e+04	0.000000000000000000e+00	0.000000000000000000e+00	1.179235206152531523e+00	0.000000000000000000e+00
-2.997581999999999971e+04	0.000000000000000000e+00	0.000000000000000000e+00	1.183812982573931194e+00	0.000000000000000000e+00
-2.997579999999999927e+04	0.000000000000000000e+00	0.000000000000000000e+00	1.180455946531571376e+00	0.000000000000000000e+00
-2.997577000000000044e+04	0.000000000000000000e+00	0.000000000000000000e+00	1.175572985015411742e+00	0.000000000000000000e+00
-2.997574000000000160e+04	0.000000000000000000e+00	0.000000000000000000e+00	1.163060396130253027e+00	0.000000000000000000e+00
-2.997570000000000073e+04	0.000000000000000000e+00	0.000000000000000000e+00	1.166417432172612623e+00	0.000000000000000000e+00
-2.997568000000000029e+04	0.000000000000000000e+00	0.000000000000000000e+00	1.172521134067812110e+00	0.000000000000000000e+00
-2.997565999999999985e+04	0.000000000000000000e+00	0.000000000000000000e+00	1.167943357646412439e+00	0.000000000000000000e+00
-2.997563000000000102e+04	0.000000000000000000e+00	0.000000000000000000e+00	1.164586321604052843e+00	0.000000000000000000e+00
-2.997559999999999854e+04	0.000000000000000000e+00	0.000000000000000000e+00	1.165196691793572770e+00	0.000000000000000000e+00
-2.997558000000000175e+04	0.000000000000000000e+00	0.000000000000000000e+00	1.167943357646412439e+00	0.000000000000000000e+00
-2.997556000000000131e+04	0.000000000000000000e+00	0.000000000000000000e+00	1.161229285561693247e+00	0.000000000000000000e+00
-2.997552999999999884e+04	0.000000000000000000e+00	0.000000000000000000e+00	1.147495956297494457e+00	0.000000000000000000e+00
-2.997550000000000000e+04	0.000000000000000000e+00	0.000000000000000000e+00	1.153904843287453907e+00	0.000000000000000000e+00
-2.997547000000000116e+04	0.000000000000000000e+00	0.000000000000000000e+00	1.151158177434614016e+00	0.000000000000000000e+00
-2.997545000000000073e+04	0.000000000000000000e+00	0.000000000000000000e+00	1.143528550065614713e+00	0.000000000000000000e+00
-2.997543000000000029e+04	0.000000000000000000e+00	0.000000000000000000e+00	1.140171514023255117e+00	0.000000000000000000e+00
-2.997540999999999985e+04	0.000000000000000000e+00	0.000000000000000000e+00	1.143528550065614713e+00	0.000000000000000000e+00
-2.997538999999999942e+04	0.000000000000000000e+00	0.000000000000000000e+00	1.140476699118015080e+00	0.000000000000000000e+00
-2.997536999999999898e+04	0.000000000000000000e+00	0.000000000000000000e+00	1.132541886654255814e+00	0.000000000000000000e+00
-2.997534000000000015e+04	0.000000000000000000e+00	0.000000000000000000e+00	1.142307809686574860e+00	0.000000000000000000e+00
-2.997531000000000131e+04	0.000000000000000000e+00	0.000000000000000000e+00	1.133152256843775740e+00	0.000000000000000000e+00
-2.997527000000000044e+04	0.000000000000000000e+00	0.000000000000000000e+00	1.130710776085696034e+00	0.000000000000000000e+00
-2.997525000000000000e+04	0.000000000000000000e+00	0.000000000000000000e+00	1.138035218359935374e+00	0.000000000000000000e+00
-2.997522000000000116e+04	0.000000000000000000e+00	0.000000000000000000e+00	1.118808557390057024e+00	0.000000000000000000e+00
-2.997518999999999869e+04	0.000000000000000000e+00	0.000000000000000000e+00	1.112094485305337610e+00	0.000000000000000000e+00
-2.997516999999999825e+04	0.000000000000000000e+00	0.000000000000000000e+00	1.112399670400097573e+00	0.000000000000000000e+00
-2.997515000000000146e+04	0.000000000000000000e+00	0.000000000000000000e+00	1.109958189642017867e+00	0.000000000000000000e+00
-2.997511999999999898e+04	0.000000000000000000e+00	0.000000000000000000e+00	1.111789300210577647e+00	0.000000000000000000e+00
-2.997509000000000015e+04	0.000000000000000000e+00	0.000000000000000000e+00	1.119724112674336913e+00	0.000000000000000000e+00
-2.997506000000000131e+04	0.000000000000000000e+00	0.000000000000000000e+00	1.106906338694418235e+00	0.000000000000000000e+00
-2.997504000000000087e+04	0.000000000000000000e+00	0.000000000000000000e+00	1.099581896420178895e+00	0.000000000000000000e+00
-2.997502000000000044e+04	0.000000000000000000e+00	0.000000000000000000e+00	1.102328562273018564e+00	0.000000000000000000e+00
-2.997500000000000000e+04	0.000000000000000000e+00	0.000000000000000000e+00	1.101107821893978711e+00	0.000000000000000000e+00
-2.997497000000000116e+04	0.000000000000000000e+00	0.000000000000000000e+00	1.114230780968657575e+00	0.000000000000000000e+00
-2.997493999999999869e+04	0.000000000000000000e+00	0.000000000000000000e+00	1.099887081514938858e+00	0.000000000000000000e+00
-2.997490999999999985e+04	0.000000000000000000e+00	0.000000000000000000e+00	1.091341898861659665e+00	0.000000000000000000e+00
-2.997488000000000102e+04	0.000000000000000000e+00	0.000000000000000000e+00	1.096224860377819077e+00	0.000000000000000000e+00
-2.997486000000000058e+04	0.000000000000000000e+00	0.000000000000000000e+00	1.097750785851619115e+00	0.000000000000000000e+00
-2.997484999999999854e+04	0.000000000000000000e+00	0.000000000000000000e+00	1.099581896420178895e+00	0.000000000000000000e+00
-2.997481999999999971e+04	0.000000000000000000e+00	0.000000000000000000e+00	1.089205603198339700e+00	0.000000000000000000e+00
-2.997477999999999884e+04	0.000000000000000000e+00	0.000000000000000000e+00	1.081575975829340397e+00	0.000000000000000000e+00
-2.997475000000000000e+04	0.000000000000000000e+00	0.000000000000000000e+00	1.084627826776940251e+00	0.000000000000000000e+00
-2.997474000000000160e+04	0.000000000000000000e+00	0.000000000000000000e+00	1.076387829218421022e+00	0.000000000000000000e+00
-2.997472000000000116e+04	0.000000000000000000e+00	0.000000000000000000e+00	1.070589312417981498e+00	0.000000000000000000e+00
-2.997468000000000029e+04	0.000000000000000000e+00	0.000000000000000000e+00	1.065095980712301937e+00	0.000000000000000000e+00
-2.997465000000000146e+04	0.000000000000000000e+00	0.000000000000000000e+00	1.055330057679982891e+00	0.000000000000000000e+00
-2.997463000000000102e+04	0.000000000000000000e+00	0.000000000000000000e+00	1.048921170690023441e+00	0.000000000000000000e+00
-2.997461000000000058e+04	0.000000000000000000e+00	0.000000000000000000e+00	1.047395245216223625e+00	0.000000000000000000e+00
-2.997459000000000015e+04	0.000000000000000000e+00	0.000000000000000000e+00	1.051667836542863332e+00	0.000000000000000000e+00
-2.997456999999999971e+04	0.000000000000000000e+00	0.000000000000000000e+00	1.055330057679982891e+00	0.000000000000000000e+00
-2.997454999999999927e+04	0.000000000000000000e+00	0.000000000000000000e+00	1.058076723532822561e+00	0.000000000000000000e+00
-2.997452000000000044e+04	0.000000000000000000e+00	0.000000000000000000e+00	1.058687093722342709e+00	0.000000000000000000e+00
-2.997447999999999956e+04	0.000000000000000000e+00	0.000000000000000000e+00	1.048615985595263478e+00	0.000000000000000000e+00
-2.997445000000000073e+04	0.000000000000000000e+00	0.000000000000000000e+00	1.045869319742423809e+00	0.000000000000000000e+00
-2.997441999999999825e+04	0.000000000000000000e+00	0.000000000000000000e+00	1.045258949552903882e+00	0.000000000000000000e+00
-2.997440000000000146e+04	0.000000000000000000e+00	0.000000000000000000e+00	1.039155247657704395e+00	0.000000000000000000e+00
-2.997438999999999942e+04	0.000000000000000000e+00	0.000000000000000000e+00	1.030610065004425202e+00	0.000000000000000000e+00
-2.997436000000000058e+04	0.000000000000000000e+00	0.000000000000000000e+00	1.032441175572984982e+00	0.000000000000000000e+00
-2.997433000000000175e+04	0.000000000000000000e+00	0.000000000000000000e+00	1.018097476119266265e+00	0.000000000000000000e+00
-2.997431000000000131e+04	0.000000000000000000e+00	0.000000000000000000e+00	1.021149327066866119e+00	0.000000000000000000e+00
-2.997427000000000044e+04	0.000000000000000000e+00	0.000000000000000000e+00	1.017181920834986375e+00	0.000000000000000000e+00
-2.997424000000000160e+04	0.000000000000000000e+00	0.000000000000000000e+00	1.023285622730185862e+00	0.000000000000000000e+00
-2.997420999999999913e+04	0.000000000000000000e+00	0.000000000000000000e+00	1.015350810266426596e+00	0.000000000000000000e+00
-2.997418000000000029e+04	0.000000000000000000e+00	0.000000000000000000e+00	1.022675252540665936e+00	0.000000000000000000e+00
-2.997415000000000146e+04	0.000000000000000000e+00	0.000000000000000000e+00	1.013519699697866816e+00	0.000000000000000000e+00
-2.997413000000000102e+04	0.000000000000000000e+00	0.000000000000000000e+00	1.014130069887386743e+00	0.000000000000000000e+00
-2.997409999999999854e+04	0.000000000000000000e+00	0.000000000000000000e+00	1.004669331949827660e+00	0.000000000000000000e+00
-2.997408000000000175e+04	0.000000000000000000e+00	0.000000000000000000e+00	1.009857478560747035e+00	0.000000000000000000e+00
-2.997406000000000131e+04	0.000000000000000000e+00	0.000000000000000000e+00	9.961241492965483557e-01	0.000000000000000000e+00
-2.997402999999999884e+04	0.000000000000000000e+00	0.000000000000000000e+00	1.003753776665547548e+00	0.000000000000000000e+00
-2.997400000000000000e+04	0.000000000000000000e+00	0.000000000000000000e+00	9.955137791070284292e-01	0.000000000000000000e+00
-2.997397999999999956e+04	0.000000000000000000e+00	0.000000000000000000e+00	9.872737815485091994e-01	0.000000000000000000e+00
-2.997393999999999869e+04	0.000000000000000000e+00	0.000000000000000000e+00	9.878841517380291259e-01	0.000000000000000000e+00
-2.997390999999999985e+04	0.000000000000000000e+00	0.000000000000000000e+00	9.781182287057099689e-01	0.000000000000000000e+00
-2.997386999999999898e+04	0.000000000000000000e+00	0.000000000000000000e+00	9.781182287057099689e-01	0.000000000000000000e+00
-2.997383000000000175e+04	0.000000000000000000e+00	0.000000000000000000e+00	9.750663777581103364e-01	0.000000000000000000e+00
-2.997379999999999927e+04	0.000000000000000000e+00	0.000000000000000000e+00	9.747611926633503732e-01	0.000000000000000000e+00
-2.997377999999999884e+04	0.000000000000000000e+00	0.000000000000000000e+00	9.732352671895504459e-01	0.000000000000000000e+00
-2.997375999999999840e+04	0.000000000000000000e+00	0.000000000000000000e+00	9.674367503891110331e-01	0.000000000000000000e+00
-2.997372999999999956e+04	0.000000000000000000e+00	0.000000000000000000e+00	9.582811975463118026e-01	0.000000000000000000e+00
-2.997370999999999913e+04	0.000000000000000000e+00	0.000000000000000000e+00	9.561449018829920599e-01	0.000000000000000000e+00
-2.997370000000000073e+04	0.000000000000000000e+00	0.000000000000000000e+00	9.482100894192327933e-01	0.000000000000000000e+00
-2.997368000000000029e+04	0.000000000000000000e+00	0.000000000000000000e+00	9.598071230201117299e-01	0.000000000000000000e+00
-2.997365999999999985e+04	0.000000000000000000e+00	0.000000000000000000e+00	9.564500869777520231e-01	0.000000000000000000e+00
-2.997361999999999898e+04	0.000000000000000000e+00	0.000000000000000000e+00	9.579760124515518394e-01	0.000000000000000000e+00
-2.997359999999999854e+04	0.000000000000000000e+00	0.000000000000000000e+00	9.601123081148716931e-01	0.000000000000000000e+00
-2.997356999999999971e+04	0.000000000000000000e+00	0.000000000000000000e+00	9.549241615039520958e-01	0.000000000000000000e+00
-2.997354000000000087e+04	0.000000000000000000e+00	0.000000000000000000e+00	9.524826807458723898e-01	0.000000000000000000e+00
-2.997352000000000044e+04	0.000000000000000000e+00	0.000000000000000000e+00	9.494308297982726463e-01	0.000000000000000000e+00
-2.997350999999999840e+04	0.000000000000000000e+00	0.000000000000000000e+00	9.466841639454328661e-01	0.000000000000000000e+00
-2.997349000000000160e+04	0.000000000000000000e+00	0.000000000000000000e+00	9.372234260078737833e-01	0.000000000000000000e+00
-2.997345999999999913e+04	0.000000000000000000e+00	0.000000000000000000e+00	9.326456495864742235e-01	0.000000000000000000e+00
-2.997341999999999825e+04	0.000000000000000000e+00	0.000000000000000000e+00	9.280678731650746638e-01	0.000000000000000000e+00
-2.997338999999999942e+04	0.000000000000000000e+00	0.000000000000000000e+00	9.265419476912747365e-01	0.000000000000000000e+00
-2.997336000000000058e+04	0.000000000000000000e+00	0.000000000000000000e+00	9.207434308908353238e-01	0.000000000000000000e+00
-2.997334000000000015e+04	0.000000000000000000e+00	0.000000000000000000e+00	9.213538010803552503e-01	0.000000000000000000e+00
-2.997331999999999971e+04	0.000000000000000000e+00	0.000000000000000000e+00	9.152500991851557632e-01	0.000000000000000000e+00
-2.997329999999999927e+04	0.000000000000000000e+00	0.000000000000000000e+00	9.128086184270760572e-01	0.000000000000000000e+00
-2.997327999999999884e+04	0.000000000000000000e+00	0.000000000000000000e+00	9.292886135441145168e-01	0.000000000000000000e+00
-2.997325999999999840e+04	0.000000000000000000e+00	0.000000000000000000e+00	9.158604693746756897e-01	0.000000000000000000e+00
-2.997324000000000160e+04	0.000000000000000000e+00	0.000000000000000000e+00	9.231849116489150298e-01	0.000000000000000000e+00
-2.997322000000000116e+04	0.000000000000000000e+00	0.000000000000000000e+00	9.268471327860346998e-01	0.000000000000000000e+00
-2.997320000000000073e+04	0.000000000000000000e+00	0.000000000000000000e+00	9.170812097537156538e-01	0.000000000000000000e+00
-2.997315999999999985e+04	0.000000000000000000e+00	0.000000000000000000e+00	9.118930631427960565e-01	0.000000000000000000e+00
-2.997313000000000102e+04	0.000000000000000000e+00	0.000000000000000000e+00	9.140293588061159102e-01	0.000000000000000000e+00
-2.997311000000000058e+04	0.000000000000000000e+00	0.000000000000000000e+00	9.060945463423566437e-01	0.000000000000000000e+00
-2.997309000000000015e+04	0.000000000000000000e+00	0.000000000000000000e+00	9.009063997314371575e-01	0.000000000000000000e+00
-2.997306999999999971e+04	0.000000000000000000e+00	0.000000000000000000e+00	9.070101016266365335e-01	0.000000000000000000e+00
-2.997304999999999927e+04	0.000000000000000000e+00	0.000000000000000000e+00	9.057893612475966805e-01	0.000000000000000000e+00
-2.997302999999999884e+04	0.000000000000000000e+00	0.000000000000000000e+00	8.923612170781578534e-01	0.000000000000000000e+00
-2.997300999999999840e+04	0.000000000000000000e+00	0.000000000000000000e+00	8.859523300881985142e-01	0.000000000000000000e+00
-2.997297999999999956e+04	0.000000000000000000e+00	0.000000000000000000e+00	8.813745536667989544e-01	0.000000000000000000e+00
-2.997295000000000073e+04	0.000000000000000000e+00	0.000000000000000000e+00	8.822901089510788442e-01	0.000000000000000000e+00
-2.997291999999999825e+04	0.000000000000000000e+00	0.000000000000000000e+00	8.774071474349193211e-01	0.000000000000000000e+00
-2.997290000000000146e+04	0.000000000000000000e+00	0.000000000000000000e+00	8.728293710135196504e-01	0.000000000000000000e+00
-2.997288999999999942e+04	0.000000000000000000e+00	0.000000000000000000e+00	8.642841883602404573e-01	0.000000000000000000e+00
-2.997286999999999898e+04	0.000000000000000000e+00	0.000000000000000000e+00	8.685567796868800539e-01	0.000000000000000000e+00
-2.997284000000000015e+04	0.000000000000000000e+00	0.000000000000000000e+00	8.697775200659200179e-01	0.000000000000000000e+00
-2.997281000000000131e+04	0.000000000000000000e+00	0.000000000000000000e+00	8.645893734550004206e-01	0.000000000000000000e+00
-2.997279000000000087e+04	0.000000000000000000e+00	0.000000000000000000e+00	8.648945585497603838e-01	0.000000000000000000e+00
-2.997275999999999840e+04	0.000000000000000000e+00	0.000000000000000000e+00	8.682515945921200906e-01	0.000000000000000000e+00
-2.997274000000000160e+04	0.000000000000000000e+00	0.000000000000000000e+00	8.670308542130802376e-01	0.000000000000000000e+00
-2.997272000000000116e+04	0.000000000000000000e+00	0.000000000000000000e+00	8.706930753501999076e-01	0.000000000000000000e+00
-2.997268000000000029e+04	0.000000000000000000e+00	0.000000000000000000e+00	8.594012268440809343e-01	0.000000000000000000e+00
-2.997265999999999985e+04	0.000000000000000000e+00	0.000000000000000000e+00	8.456678975798821440e-01	0.000000000000000000e+00
-2.997261999999999898e+04	0.000000000000000000e+00	0.000000000000000000e+00	8.435316019165624013e-01	0.000000000000000000e+00
-2.997259999999999854e+04	0.000000000000000000e+00	0.000000000000000000e+00	8.432264168218024381e-01	0.000000000000000000e+00
-2.997258000000000175e+04	0.000000000000000000e+00	0.000000000000000000e+00	8.426160466322825116e-01	0.000000000000000000e+00
-2.997256999999999971e+04	0.000000000000000000e+00	0.000000000000000000e+00	8.380382702108829518e-01	0.000000000000000000e+00
-2.997254999999999927e+04	0.000000000000000000e+00	0.000000000000000000e+00	8.334604937894832810e-01	0.000000000000000000e+00
-2.997252000000000044e+04	0.000000000000000000e+00	0.000000000000000000e+00	8.276619769890438683e-01	0.000000000000000000e+00
-2.997249000000000160e+04	0.000000000000000000e+00	0.000000000000000000e+00	8.291879024628436845e-01	0.000000000000000000e+00
-2.997245999999999913e+04	0.000000000000000000e+00	0.000000000000000000e+00	8.334604937894832810e-01	0.000000000000000000e+00
-2.997243000000000029e+04	0.000000000000000000e+00	0.000000000000000000e+00	8.380382702108829518e-01	0.000000000000000000e+00
-2.997241999999999825e+04	0.000000000000000000e+00	0.000000000000000000e+00	8.352916043580431715e-01	0.000000000000000000e+00
-2.997240000000000146e+04	0.000000000000000000e+00	0.000000000000000000e+00	8.273567918942839050e-01	0.000000000000000000e+00
-2.997238000000000102e+04	0.000000000000000000e+00	0.000000000000000000e+00	8.270516067995239418e-01	0.000000000000000000e+00
-2.997236000000000058e+04	0.000000000000000000e+00	0.000000000000000000e+00	8.200323496200445650e-01	0.000000000000000000e+00
-2.997234000000000015e+04	0.000000000000000000e+00	0.000000000000000000e+00	8.160649433881649317e-01	0.000000000000000000e+00
-2.997231000000000131e+04	0.000000000000000000e+00	0.000000000000000000e+00	8.221686452833643077e-01	0.000000000000000000e+00
-2.997229000000000087e+04	0.000000000000000000e+00	0.000000000000000000e+00	8.053834650715658849e-01	0.000000000000000000e+00
-2.997225999999999840e+04	0.000000000000000000e+00	0.000000000000000000e+00	8.062990203558457747e-01	0.000000000000000000e+00
-2.997222999999999956e+04	0.000000000000000000e+00	0.000000000000000000e+00	8.056886501663258482e-01	0.000000000000000000e+00
-2.997220000000000073e+04	0.000000000000000000e+00	0.000000000000000000e+00	8.020264290292061782e-01	0.000000000000000000e+00
-2.997218000000000029e+04	0.000000000000000000e+00	0.000000000000000000e+00	8.072145756401257755e-01	0.000000000000000000e+00
-2.997215000000000146e+04	0.000000000000000000e+00	0.000000000000000000e+00	8.075197607348857387e-01	0.000000000000000000e+00
-2.997211999999999898e+04	0.000000000000000000e+00	0.000000000000000000e+00	7.986693929868464714e-01	0.000000000000000000e+00
-2.997209999999999854e+04	0.000000000000000000e+00	0.000000000000000000e+00	7.989745780816065457e-01	0.000000000000000000e+00
-2.997208000000000175e+04	0.000000000000000000e+00	0.000000000000000000e+00	7.959227271340068022e-01	0.000000000000000000e+00
-2.997206000000000131e+04	0.000000000000000000e+00	0.000000000000000000e+00	7.898190252388073151e-01	0.000000000000000000e+00
-2.997202999999999884e+04	0.000000000000000000e+00	0.000000000000000000e+00	7.748649555955686719e-01	0.000000000000000000e+00
-2.997200000000000000e+04	0.000000000000000000e+00	0.000000000000000000e+00	7.773064363536484889e-01	0.000000000000000000e+00
-2.997197000000000116e+04	0.000000000000000000e+00	0.000000000000000000e+00	7.821893978698080119e-01	0.000000000000000000e+00
-2.997195000000000073e+04	0.000000000000000000e+00	0.000000000000000000e+00	7.837153233436079391e-01	0.000000000000000000e+00
-2.997193999999999869e+04	0.000000000000000000e+00	0.000000000000000000e+00	7.687612537003692958e-01	0.000000000000000000e+00
-2.997191999999999825e+04	0.000000000000000000e+00	0.000000000000000000e+00	7.669301431318094053e-01	0.000000000000000000e+00
-2.997190000000000146e+04	0.000000000000000000e+00	0.000000000000000000e+00	7.568590350047303961e-01	0.000000000000000000e+00
-2.997186999999999898e+04	0.000000000000000000e+00	0.000000000000000000e+00	7.565538499099704328e-01	0.000000000000000000e+00
-2.997184000000000015e+04	0.000000000000000000e+00	0.000000000000000000e+00	7.544175542466505791e-01	0.000000000000000000e+00
-2.997181999999999971e+04	0.000000000000000000e+00	0.000000000000000000e+00	7.522812585833308363e-01	0.000000000000000000e+00
-2.997181000000000131e+04	0.000000000000000000e+00	0.000000000000000000e+00	7.528916287728507628e-01	0.000000000000000000e+00
-2.997179000000000087e+04	0.000000000000000000e+00	0.000000000000000000e+00	7.574694051942503226e-01	0.000000000000000000e+00
-2.997175999999999840e+04	0.000000000000000000e+00	0.000000000000000000e+00	7.599108859523301396e-01	0.000000000000000000e+00
-2.997174000000000160e+04	0.000000000000000000e+00	0.000000000000000000e+00	7.495345927304910560e-01	0.000000000000000000e+00
-2.997172999999999956e+04	0.000000000000000000e+00	0.000000000000000000e+00	7.580797753837702491e-01	0.000000000000000000e+00
-2.997170999999999913e+04	0.000000000000000000e+00	0.000000000000000000e+00	7.568590350047303961e-01	0.000000000000000000e+00
-2.997168999999999869e+04	0.000000000000000000e+00	0.000000000000000000e+00	7.544175542466505791e-01	0.000000000000000000e+00
-2.997166999999999825e+04	0.000000000000000000e+00	0.000000000000000000e+00	7.657094027527695523e-01	0.000000000000000000e+00
-2.997165999999999985e+04	0.000000000000000000e+00	0.000000000000000000e+00	7.547227393414105423e-01	0.000000000000000000e+00
-2.997163000000000102e+04	0.000000000000000000e+00	0.000000000000000000e+00	7.397686696981718990e-01	0.000000000000000000e+00
-2.997159000000000015e+04	0.000000000000000000e+00	0.000000000000000000e+00	7.394634846034119358e-01	0.000000000000000000e+00
-2.997156000000000131e+04	0.000000000000000000e+00	0.000000000000000000e+00	7.333597827082125598e-01	0.000000000000000000e+00
-2.997154000000000087e+04	0.000000000000000000e+00	0.000000000000000000e+00	7.257301553392132565e-01	0.000000000000000000e+00
-2.997152999999999884e+04	0.000000000000000000e+00	0.000000000000000000e+00	7.205420087282936592e-01	0.000000000000000000e+00
-2.997150000000000000e+04	0.000000000000000000e+00	0.000000000000000000e+00	7.177953428754539900e-01	0.000000000000000000e+00
-2.997147000000000116e+04	0.000000000000000000e+00	0.000000000000000000e+00	7.165746024964140259e-01	0.000000000000000000e+00
-2.997143000000000029e+04	0.000000000000000000e+00	0.000000000000000000e+00	7.129123813592944670e-01	0.000000000000000000e+00
-2.997140999999999985e+04	0.000000000000000000e+00	0.000000000000000000e+00	7.077242347483748697e-01	0.000000000000000000e+00
-2.997138000000000102e+04	0.000000000000000000e+00	0.000000000000000000e+00	7.043671987060151629e-01	0.000000000000000000e+00
-2.997136000000000058e+04	0.000000000000000000e+00	0.000000000000000000e+00	7.113864558854945397e-01	0.000000000000000000e+00
-2.997134000000000015e+04	0.000000000000000000e+00	0.000000000000000000e+00	7.080294198431348329e-01	0.000000000000000000e+00
-2.997131000000000131e+04	0.000000000000000000e+00	0.000000000000000000e+00	7.150486770226142097e-01	0.000000000000000000e+00
-2.997127999999999884e+04	0.000000000000000000e+00	0.000000000000000000e+00	7.080294198431348329e-01	0.000000000000000000e+00
-2.997125000000000000e+04	0.000000000000000000e+00	0.000000000000000000e+00	7.013153477584155304e-01	0.000000000000000000e+00
-2.997124000000000160e+04	0.000000000000000000e+00	0.000000000000000000e+00	7.113864558854945397e-01	0.000000000000000000e+00
-2.997122000000000116e+04	0.000000000000000000e+00	0.000000000000000000e+00	7.104709006012146499e-01	0.000000000000000000e+00
-2.997120000000000073e+04	0.000000000000000000e+00	0.000000000000000000e+00	7.068086794640949799e-01	0.000000000000000000e+00
-2.997116999999999825e+04	0.000000000000000000e+00	0.000000000000000000e+00	6.991790520950956767e-01	0.000000000000000000e+00
-2.997113999999999942e+04	0.000000000000000000e+00	0.000000000000000000e+00	6.967375713370158596e-01	0.000000000000000000e+00
-2.997111999999999898e+04	0.000000000000000000e+00	0.000000000000000000e+00	6.991790520950956767e-01	0.000000000000000000e+00
-2.997109000000000015e+04	0.000000000000000000e+00	0.000000000000000000e+00	7.031464583269753099e-01	0.000000000000000000e+00
-2.997106000000000131e+04	0.000000000000000000e+00	0.000000000000000000e+00	6.958220160527359699e-01	0.000000000000000000e+00
-2.997102999999999884e+04	0.000000000000000000e+00	0.000000000000000000e+00	6.802575762199774001e-01	0.000000000000000000e+00
-2.997100000000000000e+04	0.000000000000000000e+00	0.000000000000000000e+00	6.811731315042572898e-01	0.000000000000000000e+00
-2.997097999999999956e+04	0.000000000000000000e+00	0.000000000000000000e+00	6.793420209356975104e-01	0.000000000000000000e+00
-2.997095000000000073e+04	0.000000000000000000e+00	0.000000000000000000e+00	6.756797997985778403e-01	0.000000000000000000e+00
-2.997093000000000029e+04	0.000000000000000000e+00	0.000000000000000000e+00	6.732383190404980233e-01	0.000000000000000000e+00
-2.997090999999999985e+04	0.000000000000000000e+00	0.000000000000000000e+00	6.588946195867794176e-01	0.000000000000000000e+00
-2.997088999999999942e+04	0.000000000000000000e+00	0.000000000000000000e+00	6.607257301553391970e-01	0.000000000000000000e+00
-2.997086000000000058e+04	0.000000000000000000e+00	0.000000000000000000e+00	6.582842493972594911e-01	0.000000000000000000e+00
-2.997084000000000015e+04	0.000000000000000000e+00	0.000000000000000000e+00	6.564531388286996005e-01	0.000000000000000000e+00
-2.997081000000000131e+04	0.000000000000000000e+00	0.000000000000000000e+00	6.607257301553391970e-01	0.000000000000000000e+00
-2.997079000000000087e+04	0.000000000000000000e+00	0.000000000000000000e+00	6.717123935666982071e-01	0.000000000000000000e+00
-2.997075999999999840e+04	0.000000000000000000e+00	0.000000000000000000e+00	6.668294320505386841e-01	0.000000000000000000e+00
-2.997074000000000160e+04	0.000000000000000000e+00	0.000000000000000000e+00	6.570635090182195270e-01	0.000000000000000000e+00
-2.997072999999999956e+04	0.000000000000000000e+00	0.000000000000000000e+00	6.543168431653798578e-01	0.000000000000000000e+00
-2.997070999999999913e+04	0.000000000000000000e+00	0.000000000000000000e+00	6.543168431653798578e-01	0.000000000000000000e+00
-2.997068999999999869e+04	0.000000000000000000e+00	0.000000000000000000e+00	6.500442518387401503e-01	0.000000000000000000e+00
-2.997066999999999825e+04	0.000000000000000000e+00	0.000000000000000000e+00	6.518753624073000408e-01	0.000000000000000000e+00
-2.997065999999999985e+04	0.000000000000000000e+00	0.000000000000000000e+00	6.469924008911405178e-01	0.000000000000000000e+00
-2.997061999999999898e+04	0.000000000000000000e+00	0.000000000000000000e+00	6.448561052278206640e-01	0.000000000000000000e+00
-2.997058000000000175e+04	0.000000000000000000e+00	0.000000000000000000e+00	6.509598071230201510e-01	0.000000000000000000e+00
-2.997056000000000131e+04	0.000000000000000000e+00	0.000000000000000000e+00	6.466872157963805545e-01	0.000000000000000000e+00
-2.997054000000000087e+04	0.000000000000000000e+00	0.000000000000000000e+00	6.460768456068605170e-01	0.000000000000000000e+00
-2.997052000000000044e+04	0.000000000000000000e+00	0.000000000000000000e+00	6.448561052278206640e-01	0.000000000000000000e+00
-2.997050000000000000e+04	0.000000000000000000e+00	0.000000000000000000e+00	6.366161076693014342e-01	0.000000000000000000e+00
-2.997047000000000116e+04	0.000000000000000000e+00	0.000000000000000000e+00	6.262398144474623507e-01	0.000000000000000000e+00
-2.997043999999999869e+04	0.000000000000000000e+00	0.000000000000000000e+00	6.192205572679830849e-01	0.000000000000000000e+00
-2.997041999999999825e+04	0.000000000000000000e+00	0.000000000000000000e+00	6.100650044251838544e-01	0.000000000000000000e+00
-2.997038999999999942e+04	0.000000000000000000e+00	0.000000000000000000e+00	5.972472304452650649e-01	0.000000000000000000e+00
-2.997036999999999898e+04	0.000000000000000000e+00	0.000000000000000000e+00	6.170842616046632312e-01	0.000000000000000000e+00
-2.997033000000000175e+04	0.000000000000000000e+00	0.000000000000000000e+00	6.073183385723440741e-01	0.000000000000000000e+00
-2.997029000000000087e+04	0.000000000000000000e+00	0.000000000000000000e+00	6.122013000885037082e-01	0.000000000000000000e+00
-2.997027000000000044e+04	0.000000000000000000e+00	0.000000000000000000e+00	6.158635212256233782e-01	0.000000000000000000e+00
-2.997024000000000160e+04	0.000000000000000000e+00	0.000000000000000000e+00	6.134220404675435612e-01	0.000000000000000000e+00
-2.997022000000000116e+04	0.000000000000000000e+00	0.000000000000000000e+00	6.149479659413433774e-01	0.000000000000000000e+00
-2.997020000000000073e+04	0.000000000000000000e+00	0.000000000000000000e+00	6.100650044251838544e-01	0.000000000000000000e+00
-2.997018000000000029e+04	0.000000000000000000e+00	0.000000000000000000e+00	5.938901944029053581e-01	0.000000000000000000e+00
-2.997013999999999942e+04	0.000000000000000000e+00	0.000000000000000000e+00	5.948057496871852479e-01	0.000000000000000000e+00
-2.997011000000000058e+04	0.000000000000000000e+00	0.000000000000000000e+00	5.951109347819452111e-01	0.000000000000000000e+00
-2.997008000000000175e+04	0.000000000000000000e+00	0.000000000000000000e+00	5.887020477919858719e-01	0.000000000000000000e+00
-2.997004999999999927e+04	0.000000000000000000e+00	0.000000000000000000e+00	5.844294564653462754e-01	0.000000000000000000e+00
-2.997002999999999884e+04	0.000000000000000000e+00	0.000000000000000000e+00	5.804620502334666421e-01	0.000000000000000000e+00
-2.997000000000000000e+04	0.000000000000000000e+00	0.000000000000000000e+00	5.771050141911069353e-01	0.000000000000000000e+00
-2.996997000000000116e+04	0.000000000000000000e+00	0.000000000000000000e+00	5.819879757072664583e-01	0.000000000000000000e+00
-2.996993000000000029e+04	0.000000000000000000e+00	0.000000000000000000e+00	5.679494613483077048e-01	0.000000000000000000e+00
-2.996990000000000146e+04	0.000000000000000000e+00	0.000000000000000000e+00	5.685598315378277423e-01	0.000000000000000000e+00
-2.996986000000000058e+04	0.000000000000000000e+00	0.000000000000000000e+00	5.725272377697073756e-01	0.000000000000000000e+00
-2.996981999999999971e+04	0.000000000000000000e+00	0.000000000000000000e+00	5.703909421063875218e-01	0.000000000000000000e+00
-2.996979000000000087e+04	0.000000000000000000e+00	0.000000000000000000e+00	5.545213171788689888e-01	0.000000000000000000e+00
-2.996975000000000000e+04	0.000000000000000000e+00	0.000000000000000000e+00	5.594042786950285118e-01	0.000000000000000000e+00
-2.996970999999999913e+04	0.000000000000000000e+00	0.000000000000000000e+00	5.484176152836695017e-01	0.000000000000000000e+00
-2.996968999999999869e+04	0.000000000000000000e+00	0.000000000000000000e+00	5.499435407574694290e-01	0.000000000000000000e+00
-2.996966999999999825e+04	0.000000000000000000e+00	0.000000000000000000e+00	5.493331705679495025e-01	0.000000000000000000e+00
-2.996963999999999942e+04	0.000000000000000000e+00	0.000000000000000000e+00	5.432294686727500155e-01	0.000000000000000000e+00
-2.996961000000000058e+04	0.000000000000000000e+00	0.000000000000000000e+00	5.514694662312692452e-01	0.000000000000000000e+00
-2.996958000000000175e+04	0.000000000000000000e+00	0.000000000000000000e+00	5.514694662312692452e-01	0.000000000000000000e+00
-2.996956000000000131e+04	0.000000000000000000e+00	0.000000000000000000e+00	5.435346537675099787e-01	0.000000000000000000e+00
-2.996952999999999884e+04	0.000000000000000000e+00	0.000000000000000000e+00	5.557420575579088418e-01	0.000000000000000000e+00
-2.996950000000000000e+04	0.000000000000000000e+00	0.000000000000000000e+00	5.551316873683889153e-01	0.000000000000000000e+00
-2.996947999999999956e+04	0.000000000000000000e+00	0.000000000000000000e+00	5.395672475356303455e-01	0.000000000000000000e+00
-2.996945000000000073e+04	0.000000000000000000e+00	0.000000000000000000e+00	5.453657643360698692e-01	0.000000000000000000e+00
-2.996941999999999825e+04	0.000000000000000000e+00	0.000000000000000000e+00	5.264442884609515927e-01	0.000000000000000000e+00
-2.996940000000000146e+04	0.000000000000000000e+00	0.000000000000000000e+00	5.252235480819116287e-01	0.000000000000000000e+00
-2.996936000000000058e+04	0.000000000000000000e+00	0.000000000000000000e+00	5.148472548600726562e-01	0.000000000000000000e+00
-2.996931999999999971e+04	0.000000000000000000e+00	0.000000000000000000e+00	5.053865169225134624e-01	0.000000000000000000e+00
-2.996929000000000087e+04	0.000000000000000000e+00	0.000000000000000000e+00	5.081331827753532426e-01	0.000000000000000000e+00
-2.996925000000000000e+04	0.000000000000000000e+00	0.000000000000000000e+00	5.026398510696737931e-01	0.000000000000000000e+00
-2.996922000000000116e+04	0.000000000000000000e+00	0.000000000000000000e+00	4.986724448377941044e-01	0.000000000000000000e+00
-2.996920000000000073e+04	0.000000000000000000e+00	0.000000000000000000e+00	4.922635578478347096e-01	0.000000000000000000e+00
-2.996918000000000029e+04	0.000000000000000000e+00	0.000000000000000000e+00	4.956205938901944164e-01	0.000000000000000000e+00
-2.996915999999999985e+04	0.000000000000000000e+00	0.000000000000000000e+00	4.953154087954344531e-01	0.000000000000000000e+00
-2.996913999999999942e+04	0.000000000000000000e+00	0.000000000000000000e+00	4.977568895535142146e-01	0.000000000000000000e+00
-2.996911000000000058e+04	0.000000000000000000e+00	0.000000000000000000e+00	5.038605914487136461e-01	0.000000000000000000e+00
-2.996909000000000015e+04	0.000000000000000000e+00	0.000000000000000000e+00	5.084383678701132059e-01	0.000000000000000000e+00
-2.996908000000000175e+04	0.000000000000000000e+00	0.000000000000000000e+00	4.998931852168340129e-01	0.000000000000000000e+00
-2.996904999999999927e+04	0.000000000000000000e+00	0.000000000000000000e+00	4.992828150273140864e-01	0.000000000000000000e+00
-2.996900999999999840e+04	0.000000000000000000e+00	0.000000000000000000e+00	5.136265144810326921e-01	0.000000000000000000e+00
-2.996897999999999956e+04	0.000000000000000000e+00	0.000000000000000000e+00	5.038605914487136461e-01	0.000000000000000000e+00
-2.996895999999999913e+04	0.000000000000000000e+00	0.000000000000000000e+00	5.059968871120334999e-01	0.000000000000000000e+00
-2.996893999999999869e+04	0.000000000000000000e+00	0.000000000000000000e+00	4.956205938901944164e-01	0.000000000000000000e+00
-2.996890999999999985e+04	0.000000000000000000e+00	0.000000000000000000e+00	4.974517044587542514e-01	0.000000000000000000e+00
-2.996888999999999942e+04	0.000000000000000000e+00	0.000000000000000000e+00	4.962309640797143429e-01	0.000000000000000000e+00
-2.996886000000000058e+04	0.000000000000000000e+00	0.000000000000000000e+00	4.861598559526352781e-01	0.000000000000000000e+00
-2.996884000000000015e+04	0.000000000000000000e+00	0.000000000000000000e+00	4.760887478255562133e-01	0.000000000000000000e+00
-2.996881000000000131e+04	0.000000000000000000e+00	0.000000000000000000e+00	4.739524521622364150e-01	0.000000000000000000e+00
-2.996877999999999884e+04	0.000000000000000000e+00	0.000000000000000000e+00	4.803613391521958098e-01	0.000000000000000000e+00
-2.996875999999999840e+04	0.000000000000000000e+00	0.000000000000000000e+00	4.782250434888760116e-01	0.000000000000000000e+00
-2.996872999999999956e+04	0.000000000000000000e+00	0.000000000000000000e+00	4.718161564989166168e-01	0.000000000000000000e+00
-2.996870000000000073e+04	0.000000000000000000e+00	0.000000000000000000e+00	4.730368968779564698e-01	0.000000000000000000e+00
-2.996866999999999825e+04	0.000000000000000000e+00	0.000000000000000000e+00	4.760887478255562133e-01	0.000000000000000000e+00
-2.996865000000000146e+04	0.000000000000000000e+00	0.000000000000000000e+00	4.702902310251167450e-01	0.000000000000000000e+00
-2.996861000000000058e+04	0.000000000000000000e+00	0.000000000000000000e+00	4.696798608355967630e-01	0.000000000000000000e+00
-2.996858000000000175e+04	0.000000000000000000e+00	0.000000000000000000e+00	4.574724570451979000e-01	0.000000000000000000e+00
-2.996856000000000131e+04	0.000000000000000000e+00	0.000000000000000000e+00	4.580828272347178820e-01	0.000000000000000000e+00
-2.996852999999999884e+04	0.000000000000000000e+00	0.000000000000000000e+00	4.562517166661580470e-01	0.000000000000000000e+00
-2.996850000000000000e+04	0.000000000000000000e+00	0.000000000000000000e+00	4.553361613818781017e-01	0.000000000000000000e+00
-2.996847000000000116e+04	0.000000000000000000e+00	0.000000000000000000e+00	4.599139378032776615e-01	0.000000000000000000e+00
-2.996845999999999913e+04	0.000000000000000000e+00	0.000000000000000000e+00	4.580828272347178820e-01	0.000000000000000000e+00
-2.996843999999999869e+04	0.000000000000000000e+00	0.000000000000000000e+00	4.495376445814386335e-01	0.000000000000000000e+00
-2.996840999999999985e+04	0.000000000000000000e+00	0.000000000000000000e+00	4.464857936338389455e-01	0.000000000000000000e+00
-2.996838000000000102e+04	0.000000000000000000e+00	0.000000000000000000e+00	4.492324594866786702e-01	0.000000000000000000e+00
-2.996836999999999898e+04	0.000000000000000000e+00	0.000000000000000000e+00	4.510635700552385052e-01	0.000000000000000000e+00
-2.996834999999999854e+04	0.000000000000000000e+00	0.000000000000000000e+00	4.458754234443189635e-01	0.000000000000000000e+00
-2.996831999999999971e+04	0.000000000000000000e+00	0.000000000000000000e+00	4.446546830652791105e-01	0.000000000000000000e+00
-2.996829999999999927e+04	0.000000000000000000e+00	0.000000000000000000e+00	4.409924619281594405e-01	0.000000000000000000e+00
-2.996829000000000087e+04	0.000000000000000000e+00	0.000000000000000000e+00	4.336680196539201004e-01	0.000000000000000000e+00
-2.996827000000000044e+04	0.000000000000000000e+00	0.000000000000000000e+00	4.333628345591601372e-01	0.000000000000000000e+00
-2.996825000000000000e+04	0.000000000000000000e+00	0.000000000000000000e+00	4.330576494644001739e-01	0.000000000000000000e+00
-2.996822000000000116e+04	0.000000000000000000e+00	0.000000000000000000e+00	4.199346903897213656e-01	0.000000000000000000e+00
-2.996818999999999869e+04	0.000000000000000000e+00	0.000000000000000000e+00	4.217658009582812006e-01	0.000000000000000000e+00
-2.996816999999999825e+04	0.000000000000000000e+00	0.000000000000000000e+00	4.245124668111209254e-01	0.000000000000000000e+00
-2.996815999999999985e+04	0.000000000000000000e+00	0.000000000000000000e+00	4.153569139683218059e-01	0.000000000000000000e+00
-2.996813000000000102e+04	0.000000000000000000e+00	0.000000000000000000e+00	4.293954283272805039e-01	0.000000000000000000e+00
-2.996811000000000058e+04	0.000000000000000000e+00	0.000000000000000000e+00	4.217658009582812006e-01	0.000000000000000000e+00
-2.996808000000000175e+04	0.000000000000000000e+00	0.000000000000000000e+00	4.177983947264015674e-01	0.000000000000000000e+00
-2.996806000000000131e+04	0.000000000000000000e+00	0.000000000000000000e+00	4.324472792748801919e-01	0.000000000000000000e+00
-2.996802999999999884e+04	0.000000000000000000e+00	0.000000000000000000e+00	4.263435773796807604e-01	0.000000000000000000e+00
-2.996800000000000000e+04	0.000000000000000000e+00	0.000000000000000000e+00	4.107791375469221906e-01	0.000000000000000000e+00
-2.996797999999999956e+04	0.000000000000000000e+00	0.000000000000000000e+00	4.229865413373211092e-01	0.000000000000000000e+00
-2.996795999999999913e+04	0.000000000000000000e+00	0.000000000000000000e+00	4.077272865993225026e-01	0.000000000000000000e+00
-2.996793999999999869e+04	0.000000000000000000e+00	0.000000000000000000e+00	4.110843226416821539e-01	0.000000000000000000e+00
-2.996793000000000029e+04	0.000000000000000000e+00	0.000000000000000000e+00	4.119998779259620991e-01	0.000000000000000000e+00
-2.996790999999999985e+04	0.000000000000000000e+00	0.000000000000000000e+00	4.065065462202825941e-01	0.000000000000000000e+00
-2.996788999999999942e+04	0.000000000000000000e+00	0.000000000000000000e+00	4.058961760307626676e-01	0.000000000000000000e+00
-2.996786000000000058e+04	0.000000000000000000e+00	0.000000000000000000e+00	4.080324716940824659e-01	0.000000000000000000e+00
-2.996783000000000175e+04	0.000000000000000000e+00	0.000000000000000000e+00	4.037598803674428694e-01	0.000000000000000000e+00
-2.996781000000000131e+04	0.000000000000000000e+00	0.000000000000000000e+00	4.010132145146030891e-01	0.000000000000000000e+00
-2.996779999999999927e+04	0.000000000000000000e+00	0.000000000000000000e+00	3.964354380932035293e-01	0.000000000000000000e+00
-2.996777999999999884e+04	0.000000000000000000e+00	0.000000000000000000e+00	3.949095126194036576e-01	0.000000000000000000e+00
-2.996775999999999840e+04	0.000000000000000000e+00	0.000000000000000000e+00	3.933835871456037858e-01	0.000000000000000000e+00
-2.996774000000000160e+04	0.000000000000000000e+00	0.000000000000000000e+00	3.918576616718039696e-01	0.000000000000000000e+00
-2.996770999999999913e+04	0.000000000000000000e+00	0.000000000000000000e+00	3.933835871456037858e-01	0.000000000000000000e+00
-2.996768999999999869e+04	0.000000000000000000e+00	0.000000000000000000e+00	3.973509933774834191e-01	0.000000000000000000e+00
-2.996766999999999825e+04	0.000000000000000000e+00	0.000000000000000000e+00	3.921628467665639328e-01	0.000000000000000000e+00
-2.996765999999999985e+04	0.000000000000000000e+00	0.000000000000000000e+00	3.982665486617633643e-01	0.000000000000000000e+00
-2.996763999999999942e+04	0.000000000000000000e+00	0.000000000000000000e+00	4.004028443250831626e-01	0.000000000000000000e+00
-2.996763000000000102e+04	0.000000000000000000e+00	0.000000000000000000e+00	3.888058107242042261e-01	0.000000000000000000e+00
-2.996761000000000058e+04	0.000000000000000000e+00	0.000000000000000000e+00	3.933835871456037858e-01	0.000000000000000000e+00
-2.996759000000000015e+04	0.000000000000000000e+00	0.000000000000000000e+00	3.936887722403638046e-01	0.000000000000000000e+00
-2.996756000000000131e+04	0.000000000000000000e+00	0.000000000000000000e+00	3.991821039460432541e-01	0.000000000000000000e+00
-2.996754999999999927e+04	0.000000000000000000e+00	0.000000000000000000e+00	3.875850703451643176e-01	0.000000000000000000e+00
-2.996752999999999884e+04	0.000000000000000000e+00	0.000000000000000000e+00	3.909421063875240243e-01	0.000000000000000000e+00
-2.996750999999999840e+04	0.000000000000000000e+00	0.000000000000000000e+00	3.869747001556443911e-01	0.000000000000000000e+00
-2.996749000000000160e+04	0.000000000000000000e+00	0.000000000000000000e+00	3.872798852504043543e-01	0.000000000000000000e+00
-2.996745999999999913e+04	0.000000000000000000e+00	0.000000000000000000e+00	3.686635944700460965e-01	0.000000000000000000e+00
-2.996745000000000073e+04	0.000000000000000000e+00	0.000000000000000000e+00	3.677480391857661512e-01	0.000000000000000000e+00
-2.996743000000000029e+04	0.000000000000000000e+00	0.000000000000000000e+00	3.653065584276863897e-01	0.000000000000000000e+00
-2.996740999999999985e+04	0.000000000000000000e+00	0.000000000000000000e+00	3.701895199438459683e-01	0.000000000000000000e+00
-2.996738999999999942e+04	0.000000000000000000e+00	0.000000000000000000e+00	3.753776665547654545e-01	0.000000000000000000e+00
-2.996736999999999898e+04	0.000000000000000000e+00	0.000000000000000000e+00	3.634754478591265547e-01	0.000000000000000000e+00
-2.996734999999999854e+04	0.000000000000000000e+00	0.000000000000000000e+00	3.720206305124057478e-01	0.000000000000000000e+00
-2.996731999999999971e+04	0.000000000000000000e+00	0.000000000000000000e+00	3.723258156071657665e-01	0.000000000000000000e+00
-2.996731000000000131e+04	0.000000000000000000e+00	0.000000000000000000e+00	3.616443372905667197e-01	0.000000000000000000e+00
-2.996727999999999884e+04	0.000000000000000000e+00	0.000000000000000000e+00	3.634754478591265547e-01	0.000000000000000000e+00
-2.996725999999999840e+04	0.000000000000000000e+00	0.000000000000000000e+00	3.704947050386059315e-01	0.000000000000000000e+00
-2.996724000000000160e+04	0.000000000000000000e+00	0.000000000000000000e+00	3.726310007019257298e-01	0.000000000000000000e+00
-2.996720999999999913e+04	0.000000000000000000e+00	0.000000000000000000e+00	3.677480391857661512e-01	0.000000000000000000e+00
-2.996718000000000029e+04	0.000000000000000000e+00	0.000000000000000000e+00	3.592028565324869582e-01	0.000000000000000000e+00
-2.996715999999999985e+04	0.000000000000000000e+00	0.000000000000000000e+00	3.653065584276863897e-01	0.000000000000000000e+00
-2.996713000000000102e+04	0.000000000000000000e+00	0.000000000000000000e+00	3.573717459639271232e-01	0.000000000000000000e+00
-2.996711000000000058e+04	0.000000000000000000e+00	0.000000000000000000e+00	3.607287820062868300e-01	0.000000000000000000e+00
-2.996708000000000175e+04	0.000000000000000000e+00	0.000000000000000000e+00	3.552354503006073250e-01	0.000000000000000000e+00
-2.996704999999999927e+04	0.000000000000000000e+00	0.000000000000000000e+00	3.534043397320474900e-01	0.000000000000000000e+00
-2.996702000000000044e+04	0.000000000000000000e+00	0.000000000000000000e+00	3.540147099215674165e-01	0.000000000000000000e+00
-2.996700000000000000e+04	0.000000000000000000e+00	0.000000000000000000e+00	3.418073061311685534e-01	0.000000000000000000e+00
-2.996697999999999956e+04	0.000000000000000000e+00	0.000000000000000000e+00	3.387554551835688099e-01	0.000000000000000000e+00
-2.996695000000000073e+04	0.000000000000000000e+00	0.000000000000000000e+00	3.393658253730887919e-01	0.000000000000000000e+00
-2.996691999999999825e+04	0.000000000000000000e+00	0.000000000000000000e+00	3.360087893307290852e-01	0.000000000000000000e+00
-2.996688999999999942e+04	0.000000000000000000e+00	0.000000000000000000e+00	3.292947172460097272e-01	0.000000000000000000e+00
-2.996686999999999898e+04	0.000000000000000000e+00	0.000000000000000000e+00	3.372295297097689937e-01	0.000000000000000000e+00
-2.996684999999999854e+04	0.000000000000000000e+00	0.000000000000000000e+00	3.399761955626087184e-01	0.000000000000000000e+00
-2.996683000000000175e+04	0.000000000000000000e+00	0.000000000000000000e+00	3.308206427198095434e-01	0.000000000000000000e+00
-2.996681000000000131e+04	0.000000000000000000e+00	0.000000000000000000e+00	3.408917508468886637e-01	0.000000000000000000e+00
-2.996679000000000087e+04	0.000000000000000000e+00	0.000000000000000000e+00	3.277687917722098554e-01	0.000000000000000000e+00
-2.996677000000000044e+04	0.000000000000000000e+00	0.000000000000000000e+00	3.347880489516891767e-01	0.000000000000000000e+00
-2.996675000000000000e+04	0.000000000000000000e+00	0.000000000000000000e+00	3.427228614154484432e-01	0.000000000000000000e+00
-2.996674000000000160e+04	0.000000000000000000e+00	0.000000000000000000e+00	3.454695272682882234e-01	0.000000000000000000e+00
-2.996672000000000116e+04	0.000000000000000000e+00	0.000000000000000000e+00	3.448591570787682969e-01	0.000000000000000000e+00
-2.996670999999999913e+04	0.000000000000000000e+00	0.000000000000000000e+00	3.387554551835688099e-01	0.000000000000000000e+00
-2.996668000000000029e+04	0.000000000000000000e+00	0.000000000000000000e+00	3.335673085726493237e-01	0.000000000000000000e+00
-2.996665000000000146e+04	0.000000000000000000e+00	0.000000000000000000e+00	3.329569383831293417e-01	0.000000000000000000e+00
-2.996661999999999898e+04	0.000000000000000000e+00	0.000000000000000000e+00	3.262428662984099836e-01	0.000000000000000000e+00
-2.996659000000000015e+04	0.000000000000000000e+00	0.000000000000000000e+00	3.268532364879299101e-01	0.000000000000000000e+00
-2.996656000000000131e+04	0.000000000000000000e+00	0.000000000000000000e+00	3.228858302560502769e-01	0.000000000000000000e+00
-2.996654000000000087e+04	0.000000000000000000e+00	0.000000000000000000e+00	3.195287942136906256e-01	0.000000000000000000e+00
-2.996652999999999884e+04	0.000000000000000000e+00	0.000000000000000000e+00	3.198339793084505889e-01	0.000000000000000000e+00
-2.996650000000000000e+04	0.000000000000000000e+00	0.000000000000000000e+00	3.112887966551713403e-01	0.000000000000000000e+00
-2.996647000000000116e+04	0.000000000000000000e+00	0.000000000000000000e+00	3.027436140018921473e-01	0.000000000000000000e+00
-2.996643999999999869e+04	0.000000000000000000e+00	0.000000000000000000e+00	3.051850947599719088e-01	0.000000000000000000e+00
-2.996640999999999985e+04	0.000000000000000000e+00	0.000000000000000000e+00	2.935880611590929723e-01	0.000000000000000000e+00
-2.996638999999999942e+04	0.000000000000000000e+00	0.000000000000000000e+00	2.978606524857326243e-01	0.000000000000000000e+00
-2.996636000000000058e+04	0.000000000000000000e+00	0.000000000000000000e+00	2.957243568224127706e-01	0.000000000000000000e+00
-2.996633000000000175e+04	0.000000000000000000e+00	0.000000000000000000e+00	2.972502822962126423e-01	0.000000000000000000e+00
-2.996631000000000131e+04	0.000000000000000000e+00	0.000000000000000000e+00	2.902310251167333210e-01	0.000000000000000000e+00
-2.996629000000000087e+04	0.000000000000000000e+00	0.000000000000000000e+00	2.938932462538529355e-01	0.000000000000000000e+00
-2.996627000000000044e+04	0.000000000000000000e+00	0.000000000000000000e+00	2.911465804010132108e-01	0.000000000000000000e+00
-2.996625999999999840e+04	0.000000000000000000e+00	0.000000000000000000e+00	2.920621356852931561e-01	0.000000000000000000e+00
-2.996624000000000160e+04	0.000000000000000000e+00	0.000000000000000000e+00	2.999969481490524226e-01	0.000000000000000000e+00
-2.996622999999999956e+04	0.000000000000000000e+00	0.000000000000000000e+00	2.883999145481734860e-01	0.000000000000000000e+00
-2.996620999999999913e+04	0.000000000000000000e+00	0.000000000000000000e+00	2.984710226752525508e-01	0.000000000000000000e+00
-2.996616999999999825e+04	0.000000000000000000e+00	0.000000000000000000e+00	2.905362102114932843e-01	0.000000000000000000e+00
-2.996613999999999942e+04	0.000000000000000000e+00	0.000000000000000000e+00	2.948088015381328808e-01	0.000000000000000000e+00
-2.996611999999999898e+04	0.000000000000000000e+00	0.000000000000000000e+00	2.890102847376934125e-01	0.000000000000000000e+00
-2.996609000000000015e+04	0.000000000000000000e+00	0.000000000000000000e+00	2.957243568224127706e-01	0.000000000000000000e+00
-2.996606000000000131e+04	0.000000000000000000e+00	0.000000000000000000e+00	2.893154698324533758e-01	0.000000000000000000e+00
-2.996602000000000044e+04	0.000000000000000000e+00	0.000000000000000000e+00	2.914517654957731740e-01	0.000000000000000000e+00
-2.996599000000000160e+04	0.000000000000000000e+00	0.000000000000000000e+00	2.813806573686941093e-01	0.000000000000000000e+00
-2.996597999999999956e+04	0.000000000000000000e+00	0.000000000000000000e+00	2.789391766106143478e-01	0.000000000000000000e+00
-2.996595999999999913e+04	0.000000000000000000e+00	0.000000000000000000e+00	2.813806573686941093e-01	0.000000000000000000e+00
-2.996591999999999825e+04	0.000000000000000000e+00	0.000000000000000000e+00	2.749717703787347145e-01	0.000000000000000000e+00
-2.996590000000000146e+04	0.000000000000000000e+00	0.000000000000000000e+00	2.728354747154149162e-01	0.000000000000000000e+00
-2.996586000000000058e+04	0.000000000000000000e+00	0.000000000000000000e+00	2.655110324411755762e-01	0.000000000000000000e+00
-2.996583000000000175e+04	0.000000000000000000e+00	0.000000000000000000e+00	2.636799218726157412e-01	0.000000000000000000e+00
-2.996581000000000131e+04	0.000000000000000000e+00	0.000000000000000000e+00	2.633747367778557780e-01	0.000000000000000000e+00
-2.996577999999999884e+04	0.000000000000000000e+00	0.000000000000000000e+00	2.771080660420545128e-01	0.000000000000000000e+00
-2.996574000000000160e+04	0.000000000000000000e+00	0.000000000000000000e+00	2.703939939573350992e-01	0.000000000000000000e+00
-2.996570999999999913e+04	0.000000000000000000e+00	0.000000000000000000e+00	2.725302896206549530e-01	0.000000000000000000e+00
-2.996568999999999869e+04	0.000000000000000000e+00	0.000000000000000000e+00	2.764976958525345863e-01	0.000000000000000000e+00
-2.996566999999999825e+04	0.000000000000000000e+00	0.000000000000000000e+00	2.746665852839747513e-01	0.000000000000000000e+00
-2.996565000000000146e+04	0.000000000000000000e+00	0.000000000000000000e+00	2.700888088625751360e-01	0.000000000000000000e+00
-2.996561999999999898e+04	0.000000000000000000e+00	0.000000000000000000e+00	2.777184362315744393e-01	0.000000000000000000e+00
-2.996559999999999854e+04	0.000000000000000000e+00	0.000000000000000000e+00	2.661214026306955027e-01	0.000000000000000000e+00
-2.996556999999999971e+04	0.000000000000000000e+00	0.000000000000000000e+00	2.560502945036164379e-01	0.000000000000000000e+00
-2.996554000000000087e+04	0.000000000000000000e+00	0.000000000000000000e+00	2.649006622516556497e-01	0.000000000000000000e+00
-2.996550999999999840e+04	0.000000000000000000e+00	0.000000000000000000e+00	2.621539963988158695e-01	0.000000000000000000e+00
-2.996547000000000116e+04	0.000000000000000000e+00	0.000000000000000000e+00	2.578814050721762730e-01	0.000000000000000000e+00
-2.996545000000000073e+04	0.000000000000000000e+00	0.000000000000000000e+00	2.514725180822168782e-01	0.000000000000000000e+00
-2.996543000000000029e+04	0.000000000000000000e+00	0.000000000000000000e+00	2.487258522293771257e-01	0.000000000000000000e+00
-2.996540000000000146e+04	0.000000000000000000e+00	0.000000000000000000e+00	2.462843714712973364e-01	0.000000000000000000e+00
-2.996536999999999898e+04	0.000000000000000000e+00	0.000000000000000000e+00	2.450636310922574557e-01	0.000000000000000000e+00
-2.996533000000000175e+04	0.000000000000000000e+00	0.000000000000000000e+00	2.447584459974974924e-01	0.000000000000000000e+00
-2.996531000000000131e+04	0.000000000000000000e+00	0.000000000000000000e+00	2.475051118503372172e-01	0.000000000000000000e+00
-2.996527999999999884e+04	0.000000000000000000e+00	0.000000000000000000e+00	2.426221503341776664e-01	0.000000000000000000e+00
-2.996525000000000000e+04	0.000000000000000000e+00	0.000000000000000000e+00	2.450636310922574557e-01	0.000000000000000000e+00
-2.996522000000000116e+04	0.000000000000000000e+00	0.000000000000000000e+00	2.459791863765373732e-01	0.000000000000000000e+00
-2.996520999999999913e+04	0.000000000000000000e+00	0.000000000000000000e+00	2.386547441022980331e-01	0.000000000000000000e+00
-2.996518999999999869e+04	0.000000000000000000e+00	0.000000000000000000e+00	2.520828882717368047e-01	0.000000000000000000e+00
-2.996515999999999985e+04	0.000000000000000000e+00	0.000000000000000000e+00	2.294991912594988859e-01	0.000000000000000000e+00
-2.996513000000000102e+04	0.000000000000000000e+00	0.000000000000000000e+00	2.392651142918179874e-01	0.000000000000000000e+00
-2.996508000000000175e+04	0.000000000000000000e+00	0.000000000000000000e+00	2.475051118503372172e-01	0.000000000000000000e+00
-2.996504999999999927e+04	0.000000000000000000e+00	0.000000000000000000e+00	2.356028931546983174e-01	0.000000000000000000e+00
-2.996502999999999884e+04	0.000000000000000000e+00	0.000000000000000000e+00	2.349925229651783909e-01	0.000000000000000000e+00
-2.996500999999999840e+04	0.000000000000000000e+00	0.000000000000000000e+00	2.365184484389782349e-01	0.000000000000000000e+00
-2.996497999999999956e+04	0.000000000000000000e+00	0.000000000000000000e+00	2.410962248603778224e-01	0.000000000000000000e+00
-2.996495000000000073e+04	0.000000000000000000e+00	0.000000000000000000e+00	2.377391888180181156e-01	0.000000000000000000e+00
-2.996493000000000029e+04	0.000000000000000000e+00	0.000000000000000000e+00	2.230903042695394634e-01	0.000000000000000000e+00
-2.996490999999999985e+04	0.000000000000000000e+00	0.000000000000000000e+00	2.304147465437788034e-01	0.000000000000000000e+00
-2.996488999999999942e+04	0.000000000000000000e+00	0.000000000000000000e+00	2.194280831324198211e-01	0.000000000000000000e+00
-2.996486999999999898e+04	0.000000000000000000e+00	0.000000000000000000e+00	2.200384533219397476e-01	0.000000000000000000e+00
-2.996484000000000015e+04	0.000000000000000000e+00	0.000000000000000000e+00	2.240058595538193809e-01	0.000000000000000000e+00
-2.996481000000000131e+04	0.000000000000000000e+00	0.000000000000000000e+00	2.285836359752189684e-01	0.000000000000000000e+00
-2.996477000000000044e+04	0.000000000000000000e+00	0.000000000000000000e+00	2.194280831324198211e-01	0.000000000000000000e+00
-2.996472999999999956e+04	0.000000000000000000e+00	0.000000000000000000e+00	2.157658619953001511e-01	0.000000000000000000e+00
-2.996470000000000073e+04	0.000000000000000000e+00	0.000000000000000000e+00	2.157658619953001511e-01	0.000000000000000000e+00
-2.996468000000000029e+04	0.000000000000000000e+00	0.000000000000000000e+00	2.294991912594988859e-01	0.000000000000000000e+00
-2.996465999999999985e+04	0.000000000000000000e+00	0.000000000000000000e+00	2.139347514267403161e-01	0.000000000000000000e+00
-2.996463999999999942e+04	0.000000000000000000e+00	0.000000000000000000e+00	2.093569750053407286e-01	0.000000000000000000e+00
-2.996463000000000102e+04	0.000000000000000000e+00	0.000000000000000000e+00	2.063051240577410128e-01	0.000000000000000000e+00
-2.996459999999999854e+04	0.000000000000000000e+00	0.000000000000000000e+00	2.133243812372203618e-01	0.000000000000000000e+00
-2.996456999999999971e+04	0.000000000000000000e+00	0.000000000000000000e+00	2.099673451948606828e-01	0.000000000000000000e+00
-2.996454000000000087e+04	0.000000000000000000e+00	0.000000000000000000e+00	2.072206793420209303e-01	0.000000000000000000e+00
-2.996452000000000044e+04	0.000000000000000000e+00	0.000000000000000000e+00	2.139347514267403161e-01	0.000000000000000000e+00
-2.996449000000000160e+04	0.000000000000000000e+00	0.000000000000000000e+00	2.072206793420209303e-01	0.000000000000000000e+00
-2.996447999999999956e+04	0.000000000000000000e+00	0.000000000000000000e+00	2.084414197210608111e-01	0.000000000000000000e+00
-2.996445000000000073e+04	0.000000000000000000e+00	0.000000000000000000e+00	2.017273476363414531e-01	0.000000000000000000e+00
-2.996441999999999825e+04	0.000000000000000000e+00	0.000000000000000000e+00	2.075258644367809213e-01	0.000000000000000000e+00
-2.996440000000000146e+04	0.000000000000000000e+00	0.000000000000000000e+00	2.063051240577410128e-01	0.000000000000000000e+00
-2.996436999999999898e+04	0.000000000000000000e+00	0.000000000000000000e+00	1.922666096987823148e-01	0.000000000000000000e+00
-2.996433000000000175e+04	0.000000000000000000e+00	0.000000000000000000e+00	2.035584582049012603e-01	0.000000000000000000e+00
-2.996429000000000087e+04	0.000000000000000000e+00	0.000000000000000000e+00	1.876888332773827273e-01	0.000000000000000000e+00
-2.996425000000000000e+04	0.000000000000000000e+00	0.000000000000000000e+00	1.876888332773827273e-01	0.000000000000000000e+00
-2.996422000000000116e+04	0.000000000000000000e+00	0.000000000000000000e+00	1.947080904568620763e-01	0.000000000000000000e+00
-2.996420000000000073e+04	0.000000000000000000e+00	0.000000000000000000e+00	1.770073549607837082e-01	0.000000000000000000e+00
-2.996416999999999825e+04	0.000000000000000000e+00	0.000000000000000000e+00	1.852473525193029658e-01	0.000000000000000000e+00
-2.996415999999999985e+04	0.000000000000000000e+00	0.000000000000000000e+00	1.901303140354625165e-01	0.000000000000000000e+00
-2.996413000000000102e+04	0.000000000000000000e+00	0.000000000000000000e+00	1.901303140354625165e-01	0.000000000000000000e+00
-2.996411000000000058e+04	0.000000000000000000e+00	0.000000000000000000e+00	1.980651264992217830e-01	0.000000000000000000e+00
-2.996408000000000175e+04	0.000000000000000000e+00	0.000000000000000000e+00	1.901303140354625165e-01	0.000000000000000000e+00
-2.996406000000000131e+04	0.000000000000000000e+00	0.000000000000000000e+00	1.971495712149418655e-01	0.000000000000000000e+00
-2.996404000000000087e+04	0.000000000000000000e+00	0.000000000000000000e+00	2.059999389629810496e-01	0.000000000000000000e+00
-2.996400999999999840e+04	0.000000000000000000e+00	0.000000000000000000e+00	1.977599414044618198e-01	0.000000000000000000e+00
-2.996399000000000160e+04	0.000000000000000000e+00	0.000000000000000000e+00	2.072206793420209303e-01	0.000000000000000000e+00
-2.996397000000000116e+04	0.000000000000000000e+00	0.000000000000000000e+00	1.889095736564226080e-01	0.000000000000000000e+00
-2.996395000000000073e+04	0.000000000000000000e+00	0.000000000000000000e+00	2.008117923520615355e-01	0.000000000000000000e+00
-2.996393000000000029e+04	0.000000000000000000e+00	0.000000000000000000e+00	1.950132755516220673e-01	0.000000000000000000e+00
-2.996390999999999985e+04	0.000000000000000000e+00	0.000000000000000000e+00	1.907406842249824430e-01	0.000000000000000000e+00
-2.996388999999999942e+04	0.000000000000000000e+00	0.000000000000000000e+00	1.895199438459425623e-01	0.000000000000000000e+00
-2.996386999999999898e+04	0.000000000000000000e+00	0.000000000000000000e+00	1.803643910031434150e-01	0.000000000000000000e+00
-2.996383000000000175e+04	0.000000000000000000e+00	0.000000000000000000e+00	1.785332804345835800e-01	0.000000000000000000e+00
-2.996379000000000087e+04	0.000000000000000000e+00	0.000000000000000000e+00	1.913510544145023973e-01	0.000000000000000000e+00
-2.996377000000000044e+04	0.000000000000000000e+00	0.000000000000000000e+00	1.794488357188634975e-01	0.000000000000000000e+00
-2.996374000000000160e+04	0.000000000000000000e+00	0.000000000000000000e+00	1.684621723075045152e-01	0.000000000000000000e+00
-2.996372999999999956e+04	0.000000000000000000e+00	0.000000000000000000e+00	1.709036530655842767e-01	0.000000000000000000e+00
-2.996368999999999869e+04	0.000000000000000000e+00	0.000000000000000000e+00	1.709036530655842767e-01	0.000000000000000000e+00
-2.996365999999999985e+04	0.000000000000000000e+00	0.000000000000000000e+00	1.632740256965849734e-01	0.000000000000000000e+00
-2.996363999999999942e+04	0.000000000000000000e+00	0.000000000000000000e+00	1.638843958861049277e-01	0.000000000000000000e+00
-2.996361999999999898e+04	0.000000000000000000e+00	0.000000000000000000e+00	1.675466170232245977e-01	0.000000000000000000e+00
-2.996359999999999854e+04	0.000000000000000000e+00	0.000000000000000000e+00	1.651051362651448084e-01	0.000000000000000000e+00
-2.996358000000000175e+04	0.000000000000000000e+00	0.000000000000000000e+00	1.687673574022644785e-01	0.000000000000000000e+00
-2.996356000000000131e+04	0.000000000000000000e+00	0.000000000000000000e+00	1.709036530655842767e-01	0.000000000000000000e+00
-2.996352999999999884e+04	0.000000000000000000e+00	0.000000000000000000e+00	1.727347636341441117e-01	0.000000000000000000e+00
-2.996349000000000160e+04	0.000000000000000000e+00	0.000000000000000000e+00	1.788384655293435432e-01	0.000000000000000000e+00
-2.996347999999999956e+04	0.000000000000000000e+00	0.000000000000000000e+00	1.657155064546647627e-01	0.000000000000000000e+00
-2.996345999999999913e+04	0.000000000000000000e+00	0.000000000000000000e+00	1.657155064546647627e-01	0.000000000000000000e+00
-2.996341999999999825e+04	0.000000000000000000e+00	0.000000000000000000e+00	1.638843958861049277e-01	0.000000000000000000e+00
-2.996340000000000146e+04	0.000000000000000000e+00	0.000000000000000000e+00	1.721243934446241575e-01	0.000000000000000000e+00
-2.996338999999999942e+04	0.000000000000000000e+00	0.000000000000000000e+00	1.580858790856654594e-01	0.000000000000000000e+00
-2.996336999999999898e+04	0.000000000000000000e+00	0.000000000000000000e+00	1.507614368114261194e-01	0.000000000000000000e+00
-2.996334000000000015e+04	0.000000000000000000e+00	0.000000000000000000e+00	1.605273598437452209e-01	0.000000000000000000e+00
-2.996329999999999927e+04	0.000000000000000000e+00	0.000000000000000000e+00	1.608325449385052119e-01	0.000000000000000000e+00
-2.996327999999999884e+04	0.000000000000000000e+00	0.000000000000000000e+00	1.556443983275856702e-01	0.000000000000000000e+00
-2.996325000000000000e+04	0.000000000000000000e+00	0.000000000000000000e+00	1.550340281380657437e-01	0.000000000000000000e+00
-2.996322999999999956e+04	0.000000000000000000e+00	0.000000000000000000e+00	1.562547685171056244e-01	0.000000000000000000e+00
-2.996320000000000073e+04	0.000000000000000000e+00	0.000000000000000000e+00	1.586962492751854137e-01	0.000000000000000000e+00
-2.996318000000000029e+04	0.000000000000000000e+00	0.000000000000000000e+00	1.623584704123050559e-01	0.000000000000000000e+00
-2.996315999999999985e+04	0.000000000000000000e+00	0.000000000000000000e+00	1.550340281380657437e-01	0.000000000000000000e+00
-2.996313000000000102e+04	0.000000000000000000e+00	0.000000000000000000e+00	1.532029175695059087e-01	0.000000000000000000e+00
-2.996309999999999854e+04	0.000000000000000000e+00	0.000000000000000000e+00	1.516769920957060369e-01	0.000000000000000000e+00
-2.996306999999999971e+04	0.000000000000000000e+00	0.000000000000000000e+00	1.577806939909054962e-01	0.000000000000000000e+00
-2.996306000000000131e+04	0.000000000000000000e+00	0.000000000000000000e+00	1.568651387066255787e-01	0.000000000000000000e+00
-2.996304999999999927e+04	0.000000000000000000e+00	0.000000000000000000e+00	1.596118045594653034e-01	0.000000000000000000e+00
-2.996302999999999884e+04	0.000000000000000000e+00	0.000000000000000000e+00	1.559495834223456612e-01	0.000000000000000000e+00
-2.996300999999999840e+04	0.000000000000000000e+00	0.000000000000000000e+00	1.492355113376262754e-01	0.000000000000000000e+00
-2.996297999999999956e+04	0.000000000000000000e+00	0.000000000000000000e+00	1.586962492751854137e-01	0.000000000000000000e+00
-2.996295999999999913e+04	0.000000000000000000e+00	0.000000000000000000e+00	1.602221747489852577e-01	0.000000000000000000e+00
-2.996293999999999869e+04	0.000000000000000000e+00	0.000000000000000000e+00	1.593066194647053402e-01	0.000000000000000000e+00
-2.996291999999999825e+04	0.000000000000000000e+00	0.000000000000000000e+00	1.522873622852259912e-01	0.000000000000000000e+00
-2.996290000000000146e+04	0.000000000000000000e+00	0.000000000000000000e+00	1.522873622852259912e-01	0.000000000000000000e+00
-2.996286999999999898e+04	0.000000000000000000e+00	0.000000000000000000e+00	1.532029175695059087e-01	0.000000000000000000e+00
-2.996284999999999854e+04	0.000000000000000000e+00	0.000000000000000000e+00	1.452681051057466421e-01	0.000000000000000000e+00
-2.996283000000000175e+04	0.000000000000000000e+00	0.000000000000000000e+00	1.458784752952665686e-01	0.000000000000000000e+00
-2.996281000000000131e+04	0.000000000000000000e+00	0.000000000000000000e+00	1.464888454847865229e-01	0.000000000000000000e+00
-2.996279000000000087e+04	0.000000000000000000e+00	0.000000000000000000e+00	1.428266243476668529e-01	0.000000000000000000e+00
-2.996275999999999840e+04	0.000000000000000000e+00	0.000000000000000000e+00	1.440473647267067614e-01	0.000000000000000000e+00
-2.996274000000000160e+04	0.000000000000000000e+00	0.000000000000000000e+00	1.388592181157872196e-01	0.000000000000000000e+00
-2.996270999999999913e+04	0.000000000000000000e+00	0.000000000000000000e+00	1.376384777367473389e-01	0.000000000000000000e+00
-2.996268999999999869e+04	0.000000000000000000e+00	0.000000000000000000e+00	1.416058839686269721e-01	0.000000000000000000e+00
-2.996265999999999985e+04	0.000000000000000000e+00	0.000000000000000000e+00	1.351969969786675496e-01	0.000000000000000000e+00
-2.996263999999999942e+04	0.000000000000000000e+00	0.000000000000000000e+00	1.324503311258278249e-01	0.000000000000000000e+00
-2.996261999999999898e+04	0.000000000000000000e+00	0.000000000000000000e+00	1.361125522629474671e-01	0.000000000000000000e+00
-2.996259000000000015e+04	0.000000000000000000e+00	0.000000000000000000e+00	1.416058839686269721e-01	0.000000000000000000e+00
-2.996254999999999927e+04	0.000000000000000000e+00	0.000000000000000000e+00	1.181066316721091358e-01	0.000000000000000000e+00
-2.996252000000000044e+04	0.000000000000000000e+00	0.000000000000000000e+00	1.293984801782281091e-01	0.000000000000000000e+00
-2.996250000000000000e+04	0.000000000000000000e+00	0.000000000000000000e+00	1.397747734000671371e-01	0.000000000000000000e+00
-2.996247999999999956e+04	0.000000000000000000e+00	0.000000000000000000e+00	1.342814416943876599e-01	0.000000000000000000e+00
-2.996245999999999913e+04	0.000000000000000000e+00	0.000000000000000000e+00	1.336710715048677056e-01	0.000000000000000000e+00
-2.996243000000000029e+04	0.000000000000000000e+00	0.000000000000000000e+00	1.272621845149082831e-01	0.000000000000000000e+00
-2.996240000000000146e+04	0.000000000000000000e+00	0.000000000000000000e+00	1.269569994201483198e-01	0.000000000000000000e+00
-2.996238000000000102e+04	0.000000000000000000e+00	0.000000000000000000e+00	1.245155186620685445e-01	0.000000000000000000e+00
-2.996236999999999898e+04	0.000000000000000000e+00	0.000000000000000000e+00	1.303140354625079989e-01	0.000000000000000000e+00
-2.996234000000000015e+04	0.000000000000000000e+00	0.000000000000000000e+00	1.281777397991882006e-01	0.000000000000000000e+00
-2.996231999999999971e+04	0.000000000000000000e+00	0.000000000000000000e+00	1.327555162205877881e-01	0.000000000000000000e+00
-2.996229000000000087e+04	0.000000000000000000e+00	0.000000000000000000e+00	1.229895931882686866e-01	0.000000000000000000e+00
-2.996225999999999840e+04	0.000000000000000000e+00	0.000000000000000000e+00	1.281777397991882006e-01	0.000000000000000000e+00
-2.996222999999999956e+04	0.000000000000000000e+00	0.000000000000000000e+00	1.254310739463484481e-01	0.000000000000000000e+00
-2.996220000000000073e+04	0.000000000000000000e+00	0.000000000000000000e+00	1.229895931882686866e-01	0.000000000000000000e+00
-2.996216999999999825e+04	0.000000000000000000e+00	0.000000000000000000e+00	1.318399609363078706e-01	0.000000000000000000e+00
-2.996213999999999942e+04	0.000000000000000000e+00	0.000000000000000000e+00	1.278725547044282373e-01	0.000000000000000000e+00
-2.996211999999999898e+04	0.000000000000000000e+00	0.000000000000000000e+00	1.223792229987487462e-01	0.000000000000000000e+00
-2.996209000000000015e+04	0.000000000000000000e+00	0.000000000000000000e+00	1.287881099887081549e-01	0.000000000000000000e+00
-2.996206999999999971e+04	0.000000000000000000e+00	0.000000000000000000e+00	1.287881099887081549e-01	0.000000000000000000e+00
-2.996204000000000087e+04	0.000000000000000000e+00	0.000000000000000000e+00	1.232947782830286637e-01	0.000000000000000000e+00
-2.996202000000000044e+04	0.000000000000000000e+00	0.000000000000000000e+00	1.266518143253883566e-01	0.000000000000000000e+00
-2.996200000000000000e+04	0.000000000000000000e+00	0.000000000000000000e+00	1.223792229987487462e-01	0.000000000000000000e+00
-2.996197000000000116e+04	0.000000000000000000e+00	0.000000000000000000e+00	1.266518143253883566e-01	0.000000000000000000e+00
-2.996195000000000073e+04	0.000000000000000000e+00	0.000000000000000000e+00	1.205481124301889112e-01	0.000000000000000000e+00
-2.996193000000000029e+04	0.000000000000000000e+00	0.000000000000000000e+00	1.199377422406689708e-01	0.000000000000000000e+00
-2.996191999999999825e+04	0.000000000000000000e+00	0.000000000000000000e+00	1.171910763878292183e-01	0.000000000000000000e+00
-2.996188999999999942e+04	0.000000000000000000e+00	0.000000000000000000e+00	1.242103335673085673e-01	0.000000000000000000e+00
-2.996186999999999898e+04	0.000000000000000000e+00	0.000000000000000000e+00	1.110873744926297868e-01	0.000000000000000000e+00
-2.996184999999999854e+04	0.000000000000000000e+00	0.000000000000000000e+00	1.141392254402295026e-01	0.000000000000000000e+00
-2.996183000000000175e+04	0.000000000000000000e+00	0.000000000000000000e+00	1.138340403454695254e-01	0.000000000000000000e+00
-2.996181000000000131e+04	0.000000000000000000e+00	0.000000000000000000e+00	1.156651509140293604e-01	0.000000000000000000e+00
-2.996179000000000087e+04	0.000000000000000000e+00	0.000000000000000000e+00	1.181066316721091358e-01	0.000000000000000000e+00
-2.996177000000000044e+04	0.000000000000000000e+00	0.000000000000000000e+00	1.068147831659901764e-01	0.000000000000000000e+00
-2.996174000000000160e+04	0.000000000000000000e+00	0.000000000000000000e+00	1.086458937345500114e-01	0.000000000000000000e+00
-2.996170999999999913e+04	0.000000000000000000e+00	0.000000000000000000e+00	1.040681173131504239e-01	0.000000000000000000e+00
-2.996168999999999869e+04	0.000000000000000000e+00	0.000000000000000000e+00	1.126132999664296447e-01	0.000000000000000000e+00
-2.996166999999999825e+04	0.000000000000000000e+00	0.000000000000000000e+00	1.184118167668691129e-01	0.000000000000000000e+00
-2.996163999999999942e+04	0.000000000000000000e+00	0.000000000000000000e+00	1.165807061983092779e-01	0.000000000000000000e+00
-2.996159999999999854e+04	0.000000000000000000e+00	0.000000000000000000e+00	1.202429273354289341e-01	0.000000000000000000e+00
-2.996156999999999971e+04	0.000000000000000000e+00	0.000000000000000000e+00	1.193273720511490166e-01	0.000000000000000000e+00
-2.996154999999999927e+04	0.000000000000000000e+00	0.000000000000000000e+00	1.202429273354289341e-01	0.000000000000000000e+00
-2.996152000000000044e+04	0.000000000000000000e+00	0.000000000000000000e+00	1.147495956297494429e-01	0.000000000000000000e+00
-2.996149000000000160e+04	0.000000000000000000e+00	0.000000000000000000e+00	1.147495956297494429e-01	0.000000000000000000e+00
-2.996147999999999956e+04	0.000000000000000000e+00	0.000000000000000000e+00	1.101718192083498693e-01	0.000000000000000000e+00
-2.996145999999999913e+04	0.000000000000000000e+00	0.000000000000000000e+00	1.092562639240699518e-01	0.000000000000000000e+00
-2.996143000000000029e+04	0.000000000000000000e+00	0.000000000000000000e+00	1.052888576921903185e-01	0.000000000000000000e+00
-2.996140999999999985e+04	0.000000000000000000e+00	0.000000000000000000e+00	1.068147831659901764e-01	0.000000000000000000e+00
-2.996138000000000102e+04	0.000000000000000000e+00	0.000000000000000000e+00	9.887997070223090990e-02	0.000000000000000000e+00
-2.996134999999999854e+04	0.000000000000000000e+00	0.000000000000000000e+00	1.080355235450300572e-01	0.000000000000000000e+00
-2.996131999999999971e+04	0.000000000000000000e+00	0.000000000000000000e+00	1.019318216498306257e-01	0.000000000000000000e+00
-2.996129999999999927e+04	0.000000000000000000e+00	0.000000000000000000e+00	1.043733024079104010e-01	0.000000000000000000e+00
-2.996127000000000044e+04	0.000000000000000000e+00	0.000000000000000000e+00	1.254310739463484481e-01	0.000000000000000000e+00
-2.996124000000000160e+04	0.000000000000000000e+00	0.000000000000000000e+00	9.979552598651081352e-02	0.000000000000000000e+00
-2.996122000000000116e+04	0.000000000000000000e+00	0.000000000000000000e+00	9.674367503891109776e-02	0.000000000000000000e+00
-2.996120000000000073e+04	0.000000000000000000e+00	0.000000000000000000e+00	9.887997070223090990e-02	0.000000000000000000e+00
-2.996118000000000029e+04	0.000000000000000000e+00	0.000000000000000000e+00	9.857478560747093277e-02	0.000000000000000000e+00
-2.996115999999999985e+04	0.000000000000000000e+00	0.000000000000000000e+00	9.765923032319101527e-02	0.000000000000000000e+00
