# Profile: 024
# Date: 2026-08-03 14:00:55
# Center X: -24954.770 um
# Center Z: -29982.810 um
# Scan axis: x2
# Profile axis: z2
# Profile range: 50 um
# Profile speed: 25 um/s
# 
# main_position	sub1_position	sub2_position	signal1	signal2
0.000000000000000000e+00	0.000000000000000000e+00	0.000000000000000000e+00	0.000000000000000000e+00	0.000000000000000000e+00
0.000000000000000000e+00	0.000000000000000000e+00	0.000000000000000000e+00	0.000000000000000000e+00	0.000000000000000000e+00
0.000000000000000000e+00	0.000000000000000000e+00	0.000000000000000000e+00	0.000000000000000000e+00	0.000000000000000000e+00
0.000000000000000000e+00	0.000000000000000000e+00	0.000000000000000000e+00	0.000000000000000000e+00	0.000000000000000000e+00
0.000000000000000000e+00	0.000000000000000000e+00	0.000000000000000000e+00	0.000000000000000000e+00	0.000000000000000000e+00
0.000000000000000000e+00	0.000000000000000000e+00	0.000000000000000000e+00	0.000000000000000000e+00	0.000000000000000000e+00
0.000000000000000000e+00	0.000000000000000000e+00	0.000000000000000000e+00	0.000000000000000000e+00	0.000000000000000000e+00
0.000000000000000000e+00	0.000000000000000000e+00	0.000000000000000000e+00	0.000000000000000000e+00	0.000000000000000000e+00
0.000000000000000000e+00	0.000000000000000000e+00	0.000000000000000000e+00	0.000000000000000000e+00	0.000000000000000000e+00
0.000000000000000000e+00	0.000000000000000000e+00	0.000000000000000000e+00	0.000000000000000000e+00	0.000000000000000000e+00
0.000000000000000000e+00	0.000000000000000000e+00	0.000000000000000000e+00	0.000000000000000000e+00	0.000000000000000000e+00
0.000000000000000000e+00	0.000000000000000000e+00	0.000000000000000000e+00	0.000000000000000000e+00	0.000000000000000000e+00
0.000000000000000000e+00	0.000000000000000000e+00	0.000000000000000000e+00	0.000000000000000000e+00	0.000000000000000000e+00
0.000000000000000000e+00	0.000000000000000000e+00	0.000000000000000000e+00	0.000000000000000000e+00	0.000000000000000000e+00
0.000000000000000000e+00	0.000000000000000000e+00	0.000000000000000000e+00	0.000000000000000000e+00	0.000000000000000000e+00
0.000000000000000000e+00	0.000000000000000000e+00	0.000000000000000000e+00	0.000000000000000000e+00	0.000000000000000000e+00
0.000000000000000000e+00	0.000000000000000000e+00	0.000000000000000000e+00	0.000000000000000000e+00	0.000000000000000000e+00
0.000000000000000000e+00	0.000000000000000000e+00	0.000000000000000000e+00	0.000000000000000000e+00	0.000000000000000000e+00
0.000000000000000000e+00	0.000000000000000000e+00	0.000000000000000000e+00	0.000000000000000000e+00	0.000000000000000000e+00
0.000000000000000000e+00	0.000000000000000000e+00	0.000000000000000000e+00	0.000000000000000000e+00	0.000000000000000000e+00
0.000000000000000000e+00	0.000000000000000000e+00	0.000000000000000000e+00	0.000000000000000000e+00	0.000000000000000000e+00
0.000000000000000000e+00	0.000000000000000000e+00	0.000000000000000000e+00	0.000000000000000000e+00	0.000000000000000000e+00
0.000000000000000000e+00	0.000000000000000000e+00	0.000000000000000000e+00	0.000000000000000000e+00	0.000000000000000000e+00
0.000000000000000000e+00	0.000000000000000000e+00	0.000000000000000000e+00	0.000000000000000000e+00	0.000000000000000000e+00
0.000000000000000000e+00	0.000000000000000000e+00	0.000000000000000000e+00	0.000000000000000000e+00	0.000000000000000000e+00
0.000000000000000000e+00	0.000000000000000000e+00	0.000000000000000000e+00	0.000000000000000000e+00	0.000000000000000000e+00
0.000000000000000000e+00	0.000000000000000000e+00	0.000000000000000000e+00	0.000000000000000000e+00	0.000000000000000000e+00
0.000000000000000000e+00	0.000000000000000000e+00	0.000000000000000000e+00	0.000000000000000000e+00	0.000000000000000000e+00
0.000000000000000000e+00	0.000000000000000000e+00	0.000000000000000000e+00	0.000000000000000000e+00	0.000000000000000000e+00
0.000000000000000000e+00	0.000000000000000000e+00	0.000000000000000000e+00	0.000000000000000000e+00	0.000000000000000000e+00
0.000000000000000000e+00	0.000000000000000000e+00	0.000000000000000000e+00	0.000000000000000000e+00	0.000000000000000000e+00
0.000000000000000000e+00	0.000000000000000000e+00	0.000000000000000000e+00	0.000000000000000000e+00	0.000000000000000000e+00
0.000000000000000000e+00	0.000000000000000000e+00	0.000000000000000000e+00	0.000000000000000000e+00	0.000000000000000000e+00
0.000000000000000000e+00	0.000000000000000000e+00	0.000000000000000000e+00	0.000000000000000000e+00	0.000000000000000000e+00
0.000000000000000000e+00	0.000000000000000000e+00	0.000000000000000000e+00	0.000000000000000000e+00	0.000000000000000000e+00
0.000000000000000000e+00	0.000000000000000000e+00	0.000000000000000000e+00	0.000000000000000000e+00	0.000000000000000000e+00
0.000000000000000000e+00	0.000000000000000000e+00	0.000000000000000000e+00	0.000000000000000000e+00	0.000000000000000000e+00
0.000000000000000000e+00	0.000000000000000000e+00	0.000000000000000000e+00	0.000000000000000000e+00	0.000000000000000000e+00
0.000000000000000000e+00	0.000000000000000000e+00	0.000000000000000000e+00	0.000000000000000000e+00	0.000000000000000000e+00
0.000000000000000000e+00	0.000000000000000000e+00	0.000000000000000000e+00	0.000000000000000000e+00	0.000000000000000000e+00
0.000000000000000000e+00	0.000000000000000000e+00	0.000000000000000000e+00	0.000000000000000000e+00	0.000000000000000000e+00
0.000000000000000000e+00	0.000000000000000000e+00	0.000000000000000000e+00	0.000000000000000000e+00	0.000000000000000000e+00
0.000000000000000000e+00	0.000000000000000000e+00	0.000000000000000000e+00	0.000000000000000000e+00	0.000000000000000000e+00
0.000000000000000000e+00	0.000000000000000000e+00	0.000000000000000000e+00	0.000000000000000000e+00	0.000000000000000000e+00
0.000000000000000000e+00	0.000000000000000000e+00	0.000000000000000000e+00	0.000000000000000000e+00	0.000000000000000000e+00
0.000000000000000000e+00	0.000000000000000000e+00	0.000000000000000000e+00	0.000000000000000000e+00	0.000000000000000000e+00
0.000000000000000000e+00	0.000000000000000000e+00	0.000000000000000000e+00	0.000000000000000000e+00	0.000000000000000000e+00
0.000000000000000000e+00	0.000000000000000000e+00	0.000000000000000000e+00	0.000000000000000000e+00	0.000000000000000000e+00
0.000000000000000000e+00	0.000000000000000000e+00	0.000000000000000000e+00	0.000000000000000000e+00	0.000000000000000000e+00
0.000000000000000000e+00	0.000000000000000000e+00	0.000000000000000000e+00	0.000000000000000000e+00	0.000000000000000000e+00
0.000000000000000000e+00	0.000000000000000000e+00	0.000000000000000000e+00	0.000000000000000000e+00	0.000000000000000000e+00
0.000000000000000000e+00	0.000000000000000000e+00	0.000000000000000000e+00	0.000000000000000000e+00	0.000000000000000000e+00
0.000000000000000000e+00	0.000000000000000000e+00	0.000000000000000000e+00	0.000000000000000000e+00	0.000000000000000000e+00
0.000000000000000000e+00	0.000000000000000000e+00	0.000000000000000000e+00	0.000000000000000000e+00	0.000000000000000000e+00
0.000000000000000000e+00	0.000000000000000000e+00	0.000000000000000000e+00	0.000000000000000000e+00	0.000000000000000000e+00
0.000000000000000000e+00	0.000000000000000000e+00	0.000000000000000000e+00	0.000000000000000000e+00	0.000000000000000000e+00
0.000000000000000000e+00	0.000000000000000000e+00	0.000000000000000000e+00	0.000000000000000000e+00	0.000000000000000000e+00
0.000000000000000000e+00	0.000000000000000000e+00	0.000000000000000000e+00	0.000000000000000000e+00	0.000000000000000000e+00
0.000000000000000000e+00	0.000000000000000000e+00	0.000000000000000000e+00	0.000000000000000000e+00	0.000000000000000000e+00
0.000000000000000000e+00	0.000000000000000000e+00	0.000000000000000000e+00	0.000000000000000000e+00	0.000000000000000000e+00
0.000000000000000000e+00	0.000000000000000000e+00	0.000000000000000000e+00	0.000000000000000000e+00	0.000000000000000000e+00
0.000000000000000000e+00	0.000000000000000000e+00	0.000000000000000000e+00	0.000000000000000000e+00	0.000000000000000000e+00
0.000000000000000000e+00	0.000000000000000000e+00	0.000000000000000000e+00	0.000000000000000000e+00	0.000000000000000000e+00
0.000000000000000000e+00	0.000000000000000000e+00	0.000000000000000000e+00	0.000000000000000000e+00	0.000000000000000000e+00
0.000000000000000000e+00	0.000000000000000000e+00	0.000000000000000000e+00	0.000000000000000000e+00	0.000000000000000000e+00
0.000000000000000000e+00	0.000000000000000000e+00	0.000000000000000000e+00	0.000000000000000000e+00	0.000000000000000000e+00
0.000000000000000000e+00	0.000000000000000000e+00	0.000000000000000000e+00	0.000000000000000000e+00	0.000000000000000000e+00
0.000000000000000000e+00	0.000000000000000000e+00	0.000000000000000000e+00	0.000000000000000000e+00	0.000000000000000000e+00
0.000000000000000000e+00	0.000000000000000000e+00	0.000000000000000000e+00	0.000000000000000000e+00	0.000000000000000000e+00
0.000000000000000000e+00	0.000000000000000000e+00	0.000000000000000000e+00	0.000000000000000000e+00	0.000000000000000000e+00
0.000000000000000000e+00	0.000000000000000000e+00	0.000000000000000000e+00	0.000000000000000000e+00	0.000000000000000000e+00
0.000000000000000000e+00	0.000000000000000000e+00	0.000000000000000000e+00	0.000000000000000000e+00	0.000000000000000000e+00
0.000000000000000000e+00	0.000000000000000000e+00	0.000000000000000000e+00	0.000000000000000000e+00	0.000000000000000000e+00
0.000000000000000000e+00	0.000000000000000000e+00	0.000000000000000000e+00	0.000000000000000000e+00	0.000000000000000000e+00
0.000000000000000000e+00	0.000000000000000000e+00	0.000000000000000000e+00	0.000000000000000000e+00	0.000000000000000000e+00
0.000000000000000000e+00	0.000000000000000000e+00	0.000000000000000000e+00	0.000000000000000000e+00	0.000000000000000000e+00
0.000000000000000000e+00	0.000000000000000000e+00	0.000000000000000000e+00	0.000000000000000000e+00	0.000000000000000000e+00
0.000000000000000000e+00	0.000000000000000000e+00	0.000000000000000000e+00	0.000000000000000000e+00	0.000000000000000000e+00
0.000000000000000000e+00	0.000000000000000000e+00	0.000000000000000000e+00	0.000000000000000000e+00	0.000000000000000000e+00
0.000000000000000000e+00	0.000000000000000000e+00	0.000000000000000000e+00	0.000000000000000000e+00	0.000000000000000000e+00
0.000000000000000000e+00	0.000000000000000000e+00	0.000000000000000000e+00	0.000000000000000000e+00	0.000000000000000000e+00
0.000000000000000000e+00	0.000000000000000000e+00	0.000000000000000000e+00	0.000000000000000000e+00	0.000000000000000000e+00
0.000000000000000000e+00	0.000000000000000000e+00	0.000000000000000000e+00	0.000000000000000000e+00	0.000000000000000000e+00
0.000000000000000000e+00	0.000000000000000000e+00	0.000000000000000000e+00	0.000000000000000000e+00	0.000000000000000000e+00
0.000000000000000000e+00	0.000000000000000000e+00	0.000000000000000000e+00	0.000000000000000000e+00	0.000000000000000000e+00
0.000000000000000000e+00	0.000000000000000000e+00	0.000000000000000000e+00	0.000000000000000000e+00	0.000000000000000000e+00
0.000000000000000000e+00	0.000000000000000000e+00	0.000000000000000000e+00	0.000000000000000000e+00	0.000000000000000000e+00
0.000000000000000000e+00	0.000000000000000000e+00	0.000000000000000000e+00	0.000000000000000000e+00	0.000000000000000000e+00
0.000000000000000000e+00	0.000000000000000000e+00	0.000000000000000000e+00	0.000000000000000000e+00	0.000000000000000000e+00
0.000000000000000000e+00	0.000000000000000000e+00	0.000000000000000000e+00	0.000000000000000000e+00	0.000000000000000000e+00
0.000000000000000000e+00	0.000000000000000000e+00	0.000000000000000000e+00	0.000000000000000000e+00	0.000000000000000000e+00
0.000000000000000000e+00	0.000000000000000000e+00	0.000000000000000000e+00	0.000000000000000000e+00	0.000000000000000000e+00
0.000000000000000000e+00	0.000000000000000000e+00	0.000000000000000000e+00	0.000000000000000000e+00	0.000000000000000000e+00
0.000000000000000000e+00	0.000000000000000000e+00	0.000000000000000000e+00	0.000000000000000000e+00	0.000000000000000000e+00
0.000000000000000000e+00	0.000000000000000000e+00	0.000000000000000000e+00	0.000000000000000000e+00	0.000000000000000000e+00
0.000000000000000000e+00	0.000000000000000000e+00	0.000000000000000000e+00	0.000000000000000000e+00	0.000000000000000000e+00
0.000000000000000000e+00	0.000000000000000000e+00	0.000000000000000000e+00	0.000000000000000000e+00	0.000000000000000000e+00
0.000000000000000000e+00	0.000000000000000000e+00	0.000000000000000000e+00	0.000000000000000000e+00	0.000000000000000000e+00
0.000000000000000000e+00	0.000000000000000000e+00	0.000000000000000000e+00	0.000000000000000000e+00	0.000000000000000000e+00
0.000000000000000000e+00	0.000000000000000000e+00	0.000000000000000000e+00	0.000000000000000000e+00	0.000000000000000000e+00
0.000000000000000000e+00	0.000000000000000000e+00	0.000000000000000000e+00	0.000000000000000000e+00	0.000000000000000000e+00
0.000000000000000000e+00	0.000000000000000000e+00	0.000000000000000000e+00	0.000000000000000000e+00	0.000000000000000000e+00
0.000000000000000000e+00	0.000000000000000000e+00	0.000000000000000000e+00	0.000000000000000000e+00	0.000000000000000000e+00
0.000000000000000000e+00	0.000000000000000000e+00	0.000000000000000000e+00	0.000000000000000000e+00	0.000000000000000000e+00
0.000000000000000000e+00	0.000000000000000000e+00	0.000000000000000000e+00	0.000000000000000000e+00	0.000000000000000000e+00
0.000000000000000000e+00	0.000000000000000000e+00	0.000000000000000000e+00	0.000000000000000000e+00	0.000000000000000000e+00
0.000000000000000000e+00	0.000000000000000000e+00	0.000000000000000000e+00	0.000000000000000000e+00	0.000000000000000000e+00
0.000000000000000000e+00	0.000000000000000000e+00	0.000000000000000000e+00	0.000000000000000000e+00	0.000000000000000000e+00
0.000000000000000000e+00	0.000000000000000000e+00	0.000000000000000000e+00	0.000000000000000000e+00	0.000000000000000000e+00
0.000000000000000000e+00	0.000000000000000000e+00	0.000000000000000000e+00	0.000000000000000000e+00	0.000000000000000000e+00
0.000000000000000000e+00	0.000000000000000000e+00	0.000000000000000000e+00	0.000000000000000000e+00	0.000000000000000000e+00
0.000000000000000000e+00	0.000000000000000000e+00	0.000000000000000000e+00	0.000000000000000000e+00	0.000000000000000000e+00
0.000000000000000000e+00	0.000000000000000000e+00	0.000000000000000000e+00	0.000000000000000000e+00	0.000000000000000000e+00
0.000000000000000000e+00	0.000000000000000000e+00	0.000000000000000000e+00	0.000000000000000000e+00	0.000000000000000000e+00
0.000000000000000000e+00	0.000000000000000000e+00	0.000000000000000000e+00	0.000000000000000000e+00	0.000000000000000000e+00
0.000000000000000000e+00	0.000000000000000000e+00	0.000000000000000000e+00	0.000000000000000000e+00	0.000000000000000000e+00
0.000000000000000000e+00	0.000000000000000000e+00	0.000000000000000000e+00	0.000000000000000000e+00	0.000000000000000000e+00
0.000000000000000000e+00	0.000000000000000000e+00	0.000000000000000000e+00	0.000000000000000000e+00	0.000000000000000000e+00
0.000000000000000000e+00	0.000000000000000000e+00	0.000000000000000000e+00	0.000000000000000000e+00	0.000000000000000000e+00
0.000000000000000000e+00	0.000000000000000000e+00	0.000000000000000000e+00	0.000000000000000000e+00	0.000000000000000000e+00
0.000000000000000000e+00	0.000000000000000000e+00	0.000000000000000000e+00	0.000000000000000000e+00	0.000000000000000000e+00
0.000000000000000000e+00	0.000000000000000000e+00	0.000000000000000000e+00	0.000000000000000000e+00	0.000000000000000000e+00
0.000000000000000000e+00	0.000000000000000000e+00	0.000000000000000000e+00	0.000000000000000000e+00	0.000000000000000000e+00
0.000000000000000000e+00	0.000000000000000000e+00	0.000000000000000000e+00	0.000000000000000000e+00	0.000000000000000000e+00
0.000000000000000000e+00	0.000000000000000000e+00	0.000000000000000000e+00	0.000000000000000000e+00	0.000000000000000000e+00
0.000000000000000000e+00	0.000000000000000000e+00	0.000000000000000000e+00	0.000000000000000000e+00	0.000000000000000000e+00
0.000000000000000000e+00	0.000000000000000000e+00	0.000000000000000000e+00	0.000000000000000000e+00	0.000000000000000000e+00
0.000000000000000000e+00	0.000000000000000000e+00	0.000000000000000000e+00	0.000000000000000000e+00	0.000000000000000000e+00
0.000000000000000000e+00	0.000000000000000000e+00	0.000000000000000000e+00	0.000000000000000000e+00	0.000000000000000000e+00
0.000000000000000000e+00	0.000000000000000000e+00	0.000000000000000000e+00	0.000000000000000000e+00	0.000000000000000000e+00
0.000000000000000000e+00	0.000000000000000000e+00	0.000000000000000000e+00	0.000000000000000000e+00	0.000000000000000000e+00
0.000000000000000000e+00	0.000000000000000000e+00	0.000000000000000000e+00	0.000000000000000000e+00	0.000000000000000000e+00
0.000000000000000000e+00	0.000000000000000000e+00	0.000000000000000000e+00	0.000000000000000000e+00	0.000000000000000000e+00
0.000000000000000000e+00	0.000000000000000000e+00	0.000000000000000000e+00	0.000000000000000000e+00	0.000000000000000000e+00
0.000000000000000000e+00	0.000000000000000000e+00	0.000000000000000000e+00	0.000000000000000000e+00	0.000000000000000000e+00
0.000000000000000000e+00	0.000000000000000000e+00	0.000000000000000000e+00	0.000000000000000000e+00	0.000000000000000000e+00
0.000000000000000000e+00	0.000000000000000000e+00	0.000000000000000000e+00	0.000000000000000000e+00	0.000000000000000000e+00
0.000000000000000000e+00	0.000000000000000000e+00	0.000000000000000000e+00	0.000000000000000000e+00	0.000000000000000000e+00
0.000000000000000000e+00	0.000000000000000000e+00	0.000000000000000000e+00	0.000000000000000000e+00	0.000000000000000000e+00
0.000000000000000000e+00	0.000000000000000000e+00	0.000000000000000000e+00	0.000000000000000000e+00	0.000000000000000000e+00
0.000000000000000000e+00	0.000000000000000000e+00	0.000000000000000000e+00	0.000000000000000000e+00	0.000000000000000000e+00
0.000000000000000000e+00	0.000000000000000000e+00	0.000000000000000000e+00	0.000000000000000000e+00	0.000000000000000000e+00
0.000000000000000000e+00	0.000000000000000000e+00	0.000000000000000000e+00	0.000000000000000000e+00	0.000000000000000000e+00
0.000000000000000000e+00	0.000000000000000000e+00	0.000000000000000000e+00	0.000000000000000000e+00	0.000000000000000000e+00
0.000000000000000000e+00	0.000000000000000000e+00	0.000000000000000000e+00	0.000000000000000000e+00	0.000000000000000000e+00
0.000000000000000000e+00	0.000000000000000000e+00	0.000000000000000000e+00	0.000000000000000000e+00	0.000000000000000000e+00
0.000000000000000000e+00	0.000000000000000000e+00	0.000000000000000000e+00	0.000000000000000000e+00	0.000000000000000000e+00
0.000000000000000000e+00	0.000000000000000000e+00	0.000000000000000000e+00	0.000000000000000000e+00	0.000000000000000000e+00
0.000000000000000000e+00	0.000000000000000000e+00	0.000000000000000000e+00	0.000000000000000000e+00	0.000000000000000000e+00
0.000000000000000000e+00	0.000000000000000000e+00	0.000000000000000000e+00	0.000000000000000000e+00	0.000000000000000000e+00
0.000000000000000000e+00	0.000000000000000000e+00	0.000000000000000000e+00	0.000000000000000000e+00	0.000000000000000000e+00
0.000000000000000000e+00	0.000000000000000000e+00	0.000000000000000000e+00	0.000000000000000000e+00	0.000000000000000000e+00
0.000000000000000000e+00	0.000000000000000000e+00	0.000000000000000000e+00	0.000000000000000000e+00	0.000000000000000000e+00
0.000000000000000000e+00	0.000000000000000000e+00	0.000000000000000000e+00	0.000000000000000000e+00	0.000000000000000000e+00
0.000000000000000000e+00	0.000000000000000000e+00	0.000000000000000000e+00	0.000000000000000000e+00	0.000000000000000000e+00
0.000000000000000000e+00	0.000000000000000000e+00	0.000000000000000000e+00	0.000000000000000000e+00	0.000000000000000000e+00
0.000000000000000000e+00	0.000000000000000000e+00	0.000000000000000000e+00	0.000000000000000000e+00	0.000000000000000000e+00
0.000000000000000000e+00	0.000000000000000000e+00	0.000000000000000000e+00	0.000000000000000000e+00	0.000000000000000000e+00
0.000000000000000000e+00	0.000000000000000000e+00	0.000000000000000000e+00	0.000000000000000000e+00	0.000000000000000000e+00
0.000000000000000000e+00	0.000000000000000000e+00	0.000000000000000000e+00	0.000000000000000000e+00	0.000000000000000000e+00
0.000000000000000000e+00	0.000000000000000000e+00	0.000000000000000000e+00	0.000000000000000000e+00	0.000000000000000000e+00
0.000000000000000000e+00	0.000000000000000000e+00	0.000000000000000000e+00	0.000000000000000000e+00	0.000000000000000000e+00
0.000000000000000000e+00	0.000000000000000000e+00	0.000000000000000000e+00	0.000000000000000000e+00	0.000000000000000000e+00
0.000000000000000000e+00	0.000000000000000000e+00	0.000000000000000000e+00	0.000000000000000000e+00	0.000000000000000000e+00
0.000000000000000000e+00	0.000000000000000000e+00	0.000000000000000000e+00	0.000000000000000000e+00	0.000000000000000000e+00
0.000000000000000000e+00	0.000000000000000000e+00	0.000000000000000000e+00	0.000000000000000000e+00	0.000000000000000000e+00
0.000000000000000000e+00	0.000000000000000000e+00	0.000000000000000000e+00	0.000000000000000000e+00	0.000000000000000000e+00
0.000000000000000000e+00	0.000000000000000000e+00	0.000000000000000000e+00	0.000000000000000000e+00	0.000000000000000000e+00
0.000000000000000000e+00	0.000000000000000000e+00	0.000000000000000000e+00	0.000000000000000000e+00	0.000000000000000000e+00
0.000000000000000000e+00	0.000000000000000000e+00	0.000000000000000000e+00	0.000000000000000000e+00	0.000000000000000000e+00
0.000000000000000000e+00	0.000000000000000000e+00	0.000000000000000000e+00	0.000000000000000000e+00	0.000000000000000000e+00
0.000000000000000000e+00	0.000000000000000000e+00	0.000000000000000000e+00	0.000000000000000000e+00	0.000000000000000000e+00
0.000000000000000000e+00	0.000000000000000000e+00	0.000000000000000000e+00	0.000000000000000000e+00	0.000000000000000000e+00
0.000000000000000000e+00	0.000000000000000000e+00	0.000000000000000000e+00	0.000000000000000000e+00	0.000000000000000000e+00
0.000000000000000000e+00	0.000000000000000000e+00	0.000000000000000000e+00	0.000000000000000000e+00	0.000000000000000000e+00
0.000000000000000000e+00	0.000000000000000000e+00	0.000000000000000000e+00	0.000000000000000000e+00	0.000000000000000000e+00
0.000000000000000000e+00	0.000000000000000000e+00	0.000000000000000000e+00	0.000000000000000000e+00	0.000000000000000000e+00
0.000000000000000000e+00	0.000000000000000000e+00	0.000000000000000000e+00	0.000000000000000000e+00	0.000000000000000000e+00
0.000000000000000000e+00	0.000000000000000000e+00	0.000000000000000000e+00	0.000000000000000000e+00	0.000000000000000000e+00
0.000000000000000000e+00	0.000000000000000000e+00	0.000000000000000000e+00	0.000000000000000000e+00	0.000000000000000000e+00
0.000000000000000000e+00	0.000000000000000000e+00	0.000000000000000000e+00	0.000000000000000000e+00	0.000000000000000000e+00
0.000000000000000000e+00	0.000000000000000000e+00	0.000000000000000000e+00	0.000000000000000000e+00	0.000000000000000000e+00
0.000000000000000000e+00	0.000000000000000000e+00	0.000000000000000000e+00	0.000000000000000000e+00	0.000000000000000000e+00
0.000000000000000000e+00	0.000000000000000000e+00	0.000000000000000000e+00	0.000000000000000000e+00	0.000000000000000000e+00
0.000000000000000000e+00	0.000000000000000000e+00	0.000000000000000000e+00	0.000000000000000000e+00	0.000000000000000000e+00
0.000000000000000000e+00	0.000000000000000000e+00	0.000000000000000000e+00	0.000000000000000000e+00	0.000000000000000000e+00
0.000000000000000000e+00	0.000000000000000000e+00	0.000000000000000000e+00	0.000000000000000000e+00	0.000000000000000000e+00
0.000000000000000000e+00	0.000000000000000000e+00	0.000000000000000000e+00	0.000000000000000000e+00	0.000000000000000000e+00
0.000000000000000000e+00	0.000000000000000000e+00	0.000000000000000000e+00	0.000000000000000000e+00	0.000000000000000000e+00
0.000000000000000000e+00	0.000000000000000000e+00	0.000000000000000000e+00	0.000000000000000000e+00	0.000000000000000000e+00
0.000000000000000000e+00	0.000000000000000000e+00	0.000000000000000000e+00	0.000000000000000000e+00	0.000000000000000000e+00
0.000000000000000000e+00	0.000000000000000000e+00	0.000000000000000000e+00	0.000000000000000000e+00	0.000000000000000000e+00
0.000000000000000000e+00	0.000000000000000000e+00	0.000000000000000000e+00	0.000000000000000000e+00	0.000000000000000000e+00
0.000000000000000000e+00	0.000000000000000000e+00	0.000000000000000000e+00	0.000000000000000000e+00	0.000000000000000000e+00
0.000000000000000000e+00	0.000000000000000000e+00	0.000000000000000000e+00	0.000000000000000000e+00	0.000000000000000000e+00
0.000000000000000000e+00	0.000000000000000000e+00	0.000000000000000000e+00	0.000000000000000000e+00	0.000000000000000000e+00
0.000000000000000000e+00	0.000000000000000000e+00	0.000000000000000000e+00	0.000000000000000000e+00	0.000000000000000000e+00
0.000000000000000000e+00	0.000000000000000000e+00	0.000000000000000000e+00	0.000000000000000000e+00	0.000000000000000000e+00
0.000000000000000000e+00	0.000000000000000000e+00	0.000000000000000000e+00	0.000000000000000000e+00	0.000000000000000000e+00
0.000000000000000000e+00	0.000000000000000000e+00	0.000000000000000000e+00	0.000000000000000000e+00	0.000000000000000000e+00
0.000000000000000000e+00	0.000000000000000000e+00	0.000000000000000000e+00	0.000000000000000000e+00	0.000000000000000000e+00
0.000000000000000000e+00	0.000000000000000000e+00	0.000000000000000000e+00	0.000000000000000000e+00	0.000000000000000000e+00
0.000000000000000000e+00	0.000000000000000000e+00	0.000000000000000000e+00	0.000000000000000000e+00	0.000000000000000000e+00
0.000000000000000000e+00	0.000000000000000000e+00	0.000000000000000000e+00	0.000000000000000000e+00	0.000000000000000000e+00
0.000000000000000000e+00	0.000000000000000000e+00	0.000000000000000000e+00	0.000000000000000000e+00	0.000000000000000000e+00
0.000000000000000000e+00	0.000000000000000000e+00	0.000000000000000000e+00	0.000000000000000000e+00	0.000000000000000000e+00
0.000000000000000000e+00	0.000000000000000000e+00	0.000000000000000000e+00	0.000000000000000000e+00	0.000000000000000000e+00
0.000000000000000000e+00	0.000000000000000000e+00	0.000000000000000000e+00	0.000000000000000000e+00	0.000000000000000000e+00
0.000000000000000000e+00	0.000000000000000000e+00	0.000000000000000000e+00	0.000000000000000000e+00	0.000000000000000000e+00
0.000000000000000000e+00	0.000000000000000000e+00	0.000000000000000000e+00	0.000000000000000000e+00	0.000000000000000000e+00
0.000000000000000000e+00	0.000000000000000000e+00	0.000000000000000000e+00	0.000000000000000000e+00	0.000000000000000000e+00
0.000000000000000000e+00	0.000000000000000000e+00	0.000000000000000000e+00	0.000000000000000000e+00	0.000000000000000000e+00
0.000000000000000000e+00	0.000000000000000000e+00	0.000000000000000000e+00	0.000000000000000000e+00	0.000000000000000000e+00
0.000000000000000000e+00	0.000000000000000000e+00	0.000000000000000000e+00	0.000000000000000000e+00	0.000000000000000000e+00
0.000000000000000000e+00	0.000000000000000000e+00	0.000000000000000000e+00	0.000000000000000000e+00	0.000000000000000000e+00
0.000000000000000000e+00	0.000000000000000000e+00	0.000000000000000000e+00	0.000000000000000000e+00	0.000000000000000000e+00
0.000000000000000000e+00	0.000000000000000000e+00	0.000000000000000000e+00	0.000000000000000000e+00	0.000000000000000000e+00
0.000000000000000000e+00	0.000000000000000000e+00	0.000000000000000000e+00	0.000000000000000000e+00	0.000000000000000000e+00
0.000000000000000000e+00	0.000000000000000000e+00	0.000000000000000000e+00	0.000000000000000000e+00	0.000000000000000000e+00
0.000000000000000000e+00	0.000000000000000000e+00	0.000000000000000000e+00	0.000000000000000000e+00	0.000000000000000000e+00
0.000000000000000000e+00	0.000000000000000000e+00	0.000000000000000000e+00	0.000000000000000000e+00	0.000000000000000000e+00
0.000000000000000000e+00	0.000000000000000000e+00	0.000000000000000000e+00	0.000000000000000000e+00	0.000000000000000000e+00
0.000000000000000000e+00	0.000000000000000000e+00	0.000000000000000000e+00	0.000000000000000000e+00	0.000000000000000000e+00
0.000000000000000000e+00	0.000000000000000000e+00	0.000000000000000000e+00	0.000000000000000000e+00	0.000000000000000000e+00
0.000000000000000000e+00	0.000000000000000000e+00	0.000000000000000000e+00	0.000000000000000000e+00	0.000000000000000000e+00
0.000000000000000000e+00	0.000000000000000000e+00	0.000000000000000000e+00	0.000000000000000000e+00	0.000000000000000000e+00
0.000000000000000000e+00	0.000000000000000000e+00	0.000000000000000000e+00	0.000000000000000000e+00	0.000000000000000000e+00
0.000000000000000000e+00	0.000000000000000000e+00	0.000000000000000000e+00	0.000000000000000000e+00	0.000000000000000000e+00
0.000000000000000000e+00	0.000000000000000000e+00	0.000000000000000000e+00	0.000000000000000000e+00	0.000000000000000000e+00
0.000000000000000000e+00	0.000000000000000000e+00	0.000000000000000000e+00	0.000000000000000000e+00	0.000000000000000000e+00
0.000000000000000000e+00	0.000000000000000000e+00	0.000000000000000000e+00	0.000000000000000000e+00	0.000000000000000000e+00
0.000000000000000000e+00	0.000000000000000000e+00	0.000000000000000000e+00	0.000000000000000000e+00	0.000000000000000000e+00
0.000000000000000000e+00	0.000000000000000000e+00	0.000000000000000000e+00	0.000000000000000000e+00	0.000000000000000000e+00
0.000000000000000000e+00	0.000000000000000000e+00	0.000000000000000000e+00	0.000000000000000000e+00	0.000000000000000000e+00
0.000000000000000000e+00	0.000000000000000000e+00	0.000000000000000000e+00	0.000000000000000000e+00	0.000000000000000000e+00
0.000000000000000000e+00	0.000000000000000000e+00	0.000000000000000000e+00	0.000000000000000000e+00	0.000000000000000000e+00
0.000000000000000000e+00	0.000000000000000000e+00	0.000000000000000000e+00	0.000000000000000000e+00	0.000000000000000000e+00
0.000000000000000000e+00	0.000000000000000000e+00	0.000000000000000000e+00	0.000000000000000000e+00	0.000000000000000000e+00
0.000000000000000000e+00	0.000000000000000000e+00	0.000000000000000000e+00	0.000000000000000000e+00	0.000000000000000000e+00
0.000000000000000000e+00	0.000000000000000000e+00	0.000000000000000000e+00	0.000000000000000000e+00	0.000000000000000000e+00
0.000000000000000000e+00	0.000000000000000000e+00	0.000000000000000000e+00	0.000000000000000000e+00	0.000000000000000000e+00
0.000000000000000000e+00	0.000000000000000000e+00	0.000000000000000000e+00	0.000000000000000000e+00	0.000000000000000000e+00
0.000000000000000000e+00	0.000000000000000000e+00	0.000000000000000000e+00	0.000000000000000000e+00	0.000000000000000000e+00
0.000000000000000000e+00	0.000000000000000000e+00	0.000000000000000000e+00	0.000000000000000000e+00	0.000000000000000000e+00
0.000000000000000000e+00	0.000000000000000000e+00	0.000000000000000000e+00	0.000000000000000000e+00	0.000000000000000000e+00
0.000000000000000000e+00	0.000000000000000000e+00	0.000000000000000000e+00	0.000000000000000000e+00	0.000000000000000000e+00
0.000000000000000000e+00	0.000000000000000000e+00	0.000000000000000000e+00	0.000000000000000000e+00	0.000000000000000000e+00
0.000000000000000000e+00	0.000000000000000000e+00	0.000000000000000000e+00	0.000000000000000000e+00	0.000000000000000000e+00
0.000000000000000000e+00	0.000000000000000000e+00	0.000000000000000000e+00	0.000000000000000000e+00	0.000000000000000000e+00
0.000000000000000000e+00	0.000000000000000000e+00	0.000000000000000000e+00	0.000000000000000000e+00	0.000000000000000000e+00
0.000000000000000000e+00	0.000000000000000000e+00	0.000000000000000000e+00	0.000000000000000000e+00	0.000000000000000000e+00
0.000000000000000000e+00	0.000000000000000000e+00	0.000000000000000000e+00	0.000000000000000000e+00	0.000000000000000000e+00
0.000000000000000000e+00	0.000000000000000000e+00	0.000000000000000000e+00	0.000000000000000000e+00	0.000000000000000000e+00
0.000000000000000000e+00	0.000000000000000000e+00	0.000000000000000000e+00	0.000000000000000000e+00	0.000000000000000000e+00
0.000000000000000000e+00	0.000000000000000000e+00	0.000000000000000000e+00	0.000000000000000000e+00	0.000000000000000000e+00
0.000000000000000000e+00	0.000000000000000000e+00	0.000000000000000000e+00	0.000000000000000000e+00	0.000000000000000000e+00
0.000000000000000000e+00	0.000000000000000000e+00	0.000000000000000000e+00	0.000000000000000000e+00	0.000000000000000000e+00
0.000000000000000000e+00	0.000000000000000000e+00	0.000000000000000000e+00	0.000000000000000000e+00	0.000000000000000000e+00
0.000000000000000000e+00	0.000000000000000000e+00	0.000000000000000000e+00	0.000000000000000000e+00	0.000000000000000000e+00
0.000000000000000000e+00	0.000000000000000000e+00	0.000000000000000000e+00	0.000000000000000000e+00	0.000000000000000000e+00
0.000000000000000000e+00	0.000000000000000000e+00	0.000000000000000000e+00	0.000000000000000000e+00	0.000000000000000000e+00
0.000000000000000000e+00	0.000000000000000000e+00	0.000000000000000000e+00	0.000000000000000000e+00	0.000000000000000000e+00
0.000000000000000000e+00	0.000000000000000000e+00	0.000000000000000000e+00	0.000000000000000000e+00	0.000000000000000000e+00
0.000000000000000000e+00	0.000000000000000000e+00	0.000000000000000000e+00	0.000000000000000000e+00	0.000000000000000000e+00
0.000000000000000000e+00	0.000000000000000000e+00	0.000000000000000000e+00	0.000000000000000000e+00	0.000000000000000000e+00
0.000000000000000000e+00	0.000000000000000000e+00	0.000000000000000000e+00	0.000000000000000000e+00	0.000000000000000000e+00
0.000000000000000000e+00	0.000000000000000000e+00	0.000000000000000000e+00	0.000000000000000000e+00	0.000000000000000000e+00
0.000000000000000000e+00	0.000000000000000000e+00	0.000000000000000000e+00	0.000000000000000000e+00	0.000000000000000000e+00
0.000000000000000000e+00	0.000000000000000000e+00	0.000000000000000000e+00	0.000000000000000000e+00	0.000000000000000000e+00
0.000000000000000000e+00	0.000000000000000000e+00	0.000000000000000000e+00	0.000000000000000000e+00	0.000000000000000000e+00
0.000000000000000000e+00	0.000000000000000000e+00	0.000000000000000000e+00	0.000000000000000000e+00	0.000000000000000000e+00
0.000000000000000000e+00	0.000000000000000000e+00	0.000000000000000000e+00	0.000000000000000000e+00	0.000000000000000000e+00
0.000000000000000000e+00	0.000000000000000000e+00	0.000000000000000000e+00	0.000000000000000000e+00	0.000000000000000000e+00
0.000000000000000000e+00	0.000000000000000000e+00	0.000000000000000000e+00	0.000000000000000000e+00	0.000000000000000000e+00
0.000000000000000000e+00	0.000000000000000000e+00	0.000000000000000000e+00	0.000000000000000000e+00	0.000000000000000000e+00
0.000000000000000000e+00	0.000000000000000000e+00	0.000000000000000000e+00	0.000000000000000000e+00	0.000000000000000000e+00
0.000000000000000000e+00	0.000000000000000000e+00	0.000000000000000000e+00	0.000000000000000000e+00	0.000000000000000000e+00
0.000000000000000000e+00	0.000000000000000000e+00	0.000000000000000000e+00	0.000000000000000000e+00	0.000000000000000000e+00
0.000000000000000000e+00	0.000000000000000000e+00	0.000000000000000000e+00	0.000000000000000000e+00	0.000000000000000000e+00
0.000000000000000000e+00	0.000000000000000000e+00	0.000000000000000000e+00	0.000000000000000000e+00	0.000000000000000000e+00
0.000000000000000000e+00	0.000000000000000000e+00	0.000000000000000000e+00	0.000000000000000000e+00	0.000000000000000000e+00
0.000000000000000000e+00	0.000000000000000000e+00	0.000000000000000000e+00	0.000000000000000000e+00	0.000000000000000000e+00
0.000000000000000000e+00	0.000000000000000000e+00	0.000000000000000000e+00	0.000000000000000000e+00	0.000000000000000000e+00
0.000000000000000000e+00	0.000000000000000000e+00	0.000000000000000000e+00	0.000000000000000000e+00	0.000000000000000000e+00
0.000000000000000000e+00	0.000000000000000000e+00	0.000000000000000000e+00	0.000000000000000000e+00	0.000000000000000000e+00
0.000000000000000000e+00	0.000000000000000000e+00	0.000000000000000000e+00	0.000000000000000000e+00	0.000000000000000000e+00
0.000000000000000000e+00	0.000000000000000000e+00	0.000000000000000000e+00	0.000000000000000000e+00	0.000000000000000000e+00
0.000000000000000000e+00	0.000000000000000000e+00	0.000000000000000000e+00	0.000000000000000000e+00	0.000000000000000000e+00
0.000000000000000000e+00	0.000000000000000000e+00	0.000000000000000000e+00	0.000000000000000000e+00	0.000000000000000000e+00
0.000000000000000000e+00	0.000000000000000000e+00	0.000000000000000000e+00	0.000000000000000000e+00	0.000000000000000000e+00
0.000000000000000000e+00	0.000000000000000000e+00	0.000000000000000000e+00	0.000000000000000000e+00	0.000000000000000000e+00
0.000000000000000000e+00	0.000000000000000000e+00	0.000000000000000000e+00	0.000000000000000000e+00	0.000000000000000000e+00
0.000000000000000000e+00	0.000000000000000000e+00	0.000000000000000000e+00	0.000000000000000000e+00	0.000000000000000000e+00
0.000000000000000000e+00	0.000000000000000000e+00	0.000000000000000000e+00	0.000000000000000000e+00	0.000000000000000000e+00
0.000000000000000000e+00	0.000000000000000000e+00	0.000000000000000000e+00	0.000000000000000000e+00	0.000000000000000000e+00
0.000000000000000000e+00	0.000000000000000000e+00	0.000000000000000000e+00	0.000000000000000000e+00	0.000000000000000000e+00
0.000000000000000000e+00	0.000000000000000000e+00	0.000000000000000000e+00	0.000000000000000000e+00	0.000000000000000000e+00
0.000000000000000000e+00	0.000000000000000000e+00	0.000000000000000000e+00	0.000000000000000000e+00	0.000000000000000000e+00
0.000000000000000000e+00	0.000000000000000000e+00	0.000000000000000000e+00	0.000000000000000000e+00	0.000000000000000000e+00
0.000000000000000000e+00	0.000000000000000000e+00	0.000000000000000000e+00	0.000000000000000000e+00	0.000000000000000000e+00
0.000000000000000000e+00	0.000000000000000000e+00	0.000000000000000000e+00	0.000000000000000000e+00	0.000000000000000000e+00
0.000000000000000000e+00	0.000000000000000000e+00	0.000000000000000000e+00	0.000000000000000000e+00	0.000000000000000000e+00
0.000000000000000000e+00	0.000000000000000000e+00	0.000000000000000000e+00	0.000000000000000000e+00	0.000000000000000000e+00
0.000000000000000000e+00	0.000000000000000000e+00	0.000000000000000000e+00	0.000000000000000000e+00	0.000000000000000000e+00
0.000000000000000000e+00	0.000000000000000000e+00	0.000000000000000000e+00	0.000000000000000000e+00	0.000000000000000000e+00
0.000000000000000000e+00	0.000000000000000000e+00	0.000000000000000000e+00	0.000000000000000000e+00	0.000000000000000000e+00
0.000000000000000000e+00	0.000000000000000000e+00	0.000000000000000000e+00	0.000000000000000000e+00	0.000000000000000000e+00
0.000000000000000000e+00	0.000000000000000000e+00	0.000000000000000000e+00	0.000000000000000000e+00	0.000000000000000000e+00
0.000000000000000000e+00	0.000000000000000000e+00	0.000000000000000000e+00	0.000000000000000000e+00	0.000000000000000000e+00
0.000000000000000000e+00	0.000000000000000000e+00	0.000000000000000000e+00	0.000000000000000000e+00	0.000000000000000000e+00
0.000000000000000000e+00	0.000000000000000000e+00	0.000000000000000000e+00	0.000000000000000000e+00	0.000000000000000000e+00
0.000000000000000000e+00	0.000000000000000000e+00	0.000000000000000000e+00	0.000000000000000000e+00	0.000000000000000000e+00
0.000000000000000000e+00	0.000000000000000000e+00	0.000000000000000000e+00	0.000000000000000000e+00	0.000000000000000000e+00
0.000000000000000000e+00	0.000000000000000000e+00	0.000000000000000000e+00	0.000000000000000000e+00	0.000000000000000000e+00
0.000000000000000000e+00	0.000000000000000000e+00	0.000000000000000000e+00	0.000000000000000000e+00	0.000000000000000000e+00
0.000000000000000000e+00	0.000000000000000000e+00	0.000000000000000000e+00	0.000000000000000000e+00	0.000000000000000000e+00
0.000000000000000000e+00	0.000000000000000000e+00	0.000000000000000000e+00	0.000000000000000000e+00	0.000000000000000000e+00
0.000000000000000000e+00	0.000000000000000000e+00	0.000000000000000000e+00	0.000000000000000000e+00	0.000000000000000000e+00
0.000000000000000000e+00	0.000000000000000000e+00	0.000000000000000000e+00	0.000000000000000000e+00	0.000000000000000000e+00
0.000000000000000000e+00	0.000000000000000000e+00	0.000000000000000000e+00	0.000000000000000000e+00	0.000000000000000000e+00
0.000000000000000000e+00	0.000000000000000000e+00	0.000000000000000000e+00	0.000000000000000000e+00	0.000000000000000000e+00
0.000000000000000000e+00	0.000000000000000000e+00	0.000000000000000000e+00	0.000000000000000000e+00	0.000000000000000000e+00
0.000000000000000000e+00	0.000000000000000000e+00	0.000000000000000000e+00	0.000000000000000000e+00	0.000000000000000000e+00
0.000000000000000000e+00	0.000000000000000000e+00	0.000000000000000000e+00	0.000000000000000000e+00	0.000000000000000000e+00
0.000000000000000000e+00	0.000000000000000000e+00	0.000000000000000000e+00	0.000000000000000000e+00	0.000000000000000000e+00
0.000000000000000000e+00	0.000000000000000000e+00	0.000000000000000000e+00	0.000000000000000000e+00	0.000000000000000000e+00
0.000000000000000000e+00	0.000000000000000000e+00	0.000000000000000000e+00	0.000000000000000000e+00	0.000000000000000000e+00
0.000000000000000000e+00	0.000000000000000000e+00	0.000000000000000000e+00	0.000000000000000000e+00	0.000000000000000000e+00
0.000000000000000000e+00	0.000000000000000000e+00	0.000000000000000000e+00	0.000000000000000000e+00	0.000000000000000000e+00
0.000000000000000000e+00	0.000000000000000000e+00	0.000000000000000000e+00	0.000000000000000000e+00	0.000000000000000000e+00
0.000000000000000000e+00	0.000000000000000000e+00	0.000000000000000000e+00	0.000000000000000000e+00	0.000000000000000000e+00
0.000000000000000000e+00	0.000000000000000000e+00	0.000000000000000000e+00	0.000000000000000000e+00	0.000000000000000000e+00
0.000000000000000000e+00	0.000000000000000000e+00	0.000000000000000000e+00	0.000000000000000000e+00	0.000000000000000000e+00
0.000000000000000000e+00	0.000000000000000000e+00	0.000000000000000000e+00	0.000000000000000000e+00	0.000000000000000000e+00
0.000000000000000000e+00	0.000000000000000000e+00	0.000000000000000000e+00	0.000000000000000000e+00	0.000000000000000000e+00
0.000000000000000000e+00	0.000000000000000000e+00	0.000000000000000000e+00	0.000000000000000000e+00	0.000000000000000000e+00
0.000000000000000000e+00	0.000000000000000000e+00	0.000000000000000000e+00	0.000000000000000000e+00	0.000000000000000000e+00
0.000000000000000000e+00	0.000000000000000000e+00	0.000000000000000000e+00	0.000000000000000000e+00	0.000000000000000000e+00
0.000000000000000000e+00	0.000000000000000000e+00	0.000000000000000000e+00	0.000000000000000000e+00	0.000000000000000000e+00
0.000000000000000000e+00	0.000000000000000000e+00	0.000000000000000000e+00	0.000000000000000000e+00	0.000000000000000000e+00
0.000000000000000000e+00	0.000000000000000000e+00	0.000000000000000000e+00	0.000000000000000000e+00	0.000000000000000000e+00
0.000000000000000000e+00	0.000000000000000000e+00	0.000000000000000000e+00	0.000000000000000000e+00	0.000000000000000000e+00
0.000000000000000000e+00	0.000000000000000000e+00	0.000000000000000000e+00	0.000000000000000000e+00	0.000000000000000000e+00
0.000000000000000000e+00	0.000000000000000000e+00	0.000000000000000000e+00	0.000000000000000000e+00	0.000000000000000000e+00
0.000000000000000000e+00	0.000000000000000000e+00	0.000000000000000000e+00	0.000000000000000000e+00	0.000000000000000000e+00
0.000000000000000000e+00	0.000000000000000000e+00	0.000000000000000000e+00	0.000000000000000000e+00	0.000000000000000000e+00
0.000000000000000000e+00	0.000000000000000000e+00	0.000000000000000000e+00	0.000000000000000000e+00	0.000000000000000000e+00
0.000000000000000000e+00	0.000000000000000000e+00	0.000000000000000000e+00	0.000000000000000000e+00	0.000000000000000000e+00
0.000000000000000000e+00	0.000000000000000000e+00	0.000000000000000000e+00	0.000000000000000000e+00	0.000000000000000000e+00
0.000000000000000000e+00	0.000000000000000000e+00	0.000000000000000000e+00	0.000000000000000000e+00	0.000000000000000000e+00
0.000000000000000000e+00	0.000000000000000000e+00	0.000000000000000000e+00	0.000000000000000000e+00	0.000000000000000000e+00
0.000000000000000000e+00	0.000000000000000000e+00	0.000000000000000000e+00	0.000000000000000000e+00	0.000000000000000000e+00
0.000000000000000000e+00	0.000000000000000000e+00	0.000000000000000000e+00	0.000000000000000000e+00	0.000000000000000000e+00
0.000000000000000000e+00	0.000000000000000000e+00	0.000000000000000000e+00	0.000000000000000000e+00	0.000000000000000000e+00
0.000000000000000000e+00	0.000000000000000000e+00	0.000000000000000000e+00	0.000000000000000000e+00	0.000000000000000000e+00
0.000000000000000000e+00	0.000000000000000000e+00	0.000000000000000000e+00	0.000000000000000000e+00	0.000000000000000000e+00
0.000000000000000000e+00	0.000000000000000000e+00	0.000000000000000000e+00	0.000000000000000000e+00	0.000000000000000000e+00
0.000000000000000000e+00	0.000000000000000000e+00	0.000000000000000000e+00	0.000000000000000000e+00	0.000000000000000000e+00
0.000000000000000000e+00	0.000000000000000000e+00	0.000000000000000000e+00	0.000000000000000000e+00	0.000000000000000000e+00
0.000000000000000000e+00	0.000000000000000000e+00	0.000000000000000000e+00	0.000000000000000000e+00	0.000000000000000000e+00
0.000000000000000000e+00	0.000000000000000000e+00	0.000000000000000000e+00	0.000000000000000000e+00	0.000000000000000000e+00
0.000000000000000000e+00	0.000000000000000000e+00	0.000000000000000000e+00	0.000000000000000000e+00	0.000000000000000000e+00
0.000000000000000000e+00	0.000000000000000000e+00	0.000000000000000000e+00	0.000000000000000000e+00	0.000000000000000000e+00
0.000000000000000000e+00	0.000000000000000000e+00	0.000000000000000000e+00	0.000000000000000000e+00	0.000000000000000000e+00
0.000000000000000000e+00	0.000000000000000000e+00	0.000000000000000000e+00	0.000000000000000000e+00	0.000000000000000000e+00
0.000000000000000000e+00	0.000000000000000000e+00	0.000000000000000000e+00	0.000000000000000000e+00	0.000000000000000000e+00
0.000000000000000000e+00	0.000000000000000000e+00	0.000000000000000000e+00	0.000000000000000000e+00	0.000000000000000000e+00
0.000000000000000000e+00	0.000000000000000000e+00	0.000000000000000000e+00	0.000000000000000000e+00	0.000000000000000000e+00
0.000000000000000000e+00	0.000000000000000000e+00	0.000000000000000000e+00	0.000000000000000000e+00	0.000000000000000000e+00
0.000000000000000000e+00	0.000000000000000000e+00	0.000000000000000000e+00	0.000000000000000000e+00	0.000000000000000000e+00
0.000000000000000000e+00	0.000000000000000000e+00	0.000000000000000000e+00	0.000000000000000000e+00	0.000000000000000000e+00
0.000000000000000000e+00	0.000000000000000000e+00	0.000000000000000000e+00	0.000000000000000000e+00	0.000000000000000000e+00
0.000000000000000000e+00	0.000000000000000000e+00	0.000000000000000000e+00	0.000000000000000000e+00	0.000000000000000000e+00
0.000000000000000000e+00	0.000000000000000000e+00	0.000000000000000000e+00	0.000000000000000000e+00	0.000000000000000000e+00
0.000000000000000000e+00	0.000000000000000000e+00	0.000000000000000000e+00	0.000000000000000000e+00	0.000000000000000000e+00
0.000000000000000000e+00	0.000000000000000000e+00	0.000000000000000000e+00	0.000000000000000000e+00	0.000000000000000000e+00
0.000000000000000000e+00	0.000000000000000000e+00	0.000000000000000000e+00	0.000000000000000000e+00	0.000000000000000000e+00
0.000000000000000000e+00	0.000000000000000000e+00	0.000000000000000000e+00	0.000000000000000000e+00	0.000000000000000000e+00
0.000000000000000000e+00	0.000000000000000000e+00	0.000000000000000000e+00	0.000000000000000000e+00	0.000000000000000000e+00
0.000000000000000000e+00	0.000000000000000000e+00	0.000000000000000000e+00	0.000000000000000000e+00	0.000000000000000000e+00
0.000000000000000000e+00	0.000000000000000000e+00	0.000000000000000000e+00	0.000000000000000000e+00	0.000000000000000000e+00
0.000000000000000000e+00	0.000000000000000000e+00	0.000000000000000000e+00	0.000000000000000000e+00	0.000000000000000000e+00
0.000000000000000000e+00	0.000000000000000000e+00	0.000000000000000000e+00	0.000000000000000000e+00	0.000000000000000000e+00
0.000000000000000000e+00	0.000000000000000000e+00	0.000000000000000000e+00	0.000000000000000000e+00	0.000000000000000000e+00
0.000000000000000000e+00	0.000000000000000000e+00	0.000000000000000000e+00	0.000000000000000000e+00	0.000000000000000000e+00
0.000000000000000000e+00	0.000000000000000000e+00	0.000000000000000000e+00	0.000000000000000000e+00	0.000000000000000000e+00
0.000000000000000000e+00	0.000000000000000000e+00	0.000000000000000000e+00	0.000000000000000000e+00	0.000000000000000000e+00
0.000000000000000000e+00	0.000000000000000000e+00	0.000000000000000000e+00	0.000000000000000000e+00	0.000000000000000000e+00
0.000000000000000000e+00	0.000000000000000000e+00	0.000000000000000000e+00	0.000000000000000000e+00	0.000000000000000000e+00
0.000000000000000000e+00	0.000000000000000000e+00	0.000000000000000000e+00	0.000000000000000000e+00	0.000000000000000000e+00
0.000000000000000000e+00	0.000000000000000000e+00	0.000000000000000000e+00	0.000000000000000000e+00	0.000000000000000000e+00
0.000000000000000000e+00	0.000000000000000000e+00	0.000000000000000000e+00	0.000000000000000000e+00	0.000000000000000000e+00
0.000000000000000000e+00	0.000000000000000000e+00	0.000000000000000000e+00	0.000000000000000000e+00	0.000000000000000000e+00
0.000000000000000000e+00	0.000000000000000000e+00	0.000000000000000000e+00	0.000000000000000000e+00	0.000000000000000000e+00
0.000000000000000000e+00	0.000000000000000000e+00	0.000000000000000000e+00	0.000000000000000000e+00	0.000000000000000000e+00
0.000000000000000000e+00	0.000000000000000000e+00	0.000000000000000000e+00	0.000000000000000000e+00	0.000000000000000000e+00
0.000000000000000000e+00	0.000000000000000000e+00	0.000000000000000000e+00	0.000000000000000000e+00	0.000000000000000000e+00
0.000000000000000000e+00	0.000000000000000000e+00	0.000000000000000000e+00	0.000000000000000000e+00	0.000000000000000000e+00
0.000000000000000000e+00	0.000000000000000000e+00	0.000000000000000000e+00	0.000000000000000000e+00	0.000000000000000000e+00
0.000000000000000000e+00	0.000000000000000000e+00	0.000000000000000000e+00	0.000000000000000000e+00	0.000000000000000000e+00
0.000000000000000000e+00	0.000000000000000000e+00	0.000000000000000000e+00	0.000000000000000000e+00	0.000000000000000000e+00
0.000000000000000000e+00	0.000000000000000000e+00	0.000000000000000000e+00	0.000000000000000000e+00	0.000000000000000000e+00
0.000000000000000000e+00	0.000000000000000000e+00	0.000000000000000000e+00	0.000000000000000000e+00	0.000000000000000000e+00
0.000000000000000000e+00	0.000000000000000000e+00	0.000000000000000000e+00	0.000000000000000000e+00	0.000000000000000000e+00
0.000000000000000000e+00	0.000000000000000000e+00	0.000000000000000000e+00	0.000000000000000000e+00	0.000000000000000000e+00
0.000000000000000000e+00	0.000000000000000000e+00	0.000000000000000000e+00	0.000000000000000000e+00	0.000000000000000000e+00
0.000000000000000000e+00	0.000000000000000000e+00	0.000000000000000000e+00	0.000000000000000000e+00	0.000000000000000000e+00
0.000000000000000000e+00	0.000000000000000000e+00	0.000000000000000000e+00	0.000000000000000000e+00	0.000000000000000000e+00
0.000000000000000000e+00	0.000000000000000000e+00	0.000000000000000000e+00	0.000000000000000000e+00	0.000000000000000000e+00
0.000000000000000000e+00	0.000000000000000000e+00	0.000000000000000000e+00	0.000000000000000000e+00	0.000000000000000000e+00
0.000000000000000000e+00	0.000000000000000000e+00	0.000000000000000000e+00	0.000000000000000000e+00	0.000000000000000000e+00
0.000000000000000000e+00	0.000000000000000000e+00	0.000000000000000000e+00	0.000000000000000000e+00	0.000000000000000000e+00
0.000000000000000000e+00	0.000000000000000000e+00	0.000000000000000000e+00	0.000000000000000000e+00	0.000000000000000000e+00
0.000000000000000000e+00	0.000000000000000000e+00	0.000000000000000000e+00	0.000000000000000000e+00	0.000000000000000000e+00
0.000000000000000000e+00	0.000000000000000000e+00	0.000000000000000000e+00	0.000000000000000000e+00	0.000000000000000000e+00
0.000000000000000000e+00	0.000000000000000000e+00	0.000000000000000000e+00	0.000000000000000000e+00	0.000000000000000000e+00
0.000000000000000000e+00	0.000000000000000000e+00	0.000000000000000000e+00	0.000000000000000000e+00	0.000000000000000000e+00
0.000000000000000000e+00	0.000000000000000000e+00	0.000000000000000000e+00	0.000000000000000000e+00	0.000000000000000000e+00
0.000000000000000000e+00	0.000000000000000000e+00	0.000000000000000000e+00	0.000000000000000000e+00	0.000000000000000000e+00
0.000000000000000000e+00	0.000000000000000000e+00	0.000000000000000000e+00	0.000000000000000000e+00	0.000000000000000000e+00
0.000000000000000000e+00	0.000000000000000000e+00	0.000000000000000000e+00	0.000000000000000000e+00	0.000000000000000000e+00
0.000000000000000000e+00	0.000000000000000000e+00	0.000000000000000000e+00	0.000000000000000000e+00	0.000000000000000000e+00
0.000000000000000000e+00	0.000000000000000000e+00	0.000000000000000000e+00	0.000000000000000000e+00	0.000000000000000000e+00
0.000000000000000000e+00	0.000000000000000000e+00	0.000000000000000000e+00	0.000000000000000000e+00	0.000000000000000000e+00
0.000000000000000000e+00	0.000000000000000000e+00	0.000000000000000000e+00	0.000000000000000000e+00	0.000000000000000000e+00
0.000000000000000000e+00	0.000000000000000000e+00	0.000000000000000000e+00	0.000000000000000000e+00	0.000000000000000000e+00
0.000000000000000000e+00	0.000000000000000000e+00	0.000000000000000000e+00	0.000000000000000000e+00	0.000000000000000000e+00
0.000000000000000000e+00	0.000000000000000000e+00	0.000000000000000000e+00	0.000000000000000000e+00	0.000000000000000000e+00
0.000000000000000000e+00	0.000000000000000000e+00	0.000000000000000000e+00	0.000000000000000000e+00	0.000000000000000000e+00
0.000000000000000000e+00	0.000000000000000000e+00	0.000000000000000000e+00	0.000000000000000000e+00	0.000000000000000000e+00
0.000000000000000000e+00	0.000000000000000000e+00	0.000000000000000000e+00	0.000000000000000000e+00	0.000000000000000000e+00
0.000000000000000000e+00	0.000000000000000000e+00	0.000000000000000000e+00	0.000000000000000000e+00	0.000000000000000000e+00
0.000000000000000000e+00	0.000000000000000000e+00	0.000000000000000000e+00	0.000000000000000000e+00	0.000000000000000000e+00
0.000000000000000000e+00	0.000000000000000000e+00	0.000000000000000000e+00	0.000000000000000000e+00	0.000000000000000000e+00
0.000000000000000000e+00	0.000000000000000000e+00	0.000000000000000000e+00	0.000000000000000000e+00	0.000000000000000000e+00
0.000000000000000000e+00	0.000000000000000000e+00	0.000000000000000000e+00	0.000000000000000000e+00	0.000000000000000000e+00
0.000000000000000000e+00	0.000000000000000000e+00	0.000000000000000000e+00	0.000000000000000000e+00	0.000000000000000000e+00
0.000000000000000000e+00	0.000000000000000000e+00	0.000000000000000000e+00	0.000000000000000000e+00	0.000000000000000000e+00
0.000000000000000000e+00	0.000000000000000000e+00	0.000000000000000000e+00	0.000000000000000000e+00	0.000000000000000000e+00
0.000000000000000000e+00	0.000000000000000000e+00	0.000000000000000000e+00	0.000000000000000000e+00	0.000000000000000000e+00
0.000000000000000000e+00	0.000000000000000000e+00	0.000000000000000000e+00	0.000000000000000000e+00	0.000000000000000000e+00
0.000000000000000000e+00	0.000000000000000000e+00	0.000000000000000000e+00	0.000000000000000000e+00	0.000000000000000000e+00
0.000000000000000000e+00	0.000000000000000000e+00	0.000000000000000000e+00	0.000000000000000000e+00	0.000000000000000000e+00
0.000000000000000000e+00	0.000000000000000000e+00	0.000000000000000000e+00	0.000000000000000000e+00	0.000000000000000000e+00
0.000000000000000000e+00	0.000000000000000000e+00	0.000000000000000000e+00	0.000000000000000000e+00	0.000000000000000000e+00
0.000000000000000000e+00	0.000000000000000000e+00	0.000000000000000000e+00	0.000000000000000000e+00	0.000000000000000000e+00
0.000000000000000000e+00	0.000000000000000000e+00	0.000000000000000000e+00	0.000000000000000000e+00	0.000000000000000000e+00
0.000000000000000000e+00	0.000000000000000000e+00	0.000000000000000000e+00	0.000000000000000000e+00	0.000000000000000000e+00
0.000000000000000000e+00	0.000000000000000000e+00	0.000000000000000000e+00	0.000000000000000000e+00	0.000000000000000000e+00
0.000000000000000000e+00	0.000000000000000000e+00	0.000000000000000000e+00	0.000000000000000000e+00	0.000000000000000000e+00
0.000000000000000000e+00	0.000000000000000000e+00	0.000000000000000000e+00	0.000000000000000000e+00	0.000000000000000000e+00
0.000000000000000000e+00	0.000000000000000000e+00	0.000000000000000000e+00	0.000000000000000000e+00	0.000000000000000000e+00
0.000000000000000000e+00	0.000000000000000000e+00	0.000000000000000000e+00	0.000000000000000000e+00	0.000000000000000000e+00
0.000000000000000000e+00	0.000000000000000000e+00	0.000000000000000000e+00	0.000000000000000000e+00	0.000000000000000000e+00
0.000000000000000000e+00	0.000000000000000000e+00	0.000000000000000000e+00	0.000000000000000000e+00	0.000000000000000000e+00
0.000000000000000000e+00	0.000000000000000000e+00	0.000000000000000000e+00	0.000000000000000000e+00	0.000000000000000000e+00
0.000000000000000000e+00	0.000000000000000000e+00	0.000000000000000000e+00	0.000000000000000000e+00	0.000000000000000000e+00
0.000000000000000000e+00	0.000000000000000000e+00	0.000000000000000000e+00	0.000000000000000000e+00	0.000000000000000000e+00
0.000000000000000000e+00	0.000000000000000000e+00	0.000000000000000000e+00	0.000000000000000000e+00	0.000000000000000000e+00
0.000000000000000000e+00	0.000000000000000000e+00	0.000000000000000000e+00	0.000000000000000000e+00	0.000000000000000000e+00
0.000000000000000000e+00	0.000000000000000000e+00	0.000000000000000000e+00	0.000000000000000000e+00	0.000000000000000000e+00
0.000000000000000000e+00	0.000000000000000000e+00	0.000000000000000000e+00	0.000000000000000000e+00	0.000000000000000000e+00
0.000000000000000000e+00	0.000000000000000000e+00	0.000000000000000000e+00	0.000000000000000000e+00	0.000000000000000000e+00
0.000000000000000000e+00	0.000000000000000000e+00	0.000000000000000000e+00	0.000000000000000000e+00	0.000000000000000000e+00
0.000000000000000000e+00	0.000000000000000000e+00	0.000000000000000000e+00	0.000000000000000000e+00	0.000000000000000000e+00
0.000000000000000000e+00	0.000000000000000000e+00	0.000000000000000000e+00	0.000000000000000000e+00	0.000000000000000000e+00
0.000000000000000000e+00	0.000000000000000000e+00	0.000000000000000000e+00	0.000000000000000000e+00	0.000000000000000000e+00
0.000000000000000000e+00	0.000000000000000000e+00	0.000000000000000000e+00	0.000000000000000000e+00	0.000000000000000000e+00
0.000000000000000000e+00	0.000000000000000000e+00	0.000000000000000000e+00	0.000000000000000000e+00	0.000000000000000000e+00
0.000000000000000000e+00	0.000000000000000000e+00	0.000000000000000000e+00	0.000000000000000000e+00	0.000000000000000000e+00
0.000000000000000000e+00	0.000000000000000000e+00	0.000000000000000000e+00	0.000000000000000000e+00	0.000000000000000000e+00
0.000000000000000000e+00	0.000000000000000000e+00	0.000000000000000000e+00	0.000000000000000000e+00	0.000000000000000000e+00
0.000000000000000000e+00	0.000000000000000000e+00	0.000000000000000000e+00	0.000000000000000000e+00	0.000000000000000000e+00
0.000000000000000000e+00	0.000000000000000000e+00	0.000000000000000000e+00	0.000000000000000000e+00	0.000000000000000000e+00
0.000000000000000000e+00	0.000000000000000000e+00	0.000000000000000000e+00	0.000000000000000000e+00	0.000000000000000000e+00
0.000000000000000000e+00	0.000000000000000000e+00	0.000000000000000000e+00	0.000000000000000000e+00	0.000000000000000000e+00
0.000000000000000000e+00	0.000000000000000000e+00	0.000000000000000000e+00	0.000000000000000000e+00	0.000000000000000000e+00
0.000000000000000000e+00	0.000000000000000000e+00	0.000000000000000000e+00	0.000000000000000000e+00	0.000000000000000000e+00
0.000000000000000000e+00	0.000000000000000000e+00	0.000000000000000000e+00	0.000000000000000000e+00	0.000000000000000000e+00
0.000000000000000000e+00	0.000000000000000000e+00	0.000000000000000000e+00	0.000000000000000000e+00	0.000000000000000000e+00
0.000000000000000000e+00	0.000000000000000000e+00	0.000000000000000000e+00	0.000000000000000000e+00	0.000000000000000000e+00
0.000000000000000000e+00	0.000000000000000000e+00	0.000000000000000000e+00	0.000000000000000000e+00	0.000000000000000000e+00
0.000000000000000000e+00	0.000000000000000000e+00	0.000000000000000000e+00	0.000000000000000000e+00	0.000000000000000000e+00
0.000000000000000000e+00	0.000000000000000000e+00	0.000000000000000000e+00	0.000000000000000000e+00	0.000000000000000000e+00
0.000000000000000000e+00	0.000000000000000000e+00	0.000000000000000000e+00	0.000000000000000000e+00	0.000000000000000000e+00
0.000000000000000000e+00	0.000000000000000000e+00	0.000000000000000000e+00	0.000000000000000000e+00	0.000000000000000000e+00
0.000000000000000000e+00	0.000000000000000000e+00	0.000000000000000000e+00	0.000000000000000000e+00	0.000000000000000000e+00
0.000000000000000000e+00	0.000000000000000000e+00	0.000000000000000000e+00	0.000000000000000000e+00	0.000000000000000000e+00
0.000000000000000000e+00	0.000000000000000000e+00	0.000000000000000000e+00	0.000000000000000000e+00	0.000000000000000000e+00
0.000000000000000000e+00	0.000000000000000000e+00	0.000000000000000000e+00	0.000000000000000000e+00	0.000000000000000000e+00
0.000000000000000000e+00	0.000000000000000000e+00	0.000000000000000000e+00	0.000000000000000000e+00	0.000000000000000000e+00
0.000000000000000000e+00	0.000000000000000000e+00	0.000000000000000000e+00	0.000000000000000000e+00	0.000000000000000000e+00
0.000000000000000000e+00	0.000000000000000000e+00	0.000000000000000000e+00	0.000000000000000000e+00	0.000000000000000000e+00
0.000000000000000000e+00	0.000000000000000000e+00	0.000000000000000000e+00	0.000000000000000000e+00	0.000000000000000000e+00
0.000000000000000000e+00	0.000000000000000000e+00	0.000000000000000000e+00	0.000000000000000000e+00	0.000000000000000000e+00
0.000000000000000000e+00	0.000000000000000000e+00	0.000000000000000000e+00	0.000000000000000000e+00	0.000000000000000000e+00
0.000000000000000000e+00	0.000000000000000000e+00	0.000000000000000000e+00	0.000000000000000000e+00	0.000000000000000000e+00
0.000000000000000000e+00	0.000000000000000000e+00	0.000000000000000000e+00	0.000000000000000000e+00	0.000000000000000000e+00
0.000000000000000000e+00	0.000000000000000000e+00	0.000000000000000000e+00	0.000000000000000000e+00	0.000000000000000000e+00
0.000000000000000000e+00	0.000000000000000000e+00	0.000000000000000000e+00	0.000000000000000000e+00	0.000000000000000000e+00
0.000000000000000000e+00	0.000000000000000000e+00	0.000000000000000000e+00	0.000000000000000000e+00	0.000000000000000000e+00
0.000000000000000000e+00	0.000000000000000000e+00	0.000000000000000000e+00	0.000000000000000000e+00	0.000000000000000000e+00
0.000000000000000000e+00	0.000000000000000000e+00	0.000000000000000000e+00	0.000000000000000000e+00	0.000000000000000000e+00
0.000000000000000000e+00	0.000000000000000000e+00	0.000000000000000000e+00	0.000000000000000000e+00	0.000000000000000000e+00
0.000000000000000000e+00	0.000000000000000000e+00	0.000000000000000000e+00	0.000000000000000000e+00	0.000000000000000000e+00
0.000000000000000000e+00	0.000000000000000000e+00	0.000000000000000000e+00	0.000000000000000000e+00	0.000000000000000000e+00
0.000000000000000000e+00	0.000000000000000000e+00	0.000000000000000000e+00	0.000000000000000000e+00	0.000000000000000000e+00
0.000000000000000000e+00	0.000000000000000000e+00	0.000000000000000000e+00	0.000000000000000000e+00	0.000000000000000000e+00
0.000000000000000000e+00	0.000000000000000000e+00	0.000000000000000000e+00	0.000000000000000000e+00	0.000000000000000000e+00
0.000000000000000000e+00	0.000000000000000000e+00	0.000000000000000000e+00	0.000000000000000000e+00	0.000000000000000000e+00
0.000000000000000000e+00	0.000000000000000000e+00	0.000000000000000000e+00	0.000000000000000000e+00	0.000000000000000000e+00
0.000000000000000000e+00	0.000000000000000000e+00	0.000000000000000000e+00	0.000000000000000000e+00	0.000000000000000000e+00
0.000000000000000000e+00	0.000000000000000000e+00	0.000000000000000000e+00	0.000000000000000000e+00	0.000000000000000000e+00
0.000000000000000000e+00	0.000000000000000000e+00	0.000000000000000000e+00	0.000000000000000000e+00	0.000000000000000000e+00
0.000000000000000000e+00	0.000000000000000000e+00	0.000000000000000000e+00	0.000000000000000000e+00	0.000000000000000000e+00
0.000000000000000000e+00	0.000000000000000000e+00	0.000000000000000000e+00	0.000000000000000000e+00	0.000000000000000000e+00
0.000000000000000000e+00	0.000000000000000000e+00	0.000000000000000000e+00	0.000000000000000000e+00	0.000000000000000000e+00
0.000000000000000000e+00	0.000000000000000000e+00	0.000000000000000000e+00	0.000000000000000000e+00	0.000000000000000000e+00
0.000000000000000000e+00	0.000000000000000000e+00	0.000000000000000000e+00	0.000000000000000000e+00	0.000000000000000000e+00
0.000000000000000000e+00	0.000000000000000000e+00	0.000000000000000000e+00	0.000000000000000000e+00	0.000000000000000000e+00
0.000000000000000000e+00	0.000000000000000000e+00	0.000000000000000000e+00	0.000000000000000000e+00	0.000000000000000000e+00
0.000000000000000000e+00	0.000000000000000000e+00	0.000000000000000000e+00	0.000000000000000000e+00	0.000000000000000000e+00
0.000000000000000000e+00	0.000000000000000000e+00	0.000000000000000000e+00	0.000000000000000000e+00	0.000000000000000000e+00
0.000000000000000000e+00	0.000000000000000000e+00	0.000000000000000000e+00	0.000000000000000000e+00	0.000000000000000000e+00
0.000000000000000000e+00	0.000000000000000000e+00	0.000000000000000000e+00	0.000000000000000000e+00	0.000000000000000000e+00
0.000000000000000000e+00	0.000000000000000000e+00	0.000000000000000000e+00	0.000000000000000000e+00	0.000000000000000000e+00
0.000000000000000000e+00	0.000000000000000000e+00	0.000000000000000000e+00	0.000000000000000000e+00	0.000000000000000000e+00
0.000000000000000000e+00	0.000000000000000000e+00	0.000000000000000000e+00	0.000000000000000000e+00	0.000000000000000000e+00
0.000000000000000000e+00	0.000000000000000000e+00	0.000000000000000000e+00	0.000000000000000000e+00	0.000000000000000000e+00
0.000000000000000000e+00	0.000000000000000000e+00	0.000000000000000000e+00	0.000000000000000000e+00	0.000000000000000000e+00
0.000000000000000000e+00	0.000000000000000000e+00	0.000000000000000000e+00	0.000000000000000000e+00	0.000000000000000000e+00
0.000000000000000000e+00	0.000000000000000000e+00	0.000000000000000000e+00	0.000000000000000000e+00	0.000000000000000000e+00
0.000000000000000000e+00	0.000000000000000000e+00	0.000000000000000000e+00	0.000000000000000000e+00	0.000000000000000000e+00
0.000000000000000000e+00	0.000000000000000000e+00	0.000000000000000000e+00	0.000000000000000000e+00	0.000000000000000000e+00
0.000000000000000000e+00	0.000000000000000000e+00	0.000000000000000000e+00	0.000000000000000000e+00	0.000000000000000000e+00
0.000000000000000000e+00	0.000000000000000000e+00	0.000000000000000000e+00	0.000000000000000000e+00	0.000000000000000000e+00
0.000000000000000000e+00	0.000000000000000000e+00	0.000000000000000000e+00	0.000000000000000000e+00	0.000000000000000000e+00
0.000000000000000000e+00	0.000000000000000000e+00	0.000000000000000000e+00	0.000000000000000000e+00	0.000000000000000000e+00
0.000000000000000000e+00	0.000000000000000000e+00	0.000000000000000000e+00	0.000000000000000000e+00	0.000000000000000000e+00
0.000000000000000000e+00	0.000000000000000000e+00	0.000000000000000000e+00	0.000000000000000000e+00	0.000000000000000000e+00
0.000000000000000000e+00	0.000000000000000000e+00	0.000000000000000000e+00	0.000000000000000000e+00	0.000000000000000000e+00
0.000000000000000000e+00	0.000000000000000000e+00	0.000000000000000000e+00	0.000000000000000000e+00	0.000000000000000000e+00
0.000000000000000000e+00	0.000000000000000000e+00	0.000000000000000000e+00	0.000000000000000000e+00	0.000000000000000000e+00
0.000000000000000000e+00	0.000000000000000000e+00	0.000000000000000000e+00	0.000000000000000000e+00	0.000000000000000000e+00
0.000000000000000000e+00	0.000000000000000000e+00	0.000000000000000000e+00	0.000000000000000000e+00	0.000000000000000000e+00
0.000000000000000000e+00	0.000000000000000000e+00	0.000000000000000000e+00	0.000000000000000000e+00	0.000000000000000000e+00
0.000000000000000000e+00	0.000000000000000000e+00	0.000000000000000000e+00	0.000000000000000000e+00	0.000000000000000000e+00
0.000000000000000000e+00	0.000000000000000000e+00	0.000000000000000000e+00	0.000000000000000000e+00	0.000000000000000000e+00
0.000000000000000000e+00	0.000000000000000000e+00	0.000000000000000000e+00	0.000000000000000000e+00	0.000000000000000000e+00
0.000000000000000000e+00	0.000000000000000000e+00	0.000000000000000000e+00	0.000000000000000000e+00	0.000000000000000000e+00
0.000000000000000000e+00	0.000000000000000000e+00	0.000000000000000000e+00	0.000000000000000000e+00	0.000000000000000000e+00
0.000000000000000000e+00	0.000000000000000000e+00	0.000000000000000000e+00	0.000000000000000000e+00	0.000000000000000000e+00
0.000000000000000000e+00	0.000000000000000000e+00	0.000000000000000000e+00	0.000000000000000000e+00	0.000000000000000000e+00
0.000000000000000000e+00	0.000000000000000000e+00	0.000000000000000000e+00	0.000000000000000000e+00	0.000000000000000000e+00
0.000000000000000000e+00	0.000000000000000000e+00	0.000000000000000000e+00	0.000000000000000000e+00	0.000000000000000000e+00
0.000000000000000000e+00	0.000000000000000000e+00	0.000000000000000000e+00	0.000000000000000000e+00	0.000000000000000000e+00
0.000000000000000000e+00	0.000000000000000000e+00	0.000000000000000000e+00	0.000000000000000000e+00	0.000000000000000000e+00
0.000000000000000000e+00	0.000000000000000000e+00	0.000000000000000000e+00	0.000000000000000000e+00	0.000000000000000000e+00
0.000000000000000000e+00	0.000000000000000000e+00	0.000000000000000000e+00	0.000000000000000000e+00	0.000000000000000000e+00
0.000000000000000000e+00	0.000000000000000000e+00	0.000000000000000000e+00	0.000000000000000000e+00	0.000000000000000000e+00
0.000000000000000000e+00	0.000000000000000000e+00	0.000000000000000000e+00	0.000000000000000000e+00	0.000000000000000000e+00
0.000000000000000000e+00	0.000000000000000000e+00	0.000000000000000000e+00	0.000000000000000000e+00	0.000000000000000000e+00
0.000000000000000000e+00	0.000000000000000000e+00	0.000000000000000000e+00	0.000000000000000000e+00	0.000000000000000000e+00
0.000000000000000000e+00	0.000000000000000000e+00	0.000000000000000000e+00	0.000000000000000000e+00	0.000000000000000000e+00
0.000000000000000000e+00	0.000000000000000000e+00	0.000000000000000000e+00	0.000000000000000000e+00	0.000000000000000000e+00
0.000000000000000000e+00	0.000000000000000000e+00	0.000000000000000000e+00	0.000000000000000000e+00	0.000000000000000000e+00
0.000000000000000000e+00	0.000000000000000000e+00	0.000000000000000000e+00	0.000000000000000000e+00	0.000000000000000000e+00
0.000000000000000000e+00	0.000000000000000000e+00	0.000000000000000000e+00	0.000000000000000000e+00	0.000000000000000000e+00
0.000000000000000000e+00	0.000000000000000000e+00	0.000000000000000000e+00	0.000000000000000000e+00	0.000000000000000000e+00
0.000000000000000000e+00	0.000000000000000000e+00	0.000000000000000000e+00	0.000000000000000000e+00	0.000000000000000000e+00
0.000000000000000000e+00	0.000000000000000000e+00	0.000000000000000000e+00	0.000000000000000000e+00	0.000000000000000000e+00
0.000000000000000000e+00	0.000000000000000000e+00	0.000000000000000000e+00	0.000000000000000000e+00	0.000000000000000000e+00
0.000000000000000000e+00	0.000000000000000000e+00	0.000000000000000000e+00	0.000000000000000000e+00	0.000000000000000000e+00
0.000000000000000000e+00	0.000000000000000000e+00	0.000000000000000000e+00	0.000000000000000000e+00	0.000000000000000000e+00
0.000000000000000000e+00	0.000000000000000000e+00	0.000000000000000000e+00	0.000000000000000000e+00	0.000000000000000000e+00
0.000000000000000000e+00	0.000000000000000000e+00	0.000000000000000000e+00	0.000000000000000000e+00	0.000000000000000000e+00
0.000000000000000000e+00	0.000000000000000000e+00	0.000000000000000000e+00	0.000000000000000000e+00	0.000000000000000000e+00
0.000000000000000000e+00	0.000000000000000000e+00	0.000000000000000000e+00	0.000000000000000000e+00	0.000000000000000000e+00
0.000000000000000000e+00	0.000000000000000000e+00	0.000000000000000000e+00	0.000000000000000000e+00	0.000000000000000000e+00
0.000000000000000000e+00	0.000000000000000000e+00	0.000000000000000000e+00	0.000000000000000000e+00	0.000000000000000000e+00
0.000000000000000000e+00	0.000000000000000000e+00	0.000000000000000000e+00	0.000000000000000000e+00	0.000000000000000000e+00
0.000000000000000000e+00	0.000000000000000000e+00	0.000000000000000000e+00	0.000000000000000000e+00	0.000000000000000000e+00
0.000000000000000000e+00	0.000000000000000000e+00	0.000000000000000000e+00	0.000000000000000000e+00	0.000000000000000000e+00
0.000000000000000000e+00	0.000000000000000000e+00	0.000000000000000000e+00	0.000000000000000000e+00	0.000000000000000000e+00
0.000000000000000000e+00	0.000000000000000000e+00	0.000000000000000000e+00	0.000000000000000000e+00	0.000000000000000000e+00
0.000000000000000000e+00	0.000000000000000000e+00	0.000000000000000000e+00	0.000000000000000000e+00	0.000000000000000000e+00
0.000000000000000000e+00	0.000000000000000000e+00	0.000000000000000000e+00	0.000000000000000000e+00	0.000000000000000000e+00
0.000000000000000000e+00	0.000000000000000000e+00	0.000000000000000000e+00	0.000000000000000000e+00	0.000000000000000000e+00
0.000000000000000000e+00	0.000000000000000000e+00	0.000000000000000000e+00	0.000000000000000000e+00	0.000000000000000000e+00
0.000000000000000000e+00	0.000000000000000000e+00	0.000000000000000000e+00	0.000000000000000000e+00	0.000000000000000000e+00
0.000000000000000000e+00	0.000000000000000000e+00	0.000000000000000000e+00	0.000000000000000000e+00	0.000000000000000000e+00
0.000000000000000000e+00	0.000000000000000000e+00	0.000000000000000000e+00	0.000000000000000000e+00	0.000000000000000000e+00
0.000000000000000000e+00	0.000000000000000000e+00	0.000000000000000000e+00	0.000000000000000000e+00	0.000000000000000000e+00
0.000000000000000000e+00	0.000000000000000000e+00	0.000000000000000000e+00	0.000000000000000000e+00	0.000000000000000000e+00
0.000000000000000000e+00	0.000000000000000000e+00	0.000000000000000000e+00	0.000000000000000000e+00	0.000000000000000000e+00
0.000000000000000000e+00	0.000000000000000000e+00	0.000000000000000000e+00	0.000000000000000000e+00	0.000000000000000000e+00
0.000000000000000000e+00	0.000000000000000000e+00	0.000000000000000000e+00	0.000000000000000000e+00	0.000000000000000000e+00
0.000000000000000000e+00	0.000000000000000000e+00	0.000000000000000000e+00	0.000000000000000000e+00	0.000000000000000000e+00
0.000000000000000000e+00	0.000000000000000000e+00	0.000000000000000000e+00	0.000000000000000000e+00	0.000000000000000000e+00
0.000000000000000000e+00	0.000000000000000000e+00	0.000000000000000000e+00	0.000000000000000000e+00	0.000000000000000000e+00
0.000000000000000000e+00	0.000000000000000000e+00	0.000000000000000000e+00	0.000000000000000000e+00	0.000000000000000000e+00
0.000000000000000000e+00	0.000000000000000000e+00	0.000000000000000000e+00	0.000000000000000000e+00	0.000000000000000000e+00
0.000000000000000000e+00	0.000000000000000000e+00	0.000000000000000000e+00	0.000000000000000000e+00	0.000000000000000000e+00
0.000000000000000000e+00	0.000000000000000000e+00	0.000000000000000000e+00	0.000000000000000000e+00	0.000000000000000000e+00
0.000000000000000000e+00	0.000000000000000000e+00	0.000000000000000000e+00	0.000000000000000000e+00	0.000000000000000000e+00
0.000000000000000000e+00	0.000000000000000000e+00	0.000000000000000000e+00	0.000000000000000000e+00	0.000000000000000000e+00
0.000000000000000000e+00	0.000000000000000000e+00	0.000000000000000000e+00	0.000000000000000000e+00	0.000000000000000000e+00
0.000000000000000000e+00	0.000000000000000000e+00	0.000000000000000000e+00	0.000000000000000000e+00	0.000000000000000000e+00
0.000000000000000000e+00	0.000000000000000000e+00	0.000000000000000000e+00	0.000000000000000000e+00	0.000000000000000000e+00
0.000000000000000000e+00	0.000000000000000000e+00	0.000000000000000000e+00	0.000000000000000000e+00	0.000000000000000000e+00
0.000000000000000000e+00	0.000000000000000000e+00	0.000000000000000000e+00	0.000000000000000000e+00	0.000000000000000000e+00
0.000000000000000000e+00	0.000000000000000000e+00	0.000000000000000000e+00	0.000000000000000000e+00	0.000000000000000000e+00
0.000000000000000000e+00	0.000000000000000000e+00	0.000000000000000000e+00	0.000000000000000000e+00	0.000000000000000000e+00
0.000000000000000000e+00	0.000000000000000000e+00	0.000000000000000000e+00	0.000000000000000000e+00	0.000000000000000000e+00
0.000000000000000000e+00	0.000000000000000000e+00	0.000000000000000000e+00	0.000000000000000000e+00	0.000000000000000000e+00
0.000000000000000000e+00	0.000000000000000000e+00	0.000000000000000000e+00	0.000000000000000000e+00	0.000000000000000000e+00
0.000000000000000000e+00	0.000000000000000000e+00	0.000000000000000000e+00	0.000000000000000000e+00	0.000000000000000000e+00
0.000000000000000000e+00	0.000000000000000000e+00	0.000000000000000000e+00	0.000000000000000000e+00	0.000000000000000000e+00
0.000000000000000000e+00	0.000000000000000000e+00	0.000000000000000000e+00	0.000000000000000000e+00	0.000000000000000000e+00
0.000000000000000000e+00	0.000000000000000000e+00	0.000000000000000000e+00	0.000000000000000000e+00	0.000000000000000000e+00
0.000000000000000000e+00	0.000000000000000000e+00	0.000000000000000000e+00	0.000000000000000000e+00	0.000000000000000000e+00
0.000000000000000000e+00	0.000000000000000000e+00	0.000000000000000000e+00	0.000000000000000000e+00	0.000000000000000000e+00
0.000000000000000000e+00	0.000000000000000000e+00	0.000000000000000000e+00	0.000000000000000000e+00	0.000000000000000000e+00
0.000000000000000000e+00	0.000000000000000000e+00	0.000000000000000000e+00	0.000000000000000000e+00	0.000000000000000000e+00
0.000000000000000000e+00	0.000000000000000000e+00	0.000000000000000000e+00	0.000000000000000000e+00	0.000000000000000000e+00
0.000000000000000000e+00	0.000000000000000000e+00	0.000000000000000000e+00	0.000000000000000000e+00	0.000000000000000000e+00
0.000000000000000000e+00	0.000000000000000000e+00	0.000000000000000000e+00	0.000000000000000000e+00	0.000000000000000000e+00
0.000000000000000000e+00	0.000000000000000000e+00	0.000000000000000000e+00	0.000000000000000000e+00	0.000000000000000000e+00
0.000000000000000000e+00	0.000000000000000000e+00	0.000000000000000000e+00	0.000000000000000000e+00	0.000000000000000000e+00
0.000000000000000000e+00	0.000000000000000000e+00	0.000000000000000000e+00	0.000000000000000000e+00	0.000000000000000000e+00
0.000000000000000000e+00	0.000000000000000000e+00	0.000000000000000000e+00	0.000000000000000000e+00	0.000000000000000000e+00
0.000000000000000000e+00	0.000000000000000000e+00	0.000000000000000000e+00	0.000000000000000000e+00	0.000000000000000000e+00
0.000000000000000000e+00	0.000000000000000000e+00	0.000000000000000000e+00	0.000000000000000000e+00	0.000000000000000000e+00
0.000000000000000000e+00	0.000000000000000000e+00	0.000000000000000000e+00	0.000000000000000000e+00	0.000000000000000000e+00
0.000000000000000000e+00	0.000000000000000000e+00	0.000000000000000000e+00	0.000000000000000000e+00	0.000000000000000000e+00
0.000000000000000000e+00	0.000000000000000000e+00	0.000000000000000000e+00	0.000000000000000000e+00	0.000000000000000000e+00
0.000000000000000000e+00	0.000000000000000000e+00	0.000000000000000000e+00	0.000000000000000000e+00	0.000000000000000000e+00
0.000000000000000000e+00	0.000000000000000000e+00	0.000000000000000000e+00	0.000000000000000000e+00	0.000000000000000000e+00
0.000000000000000000e+00	0.000000000000000000e+00	0.000000000000000000e+00	0.000000000000000000e+00	0.000000000000000000e+00
0.000000000000000000e+00	0.000000000000000000e+00	0.000000000000000000e+00	0.000000000000000000e+00	0.000000000000000000e+00
0.000000000000000000e+00	0.000000000000000000e+00	0.000000000000000000e+00	0.000000000000000000e+00	0.000000000000000000e+00
0.000000000000000000e+00	0.000000000000000000e+00	0.000000000000000000e+00	0.000000000000000000e+00	0.000000000000000000e+00
0.000000000000000000e+00	0.000000000000000000e+00	0.000000000000000000e+00	0.000000000000000000e+00	0.000000000000000000e+00
0.000000000000000000e+00	0.000000000000000000e+00	0.000000000000000000e+00	0.000000000000000000e+00	0.000000000000000000e+00
0.000000000000000000e+00	0.000000000000000000e+00	0.000000000000000000e+00	0.000000000000000000e+00	0.000000000000000000e+00
0.000000000000000000e+00	0.000000000000000000e+00	0.000000000000000000e+00	0.000000000000000000e+00	0.000000000000000000e+00
0.000000000000000000e+00	0.000000000000000000e+00	0.000000000000000000e+00	0.000000000000000000e+00	0.000000000000000000e+00
0.000000000000000000e+00	0.000000000000000000e+00	0.000000000000000000e+00	0.000000000000000000e+00	0.000000000000000000e+00
0.000000000000000000e+00	0.000000000000000000e+00	0.000000000000000000e+00	0.000000000000000000e+00	0.000000000000000000e+00
0.000000000000000000e+00	0.000000000000000000e+00	0.000000000000000000e+00	0.000000000000000000e+00	0.000000000000000000e+00
0.000000000000000000e+00	0.000000000000000000e+00	0.000000000000000000e+00	0.000000000000000000e+00	0.000000000000000000e+00
0.000000000000000000e+00	0.000000000000000000e+00	0.000000000000000000e+00	0.000000000000000000e+00	0.000000000000000000e+00
0.000000000000000000e+00	0.000000000000000000e+00	0.000000000000000000e+00	0.000000000000000000e+00	0.000000000000000000e+00
0.000000000000000000e+00	0.000000000000000000e+00	0.000000000000000000e+00	0.000000000000000000e+00	0.000000000000000000e+00
0.000000000000000000e+00	0.000000000000000000e+00	0.000000000000000000e+00	0.000000000000000000e+00	0.000000000000000000e+00
0.000000000000000000e+00	0.000000000000000000e+00	0.000000000000000000e+00	0.000000000000000000e+00	0.000000000000000000e+00
0.000000000000000000e+00	0.000000000000000000e+00	0.000000000000000000e+00	0.000000000000000000e+00	0.000000000000000000e+00
0.000000000000000000e+00	0.000000000000000000e+00	0.000000000000000000e+00	0.000000000000000000e+00	0.000000000000000000e+00
0.000000000000000000e+00	0.000000000000000000e+00	0.000000000000000000e+00	0.000000000000000000e+00	0.000000000000000000e+00
0.000000000000000000e+00	0.000000000000000000e+00	0.000000000000000000e+00	0.000000000000000000e+00	0.000000000000000000e+00
0.000000000000000000e+00	0.000000000000000000e+00	0.000000000000000000e+00	0.000000000000000000e+00	0.000000000000000000e+00
0.000000000000000000e+00	0.000000000000000000e+00	0.000000000000000000e+00	0.000000000000000000e+00	0.000000000000000000e+00
0.000000000000000000e+00	0.000000000000000000e+00	0.000000000000000000e+00	0.000000000000000000e+00	0.000000000000000000e+00
0.000000000000000000e+00	0.000000000000000000e+00	0.000000000000000000e+00	0.000000000000000000e+00	0.000000000000000000e+00
0.000000000000000000e+00	0.000000000000000000e+00	0.000000000000000000e+00	0.000000000000000000e+00	0.000000000000000000e+00
0.000000000000000000e+00	0.000000000000000000e+00	0.000000000000000000e+00	0.000000000000000000e+00	0.000000000000000000e+00
0.000000000000000000e+00	0.000000000000000000e+00	0.000000000000000000e+00	0.000000000000000000e+00	0.000000000000000000e+00
0.000000000000000000e+00	0.000000000000000000e+00	0.000000000000000000e+00	0.000000000000000000e+00	0.000000000000000000e+00
0.000000000000000000e+00	0.000000000000000000e+00	0.000000000000000000e+00	0.000000000000000000e+00	0.000000000000000000e+00
0.000000000000000000e+00	0.000000000000000000e+00	0.000000000000000000e+00	0.000000000000000000e+00	0.000000000000000000e+00
0.000000000000000000e+00	0.000000000000000000e+00	0.000000000000000000e+00	0.000000000000000000e+00	0.000000000000000000e+00
0.000000000000000000e+00	0.000000000000000000e+00	0.000000000000000000e+00	0.000000000000000000e+00	0.000000000000000000e+00
0.000000000000000000e+00	0.000000000000000000e+00	0.000000000000000000e+00	0.000000000000000000e+00	0.000000000000000000e+00
0.000000000000000000e+00	0.000000000000000000e+00	0.000000000000000000e+00	0.000000000000000000e+00	0.000000000000000000e+00
0.000000000000000000e+00	0.000000000000000000e+00	0.000000000000000000e+00	0.000000000000000000e+00	0.000000000000000000e+00
0.000000000000000000e+00	0.000000000000000000e+00	0.000000000000000000e+00	0.000000000000000000e+00	0.000000000000000000e+00
0.000000000000000000e+00	0.000000000000000000e+00	0.000000000000000000e+00	0.000000000000000000e+00	0.000000000000000000e+00
0.000000000000000000e+00	0.000000000000000000e+00	0.000000000000000000e+00	0.000000000000000000e+00	0.000000000000000000e+00
0.000000000000000000e+00	0.000000000000000000e+00	0.000000000000000000e+00	0.000000000000000000e+00	0.000000000000000000e+00
0.000000000000000000e+00	0.000000000000000000e+00	0.000000000000000000e+00	0.000000000000000000e+00	0.000000000000000000e+00
0.000000000000000000e+00	0.000000000000000000e+00	0.000000000000000000e+00	0.000000000000000000e+00	0.000000000000000000e+00
0.000000000000000000e+00	0.000000000000000000e+00	0.000000000000000000e+00	0.000000000000000000e+00	0.000000000000000000e+00
0.000000000000000000e+00	0.000000000000000000e+00	0.000000000000000000e+00	0.000000000000000000e+00	0.000000000000000000e+00
0.000000000000000000e+00	0.000000000000000000e+00	0.000000000000000000e+00	0.000000000000000000e+00	0.000000000000000000e+00
0.000000000000000000e+00	0.000000000000000000e+00	0.000000000000000000e+00	0.000000000000000000e+00	0.000000000000000000e+00
0.000000000000000000e+00	0.000000000000000000e+00	0.000000000000000000e+00	0.000000000000000000e+00	0.000000000000000000e+00
0.000000000000000000e+00	0.000000000000000000e+00	0.000000000000000000e+00	0.000000000000000000e+00	0.000000000000000000e+00
0.000000000000000000e+00	0.000000000000000000e+00	0.000000000000000000e+00	0.000000000000000000e+00	0.000000000000000000e+00
0.000000000000000000e+00	0.000000000000000000e+00	0.000000000000000000e+00	0.000000000000000000e+00	0.000000000000000000e+00
0.000000000000000000e+00	0.000000000000000000e+00	0.000000000000000000e+00	0.000000000000000000e+00	0.000000000000000000e+00
0.000000000000000000e+00	0.000000000000000000e+00	0.000000000000000000e+00	0.000000000000000000e+00	0.000000000000000000e+00
0.000000000000000000e+00	0.000000000000000000e+00	0.000000000000000000e+00	0.000000000000000000e+00	0.000000000000000000e+00
0.000000000000000000e+00	0.000000000000000000e+00	0.000000000000000000e+00	0.000000000000000000e+00	0.000000000000000000e+00
0.000000000000000000e+00	0.000000000000000000e+00	0.000000000000000000e+00	0.000000000000000000e+00	0.000000000000000000e+00
0.000000000000000000e+00	0.000000000000000000e+00	0.000000000000000000e+00	0.000000000000000000e+00	0.000000000000000000e+00
0.000000000000000000e+00	0.000000000000000000e+00	0.000000000000000000e+00	0.000000000000000000e+00	0.000000000000000000e+00
0.000000000000000000e+00	0.000000000000000000e+00	0.000000000000000000e+00	0.000000000000000000e+00	0.000000000000000000e+00
0.000000000000000000e+00	0.000000000000000000e+00	0.000000000000000000e+00	0.000000000000000000e+00	0.000000000000000000e+00
0.000000000000000000e+00	0.000000000000000000e+00	0.000000000000000000e+00	0.000000000000000000e+00	0.000000000000000000e+00
0.000000000000000000e+00	0.000000000000000000e+00	0.000000000000000000e+00	0.000000000000000000e+00	0.000000000000000000e+00
0.000000000000000000e+00	0.000000000000000000e+00	0.000000000000000000e+00	0.000000000000000000e+00	0.000000000000000000e+00
0.000000000000000000e+00	0.000000000000000000e+00	0.000000000000000000e+00	0.000000000000000000e+00	0.000000000000000000e+00
0.000000000000000000e+00	0.000000000000000000e+00	0.000000000000000000e+00	0.000000000000000000e+00	0.000000000000000000e+00
0.000000000000000000e+00	0.000000000000000000e+00	0.000000000000000000e+00	0.000000000000000000e+00	0.000000000000000000e+00
0.000000000000000000e+00	0.000000000000000000e+00	0.000000000000000000e+00	0.000000000000000000e+00	0.000000000000000000e+00
0.000000000000000000e+00	0.000000000000000000e+00	0.000000000000000000e+00	0.000000000000000000e+00	0.000000000000000000e+00
0.000000000000000000e+00	0.000000000000000000e+00	0.000000000000000000e+00	0.000000000000000000e+00	0.000000000000000000e+00
0.000000000000000000e+00	0.000000000000000000e+00	0.000000000000000000e+00	0.000000000000000000e+00	0.000000000000000000e+00
0.000000000000000000e+00	0.000000000000000000e+00	0.000000000000000000e+00	0.000000000000000000e+00	0.000000000000000000e+00
0.000000000000000000e+00	0.000000000000000000e+00	0.000000000000000000e+00	0.000000000000000000e+00	0.000000000000000000e+00
0.000000000000000000e+00	0.000000000000000000e+00	0.000000000000000000e+00	0.000000000000000000e+00	0.000000000000000000e+00
0.000000000000000000e+00	0.000000000000000000e+00	0.000000000000000000e+00	0.000000000000000000e+00	0.000000000000000000e+00
0.000000000000000000e+00	0.000000000000000000e+00	0.000000000000000000e+00	0.000000000000000000e+00	0.000000000000000000e+00
0.000000000000000000e+00	0.000000000000000000e+00	0.000000000000000000e+00	0.000000000000000000e+00	0.000000000000000000e+00
0.000000000000000000e+00	0.000000000000000000e+00	0.000000000000000000e+00	0.000000000000000000e+00	0.000000000000000000e+00
0.000000000000000000e+00	0.000000000000000000e+00	0.000000000000000000e+00	0.000000000000000000e+00	0.000000000000000000e+00
0.000000000000000000e+00	0.000000000000000000e+00	0.000000000000000000e+00	0.000000000000000000e+00	0.000000000000000000e+00
0.000000000000000000e+00	0.000000000000000000e+00	0.000000000000000000e+00	0.000000000000000000e+00	0.000000000000000000e+00
0.000000000000000000e+00	0.000000000000000000e+00	0.000000000000000000e+00	0.000000000000000000e+00	0.000000000000000000e+00
0.000000000000000000e+00	0.000000000000000000e+00	0.000000000000000000e+00	0.000000000000000000e+00	0.000000000000000000e+00
0.000000000000000000e+00	0.000000000000000000e+00	0.000000000000000000e+00	0.000000000000000000e+00	0.000000000000000000e+00
0.000000000000000000e+00	0.000000000000000000e+00	0.000000000000000000e+00	0.000000000000000000e+00	0.000000000000000000e+00
0.000000000000000000e+00	0.000000000000000000e+00	0.000000000000000000e+00	0.000000000000000000e+00	0.000000000000000000e+00
0.000000000000000000e+00	0.000000000000000000e+00	0.000000000000000000e+00	0.000000000000000000e+00	0.000000000000000000e+00
0.000000000000000000e+00	0.000000000000000000e+00	0.000000000000000000e+00	0.000000000000000000e+00	0.000000000000000000e+00
0.000000000000000000e+00	0.000000000000000000e+00	0.000000000000000000e+00	0.000000000000000000e+00	0.000000000000000000e+00
0.000000000000000000e+00	0.000000000000000000e+00	0.000000000000000000e+00	0.000000000000000000e+00	0.000000000000000000e+00
0.000000000000000000e+00	0.000000000000000000e+00	0.000000000000000000e+00	0.000000000000000000e+00	0.000000000000000000e+00
0.000000000000000000e+00	0.000000000000000000e+00	0.000000000000000000e+00	0.000000000000000000e+00	0.000000000000000000e+00
0.000000000000000000e+00	0.000000000000000000e+00	0.000000000000000000e+00	0.000000000000000000e+00	0.000000000000000000e+00
0.000000000000000000e+00	0.000000000000000000e+00	0.000000000000000000e+00	0.000000000000000000e+00	0.000000000000000000e+00
0.000000000000000000e+00	0.000000000000000000e+00	0.000000000000000000e+00	0.000000000000000000e+00	0.000000000000000000e+00
0.000000000000000000e+00	0.000000000000000000e+00	0.000000000000000000e+00	0.000000000000000000e+00	0.000000000000000000e+00
0.000000000000000000e+00	0.000000000000000000e+00	0.000000000000000000e+00	0.000000000000000000e+00	0.000000000000000000e+00
0.000000000000000000e+00	0.000000000000000000e+00	0.000000000000000000e+00	0.000000000000000000e+00	0.000000000000000000e+00
0.000000000000000000e+00	0.000000000000000000e+00	0.000000000000000000e+00	0.000000000000000000e+00	0.000000000000000000e+00
0.000000000000000000e+00	0.000000000000000000e+00	0.000000000000000000e+00	0.000000000000000000e+00	0.000000000000000000e+00
0.000000000000000000e+00	0.000000000000000000e+00	0.000000000000000000e+00	0.000000000000000000e+00	0.000000000000000000e+00
0.000000000000000000e+00	0.000000000000000000e+00	0.000000000000000000e+00	0.000000000000000000e+00	0.000000000000000000e+00
0.000000000000000000e+00	0.000000000000000000e+00	0.000000000000000000e+00	0.000000000000000000e+00	0.000000000000000000e+00
0.000000000000000000e+00	0.000000000000000000e+00	0.000000000000000000e+00	0.000000000000000000e+00	0.000000000000000000e+00
0.000000000000000000e+00	0.000000000000000000e+00	0.000000000000000000e+00	0.000000000000000000e+00	0.000000000000000000e+00
0.000000000000000000e+00	0.000000000000000000e+00	0.000000000000000000e+00	0.000000000000000000e+00	0.000000000000000000e+00
0.000000000000000000e+00	0.000000000000000000e+00	0.000000000000000000e+00	0.000000000000000000e+00	0.000000000000000000e+00
0.000000000000000000e+00	0.000000000000000000e+00	0.000000000000000000e+00	0.000000000000000000e+00	0.000000000000000000e+00
0.000000000000000000e+00	0.000000000000000000e+00	0.000000000000000000e+00	0.000000000000000000e+00	0.000000000000000000e+00
0.000000000000000000e+00	0.000000000000000000e+00	0.000000000000000000e+00	0.000000000000000000e+00	0.000000000000000000e+00
0.000000000000000000e+00	0.000000000000000000e+00	0.000000000000000000e+00	0.000000000000000000e+00	0.000000000000000000e+00
0.000000000000000000e+00	0.000000000000000000e+00	0.000000000000000000e+00	0.000000000000000000e+00	0.000000000000000000e+00
0.000000000000000000e+00	0.000000000000000000e+00	0.000000000000000000e+00	0.000000000000000000e+00	0.000000000000000000e+00
0.000000000000000000e+00	0.000000000000000000e+00	0.000000000000000000e+00	0.000000000000000000e+00	0.000000000000000000e+00
0.000000000000000000e+00	0.000000000000000000e+00	0.000000000000000000e+00	0.000000000000000000e+00	0.000000000000000000e+00
0.000000000000000000e+00	0.000000000000000000e+00	0.000000000000000000e+00	0.000000000000000000e+00	0.000000000000000000e+00
0.000000000000000000e+00	0.000000000000000000e+00	0.000000000000000000e+00	0.000000000000000000e+00	0.000000000000000000e+00
0.000000000000000000e+00	0.000000000000000000e+00	0.000000000000000000e+00	0.000000000000000000e+00	0.000000000000000000e+00
0.000000000000000000e+00	0.000000000000000000e+00	0.000000000000000000e+00	0.000000000000000000e+00	0.000000000000000000e+00
0.000000000000000000e+00	0.000000000000000000e+00	0.000000000000000000e+00	0.000000000000000000e+00	0.000000000000000000e+00
0.000000000000000000e+00	0.000000000000000000e+00	0.000000000000000000e+00	0.000000000000000000e+00	0.000000000000000000e+00
0.000000000000000000e+00	0.000000000000000000e+00	0.000000000000000000e+00	0.000000000000000000e+00	0.000000000000000000e+00
0.000000000000000000e+00	0.000000000000000000e+00	0.000000000000000000e+00	0.000000000000000000e+00	0.000000000000000000e+00
0.000000000000000000e+00	0.000000000000000000e+00	0.000000000000000000e+00	0.000000000000000000e+00	0.000000000000000000e+00
0.000000000000000000e+00	0.000000000000000000e+00	0.000000000000000000e+00	0.000000000000000000e+00	0.000000000000000000e+00
0.000000000000000000e+00	0.000000000000000000e+00	0.000000000000000000e+00	0.000000000000000000e+00	0.000000000000000000e+00
0.000000000000000000e+00	0.000000000000000000e+00	0.000000000000000000e+00	0.000000000000000000e+00	0.000000000000000000e+00
0.000000000000000000e+00	0.000000000000000000e+00	0.000000000000000000e+00	0.000000000000000000e+00	0.000000000000000000e+00
0.000000000000000000e+00	0.000000000000000000e+00	0.000000000000000000e+00	0.000000000000000000e+00	0.000000000000000000e+00
0.000000000000000000e+00	0.000000000000000000e+00	0.000000000000000000e+00	0.000000000000000000e+00	0.000000000000000000e+00
0.000000000000000000e+00	0.000000000000000000e+00	0.000000000000000000e+00	0.000000000000000000e+00	0.000000000000000000e+00
0.000000000000000000e+00	0.000000000000000000e+00	0.000000000000000000e+00	0.000000000000000000e+00	0.000000000000000000e+00
0.000000000000000000e+00	0.000000000000000000e+00	0.000000000000000000e+00	0.000000000000000000e+00	0.000000000000000000e+00
0.000000000000000000e+00	0.000000000000000000e+00	0.000000000000000000e+00	0.000000000000000000e+00	0.000000000000000000e+00
0.000000000000000000e+00	0.000000000000000000e+00	0.000000000000000000e+00	0.000000000000000000e+00	0.000000000000000000e+00
0.000000000000000000e+00	0.000000000000000000e+00	0.000000000000000000e+00	0.000000000000000000e+00	0.000000000000000000e+00
0.000000000000000000e+00	0.000000000000000000e+00	0.000000000000000000e+00	0.000000000000000000e+00	0.000000000000000000e+00
0.000000000000000000e+00	0.000000000000000000e+00	0.000000000000000000e+00	0.000000000000000000e+00	0.000000000000000000e+00
0.000000000000000000e+00	0.000000000000000000e+00	0.000000000000000000e+00	0.000000000000000000e+00	0.000000000000000000e+00
0.000000000000000000e+00	0.000000000000000000e+00	0.000000000000000000e+00	0.000000000000000000e+00	0.000000000000000000e+00
0.000000000000000000e+00	0.000000000000000000e+00	0.000000000000000000e+00	0.000000000000000000e+00	0.000000000000000000e+00
0.000000000000000000e+00	0.000000000000000000e+00	0.000000000000000000e+00	0.000000000000000000e+00	0.000000000000000000e+00
0.000000000000000000e+00	0.000000000000000000e+00	0.000000000000000000e+00	0.000000000000000000e+00	0.000000000000000000e+00
0.000000000000000000e+00	0.000000000000000000e+00	0.000000000000000000e+00	0.000000000000000000e+00	0.000000000000000000e+00
0.000000000000000000e+00	0.000000000000000000e+00	0.000000000000000000e+00	0.000000000000000000e+00	0.000000000000000000e+00
0.000000000000000000e+00	0.000000000000000000e+00	0.000000000000000000e+00	0.000000000000000000e+00	0.000000000000000000e+00
0.000000000000000000e+00	0.000000000000000000e+00	0.000000000000000000e+00	0.000000000000000000e+00	0.000000000000000000e+00
0.000000000000000000e+00	0.000000000000000000e+00	0.000000000000000000e+00	0.000000000000000000e+00	0.000000000000000000e+00
0.000000000000000000e+00	0.000000000000000000e+00	0.000000000000000000e+00	0.000000000000000000e+00	0.000000000000000000e+00
0.000000000000000000e+00	0.000000000000000000e+00	0.000000000000000000e+00	0.000000000000000000e+00	0.000000000000000000e+00
0.000000000000000000e+00	0.000000000000000000e+00	0.000000000000000000e+00	0.000000000000000000e+00	0.000000000000000000e+00
0.000000000000000000e+00	0.000000000000000000e+00	0.000000000000000000e+00	0.000000000000000000e+00	0.000000000000000000e+00
0.000000000000000000e+00	0.000000000000000000e+00	0.000000000000000000e+00	0.000000000000000000e+00	0.000000000000000000e+00
0.000000000000000000e+00	0.000000000000000000e+00	0.000000000000000000e+00	0.000000000000000000e+00	0.000000000000000000e+00
0.000000000000000000e+00	0.000000000000000000e+00	0.000000000000000000e+00	0.000000000000000000e+00	0.000000000000000000e+00
0.000000000000000000e+00	0.000000000000000000e+00	0.000000000000000000e+00	0.000000000000000000e+00	0.000000000000000000e+00
0.000000000000000000e+00	0.000000000000000000e+00	0.000000000000000000e+00	0.000000000000000000e+00	0.000000000000000000e+00
0.000000000000000000e+00	0.000000000000000000e+00	0.000000000000000000e+00	0.000000000000000000e+00	0.000000000000000000e+00
0.000000000000000000e+00	0.000000000000000000e+00	0.000000000000000000e+00	0.000000000000000000e+00	0.000000000000000000e+00
0.000000000000000000e+00	0.000000000000000000e+00	0.000000000000000000e+00	0.000000000000000000e+00	0.000000000000000000e+00
0.000000000000000000e+00	0.000000000000000000e+00	0.000000000000000000e+00	0.000000000000000000e+00	0.000000000000000000e+00
0.000000000000000000e+00	0.000000000000000000e+00	0.000000000000000000e+00	0.000000000000000000e+00	0.000000000000000000e+00
0.000000000000000000e+00	0.000000000000000000e+00	0.000000000000000000e+00	0.000000000000000000e+00	0.000000000000000000e+00
0.000000000000000000e+00	0.000000000000000000e+00	0.000000000000000000e+00	0.000000000000000000e+00	0.000000000000000000e+00
0.000000000000000000e+00	0.000000000000000000e+00	0.000000000000000000e+00	0.000000000000000000e+00	0.000000000000000000e+00
0.000000000000000000e+00	0.000000000000000000e+00	0.000000000000000000e+00	0.000000000000000000e+00	0.000000000000000000e+00
0.000000000000000000e+00	0.000000000000000000e+00	0.000000000000000000e+00	0.000000000000000000e+00	0.000000000000000000e+00
0.000000000000000000e+00	0.000000000000000000e+00	0.000000000000000000e+00	0.000000000000000000e+00	0.000000000000000000e+00
0.000000000000000000e+00	0.000000000000000000e+00	0.000000000000000000e+00	0.000000000000000000e+00	0.000000000000000000e+00
0.000000000000000000e+00	0.000000000000000000e+00	0.000000000000000000e+00	0.000000000000000000e+00	0.000000000000000000e+00
0.000000000000000000e+00	0.000000000000000000e+00	0.000000000000000000e+00	0.000000000000000000e+00	0.000000000000000000e+00
0.000000000000000000e+00	0.000000000000000000e+00	0.000000000000000000e+00	0.000000000000000000e+00	0.000000000000000000e+00
0.000000000000000000e+00	0.000000000000000000e+00	0.000000000000000000e+00	0.000000000000000000e+00	0.000000000000000000e+00
0.000000000000000000e+00	0.000000000000000000e+00	0.000000000000000000e+00	0.000000000000000000e+00	0.000000000000000000e+00
0.000000000000000000e+00	0.000000000000000000e+00	0.000000000000000000e+00	0.000000000000000000e+00	0.000000000000000000e+00
0.000000000000000000e+00	0.000000000000000000e+00	0.000000000000000000e+00	0.000000000000000000e+00	0.000000000000000000e+00
0.000000000000000000e+00	0.000000000000000000e+00	0.000000000000000000e+00	0.000000000000000000e+00	0.000000000000000000e+00
0.000000000000000000e+00	0.000000000000000000e+00	0.000000000000000000e+00	0.000000000000000000e+00	0.000000000000000000e+00
0.000000000000000000e+00	0.000000000000000000e+00	0.000000000000000000e+00	0.000000000000000000e+00	0.000000000000000000e+00
0.000000000000000000e+00	0.000000000000000000e+00	0.000000000000000000e+00	0.000000000000000000e+00	0.000000000000000000e+00
0.000000000000000000e+00	0.000000000000000000e+00	0.000000000000000000e+00	0.000000000000000000e+00	0.000000000000000000e+00
0.000000000000000000e+00	0.000000000000000000e+00	0.000000000000000000e+00	0.000000000000000000e+00	0.000000000000000000e+00
0.000000000000000000e+00	0.000000000000000000e+00	0.000000000000000000e+00	0.000000000000000000e+00	0.000000000000000000e+00
0.000000000000000000e+00	0.000000000000000000e+00	0.000000000000000000e+00	0.000000000000000000e+00	0.000000000000000000e+00
0.000000000000000000e+00	0.000000000000000000e+00	0.000000000000000000e+00	0.000000000000000000e+00	0.000000000000000000e+00
0.000000000000000000e+00	0.000000000000000000e+00	0.000000000000000000e+00	0.000000000000000000e+00	0.000000000000000000e+00
0.000000000000000000e+00	0.000000000000000000e+00	0.000000000000000000e+00	0.000000000000000000e+00	0.000000000000000000e+00
0.000000000000000000e+00	0.000000000000000000e+00	0.000000000000000000e+00	0.000000000000000000e+00	0.000000000000000000e+00
0.000000000000000000e+00	0.000000000000000000e+00	0.000000000000000000e+00	0.000000000000000000e+00	0.000000000000000000e+00
0.000000000000000000e+00	0.000000000000000000e+00	0.000000000000000000e+00	0.000000000000000000e+00	0.000000000000000000e+00
0.000000000000000000e+00	0.000000000000000000e+00	0.000000000000000000e+00	0.000000000000000000e+00	0.000000000000000000e+00
0.000000000000000000e+00	0.000000000000000000e+00	0.000000000000000000e+00	0.000000000000000000e+00	0.000000000000000000e+00
0.000000000000000000e+00	0.000000000000000000e+00	0.000000000000000000e+00	0.000000000000000000e+00	0.000000000000000000e+00
0.000000000000000000e+00	0.000000000000000000e+00	0.000000000000000000e+00	0.000000000000000000e+00	0.000000000000000000e+00
0.000000000000000000e+00	0.000000000000000000e+00	0.000000000000000000e+00	0.000000000000000000e+00	0.000000000000000000e+00
0.000000000000000000e+00	0.000000000000000000e+00	0.000000000000000000e+00	0.000000000000000000e+00	0.000000000000000000e+00
0.000000000000000000e+00	0.000000000000000000e+00	0.000000000000000000e+00	0.000000000000000000e+00	0.000000000000000000e+00
0.000000000000000000e+00	0.000000000000000000e+00	0.000000000000000000e+00	0.000000000000000000e+00	0.000000000000000000e+00
0.000000000000000000e+00	0.000000000000000000e+00	0.000000000000000000e+00	0.000000000000000000e+00	0.000000000000000000e+00
0.000000000000000000e+00	0.000000000000000000e+00	0.000000000000000000e+00	0.000000000000000000e+00	0.000000000000000000e+00
0.000000000000000000e+00	0.000000000000000000e+00	0.000000000000000000e+00	0.000000000000000000e+00	0.000000000000000000e+00
0.000000000000000000e+00	0.000000000000000000e+00	0.000000000000000000e+00	0.000000000000000000e+00	0.000000000000000000e+00
0.000000000000000000e+00	0.000000000000000000e+00	0.000000000000000000e+00	0.000000000000000000e+00	0.000000000000000000e+00
0.000000000000000000e+00	0.000000000000000000e+00	0.000000000000000000e+00	0.000000000000000000e+00	0.000000000000000000e+00
0.000000000000000000e+00	0.000000000000000000e+00	0.000000000000000000e+00	0.000000000000000000e+00	0.000000000000000000e+00
0.000000000000000000e+00	0.000000000000000000e+00	0.000000000000000000e+00	0.000000000000000000e+00	0.000000000000000000e+00
0.000000000000000000e+00	0.000000000000000000e+00	0.000000000000000000e+00	0.000000000000000000e+00	0.000000000000000000e+00
0.000000000000000000e+00	0.000000000000000000e+00	0.000000000000000000e+00	0.000000000000000000e+00	0.000000000000000000e+00
0.000000000000000000e+00	0.000000000000000000e+00	0.000000000000000000e+00	0.000000000000000000e+00	0.000000000000000000e+00
0.000000000000000000e+00	0.000000000000000000e+00	0.000000000000000000e+00	0.000000000000000000e+00	0.000000000000000000e+00
0.000000000000000000e+00	0.000000000000000000e+00	0.000000000000000000e+00	0.000000000000000000e+00	0.000000000000000000e+00
0.000000000000000000e+00	0.000000000000000000e+00	0.000000000000000000e+00	0.000000000000000000e+00	0.000000000000000000e+00
0.000000000000000000e+00	0.000000000000000000e+00	0.000000000000000000e+00	0.000000000000000000e+00	0.000000000000000000e+00
0.000000000000000000e+00	0.000000000000000000e+00	0.000000000000000000e+00	0.000000000000000000e+00	0.000000000000000000e+00
0.000000000000000000e+00	0.000000000000000000e+00	0.000000000000000000e+00	0.000000000000000000e+00	0.000000000000000000e+00
0.000000000000000000e+00	0.000000000000000000e+00	0.000000000000000000e+00	0.000000000000000000e+00	0.000000000000000000e+00
0.000000000000000000e+00	0.000000000000000000e+00	0.000000000000000000e+00	0.000000000000000000e+00	0.000000000000000000e+00
0.000000000000000000e+00	0.000000000000000000e+00	0.000000000000000000e+00	0.000000000000000000e+00	0.000000000000000000e+00
0.000000000000000000e+00	0.000000000000000000e+00	0.000000000000000000e+00	0.000000000000000000e+00	0.000000000000000000e+00
0.000000000000000000e+00	0.000000000000000000e+00	0.000000000000000000e+00	0.000000000000000000e+00	0.000000000000000000e+00
0.000000000000000000e+00	0.000000000000000000e+00	0.000000000000000000e+00	0.000000000000000000e+00	0.000000000000000000e+00
0.000000000000000000e+00	0.000000000000000000e+00	0.000000000000000000e+00	0.000000000000000000e+00	0.000000000000000000e+00
0.000000000000000000e+00	0.000000000000000000e+00	0.000000000000000000e+00	0.000000000000000000e+00	0.000000000000000000e+00
0.000000000000000000e+00	0.000000000000000000e+00	0.000000000000000000e+00	0.000000000000000000e+00	0.000000000000000000e+00
0.000000000000000000e+00	0.000000000000000000e+00	0.000000000000000000e+00	0.000000000000000000e+00	0.000000000000000000e+00
0.000000000000000000e+00	0.000000000000000000e+00	0.000000000000000000e+00	0.000000000000000000e+00	0.000000000000000000e+00
0.000000000000000000e+00	0.000000000000000000e+00	0.000000000000000000e+00	0.000000000000000000e+00	0.000000000000000000e+00
0.000000000000000000e+00	0.000000000000000000e+00	0.000000000000000000e+00	0.000000000000000000e+00	0.000000000000000000e+00
0.000000000000000000e+00	0.000000000000000000e+00	0.000000000000000000e+00	0.000000000000000000e+00	0.000000000000000000e+00
0.000000000000000000e+00	0.000000000000000000e+00	0.000000000000000000e+00	0.000000000000000000e+00	0.000000000000000000e+00
0.000000000000000000e+00	0.000000000000000000e+00	0.000000000000000000e+00	0.000000000000000000e+00	0.000000000000000000e+00
0.000000000000000000e+00	0.000000000000000000e+00	0.000000000000000000e+00	0.000000000000000000e+00	0.000000000000000000e+00
0.000000000000000000e+00	0.000000000000000000e+00	0.000000000000000000e+00	0.000000000000000000e+00	0.000000000000000000e+00
0.000000000000000000e+00	0.000000000000000000e+00	0.000000000000000000e+00	0.000000000000000000e+00	0.000000000000000000e+00
0.000000000000000000e+00	0.000000000000000000e+00	0.000000000000000000e+00	0.000000000000000000e+00	0.000000000000000000e+00
0.000000000000000000e+00	0.000000000000000000e+00	0.000000000000000000e+00	0.000000000000000000e+00	0.000000000000000000e+00
0.000000000000000000e+00	0.000000000000000000e+00	0.000000000000000000e+00	0.000000000000000000e+00	0.000000000000000000e+00
0.000000000000000000e+00	0.000000000000000000e+00	0.000000000000000000e+00	0.000000000000000000e+00	0.000000000000000000e+00
0.000000000000000000e+00	0.000000000000000000e+00	0.000000000000000000e+00	0.000000000000000000e+00	0.000000000000000000e+00
0.000000000000000000e+00	0.000000000000000000e+00	0.000000000000000000e+00	0.000000000000000000e+00	0.000000000000000000e+00
0.000000000000000000e+00	0.000000000000000000e+00	0.000000000000000000e+00	0.000000000000000000e+00	0.000000000000000000e+00
0.000000000000000000e+00	0.000000000000000000e+00	0.000000000000000000e+00	0.000000000000000000e+00	0.000000000000000000e+00
0.000000000000000000e+00	0.000000000000000000e+00	0.000000000000000000e+00	0.000000000000000000e+00	0.000000000000000000e+00
0.000000000000000000e+00	0.000000000000000000e+00	0.000000000000000000e+00	0.000000000000000000e+00	0.000000000000000000e+00
0.000000000000000000e+00	0.000000000000000000e+00	0.000000000000000000e+00	0.000000000000000000e+00	0.000000000000000000e+00
0.000000000000000000e+00	0.000000000000000000e+00	0.000000000000000000e+00	0.000000000000000000e+00	0.000000000000000000e+00
0.000000000000000000e+00	0.000000000000000000e+00	0.000000000000000000e+00	0.000000000000000000e+00	0.000000000000000000e+00
0.000000000000000000e+00	0.000000000000000000e+00	0.000000000000000000e+00	0.000000000000000000e+00	0.000000000000000000e+00
0.000000000000000000e+00	0.000000000000000000e+00	0.000000000000000000e+00	0.000000000000000000e+00	0.000000000000000000e+00
0.000000000000000000e+00	0.000000000000000000e+00	0.000000000000000000e+00	0.000000000000000000e+00	0.000000000000000000e+00
0.000000000000000000e+00	0.000000000000000000e+00	0.000000000000000000e+00	0.000000000000000000e+00	0.000000000000000000e+00
0.000000000000000000e+00	0.000000000000000000e+00	0.000000000000000000e+00	0.000000000000000000e+00	0.000000000000000000e+00
0.000000000000000000e+00	0.000000000000000000e+00	0.000000000000000000e+00	0.000000000000000000e+00	0.000000000000000000e+00
0.000000000000000000e+00	0.000000000000000000e+00	0.000000000000000000e+00	0.000000000000000000e+00	0.000000000000000000e+00
0.000000000000000000e+00	0.000000000000000000e+00	0.000000000000000000e+00	0.000000000000000000e+00	0.000000000000000000e+00
0.000000000000000000e+00	0.000000000000000000e+00	0.000000000000000000e+00	0.000000000000000000e+00	0.000000000000000000e+00
0.000000000000000000e+00	0.000000000000000000e+00	0.000000000000000000e+00	0.000000000000000000e+00	0.000000000000000000e+00
0.000000000000000000e+00	0.000000000000000000e+00	0.000000000000000000e+00	0.000000000000000000e+00	0.000000000000000000e+00
0.000000000000000000e+00	0.000000000000000000e+00	0.000000000000000000e+00	0.000000000000000000e+00	0.000000000000000000e+00
0.000000000000000000e+00	0.000000000000000000e+00	0.000000000000000000e+00	0.000000000000000000e+00	0.000000000000000000e+00
0.000000000000000000e+00	0.000000000000000000e+00	0.000000000000000000e+00	0.000000000000000000e+00	0.000000000000000000e+00
0.000000000000000000e+00	0.000000000000000000e+00	0.000000000000000000e+00	0.000000000000000000e+00	0.000000000000000000e+00
0.000000000000000000e+00	0.000000000000000000e+00	0.000000000000000000e+00	0.000000000000000000e+00	0.000000000000000000e+00
0.000000000000000000e+00	0.000000000000000000e+00	0.000000000000000000e+00	0.000000000000000000e+00	0.000000000000000000e+00
0.000000000000000000e+00	0.000000000000000000e+00	0.000000000000000000e+00	0.000000000000000000e+00	0.000000000000000000e+00
0.000000000000000000e+00	0.000000000000000000e+00	0.000000000000000000e+00	0.000000000000000000e+00	0.000000000000000000e+00
0.000000000000000000e+00	0.000000000000000000e+00	0.000000000000000000e+00	0.000000000000000000e+00	0.000000000000000000e+00
0.000000000000000000e+00	0.000000000000000000e+00	0.000000000000000000e+00	0.000000000000000000e+00	0.000000000000000000e+00
0.000000000000000000e+00	0.000000000000000000e+00	0.000000000000000000e+00	0.000000000000000000e+00	0.000000000000000000e+00
0.000000000000000000e+00	0.000000000000000000e+00	0.000000000000000000e+00	0.000000000000000000e+00	0.000000000000000000e+00
0.000000000000000000e+00	0.000000000000000000e+00	0.000000000000000000e+00	0.000000000000000000e+00	0.000000000000000000e+00
0.000000000000000000e+00	0.000000000000000000e+00	0.000000000000000000e+00	0.000000000000000000e+00	0.000000000000000000e+00
0.000000000000000000e+00	0.000000000000000000e+00	0.000000000000000000e+00	0.000000000000000000e+00	0.000000000000000000e+00
0.000000000000000000e+00	0.000000000000000000e+00	0.000000000000000000e+00	0.000000000000000000e+00	0.000000000000000000e+00
0.000000000000000000e+00	0.000000000000000000e+00	0.000000000000000000e+00	0.000000000000000000e+00	0.000000000000000000e+00
0.000000000000000000e+00	0.000000000000000000e+00	0.000000000000000000e+00	0.000000000000000000e+00	0.000000000000000000e+00
0.000000000000000000e+00	0.000000000000000000e+00	0.000000000000000000e+00	0.000000000000000000e+00	0.000000000000000000e+00
0.000000000000000000e+00	0.000000000000000000e+00	0.000000000000000000e+00	0.000000000000000000e+00	0.000000000000000000e+00
0.000000000000000000e+00	0.000000000000000000e+00	0.000000000000000000e+00	0.000000000000000000e+00	0.000000000000000000e+00
0.000000000000000000e+00	0.000000000000000000e+00	0.000000000000000000e+00	0.000000000000000000e+00	0.000000000000000000e+00
0.000000000000000000e+00	0.000000000000000000e+00	0.000000000000000000e+00	0.000000000000000000e+00	0.000000000000000000e+00
0.000000000000000000e+00	0.000000000000000000e+00	0.000000000000000000e+00	0.000000000000000000e+00	0.000000000000000000e+00
0.000000000000000000e+00	0.000000000000000000e+00	0.000000000000000000e+00	0.000000000000000000e+00	0.000000000000000000e+00
0.000000000000000000e+00	0.000000000000000000e+00	0.000000000000000000e+00	0.000000000000000000e+00	0.000000000000000000e+00
0.000000000000000000e+00	0.000000000000000000e+00	0.000000000000000000e+00	0.000000000000000000e+00	0.000000000000000000e+00
0.000000000000000000e+00	0.000000000000000000e+00	0.000000000000000000e+00	0.000000000000000000e+00	0.000000000000000000e+00
0.000000000000000000e+00	0.000000000000000000e+00	0.000000000000000000e+00	0.000000000000000000e+00	0.000000000000000000e+00
0.000000000000000000e+00	0.000000000000000000e+00	0.000000000000000000e+00	0.000000000000000000e+00	0.000000000000000000e+00
0.000000000000000000e+00	0.000000000000000000e+00	0.000000000000000000e+00	0.000000000000000000e+00	0.000000000000000000e+00
0.000000000000000000e+00	0.000000000000000000e+00	0.000000000000000000e+00	0.000000000000000000e+00	0.000000000000000000e+00
0.000000000000000000e+00	0.000000000000000000e+00	0.000000000000000000e+00	0.000000000000000000e+00	0.000000000000000000e+00
0.000000000000000000e+00	0.000000000000000000e+00	0.000000000000000000e+00	0.000000000000000000e+00	0.000000000000000000e+00
0.000000000000000000e+00	0.000000000000000000e+00	0.000000000000000000e+00	0.000000000000000000e+00	0.000000000000000000e+00
0.000000000000000000e+00	0.000000000000000000e+00	0.000000000000000000e+00	0.000000000000000000e+00	0.000000000000000000e+00
0.000000000000000000e+00	0.000000000000000000e+00	0.000000000000000000e+00	0.000000000000000000e+00	0.000000000000000000e+00
0.000000000000000000e+00	0.000000000000000000e+00	0.000000000000000000e+00	0.000000000000000000e+00	0.000000000000000000e+00
0.000000000000000000e+00	0.000000000000000000e+00	0.000000000000000000e+00	0.000000000000000000e+00	0.000000000000000000e+00
0.000000000000000000e+00	0.000000000000000000e+00	0.000000000000000000e+00	0.000000000000000000e+00	0.000000000000000000e+00
0.000000000000000000e+00	0.000000000000000000e+00	0.000000000000000000e+00	0.000000000000000000e+00	0.000000000000000000e+00
0.000000000000000000e+00	0.000000000000000000e+00	0.000000000000000000e+00	0.000000000000000000e+00	0.000000000000000000e+00
0.000000000000000000e+00	0.000000000000000000e+00	0.000000000000000000e+00	0.000000000000000000e+00	0.000000000000000000e+00
0.000000000000000000e+00	0.000000000000000000e+00	0.000000000000000000e+00	0.000000000000000000e+00	0.000000000000000000e+00
0.000000000000000000e+00	0.000000000000000000e+00	0.000000000000000000e+00	0.000000000000000000e+00	0.000000000000000000e+00
0.000000000000000000e+00	0.000000000000000000e+00	0.000000000000000000e+00	0.000000000000000000e+00	0.000000000000000000e+00
0.000000000000000000e+00	0.000000000000000000e+00	0.000000000000000000e+00	0.000000000000000000e+00	0.000000000000000000e+00
0.000000000000000000e+00	0.000000000000000000e+00	0.000000000000000000e+00	0.000000000000000000e+00	0.000000000000000000e+00
0.000000000000000000e+00	0.000000000000000000e+00	0.000000000000000000e+00	0.000000000000000000e+00	0.000000000000000000e+00
0.000000000000000000e+00	0.000000000000000000e+00	0.000000000000000000e+00	0.000000000000000000e+00	0.000000000000000000e+00
0.000000000000000000e+00	0.000000000000000000e+00	0.000000000000000000e+00	0.000000000000000000e+00	0.000000000000000000e+00
0.000000000000000000e+00	0.000000000000000000e+00	0.000000000000000000e+00	0.000000000000000000e+00	0.000000000000000000e+00
0.000000000000000000e+00	0.000000000000000000e+00	0.000000000000000000e+00	0.000000000000000000e+00	0.000000000000000000e+00
0.000000000000000000e+00	0.000000000000000000e+00	0.000000000000000000e+00	0.000000000000000000e+00	0.000000000000000000e+00
0.000000000000000000e+00	0.000000000000000000e+00	0.000000000000000000e+00	0.000000000000000000e+00	0.000000000000000000e+00
0.000000000000000000e+00	0.000000000000000000e+00	0.000000000000000000e+00	0.000000000000000000e+00	0.000000000000000000e+00
0.000000000000000000e+00	0.000000000000000000e+00	0.000000000000000000e+00	0.000000000000000000e+00	0.000000000000000000e+00
0.000000000000000000e+00	0.000000000000000000e+00	0.000000000000000000e+00	0.000000000000000000e+00	0.000000000000000000e+00
0.000000000000000000e+00	0.000000000000000000e+00	0.000000000000000000e+00	0.000000000000000000e+00	0.000000000000000000e+00
0.000000000000000000e+00	0.000000000000000000e+00	0.000000000000000000e+00	0.000000000000000000e+00	0.000000000000000000e+00
0.000000000000000000e+00	0.000000000000000000e+00	0.000000000000000000e+00	0.000000000000000000e+00	0.000000000000000000e+00
0.000000000000000000e+00	0.000000000000000000e+00	0.000000000000000000e+00	0.000000000000000000e+00	0.000000000000000000e+00
0.000000000000000000e+00	0.000000000000000000e+00	0.000000000000000000e+00	0.000000000000000000e+00	0.000000000000000000e+00
0.000000000000000000e+00	0.000000000000000000e+00	0.000000000000000000e+00	0.000000000000000000e+00	0.000000000000000000e+00
0.000000000000000000e+00	0.000000000000000000e+00	0.000000000000000000e+00	0.000000000000000000e+00	0.000000000000000000e+00
0.000000000000000000e+00	0.000000000000000000e+00	0.000000000000000000e+00	0.000000000000000000e+00	0.000000000000000000e+00
0.000000000000000000e+00	0.000000000000000000e+00	0.000000000000000000e+00	0.000000000000000000e+00	0.000000000000000000e+00
0.000000000000000000e+00	0.000000000000000000e+00	0.000000000000000000e+00	0.000000000000000000e+00	0.000000000000000000e+00
0.000000000000000000e+00	0.000000000000000000e+00	0.000000000000000000e+00	0.000000000000000000e+00	0.000000000000000000e+00
0.000000000000000000e+00	0.000000000000000000e+00	0.000000000000000000e+00	0.000000000000000000e+00	0.000000000000000000e+00
0.000000000000000000e+00	0.000000000000000000e+00	0.000000000000000000e+00	0.000000000000000000e+00	0.000000000000000000e+00
0.000000000000000000e+00	0.000000000000000000e+00	0.000000000000000000e+00	0.000000000000000000e+00	0.000000000000000000e+00
0.000000000000000000e+00	0.000000000000000000e+00	0.000000000000000000e+00	0.000000000000000000e+00	0.000000000000000000e+00
0.000000000000000000e+00	0.000000000000000000e+00	0.000000000000000000e+00	0.000000000000000000e+00	0.000000000000000000e+00
0.000000000000000000e+00	0.000000000000000000e+00	0.000000000000000000e+00	0.000000000000000000e+00	0.000000000000000000e+00
0.000000000000000000e+00	0.000000000000000000e+00	0.000000000000000000e+00	0.000000000000000000e+00	0.000000000000000000e+00
0.000000000000000000e+00	0.000000000000000000e+00	0.000000000000000000e+00	0.000000000000000000e+00	0.000000000000000000e+00
0.000000000000000000e+00	0.000000000000000000e+00	0.000000000000000000e+00	0.000000000000000000e+00	0.000000000000000000e+00
0.000000000000000000e+00	0.000000000000000000e+00	0.000000000000000000e+00	0.000000000000000000e+00	0.000000000000000000e+00
0.000000000000000000e+00	0.000000000000000000e+00	0.000000000000000000e+00	0.000000000000000000e+00	0.000000000000000000e+00
0.000000000000000000e+00	0.000000000000000000e+00	0.000000000000000000e+00	0.000000000000000000e+00	0.000000000000000000e+00
0.000000000000000000e+00	0.000000000000000000e+00	0.000000000000000000e+00	0.000000000000000000e+00	0.000000000000000000e+00
0.000000000000000000e+00	0.000000000000000000e+00	0.000000000000000000e+00	0.000000000000000000e+00	0.000000000000000000e+00
0.000000000000000000e+00	0.000000000000000000e+00	0.000000000000000000e+00	0.000000000000000000e+00	0.000000000000000000e+00
0.000000000000000000e+00	0.000000000000000000e+00	0.000000000000000000e+00	0.000000000000000000e+00	0.000000000000000000e+00
0.000000000000000000e+00	0.000000000000000000e+00	0.000000000000000000e+00	0.000000000000000000e+00	0.000000000000000000e+00
0.000000000000000000e+00	0.000000000000000000e+00	0.000000000000000000e+00	0.000000000000000000e+00	0.000000000000000000e+00
0.000000000000000000e+00	0.000000000000000000e+00	0.000000000000000000e+00	0.000000000000000000e+00	0.000000000000000000e+00
0.000000000000000000e+00	0.000000000000000000e+00	0.000000000000000000e+00	0.000000000000000000e+00	0.000000000000000000e+00
0.000000000000000000e+00	0.000000000000000000e+00	0.000000000000000000e+00	0.000000000000000000e+00	0.000000000000000000e+00
0.000000000000000000e+00	0.000000000000000000e+00	0.000000000000000000e+00	0.000000000000000000e+00	0.000000000000000000e+00
0.000000000000000000e+00	0.000000000000000000e+00	0.000000000000000000e+00	0.000000000000000000e+00	0.000000000000000000e+00
0.000000000000000000e+00	0.000000000000000000e+00	0.000000000000000000e+00	0.000000000000000000e+00	0.000000000000000000e+00
0.000000000000000000e+00	0.000000000000000000e+00	0.000000000000000000e+00	0.000000000000000000e+00	0.000000000000000000e+00
0.000000000000000000e+00	0.000000000000000000e+00	0.000000000000000000e+00	0.000000000000000000e+00	0.000000000000000000e+00
0.000000000000000000e+00	0.000000000000000000e+00	0.000000000000000000e+00	0.000000000000000000e+00	0.000000000000000000e+00
0.000000000000000000e+00	0.000000000000000000e+00	0.000000000000000000e+00	0.000000000000000000e+00	0.000000000000000000e+00
0.000000000000000000e+00	0.000000000000000000e+00	0.000000000000000000e+00	0.000000000000000000e+00	0.000000000000000000e+00
0.000000000000000000e+00	0.000000000000000000e+00	0.000000000000000000e+00	0.000000000000000000e+00	0.000000000000000000e+00
0.000000000000000000e+00	0.000000000000000000e+00	0.000000000000000000e+00	0.000000000000000000e+00	0.000000000000000000e+00
0.000000000000000000e+00	0.000000000000000000e+00	0.000000000000000000e+00	0.000000000000000000e+00	0.000000000000000000e+00
0.000000000000000000e+00	0.000000000000000000e+00	0.000000000000000000e+00	0.000000000000000000e+00	0.000000000000000000e+00
0.000000000000000000e+00	0.000000000000000000e+00	0.000000000000000000e+00	0.000000000000000000e+00	0.000000000000000000e+00
0.000000000000000000e+00	0.000000000000000000e+00	0.000000000000000000e+00	0.000000000000000000e+00	0.000000000000000000e+00
0.000000000000000000e+00	0.000000000000000000e+00	0.000000000000000000e+00	0.000000000000000000e+00	0.000000000000000000e+00
-3.000854000000000087e+04	0.000000000000000000e+00	0.000000000000000000e+00	4.394665364543595687e-02	0.000000000000000000e+00
-3.000852000000000044e+04	0.000000000000000000e+00	0.000000000000000000e+00	3.936887722403637629e-02	0.000000000000000000e+00
-3.000850999999999840e+04	0.000000000000000000e+00	0.000000000000000000e+00	4.638813440351573225e-02	0.000000000000000000e+00
-3.000850000000000000e+04	0.000000000000000000e+00	0.000000000000000000e+00	4.089480269783624111e-02	0.000000000000000000e+00
-3.000849000000000160e+04	0.000000000000000000e+00	0.000000000000000000e+00	4.608294930875576206e-02	0.000000000000000000e+00
-3.000847999999999956e+04	0.000000000000000000e+00	0.000000000000000000e+00	6.500442518387401780e-02	0.000000000000000000e+00
-3.000847999999999956e+04	0.000000000000000000e+00	0.000000000000000000e+00	5.981627857295449685e-02	0.000000000000000000e+00
-3.000847000000000116e+04	0.000000000000000000e+00	0.000000000000000000e+00	4.760887478255561994e-02	0.000000000000000000e+00
-3.000845999999999913e+04	0.000000000000000000e+00	0.000000000000000000e+00	4.455702383495590418e-02	0.000000000000000000e+00
-3.000845999999999913e+04	0.000000000000000000e+00	0.000000000000000000e+00	4.333628345591601649e-02	0.000000000000000000e+00
-3.000845000000000073e+04	0.000000000000000000e+00	0.000000000000000000e+00	5.310220648823511802e-02	0.000000000000000000e+00
-3.000845000000000073e+04	0.000000000000000000e+00	0.000000000000000000e+00	4.608294930875576206e-02	0.000000000000000000e+00
-3.000843999999999869e+04	0.000000000000000000e+00	0.000000000000000000e+00	4.333628345591601649e-02	0.000000000000000000e+00
-3.000841999999999825e+04	0.000000000000000000e+00	0.000000000000000000e+00	3.936887722403637629e-02	0.000000000000000000e+00
-3.000840999999999985e+04	0.000000000000000000e+00	0.000000000000000000e+00	4.303109836115603937e-02	0.000000000000000000e+00
-3.000838999999999942e+04	0.000000000000000000e+00	0.000000000000000000e+00	4.638813440351573225e-02	0.000000000000000000e+00
-3.000838000000000102e+04	0.000000000000000000e+00	0.000000000000000000e+00	4.211554307687612880e-02	0.000000000000000000e+00
-3.000836999999999898e+04	0.000000000000000000e+00	0.000000000000000000e+00	4.852443006683553745e-02	0.000000000000000000e+00
-3.000836000000000058e+04	0.000000000000000000e+00	0.000000000000000000e+00	5.005035554063539532e-02	0.000000000000000000e+00
-3.000836000000000058e+04	0.000000000000000000e+00	0.000000000000000000e+00	4.150517288735618149e-02	0.000000000000000000e+00
-3.000834999999999854e+04	0.000000000000000000e+00	0.000000000000000000e+00	5.066072573015534264e-02	0.000000000000000000e+00
-3.000834000000000015e+04	0.000000000000000000e+00	0.000000000000000000e+00	4.364146855067598668e-02	0.000000000000000000e+00
-3.000833000000000175e+04	0.000000000000000000e+00	0.000000000000000000e+00	4.303109836115603937e-02	0.000000000000000000e+00
-3.000831999999999971e+04	0.000000000000000000e+00	0.000000000000000000e+00	3.753776665547654823e-02	0.000000000000000000e+00
-3.000831000000000131e+04	0.000000000000000000e+00	0.000000000000000000e+00	4.699850459303567957e-02	0.000000000000000000e+00
-3.000831000000000131e+04	0.000000000000000000e+00	0.000000000000000000e+00	4.821924497207556726e-02	0.000000000000000000e+00
-3.000829999999999927e+04	0.000000000000000000e+00	0.000000000000000000e+00	4.547257911923581475e-02	0.000000000000000000e+00
-3.000829999999999927e+04	0.000000000000000000e+00	0.000000000000000000e+00	4.455702383495590418e-02	0.000000000000000000e+00
-3.000829000000000087e+04	0.000000000000000000e+00	0.000000000000000000e+00	4.699850459303567957e-02	0.000000000000000000e+00
-3.000827000000000044e+04	0.000000000000000000e+00	0.000000000000000000e+00	4.791405987731559013e-02	0.000000000000000000e+00
-3.000825000000000000e+04	0.000000000000000000e+00	0.000000000000000000e+00	4.699850459303567957e-02	0.000000000000000000e+00
-3.000825000000000000e+04	0.000000000000000000e+00	0.000000000000000000e+00	4.913480025635547782e-02	0.000000000000000000e+00
-3.000822999999999956e+04	0.000000000000000000e+00	0.000000000000000000e+00	5.035554063539536551e-02	0.000000000000000000e+00
-3.000822000000000116e+04	0.000000000000000000e+00	0.000000000000000000e+00	5.066072573015534264e-02	0.000000000000000000e+00
-3.000820999999999913e+04	0.000000000000000000e+00	0.000000000000000000e+00	5.401776177251502858e-02	0.000000000000000000e+00
-3.000820000000000073e+04	0.000000000000000000e+00	0.000000000000000000e+00	4.852443006683553745e-02	0.000000000000000000e+00
-3.000818999999999869e+04	0.000000000000000000e+00	0.000000000000000000e+00	4.242072817163609899e-02	0.000000000000000000e+00
-3.000818000000000029e+04	0.000000000000000000e+00	0.000000000000000000e+00	4.638813440351573225e-02	0.000000000000000000e+00
-3.000815999999999985e+04	0.000000000000000000e+00	0.000000000000000000e+00	4.058961760307626399e-02	0.000000000000000000e+00
-3.000815000000000146e+04	0.000000000000000000e+00	0.000000000000000000e+00	4.730368968779564975e-02	0.000000000000000000e+00
-3.000813999999999942e+04	0.000000000000000000e+00	0.000000000000000000e+00	5.523850215155491628e-02	0.000000000000000000e+00
-3.000813000000000102e+04	0.000000000000000000e+00	0.000000000000000000e+00	4.760887478255561994e-02	0.000000000000000000e+00
-3.000811999999999898e+04	0.000000000000000000e+00	0.000000000000000000e+00	4.791405987731559013e-02	0.000000000000000000e+00
-3.000809999999999854e+04	0.000000000000000000e+00	0.000000000000000000e+00	4.303109836115603937e-02	0.000000000000000000e+00
-3.000809000000000015e+04	0.000000000000000000e+00	0.000000000000000000e+00	4.821924497207556726e-02	0.000000000000000000e+00
-3.000808000000000175e+04	0.000000000000000000e+00	0.000000000000000000e+00	4.730368968779564975e-02	0.000000000000000000e+00
-3.000806999999999971e+04	0.000000000000000000e+00	0.000000000000000000e+00	4.577776421399579188e-02	0.000000000000000000e+00
-3.000806999999999971e+04	0.000000000000000000e+00	0.000000000000000000e+00	4.486220892971587437e-02	0.000000000000000000e+00
-3.000806000000000131e+04	0.000000000000000000e+00	0.000000000000000000e+00	5.218665120395520052e-02	0.000000000000000000e+00
-3.000804999999999927e+04	0.000000000000000000e+00	0.000000000000000000e+00	4.638813440351573225e-02	0.000000000000000000e+00
-3.000804000000000087e+04	0.000000000000000000e+00	0.000000000000000000e+00	5.066072573015534264e-02	0.000000000000000000e+00
-3.000802999999999884e+04	0.000000000000000000e+00	0.000000000000000000e+00	5.005035554063539532e-02	0.000000000000000000e+00
-3.000802000000000044e+04	0.000000000000000000e+00	0.000000000000000000e+00	5.066072573015534264e-02	0.000000000000000000e+00
-3.000800999999999840e+04	0.000000000000000000e+00	0.000000000000000000e+00	5.096591082491531283e-02	0.000000000000000000e+00
-3.000800999999999840e+04	0.000000000000000000e+00	0.000000000000000000e+00	4.730368968779564975e-02	0.000000000000000000e+00
-3.000800000000000000e+04	0.000000000000000000e+00	0.000000000000000000e+00	5.767998290963469166e-02	0.000000000000000000e+00
-3.000800000000000000e+04	0.000000000000000000e+00	0.000000000000000000e+00	4.760887478255561994e-02	0.000000000000000000e+00
-3.000799000000000160e+04	0.000000000000000000e+00	0.000000000000000000e+00	4.699850459303567957e-02	0.000000000000000000e+00
-3.000799000000000160e+04	0.000000000000000000e+00	0.000000000000000000e+00	4.608294930875576206e-02	0.000000000000000000e+00
-3.000797999999999956e+04	0.000000000000000000e+00	0.000000000000000000e+00	4.791405987731559013e-02	0.000000000000000000e+00
-3.000797000000000116e+04	0.000000000000000000e+00	0.000000000000000000e+00	5.279702139347514089e-02	0.000000000000000000e+00
-3.000795999999999913e+04	0.000000000000000000e+00	0.000000000000000000e+00	5.157628101443525320e-02	0.000000000000000000e+00
-3.000793999999999869e+04	0.000000000000000000e+00	0.000000000000000000e+00	4.943998535111545495e-02	0.000000000000000000e+00
-3.000793999999999869e+04	0.000000000000000000e+00	0.000000000000000000e+00	5.615405743583483378e-02	0.000000000000000000e+00
-3.000793000000000029e+04	0.000000000000000000e+00	0.000000000000000000e+00	4.821924497207556726e-02	0.000000000000000000e+00
-3.000791999999999825e+04	0.000000000000000000e+00	0.000000000000000000e+00	5.005035554063539532e-02	0.000000000000000000e+00
-3.000790000000000146e+04	0.000000000000000000e+00	0.000000000000000000e+00	5.432294686727500571e-02	0.000000000000000000e+00
-3.000790000000000146e+04	0.000000000000000000e+00	0.000000000000000000e+00	5.035554063539536551e-02	0.000000000000000000e+00
-3.000788999999999942e+04	0.000000000000000000e+00	0.000000000000000000e+00	5.859553819391460916e-02	0.000000000000000000e+00
-3.000788000000000102e+04	0.000000000000000000e+00	0.000000000000000000e+00	5.890072328867457935e-02	0.000000000000000000e+00
-3.000786999999999898e+04	0.000000000000000000e+00	0.000000000000000000e+00	5.493331705679494609e-02	0.000000000000000000e+00
-3.000786000000000058e+04	0.000000000000000000e+00	0.000000000000000000e+00	6.042664876247444417e-02	0.000000000000000000e+00
-3.000784000000000015e+04	0.000000000000000000e+00	0.000000000000000000e+00	5.676442762535478109e-02	0.000000000000000000e+00
-3.000784000000000015e+04	0.000000000000000000e+00	0.000000000000000000e+00	5.035554063539536551e-02	0.000000000000000000e+00
-3.000783000000000175e+04	0.000000000000000000e+00	0.000000000000000000e+00	5.310220648823511802e-02	0.000000000000000000e+00
-3.000781999999999971e+04	0.000000000000000000e+00	0.000000000000000000e+00	6.103701895199438454e-02	0.000000000000000000e+00
-3.000781000000000131e+04	0.000000000000000000e+00	0.000000000000000000e+00	5.737479781487472147e-02	0.000000000000000000e+00
-3.000779999999999927e+04	0.000000000000000000e+00	0.000000000000000000e+00	5.462813196203497590e-02	0.000000000000000000e+00
-3.000779000000000087e+04	0.000000000000000000e+00	0.000000000000000000e+00	5.310220648823511802e-02	0.000000000000000000e+00
-3.000779000000000087e+04	0.000000000000000000e+00	0.000000000000000000e+00	5.310220648823511802e-02	0.000000000000000000e+00
-3.000777999999999884e+04	0.000000000000000000e+00	0.000000000000000000e+00	5.188146610919523033e-02	0.000000000000000000e+00
-3.000777000000000044e+04	0.000000000000000000e+00	0.000000000000000000e+00	4.730368968779564975e-02	0.000000000000000000e+00
-3.000775999999999840e+04	0.000000000000000000e+00	0.000000000000000000e+00	4.638813440351573225e-02	0.000000000000000000e+00
-3.000775999999999840e+04	0.000000000000000000e+00	0.000000000000000000e+00	5.066072573015534264e-02	0.000000000000000000e+00
-3.000774000000000160e+04	0.000000000000000000e+00	0.000000000000000000e+00	4.913480025635547782e-02	0.000000000000000000e+00
-3.000772999999999956e+04	0.000000000000000000e+00	0.000000000000000000e+00	6.042664876247444417e-02	0.000000000000000000e+00
-3.000772000000000116e+04	0.000000000000000000e+00	0.000000000000000000e+00	5.035554063539536551e-02	0.000000000000000000e+00
-3.000770999999999913e+04	0.000000000000000000e+00	0.000000000000000000e+00	5.493331705679494609e-02	0.000000000000000000e+00
-3.000768999999999869e+04	0.000000000000000000e+00	0.000000000000000000e+00	5.249183629871517071e-02	0.000000000000000000e+00
-3.000768000000000029e+04	0.000000000000000000e+00	0.000000000000000000e+00	5.920590838343455647e-02	0.000000000000000000e+00
-3.000766999999999825e+04	0.000000000000000000e+00	0.000000000000000000e+00	5.188146610919523033e-02	0.000000000000000000e+00
-3.000765999999999985e+04	0.000000000000000000e+00	0.000000000000000000e+00	5.890072328867457935e-02	0.000000000000000000e+00
-3.000763999999999942e+04	0.000000000000000000e+00	0.000000000000000000e+00	4.730368968779564975e-02	0.000000000000000000e+00
-3.000763000000000102e+04	0.000000000000000000e+00	0.000000000000000000e+00	5.676442762535478109e-02	0.000000000000000000e+00
-3.000761999999999898e+04	0.000000000000000000e+00	0.000000000000000000e+00	5.767998290963469166e-02	0.000000000000000000e+00
-3.000759999999999854e+04	0.000000000000000000e+00	0.000000000000000000e+00	4.638813440351573225e-02	0.000000000000000000e+00
-3.000759999999999854e+04	0.000000000000000000e+00	0.000000000000000000e+00	4.791405987731559013e-02	0.000000000000000000e+00
-3.000759000000000015e+04	0.000000000000000000e+00	0.000000000000000000e+00	4.760887478255561994e-02	0.000000000000000000e+00
-3.000758000000000175e+04	0.000000000000000000e+00	0.000000000000000000e+00	5.157628101443525320e-02	0.000000000000000000e+00
-3.000756999999999971e+04	0.000000000000000000e+00	0.000000000000000000e+00	5.096591082491531283e-02	0.000000000000000000e+00
-3.000754999999999927e+04	0.000000000000000000e+00	0.000000000000000000e+00	6.347849971007415992e-02	0.000000000000000000e+00
-3.000754000000000087e+04	0.000000000000000000e+00	0.000000000000000000e+00	6.103701895199438454e-02	0.000000000000000000e+00
-3.000752999999999884e+04	0.000000000000000000e+00	0.000000000000000000e+00	5.951109347819452666e-02	0.000000000000000000e+00
-3.000752000000000044e+04	0.000000000000000000e+00	0.000000000000000000e+00	5.096591082491531283e-02	0.000000000000000000e+00
-3.000752000000000044e+04	0.000000000000000000e+00	0.000000000000000000e+00	6.347849971007415992e-02	0.000000000000000000e+00
-3.000750999999999840e+04	0.000000000000000000e+00	0.000000000000000000e+00	5.005035554063539532e-02	0.000000000000000000e+00
-3.000750000000000000e+04	0.000000000000000000e+00	0.000000000000000000e+00	6.439405499435407743e-02	0.000000000000000000e+00
-3.000749000000000160e+04	0.000000000000000000e+00	0.000000000000000000e+00	5.554368724631489340e-02	0.000000000000000000e+00
-3.000747999999999956e+04	0.000000000000000000e+00	0.000000000000000000e+00	5.462813196203497590e-02	0.000000000000000000e+00
-3.000747999999999956e+04	0.000000000000000000e+00	0.000000000000000000e+00	5.737479781487472147e-02	0.000000000000000000e+00
-3.000745999999999913e+04	0.000000000000000000e+00	0.000000000000000000e+00	7.080294198431348607e-02	0.000000000000000000e+00
-3.000745000000000073e+04	0.000000000000000000e+00	0.000000000000000000e+00	6.408886989959410030e-02	0.000000000000000000e+00
-3.000745000000000073e+04	0.000000000000000000e+00	0.000000000000000000e+00	5.951109347819452666e-02	0.000000000000000000e+00
-3.000743999999999869e+04	0.000000000000000000e+00	0.000000000000000000e+00	6.042664876247444417e-02	0.000000000000000000e+00
-3.000741999999999825e+04	0.000000000000000000e+00	0.000000000000000000e+00	4.821924497207556726e-02	0.000000000000000000e+00
-3.000740999999999985e+04	0.000000000000000000e+00	0.000000000000000000e+00	5.096591082491531283e-02	0.000000000000000000e+00
-3.000738999999999942e+04	0.000000000000000000e+00	0.000000000000000000e+00	5.279702139347514089e-02	0.000000000000000000e+00
-3.000738000000000102e+04	0.000000000000000000e+00	0.000000000000000000e+00	5.951109347819452666e-02	0.000000000000000000e+00
-3.000736000000000058e+04	0.000000000000000000e+00	0.000000000000000000e+00	5.218665120395520052e-02	0.000000000000000000e+00
-3.000734000000000015e+04	0.000000000000000000e+00	0.000000000000000000e+00	5.279702139347514089e-02	0.000000000000000000e+00
-3.000733000000000175e+04	0.000000000000000000e+00	0.000000000000000000e+00	5.523850215155491628e-02	0.000000000000000000e+00
-3.000731999999999971e+04	0.000000000000000000e+00	0.000000000000000000e+00	4.943998535111545495e-02	0.000000000000000000e+00
-3.000729999999999927e+04	0.000000000000000000e+00	0.000000000000000000e+00	5.005035554063539532e-02	0.000000000000000000e+00
-3.000729000000000087e+04	0.000000000000000000e+00	0.000000000000000000e+00	5.462813196203497590e-02	0.000000000000000000e+00
-3.000727999999999884e+04	0.000000000000000000e+00	0.000000000000000000e+00	6.591998046815393530e-02	0.000000000000000000e+00
-3.000727000000000044e+04	0.000000000000000000e+00	0.000000000000000000e+00	5.554368724631489340e-02	0.000000000000000000e+00
-3.000725999999999840e+04	0.000000000000000000e+00	0.000000000000000000e+00	6.042664876247444417e-02	0.000000000000000000e+00
-3.000725000000000000e+04	0.000000000000000000e+00	0.000000000000000000e+00	4.516739402447584456e-02	0.000000000000000000e+00
-3.000724000000000160e+04	0.000000000000000000e+00	0.000000000000000000e+00	5.401776177251502858e-02	0.000000000000000000e+00
-3.000722999999999956e+04	0.000000000000000000e+00	0.000000000000000000e+00	5.859553819391460916e-02	0.000000000000000000e+00
-3.000722000000000116e+04	0.000000000000000000e+00	0.000000000000000000e+00	5.615405743583483378e-02	0.000000000000000000e+00
-3.000720999999999913e+04	0.000000000000000000e+00	0.000000000000000000e+00	5.676442762535478109e-02	0.000000000000000000e+00
-3.000720000000000073e+04	0.000000000000000000e+00	0.000000000000000000e+00	6.256294442579424242e-02	0.000000000000000000e+00
-3.000718000000000029e+04	0.000000000000000000e+00	0.000000000000000000e+00	5.615405743583483378e-02	0.000000000000000000e+00
-3.000716999999999825e+04	0.000000000000000000e+00	0.000000000000000000e+00	6.866664632099368781e-02	0.000000000000000000e+00
-3.000715000000000146e+04	0.000000000000000000e+00	0.000000000000000000e+00	5.981627857295449685e-02	0.000000000000000000e+00
-3.000713999999999942e+04	0.000000000000000000e+00	0.000000000000000000e+00	5.554368724631489340e-02	0.000000000000000000e+00
-3.000713000000000102e+04	0.000000000000000000e+00	0.000000000000000000e+00	5.218665120395520052e-02	0.000000000000000000e+00
-3.000711000000000058e+04	0.000000000000000000e+00	0.000000000000000000e+00	5.615405743583483378e-02	0.000000000000000000e+00
-3.000709999999999854e+04	0.000000000000000000e+00	0.000000000000000000e+00	5.493331705679494609e-02	0.000000000000000000e+00
-3.000708000000000175e+04	0.000000000000000000e+00	0.000000000000000000e+00	6.164738914151433186e-02	0.000000000000000000e+00
-3.000706999999999971e+04	0.000000000000000000e+00	0.000000000000000000e+00	5.066072573015534264e-02	0.000000000000000000e+00
-3.000704999999999927e+04	0.000000000000000000e+00	0.000000000000000000e+00	4.943998535111545495e-02	0.000000000000000000e+00
-3.000704000000000087e+04	0.000000000000000000e+00	0.000000000000000000e+00	5.554368724631489340e-02	0.000000000000000000e+00
-3.000702000000000044e+04	0.000000000000000000e+00	0.000000000000000000e+00	7.843256935331278934e-02	0.000000000000000000e+00
-3.000700999999999840e+04	0.000000000000000000e+00	0.000000000000000000e+00	7.263405255287332107e-02	0.000000000000000000e+00
-3.000700000000000000e+04	0.000000000000000000e+00	0.000000000000000000e+00	6.744590594195379318e-02	0.000000000000000000e+00
-3.000699000000000160e+04	0.000000000000000000e+00	0.000000000000000000e+00	6.500442518387401780e-02	0.000000000000000000e+00
-3.000697999999999956e+04	0.000000000000000000e+00	0.000000000000000000e+00	5.859553819391460916e-02	0.000000000000000000e+00
-3.000697999999999956e+04	0.000000000000000000e+00	0.000000000000000000e+00	6.042664876247444417e-02	0.000000000000000000e+00
-3.000697000000000116e+04	0.000000000000000000e+00	0.000000000000000000e+00	7.202368236335338070e-02	0.000000000000000000e+00
-3.000695000000000073e+04	0.000000000000000000e+00	0.000000000000000000e+00	6.256294442579424242e-02	0.000000000000000000e+00
-3.000693000000000029e+04	0.000000000000000000e+00	0.000000000000000000e+00	5.951109347819452666e-02	0.000000000000000000e+00
-3.000691999999999825e+04	0.000000000000000000e+00	0.000000000000000000e+00	5.798516800439466878e-02	0.000000000000000000e+00
-3.000690999999999985e+04	0.000000000000000000e+00	0.000000000000000000e+00	6.012146366771446704e-02	0.000000000000000000e+00
-3.000690000000000146e+04	0.000000000000000000e+00	0.000000000000000000e+00	6.042664876247444417e-02	0.000000000000000000e+00
-3.000688000000000102e+04	0.000000000000000000e+00	0.000000000000000000e+00	6.439405499435407743e-02	0.000000000000000000e+00
-3.000686999999999898e+04	0.000000000000000000e+00	0.000000000000000000e+00	6.103701895199438454e-02	0.000000000000000000e+00
-3.000686000000000058e+04	0.000000000000000000e+00	0.000000000000000000e+00	6.347849971007415992e-02	0.000000000000000000e+00
-3.000684000000000015e+04	0.000000000000000000e+00	0.000000000000000000e+00	6.683553575243385281e-02	0.000000000000000000e+00
-3.000683000000000175e+04	0.000000000000000000e+00	0.000000000000000000e+00	5.951109347819452666e-02	0.000000000000000000e+00
-3.000681999999999971e+04	0.000000000000000000e+00	0.000000000000000000e+00	5.432294686727500571e-02	0.000000000000000000e+00
-3.000681000000000131e+04	0.000000000000000000e+00	0.000000000000000000e+00	5.096591082491531283e-02	0.000000000000000000e+00
-3.000679999999999927e+04	0.000000000000000000e+00	0.000000000000000000e+00	6.500442518387401780e-02	0.000000000000000000e+00
-3.000677000000000044e+04	0.000000000000000000e+00	0.000000000000000000e+00	6.805627613147373356e-02	0.000000000000000000e+00
-3.000675000000000000e+04	0.000000000000000000e+00	0.000000000000000000e+00	5.859553819391460916e-02	0.000000000000000000e+00
-3.000672999999999956e+04	0.000000000000000000e+00	0.000000000000000000e+00	6.195257423627430204e-02	0.000000000000000000e+00
-3.000670999999999913e+04	0.000000000000000000e+00	0.000000000000000000e+00	5.981627857295449685e-02	0.000000000000000000e+00
-3.000668999999999869e+04	0.000000000000000000e+00	0.000000000000000000e+00	6.317331461531418280e-02	0.000000000000000000e+00
-3.000666999999999825e+04	0.000000000000000000e+00	0.000000000000000000e+00	7.415997802667317895e-02	0.000000000000000000e+00
-3.000665999999999985e+04	0.000000000000000000e+00	0.000000000000000000e+00	7.049775688955350894e-02	0.000000000000000000e+00
-3.000663999999999942e+04	0.000000000000000000e+00	0.000000000000000000e+00	6.561479537339395818e-02	0.000000000000000000e+00
-3.000663000000000102e+04	0.000000000000000000e+00	0.000000000000000000e+00	6.134220404675435473e-02	0.000000000000000000e+00
-3.000661999999999898e+04	0.000000000000000000e+00	0.000000000000000000e+00	6.683553575243385281e-02	0.000000000000000000e+00
-3.000659999999999854e+04	0.000000000000000000e+00	0.000000000000000000e+00	6.805627613147373356e-02	0.000000000000000000e+00
-3.000659000000000015e+04	0.000000000000000000e+00	0.000000000000000000e+00	6.927701651051362819e-02	0.000000000000000000e+00
-3.000658000000000175e+04	0.000000000000000000e+00	0.000000000000000000e+00	6.164738914151433186e-02	0.000000000000000000e+00
-3.000656999999999971e+04	0.000000000000000000e+00	0.000000000000000000e+00	6.591998046815393530e-02	0.000000000000000000e+00
-3.000656000000000131e+04	0.000000000000000000e+00	0.000000000000000000e+00	6.469924008911405455e-02	0.000000000000000000e+00
-3.000652999999999884e+04	0.000000000000000000e+00	0.000000000000000000e+00	7.995849482711264722e-02	0.000000000000000000e+00
-3.000650999999999840e+04	0.000000000000000000e+00	0.000000000000000000e+00	6.958220160527360532e-02	0.000000000000000000e+00
-3.000649000000000160e+04	0.000000000000000000e+00	0.000000000000000000e+00	6.347849971007415992e-02	0.000000000000000000e+00
-3.000647000000000116e+04	0.000000000000000000e+00	0.000000000000000000e+00	7.019257179479354569e-02	0.000000000000000000e+00
-3.000643999999999869e+04	0.000000000000000000e+00	0.000000000000000000e+00	6.805627613147373356e-02	0.000000000000000000e+00
-3.000641999999999825e+04	0.000000000000000000e+00	0.000000000000000000e+00	6.469924008911405455e-02	0.000000000000000000e+00
-3.000640999999999985e+04	0.000000000000000000e+00	0.000000000000000000e+00	6.653035065767387568e-02	0.000000000000000000e+00
-3.000640000000000146e+04	0.000000000000000000e+00	0.000000000000000000e+00	6.927701651051362819e-02	0.000000000000000000e+00
-3.000638000000000102e+04	0.000000000000000000e+00	0.000000000000000000e+00	7.080294198431348607e-02	0.000000000000000000e+00
-3.000636000000000058e+04	0.000000000000000000e+00	0.000000000000000000e+00	6.469924008911405455e-02	0.000000000000000000e+00
-3.000634999999999854e+04	0.000000000000000000e+00	0.000000000000000000e+00	6.500442518387401780e-02	0.000000000000000000e+00
-3.000634000000000015e+04	0.000000000000000000e+00	0.000000000000000000e+00	6.469924008911405455e-02	0.000000000000000000e+00
-3.000633000000000175e+04	0.000000000000000000e+00	0.000000000000000000e+00	7.446516312143315608e-02	0.000000000000000000e+00
-3.000631000000000131e+04	0.000000000000000000e+00	0.000000000000000000e+00	7.965330973235267009e-02	0.000000000000000000e+00
-3.000629000000000087e+04	0.000000000000000000e+00	0.000000000000000000e+00	7.324442274239326145e-02	0.000000000000000000e+00
-3.000627000000000044e+04	0.000000000000000000e+00	0.000000000000000000e+00	7.263405255287332107e-02	0.000000000000000000e+00
-3.000625000000000000e+04	0.000000000000000000e+00	0.000000000000000000e+00	6.836146122623371069e-02	0.000000000000000000e+00
-3.000620999999999913e+04	0.000000000000000000e+00	0.000000000000000000e+00	6.866664632099368781e-02	0.000000000000000000e+00
-3.000618999999999869e+04	0.000000000000000000e+00	0.000000000000000000e+00	7.019257179479354569e-02	0.000000000000000000e+00
-3.000616999999999825e+04	0.000000000000000000e+00	0.000000000000000000e+00	6.958220160527360532e-02	0.000000000000000000e+00
-3.000613999999999942e+04	0.000000000000000000e+00	0.000000000000000000e+00	6.164738914151433186e-02	0.000000000000000000e+00
-3.000611999999999898e+04	0.000000000000000000e+00	0.000000000000000000e+00	7.263405255287332107e-02	0.000000000000000000e+00
-3.000609000000000015e+04	0.000000000000000000e+00	0.000000000000000000e+00	7.080294198431348607e-02	0.000000000000000000e+00
-3.000606999999999971e+04	0.000000000000000000e+00	0.000000000000000000e+00	6.683553575243385281e-02	0.000000000000000000e+00
-3.000604999999999927e+04	0.000000000000000000e+00	0.000000000000000000e+00	7.568590350047303683e-02	0.000000000000000000e+00
-3.000602999999999884e+04	0.000000000000000000e+00	0.000000000000000000e+00	7.202368236335338070e-02	0.000000000000000000e+00
-3.000600000000000000e+04	0.000000000000000000e+00	0.000000000000000000e+00	7.110812707907346319e-02	0.000000000000000000e+00
-3.000597999999999956e+04	0.000000000000000000e+00	0.000000000000000000e+00	7.599108859523301396e-02	0.000000000000000000e+00
-3.000597000000000116e+04	0.000000000000000000e+00	0.000000000000000000e+00	7.446516312143315608e-02	0.000000000000000000e+00
-3.000595000000000073e+04	0.000000000000000000e+00	0.000000000000000000e+00	7.415997802667317895e-02	0.000000000000000000e+00
-3.000593000000000029e+04	0.000000000000000000e+00	0.000000000000000000e+00	7.782219916379283509e-02	0.000000000000000000e+00
-3.000591999999999825e+04	0.000000000000000000e+00	0.000000000000000000e+00	7.721182897427289471e-02	0.000000000000000000e+00
-3.000590000000000146e+04	0.000000000000000000e+00	0.000000000000000000e+00	7.263405255287332107e-02	0.000000000000000000e+00
-3.000588000000000102e+04	0.000000000000000000e+00	0.000000000000000000e+00	7.721182897427289471e-02	0.000000000000000000e+00
-3.000586000000000058e+04	0.000000000000000000e+00	0.000000000000000000e+00	8.453627124851222085e-02	0.000000000000000000e+00
-3.000584000000000015e+04	0.000000000000000000e+00	0.000000000000000000e+00	9.460737937559129951e-02	0.000000000000000000e+00
-3.000581999999999971e+04	0.000000000000000000e+00	0.000000000000000000e+00	7.446516312143315608e-02	0.000000000000000000e+00
-3.000579000000000087e+04	0.000000000000000000e+00	0.000000000000000000e+00	8.331553086947234010e-02	0.000000000000000000e+00
-3.000575999999999840e+04	0.000000000000000000e+00	0.000000000000000000e+00	8.331553086947234010e-02	0.000000000000000000e+00
-3.000572999999999956e+04	0.000000000000000000e+00	0.000000000000000000e+00	7.293923764763328432e-02	0.000000000000000000e+00
-3.000572000000000116e+04	0.000000000000000000e+00	0.000000000000000000e+00	7.324442274239326145e-02	0.000000000000000000e+00
-3.000568999999999869e+04	0.000000000000000000e+00	0.000000000000000000e+00	7.721182897427289471e-02	0.000000000000000000e+00
-3.000565000000000146e+04	0.000000000000000000e+00	0.000000000000000000e+00	7.538071840571305970e-02	0.000000000000000000e+00
-3.000561999999999898e+04	0.000000000000000000e+00	0.000000000000000000e+00	7.263405255287332107e-02	0.000000000000000000e+00
-3.000559999999999854e+04	0.000000000000000000e+00	0.000000000000000000e+00	7.507553331095309646e-02	0.000000000000000000e+00
-3.000558000000000175e+04	0.000000000000000000e+00	0.000000000000000000e+00	8.362071596423230335e-02	0.000000000000000000e+00
-3.000554999999999927e+04	0.000000000000000000e+00	0.000000000000000000e+00	7.904293954283272972e-02	0.000000000000000000e+00
-3.000552000000000044e+04	0.000000000000000000e+00	0.000000000000000000e+00	7.904293954283272972e-02	0.000000000000000000e+00
-3.000549000000000160e+04	0.000000000000000000e+00	0.000000000000000000e+00	8.026367992187261047e-02	0.000000000000000000e+00
-3.000545999999999913e+04	0.000000000000000000e+00	0.000000000000000000e+00	8.667256691183203299e-02	0.000000000000000000e+00
-3.000543999999999869e+04	0.000000000000000000e+00	0.000000000000000000e+00	8.453627124851222085e-02	0.000000000000000000e+00
-3.000540999999999985e+04	0.000000000000000000e+00	0.000000000000000000e+00	8.453627124851222085e-02	0.000000000000000000e+00
-3.000538000000000102e+04	0.000000000000000000e+00	0.000000000000000000e+00	6.836146122623371069e-02	0.000000000000000000e+00
-3.000536999999999898e+04	0.000000000000000000e+00	0.000000000000000000e+00	8.056886501663258759e-02	0.000000000000000000e+00
-3.000533000000000175e+04	0.000000000000000000e+00	0.000000000000000000e+00	8.209479049043244547e-02	0.000000000000000000e+00
-3.000529999999999927e+04	0.000000000000000000e+00	0.000000000000000000e+00	8.758812219611193661e-02	0.000000000000000000e+00
-3.000527999999999884e+04	0.000000000000000000e+00	0.000000000000000000e+00	8.819849238563189087e-02	0.000000000000000000e+00
-3.000525000000000000e+04	0.000000000000000000e+00	0.000000000000000000e+00	8.728293710135197336e-02	0.000000000000000000e+00
-3.000522999999999956e+04	0.000000000000000000e+00	0.000000000000000000e+00	8.606219672231207873e-02	0.000000000000000000e+00
-3.000520000000000073e+04	0.000000000000000000e+00	0.000000000000000000e+00	9.369182409131138201e-02	0.000000000000000000e+00
-3.000515999999999985e+04	0.000000000000000000e+00	0.000000000000000000e+00	8.331553086947234010e-02	0.000000000000000000e+00
-3.000513000000000102e+04	0.000000000000000000e+00	0.000000000000000000e+00	8.545182653279213836e-02	0.000000000000000000e+00
-3.000509999999999854e+04	0.000000000000000000e+00	0.000000000000000000e+00	8.819849238563189087e-02	0.000000000000000000e+00
-3.000506999999999971e+04	0.000000000000000000e+00	0.000000000000000000e+00	9.186071352275154700e-02	0.000000000000000000e+00
-3.000504000000000087e+04	0.000000000000000000e+00	0.000000000000000000e+00	8.362071596423230335e-02	0.000000000000000000e+00
-3.000502000000000044e+04	0.000000000000000000e+00	0.000000000000000000e+00	8.575701162755211548e-02	0.000000000000000000e+00
-3.000497999999999956e+04	0.000000000000000000e+00	0.000000000000000000e+00	8.362071596423230335e-02	0.000000000000000000e+00
-3.000495000000000073e+04	0.000000000000000000e+00	0.000000000000000000e+00	8.728293710135197336e-02	0.000000000000000000e+00
-3.000490999999999985e+04	0.000000000000000000e+00	0.000000000000000000e+00	8.941923276467177162e-02	0.000000000000000000e+00
-3.000486000000000058e+04	0.000000000000000000e+00	0.000000000000000000e+00	8.941923276467177162e-02	0.000000000000000000e+00
-3.000481000000000131e+04	0.000000000000000000e+00	0.000000000000000000e+00	9.735404522843103814e-02	0.000000000000000000e+00
-3.000477000000000044e+04	0.000000000000000000e+00	0.000000000000000000e+00	9.887997070223090990e-02	0.000000000000000000e+00
-3.000472999999999956e+04	0.000000000000000000e+00	0.000000000000000000e+00	9.613330484939115739e-02	0.000000000000000000e+00
-3.000470000000000073e+04	0.000000000000000000e+00	0.000000000000000000e+00	9.979552598651081352e-02	0.000000000000000000e+00
-3.000466999999999825e+04	0.000000000000000000e+00	0.000000000000000000e+00	9.887997070223090990e-02	0.000000000000000000e+00
-3.000463999999999942e+04	0.000000000000000000e+00	0.000000000000000000e+00	1.126132999664296447e-01	0.000000000000000000e+00
-3.000459000000000015e+04	0.000000000000000000e+00	0.000000000000000000e+00	9.857478560747093277e-02	0.000000000000000000e+00
-3.000456000000000131e+04	0.000000000000000000e+00	0.000000000000000000e+00	1.001007110812707906e-01	0.000000000000000000e+00
-3.000450999999999840e+04	0.000000000000000000e+00	0.000000000000000000e+00	1.010162663655507082e-01	0.000000000000000000e+00
-3.000447000000000116e+04	0.000000000000000000e+00	0.000000000000000000e+00	1.025421918393505660e-01	0.000000000000000000e+00
-3.000443000000000029e+04	0.000000000000000000e+00	0.000000000000000000e+00	1.019318216498306257e-01	0.000000000000000000e+00
-3.000438999999999942e+04	0.000000000000000000e+00	0.000000000000000000e+00	1.016266365550706485e-01	0.000000000000000000e+00
-3.000434999999999854e+04	0.000000000000000000e+00	0.000000000000000000e+00	1.019318216498306257e-01	0.000000000000000000e+00
-3.000431000000000131e+04	0.000000000000000000e+00	0.000000000000000000e+00	1.043733024079104010e-01	0.000000000000000000e+00
-3.000427999999999884e+04	0.000000000000000000e+00	0.000000000000000000e+00	9.887997070223090990e-02	0.000000000000000000e+00
-3.000425000000000000e+04	0.000000000000000000e+00	0.000000000000000000e+00	1.046784875026703643e-01	0.000000000000000000e+00
-3.000422000000000116e+04	0.000000000000000000e+00	0.000000000000000000e+00	1.007110812707907310e-01	0.000000000000000000e+00
-3.000418999999999869e+04	0.000000000000000000e+00	0.000000000000000000e+00	1.016266365550706485e-01	0.000000000000000000e+00
-3.000415000000000146e+04	0.000000000000000000e+00	0.000000000000000000e+00	1.071199682607501397e-01	0.000000000000000000e+00
-3.000411000000000058e+04	0.000000000000000000e+00	0.000000000000000000e+00	1.116977446821497272e-01	0.000000000000000000e+00
-3.000408000000000175e+04	0.000000000000000000e+00	0.000000000000000000e+00	1.034577471236304835e-01	0.000000000000000000e+00
-3.000404000000000087e+04	0.000000000000000000e+00	0.000000000000000000e+00	1.107821893978698097e-01	0.000000000000000000e+00
-3.000402000000000044e+04	0.000000000000000000e+00	0.000000000000000000e+00	1.110873744926297868e-01	0.000000000000000000e+00
-3.000397999999999956e+04	0.000000000000000000e+00	0.000000000000000000e+00	1.196325571459089937e-01	0.000000000000000000e+00
-3.000395000000000073e+04	0.000000000000000000e+00	0.000000000000000000e+00	1.196325571459089937e-01	0.000000000000000000e+00
-3.000391999999999825e+04	0.000000000000000000e+00	0.000000000000000000e+00	1.129184850611896079e-01	0.000000000000000000e+00
-3.000388000000000102e+04	0.000000000000000000e+00	0.000000000000000000e+00	1.193273720511490166e-01	0.000000000000000000e+00
-3.000384000000000015e+04	0.000000000000000000e+00	0.000000000000000000e+00	1.235999633777886270e-01	0.000000000000000000e+00
-3.000381000000000131e+04	0.000000000000000000e+00	0.000000000000000000e+00	1.171910763878292183e-01	0.000000000000000000e+00
-3.000379000000000087e+04	0.000000000000000000e+00	0.000000000000000000e+00	1.232947782830286637e-01	0.000000000000000000e+00
-3.000377000000000044e+04	0.000000000000000000e+00	0.000000000000000000e+00	1.089510788293099747e-01	0.000000000000000000e+00
-3.000375000000000000e+04	0.000000000000000000e+00	0.000000000000000000e+00	1.156651509140293604e-01	0.000000000000000000e+00
-3.000372999999999956e+04	0.000000000000000000e+00	0.000000000000000000e+00	1.101718192083498693e-01	0.000000000000000000e+00
-3.000370000000000073e+04	0.000000000000000000e+00	0.000000000000000000e+00	1.174962614825891954e-01	0.000000000000000000e+00
-3.000368000000000029e+04	0.000000000000000000e+00	0.000000000000000000e+00	1.171910763878292183e-01	0.000000000000000000e+00
-3.000365000000000146e+04	0.000000000000000000e+00	0.000000000000000000e+00	1.205481124301889112e-01	0.000000000000000000e+00
-3.000363000000000102e+04	0.000000000000000000e+00	0.000000000000000000e+00	1.196325571459089937e-01	0.000000000000000000e+00
-3.000359999999999854e+04	0.000000000000000000e+00	0.000000000000000000e+00	1.223792229987487462e-01	0.000000000000000000e+00
-3.000356999999999971e+04	0.000000000000000000e+00	0.000000000000000000e+00	1.226844080935087095e-01	0.000000000000000000e+00
-3.000354000000000087e+04	0.000000000000000000e+00	0.000000000000000000e+00	1.205481124301889112e-01	0.000000000000000000e+00
-3.000352000000000044e+04	0.000000000000000000e+00	0.000000000000000000e+00	1.174962614825891954e-01	0.000000000000000000e+00
-3.000350000000000000e+04	0.000000000000000000e+00	0.000000000000000000e+00	1.321451460310678339e-01	0.000000000000000000e+00
-3.000349000000000160e+04	0.000000000000000000e+00	0.000000000000000000e+00	1.193273720511490166e-01	0.000000000000000000e+00
-3.000345999999999913e+04	0.000000000000000000e+00	0.000000000000000000e+00	1.272621845149082831e-01	0.000000000000000000e+00
-3.000343000000000029e+04	0.000000000000000000e+00	0.000000000000000000e+00	1.303140354625079989e-01	0.000000000000000000e+00
-3.000340999999999985e+04	0.000000000000000000e+00	0.000000000000000000e+00	1.254310739463484481e-01	0.000000000000000000e+00
-3.000338999999999942e+04	0.000000000000000000e+00	0.000000000000000000e+00	1.251258888515884848e-01	0.000000000000000000e+00
-3.000336999999999898e+04	0.000000000000000000e+00	0.000000000000000000e+00	1.318399609363078706e-01	0.000000000000000000e+00
-3.000334999999999854e+04	0.000000000000000000e+00	0.000000000000000000e+00	1.361125522629474671e-01	0.000000000000000000e+00
-3.000334000000000015e+04	0.000000000000000000e+00	0.000000000000000000e+00	1.278725547044282373e-01	0.000000000000000000e+00
-3.000333000000000175e+04	0.000000000000000000e+00	0.000000000000000000e+00	1.242103335673085673e-01	0.000000000000000000e+00
-3.000331000000000131e+04	0.000000000000000000e+00	0.000000000000000000e+00	1.272621845149082831e-01	0.000000000000000000e+00
-3.000329000000000087e+04	0.000000000000000000e+00	0.000000000000000000e+00	1.293984801782281091e-01	0.000000000000000000e+00
-3.000327999999999884e+04	0.000000000000000000e+00	0.000000000000000000e+00	1.199377422406689708e-01	0.000000000000000000e+00
-3.000325000000000000e+04	0.000000000000000000e+00	0.000000000000000000e+00	1.251258888515884848e-01	0.000000000000000000e+00
-3.000322999999999956e+04	0.000000000000000000e+00	0.000000000000000000e+00	1.312295907467879164e-01	0.000000000000000000e+00
-3.000322000000000116e+04	0.000000000000000000e+00	0.000000000000000000e+00	1.324503311258278249e-01	0.000000000000000000e+00
-3.000320000000000073e+04	0.000000000000000000e+00	0.000000000000000000e+00	1.358073671681875039e-01	0.000000000000000000e+00
-3.000316999999999825e+04	0.000000000000000000e+00	0.000000000000000000e+00	1.342814416943876599e-01	0.000000000000000000e+00
-3.000315999999999985e+04	0.000000000000000000e+00	0.000000000000000000e+00	1.422162541581469264e-01	0.000000000000000000e+00
-3.000313000000000102e+04	0.000000000000000000e+00	0.000000000000000000e+00	1.391644032105472106e-01	0.000000000000000000e+00
-3.000311000000000058e+04	0.000000000000000000e+00	0.000000000000000000e+00	1.416058839686269721e-01	0.000000000000000000e+00
-3.000309999999999854e+04	0.000000000000000000e+00	0.000000000000000000e+00	1.385540330210272564e-01	0.000000000000000000e+00
-3.000308000000000175e+04	0.000000000000000000e+00	0.000000000000000000e+00	1.409955137791070179e-01	0.000000000000000000e+00
-3.000304999999999927e+04	0.000000000000000000e+00	0.000000000000000000e+00	1.342814416943876599e-01	0.000000000000000000e+00
-3.000304000000000087e+04	0.000000000000000000e+00	0.000000000000000000e+00	1.467940305795464861e-01	0.000000000000000000e+00
-3.000302000000000044e+04	0.000000000000000000e+00	0.000000000000000000e+00	1.486251411481063212e-01	0.000000000000000000e+00
-3.000300000000000000e+04	0.000000000000000000e+00	0.000000000000000000e+00	1.361125522629474671e-01	0.000000000000000000e+00
-3.000297999999999956e+04	0.000000000000000000e+00	0.000000000000000000e+00	1.501510666219061929e-01	0.000000000000000000e+00
-3.000295000000000073e+04	0.000000000000000000e+00	0.000000000000000000e+00	1.605273598437452209e-01	0.000000000000000000e+00
-3.000293000000000029e+04	0.000000000000000000e+00	0.000000000000000000e+00	1.422162541581469264e-01	0.000000000000000000e+00
-3.000290999999999985e+04	0.000000000000000000e+00	0.000000000000000000e+00	1.443525498214667246e-01	0.000000000000000000e+00
-3.000288999999999942e+04	0.000000000000000000e+00	0.000000000000000000e+00	1.455732902005066054e-01	0.000000000000000000e+00
-3.000286999999999898e+04	0.000000000000000000e+00	0.000000000000000000e+00	1.351969969786675496e-01	0.000000000000000000e+00
-3.000286000000000058e+04	0.000000000000000000e+00	0.000000000000000000e+00	1.446577349162266879e-01	0.000000000000000000e+00
-3.000283000000000175e+04	0.000000000000000000e+00	0.000000000000000000e+00	1.394695883053071739e-01	0.000000000000000000e+00
-3.000279999999999927e+04	0.000000000000000000e+00	0.000000000000000000e+00	1.422162541581469264e-01	0.000000000000000000e+00
-3.000277000000000044e+04	0.000000000000000000e+00	0.000000000000000000e+00	1.406903286843470546e-01	0.000000000000000000e+00
-3.000275000000000000e+04	0.000000000000000000e+00	0.000000000000000000e+00	1.547288430433057527e-01	0.000000000000000000e+00
-3.000272999999999956e+04	0.000000000000000000e+00	0.000000000000000000e+00	1.428266243476668529e-01	0.000000000000000000e+00
-3.000270999999999913e+04	0.000000000000000000e+00	0.000000000000000000e+00	1.498458815271462019e-01	0.000000000000000000e+00
-3.000268999999999869e+04	0.000000000000000000e+00	0.000000000000000000e+00	1.528977324747459454e-01	0.000000000000000000e+00
-3.000266999999999825e+04	0.000000000000000000e+00	0.000000000000000000e+00	1.605273598437452209e-01	0.000000000000000000e+00
-3.000265000000000146e+04	0.000000000000000000e+00	0.000000000000000000e+00	1.568651387066255787e-01	0.000000000000000000e+00
-3.000263999999999942e+04	0.000000000000000000e+00	0.000000000000000000e+00	1.510666219061861104e-01	0.000000000000000000e+00
-3.000263000000000102e+04	0.000000000000000000e+00	0.000000000000000000e+00	1.568651387066255787e-01	0.000000000000000000e+00
-3.000261000000000058e+04	0.000000000000000000e+00	0.000000000000000000e+00	1.525925473799859544e-01	0.000000000000000000e+00
-3.000259000000000015e+04	0.000000000000000000e+00	0.000000000000000000e+00	1.464888454847865229e-01	0.000000000000000000e+00
-3.000258000000000175e+04	0.000000000000000000e+00	0.000000000000000000e+00	1.559495834223456612e-01	0.000000000000000000e+00
-3.000256999999999971e+04	0.000000000000000000e+00	0.000000000000000000e+00	1.489303262428663122e-01	0.000000000000000000e+00
-3.000256000000000131e+04	0.000000000000000000e+00	0.000000000000000000e+00	1.464888454847865229e-01	0.000000000000000000e+00
-3.000254000000000087e+04	0.000000000000000000e+00	0.000000000000000000e+00	1.532029175695059087e-01	0.000000000000000000e+00
-3.000250000000000000e+04	0.000000000000000000e+00	0.000000000000000000e+00	1.544236579485457894e-01	0.000000000000000000e+00
-3.000247999999999956e+04	0.000000000000000000e+00	0.000000000000000000e+00	1.577806939909054962e-01	0.000000000000000000e+00
-3.000247000000000116e+04	0.000000000000000000e+00	0.000000000000000000e+00	1.602221747489852577e-01	0.000000000000000000e+00
-3.000245999999999913e+04	0.000000000000000000e+00	0.000000000000000000e+00	1.550340281380657437e-01	0.000000000000000000e+00
-3.000243999999999869e+04	0.000000000000000000e+00	0.000000000000000000e+00	1.458784752952665686e-01	0.000000000000000000e+00
-3.000240999999999985e+04	0.000000000000000000e+00	0.000000000000000000e+00	1.580858790856654594e-01	0.000000000000000000e+00
-3.000238999999999942e+04	0.000000000000000000e+00	0.000000000000000000e+00	1.617481002227851294e-01	0.000000000000000000e+00
-3.000236000000000058e+04	0.000000000000000000e+00	0.000000000000000000e+00	1.605273598437452209e-01	0.000000000000000000e+00
-3.000233000000000175e+04	0.000000000000000000e+00	0.000000000000000000e+00	1.544236579485457894e-01	0.000000000000000000e+00
-3.000231000000000131e+04	0.000000000000000000e+00	0.000000000000000000e+00	1.577806939909054962e-01	0.000000000000000000e+00
-3.000229000000000087e+04	0.000000000000000000e+00	0.000000000000000000e+00	1.669362468337046435e-01	0.000000000000000000e+00
-3.000227000000000044e+04	0.000000000000000000e+00	0.000000000000000000e+00	1.644947660756248542e-01	0.000000000000000000e+00
-3.000225999999999840e+04	0.000000000000000000e+00	0.000000000000000000e+00	1.831110568559831675e-01	0.000000000000000000e+00
-3.000224000000000160e+04	0.000000000000000000e+00	0.000000000000000000e+00	1.782280953398236167e-01	0.000000000000000000e+00
-3.000222000000000116e+04	0.000000000000000000e+00	0.000000000000000000e+00	1.678518021179845610e-01	0.000000000000000000e+00
-3.000220999999999913e+04	0.000000000000000000e+00	0.000000000000000000e+00	1.709036530655842767e-01	0.000000000000000000e+00
-3.000218999999999869e+04	0.000000000000000000e+00	0.000000000000000000e+00	1.644947660756248542e-01	0.000000000000000000e+00
-3.000216999999999825e+04	0.000000000000000000e+00	0.000000000000000000e+00	1.647999511703848452e-01	0.000000000000000000e+00
-3.000213999999999942e+04	0.000000000000000000e+00	0.000000000000000000e+00	1.617481002227851294e-01	0.000000000000000000e+00
-3.000211000000000058e+04	0.000000000000000000e+00	0.000000000000000000e+00	1.651051362651448084e-01	0.000000000000000000e+00
-3.000209000000000015e+04	0.000000000000000000e+00	0.000000000000000000e+00	1.623584704123050559e-01	0.000000000000000000e+00
-3.000206000000000131e+04	0.000000000000000000e+00	0.000000000000000000e+00	1.684621723075045152e-01	0.000000000000000000e+00
-3.000204999999999927e+04	0.000000000000000000e+00	0.000000000000000000e+00	1.672414319284646067e-01	0.000000000000000000e+00
-3.000202999999999884e+04	0.000000000000000000e+00	0.000000000000000000e+00	1.651051362651448084e-01	0.000000000000000000e+00
-3.000200000000000000e+04	0.000000000000000000e+00	0.000000000000000000e+00	1.672414319284646067e-01	0.000000000000000000e+00
-3.000197999999999956e+04	0.000000000000000000e+00	0.000000000000000000e+00	1.675466170232245977e-01	0.000000000000000000e+00
-3.000195999999999913e+04	0.000000000000000000e+00	0.000000000000000000e+00	1.657155064546647627e-01	0.000000000000000000e+00
-3.000193000000000029e+04	0.000000000000000000e+00	0.000000000000000000e+00	1.742606891079439557e-01	0.000000000000000000e+00
-3.000190999999999985e+04	0.000000000000000000e+00	0.000000000000000000e+00	1.767021698660237450e-01	0.000000000000000000e+00
-3.000188999999999942e+04	0.000000000000000000e+00	0.000000000000000000e+00	1.593066194647053402e-01	0.000000000000000000e+00
-3.000186999999999898e+04	0.000000000000000000e+00	0.000000000000000000e+00	1.739555040131839925e-01	0.000000000000000000e+00
-3.000184999999999854e+04	0.000000000000000000e+00	0.000000000000000000e+00	1.739555040131839925e-01	0.000000000000000000e+00
-3.000184000000000015e+04	0.000000000000000000e+00	0.000000000000000000e+00	1.709036530655842767e-01	0.000000000000000000e+00
-3.000181000000000131e+04	0.000000000000000000e+00	0.000000000000000000e+00	1.882992034669026815e-01	0.000000000000000000e+00
-3.000177999999999884e+04	0.000000000000000000e+00	0.000000000000000000e+00	1.788384655293435432e-01	0.000000000000000000e+00
-3.000177000000000044e+04	0.000000000000000000e+00	0.000000000000000000e+00	1.773125400555436992e-01	0.000000000000000000e+00
-3.000175000000000000e+04	0.000000000000000000e+00	0.000000000000000000e+00	1.815851313821832957e-01	0.000000000000000000e+00
-3.000172000000000116e+04	0.000000000000000000e+00	0.000000000000000000e+00	1.889095736564226080e-01	0.000000000000000000e+00
-3.000168000000000029e+04	0.000000000000000000e+00	0.000000000000000000e+00	1.861629078035828833e-01	0.000000000000000000e+00
-3.000165999999999985e+04	0.000000000000000000e+00	0.000000000000000000e+00	1.785332804345835800e-01	0.000000000000000000e+00
-3.000163000000000102e+04	0.000000000000000000e+00	0.000000000000000000e+00	1.867732779931028098e-01	0.000000000000000000e+00
-3.000161000000000058e+04	0.000000000000000000e+00	0.000000000000000000e+00	1.931821649830622323e-01	0.000000000000000000e+00
-3.000158000000000175e+04	0.000000000000000000e+00	0.000000000000000000e+00	1.831110568559831675e-01	0.000000000000000000e+00
-3.000154000000000087e+04	0.000000000000000000e+00	0.000000000000000000e+00	1.937925351725821588e-01	0.000000000000000000e+00
-3.000152000000000044e+04	0.000000000000000000e+00	0.000000000000000000e+00	1.901303140354625165e-01	0.000000000000000000e+00
-3.000150000000000000e+04	0.000000000000000000e+00	0.000000000000000000e+00	1.913510544145023973e-01	0.000000000000000000e+00
-3.000147999999999956e+04	0.000000000000000000e+00	0.000000000000000000e+00	2.023377178258613796e-01	0.000000000000000000e+00
-3.000145000000000073e+04	0.000000000000000000e+00	0.000000000000000000e+00	2.099673451948606828e-01	0.000000000000000000e+00
-3.000143000000000029e+04	0.000000000000000000e+00	0.000000000000000000e+00	1.959288308359019848e-01	0.000000000000000000e+00
-3.000140999999999985e+04	0.000000000000000000e+00	0.000000000000000000e+00	1.944029053621021130e-01	0.000000000000000000e+00
-3.000138000000000102e+04	0.000000000000000000e+00	0.000000000000000000e+00	1.992858668782616638e-01	0.000000000000000000e+00
-3.000136000000000058e+04	0.000000000000000000e+00	0.000000000000000000e+00	1.959288308359019848e-01	0.000000000000000000e+00
-3.000134000000000015e+04	0.000000000000000000e+00	0.000000000000000000e+00	1.998962370677816180e-01	0.000000000000000000e+00
-3.000131000000000131e+04	0.000000000000000000e+00	0.000000000000000000e+00	1.995910519730216270e-01	0.000000000000000000e+00
-3.000129000000000087e+04	0.000000000000000000e+00	0.000000000000000000e+00	2.017273476363414531e-01	0.000000000000000000e+00
-3.000127999999999884e+04	0.000000000000000000e+00	0.000000000000000000e+00	1.968443861201819023e-01	0.000000000000000000e+00
-3.000125000000000000e+04	0.000000000000000000e+00	0.000000000000000000e+00	2.005066072573015445e-01	0.000000000000000000e+00
-3.000122000000000116e+04	0.000000000000000000e+00	0.000000000000000000e+00	2.078310495315408846e-01	0.000000000000000000e+00
-3.000120000000000073e+04	0.000000000000000000e+00	0.000000000000000000e+00	2.066103091525010038e-01	0.000000000000000000e+00
-3.000118000000000029e+04	0.000000000000000000e+00	0.000000000000000000e+00	2.069154942472609671e-01	0.000000000000000000e+00
-3.000115999999999985e+04	0.000000000000000000e+00	0.000000000000000000e+00	2.130191961424603986e-01	0.000000000000000000e+00
-3.000113000000000102e+04	0.000000000000000000e+00	0.000000000000000000e+00	2.096621601001007196e-01	0.000000000000000000e+00
-3.000109999999999854e+04	0.000000000000000000e+00	0.000000000000000000e+00	2.053895687734610953e-01	0.000000000000000000e+00
-3.000108000000000175e+04	0.000000000000000000e+00	0.000000000000000000e+00	2.066103091525010038e-01	0.000000000000000000e+00
-3.000104999999999927e+04	0.000000000000000000e+00	0.000000000000000000e+00	1.971495712149418655e-01	0.000000000000000000e+00
-3.000100999999999840e+04	0.000000000000000000e+00	0.000000000000000000e+00	2.072206793420209303e-01	0.000000000000000000e+00
-3.000097999999999956e+04	0.000000000000000000e+00	0.000000000000000000e+00	2.169866023743400318e-01	0.000000000000000000e+00
-3.000097000000000116e+04	0.000000000000000000e+00	0.000000000000000000e+00	2.105777153843806371e-01	0.000000000000000000e+00
-3.000095000000000073e+04	0.000000000000000000e+00	0.000000000000000000e+00	2.105777153843806371e-01	0.000000000000000000e+00
-3.000091999999999825e+04	0.000000000000000000e+00	0.000000000000000000e+00	2.206488235114597019e-01	0.000000000000000000e+00
-3.000088999999999942e+04	0.000000000000000000e+00	0.000000000000000000e+00	2.194280831324198211e-01	0.000000000000000000e+00
-3.000086000000000058e+04	0.000000000000000000e+00	0.000000000000000000e+00	2.252265999328592894e-01	0.000000000000000000e+00
-3.000081999999999971e+04	0.000000000000000000e+00	0.000000000000000000e+00	2.270577105014191244e-01	0.000000000000000000e+00
-3.000079000000000087e+04	0.000000000000000000e+00	0.000000000000000000e+00	2.307199316385387666e-01	0.000000000000000000e+00
-3.000075999999999840e+04	0.000000000000000000e+00	0.000000000000000000e+00	2.246162297433393351e-01	0.000000000000000000e+00
-3.000072999999999956e+04	0.000000000000000000e+00	0.000000000000000000e+00	2.237006744590594176e-01	0.000000000000000000e+00
-3.000070000000000073e+04	0.000000000000000000e+00	0.000000000000000000e+00	2.237006744590594176e-01	0.000000000000000000e+00
-3.000068000000000029e+04	0.000000000000000000e+00	0.000000000000000000e+00	2.307199316385387666e-01	0.000000000000000000e+00
-3.000065999999999985e+04	0.000000000000000000e+00	0.000000000000000000e+00	2.316354869228186841e-01	0.000000000000000000e+00
-3.000063999999999942e+04	0.000000000000000000e+00	0.000000000000000000e+00	2.331614123966185559e-01	0.000000000000000000e+00
-3.000061000000000058e+04	0.000000000000000000e+00	0.000000000000000000e+00	2.377391888180181156e-01	0.000000000000000000e+00
-3.000056999999999971e+04	0.000000000000000000e+00	0.000000000000000000e+00	2.264473403118991701e-01	0.000000000000000000e+00
-3.000052999999999884e+04	0.000000000000000000e+00	0.000000000000000000e+00	2.398754844813379417e-01	0.000000000000000000e+00
-3.000050999999999840e+04	0.000000000000000000e+00	0.000000000000000000e+00	2.359080782494583084e-01	0.000000000000000000e+00
-3.000049000000000160e+04	0.000000000000000000e+00	0.000000000000000000e+00	2.316354869228186841e-01	0.000000000000000000e+00
-3.000045999999999913e+04	0.000000000000000000e+00	0.000000000000000000e+00	2.276680806909390509e-01	0.000000000000000000e+00
-3.000041999999999825e+04	0.000000000000000000e+00	0.000000000000000000e+00	2.285836359752189684e-01	0.000000000000000000e+00
-3.000038999999999942e+04	0.000000000000000000e+00	0.000000000000000000e+00	2.380443739127781067e-01	0.000000000000000000e+00
-3.000036999999999898e+04	0.000000000000000000e+00	0.000000000000000000e+00	2.359080782494583084e-01	0.000000000000000000e+00
-3.000034000000000015e+04	0.000000000000000000e+00	0.000000000000000000e+00	2.392651142918179874e-01	0.000000000000000000e+00
-3.000031000000000131e+04	0.000000000000000000e+00	0.000000000000000000e+00	2.429273354289376574e-01	0.000000000000000000e+00
-3.000029000000000087e+04	0.000000000000000000e+00	0.000000000000000000e+00	2.520828882717368047e-01	0.000000000000000000e+00
-3.000027000000000044e+04	0.000000000000000000e+00	0.000000000000000000e+00	2.468947416608172907e-01	0.000000000000000000e+00
-3.000025000000000000e+04	0.000000000000000000e+00	0.000000000000000000e+00	2.603228858302560345e-01	0.000000000000000000e+00
-3.000022999999999956e+04	0.000000000000000000e+00	0.000000000000000000e+00	2.536088137455366764e-01	0.000000000000000000e+00
-3.000020000000000073e+04	0.000000000000000000e+00	0.000000000000000000e+00	2.481154820398571714e-01	0.000000000000000000e+00
-3.000015999999999985e+04	0.000000000000000000e+00	0.000000000000000000e+00	2.475051118503372172e-01	0.000000000000000000e+00
-3.000011999999999898e+04	0.000000000000000000e+00	0.000000000000000000e+00	2.496414075136570432e-01	0.000000000000000000e+00
-3.000009000000000015e+04	0.000000000000000000e+00	0.000000000000000000e+00	2.511673329874569149e-01	0.000000000000000000e+00
-3.000004999999999927e+04	0.000000000000000000e+00	0.000000000000000000e+00	2.426221503341776664e-01	0.000000000000000000e+00
-3.000002000000000044e+04	0.000000000000000000e+00	0.000000000000000000e+00	2.517777031769768414e-01	0.000000000000000000e+00
-2.999997999999999956e+04	0.000000000000000000e+00	0.000000000000000000e+00	2.471999267555772539e-01	0.000000000000000000e+00
-2.999993999999999869e+04	0.000000000000000000e+00	0.000000000000000000e+00	2.542191839350566029e-01	0.000000000000000000e+00
-2.999990000000000146e+04	0.000000000000000000e+00	0.000000000000000000e+00	2.542191839350566029e-01	0.000000000000000000e+00
-2.999986999999999898e+04	0.000000000000000000e+00	0.000000000000000000e+00	2.551347392193365482e-01	0.000000000000000000e+00
-2.999983000000000175e+04	0.000000000000000000e+00	0.000000000000000000e+00	2.633747367778557780e-01	0.000000000000000000e+00
-2.999979999999999927e+04	0.000000000000000000e+00	0.000000000000000000e+00	2.624591814935758327e-01	0.000000000000000000e+00
-2.999977000000000044e+04	0.000000000000000000e+00	0.000000000000000000e+00	2.703939939573350992e-01	0.000000000000000000e+00
-2.999974000000000160e+04	0.000000000000000000e+00	0.000000000000000000e+00	2.768028809472945495e-01	0.000000000000000000e+00
-2.999970999999999913e+04	0.000000000000000000e+00	0.000000000000000000e+00	2.740562150944547692e-01	0.000000000000000000e+00
-2.999966999999999825e+04	0.000000000000000000e+00	0.000000000000000000e+00	2.706991790520951180e-01	0.000000000000000000e+00
-2.999961999999999898e+04	0.000000000000000000e+00	0.000000000000000000e+00	2.768028809472945495e-01	0.000000000000000000e+00
-2.999959000000000015e+04	0.000000000000000000e+00	0.000000000000000000e+00	2.746665852839747513e-01	0.000000000000000000e+00
-2.999956000000000131e+04	0.000000000000000000e+00	0.000000000000000000e+00	2.877895443586535040e-01	0.000000000000000000e+00
-2.999954000000000087e+04	0.000000000000000000e+00	0.000000000000000000e+00	2.890102847376934125e-01	0.000000000000000000e+00
-2.999952000000000044e+04	0.000000000000000000e+00	0.000000000000000000e+00	2.877895443586535040e-01	0.000000000000000000e+00
-2.999949000000000160e+04	0.000000000000000000e+00	0.000000000000000000e+00	3.088473158970915788e-01	0.000000000000000000e+00
-2.999947000000000116e+04	0.000000000000000000e+00	0.000000000000000000e+00	2.865688039796136510e-01	0.000000000000000000e+00
-2.999943999999999869e+04	0.000000000000000000e+00	0.000000000000000000e+00	2.941984313486129543e-01	0.000000000000000000e+00
-2.999941999999999825e+04	0.000000000000000000e+00	0.000000000000000000e+00	2.981658375804925876e-01	0.000000000000000000e+00
-2.999938000000000102e+04	0.000000000000000000e+00	0.000000000000000000e+00	2.902310251167333210e-01	0.000000000000000000e+00
-2.999934999999999854e+04	0.000000000000000000e+00	0.000000000000000000e+00	2.890102847376934125e-01	0.000000000000000000e+00
-2.999931000000000131e+04	0.000000000000000000e+00	0.000000000000000000e+00	2.948088015381328808e-01	0.000000000000000000e+00
-2.999927000000000044e+04	0.000000000000000000e+00	0.000000000000000000e+00	2.908413953062532475e-01	0.000000000000000000e+00
-2.999924000000000160e+04	0.000000000000000000e+00	0.000000000000000000e+00	2.896206549272133390e-01	0.000000000000000000e+00
-2.999920000000000073e+04	0.000000000000000000e+00	0.000000000000000000e+00	2.920621356852931561e-01	0.000000000000000000e+00
-2.999915999999999985e+04	0.000000000000000000e+00	0.000000000000000000e+00	2.938932462538529355e-01	0.000000000000000000e+00
-2.999913000000000102e+04	0.000000000000000000e+00	0.000000000000000000e+00	3.009125034333323123e-01	0.000000000000000000e+00
-2.999909999999999854e+04	0.000000000000000000e+00	0.000000000000000000e+00	3.054902798547318721e-01	0.000000000000000000e+00
-2.999906999999999971e+04	0.000000000000000000e+00	0.000000000000000000e+00	3.012176885280922756e-01	0.000000000000000000e+00
-2.999904000000000087e+04	0.000000000000000000e+00	0.000000000000000000e+00	3.067110202337717806e-01	0.000000000000000000e+00
-2.999900999999999840e+04	0.000000000000000000e+00	0.000000000000000000e+00	3.183080538346507171e-01	0.000000000000000000e+00
-2.999897000000000116e+04	0.000000000000000000e+00	0.000000000000000000e+00	3.103732413708914506e-01	0.000000000000000000e+00
-2.999893999999999869e+04	0.000000000000000000e+00	0.000000000000000000e+00	3.158665730765709556e-01	0.000000000000000000e+00
-2.999891999999999825e+04	0.000000000000000000e+00	0.000000000000000000e+00	3.076265755180517258e-01	0.000000000000000000e+00
-2.999890000000000146e+04	0.000000000000000000e+00	0.000000000000000000e+00	3.238013855403302221e-01	0.000000000000000000e+00
-2.999886999999999898e+04	0.000000000000000000e+00	0.000000000000000000e+00	3.192236091189306069e-01	0.000000000000000000e+00
-2.999884000000000015e+04	0.000000000000000000e+00	0.000000000000000000e+00	3.302102725302896169e-01	0.000000000000000000e+00
-2.999881000000000131e+04	0.000000000000000000e+00	0.000000000000000000e+00	3.292947172460097272e-01	0.000000000000000000e+00
-2.999877999999999884e+04	0.000000000000000000e+00	0.000000000000000000e+00	3.173924985503708274e-01	0.000000000000000000e+00
-2.999875000000000000e+04	0.000000000000000000e+00	0.000000000000000000e+00	3.308206427198095434e-01	0.000000000000000000e+00
-2.999872999999999956e+04	0.000000000000000000e+00	0.000000000000000000e+00	3.241065706350901854e-01	0.000000000000000000e+00
-2.999870999999999913e+04	0.000000000000000000e+00	0.000000000000000000e+00	3.353984191412091587e-01	0.000000000000000000e+00
-2.999868000000000029e+04	0.000000000000000000e+00	0.000000000000000000e+00	3.302102725302896169e-01	0.000000000000000000e+00
-2.999865000000000146e+04	0.000000000000000000e+00	0.000000000000000000e+00	3.305154576250495801e-01	0.000000000000000000e+00
-2.999861999999999898e+04	0.000000000000000000e+00	0.000000000000000000e+00	3.335673085726493237e-01	0.000000000000000000e+00
-2.999859999999999854e+04	0.000000000000000000e+00	0.000000000000000000e+00	3.393658253730887919e-01	0.000000000000000000e+00
-2.999859000000000015e+04	0.000000000000000000e+00	0.000000000000000000e+00	3.473006378368480584e-01	0.000000000000000000e+00
-2.999856999999999971e+04	0.000000000000000000e+00	0.000000000000000000e+00	3.445539719840082782e-01	0.000000000000000000e+00
-2.999854999999999927e+04	0.000000000000000000e+00	0.000000000000000000e+00	3.421124912259285167e-01	0.000000000000000000e+00
-2.999852999999999884e+04	0.000000000000000000e+00	0.000000000000000000e+00	3.457747123630481867e-01	0.000000000000000000e+00
-2.999850999999999840e+04	0.000000000000000000e+00	0.000000000000000000e+00	3.640858180486464812e-01	0.000000000000000000e+00
-2.999850000000000000e+04	0.000000000000000000e+00	0.000000000000000000e+00	3.543198950163273797e-01	0.000000000000000000e+00
-2.999847000000000116e+04	0.000000000000000000e+00	0.000000000000000000e+00	3.497421185949278200e-01	0.000000000000000000e+00
-2.999843999999999869e+04	0.000000000000000000e+00	0.000000000000000000e+00	3.488265633106479302e-01	0.000000000000000000e+00
-2.999840999999999985e+04	0.000000000000000000e+00	0.000000000000000000e+00	3.582873012482070130e-01	0.000000000000000000e+00
-2.999838999999999942e+04	0.000000000000000000e+00	0.000000000000000000e+00	3.534043397320474900e-01	0.000000000000000000e+00
-2.999836999999999898e+04	0.000000000000000000e+00	0.000000000000000000e+00	3.512680440687276917e-01	0.000000000000000000e+00
-2.999834999999999854e+04	0.000000000000000000e+00	0.000000000000000000e+00	3.570665608691671600e-01	0.000000000000000000e+00
-2.999831999999999971e+04	0.000000000000000000e+00	0.000000000000000000e+00	3.488265633106479302e-01	0.000000000000000000e+00
-2.999829999999999927e+04	0.000000000000000000e+00	0.000000000000000000e+00	3.653065584276863897e-01	0.000000000000000000e+00
-2.999827999999999884e+04	0.000000000000000000e+00	0.000000000000000000e+00	3.570665608691671600e-01	0.000000000000000000e+00
-2.999825000000000000e+04	0.000000000000000000e+00	0.000000000000000000e+00	3.585924863429670317e-01	0.000000000000000000e+00
-2.999822999999999956e+04	0.000000000000000000e+00	0.000000000000000000e+00	3.585924863429670317e-01	0.000000000000000000e+00
-2.999820000000000073e+04	0.000000000000000000e+00	0.000000000000000000e+00	3.643910031434065000e-01	0.000000000000000000e+00
-2.999818000000000029e+04	0.000000000000000000e+00	0.000000000000000000e+00	3.604235969115268667e-01	0.000000000000000000e+00
-2.999815000000000146e+04	0.000000000000000000e+00	0.000000000000000000e+00	3.628650776696066282e-01	0.000000000000000000e+00
-2.999811999999999898e+04	0.000000000000000000e+00	0.000000000000000000e+00	3.643910031434065000e-01	0.000000000000000000e+00
-2.999809999999999854e+04	0.000000000000000000e+00	0.000000000000000000e+00	3.479110080263679849e-01	0.000000000000000000e+00
-2.999806000000000131e+04	0.000000000000000000e+00	0.000000000000000000e+00	3.628650776696066282e-01	0.000000000000000000e+00
-2.999804000000000087e+04	0.000000000000000000e+00	0.000000000000000000e+00	3.668324839014862615e-01	0.000000000000000000e+00
-2.999802000000000044e+04	0.000000000000000000e+00	0.000000000000000000e+00	3.686635944700460965e-01	0.000000000000000000e+00
-2.999800999999999840e+04	0.000000000000000000e+00	0.000000000000000000e+00	3.823969237342448313e-01	0.000000000000000000e+00
-2.999799000000000160e+04	0.000000000000000000e+00	0.000000000000000000e+00	3.778191473128452160e-01	0.000000000000000000e+00
-2.999797000000000116e+04	0.000000000000000000e+00	0.000000000000000000e+00	3.769035920285653263e-01	0.000000000000000000e+00
-2.999793999999999869e+04	0.000000000000000000e+00	0.000000000000000000e+00	3.808709982604449595e-01	0.000000000000000000e+00
-2.999791999999999825e+04	0.000000000000000000e+00	0.000000000000000000e+00	3.842280343028046663e-01	0.000000000000000000e+00
-2.999790000000000146e+04	0.000000000000000000e+00	0.000000000000000000e+00	3.799554429761650698e-01	0.000000000000000000e+00
-2.999788999999999942e+04	0.000000000000000000e+00	0.000000000000000000e+00	3.842280343028046663e-01	0.000000000000000000e+00
-2.999786999999999898e+04	0.000000000000000000e+00	0.000000000000000000e+00	3.820917386394848680e-01	0.000000000000000000e+00
-2.999784999999999854e+04	0.000000000000000000e+00	0.000000000000000000e+00	3.842280343028046663e-01	0.000000000000000000e+00
-2.999783000000000175e+04	0.000000000000000000e+00	0.000000000000000000e+00	3.753776665547654545e-01	0.000000000000000000e+00
-2.999779999999999927e+04	0.000000000000000000e+00	0.000000000000000000e+00	3.738517410809655828e-01	0.000000000000000000e+00
-2.999777999999999884e+04	0.000000000000000000e+00	0.000000000000000000e+00	3.790398876918851245e-01	0.000000000000000000e+00
-2.999775000000000000e+04	0.000000000000000000e+00	0.000000000000000000e+00	3.775139622180852528e-01	0.000000000000000000e+00
-2.999772999999999956e+04	0.000000000000000000e+00	0.000000000000000000e+00	3.872798852504043543e-01	0.000000000000000000e+00
-2.999772000000000116e+04	0.000000000000000000e+00	0.000000000000000000e+00	3.912472914822839876e-01	0.000000000000000000e+00
-2.999770999999999913e+04	0.000000000000000000e+00	0.000000000000000000e+00	3.936887722403638046e-01	0.000000000000000000e+00
-2.999768999999999869e+04	0.000000000000000000e+00	0.000000000000000000e+00	3.885006256294442628e-01	0.000000000000000000e+00
-2.999765999999999985e+04	0.000000000000000000e+00	0.000000000000000000e+00	3.918576616718039696e-01	0.000000000000000000e+00
-2.999763999999999942e+04	0.000000000000000000e+00	0.000000000000000000e+00	4.010132145146030891e-01	0.000000000000000000e+00
-2.999761000000000058e+04	0.000000000000000000e+00	0.000000000000000000e+00	3.909421063875240243e-01	0.000000000000000000e+00
-2.999759000000000015e+04	0.000000000000000000e+00	0.000000000000000000e+00	3.949095126194036576e-01	0.000000000000000000e+00
-2.999756999999999971e+04	0.000000000000000000e+00	0.000000000000000000e+00	4.104739524521622274e-01	0.000000000000000000e+00
-2.999754999999999927e+04	0.000000000000000000e+00	0.000000000000000000e+00	4.132206183050020076e-01	0.000000000000000000e+00
-2.999752999999999884e+04	0.000000000000000000e+00	0.000000000000000000e+00	4.153569139683218059e-01	0.000000000000000000e+00
-2.999750999999999840e+04	0.000000000000000000e+00	0.000000000000000000e+00	4.089480269783623556e-01	0.000000000000000000e+00
-2.999749000000000160e+04	0.000000000000000000e+00	0.000000000000000000e+00	4.062013611255226309e-01	0.000000000000000000e+00
-2.999747000000000116e+04	0.000000000000000000e+00	0.000000000000000000e+00	4.177983947264015674e-01	0.000000000000000000e+00
-2.999745999999999913e+04	0.000000000000000000e+00	0.000000000000000000e+00	4.058961760307626676e-01	0.000000000000000000e+00
-2.999745000000000073e+04	0.000000000000000000e+00	0.000000000000000000e+00	4.202398754844813289e-01	0.000000000000000000e+00
-2.999743000000000029e+04	0.000000000000000000e+00	0.000000000000000000e+00	4.211554307687612742e-01	0.000000000000000000e+00
-2.999740999999999985e+04	0.000000000000000000e+00	0.000000000000000000e+00	4.129154332102419889e-01	0.000000000000000000e+00
-2.999740000000000146e+04	0.000000000000000000e+00	0.000000000000000000e+00	3.979613635670034011e-01	0.000000000000000000e+00
-2.999738000000000102e+04	0.000000000000000000e+00	0.000000000000000000e+00	4.080324716940824659e-01	0.000000000000000000e+00
-2.999736999999999898e+04	0.000000000000000000e+00	0.000000000000000000e+00	4.080324716940824659e-01	0.000000000000000000e+00
-2.999734000000000015e+04	0.000000000000000000e+00	0.000000000000000000e+00	4.107791375469221906e-01	0.000000000000000000e+00
-2.999731999999999971e+04	0.000000000000000000e+00	0.000000000000000000e+00	4.141361735892818974e-01	0.000000000000000000e+00
-2.999729999999999927e+04	0.000000000000000000e+00	0.000000000000000000e+00	4.095583971678823376e-01	0.000000000000000000e+00
-2.999727999999999884e+04	0.000000000000000000e+00	0.000000000000000000e+00	4.113895077364421726e-01	0.000000000000000000e+00
-2.999725000000000000e+04	0.000000000000000000e+00	0.000000000000000000e+00	4.177983947264015674e-01	0.000000000000000000e+00
-2.999722999999999956e+04	0.000000000000000000e+00	0.000000000000000000e+00	4.223761711478011271e-01	0.000000000000000000e+00
-2.999720999999999913e+04	0.000000000000000000e+00	0.000000000000000000e+00	4.330576494644001739e-01	0.000000000000000000e+00
-2.999718000000000029e+04	0.000000000000000000e+00	0.000000000000000000e+00	4.318369090853602654e-01	0.000000000000000000e+00
-2.999715999999999985e+04	0.000000000000000000e+00	0.000000000000000000e+00	4.367198706015198439e-01	0.000000000000000000e+00
-2.999713999999999942e+04	0.000000000000000000e+00	0.000000000000000000e+00	4.394665364543595687e-01	0.000000000000000000e+00
-2.999711999999999898e+04	0.000000000000000000e+00	0.000000000000000000e+00	4.312265388958403389e-01	0.000000000000000000e+00
-2.999709000000000015e+04	0.000000000000000000e+00	0.000000000000000000e+00	4.409924619281594405e-01	0.000000000000000000e+00
-2.999706000000000131e+04	0.000000000000000000e+00	0.000000000000000000e+00	4.370250556962798072e-01	0.000000000000000000e+00
-2.999704000000000087e+04	0.000000000000000000e+00	0.000000000000000000e+00	4.409924619281594405e-01	0.000000000000000000e+00
-2.999700999999999840e+04	0.000000000000000000e+00	0.000000000000000000e+00	4.431287575914792387e-01	0.000000000000000000e+00
-2.999697999999999956e+04	0.000000000000000000e+00	0.000000000000000000e+00	4.431287575914792387e-01	0.000000000000000000e+00
-2.999695999999999913e+04	0.000000000000000000e+00	0.000000000000000000e+00	4.382457960753196602e-01	0.000000000000000000e+00
-2.999693999999999869e+04	0.000000000000000000e+00	0.000000000000000000e+00	4.440443128757591285e-01	0.000000000000000000e+00
-2.999691999999999825e+04	0.000000000000000000e+00	0.000000000000000000e+00	4.425183874019593122e-01	0.000000000000000000e+00
-2.999690000000000146e+04	0.000000000000000000e+00	0.000000000000000000e+00	4.385509811700796790e-01	0.000000000000000000e+00
-2.999688000000000102e+04	0.000000000000000000e+00	0.000000000000000000e+00	4.431287575914792387e-01	0.000000000000000000e+00
-2.999686999999999898e+04	0.000000000000000000e+00	0.000000000000000000e+00	4.498428296761985967e-01	0.000000000000000000e+00
-2.999684999999999854e+04	0.000000000000000000e+00	0.000000000000000000e+00	4.483169042023987805e-01	0.000000000000000000e+00
-2.999683000000000175e+04	0.000000000000000000e+00	0.000000000000000000e+00	4.541154210028382487e-01	0.000000000000000000e+00
-2.999681000000000131e+04	0.000000000000000000e+00	0.000000000000000000e+00	4.602191228980376803e-01	0.000000000000000000e+00
-2.999679000000000087e+04	0.000000000000000000e+00	0.000000000000000000e+00	4.593035676137577350e-01	0.000000000000000000e+00
-2.999677999999999884e+04	0.000000000000000000e+00	0.000000000000000000e+00	4.620502334665975153e-01	0.000000000000000000e+00
-2.999675000000000000e+04	0.000000000000000000e+00	0.000000000000000000e+00	4.660176396984771485e-01	0.000000000000000000e+00
-2.999672999999999956e+04	0.000000000000000000e+00	0.000000000000000000e+00	4.666280098879970750e-01	0.000000000000000000e+00
-2.999672000000000116e+04	0.000000000000000000e+00	0.000000000000000000e+00	4.614398632770775333e-01	0.000000000000000000e+00
-2.999670000000000073e+04	0.000000000000000000e+00	0.000000000000000000e+00	4.757835627307962501e-01	0.000000000000000000e+00
-2.999668000000000029e+04	0.000000000000000000e+00	0.000000000000000000e+00	4.705954161198767083e-01	0.000000000000000000e+00
-2.999665000000000146e+04	0.000000000000000000e+00	0.000000000000000000e+00	4.580828272347178820e-01	0.000000000000000000e+00
-2.999663000000000102e+04	0.000000000000000000e+00	0.000000000000000000e+00	4.644917142246772768e-01	0.000000000000000000e+00
-2.999659999999999854e+04	0.000000000000000000e+00	0.000000000000000000e+00	4.681539353617969468e-01	0.000000000000000000e+00
-2.999658000000000175e+04	0.000000000000000000e+00	0.000000000000000000e+00	4.736472670674764518e-01	0.000000000000000000e+00
-2.999656000000000131e+04	0.000000000000000000e+00	0.000000000000000000e+00	4.834131900997955533e-01	0.000000000000000000e+00
-2.999654000000000087e+04	0.000000000000000000e+00	0.000000000000000000e+00	4.812768944364756996e-01	0.000000000000000000e+00
-2.999652000000000044e+04	0.000000000000000000e+00	0.000000000000000000e+00	4.828028199102755713e-01	0.000000000000000000e+00
-2.999650000000000000e+04	0.000000000000000000e+00	0.000000000000000000e+00	4.855494857631153516e-01	0.000000000000000000e+00
-2.999647999999999956e+04	0.000000000000000000e+00	0.000000000000000000e+00	4.901272621845149113e-01	0.000000000000000000e+00
-2.999647000000000116e+04	0.000000000000000000e+00	0.000000000000000000e+00	4.831080050050355346e-01	0.000000000000000000e+00
-2.999643999999999869e+04	0.000000000000000000e+00	0.000000000000000000e+00	4.776146732993560851e-01	0.000000000000000000e+00
-2.999640999999999985e+04	0.000000000000000000e+00	0.000000000000000000e+00	4.809717093417157363e-01	0.000000000000000000e+00
-2.999640000000000146e+04	0.000000000000000000e+00	0.000000000000000000e+00	4.824976348155156081e-01	0.000000000000000000e+00
-2.999636999999999898e+04	0.000000000000000000e+00	0.000000000000000000e+00	4.953154087954344531e-01	0.000000000000000000e+00
-2.999634000000000015e+04	0.000000000000000000e+00	0.000000000000000000e+00	4.876857814264351498e-01	0.000000000000000000e+00
-2.999631000000000131e+04	0.000000000000000000e+00	0.000000000000000000e+00	4.992828150273140864e-01	0.000000000000000000e+00
-2.999629999999999927e+04	0.000000000000000000e+00	0.000000000000000000e+00	4.989776299325540676e-01	0.000000000000000000e+00
-2.999627999999999884e+04	0.000000000000000000e+00	0.000000000000000000e+00	5.185094759971923262e-01	0.000000000000000000e+00
-2.999625999999999840e+04	0.000000000000000000e+00	0.000000000000000000e+00	5.139316995757927664e-01	0.000000000000000000e+00
-2.999624000000000160e+04	0.000000000000000000e+00	0.000000000000000000e+00	5.111850337229529861e-01	0.000000000000000000e+00
-2.999620999999999913e+04	0.000000000000000000e+00	0.000000000000000000e+00	5.142368846705527297e-01	0.000000000000000000e+00
-2.999618000000000029e+04	0.000000000000000000e+00	0.000000000000000000e+00	5.044709616382335726e-01	0.000000000000000000e+00
-2.999615999999999985e+04	0.000000000000000000e+00	0.000000000000000000e+00	5.087435529648731691e-01	0.000000000000000000e+00
-2.999613999999999942e+04	0.000000000000000000e+00	0.000000000000000000e+00	5.084383678701132059e-01	0.000000000000000000e+00
-2.999611999999999898e+04	0.000000000000000000e+00	0.000000000000000000e+00	5.066072573015534264e-01	0.000000000000000000e+00
-2.999609000000000015e+04	0.000000000000000000e+00	0.000000000000000000e+00	5.059968871120334999e-01	0.000000000000000000e+00
-2.999606999999999971e+04	0.000000000000000000e+00	0.000000000000000000e+00	5.059968871120334999e-01	0.000000000000000000e+00
-2.999606000000000131e+04	0.000000000000000000e+00	0.000000000000000000e+00	5.124057741019928391e-01	0.000000000000000000e+00
-2.999602999999999884e+04	0.000000000000000000e+00	0.000000000000000000e+00	5.117954039124729126e-01	0.000000000000000000e+00
-2.999599000000000160e+04	0.000000000000000000e+00	0.000000000000000000e+00	5.163731803338724724e-01	0.000000000000000000e+00
-2.999595000000000073e+04	0.000000000000000000e+00	0.000000000000000000e+00	5.154576250495925827e-01	0.000000000000000000e+00
-2.999593000000000029e+04	0.000000000000000000e+00	0.000000000000000000e+00	5.142368846705527297e-01	0.000000000000000000e+00
-2.999591999999999825e+04	0.000000000000000000e+00	0.000000000000000000e+00	5.233924375133518492e-01	0.000000000000000000e+00
-2.999590000000000146e+04	0.000000000000000000e+00	0.000000000000000000e+00	5.252235480819116287e-01	0.000000000000000000e+00
-2.999586999999999898e+04	0.000000000000000000e+00	0.000000000000000000e+00	5.203405865657521057e-01	0.000000000000000000e+00
-2.999583000000000175e+04	0.000000000000000000e+00	0.000000000000000000e+00	5.212561418500319954e-01	0.000000000000000000e+00
-2.999581000000000131e+04	0.000000000000000000e+00	0.000000000000000000e+00	5.301065095980712627e-01	0.000000000000000000e+00
-2.999577999999999884e+04	0.000000000000000000e+00	0.000000000000000000e+00	5.343791009247108592e-01	0.000000000000000000e+00
-2.999575000000000000e+04	0.000000000000000000e+00	0.000000000000000000e+00	5.395672475356303455e-01	0.000000000000000000e+00
-2.999572000000000116e+04	0.000000000000000000e+00	0.000000000000000000e+00	5.453657643360698692e-01	0.000000000000000000e+00
-2.999568999999999869e+04	0.000000000000000000e+00	0.000000000000000000e+00	5.490279854731895393e-01	0.000000000000000000e+00
-2.999565000000000146e+04	0.000000000000000000e+00	0.000000000000000000e+00	5.502487258522293923e-01	0.000000000000000000e+00
-2.999563000000000102e+04	0.000000000000000000e+00	0.000000000000000000e+00	5.517746513260292085e-01	0.000000000000000000e+00
-2.999561000000000058e+04	0.000000000000000000e+00	0.000000000000000000e+00	5.447553941465498317e-01	0.000000000000000000e+00
-2.999558000000000175e+04	0.000000000000000000e+00	0.000000000000000000e+00	5.560472426526688050e-01	0.000000000000000000e+00
-2.999554999999999927e+04	0.000000000000000000e+00	0.000000000000000000e+00	5.618457594531083288e-01	0.000000000000000000e+00
-2.999552000000000044e+04	0.000000000000000000e+00	0.000000000000000000e+00	5.594042786950285118e-01	0.000000000000000000e+00
-2.999549000000000160e+04	0.000000000000000000e+00	0.000000000000000000e+00	5.584887234107486220e-01	0.000000000000000000e+00
-2.999547000000000116e+04	0.000000000000000000e+00	0.000000000000000000e+00	5.670339060640278150e-01	0.000000000000000000e+00
-2.999545999999999913e+04	0.000000000000000000e+00	0.000000000000000000e+00	5.639820551164280715e-01	0.000000000000000000e+00
-2.999543000000000029e+04	0.000000000000000000e+00	0.000000000000000000e+00	5.609302041688284390e-01	0.000000000000000000e+00
-2.999540999999999985e+04	0.000000000000000000e+00	0.000000000000000000e+00	5.655079805902279988e-01	0.000000000000000000e+00
-2.999538000000000102e+04	0.000000000000000000e+00	0.000000000000000000e+00	5.774101992858668986e-01	0.000000000000000000e+00
-2.999536000000000058e+04	0.000000000000000000e+00	0.000000000000000000e+00	5.758842738120669713e-01	0.000000000000000000e+00
-2.999534000000000015e+04	0.000000000000000000e+00	0.000000000000000000e+00	5.652027954954680355e-01	0.000000000000000000e+00
-2.999531000000000131e+04	0.000000000000000000e+00	0.000000000000000000e+00	5.761894589068270456e-01	0.000000000000000000e+00
-2.999529000000000087e+04	0.000000000000000000e+00	0.000000000000000000e+00	5.844294564653462754e-01	0.000000000000000000e+00
-2.999525999999999840e+04	0.000000000000000000e+00	0.000000000000000000e+00	5.835139011810662746e-01	0.000000000000000000e+00
-2.999522999999999956e+04	0.000000000000000000e+00	0.000000000000000000e+00	5.890072328867458351e-01	0.000000000000000000e+00
-2.999520999999999913e+04	0.000000000000000000e+00	0.000000000000000000e+00	5.948057496871852479e-01	0.000000000000000000e+00
-2.999518000000000029e+04	0.000000000000000000e+00	0.000000000000000000e+00	5.890072328867458351e-01	0.000000000000000000e+00
-2.999515000000000146e+04	0.000000000000000000e+00	0.000000000000000000e+00	5.920590838343455786e-01	0.000000000000000000e+00
-2.999511999999999898e+04	0.000000000000000000e+00	0.000000000000000000e+00	5.969420453505051016e-01	0.000000000000000000e+00
-2.999509999999999854e+04	0.000000000000000000e+00	0.000000000000000000e+00	5.993835261085848076e-01	0.000000000000000000e+00
-2.999506999999999971e+04	0.000000000000000000e+00	0.000000000000000000e+00	6.070131534775841109e-01	0.000000000000000000e+00
-2.999506000000000131e+04	0.000000000000000000e+00	0.000000000000000000e+00	6.015198217719046614e-01	0.000000000000000000e+00
-2.999504000000000087e+04	0.000000000000000000e+00	0.000000000000000000e+00	6.006042664876247716e-01	0.000000000000000000e+00
-2.999502000000000044e+04	0.000000000000000000e+00	0.000000000000000000e+00	6.042664876247444417e-01	0.000000000000000000e+00
-2.999500000000000000e+04	0.000000000000000000e+00	0.000000000000000000e+00	6.073183385723440741e-01	0.000000000000000000e+00
-2.999497000000000116e+04	0.000000000000000000e+00	0.000000000000000000e+00	5.908383434553056146e-01	0.000000000000000000e+00
-2.999493999999999869e+04	0.000000000000000000e+00	0.000000000000000000e+00	5.972472304452650649e-01	0.000000000000000000e+00
-2.999491999999999825e+04	0.000000000000000000e+00	0.000000000000000000e+00	6.048768578142643682e-01	0.000000000000000000e+00
-2.999488000000000102e+04	0.000000000000000000e+00	0.000000000000000000e+00	6.079287087618641117e-01	0.000000000000000000e+00
-2.999484999999999854e+04	0.000000000000000000e+00	0.000000000000000000e+00	6.060975981933042211e-01	0.000000000000000000e+00
-2.999483000000000175e+04	0.000000000000000000e+00	0.000000000000000000e+00	6.143375957518234509e-01	0.000000000000000000e+00
-2.999479999999999927e+04	0.000000000000000000e+00	0.000000000000000000e+00	6.131168553727835979e-01	0.000000000000000000e+00
-2.999477000000000044e+04	0.000000000000000000e+00	0.000000000000000000e+00	6.237983336893826447e-01	0.000000000000000000e+00
-2.999475000000000000e+04	0.000000000000000000e+00	0.000000000000000000e+00	6.256294442579424242e-01	0.000000000000000000e+00
-2.999472000000000116e+04	0.000000000000000000e+00	0.000000000000000000e+00	6.418042542802209205e-01	0.000000000000000000e+00
-2.999466999999999825e+04	0.000000000000000000e+00	0.000000000000000000e+00	6.402783288064211042e-01	0.000000000000000000e+00
-2.999463999999999942e+04	0.000000000000000000e+00	0.000000000000000000e+00	6.488235114597002973e-01	0.000000000000000000e+00
-2.999461000000000058e+04	0.000000000000000000e+00	0.000000000000000000e+00	6.482131412701803708e-01	0.000000000000000000e+00
-2.999459000000000015e+04	0.000000000000000000e+00	0.000000000000000000e+00	6.561479537339396373e-01	0.000000000000000000e+00
-2.999456999999999971e+04	0.000000000000000000e+00	0.000000000000000000e+00	6.622516556291391243e-01	0.000000000000000000e+00
-2.999454999999999927e+04	0.000000000000000000e+00	0.000000000000000000e+00	6.530961027863398938e-01	0.000000000000000000e+00
-2.999452000000000044e+04	0.000000000000000000e+00	0.000000000000000000e+00	6.558427686391796740e-01	0.000000000000000000e+00
-2.999449000000000160e+04	0.000000000000000000e+00	0.000000000000000000e+00	6.485183263649403340e-01	0.000000000000000000e+00
-2.999447000000000116e+04	0.000000000000000000e+00	0.000000000000000000e+00	6.649983214819787936e-01	0.000000000000000000e+00
-2.999445999999999913e+04	0.000000000000000000e+00	0.000000000000000000e+00	6.472975859859004810e-01	0.000000000000000000e+00
-2.999443000000000029e+04	0.000000000000000000e+00	0.000000000000000000e+00	6.436353648487808110e-01	0.000000000000000000e+00
-2.999440000000000146e+04	0.000000000000000000e+00	0.000000000000000000e+00	6.491286965544602605e-01	0.000000000000000000e+00
-2.999436000000000058e+04	0.000000000000000000e+00	0.000000000000000000e+00	6.591998046815393808e-01	0.000000000000000000e+00
-2.999433000000000175e+04	0.000000000000000000e+00	0.000000000000000000e+00	6.527909176915799305e-01	0.000000000000000000e+00
-2.999431000000000131e+04	0.000000000000000000e+00	0.000000000000000000e+00	6.607257301553391970e-01	0.000000000000000000e+00
-2.999429000000000087e+04	0.000000000000000000e+00	0.000000000000000000e+00	6.576738792077394535e-01	0.000000000000000000e+00
-2.999427000000000044e+04	0.000000000000000000e+00	0.000000000000000000e+00	6.723227637562181336e-01	0.000000000000000000e+00
-2.999422999999999956e+04	0.000000000000000000e+00	0.000000000000000000e+00	6.778160954618976941e-01	0.000000000000000000e+00
-2.999420000000000073e+04	0.000000000000000000e+00	0.000000000000000000e+00	6.897183141575365939e-01	0.000000000000000000e+00
-2.999416999999999825e+04	0.000000000000000000e+00	0.000000000000000000e+00	6.927701651051362264e-01	0.000000000000000000e+00
-2.999415000000000146e+04	0.000000000000000000e+00	0.000000000000000000e+00	7.003997924741355297e-01	0.000000000000000000e+00
-2.999413000000000102e+04	0.000000000000000000e+00	0.000000000000000000e+00	6.942960905789361536e-01	0.000000000000000000e+00
-2.999409999999999854e+04	0.000000000000000000e+00	0.000000000000000000e+00	6.952116458632160434e-01	0.000000000000000000e+00
-2.999406000000000131e+04	0.000000000000000000e+00	0.000000000000000000e+00	6.909390545365764469e-01	0.000000000000000000e+00
-2.999402999999999884e+04	0.000000000000000000e+00	0.000000000000000000e+00	6.918546098208563366e-01	0.000000000000000000e+00
-2.999400999999999840e+04	0.000000000000000000e+00	0.000000000000000000e+00	6.833094271675771436e-01	0.000000000000000000e+00
-2.999397999999999956e+04	0.000000000000000000e+00	0.000000000000000000e+00	6.979583117160558237e-01	0.000000000000000000e+00
-2.999395999999999913e+04	0.000000000000000000e+00	0.000000000000000000e+00	7.061983092745750534e-01	0.000000000000000000e+00
-2.999393999999999869e+04	0.000000000000000000e+00	0.000000000000000000e+00	7.061983092745750534e-01	0.000000000000000000e+00
-2.999390999999999985e+04	0.000000000000000000e+00	0.000000000000000000e+00	7.113864558854945397e-01	0.000000000000000000e+00
-2.999388000000000102e+04	0.000000000000000000e+00	0.000000000000000000e+00	7.077242347483748697e-01	0.000000000000000000e+00
-2.999386000000000058e+04	0.000000000000000000e+00	0.000000000000000000e+00	7.083346049378947962e-01	0.000000000000000000e+00
-2.999383000000000175e+04	0.000000000000000000e+00	0.000000000000000000e+00	7.052827539902951637e-01	0.000000000000000000e+00
-2.999379999999999927e+04	0.000000000000000000e+00	0.000000000000000000e+00	7.177953428754539900e-01	0.000000000000000000e+00
-2.999377000000000044e+04	0.000000000000000000e+00	0.000000000000000000e+00	7.281716360972929625e-01	0.000000000000000000e+00
-2.999375000000000000e+04	0.000000000000000000e+00	0.000000000000000000e+00	7.232886745811334395e-01	0.000000000000000000e+00
-2.999372000000000116e+04	0.000000000000000000e+00	0.000000000000000000e+00	7.199316385387737327e-01	0.000000000000000000e+00
-2.999370000000000073e+04	0.000000000000000000e+00	0.000000000000000000e+00	7.235938596758934027e-01	0.000000000000000000e+00
-2.999366999999999825e+04	0.000000000000000000e+00	0.000000000000000000e+00	7.306131168553727795e-01	0.000000000000000000e+00
-2.999363999999999942e+04	0.000000000000000000e+00	0.000000000000000000e+00	7.400738547929318623e-01	0.000000000000000000e+00
-2.999361999999999898e+04	0.000000000000000000e+00	0.000000000000000000e+00	7.397686696981718990e-01	0.000000000000000000e+00
-2.999359000000000015e+04	0.000000000000000000e+00	0.000000000000000000e+00	7.541123691518906158e-01	0.000000000000000000e+00
-2.999356000000000131e+04	0.000000000000000000e+00	0.000000000000000000e+00	7.571642200994903593e-01	0.000000000000000000e+00
-2.999354000000000087e+04	0.000000000000000000e+00	0.000000000000000000e+00	7.599108859523301396e-01	0.000000000000000000e+00
-2.999352000000000044e+04	0.000000000000000000e+00	0.000000000000000000e+00	7.544175542466505791e-01	0.000000000000000000e+00
-2.999350000000000000e+04	0.000000000000000000e+00	0.000000000000000000e+00	7.559434797204505063e-01	0.000000000000000000e+00
-2.999347000000000116e+04	0.000000000000000000e+00	0.000000000000000000e+00	7.473982970671712023e-01	0.000000000000000000e+00
-2.999343999999999869e+04	0.000000000000000000e+00	0.000000000000000000e+00	7.446516312143315330e-01	0.000000000000000000e+00
-2.999340999999999985e+04	0.000000000000000000e+00	0.000000000000000000e+00	7.458723715933713860e-01	0.000000000000000000e+00
-2.999338999999999942e+04	0.000000000000000000e+00	0.000000000000000000e+00	7.455671864986114228e-01	0.000000000000000000e+00
-2.999336000000000058e+04	0.000000000000000000e+00	0.000000000000000000e+00	7.562486648152104696e-01	0.000000000000000000e+00
-2.999331999999999971e+04	0.000000000000000000e+00	0.000000000000000000e+00	7.657094027527695523e-01	0.000000000000000000e+00
-2.999327999999999884e+04	0.000000000000000000e+00	0.000000000000000000e+00	7.626575518051698088e-01	0.000000000000000000e+00
-2.999325000000000000e+04	0.000000000000000000e+00	0.000000000000000000e+00	7.730338450270088924e-01	0.000000000000000000e+00
-2.999322000000000116e+04	0.000000000000000000e+00	0.000000000000000000e+00	7.669301431318094053e-01	0.000000000000000000e+00
-2.999320000000000073e+04	0.000000000000000000e+00	0.000000000000000000e+00	7.699819940794091488e-01	0.000000000000000000e+00
-2.999315999999999985e+04	0.000000000000000000e+00	0.000000000000000000e+00	7.773064363536484889e-01	0.000000000000000000e+00
-2.999313000000000102e+04	0.000000000000000000e+00	0.000000000000000000e+00	7.815790276802880854e-01	0.000000000000000000e+00
-2.999309999999999854e+04	0.000000000000000000e+00	0.000000000000000000e+00	7.849360637226477921e-01	0.000000000000000000e+00
-2.999306999999999971e+04	0.000000000000000000e+00	0.000000000000000000e+00	7.943968016602068749e-01	0.000000000000000000e+00
-2.999302999999999884e+04	0.000000000000000000e+00	0.000000000000000000e+00	7.907345805230872049e-01	0.000000000000000000e+00
-2.999300000000000000e+04	0.000000000000000000e+00	0.000000000000000000e+00	8.026367992187261047e-01	0.000000000000000000e+00
-2.999299000000000160e+04	0.000000000000000000e+00	0.000000000000000000e+00	8.081301309244056652e-01	0.000000000000000000e+00
-2.999297000000000116e+04	0.000000000000000000e+00	0.000000000000000000e+00	8.172856837672047847e-01	0.000000000000000000e+00
-2.999295000000000073e+04	0.000000000000000000e+00	0.000000000000000000e+00	8.160649433881649317e-01	0.000000000000000000e+00
-2.999291999999999825e+04	0.000000000000000000e+00	0.000000000000000000e+00	8.157597582934049685e-01	0.000000000000000000e+00
-2.999288999999999942e+04	0.000000000000000000e+00	0.000000000000000000e+00	8.124027222510452617e-01	0.000000000000000000e+00
-2.999284999999999854e+04	0.000000000000000000e+00	0.000000000000000000e+00	8.136234626300851147e-01	0.000000000000000000e+00
-2.999281999999999971e+04	0.000000000000000000e+00	0.000000000000000000e+00	8.154545731986450052e-01	0.000000000000000000e+00
-2.999281000000000131e+04	0.000000000000000000e+00	0.000000000000000000e+00	8.108767967772454455e-01	0.000000000000000000e+00
-2.999279000000000087e+04	0.000000000000000000e+00	0.000000000000000000e+00	8.154545731986450052e-01	0.000000000000000000e+00
-2.999275999999999840e+04	0.000000000000000000e+00	0.000000000000000000e+00	8.120975371562852985e-01	0.000000000000000000e+00
-2.999274000000000160e+04	0.000000000000000000e+00	0.000000000000000000e+00	8.188116092410047120e-01	0.000000000000000000e+00
-2.999272000000000116e+04	0.000000000000000000e+00	0.000000000000000000e+00	8.200323496200445650e-01	0.000000000000000000e+00
-2.999268999999999869e+04	0.000000000000000000e+00	0.000000000000000000e+00	8.230842005676443085e-01	0.000000000000000000e+00
-2.999265999999999985e+04	0.000000000000000000e+00	0.000000000000000000e+00	8.316293832209235015e-01	0.000000000000000000e+00
-2.999265000000000146e+04	0.000000000000000000e+00	0.000000000000000000e+00	8.334604937894832810e-01	0.000000000000000000e+00
-2.999263000000000102e+04	0.000000000000000000e+00	0.000000000000000000e+00	8.532975249488814473e-01	0.000000000000000000e+00
-2.999259999999999854e+04	0.000000000000000000e+00	0.000000000000000000e+00	8.526871547593615208e-01	0.000000000000000000e+00
-2.999256000000000131e+04	0.000000000000000000e+00	0.000000000000000000e+00	8.468886379589221081e-01	0.000000000000000000e+00
-2.999254000000000087e+04	0.000000000000000000e+00	0.000000000000000000e+00	8.523819696646015576e-01	0.000000000000000000e+00
-2.999252999999999884e+04	0.000000000000000000e+00	0.000000000000000000e+00	8.578753013702811181e-01	0.000000000000000000e+00
-2.999250000000000000e+04	0.000000000000000000e+00	0.000000000000000000e+00	8.499404889065218516e-01	0.000000000000000000e+00
-2.999247999999999956e+04	0.000000000000000000e+00	0.000000000000000000e+00	8.587908566545610078e-01	0.000000000000000000e+00
-2.999245999999999913e+04	0.000000000000000000e+00	0.000000000000000000e+00	8.572649311807610806e-01	0.000000000000000000e+00
-2.999243999999999869e+04	0.000000000000000000e+00	0.000000000000000000e+00	8.597064119388408976e-01	0.000000000000000000e+00
-2.999240999999999985e+04	0.000000000000000000e+00	0.000000000000000000e+00	8.636738181707205309e-01	0.000000000000000000e+00
-2.999238000000000102e+04	0.000000000000000000e+00	0.000000000000000000e+00	8.651997436445203471e-01	0.000000000000000000e+00
-2.999234999999999854e+04	0.000000000000000000e+00	0.000000000000000000e+00	8.612323374126407138e-01	0.000000000000000000e+00
-2.999234000000000015e+04	0.000000000000000000e+00	0.000000000000000000e+00	8.627582628864406411e-01	0.000000000000000000e+00
-2.999231000000000131e+04	0.000000000000000000e+00	0.000000000000000000e+00	8.612323374126407138e-01	0.000000000000000000e+00
-2.999229000000000087e+04	0.000000000000000000e+00	0.000000000000000000e+00	8.636738181707205309e-01	0.000000000000000000e+00
-2.999227000000000044e+04	0.000000000000000000e+00	0.000000000000000000e+00	8.557390057069612643e-01	0.000000000000000000e+00
-2.999224000000000160e+04	0.000000000000000000e+00	0.000000000000000000e+00	8.563493758964811908e-01	0.000000000000000000e+00
-2.999222000000000116e+04	0.000000000000000000e+00	0.000000000000000000e+00	8.615375225074007881e-01	0.000000000000000000e+00
-2.999218000000000029e+04	0.000000000000000000e+00	0.000000000000000000e+00	8.587908566545610078e-01	0.000000000000000000e+00
-2.999215000000000146e+04	0.000000000000000000e+00	0.000000000000000000e+00	8.670308542130802376e-01	0.000000000000000000e+00
-2.999213999999999942e+04	0.000000000000000000e+00	0.000000000000000000e+00	8.731345561082797246e-01	0.000000000000000000e+00
-2.999213000000000102e+04	0.000000000000000000e+00	0.000000000000000000e+00	8.807641834772789169e-01	0.000000000000000000e+00
-2.999211000000000058e+04	0.000000000000000000e+00	0.000000000000000000e+00	8.847315897091585501e-01	0.000000000000000000e+00
-2.999209000000000015e+04	0.000000000000000000e+00	0.000000000000000000e+00	8.859523300881985142e-01	0.000000000000000000e+00
-2.999206000000000131e+04	0.000000000000000000e+00	0.000000000000000000e+00	8.987701040681173037e-01	0.000000000000000000e+00
-2.999204000000000087e+04	0.000000000000000000e+00	0.000000000000000000e+00	8.975493636890774507e-01	0.000000000000000000e+00
-2.999200999999999840e+04	0.000000000000000000e+00	0.000000000000000000e+00	9.021271401104770105e-01	0.000000000000000000e+00
-2.999197999999999956e+04	0.000000000000000000e+00	0.000000000000000000e+00	9.094515823847163505e-01	0.000000000000000000e+00
-2.999195999999999913e+04	0.000000000000000000e+00	0.000000000000000000e+00	9.045686208685568275e-01	0.000000000000000000e+00
-2.999195000000000073e+04	0.000000000000000000e+00	0.000000000000000000e+00	9.134189886165959837e-01	0.000000000000000000e+00
-2.999193000000000029e+04	0.000000000000000000e+00	0.000000000000000000e+00	9.143345439008758735e-01	0.000000000000000000e+00
-2.999190999999999985e+04	0.000000000000000000e+00	0.000000000000000000e+00	9.070101016266365335e-01	0.000000000000000000e+00
-2.999190000000000146e+04	0.000000000000000000e+00	0.000000000000000000e+00	9.079256569109164232e-01	0.000000000000000000e+00
-2.999188000000000102e+04	0.000000000000000000e+00	0.000000000000000000e+00	9.009063997314371575e-01	0.000000000000000000e+00
-2.999186999999999898e+04	0.000000000000000000e+00	0.000000000000000000e+00	9.054841761528367172e-01	0.000000000000000000e+00
-2.999184000000000015e+04	0.000000000000000000e+00	0.000000000000000000e+00	9.186071352275154700e-01	0.000000000000000000e+00
-2.999183000000000175e+04	0.000000000000000000e+00	0.000000000000000000e+00	9.112826929532761300e-01	0.000000000000000000e+00
-2.999181000000000131e+04	0.000000000000000000e+00	0.000000000000000000e+00	9.060945463423566437e-01	0.000000000000000000e+00
-2.999179000000000087e+04	0.000000000000000000e+00	0.000000000000000000e+00	9.118930631427960565e-01	0.000000000000000000e+00
-2.999175999999999840e+04	0.000000000000000000e+00	0.000000000000000000e+00	9.173863948484756170e-01	0.000000000000000000e+00
-2.999174000000000160e+04	0.000000000000000000e+00	0.000000000000000000e+00	9.152500991851557632e-01	0.000000000000000000e+00
-2.999172000000000116e+04	0.000000000000000000e+00	0.000000000000000000e+00	9.289834284493545535e-01	0.000000000000000000e+00
-2.999168999999999869e+04	0.000000000000000000e+00	0.000000000000000000e+00	9.314249092074342595e-01	0.000000000000000000e+00
-2.999166999999999825e+04	0.000000000000000000e+00	0.000000000000000000e+00	9.350871303445539295e-01	0.000000000000000000e+00
-2.999165000000000146e+04	0.000000000000000000e+00	0.000000000000000000e+00	9.463789788506729028e-01	0.000000000000000000e+00
-2.999163000000000102e+04	0.000000000000000000e+00	0.000000000000000000e+00	9.491256447035126831e-01	0.000000000000000000e+00
-2.999159999999999854e+04	0.000000000000000000e+00	0.000000000000000000e+00	9.582811975463118026e-01	0.000000000000000000e+00
-2.999156999999999971e+04	0.000000000000000000e+00	0.000000000000000000e+00	9.475997192297128668e-01	0.000000000000000000e+00
-2.999154000000000087e+04	0.000000000000000000e+00	0.000000000000000000e+00	9.521774956511124266e-01	0.000000000000000000e+00
-2.999152000000000044e+04	0.000000000000000000e+00	0.000000000000000000e+00	9.622486037781914359e-01	0.000000000000000000e+00
-2.999150000000000000e+04	0.000000000000000000e+00	0.000000000000000000e+00	9.591967528305918034e-01	0.000000000000000000e+00
-2.999149000000000160e+04	0.000000000000000000e+00	0.000000000000000000e+00	9.549241615039520958e-01	0.000000000000000000e+00
-2.999147000000000116e+04	0.000000000000000000e+00	0.000000000000000000e+00	9.335612048707541133e-01	0.000000000000000000e+00
-2.999145000000000073e+04	0.000000000000000000e+00	0.000000000000000000e+00	9.527878658406323531e-01	0.000000000000000000e+00
-2.999143000000000029e+04	0.000000000000000000e+00	0.000000000000000000e+00	9.540086062196722061e-01	0.000000000000000000e+00
-2.999140999999999985e+04	0.000000000000000000e+00	0.000000000000000000e+00	9.530930509353923163e-01	0.000000000000000000e+00
-2.999138000000000102e+04	0.000000000000000000e+00	0.000000000000000000e+00	9.561449018829920599e-01	0.000000000000000000e+00
-2.999134999999999854e+04	0.000000000000000000e+00	0.000000000000000000e+00	9.604174932096316564e-01	0.000000000000000000e+00
-2.999131999999999971e+04	0.000000000000000000e+00	0.000000000000000000e+00	9.591967528305918034e-01	0.000000000000000000e+00
-2.999127999999999884e+04	0.000000000000000000e+00	0.000000000000000000e+00	9.607226783043916196e-01	0.000000000000000000e+00
-2.999125999999999840e+04	0.000000000000000000e+00	0.000000000000000000e+00	9.662160100100710691e-01	0.000000000000000000e+00
-2.999124000000000160e+04	0.000000000000000000e+00	0.000000000000000000e+00	9.735404522843104091e-01	0.000000000000000000e+00
-2.999120999999999913e+04	0.000000000000000000e+00	0.000000000000000000e+00	9.884945219275490524e-01	0.000000000000000000e+00
-2.999118999999999869e+04	0.000000000000000000e+00	0.000000000000000000e+00	9.982604449598682095e-01	0.000000000000000000e+00
-2.999115000000000146e+04	0.000000000000000000e+00	0.000000000000000000e+00	9.933774834437085755e-01	0.000000000000000000e+00
-2.999113000000000102e+04	0.000000000000000000e+00	0.000000000000000000e+00	9.936826685384685387e-01	0.000000000000000000e+00
-2.999111000000000058e+04	0.000000000000000000e+00	0.000000000000000000e+00	1.007721182897427292e+00	0.000000000000000000e+00
-2.999108000000000175e+04	0.000000000000000000e+00	0.000000000000000000e+00	1.014435254982146706e+00	0.000000000000000000e+00
-2.999106000000000131e+04	0.000000000000000000e+00	0.000000000000000000e+00	1.013824884792626779e+00	0.000000000000000000e+00
-2.999102999999999884e+04	0.000000000000000000e+00	0.000000000000000000e+00	1.014130069887386743e+00	0.000000000000000000e+00
-2.999100000000000000e+04	0.000000000000000000e+00	0.000000000000000000e+00	1.022675252540665936e+00	0.000000000000000000e+00
-2.999097999999999956e+04	0.000000000000000000e+00	0.000000000000000000e+00	1.023895992919705789e+00	0.000000000000000000e+00
-2.999095000000000073e+04	0.000000000000000000e+00	0.000000000000000000e+00	1.010162663655506998e+00	0.000000000000000000e+00
-2.999091999999999825e+04	0.000000000000000000e+00	0.000000000000000000e+00	1.008331553086947219e+00	0.000000000000000000e+00
-2.999090000000000146e+04	0.000000000000000000e+00	0.000000000000000000e+00	1.018097476119266265e+00	0.000000000000000000e+00
-2.999088000000000102e+04	0.000000000000000000e+00	0.000000000000000000e+00	1.011383404034546851e+00	0.000000000000000000e+00
-2.999086000000000058e+04	0.000000000000000000e+00	0.000000000000000000e+00	1.020233771782586230e+00	0.000000000000000000e+00
-2.999083000000000175e+04	0.000000000000000000e+00	0.000000000000000000e+00	1.023590807824945825e+00	0.000000000000000000e+00
-2.999081000000000131e+04	0.000000000000000000e+00	0.000000000000000000e+00	1.028473769341105459e+00	0.000000000000000000e+00
-2.999077999999999884e+04	0.000000000000000000e+00	0.000000000000000000e+00	1.028473769341105459e+00	0.000000000000000000e+00
-2.999075000000000000e+04	0.000000000000000000e+00	0.000000000000000000e+00	1.033051545762504908e+00	0.000000000000000000e+00
-2.999072999999999956e+04	0.000000000000000000e+00	0.000000000000000000e+00	1.043733024079104066e+00	0.000000000000000000e+00
-2.999070000000000073e+04	0.000000000000000000e+00	0.000000000000000000e+00	1.046784875026703698e+00	0.000000000000000000e+00
-2.999068000000000029e+04	0.000000000000000000e+00	0.000000000000000000e+00	1.053498947111423112e+00	0.000000000000000000e+00
-2.999065999999999985e+04	0.000000000000000000e+00	0.000000000000000000e+00	1.058076723532822561e+00	0.000000000000000000e+00
-2.999063999999999942e+04	0.000000000000000000e+00	0.000000000000000000e+00	1.059907834101382562e+00	0.000000000000000000e+00
-2.999061000000000058e+04	0.000000000000000000e+00	0.000000000000000000e+00	1.060823389385662452e+00	0.000000000000000000e+00
-2.999059000000000015e+04	0.000000000000000000e+00	0.000000000000000000e+00	1.042817468794823954e+00	0.000000000000000000e+00
-2.999056999999999971e+04	0.000000000000000000e+00	0.000000000000000000e+00	1.070284127323221535e+00	0.000000000000000000e+00
-2.999054999999999927e+04	0.000000000000000000e+00	0.000000000000000000e+00	1.071504867702261388e+00	0.000000000000000000e+00
-2.999052999999999884e+04	0.000000000000000000e+00	0.000000000000000000e+00	1.060823389385662452e+00	0.000000000000000000e+00
-2.999050000000000000e+04	0.000000000000000000e+00	0.000000000000000000e+00	1.070894497512741461e+00	0.000000000000000000e+00
-2.999047000000000116e+04	0.000000000000000000e+00	0.000000000000000000e+00	1.068147831659901792e+00	0.000000000000000000e+00
-2.999043999999999869e+04	0.000000000000000000e+00	0.000000000000000000e+00	1.073335978270821167e+00	0.000000000000000000e+00
-2.999041999999999825e+04	0.000000000000000000e+00	0.000000000000000000e+00	1.071504867702261388e+00	0.000000000000000000e+00
-2.999038999999999942e+04	0.000000000000000000e+00	0.000000000000000000e+00	1.070894497512741461e+00	0.000000000000000000e+00
-2.999036000000000058e+04	0.000000000000000000e+00	0.000000000000000000e+00	1.065706350901821864e+00	0.000000000000000000e+00
-2.999033000000000175e+04	0.000000000000000000e+00	0.000000000000000000e+00	1.067842646565141829e+00	0.000000000000000000e+00
-2.999029999999999927e+04	0.000000000000000000e+00	0.000000000000000000e+00	1.069368572038941645e+00	0.000000000000000000e+00
-2.999027000000000044e+04	0.000000000000000000e+00	0.000000000000000000e+00	1.071810052797021351e+00	0.000000000000000000e+00
-2.999025999999999840e+04	0.000000000000000000e+00	0.000000000000000000e+00	1.070589312417981498e+00	0.000000000000000000e+00
-2.999022999999999956e+04	0.000000000000000000e+00	0.000000000000000000e+00	1.079744865260780617e+00	0.000000000000000000e+00
-2.999018999999999869e+04	0.000000000000000000e+00	0.000000000000000000e+00	1.096835230567339003e+00	0.000000000000000000e+00
-2.999015999999999985e+04	0.000000000000000000e+00	0.000000000000000000e+00	1.096835230567339003e+00	0.000000000000000000e+00
-2.999013999999999942e+04	0.000000000000000000e+00	0.000000000000000000e+00	1.102938932462538490e+00	0.000000000000000000e+00
-2.999011000000000058e+04	0.000000000000000000e+00	0.000000000000000000e+00	1.105685598315378382e+00	0.000000000000000000e+00
-2.999009000000000015e+04	0.000000000000000000e+00	0.000000000000000000e+00	1.105990783410138345e+00	0.000000000000000000e+00
-2.999006999999999971e+04	0.000000000000000000e+00	0.000000000000000000e+00	1.117587817011017171e+00	0.000000000000000000e+00
-2.999004000000000087e+04	0.000000000000000000e+00	0.000000000000000000e+00	1.115146336252937465e+00	0.000000000000000000e+00
-2.999000000000000000e+04	0.000000000000000000e+00	0.000000000000000000e+00	1.110568559831537794e+00	0.000000000000000000e+00
-2.998997000000000116e+04	0.000000000000000000e+00	0.000000000000000000e+00	1.112399670400097573e+00	0.000000000000000000e+00
-2.998993999999999869e+04	0.000000000000000000e+00	0.000000000000000000e+00	1.115146336252937465e+00	0.000000000000000000e+00
-2.998990999999999985e+04	0.000000000000000000e+00	0.000000000000000000e+00	1.115451521347697428e+00	0.000000000000000000e+00
-2.998988999999999942e+04	0.000000000000000000e+00	0.000000000000000000e+00	1.123691518906216658e+00	0.000000000000000000e+00
-2.998986000000000058e+04	0.000000000000000000e+00	0.000000000000000000e+00	1.125827814569536400e+00	0.000000000000000000e+00
-2.998983000000000175e+04	0.000000000000000000e+00	0.000000000000000000e+00	1.123081148716696731e+00	0.000000000000000000e+00
-2.998981000000000131e+04	0.000000000000000000e+00	0.000000000000000000e+00	1.125827814569536400e+00	0.000000000000000000e+00
-2.998977999999999884e+04	0.000000000000000000e+00	0.000000000000000000e+00	1.134067812128055630e+00	0.000000000000000000e+00
-2.998975999999999840e+04	0.000000000000000000e+00	0.000000000000000000e+00	1.128879665517136033e+00	0.000000000000000000e+00
-2.998974000000000160e+04	0.000000000000000000e+00	0.000000000000000000e+00	1.135593737601855446e+00	0.000000000000000000e+00
-2.998970999999999913e+04	0.000000000000000000e+00	0.000000000000000000e+00	1.135288552507095483e+00	0.000000000000000000e+00
-2.998968999999999869e+04	0.000000000000000000e+00	0.000000000000000000e+00	1.137730033265175411e+00	0.000000000000000000e+00
-2.998965999999999985e+04	0.000000000000000000e+00	0.000000000000000000e+00	1.134983367412335520e+00	0.000000000000000000e+00
-2.998961999999999898e+04	0.000000000000000000e+00	0.000000000000000000e+00	1.144444105349894603e+00	0.000000000000000000e+00
-2.998959999999999854e+04	0.000000000000000000e+00	0.000000000000000000e+00	1.145359660634174714e+00	0.000000000000000000e+00
-2.998956999999999971e+04	0.000000000000000000e+00	0.000000000000000000e+00	1.150547807245094090e+00	0.000000000000000000e+00
-2.998954000000000087e+04	0.000000000000000000e+00	0.000000000000000000e+00	1.165807061983092696e+00	0.000000000000000000e+00
-2.998950999999999840e+04	0.000000000000000000e+00	0.000000000000000000e+00	1.170995208594012293e+00	0.000000000000000000e+00
-2.998947000000000116e+04	0.000000000000000000e+00	0.000000000000000000e+00	1.166722617267372586e+00	0.000000000000000000e+00
-2.998943000000000029e+04	0.000000000000000000e+00	0.000000000000000000e+00	1.170995208594012293e+00	0.000000000000000000e+00
-2.998938000000000102e+04	0.000000000000000000e+00	0.000000000000000000e+00	1.177709280678731707e+00	0.000000000000000000e+00
-2.998933000000000175e+04	0.000000000000000000e+00	0.000000000000000000e+00	1.196630756553849873e+00	0.000000000000000000e+00
-2.998929000000000087e+04	0.000000000000000000e+00	0.000000000000000000e+00	1.190832239753410349e+00	0.000000000000000000e+00
-2.998925999999999840e+04	0.000000000000000000e+00	0.000000000000000000e+00	1.192052980132450424e+00	0.000000000000000000e+00
-2.998922000000000116e+04	0.000000000000000000e+00	0.000000000000000000e+00	1.199377422406689764e+00	0.000000000000000000e+00
-2.998918999999999869e+04	0.000000000000000000e+00	0.000000000000000000e+00	1.198767052217169615e+00	0.000000000000000000e+00
-2.998915000000000146e+04	0.000000000000000000e+00	0.000000000000000000e+00	1.200598162785729617e+00	0.000000000000000000e+00
-2.998911000000000058e+04	0.000000000000000000e+00	0.000000000000000000e+00	1.202124088259529433e+00	0.000000000000000000e+00
-2.998908000000000175e+04	0.000000000000000000e+00	0.000000000000000000e+00	1.214636677144688148e+00	0.000000000000000000e+00
-2.998906000000000131e+04	0.000000000000000000e+00	0.000000000000000000e+00	1.225012970366527343e+00	0.000000000000000000e+00
-2.998904000000000087e+04	0.000000000000000000e+00	0.000000000000000000e+00	1.213110751670888332e+00	0.000000000000000000e+00
-2.998902000000000044e+04	0.000000000000000000e+00	0.000000000000000000e+00	1.202124088259529433e+00	0.000000000000000000e+00
-2.998900000000000000e+04	0.000000000000000000e+00	0.000000000000000000e+00	1.207922605059968957e+00	0.000000000000000000e+00
-2.998897000000000116e+04	0.000000000000000000e+00	0.000000000000000000e+00	1.211279641102328553e+00	0.000000000000000000e+00
-2.998893000000000029e+04	0.000000000000000000e+00	0.000000000000000000e+00	1.213415936765648295e+00	0.000000000000000000e+00
-2.998890000000000146e+04	0.000000000000000000e+00	0.000000000000000000e+00	1.212500381481368406e+00	0.000000000000000000e+00
-2.998886999999999898e+04	0.000000000000000000e+00	0.000000000000000000e+00	1.225318155461287306e+00	0.000000000000000000e+00
-2.998884000000000015e+04	0.000000000000000000e+00	0.000000000000000000e+00	1.237220374156926095e+00	0.000000000000000000e+00
-2.998881000000000131e+04	0.000000000000000000e+00	0.000000000000000000e+00	1.234473708304086426e+00	0.000000000000000000e+00
-2.998877999999999884e+04	0.000000000000000000e+00	0.000000000000000000e+00	1.236915189062166132e+00	0.000000000000000000e+00
-2.998875000000000000e+04	0.000000000000000000e+00	0.000000000000000000e+00	1.248207037568285216e+00	0.000000000000000000e+00
-2.998872000000000116e+04	0.000000000000000000e+00	0.000000000000000000e+00	1.255531479842524556e+00	0.000000000000000000e+00
-2.998868000000000029e+04	0.000000000000000000e+00	0.000000000000000000e+00	1.252784813989684665e+00	0.000000000000000000e+00
-2.998865000000000146e+04	0.000000000000000000e+00	0.000000000000000000e+00	1.257667775505844299e+00	0.000000000000000000e+00
-2.998863000000000102e+04	0.000000000000000000e+00	0.000000000000000000e+00	1.262245551927243969e+00	0.000000000000000000e+00
-2.998861000000000058e+04	0.000000000000000000e+00	0.000000000000000000e+00	1.268654438917203198e+00	0.000000000000000000e+00
-2.998859000000000015e+04	0.000000000000000000e+00	0.000000000000000000e+00	1.273537400433362832e+00	0.000000000000000000e+00
-2.998858000000000175e+04	0.000000000000000000e+00	0.000000000000000000e+00	1.262855922116763896e+00	0.000000000000000000e+00
-2.998854999999999927e+04	0.000000000000000000e+00	0.000000000000000000e+00	1.266518143253883455e+00	0.000000000000000000e+00
-2.998852999999999884e+04	0.000000000000000000e+00	0.000000000000000000e+00	1.259804071169164041e+00	0.000000000000000000e+00
-2.998850000000000000e+04	0.000000000000000000e+00	0.000000000000000000e+00	1.263771477401043786e+00	0.000000000000000000e+00
-2.998847999999999956e+04	0.000000000000000000e+00	0.000000000000000000e+00	1.275063325907162648e+00	0.000000000000000000e+00
-2.998845000000000073e+04	0.000000000000000000e+00	0.000000000000000000e+00	1.274147770622882758e+00	0.000000000000000000e+00
-2.998843999999999869e+04	0.000000000000000000e+00	0.000000000000000000e+00	1.284524063844721731e+00	0.000000000000000000e+00
-2.998841999999999825e+04	0.000000000000000000e+00	0.000000000000000000e+00	1.275978881191442538e+00	0.000000000000000000e+00
-2.998840000000000146e+04	0.000000000000000000e+00	0.000000000000000000e+00	1.283303323465681878e+00	0.000000000000000000e+00
-2.998836999999999898e+04	0.000000000000000000e+00	0.000000000000000000e+00	1.301004058961760412e+00	0.000000000000000000e+00
-2.998834999999999854e+04	0.000000000000000000e+00	0.000000000000000000e+00	1.291848506118961071e+00	0.000000000000000000e+00
-2.998831999999999971e+04	0.000000000000000000e+00	0.000000000000000000e+00	1.295205542161320889e+00	0.000000000000000000e+00
-2.998829999999999927e+04	0.000000000000000000e+00	0.000000000000000000e+00	1.301004058961760412e+00	0.000000000000000000e+00
-2.998827999999999884e+04	0.000000000000000000e+00	0.000000000000000000e+00	1.298867763298440448e+00	0.000000000000000000e+00
-2.998825999999999840e+04	0.000000000000000000e+00	0.000000000000000000e+00	1.301004058961760412e+00	0.000000000000000000e+00
-2.998822999999999956e+04	0.000000000000000000e+00	0.000000000000000000e+00	1.301919614246040302e+00	0.000000000000000000e+00
-2.998820000000000073e+04	0.000000000000000000e+00	0.000000000000000000e+00	1.302224799340800265e+00	0.000000000000000000e+00
-2.998818000000000029e+04	0.000000000000000000e+00	0.000000000000000000e+00	1.315958128604998834e+00	0.000000000000000000e+00
-2.998815999999999985e+04	0.000000000000000000e+00	0.000000000000000000e+00	1.313821832941679091e+00	0.000000000000000000e+00
-2.998813999999999942e+04	0.000000000000000000e+00	0.000000000000000000e+00	1.298562578203680484e+00	0.000000000000000000e+00
-2.998811000000000058e+04	0.000000000000000000e+00	0.000000000000000000e+00	1.312906277657399201e+00	0.000000000000000000e+00
-2.998809000000000015e+04	0.000000000000000000e+00	0.000000000000000000e+00	1.308938871425519679e+00	0.000000000000000000e+00
-2.998806000000000131e+04	0.000000000000000000e+00	0.000000000000000000e+00	1.308023316141239567e+00	0.000000000000000000e+00
-2.998804000000000087e+04	0.000000000000000000e+00	0.000000000000000000e+00	1.303445539719840118e+00	0.000000000000000000e+00
-2.998800999999999840e+04	0.000000000000000000e+00	0.000000000000000000e+00	1.306497390667439751e+00	0.000000000000000000e+00
-2.998797999999999956e+04	0.000000000000000000e+00	0.000000000000000000e+00	1.311075167088839422e+00	0.000000000000000000e+00
-2.998795000000000073e+04	0.000000000000000000e+00	0.000000000000000000e+00	1.322672200689718247e+00	0.000000000000000000e+00
-2.998791999999999825e+04	0.000000000000000000e+00	0.000000000000000000e+00	1.329081087679677697e+00	0.000000000000000000e+00
-2.998790000000000146e+04	0.000000000000000000e+00	0.000000000000000000e+00	1.337626270332956890e+00	0.000000000000000000e+00
-2.998786999999999898e+04	0.000000000000000000e+00	0.000000000000000000e+00	1.340067751091036818e+00	0.000000000000000000e+00
-2.998784000000000015e+04	0.000000000000000000e+00	0.000000000000000000e+00	1.339152195806756707e+00	0.000000000000000000e+00
-2.998781999999999971e+04	0.000000000000000000e+00	0.000000000000000000e+00	1.345255897701956194e+00	0.000000000000000000e+00
-2.998781000000000131e+04	0.000000000000000000e+00	0.000000000000000000e+00	1.351664784691915644e+00	0.000000000000000000e+00
-2.998777999999999884e+04	0.000000000000000000e+00	0.000000000000000000e+00	1.351359599597155681e+00	0.000000000000000000e+00
-2.998775000000000000e+04	0.000000000000000000e+00	0.000000000000000000e+00	1.350138859218115828e+00	0.000000000000000000e+00
-2.998772999999999956e+04	0.000000000000000000e+00	0.000000000000000000e+00	1.348612933744316011e+00	0.000000000000000000e+00
-2.998770999999999913e+04	0.000000000000000000e+00	0.000000000000000000e+00	1.343424787133396414e+00	0.000000000000000000e+00
-2.998768000000000029e+04	0.000000000000000000e+00	0.000000000000000000e+00	1.345255897701956194e+00	0.000000000000000000e+00
-2.998765999999999985e+04	0.000000000000000000e+00	0.000000000000000000e+00	1.355021820734275240e+00	0.000000000000000000e+00
-2.998765000000000146e+04	0.000000000000000000e+00	0.000000000000000000e+00	1.347087008270515973e+00	0.000000000000000000e+00
-2.998763000000000102e+04	0.000000000000000000e+00	0.000000000000000000e+00	1.355327005829035203e+00	0.000000000000000000e+00
-2.998761000000000058e+04	0.000000000000000000e+00	0.000000000000000000e+00	1.357768486587115131e+00	0.000000000000000000e+00
-2.998759000000000015e+04	0.000000000000000000e+00	0.000000000000000000e+00	1.354106265449995350e+00	0.000000000000000000e+00
-2.998756999999999971e+04	0.000000000000000000e+00	0.000000000000000000e+00	1.341593676564836635e+00	0.000000000000000000e+00
-2.998754999999999927e+04	0.000000000000000000e+00	0.000000000000000000e+00	1.344645527512436267e+00	0.000000000000000000e+00
-2.998752999999999884e+04	0.000000000000000000e+00	0.000000000000000000e+00	1.348002563554796085e+00	0.000000000000000000e+00
-2.998750999999999840e+04	0.000000000000000000e+00	0.000000000000000000e+00	1.349528489028595901e+00	0.000000000000000000e+00
-2.998749000000000160e+04	0.000000000000000000e+00	0.000000000000000000e+00	1.353801080355235387e+00	0.000000000000000000e+00
-2.998747000000000116e+04	0.000000000000000000e+00	0.000000000000000000e+00	1.355937376018555351e+00	0.000000000000000000e+00
-2.998745000000000073e+04	0.000000000000000000e+00	0.000000000000000000e+00	1.372112186040833848e+00	0.000000000000000000e+00
-2.998743000000000029e+04	0.000000000000000000e+00	0.000000000000000000e+00	1.371196630756553958e+00	0.000000000000000000e+00
-2.998740999999999985e+04	0.000000000000000000e+00	0.000000000000000000e+00	1.373943296609393627e+00	0.000000000000000000e+00
-2.998738999999999942e+04	0.000000000000000000e+00	0.000000000000000000e+00	1.393169957579271756e+00	0.000000000000000000e+00
-2.998738000000000102e+04	0.000000000000000000e+00	0.000000000000000000e+00	1.392254402294991866e+00	0.000000000000000000e+00
-2.998736000000000058e+04	0.000000000000000000e+00	0.000000000000000000e+00	1.388592181157872307e+00	0.000000000000000000e+00
-2.998734999999999854e+04	0.000000000000000000e+00	0.000000000000000000e+00	1.385845515305032416e+00	0.000000000000000000e+00
-2.998733000000000175e+04	0.000000000000000000e+00	0.000000000000000000e+00	1.380657368694113041e+00	0.000000000000000000e+00
-2.998731000000000131e+04	0.000000000000000000e+00	0.000000000000000000e+00	1.388286996063112344e+00	0.000000000000000000e+00
-2.998727999999999884e+04	0.000000000000000000e+00	0.000000000000000000e+00	1.385540330210272453e+00	0.000000000000000000e+00
-2.998725999999999840e+04	0.000000000000000000e+00	0.000000000000000000e+00	1.384319589831232600e+00	0.000000000000000000e+00
-2.998724000000000160e+04	0.000000000000000000e+00	0.000000000000000000e+00	1.383404034546952710e+00	0.000000000000000000e+00
-2.998722000000000116e+04	0.000000000000000000e+00	0.000000000000000000e+00	1.392254402294991866e+00	0.000000000000000000e+00
-2.998718000000000029e+04	0.000000000000000000e+00	0.000000000000000000e+00	1.384624774925992563e+00	0.000000000000000000e+00
-2.998715999999999985e+04	0.000000000000000000e+00	0.000000000000000000e+00	1.391644032105471940e+00	0.000000000000000000e+00
-2.998715000000000146e+04	0.000000000000000000e+00	0.000000000000000000e+00	1.396221808526871611e+00	0.000000000000000000e+00
-2.998711999999999898e+04	0.000000000000000000e+00	0.000000000000000000e+00	1.386150700399792379e+00	0.000000000000000000e+00
-2.998709000000000015e+04	0.000000000000000000e+00	0.000000000000000000e+00	1.391644032105471940e+00	0.000000000000000000e+00
-2.998706000000000131e+04	0.000000000000000000e+00	0.000000000000000000e+00	1.402325510422070876e+00	0.000000000000000000e+00
-2.998704999999999927e+04	0.000000000000000000e+00	0.000000000000000000e+00	1.413617358928189960e+00	0.000000000000000000e+00
-2.998702999999999884e+04	0.000000000000000000e+00	0.000000000000000000e+00	1.391033661915952013e+00	0.000000000000000000e+00
-2.998700999999999840e+04	0.000000000000000000e+00	0.000000000000000000e+00	1.409649952696310216e+00	0.000000000000000000e+00
-2.998697999999999956e+04	0.000000000000000000e+00	0.000000000000000000e+00	1.425824762718588934e+00	0.000000000000000000e+00
-2.998695999999999913e+04	0.000000000000000000e+00	0.000000000000000000e+00	1.422772911770989079e+00	0.000000000000000000e+00
-2.998693999999999869e+04	0.000000000000000000e+00	0.000000000000000000e+00	1.438032166508987686e+00	0.000000000000000000e+00
-2.998690999999999985e+04	0.000000000000000000e+00	0.000000000000000000e+00	1.432538834803308125e+00	0.000000000000000000e+00
-2.998688999999999942e+04	0.000000000000000000e+00	0.000000000000000000e+00	1.436506241035187870e+00	0.000000000000000000e+00
-2.998686999999999898e+04	0.000000000000000000e+00	0.000000000000000000e+00	1.426129947813348897e+00	0.000000000000000000e+00
-2.998684999999999854e+04	0.000000000000000000e+00	0.000000000000000000e+00	1.426740318002868824e+00	0.000000000000000000e+00
-2.998684000000000015e+04	0.000000000000000000e+00	0.000000000000000000e+00	1.437421796319467759e+00	0.000000000000000000e+00
-2.998681999999999971e+04	0.000000000000000000e+00	0.000000000000000000e+00	1.427961058381908677e+00	0.000000000000000000e+00
-2.998681000000000131e+04	0.000000000000000000e+00	0.000000000000000000e+00	1.425824762718588934e+00	0.000000000000000000e+00
-2.998679000000000087e+04	0.000000000000000000e+00	0.000000000000000000e+00	1.423993652150028932e+00	0.000000000000000000e+00
-2.998677999999999884e+04	0.000000000000000000e+00	0.000000000000000000e+00	1.432538834803308125e+00	0.000000000000000000e+00
-2.998675999999999840e+04	0.000000000000000000e+00	0.000000000000000000e+00	1.428266243476668640e+00	0.000000000000000000e+00
-2.998672999999999956e+04	0.000000000000000000e+00	0.000000000000000000e+00	1.433149204992828052e+00	0.000000000000000000e+00
-2.998670999999999913e+04	0.000000000000000000e+00	0.000000000000000000e+00	1.427350688192388750e+00	0.000000000000000000e+00
-2.998668999999999869e+04	0.000000000000000000e+00	0.000000000000000000e+00	1.432538834803308125e+00	0.000000000000000000e+00
-2.998666999999999825e+04	0.000000000000000000e+00	0.000000000000000000e+00	1.435285500656148017e+00	0.000000000000000000e+00
-2.998663999999999942e+04	0.000000000000000000e+00	0.000000000000000000e+00	1.436811426129947833e+00	0.000000000000000000e+00
-2.998661999999999898e+04	0.000000000000000000e+00	0.000000000000000000e+00	1.436811426129947833e+00	0.000000000000000000e+00
-2.998659999999999854e+04	0.000000000000000000e+00	0.000000000000000000e+00	1.444746238593707099e+00	0.000000000000000000e+00
-2.998658000000000175e+04	0.000000000000000000e+00	0.000000000000000000e+00	1.449324015015106770e+00	0.000000000000000000e+00
-2.998656999999999971e+04	0.000000000000000000e+00	0.000000000000000000e+00	1.455427716910306035e+00	0.000000000000000000e+00
-2.998654999999999927e+04	0.000000000000000000e+00	0.000000000000000000e+00	1.455427716910306035e+00	0.000000000000000000e+00
-2.998652999999999884e+04	0.000000000000000000e+00	0.000000000000000000e+00	1.461531418805505522e+00	0.000000000000000000e+00
-2.998650999999999840e+04	0.000000000000000000e+00	0.000000000000000000e+00	1.453901791436506219e+00	0.000000000000000000e+00
-2.998647000000000116e+04	0.000000000000000000e+00	0.000000000000000000e+00	1.453901791436506219e+00	0.000000000000000000e+00
-2.998643999999999869e+04	0.000000000000000000e+00	0.000000000000000000e+00	1.465804010132145230e+00	0.000000000000000000e+00
-2.998643000000000029e+04	0.000000000000000000e+00	0.000000000000000000e+00	1.463667714468825265e+00	0.000000000000000000e+00
-2.998640999999999985e+04	0.000000000000000000e+00	0.000000000000000000e+00	1.466109195226905193e+00	0.000000000000000000e+00
-2.998638000000000102e+04	0.000000000000000000e+00	0.000000000000000000e+00	1.463667714468825265e+00	0.000000000000000000e+00
-2.998636000000000058e+04	0.000000000000000000e+00	0.000000000000000000e+00	1.467024750511185083e+00	0.000000000000000000e+00
-2.998633000000000175e+04	0.000000000000000000e+00	0.000000000000000000e+00	1.455122531815546072e+00	0.000000000000000000e+00
-2.998629000000000087e+04	0.000000000000000000e+00	0.000000000000000000e+00	1.461531418805505522e+00	0.000000000000000000e+00
-2.998625999999999840e+04	0.000000000000000000e+00	0.000000000000000000e+00	1.451765495773186476e+00	0.000000000000000000e+00
-2.998622999999999956e+04	0.000000000000000000e+00	0.000000000000000000e+00	1.460615863521225632e+00	0.000000000000000000e+00
-2.998620999999999913e+04	0.000000000000000000e+00	0.000000000000000000e+00	1.470992156743064605e+00	0.000000000000000000e+00
-2.998618999999999869e+04	0.000000000000000000e+00	0.000000000000000000e+00	1.469466231269264789e+00	0.000000000000000000e+00
-2.998615999999999985e+04	0.000000000000000000e+00	0.000000000000000000e+00	1.474959562974944349e+00	0.000000000000000000e+00
-2.998613000000000102e+04	0.000000000000000000e+00	0.000000000000000000e+00	1.478621784112063908e+00	0.000000000000000000e+00
-2.998609999999999854e+04	0.000000000000000000e+00	0.000000000000000000e+00	1.480452894680623688e+00	0.000000000000000000e+00
-2.998608000000000175e+04	0.000000000000000000e+00	0.000000000000000000e+00	1.483504745628223542e+00	0.000000000000000000e+00
-2.998606000000000131e+04	0.000000000000000000e+00	0.000000000000000000e+00	1.484115115817743469e+00	0.000000000000000000e+00
-2.998604000000000087e+04	0.000000000000000000e+00	0.000000000000000000e+00	1.484115115817743469e+00	0.000000000000000000e+00
-2.998602999999999884e+04	0.000000000000000000e+00	0.000000000000000000e+00	1.491439558091982809e+00	0.000000000000000000e+00
-2.998600000000000000e+04	0.000000000000000000e+00	0.000000000000000000e+00	1.496322519608142443e+00	0.000000000000000000e+00
-2.998597999999999956e+04	0.000000000000000000e+00	0.000000000000000000e+00	1.498764000366222149e+00	0.000000000000000000e+00
-2.998595000000000073e+04	0.000000000000000000e+00	0.000000000000000000e+00	1.490829187902462882e+00	0.000000000000000000e+00
-2.998593999999999869e+04	0.000000000000000000e+00	0.000000000000000000e+00	1.493881038850062515e+00	0.000000000000000000e+00
-2.998590999999999985e+04	0.000000000000000000e+00	0.000000000000000000e+00	1.490524002807702919e+00	0.000000000000000000e+00
-2.998588000000000102e+04	0.000000000000000000e+00	0.000000000000000000e+00	1.492965483565782625e+00	0.000000000000000000e+00
-2.998584999999999854e+04	0.000000000000000000e+00	0.000000000000000000e+00	1.509445478682821085e+00	0.000000000000000000e+00
-2.998583000000000175e+04	0.000000000000000000e+00	0.000000000000000000e+00	1.497848445081942259e+00	0.000000000000000000e+00
-2.998581000000000131e+04	0.000000000000000000e+00	0.000000000000000000e+00	1.489608447523423029e+00	0.000000000000000000e+00
-2.998577999999999884e+04	0.000000000000000000e+00	0.000000000000000000e+00	1.493270668660542588e+00	0.000000000000000000e+00
-2.998574000000000160e+04	0.000000000000000000e+00	0.000000000000000000e+00	1.501205481124301855e+00	0.000000000000000000e+00
-2.998572999999999956e+04	0.000000000000000000e+00	0.000000000000000000e+00	1.493881038850062515e+00	0.000000000000000000e+00
-2.998570000000000073e+04	0.000000000000000000e+00	0.000000000000000000e+00	1.500595110934781928e+00	0.000000000000000000e+00
-2.998566999999999825e+04	0.000000000000000000e+00	0.000000000000000000e+00	1.509750663777581048e+00	0.000000000000000000e+00
-2.998563000000000102e+04	0.000000000000000000e+00	0.000000000000000000e+00	1.521042512283700132e+00	0.000000000000000000e+00
-2.998559999999999854e+04	0.000000000000000000e+00	0.000000000000000000e+00	1.524094363231299765e+00	0.000000000000000000e+00
-2.998558000000000175e+04	0.000000000000000000e+00	0.000000000000000000e+00	1.526230658894619507e+00	0.000000000000000000e+00
-2.998556999999999971e+04	0.000000000000000000e+00	0.000000000000000000e+00	1.524399548326059728e+00	0.000000000000000000e+00
-2.998554000000000087e+04	0.000000000000000000e+00	0.000000000000000000e+00	1.535996581926938775e+00	0.000000000000000000e+00
-2.998550000000000000e+04	0.000000000000000000e+00	0.000000000000000000e+00	1.527146214178899397e+00	0.000000000000000000e+00
-2.998547000000000116e+04	0.000000000000000000e+00	0.000000000000000000e+00	1.533555101168858847e+00	0.000000000000000000e+00
-2.998543999999999869e+04	0.000000000000000000e+00	0.000000000000000000e+00	1.530808435316019178e+00	0.000000000000000000e+00
-2.998540999999999985e+04	0.000000000000000000e+00	0.000000000000000000e+00	1.528672139652699435e+00	0.000000000000000000e+00
-2.998540000000000146e+04	0.000000000000000000e+00	0.000000000000000000e+00	1.543015839106418152e+00	0.000000000000000000e+00
-2.998536999999999898e+04	0.000000000000000000e+00	0.000000000000000000e+00	1.534165471358378774e+00	0.000000000000000000e+00
-2.998534000000000015e+04	0.000000000000000000e+00	0.000000000000000000e+00	1.533249916074098884e+00	0.000000000000000000e+00
-2.998529999999999927e+04	0.000000000000000000e+00	0.000000000000000000e+00	1.537217322305978628e+00	0.000000000000000000e+00
-2.998527999999999884e+04	0.000000000000000000e+00	0.000000000000000000e+00	1.534775841547898700e+00	0.000000000000000000e+00
-2.998525000000000000e+04	0.000000000000000000e+00	0.000000000000000000e+00	1.540879543443098187e+00	0.000000000000000000e+00
-2.998520999999999913e+04	0.000000000000000000e+00	0.000000000000000000e+00	1.542405468916898004e+00	0.000000000000000000e+00
-2.998518000000000029e+04	0.000000000000000000e+00	0.000000000000000000e+00	1.540574358348338224e+00	0.000000000000000000e+00
-2.998515999999999985e+04	0.000000000000000000e+00	0.000000000000000000e+00	1.535386211737418849e+00	0.000000000000000000e+00
-2.998515000000000146e+04	0.000000000000000000e+00	0.000000000000000000e+00	1.539658803064058334e+00	0.000000000000000000e+00
-2.998511999999999898e+04	0.000000000000000000e+00	0.000000000000000000e+00	1.539353617969298371e+00	0.000000000000000000e+00
-2.998509000000000015e+04	0.000000000000000000e+00	0.000000000000000000e+00	1.553697317423017088e+00	0.000000000000000000e+00
-2.998504999999999927e+04	0.000000000000000000e+00	0.000000000000000000e+00	1.556138798181096794e+00	0.000000000000000000e+00
-2.998502000000000044e+04	0.000000000000000000e+00	0.000000000000000000e+00	1.559801019318216575e+00	0.000000000000000000e+00
-2.998500000000000000e+04	0.000000000000000000e+00	0.000000000000000000e+00	1.558885464033936685e+00	0.000000000000000000e+00
-2.998497999999999956e+04	0.000000000000000000e+00	0.000000000000000000e+00	1.563768425550096097e+00	0.000000000000000000e+00
-2.998495999999999913e+04	0.000000000000000000e+00	0.000000000000000000e+00	1.566515091402935989e+00	0.000000000000000000e+00
-2.998491999999999825e+04	0.000000000000000000e+00	0.000000000000000000e+00	1.564073610644856061e+00	0.000000000000000000e+00
-2.998488000000000102e+04	0.000000000000000000e+00	0.000000000000000000e+00	1.575670644245735108e+00	0.000000000000000000e+00
-2.998484999999999854e+04	0.000000000000000000e+00	0.000000000000000000e+00	1.571092867824335437e+00	0.000000000000000000e+00
-2.998483000000000175e+04	0.000000000000000000e+00	0.000000000000000000e+00	1.571703238013855364e+00	0.000000000000000000e+00
-2.998479999999999927e+04	0.000000000000000000e+00	0.000000000000000000e+00	1.583910641804254338e+00	0.000000000000000000e+00
-2.998477000000000044e+04	0.000000000000000000e+00	0.000000000000000000e+00	1.572313608203375290e+00	0.000000000000000000e+00
-2.998474000000000160e+04	0.000000000000000000e+00	0.000000000000000000e+00	1.578417310098574777e+00	0.000000000000000000e+00
-2.998472000000000116e+04	0.000000000000000000e+00	0.000000000000000000e+00	1.569872127445295584e+00	0.000000000000000000e+00
-2.998470000000000073e+04	0.000000000000000000e+00	0.000000000000000000e+00	1.578417310098574777e+00	0.000000000000000000e+00
-2.998465999999999985e+04	0.000000000000000000e+00	0.000000000000000000e+00	1.578417310098574777e+00	0.000000000000000000e+00
-2.998461999999999898e+04	0.000000000000000000e+00	0.000000000000000000e+00	1.575975829340495071e+00	0.000000000000000000e+00
-2.998458000000000175e+04	0.000000000000000000e+00	0.000000000000000000e+00	1.581469161046174410e+00	0.000000000000000000e+00
-2.998454000000000087e+04	0.000000000000000000e+00	0.000000000000000000e+00	1.579638050477614630e+00	0.000000000000000000e+00
-2.998449000000000160e+04	0.000000000000000000e+00	0.000000000000000000e+00	1.576891384624774961e+00	0.000000000000000000e+00
-2.998445999999999913e+04	0.000000000000000000e+00	0.000000000000000000e+00	1.582689901425214485e+00	0.000000000000000000e+00
-2.998443999999999869e+04	0.000000000000000000e+00	0.000000000000000000e+00	1.582995086519974448e+00	0.000000000000000000e+00
-2.998443000000000029e+04	0.000000000000000000e+00	0.000000000000000000e+00	1.592761009552293494e+00	0.000000000000000000e+00
-2.998440999999999985e+04	0.000000000000000000e+00	0.000000000000000000e+00	1.593676564836573384e+00	0.000000000000000000e+00
-2.998436999999999898e+04	0.000000000000000000e+00	0.000000000000000000e+00	1.596728415784173016e+00	0.000000000000000000e+00
-2.998434000000000015e+04	0.000000000000000000e+00	0.000000000000000000e+00	1.581469161046174410e+00	0.000000000000000000e+00
-2.998429999999999927e+04	0.000000000000000000e+00	0.000000000000000000e+00	1.597949156163213091e+00	0.000000000000000000e+00
-2.998425999999999840e+04	0.000000000000000000e+00	0.000000000000000000e+00	1.599780266731772871e+00	0.000000000000000000e+00
-2.998424000000000160e+04	0.000000000000000000e+00	0.000000000000000000e+00	1.608630634479812027e+00	0.000000000000000000e+00
-2.998420999999999913e+04	0.000000000000000000e+00	0.000000000000000000e+00	1.603442487868892430e+00	0.000000000000000000e+00
-2.998418000000000029e+04	0.000000000000000000e+00	0.000000000000000000e+00	1.607715079195532137e+00	0.000000000000000000e+00
-2.998415000000000146e+04	0.000000000000000000e+00	0.000000000000000000e+00	1.594286935026093310e+00	0.000000000000000000e+00
-2.998411999999999898e+04	0.000000000000000000e+00	0.000000000000000000e+00	1.598254341257973055e+00	0.000000000000000000e+00
-2.998409999999999854e+04	0.000000000000000000e+00	0.000000000000000000e+00	1.598254341257973055e+00	0.000000000000000000e+00
-2.998406000000000131e+04	0.000000000000000000e+00	0.000000000000000000e+00	1.592150639362773568e+00	0.000000000000000000e+00
-2.998402999999999884e+04	0.000000000000000000e+00	0.000000000000000000e+00	1.597033600878932980e+00	0.000000000000000000e+00
-2.998399000000000160e+04	0.000000000000000000e+00	0.000000000000000000e+00	1.598254341257973055e+00	0.000000000000000000e+00
-2.998395999999999913e+04	0.000000000000000000e+00	0.000000000000000000e+00	1.590319528794213788e+00	0.000000000000000000e+00
-2.998395000000000073e+04	0.000000000000000000e+00	0.000000000000000000e+00	1.596118045594653090e+00	0.000000000000000000e+00
-2.998391999999999825e+04	0.000000000000000000e+00	0.000000000000000000e+00	1.599475081637012908e+00	0.000000000000000000e+00
-2.998388999999999942e+04	0.000000000000000000e+00	0.000000000000000000e+00	1.594286935026093310e+00	0.000000000000000000e+00
-2.998386999999999898e+04	0.000000000000000000e+00	0.000000000000000000e+00	1.593676564836573384e+00	0.000000000000000000e+00
-2.998384999999999854e+04	0.000000000000000000e+00	0.000000000000000000e+00	1.622974333933530744e+00	0.000000000000000000e+00
-2.998383000000000175e+04	0.000000000000000000e+00	0.000000000000000000e+00	1.608630634479812027e+00	0.000000000000000000e+00
-2.998381000000000131e+04	0.000000000000000000e+00	0.000000000000000000e+00	1.616565446943571294e+00	0.000000000000000000e+00
-2.998379000000000087e+04	0.000000000000000000e+00	0.000000000000000000e+00	1.611377300332651696e+00	0.000000000000000000e+00
-2.998377000000000044e+04	0.000000000000000000e+00	0.000000000000000000e+00	1.611987670522171623e+00	0.000000000000000000e+00
-2.998374000000000160e+04	0.000000000000000000e+00	0.000000000000000000e+00	1.615039521469771477e+00	0.000000000000000000e+00
-2.998370999999999913e+04	0.000000000000000000e+00	0.000000000000000000e+00	1.602832117679372503e+00	0.000000000000000000e+00
-2.998366999999999825e+04	0.000000000000000000e+00	0.000000000000000000e+00	1.619006927701651000e+00	0.000000000000000000e+00
-2.998365000000000146e+04	0.000000000000000000e+00	0.000000000000000000e+00	1.619922482985930889e+00	0.000000000000000000e+00
-2.998363000000000102e+04	0.000000000000000000e+00	0.000000000000000000e+00	1.626636555070650303e+00	0.000000000000000000e+00
-2.998361999999999898e+04	0.000000000000000000e+00	0.000000000000000000e+00	1.610461745048371807e+00	0.000000000000000000e+00
-2.998359999999999854e+04	0.000000000000000000e+00	0.000000000000000000e+00	1.622058778649250854e+00	0.000000000000000000e+00
-2.998358000000000175e+04	0.000000000000000000e+00	0.000000000000000000e+00	1.626331369975890340e+00	0.000000000000000000e+00
-2.998354999999999927e+04	0.000000000000000000e+00	0.000000000000000000e+00	1.612292855616931586e+00	0.000000000000000000e+00
-2.998352999999999884e+04	0.000000000000000000e+00	0.000000000000000000e+00	1.623584704123050670e+00	0.000000000000000000e+00
-2.998350000000000000e+04	0.000000000000000000e+00	0.000000000000000000e+00	1.629383220923490194e+00	0.000000000000000000e+00
-2.998347000000000116e+04	0.000000000000000000e+00	0.000000000000000000e+00	1.611377300332651696e+00	0.000000000000000000e+00
-2.998343999999999869e+04	0.000000000000000000e+00	0.000000000000000000e+00	1.603137302774132467e+00	0.000000000000000000e+00
-2.998340999999999985e+04	0.000000000000000000e+00	0.000000000000000000e+00	1.622974333933530744e+00	0.000000000000000000e+00
-2.998338999999999942e+04	0.000000000000000000e+00	0.000000000000000000e+00	1.630909146397290010e+00	0.000000000000000000e+00
-2.998336999999999898e+04	0.000000000000000000e+00	0.000000000000000000e+00	1.633350627155369716e+00	0.000000000000000000e+00
-2.998334000000000015e+04	0.000000000000000000e+00	0.000000000000000000e+00	1.632129886776329863e+00	0.000000000000000000e+00
-2.998331000000000131e+04	0.000000000000000000e+00	0.000000000000000000e+00	1.629688406018250157e+00	0.000000000000000000e+00
-2.998327999999999884e+04	0.000000000000000000e+00	0.000000000000000000e+00	1.626331369975890340e+00	0.000000000000000000e+00
-2.998325000000000000e+04	0.000000000000000000e+00	0.000000000000000000e+00	1.632129886776329863e+00	0.000000000000000000e+00
-2.998322999999999956e+04	0.000000000000000000e+00	0.000000000000000000e+00	1.643116550187688762e+00	0.000000000000000000e+00
-2.998320000000000073e+04	0.000000000000000000e+00	0.000000000000000000e+00	1.640369884334849093e+00	0.000000000000000000e+00
-2.998315999999999985e+04	0.000000000000000000e+00	0.000000000000000000e+00	1.638233588671529350e+00	0.000000000000000000e+00
-2.998313999999999942e+04	0.000000000000000000e+00	0.000000000000000000e+00	1.634571367534409569e+00	0.000000000000000000e+00
-2.998311999999999898e+04	0.000000000000000000e+00	0.000000000000000000e+00	1.634876552629169533e+00	0.000000000000000000e+00
-2.998309000000000015e+04	0.000000000000000000e+00	0.000000000000000000e+00	1.631824701681569900e+00	0.000000000000000000e+00
-2.998304999999999927e+04	0.000000000000000000e+00	0.000000000000000000e+00	1.633960997344889643e+00	0.000000000000000000e+00
-2.998302999999999884e+04	0.000000000000000000e+00	0.000000000000000000e+00	1.636707663197729312e+00	0.000000000000000000e+00
-2.998300999999999840e+04	0.000000000000000000e+00	0.000000000000000000e+00	1.629993591113010121e+00	0.000000000000000000e+00
-2.998299000000000160e+04	0.000000000000000000e+00	0.000000000000000000e+00	1.631824701681569900e+00	0.000000000000000000e+00
-2.998297999999999956e+04	0.000000000000000000e+00	0.000000000000000000e+00	1.654713583788567810e+00	0.000000000000000000e+00
-2.998295999999999913e+04	0.000000000000000000e+00	0.000000000000000000e+00	1.640675069429609056e+00	0.000000000000000000e+00
-2.998293999999999869e+04	0.000000000000000000e+00	0.000000000000000000e+00	1.623584704123050670e+00	0.000000000000000000e+00
-2.998290999999999985e+04	0.000000000000000000e+00	0.000000000000000000e+00	1.632129886776329863e+00	0.000000000000000000e+00
-2.998288999999999942e+04	0.000000000000000000e+00	0.000000000000000000e+00	1.625415814691610450e+00	0.000000000000000000e+00
-2.998286000000000058e+04	0.000000000000000000e+00	0.000000000000000000e+00	1.632129886776329863e+00	0.000000000000000000e+00
-2.998284000000000015e+04	0.000000000000000000e+00	0.000000000000000000e+00	1.629993591113010121e+00	0.000000000000000000e+00
-2.998283000000000175e+04	0.000000000000000000e+00	0.000000000000000000e+00	1.634571367534409569e+00	0.000000000000000000e+00
-2.998281000000000131e+04	0.000000000000000000e+00	0.000000000000000000e+00	1.634571367534409569e+00	0.000000000000000000e+00
-2.998279000000000087e+04	0.000000000000000000e+00	0.000000000000000000e+00	1.647083956419568507e+00	0.000000000000000000e+00
-2.998277000000000044e+04	0.000000000000000000e+00	0.000000000000000000e+00	1.644947660756248764e+00	0.000000000000000000e+00
-2.998275000000000000e+04	0.000000000000000000e+00	0.000000000000000000e+00	1.644032105471968652e+00	0.000000000000000000e+00
-2.998272999999999956e+04	0.000000000000000000e+00	0.000000000000000000e+00	1.639149143955809240e+00	0.000000000000000000e+00
-2.998270000000000073e+04	0.000000000000000000e+00	0.000000000000000000e+00	1.642506179998168836e+00	0.000000000000000000e+00
-2.998265999999999985e+04	0.000000000000000000e+00	0.000000000000000000e+00	1.645558030945768691e+00	0.000000000000000000e+00
-2.998263000000000102e+04	0.000000000000000000e+00	0.000000000000000000e+00	1.633655812250129680e+00	0.000000000000000000e+00
-2.998261999999999898e+04	0.000000000000000000e+00	0.000000000000000000e+00	1.634876552629169533e+00	0.000000000000000000e+00
-2.998261000000000058e+04	0.000000000000000000e+00	0.000000000000000000e+00	1.626026184881130376e+00	0.000000000000000000e+00
-2.998259000000000015e+04	0.000000000000000000e+00	0.000000000000000000e+00	1.637928403576769387e+00	0.000000000000000000e+00
-2.998256999999999971e+04	0.000000000000000000e+00	0.000000000000000000e+00	1.636707663197729312e+00	0.000000000000000000e+00
-2.998254999999999927e+04	0.000000000000000000e+00	0.000000000000000000e+00	1.632129886776329863e+00	0.000000000000000000e+00
-2.998254000000000087e+04	0.000000000000000000e+00	0.000000000000000000e+00	1.631824701681569900e+00	0.000000000000000000e+00
-2.998252000000000044e+04	0.000000000000000000e+00	0.000000000000000000e+00	1.629078035828730231e+00	0.000000000000000000e+00
-2.998250000000000000e+04	0.000000000000000000e+00	0.000000000000000000e+00	1.634571367534409569e+00	0.000000000000000000e+00
-2.998247999999999956e+04	0.000000000000000000e+00	0.000000000000000000e+00	1.626636555070650303e+00	0.000000000000000000e+00
-2.998245000000000073e+04	0.000000000000000000e+00	0.000000000000000000e+00	1.630909146397290010e+00	0.000000000000000000e+00
-2.998243999999999869e+04	0.000000000000000000e+00	0.000000000000000000e+00	1.624805444502090523e+00	0.000000000000000000e+00
-2.998241999999999825e+04	0.000000000000000000e+00	0.000000000000000000e+00	1.631824701681569900e+00	0.000000000000000000e+00
-2.998240000000000146e+04	0.000000000000000000e+00	0.000000000000000000e+00	1.636097293008209386e+00	0.000000000000000000e+00
-2.998238999999999942e+04	0.000000000000000000e+00	0.000000000000000000e+00	1.644642475661488801e+00	0.000000000000000000e+00
-2.998236000000000058e+04	0.000000000000000000e+00	0.000000000000000000e+00	1.644032105471968652e+00	0.000000000000000000e+00
-2.998233000000000175e+04	0.000000000000000000e+00	0.000000000000000000e+00	1.648915066988128286e+00	0.000000000000000000e+00
-2.998231999999999971e+04	0.000000000000000000e+00	0.000000000000000000e+00	1.645558030945768691e+00	0.000000000000000000e+00
-2.998229999999999927e+04	0.000000000000000000e+00	0.000000000000000000e+00	1.643726920377208689e+00	0.000000000000000000e+00
-2.998227000000000044e+04	0.000000000000000000e+00	0.000000000000000000e+00	1.667531357768486489e+00	0.000000000000000000e+00
-2.998224000000000160e+04	0.000000000000000000e+00	0.000000000000000000e+00	1.650746177556688066e+00	0.000000000000000000e+00
-2.998220000000000073e+04	0.000000000000000000e+00	0.000000000000000000e+00	1.636097293008209386e+00	0.000000000000000000e+00
-2.998216999999999825e+04	0.000000000000000000e+00	0.000000000000000000e+00	1.640064699240089130e+00	0.000000000000000000e+00
-2.998215999999999985e+04	0.000000000000000000e+00	0.000000000000000000e+00	1.633350627155369716e+00	0.000000000000000000e+00
-2.998213000000000102e+04	0.000000000000000000e+00	0.000000000000000000e+00	1.636402478102969349e+00	0.000000000000000000e+00
-2.998211000000000058e+04	0.000000000000000000e+00	0.000000000000000000e+00	1.634571367534409569e+00	0.000000000000000000e+00
-2.998206999999999971e+04	0.000000000000000000e+00	0.000000000000000000e+00	1.639454329050569203e+00	0.000000000000000000e+00
-2.998204999999999927e+04	0.000000000000000000e+00	0.000000000000000000e+00	1.636097293008209386e+00	0.000000000000000000e+00
-2.998202999999999884e+04	0.000000000000000000e+00	0.000000000000000000e+00	1.632129886776329863e+00	0.000000000000000000e+00
-2.998200999999999840e+04	0.000000000000000000e+00	0.000000000000000000e+00	1.645252845851008727e+00	0.000000000000000000e+00
-2.998199000000000160e+04	0.000000000000000000e+00	0.000000000000000000e+00	1.648609881893368323e+00	0.000000000000000000e+00
-2.998195999999999913e+04	0.000000000000000000e+00	0.000000000000000000e+00	1.636402478102969349e+00	0.000000000000000000e+00
-2.998193999999999869e+04	0.000000000000000000e+00	0.000000000000000000e+00	1.634266182439649606e+00	0.000000000000000000e+00
-2.998191999999999825e+04	0.000000000000000000e+00	0.000000000000000000e+00	1.633960997344889643e+00	0.000000000000000000e+00
-2.998188999999999942e+04	0.000000000000000000e+00	0.000000000000000000e+00	1.634571367534409569e+00	0.000000000000000000e+00
-2.998186000000000058e+04	0.000000000000000000e+00	0.000000000000000000e+00	1.647389141514328470e+00	0.000000000000000000e+00
-2.998183000000000175e+04	0.000000000000000000e+00	0.000000000000000000e+00	1.644642475661488801e+00	0.000000000000000000e+00
-2.998179999999999927e+04	0.000000000000000000e+00	0.000000000000000000e+00	1.627552110354930193e+00	0.000000000000000000e+00
-2.998177999999999884e+04	0.000000000000000000e+00	0.000000000000000000e+00	1.634571367534409569e+00	0.000000000000000000e+00
-2.998175000000000000e+04	0.000000000000000000e+00	0.000000000000000000e+00	1.637623218482009424e+00	0.000000000000000000e+00
-2.998172000000000116e+04	0.000000000000000000e+00	0.000000000000000000e+00	1.637012848292489497e+00	0.000000000000000000e+00
-2.998168999999999869e+04	0.000000000000000000e+00	0.000000000000000000e+00	1.637012848292489497e+00	0.000000000000000000e+00
-2.998166999999999825e+04	0.000000000000000000e+00	0.000000000000000000e+00	1.643421735282448726e+00	0.000000000000000000e+00
-2.998165999999999985e+04	0.000000000000000000e+00	0.000000000000000000e+00	1.632129886776329863e+00	0.000000000000000000e+00
-2.998163999999999942e+04	0.000000000000000000e+00	0.000000000000000000e+00	1.632435071871089827e+00	0.000000000000000000e+00
-2.998161999999999898e+04	0.000000000000000000e+00	0.000000000000000000e+00	1.640064699240089130e+00	0.000000000000000000e+00
-2.998159999999999854e+04	0.000000000000000000e+00	0.000000000000000000e+00	1.635792107913449422e+00	0.000000000000000000e+00
-2.998156999999999971e+04	0.000000000000000000e+00	0.000000000000000000e+00	1.628467665639210082e+00	0.000000000000000000e+00
-2.998156000000000131e+04	0.000000000000000000e+00	0.000000000000000000e+00	1.630909146397290010e+00	0.000000000000000000e+00
-2.998154000000000087e+04	0.000000000000000000e+00	0.000000000000000000e+00	1.640369884334849093e+00	0.000000000000000000e+00
-2.998150999999999840e+04	0.000000000000000000e+00	0.000000000000000000e+00	1.639454329050569203e+00	0.000000000000000000e+00
-2.998150000000000000e+04	0.000000000000000000e+00	0.000000000000000000e+00	1.635486922818689459e+00	0.000000000000000000e+00
-2.998147999999999956e+04	0.000000000000000000e+00	0.000000000000000000e+00	1.637928403576769387e+00	0.000000000000000000e+00
-2.998145999999999913e+04	0.000000000000000000e+00	0.000000000000000000e+00	1.640369884334849093e+00	0.000000000000000000e+00
-2.998143999999999869e+04	0.000000000000000000e+00	0.000000000000000000e+00	1.644032105471968652e+00	0.000000000000000000e+00
-2.998141999999999825e+04	0.000000000000000000e+00	0.000000000000000000e+00	1.642811365092928799e+00	0.000000000000000000e+00
-2.998140999999999985e+04	0.000000000000000000e+00	0.000000000000000000e+00	1.639149143955809240e+00	0.000000000000000000e+00
-2.998138999999999942e+04	0.000000000000000000e+00	0.000000000000000000e+00	1.633045442060609753e+00	0.000000000000000000e+00
-2.998134999999999854e+04	0.000000000000000000e+00	0.000000000000000000e+00	1.630603961302530047e+00	0.000000000000000000e+00
-2.998131999999999971e+04	0.000000000000000000e+00	0.000000000000000000e+00	1.629688406018250157e+00	0.000000000000000000e+00
-2.998127999999999884e+04	0.000000000000000000e+00	0.000000000000000000e+00	1.644642475661488801e+00	0.000000000000000000e+00
-2.998125000000000000e+04	0.000000000000000000e+00	0.000000000000000000e+00	1.639454329050569203e+00	0.000000000000000000e+00
-2.998122999999999956e+04	0.000000000000000000e+00	0.000000000000000000e+00	1.635486922818689459e+00	0.000000000000000000e+00
-2.998120999999999913e+04	0.000000000000000000e+00	0.000000000000000000e+00	1.647083956419568507e+00	0.000000000000000000e+00
-2.998116999999999825e+04	0.000000000000000000e+00	0.000000000000000000e+00	1.639149143955809240e+00	0.000000000000000000e+00
-2.998115000000000146e+04	0.000000000000000000e+00	0.000000000000000000e+00	1.643421735282448726e+00	0.000000000000000000e+00
-2.998113000000000102e+04	0.000000000000000000e+00	0.000000000000000000e+00	1.638538773766289314e+00	0.000000000000000000e+00
-2.998111000000000058e+04	0.000000000000000000e+00	0.000000000000000000e+00	1.636707663197729312e+00	0.000000000000000000e+00
-2.998108000000000175e+04	0.000000000000000000e+00	0.000000000000000000e+00	1.637623218482009424e+00	0.000000000000000000e+00
-2.998104000000000087e+04	0.000000000000000000e+00	0.000000000000000000e+00	1.635486922818689459e+00	0.000000000000000000e+00
-2.998102000000000044e+04	0.000000000000000000e+00	0.000000000000000000e+00	1.626026184881130376e+00	0.000000000000000000e+00
-2.998099000000000160e+04	0.000000000000000000e+00	0.000000000000000000e+00	1.631824701681569900e+00	0.000000000000000000e+00
-2.998097000000000116e+04	0.000000000000000000e+00	0.000000000000000000e+00	1.635486922818689459e+00	0.000000000000000000e+00
-2.998095000000000073e+04	0.000000000000000000e+00	0.000000000000000000e+00	1.633655812250129680e+00	0.000000000000000000e+00
-2.998090999999999985e+04	0.000000000000000000e+00	0.000000000000000000e+00	1.631519516586809937e+00	0.000000000000000000e+00
-2.998088999999999942e+04	0.000000000000000000e+00	0.000000000000000000e+00	1.637623218482009424e+00	0.000000000000000000e+00
-2.998086000000000058e+04	0.000000000000000000e+00	0.000000000000000000e+00	1.623584704123050670e+00	0.000000000000000000e+00
-2.998083000000000175e+04	0.000000000000000000e+00	0.000000000000000000e+00	1.627857295449690156e+00	0.000000000000000000e+00
-2.998081999999999971e+04	0.000000000000000000e+00	0.000000000000000000e+00	1.629383220923490194e+00	0.000000000000000000e+00
-2.998079999999999927e+04	0.000000000000000000e+00	0.000000000000000000e+00	1.625110629596850487e+00	0.000000000000000000e+00
-2.998075999999999840e+04	0.000000000000000000e+00	0.000000000000000000e+00	1.629078035828730231e+00	0.000000000000000000e+00
-2.998072999999999956e+04	0.000000000000000000e+00	0.000000000000000000e+00	1.623889889217810634e+00	0.000000000000000000e+00
-2.998072000000000116e+04	0.000000000000000000e+00	0.000000000000000000e+00	1.626331369975890340e+00	0.000000000000000000e+00
-2.998070000000000073e+04	0.000000000000000000e+00	0.000000000000000000e+00	1.629688406018250157e+00	0.000000000000000000e+00
-2.998066999999999825e+04	0.000000000000000000e+00	0.000000000000000000e+00	1.618396557512131073e+00	0.000000000000000000e+00
-2.998063999999999942e+04	0.000000000000000000e+00	0.000000000000000000e+00	1.615344706564531441e+00	0.000000000000000000e+00
-2.998059999999999854e+04	0.000000000000000000e+00	0.000000000000000000e+00	1.613513595995971661e+00	0.000000000000000000e+00
-2.998058000000000175e+04	0.000000000000000000e+00	0.000000000000000000e+00	1.605578783532212395e+00	0.000000000000000000e+00
-2.998056000000000131e+04	0.000000000000000000e+00	0.000000000000000000e+00	1.618091372417371110e+00	0.000000000000000000e+00
-2.998052000000000044e+04	0.000000000000000000e+00	0.000000000000000000e+00	1.636707663197729312e+00	0.000000000000000000e+00
-2.998050000000000000e+04	0.000000000000000000e+00	0.000000000000000000e+00	1.627552110354930193e+00	0.000000000000000000e+00
-2.998047999999999956e+04	0.000000000000000000e+00	0.000000000000000000e+00	1.611072115237891733e+00	0.000000000000000000e+00
-2.998045999999999913e+04	0.000000000000000000e+00	0.000000000000000000e+00	1.611377300332651696e+00	0.000000000000000000e+00
-2.998043999999999869e+04	0.000000000000000000e+00	0.000000000000000000e+00	1.615039521469771477e+00	0.000000000000000000e+00
-2.998040999999999985e+04	0.000000000000000000e+00	0.000000000000000000e+00	1.615344706564531441e+00	0.000000000000000000e+00
-2.998038000000000102e+04	0.000000000000000000e+00	0.000000000000000000e+00	1.612598040711691549e+00	0.000000000000000000e+00
-2.998034000000000015e+04	0.000000000000000000e+00	0.000000000000000000e+00	1.616565446943571294e+00	0.000000000000000000e+00
-2.998031000000000131e+04	0.000000000000000000e+00	0.000000000000000000e+00	1.605578783532212395e+00	0.000000000000000000e+00
-2.998029000000000087e+04	0.000000000000000000e+00	0.000000000000000000e+00	1.604052858058412356e+00	0.000000000000000000e+00
-2.998027000000000044e+04	0.000000000000000000e+00	0.000000000000000000e+00	1.620838038270210779e+00	0.000000000000000000e+00
-2.998024000000000160e+04	0.000000000000000000e+00	0.000000000000000000e+00	1.607715079195532137e+00	0.000000000000000000e+00
-2.998020999999999913e+04	0.000000000000000000e+00	0.000000000000000000e+00	1.605578783532212395e+00	0.000000000000000000e+00
-2.998018000000000029e+04	0.000000000000000000e+00	0.000000000000000000e+00	1.603747672963652393e+00	0.000000000000000000e+00
-2.998015999999999985e+04	0.000000000000000000e+00	0.000000000000000000e+00	1.592761009552293494e+00	0.000000000000000000e+00
-2.998013999999999942e+04	0.000000000000000000e+00	0.000000000000000000e+00	1.601916562395092614e+00	0.000000000000000000e+00
-2.998009999999999854e+04	0.000000000000000000e+00	0.000000000000000000e+00	1.601611377300332650e+00	0.000000000000000000e+00
-2.998006000000000131e+04	0.000000000000000000e+00	0.000000000000000000e+00	1.584215826899014301e+00	0.000000000000000000e+00
-2.998004000000000087e+04	0.000000000000000000e+00	0.000000000000000000e+00	1.596118045594653090e+00	0.000000000000000000e+00
-2.998002000000000044e+04	0.000000000000000000e+00	0.000000000000000000e+00	1.593371379741813421e+00	0.000000000000000000e+00
-2.998000999999999840e+04	0.000000000000000000e+00	0.000000000000000000e+00	1.594286935026093310e+00	0.000000000000000000e+00
-2.997997999999999956e+04	0.000000000000000000e+00	0.000000000000000000e+00	1.591540269173253641e+00	0.000000000000000000e+00
-2.997995000000000073e+04	0.000000000000000000e+00	0.000000000000000000e+00	1.598254341257973055e+00	0.000000000000000000e+00
-2.997993000000000029e+04	0.000000000000000000e+00	0.000000000000000000e+00	1.592761009552293494e+00	0.000000000000000000e+00
-2.997990000000000146e+04	0.000000000000000000e+00	0.000000000000000000e+00	1.584215826899014301e+00	0.000000000000000000e+00
-2.997988000000000102e+04	0.000000000000000000e+00	0.000000000000000000e+00	1.581469161046174410e+00	0.000000000000000000e+00
-2.997984000000000015e+04	0.000000000000000000e+00	0.000000000000000000e+00	1.583300271614734411e+00	0.000000000000000000e+00
-2.997981000000000131e+04	0.000000000000000000e+00	0.000000000000000000e+00	1.583300271614734411e+00	0.000000000000000000e+00
-2.997979000000000087e+04	0.000000000000000000e+00	0.000000000000000000e+00	1.588488418225653787e+00	0.000000000000000000e+00
-2.997977000000000044e+04	0.000000000000000000e+00	0.000000000000000000e+00	1.584826197088534228e+00	0.000000000000000000e+00
-2.997972999999999956e+04	0.000000000000000000e+00	0.000000000000000000e+00	1.583300271614734411e+00	0.000000000000000000e+00
-2.997970000000000073e+04	0.000000000000000000e+00	0.000000000000000000e+00	1.586352122562334044e+00	0.000000000000000000e+00
-2.997968000000000029e+04	0.000000000000000000e+00	0.000000000000000000e+00	1.579638050477614630e+00	0.000000000000000000e+00
-2.997965999999999985e+04	0.000000000000000000e+00	0.000000000000000000e+00	1.575670644245735108e+00	0.000000000000000000e+00
-2.997963000000000102e+04	0.000000000000000000e+00	0.000000000000000000e+00	1.582995086519974448e+00	0.000000000000000000e+00
-2.997961000000000058e+04	0.000000000000000000e+00	0.000000000000000000e+00	1.592455824457533531e+00	0.000000000000000000e+00
-2.997958000000000175e+04	0.000000000000000000e+00	0.000000000000000000e+00	1.581774346140934373e+00	0.000000000000000000e+00
-2.997956000000000131e+04	0.000000000000000000e+00	0.000000000000000000e+00	1.585741752372814117e+00	0.000000000000000000e+00
-2.997952999999999884e+04	0.000000000000000000e+00	0.000000000000000000e+00	1.577806939909054851e+00	0.000000000000000000e+00
-2.997950000000000000e+04	0.000000000000000000e+00	0.000000000000000000e+00	1.573229163487655180e+00	0.000000000000000000e+00
-2.997947000000000116e+04	0.000000000000000000e+00	0.000000000000000000e+00	1.574449903866695255e+00	0.000000000000000000e+00
-2.997943999999999869e+04	0.000000000000000000e+00	0.000000000000000000e+00	1.578722495193334741e+00	0.000000000000000000e+00
-2.997940999999999985e+04	0.000000000000000000e+00	0.000000000000000000e+00	1.570482497634815511e+00	0.000000000000000000e+00
-2.997936999999999898e+04	0.000000000000000000e+00	0.000000000000000000e+00	1.564683980834375987e+00	0.000000000000000000e+00
-2.997933000000000175e+04	0.000000000000000000e+00	0.000000000000000000e+00	1.567430646687215878e+00	0.000000000000000000e+00
-2.997929000000000087e+04	0.000000000000000000e+00	0.000000000000000000e+00	1.560411389507736502e+00	0.000000000000000000e+00
-2.997925999999999840e+04	0.000000000000000000e+00	0.000000000000000000e+00	1.549424726096377380e+00	0.000000000000000000e+00
-2.997922999999999956e+04	0.000000000000000000e+00	0.000000000000000000e+00	1.554002502517777051e+00	0.000000000000000000e+00
-2.997920000000000073e+04	0.000000000000000000e+00	0.000000000000000000e+00	1.550340281380657270e+00	0.000000000000000000e+00
-2.997918000000000029e+04	0.000000000000000000e+00	0.000000000000000000e+00	1.557664723654896610e+00	0.000000000000000000e+00
-2.997915999999999985e+04	0.000000000000000000e+00	0.000000000000000000e+00	1.554307687612537014e+00	0.000000000000000000e+00
-2.997913999999999942e+04	0.000000000000000000e+00	0.000000000000000000e+00	1.547593615527817601e+00	0.000000000000000000e+00
-2.997909999999999854e+04	0.000000000000000000e+00	0.000000000000000000e+00	1.537522507400738592e+00	0.000000000000000000e+00
-2.997906999999999971e+04	0.000000000000000000e+00	0.000000000000000000e+00	1.554612872707296978e+00	0.000000000000000000e+00
-2.997902999999999884e+04	0.000000000000000000e+00	0.000000000000000000e+00	1.549424726096377380e+00	0.000000000000000000e+00
-2.997899000000000160e+04	0.000000000000000000e+00	0.000000000000000000e+00	1.540574358348338224e+00	0.000000000000000000e+00
-2.997895999999999913e+04	0.000000000000000000e+00	0.000000000000000000e+00	1.544541764580217968e+00	0.000000000000000000e+00
-2.997891999999999825e+04	0.000000000000000000e+00	0.000000000000000000e+00	1.536606952116458702e+00	0.000000000000000000e+00
-2.997888999999999942e+04	0.000000000000000000e+00	0.000000000000000000e+00	1.535996581926938775e+00	0.000000000000000000e+00
-2.997886999999999898e+04	0.000000000000000000e+00	0.000000000000000000e+00	1.533555101168858847e+00	0.000000000000000000e+00
-2.997884000000000015e+04	0.000000000000000000e+00	0.000000000000000000e+00	1.530503250221259215e+00	0.000000000000000000e+00
-2.997881999999999971e+04	0.000000000000000000e+00	0.000000000000000000e+00	1.531723990600299068e+00	0.000000000000000000e+00
-2.997879000000000087e+04	0.000000000000000000e+00	0.000000000000000000e+00	1.532334360789818994e+00	0.000000000000000000e+00
-2.997877000000000044e+04	0.000000000000000000e+00	0.000000000000000000e+00	1.523789178136539801e+00	0.000000000000000000e+00
-2.997875000000000000e+04	0.000000000000000000e+00	0.000000000000000000e+00	1.525315103610339618e+00	0.000000000000000000e+00
-2.997872999999999956e+04	0.000000000000000000e+00	0.000000000000000000e+00	1.529282509842219362e+00	0.000000000000000000e+00
-2.997870000000000073e+04	0.000000000000000000e+00	0.000000000000000000e+00	1.518906216620380167e+00	0.000000000000000000e+00
-2.997866999999999825e+04	0.000000000000000000e+00	0.000000000000000000e+00	1.523789178136539801e+00	0.000000000000000000e+00
-2.997865000000000146e+04	0.000000000000000000e+00	0.000000000000000000e+00	1.528061769463179509e+00	0.000000000000000000e+00
-2.997861999999999898e+04	0.000000000000000000e+00	0.000000000000000000e+00	1.538438062685018481e+00	0.000000000000000000e+00
-2.997859000000000015e+04	0.000000000000000000e+00	0.000000000000000000e+00	1.515549180578020572e+00	0.000000000000000000e+00
-2.997856000000000131e+04	0.000000000000000000e+00	0.000000000000000000e+00	1.514633625293740682e+00	0.000000000000000000e+00
-2.997852999999999884e+04	0.000000000000000000e+00	0.000000000000000000e+00	1.515549180578020572e+00	0.000000000000000000e+00
-2.997850000000000000e+04	0.000000000000000000e+00	0.000000000000000000e+00	1.501205481124301855e+00	0.000000000000000000e+00
-2.997847000000000116e+04	0.000000000000000000e+00	0.000000000000000000e+00	1.504867702261421636e+00	0.000000000000000000e+00
-2.997843999999999869e+04	0.000000000000000000e+00	0.000000000000000000e+00	1.504562517166661673e+00	0.000000000000000000e+00
-2.997840000000000146e+04	0.000000000000000000e+00	0.000000000000000000e+00	1.497848445081942259e+00	0.000000000000000000e+00
-2.997838000000000102e+04	0.000000000000000000e+00	0.000000000000000000e+00	1.500900296029541892e+00	0.000000000000000000e+00
-2.997836000000000058e+04	0.000000000000000000e+00	0.000000000000000000e+00	1.504257332071901709e+00	0.000000000000000000e+00
-2.997834999999999854e+04	0.000000000000000000e+00	0.000000000000000000e+00	1.508224738303781232e+00	0.000000000000000000e+00
-2.997833000000000175e+04	0.000000000000000000e+00	0.000000000000000000e+00	1.508224738303781232e+00	0.000000000000000000e+00
-2.997829999999999927e+04	0.000000000000000000e+00	0.000000000000000000e+00	1.505172887356181599e+00	0.000000000000000000e+00
-2.997827000000000044e+04	0.000000000000000000e+00	0.000000000000000000e+00	1.502731406598101671e+00	0.000000000000000000e+00
-2.997825000000000000e+04	0.000000000000000000e+00	0.000000000000000000e+00	1.497848445081942259e+00	0.000000000000000000e+00
-2.997822999999999956e+04	0.000000000000000000e+00	0.000000000000000000e+00	1.496322519608142443e+00	0.000000000000000000e+00
-2.997822000000000116e+04	0.000000000000000000e+00	0.000000000000000000e+00	1.495101779229102368e+00	0.000000000000000000e+00
-2.997820000000000073e+04	0.000000000000000000e+00	0.000000000000000000e+00	1.494491409039582441e+00	0.000000000000000000e+00
-2.997815999999999985e+04	0.000000000000000000e+00	0.000000000000000000e+00	1.474959562974944349e+00	0.000000000000000000e+00
-2.997813000000000102e+04	0.000000000000000000e+00	0.000000000000000000e+00	1.477706228827784019e+00	0.000000000000000000e+00
-2.997811000000000058e+04	0.000000000000000000e+00	0.000000000000000000e+00	1.484115115817743469e+00	0.000000000000000000e+00
-2.997809000000000015e+04	0.000000000000000000e+00	0.000000000000000000e+00	1.487472151860103065e+00	0.000000000000000000e+00
-2.997806999999999971e+04	0.000000000000000000e+00	0.000000000000000000e+00	1.477706228827784019e+00	0.000000000000000000e+00
-2.997806000000000131e+04	0.000000000000000000e+00	0.000000000000000000e+00	1.473128452406384570e+00	0.000000000000000000e+00
-2.997804000000000087e+04	0.000000000000000000e+00	0.000000000000000000e+00	1.470381786553544678e+00	0.000000000000000000e+00
-2.997800999999999840e+04	0.000000000000000000e+00	0.000000000000000000e+00	1.469771416364024752e+00	0.000000000000000000e+00
-2.997797999999999956e+04	0.000000000000000000e+00	0.000000000000000000e+00	1.471907712027344495e+00	0.000000000000000000e+00
-2.997795999999999913e+04	0.000000000000000000e+00	0.000000000000000000e+00	1.465193639942625303e+00	0.000000000000000000e+00
-2.997793999999999869e+04	0.000000000000000000e+00	0.000000000000000000e+00	1.471602526932584531e+00	0.000000000000000000e+00
-2.997791999999999825e+04	0.000000000000000000e+00	0.000000000000000000e+00	1.463362529374065302e+00	0.000000000000000000e+00
-2.997790000000000146e+04	0.000000000000000000e+00	0.000000000000000000e+00	1.460921048615985596e+00	0.000000000000000000e+00
-2.997788000000000102e+04	0.000000000000000000e+00	0.000000000000000000e+00	1.471907712027344495e+00	0.000000000000000000e+00
-2.997786000000000058e+04	0.000000000000000000e+00	0.000000000000000000e+00	1.467635120700705009e+00	0.000000000000000000e+00
-2.997784000000000015e+04	0.000000000000000000e+00	0.000000000000000000e+00	1.463362529374065302e+00	0.000000000000000000e+00
-2.997781999999999971e+04	0.000000000000000000e+00	0.000000000000000000e+00	1.455427716910306035e+00	0.000000000000000000e+00
-2.997779000000000087e+04	0.000000000000000000e+00	0.000000000000000000e+00	1.476790673543504129e+00	0.000000000000000000e+00
-2.997777000000000044e+04	0.000000000000000000e+00	0.000000000000000000e+00	1.451765495773186476e+00	0.000000000000000000e+00
-2.997775000000000000e+04	0.000000000000000000e+00	0.000000000000000000e+00	1.451155125583666550e+00	0.000000000000000000e+00
-2.997772000000000116e+04	0.000000000000000000e+00	0.000000000000000000e+00	1.451460310678426513e+00	0.000000000000000000e+00
-2.997770000000000073e+04	0.000000000000000000e+00	0.000000000000000000e+00	1.451155125583666550e+00	0.000000000000000000e+00
-2.997768000000000029e+04	0.000000000000000000e+00	0.000000000000000000e+00	1.447492904446546769e+00	0.000000000000000000e+00
-2.997765999999999985e+04	0.000000000000000000e+00	0.000000000000000000e+00	1.449324015015106770e+00	0.000000000000000000e+00
-2.997763000000000102e+04	0.000000000000000000e+00	0.000000000000000000e+00	1.448713644825586622e+00	0.000000000000000000e+00
-2.997759999999999854e+04	0.000000000000000000e+00	0.000000000000000000e+00	1.445356608783227026e+00	0.000000000000000000e+00
-2.997759000000000015e+04	0.000000000000000000e+00	0.000000000000000000e+00	1.442304757835627393e+00	0.000000000000000000e+00
-2.997756000000000131e+04	0.000000000000000000e+00	0.000000000000000000e+00	1.446577349162266879e+00	0.000000000000000000e+00
-2.997754000000000087e+04	0.000000000000000000e+00	0.000000000000000000e+00	1.437116611224707796e+00	0.000000000000000000e+00
-2.997752000000000044e+04	0.000000000000000000e+00	0.000000000000000000e+00	1.441999572740867430e+00	0.000000000000000000e+00
-2.997749000000000160e+04	0.000000000000000000e+00	0.000000000000000000e+00	1.433149204992828052e+00	0.000000000000000000e+00
-2.997745999999999913e+04	0.000000000000000000e+00	0.000000000000000000e+00	1.438947721793267576e+00	0.000000000000000000e+00
-2.997745000000000073e+04	0.000000000000000000e+00	0.000000000000000000e+00	1.430402539139988383e+00	0.000000000000000000e+00
-2.997743000000000029e+04	0.000000000000000000e+00	0.000000000000000000e+00	1.435895870845667943e+00	0.000000000000000000e+00
-2.997740999999999985e+04	0.000000000000000000e+00	0.000000000000000000e+00	1.428876613666188566e+00	0.000000000000000000e+00
-2.997736999999999898e+04	0.000000000000000000e+00	0.000000000000000000e+00	1.418805505539109557e+00	0.000000000000000000e+00
-2.997734999999999854e+04	0.000000000000000000e+00	0.000000000000000000e+00	1.421246986297189263e+00	0.000000000000000000e+00
-2.997731999999999971e+04	0.000000000000000000e+00	0.000000000000000000e+00	1.423993652150028932e+00	0.000000000000000000e+00
-2.997729999999999927e+04	0.000000000000000000e+00	0.000000000000000000e+00	1.425214392529068785e+00	0.000000000000000000e+00
-2.997729000000000087e+04	0.000000000000000000e+00	0.000000000000000000e+00	1.423688467055268969e+00	0.000000000000000000e+00
-2.997727999999999884e+04	0.000000000000000000e+00	0.000000000000000000e+00	1.423993652150028932e+00	0.000000000000000000e+00
-2.997725000000000000e+04	0.000000000000000000e+00	0.000000000000000000e+00	1.413312173833429997e+00	0.000000000000000000e+00
-2.997722000000000116e+04	0.000000000000000000e+00	0.000000000000000000e+00	1.409649952696310216e+00	0.000000000000000000e+00
-2.997718999999999869e+04	0.000000000000000000e+00	0.000000000000000000e+00	1.405072176274910767e+00	0.000000000000000000e+00
-2.997716999999999825e+04	0.000000000000000000e+00	0.000000000000000000e+00	1.398663289284951317e+00	0.000000000000000000e+00
-2.997715000000000146e+04	0.000000000000000000e+00	0.000000000000000000e+00	1.403241065706350987e+00	0.000000000000000000e+00
-2.997711999999999898e+04	0.000000000000000000e+00	0.000000000000000000e+00	1.403851435895870914e+00	0.000000000000000000e+00
-2.997709000000000015e+04	0.000000000000000000e+00	0.000000000000000000e+00	1.404156620990630877e+00	0.000000000000000000e+00
-2.997706999999999971e+04	0.000000000000000000e+00	0.000000000000000000e+00	1.384624774925992563e+00	0.000000000000000000e+00
-2.997704999999999927e+04	0.000000000000000000e+00	0.000000000000000000e+00	1.395001068147831758e+00	0.000000000000000000e+00
-2.997702000000000044e+04	0.000000000000000000e+00	0.000000000000000000e+00	1.390423291726432087e+00	0.000000000000000000e+00
-2.997699000000000160e+04	0.000000000000000000e+00	0.000000000000000000e+00	1.391644032105471940e+00	0.000000000000000000e+00
-2.997697999999999956e+04	0.000000000000000000e+00	0.000000000000000000e+00	1.395306253242591721e+00	0.000000000000000000e+00
-2.997695999999999913e+04	0.000000000000000000e+00	0.000000000000000000e+00	1.384014404736472637e+00	0.000000000000000000e+00
-2.997693000000000029e+04	0.000000000000000000e+00	0.000000000000000000e+00	1.389202551347392234e+00	0.000000000000000000e+00
-2.997690000000000146e+04	0.000000000000000000e+00	0.000000000000000000e+00	1.385845515305032416e+00	0.000000000000000000e+00
-2.997688000000000102e+04	0.000000000000000000e+00	0.000000000000000000e+00	1.380657368694113041e+00	0.000000000000000000e+00
-2.997686000000000058e+04	0.000000000000000000e+00	0.000000000000000000e+00	1.371807000946073885e+00	0.000000000000000000e+00
-2.997684000000000015e+04	0.000000000000000000e+00	0.000000000000000000e+00	1.378826258125553039e+00	0.000000000000000000e+00
-2.997681000000000131e+04	0.000000000000000000e+00	0.000000000000000000e+00	1.364177373577074581e+00	0.000000000000000000e+00
-2.997677999999999884e+04	0.000000000000000000e+00	0.000000000000000000e+00	1.367839594714194140e+00	0.000000000000000000e+00
-2.997675999999999840e+04	0.000000000000000000e+00	0.000000000000000000e+00	1.365092928861354471e+00	0.000000000000000000e+00
-2.997672000000000116e+04	0.000000000000000000e+00	0.000000000000000000e+00	1.355021820734275240e+00	0.000000000000000000e+00
-2.997670000000000073e+04	0.000000000000000000e+00	0.000000000000000000e+00	1.362651448103274543e+00	0.000000000000000000e+00
-2.997668999999999869e+04	0.000000000000000000e+00	0.000000000000000000e+00	1.350749229407635754e+00	0.000000000000000000e+00
-2.997666999999999825e+04	0.000000000000000000e+00	0.000000000000000000e+00	1.348307748649556048e+00	0.000000000000000000e+00
-2.997663999999999942e+04	0.000000000000000000e+00	0.000000000000000000e+00	1.355632190923795388e+00	0.000000000000000000e+00
-2.997661999999999898e+04	0.000000000000000000e+00	0.000000000000000000e+00	1.357463301492355168e+00	0.000000000000000000e+00
-2.997659000000000015e+04	0.000000000000000000e+00	0.000000000000000000e+00	1.349528489028595901e+00	0.000000000000000000e+00
-2.997656999999999971e+04	0.000000000000000000e+00	0.000000000000000000e+00	1.330301828058717550e+00	0.000000000000000000e+00
-2.997654000000000087e+04	0.000000000000000000e+00	0.000000000000000000e+00	1.348307748649556048e+00	0.000000000000000000e+00
-2.997652000000000044e+04	0.000000000000000000e+00	0.000000000000000000e+00	1.357158116397595204e+00	0.000000000000000000e+00
-2.997650000000000000e+04	0.000000000000000000e+00	0.000000000000000000e+00	1.346476638080996047e+00	0.000000000000000000e+00
-2.997647999999999956e+04	0.000000000000000000e+00	0.000000000000000000e+00	1.345561082796716157e+00	0.000000000000000000e+00
-2.997645999999999913e+04	0.000000000000000000e+00	0.000000000000000000e+00	1.344645527512436267e+00	0.000000000000000000e+00
-2.997643000000000029e+04	0.000000000000000000e+00	0.000000000000000000e+00	1.351054414502395717e+00	0.000000000000000000e+00
-2.997640999999999985e+04	0.000000000000000000e+00	0.000000000000000000e+00	1.339762565996276633e+00	0.000000000000000000e+00
-2.997638999999999942e+04	0.000000000000000000e+00	0.000000000000000000e+00	1.336710715048677001e+00	0.000000000000000000e+00
-2.997636999999999898e+04	0.000000000000000000e+00	0.000000000000000000e+00	1.334574419385357258e+00	0.000000000000000000e+00
-2.997636000000000058e+04	0.000000000000000000e+00	0.000000000000000000e+00	1.326639606921597991e+00	0.000000000000000000e+00
-2.997634000000000015e+04	0.000000000000000000e+00	0.000000000000000000e+00	1.318399609363078762e+00	0.000000000000000000e+00
-2.997631999999999971e+04	0.000000000000000000e+00	0.000000000000000000e+00	1.339457380901516670e+00	0.000000000000000000e+00
-2.997631000000000131e+04	0.000000000000000000e+00	0.000000000000000000e+00	1.317789239173558835e+00	0.000000000000000000e+00
-2.997629000000000087e+04	0.000000000000000000e+00	0.000000000000000000e+00	1.318704794457838725e+00	0.000000000000000000e+00
-2.997625999999999840e+04	0.000000000000000000e+00	0.000000000000000000e+00	1.327555162205877881e+00	0.000000000000000000e+00
-2.997624000000000160e+04	0.000000000000000000e+00	0.000000000000000000e+00	1.319620349742118615e+00	0.000000000000000000e+00
-2.997622000000000116e+04	0.000000000000000000e+00	0.000000000000000000e+00	1.321146275215918431e+00	0.000000000000000000e+00
-2.997620000000000073e+04	0.000000000000000000e+00	0.000000000000000000e+00	1.321146275215918431e+00	0.000000000000000000e+00
-2.997616999999999825e+04	0.000000000000000000e+00	0.000000000000000000e+00	1.304666280098879971e+00	0.000000000000000000e+00
-2.997613999999999942e+04	0.000000000000000000e+00	0.000000000000000000e+00	1.303750724814600082e+00	0.000000000000000000e+00
-2.997611999999999898e+04	0.000000000000000000e+00	0.000000000000000000e+00	1.294595171971800962e+00	0.000000000000000000e+00
-2.997609999999999854e+04	0.000000000000000000e+00	0.000000000000000000e+00	1.301614429151280339e+00	0.000000000000000000e+00
-2.997606999999999971e+04	0.000000000000000000e+00	0.000000000000000000e+00	1.304666280098879971e+00	0.000000000000000000e+00
-2.997604999999999927e+04	0.000000000000000000e+00	0.000000000000000000e+00	1.303445539719840118e+00	0.000000000000000000e+00
-2.997600999999999840e+04	0.000000000000000000e+00	0.000000000000000000e+00	1.293984801782281036e+00	0.000000000000000000e+00
-2.997599000000000160e+04	0.000000000000000000e+00	0.000000000000000000e+00	1.293069246498001146e+00	0.000000000000000000e+00
-2.997595999999999913e+04	0.000000000000000000e+00	0.000000000000000000e+00	1.289101840266121402e+00	0.000000000000000000e+00
-2.997593000000000029e+04	0.000000000000000000e+00	0.000000000000000000e+00	1.288186284981841512e+00	0.000000000000000000e+00
-2.997591999999999825e+04	0.000000000000000000e+00	0.000000000000000000e+00	1.288491470076601475e+00	0.000000000000000000e+00
-2.997588999999999942e+04	0.000000000000000000e+00	0.000000000000000000e+00	1.285439619129001843e+00	0.000000000000000000e+00
-2.997586000000000058e+04	0.000000000000000000e+00	0.000000000000000000e+00	1.276894436475722427e+00	0.000000000000000000e+00
-2.997583000000000175e+04	0.000000000000000000e+00	0.000000000000000000e+00	1.274452955717642721e+00	0.000000000000000000e+00
-2.997579999999999927e+04	0.000000000000000000e+00	0.000000000000000000e+00	1.275368511001922611e+00	0.000000000000000000e+00
-2.997577999999999884e+04	0.000000000000000000e+00	0.000000000000000000e+00	1.267433698538163345e+00	0.000000000000000000e+00
-2.997575999999999840e+04	0.000000000000000000e+00	0.000000000000000000e+00	1.251258888515884848e+00	0.000000000000000000e+00
-2.997572999999999956e+04	0.000000000000000000e+00	0.000000000000000000e+00	1.250343333231604959e+00	0.000000000000000000e+00
-2.997570999999999913e+04	0.000000000000000000e+00	0.000000000000000000e+00	1.250343333231604959e+00	0.000000000000000000e+00
-2.997568999999999869e+04	0.000000000000000000e+00	0.000000000000000000e+00	1.254005554368724740e+00	0.000000000000000000e+00
-2.997566999999999825e+04	0.000000000000000000e+00	0.000000000000000000e+00	1.255531479842524556e+00	0.000000000000000000e+00
-2.997565000000000146e+04	0.000000000000000000e+00	0.000000000000000000e+00	1.254921109653004629e+00	0.000000000000000000e+00
-2.997561999999999898e+04	0.000000000000000000e+00	0.000000000000000000e+00	1.251869258705404775e+00	0.000000000000000000e+00
-2.997559999999999854e+04	0.000000000000000000e+00	0.000000000000000000e+00	1.251869258705404775e+00	0.000000000000000000e+00
-2.997556999999999971e+04	0.000000000000000000e+00	0.000000000000000000e+00	1.257362590411084335e+00	0.000000000000000000e+00
-2.997554999999999927e+04	0.000000000000000000e+00	0.000000000000000000e+00	1.253089999084444628e+00	0.000000000000000000e+00
-2.997552999999999884e+04	0.000000000000000000e+00	0.000000000000000000e+00	1.248512222663045179e+00	0.000000000000000000e+00
-2.997550999999999840e+04	0.000000000000000000e+00	0.000000000000000000e+00	1.260109256263924005e+00	0.000000000000000000e+00
-2.997549000000000160e+04	0.000000000000000000e+00	0.000000000000000000e+00	1.255226294747764593e+00	0.000000000000000000e+00
-2.997547000000000116e+04	0.000000000000000000e+00	0.000000000000000000e+00	1.243324076052125582e+00	0.000000000000000000e+00
-2.997543999999999869e+04	0.000000000000000000e+00	0.000000000000000000e+00	1.252784813989684665e+00	0.000000000000000000e+00
-2.997541999999999825e+04	0.000000000000000000e+00	0.000000000000000000e+00	1.246986297189245363e+00	0.000000000000000000e+00
-2.997538999999999942e+04	0.000000000000000000e+00	0.000000000000000000e+00	1.241492965483565802e+00	0.000000000000000000e+00
-2.997536999999999898e+04	0.000000000000000000e+00	0.000000000000000000e+00	1.255226294747764593e+00	0.000000000000000000e+00
-2.997534000000000015e+04	0.000000000000000000e+00	0.000000000000000000e+00	1.225318155461287306e+00	0.000000000000000000e+00
-2.997531000000000131e+04	0.000000000000000000e+00	0.000000000000000000e+00	1.216162602618488187e+00	0.000000000000000000e+00
-2.997529000000000087e+04	0.000000000000000000e+00	0.000000000000000000e+00	1.211890011291848479e+00	0.000000000000000000e+00
-2.997525999999999840e+04	0.000000000000000000e+00	0.000000000000000000e+00	1.207617419965208994e+00	0.000000000000000000e+00
-2.997525000000000000e+04	0.000000000000000000e+00	0.000000000000000000e+00	1.201513718070009507e+00	0.000000000000000000e+00
-2.997522000000000116e+04	0.000000000000000000e+00	0.000000000000000000e+00	1.198767052217169615e+00	0.000000000000000000e+00
-2.997518000000000029e+04	0.000000000000000000e+00	0.000000000000000000e+00	1.207617419965208994e+00	0.000000000000000000e+00
-2.997515999999999985e+04	0.000000000000000000e+00	0.000000000000000000e+00	1.204260383922849176e+00	0.000000000000000000e+00
-2.997513999999999942e+04	0.000000000000000000e+00	0.000000000000000000e+00	1.189306314279610532e+00	0.000000000000000000e+00
-2.997511000000000058e+04	0.000000000000000000e+00	0.000000000000000000e+00	1.192358165227210387e+00	0.000000000000000000e+00
-2.997506999999999971e+04	0.000000000000000000e+00	0.000000000000000000e+00	1.190832239753410349e+00	0.000000000000000000e+00
-2.997504999999999927e+04	0.000000000000000000e+00	0.000000000000000000e+00	1.186559648426770863e+00	0.000000000000000000e+00
-2.997502000000000044e+04	0.000000000000000000e+00	0.000000000000000000e+00	1.182592242194891119e+00	0.000000000000000000e+00
-2.997499000000000160e+04	0.000000000000000000e+00	0.000000000000000000e+00	1.192663350321970350e+00	0.000000000000000000e+00
-2.997497000000000116e+04	0.000000000000000000e+00	0.000000000000000000e+00	1.182287057100131156e+00	0.000000000000000000e+00
-2.997493999999999869e+04	0.000000000000000000e+00	0.000000000000000000e+00	1.178624835963011597e+00	0.000000000000000000e+00
-2.997491999999999825e+04	0.000000000000000000e+00	0.000000000000000000e+00	1.162755211035493064e+00	0.000000000000000000e+00
-2.997488999999999942e+04	0.000000000000000000e+00	0.000000000000000000e+00	1.156956694235053540e+00	0.000000000000000000e+00
-2.997486000000000058e+04	0.000000000000000000e+00	0.000000000000000000e+00	1.163060396130253027e+00	0.000000000000000000e+00
-2.997483000000000175e+04	0.000000000000000000e+00	0.000000000000000000e+00	1.153599658192693944e+00	0.000000000000000000e+00
-2.997479999999999927e+04	0.000000000000000000e+00	0.000000000000000000e+00	1.147190771202734494e+00	0.000000000000000000e+00
-2.997477000000000044e+04	0.000000000000000000e+00	0.000000000000000000e+00	1.149632251960814200e+00	0.000000000000000000e+00
-2.997475000000000000e+04	0.000000000000000000e+00	0.000000000000000000e+00	1.141087069307535007e+00	0.000000000000000000e+00
-2.997470999999999913e+04	0.000000000000000000e+00	0.000000000000000000e+00	1.138950773644215264e+00	0.000000000000000000e+00
-2.997468000000000029e+04	0.000000000000000000e+00	0.000000000000000000e+00	1.140476699118015080e+00	0.000000000000000000e+00
-2.997463999999999942e+04	0.000000000000000000e+00	0.000000000000000000e+00	1.131931516464735887e+00	0.000000000000000000e+00
-2.997461000000000058e+04	0.000000000000000000e+00	0.000000000000000000e+00	1.126132999664296364e+00	0.000000000000000000e+00
-2.997456999999999971e+04	0.000000000000000000e+00	0.000000000000000000e+00	1.120944853053376766e+00	0.000000000000000000e+00
-2.997454000000000087e+04	0.000000000000000000e+00	0.000000000000000000e+00	1.122470778527176805e+00	0.000000000000000000e+00
-2.997450999999999840e+04	0.000000000000000000e+00	0.000000000000000000e+00	1.124912259285256511e+00	0.000000000000000000e+00
-2.997447999999999956e+04	0.000000000000000000e+00	0.000000000000000000e+00	1.115146336252937465e+00	0.000000000000000000e+00
-2.997443999999999869e+04	0.000000000000000000e+00	0.000000000000000000e+00	1.117587817011017171e+00	0.000000000000000000e+00
-2.997440999999999985e+04	0.000000000000000000e+00	0.000000000000000000e+00	1.121555223242896915e+00	0.000000000000000000e+00
-2.997438999999999942e+04	0.000000000000000000e+00	0.000000000000000000e+00	1.107821893978698125e+00	0.000000000000000000e+00
-2.997436000000000058e+04	0.000000000000000000e+00	0.000000000000000000e+00	1.127658925138096180e+00	0.000000000000000000e+00
-2.997434000000000015e+04	0.000000000000000000e+00	0.000000000000000000e+00	1.105380413220618196e+00	0.000000000000000000e+00
-2.997431999999999971e+04	0.000000000000000000e+00	0.000000000000000000e+00	1.104770043031098270e+00	0.000000000000000000e+00
-2.997429999999999927e+04	0.000000000000000000e+00	0.000000000000000000e+00	1.094393749809259297e+00	0.000000000000000000e+00
-2.997427999999999884e+04	0.000000000000000000e+00	0.000000000000000000e+00	1.091952269051179591e+00	0.000000000000000000e+00
-2.997425000000000000e+04	0.000000000000000000e+00	0.000000000000000000e+00	1.099581896420178895e+00	0.000000000000000000e+00
-2.997422000000000116e+04	0.000000000000000000e+00	0.000000000000000000e+00	1.085543382061220141e+00	0.000000000000000000e+00
-2.997420000000000073e+04	0.000000000000000000e+00	0.000000000000000000e+00	1.084933011871700215e+00	0.000000000000000000e+00
-2.997416999999999825e+04	0.000000000000000000e+00	0.000000000000000000e+00	1.089510788293099663e+00	0.000000000000000000e+00
-2.997413999999999942e+04	0.000000000000000000e+00	0.000000000000000000e+00	1.079134495071260691e+00	0.000000000000000000e+00
-2.997411999999999898e+04	0.000000000000000000e+00	0.000000000000000000e+00	1.076387829218421022e+00	0.000000000000000000e+00
-2.997409000000000015e+04	0.000000000000000000e+00	0.000000000000000000e+00	1.079744865260780617e+00	0.000000000000000000e+00
-2.997406999999999971e+04	0.000000000000000000e+00	0.000000000000000000e+00	1.070589312417981498e+00	0.000000000000000000e+00
-2.997404000000000087e+04	0.000000000000000000e+00	0.000000000000000000e+00	1.061433759575182378e+00	0.000000000000000000e+00
-2.997400999999999840e+04	0.000000000000000000e+00	0.000000000000000000e+00	1.059907834101382562e+00	0.000000000000000000e+00
-2.997397999999999956e+04	0.000000000000000000e+00	0.000000000000000000e+00	1.062349314859462268e+00	0.000000000000000000e+00
-2.997395999999999913e+04	0.000000000000000000e+00	0.000000000000000000e+00	1.058687093722342709e+00	0.000000000000000000e+00
-2.997393000000000029e+04	0.000000000000000000e+00	0.000000000000000000e+00	1.057466353343302634e+00	0.000000000000000000e+00
-2.997390999999999985e+04	0.000000000000000000e+00	0.000000000000000000e+00	1.057466353343302634e+00	0.000000000000000000e+00
-2.997388000000000102e+04	0.000000000000000000e+00	0.000000000000000000e+00	1.063570055238502121e+00	0.000000000000000000e+00
-2.997384999999999854e+04	0.000000000000000000e+00	0.000000000000000000e+00	1.060823389385662452e+00	0.000000000000000000e+00
-2.997383000000000175e+04	0.000000000000000000e+00	0.000000000000000000e+00	1.058687093722342709e+00	0.000000000000000000e+00
-2.997381000000000131e+04	0.000000000000000000e+00	0.000000000000000000e+00	1.055330057679982891e+00	0.000000000000000000e+00
-2.997379000000000087e+04	0.000000000000000000e+00	0.000000000000000000e+00	1.051362651448103369e+00	0.000000000000000000e+00
-2.997377000000000044e+04	0.000000000000000000e+00	0.000000000000000000e+00	1.056245612964262781e+00	0.000000000000000000e+00
-2.997374000000000160e+04	0.000000000000000000e+00	0.000000000000000000e+00	1.047700430310983588e+00	0.000000000000000000e+00
-2.997370999999999913e+04	0.000000000000000000e+00	0.000000000000000000e+00	1.045869319742423809e+00	0.000000000000000000e+00
-2.997368000000000029e+04	0.000000000000000000e+00	0.000000000000000000e+00	1.041291543321024138e+00	0.000000000000000000e+00
-2.997365999999999985e+04	0.000000000000000000e+00	0.000000000000000000e+00	1.030304879909665239e+00	0.000000000000000000e+00
-2.997363000000000102e+04	0.000000000000000000e+00	0.000000000000000000e+00	1.031830805383465055e+00	0.000000000000000000e+00
-2.997359999999999854e+04	0.000000000000000000e+00	0.000000000000000000e+00	1.029389324625385349e+00	0.000000000000000000e+00
-2.997356999999999971e+04	0.000000000000000000e+00	0.000000000000000000e+00	1.018707846308786191e+00	0.000000000000000000e+00
-2.997354000000000087e+04	0.000000000000000000e+00	0.000000000000000000e+00	1.015350810266426596e+00	0.000000000000000000e+00
-2.997350000000000000e+04	0.000000000000000000e+00	0.000000000000000000e+00	1.014740440076906669e+00	0.000000000000000000e+00
-2.997347999999999956e+04	0.000000000000000000e+00	0.000000000000000000e+00	1.014435254982146706e+00	0.000000000000000000e+00
-2.997345000000000073e+04	0.000000000000000000e+00	0.000000000000000000e+00	1.014435254982146706e+00	0.000000000000000000e+00
-2.997343000000000029e+04	0.000000000000000000e+00	0.000000000000000000e+00	1.007415997802667329e+00	0.000000000000000000e+00
-2.997340999999999985e+04	0.000000000000000000e+00	0.000000000000000000e+00	1.006195257423627476e+00	0.000000000000000000e+00
-2.997338000000000102e+04	0.000000000000000000e+00	0.000000000000000000e+00	1.000091555528427989e+00	0.000000000000000000e+00
-2.997336000000000058e+04	0.000000000000000000e+00	0.000000000000000000e+00	1.001617481002227805e+00	0.000000000000000000e+00
-2.997333000000000175e+04	0.000000000000000000e+00	0.000000000000000000e+00	9.933774834437085755e-01	0.000000000000000000e+00
-2.997331000000000131e+04	0.000000000000000000e+00	0.000000000000000000e+00	1.004058961760307733e+00	0.000000000000000000e+00
-2.997329000000000087e+04	0.000000000000000000e+00	0.000000000000000000e+00	9.991760002441480992e-01	0.000000000000000000e+00
-2.997327000000000044e+04	0.000000000000000000e+00	0.000000000000000000e+00	9.897152623065889054e-01	0.000000000000000000e+00
-2.997324000000000160e+04	0.000000000000000000e+00	0.000000000000000000e+00	9.924619281594286857e-01	0.000000000000000000e+00
-2.997322000000000116e+04	0.000000000000000000e+00	0.000000000000000000e+00	9.845271156956694192e-01	0.000000000000000000e+00
-2.997320000000000073e+04	0.000000000000000000e+00	0.000000000000000000e+00	9.765923032319101527e-01	0.000000000000000000e+00
-2.997315999999999985e+04	0.000000000000000000e+00	0.000000000000000000e+00	9.741508224738303356e-01	0.000000000000000000e+00
-2.997313000000000102e+04	0.000000000000000000e+00	0.000000000000000000e+00	9.680471205786309596e-01	0.000000000000000000e+00
-2.997309999999999854e+04	0.000000000000000000e+00	0.000000000000000000e+00	9.582811975463118026e-01	0.000000000000000000e+00
-2.997308000000000175e+04	0.000000000000000000e+00	0.000000000000000000e+00	9.598071230201117299e-01	0.000000000000000000e+00
-2.997306999999999971e+04	0.000000000000000000e+00	0.000000000000000000e+00	9.457686086611529763e-01	0.000000000000000000e+00
-2.997304000000000087e+04	0.000000000000000000e+00	0.000000000000000000e+00	9.256263924069948468e-01	0.000000000000000000e+00
-2.997300999999999840e+04	0.000000000000000000e+00	0.000000000000000000e+00	9.436323129978332336e-01	0.000000000000000000e+00
-2.997299000000000160e+04	0.000000000000000000e+00	0.000000000000000000e+00	9.350871303445539295e-01	0.000000000000000000e+00
-2.997297999999999956e+04	0.000000000000000000e+00	0.000000000000000000e+00	9.360026856288339303e-01	0.000000000000000000e+00
-2.997295000000000073e+04	0.000000000000000000e+00	0.000000000000000000e+00	9.408856471449934533e-01	0.000000000000000000e+00
-2.997293000000000029e+04	0.000000000000000000e+00	0.000000000000000000e+00	9.350871303445539295e-01	0.000000000000000000e+00
-2.997291999999999825e+04	0.000000000000000000e+00	0.000000000000000000e+00	9.323404644917142603e-01	0.000000000000000000e+00
-2.997290000000000146e+04	0.000000000000000000e+00	0.000000000000000000e+00	9.353923154393138928e-01	0.000000000000000000e+00
-2.997286999999999898e+04	0.000000000000000000e+00	0.000000000000000000e+00	9.405804620502334901e-01	0.000000000000000000e+00
-2.997284000000000015e+04	0.000000000000000000e+00	0.000000000000000000e+00	9.375286111026337466e-01	0.000000000000000000e+00
-2.997281000000000131e+04	0.000000000000000000e+00	0.000000000000000000e+00	9.329508346812341868e-01	0.000000000000000000e+00
-2.997279000000000087e+04	0.000000000000000000e+00	0.000000000000000000e+00	9.317300943021943338e-01	0.000000000000000000e+00
-2.997277000000000044e+04	0.000000000000000000e+00	0.000000000000000000e+00	9.326456495864742235e-01	0.000000000000000000e+00
-2.997274000000000160e+04	0.000000000000000000e+00	0.000000000000000000e+00	9.326456495864742235e-01	0.000000000000000000e+00
-2.997272999999999956e+04	0.000000000000000000e+00	0.000000000000000000e+00	9.347819452497939663e-01	0.000000000000000000e+00
-2.997270999999999913e+04	0.000000000000000000e+00	0.000000000000000000e+00	9.189123203222754332e-01	0.000000000000000000e+00
-2.997268000000000029e+04	0.000000000000000000e+00	0.000000000000000000e+00	9.103671376689962402e-01	0.000000000000000000e+00
-2.997265000000000146e+04	0.000000000000000000e+00	0.000000000000000000e+00	9.073152867213964967e-01	0.000000000000000000e+00
-2.997261999999999898e+04	0.000000000000000000e+00	0.000000000000000000e+00	9.079256569109164232e-01	0.000000000000000000e+00
-2.997259999999999854e+04	0.000000000000000000e+00	0.000000000000000000e+00	8.963286233100374867e-01	0.000000000000000000e+00
-2.997258000000000175e+04	0.000000000000000000e+00	0.000000000000000000e+00	8.969389934995575242e-01	0.000000000000000000e+00
-2.997256000000000131e+04	0.000000000000000000e+00	0.000000000000000000e+00	9.018219550157170472e-01	0.000000000000000000e+00
-2.997252999999999884e+04	0.000000000000000000e+00	0.000000000000000000e+00	8.853419598986785877e-01	0.000000000000000000e+00
-2.997250000000000000e+04	0.000000000000000000e+00	0.000000000000000000e+00	8.899197363200781474e-01	0.000000000000000000e+00
-2.997247999999999956e+04	0.000000000000000000e+00	0.000000000000000000e+00	8.829004791405987707e-01	0.000000000000000000e+00
-2.997245999999999913e+04	0.000000000000000000e+00	0.000000000000000000e+00	8.798486281929990271e-01	0.000000000000000000e+00
-2.997243999999999869e+04	0.000000000000000000e+00	0.000000000000000000e+00	8.792382580034791006e-01	0.000000000000000000e+00
-2.997240999999999985e+04	0.000000000000000000e+00	0.000000000000000000e+00	8.774071474349193211e-01	0.000000000000000000e+00
-2.997238000000000102e+04	0.000000000000000000e+00	0.000000000000000000e+00	8.734397412030396879e-01	0.000000000000000000e+00
-2.997234000000000015e+04	0.000000000000000000e+00	0.000000000000000000e+00	8.673360393078402009e-01	0.000000000000000000e+00
-2.997231999999999971e+04	0.000000000000000000e+00	0.000000000000000000e+00	8.740501113925596144e-01	0.000000000000000000e+00
-2.997231000000000131e+04	0.000000000000000000e+00	0.000000000000000000e+00	8.780175176244392476e-01	0.000000000000000000e+00
-2.997229000000000087e+04	0.000000000000000000e+00	0.000000000000000000e+00	8.706930753501999076e-01	0.000000000000000000e+00
-2.997227000000000044e+04	0.000000000000000000e+00	0.000000000000000000e+00	8.722190008239997239e-01	0.000000000000000000e+00
-2.997222999999999956e+04	0.000000000000000000e+00	0.000000000000000000e+00	8.474990081484420346e-01	0.000000000000000000e+00
-2.997220000000000073e+04	0.000000000000000000e+00	0.000000000000000000e+00	8.380382702108829518e-01	0.000000000000000000e+00
-2.997218999999999869e+04	0.000000000000000000e+00	0.000000000000000000e+00	8.517715994750816311e-01	0.000000000000000000e+00
-2.997216999999999825e+04	0.000000000000000000e+00	0.000000000000000000e+00	8.557390057069612643e-01	0.000000000000000000e+00
-2.997213999999999942e+04	0.000000000000000000e+00	0.000000000000000000e+00	8.581804864650410813e-01	0.000000000000000000e+00
-2.997211000000000058e+04	0.000000000000000000e+00	0.000000000000000000e+00	8.426160466322825116e-01	0.000000000000000000e+00
-2.997209000000000015e+04	0.000000000000000000e+00	0.000000000000000000e+00	8.371227149266029510e-01	0.000000000000000000e+00
-2.997206999999999971e+04	0.000000000000000000e+00	0.000000000000000000e+00	8.355967894528031348e-01	0.000000000000000000e+00
-2.997204000000000087e+04	0.000000000000000000e+00	0.000000000000000000e+00	8.359019745475630980e-01	0.000000000000000000e+00
-2.997200999999999840e+04	0.000000000000000000e+00	0.000000000000000000e+00	8.322397534104434280e-01	0.000000000000000000e+00
-2.997197999999999956e+04	0.000000000000000000e+00	0.000000000000000000e+00	8.273567918942839050e-01	0.000000000000000000e+00
-2.997197000000000116e+04	0.000000000000000000e+00	0.000000000000000000e+00	8.221686452833643077e-01	0.000000000000000000e+00
-2.997195000000000073e+04	0.000000000000000000e+00	0.000000000000000000e+00	8.294930875576036478e-01	0.000000000000000000e+00
-2.997193000000000029e+04	0.000000000000000000e+00	0.000000000000000000e+00	8.383434553056429150e-01	0.000000000000000000e+00
-2.997190000000000146e+04	0.000000000000000000e+00	0.000000000000000000e+00	8.301034577471236853e-01	0.000000000000000000e+00
-2.997188999999999942e+04	0.000000000000000000e+00	0.000000000000000000e+00	8.243049409466841615e-01	0.000000000000000000e+00
-2.997186000000000058e+04	0.000000000000000000e+00	0.000000000000000000e+00	8.203375347148045282e-01	0.000000000000000000e+00
-2.997181999999999971e+04	0.000000000000000000e+00	0.000000000000000000e+00	8.239997558519241982e-01	0.000000000000000000e+00
-2.997179999999999927e+04	0.000000000000000000e+00	0.000000000000000000e+00	8.267464217047639785e-01	0.000000000000000000e+00
-2.997177999999999884e+04	0.000000000000000000e+00	0.000000000000000000e+00	8.218634601886043445e-01	0.000000000000000000e+00
-2.997175999999999840e+04	0.000000000000000000e+00	0.000000000000000000e+00	8.178960539567247112e-01	0.000000000000000000e+00
-2.997172999999999956e+04	0.000000000000000000e+00	0.000000000000000000e+00	8.075197607348857387e-01	0.000000000000000000e+00
-2.997170999999999913e+04	0.000000000000000000e+00	0.000000000000000000e+00	8.050782799768059217e-01	0.000000000000000000e+00
-2.997168000000000029e+04	0.000000000000000000e+00	0.000000000000000000e+00	7.989745780816065457e-01	0.000000000000000000e+00
-2.997165999999999985e+04	0.000000000000000000e+00	0.000000000000000000e+00	7.962279122287667654e-01	0.000000000000000000e+00
-2.997163000000000102e+04	0.000000000000000000e+00	0.000000000000000000e+00	7.925656910916470954e-01	0.000000000000000000e+00
-2.997159999999999854e+04	0.000000000000000000e+00	0.000000000000000000e+00	7.885982848597674622e-01	0.000000000000000000e+00
-2.997156999999999971e+04	0.000000000000000000e+00	0.000000000000000000e+00	7.843256935331278656e-01	0.000000000000000000e+00
-2.997154000000000087e+04	0.000000000000000000e+00	0.000000000000000000e+00	7.867671742912075716e-01	0.000000000000000000e+00
-2.997152000000000044e+04	0.000000000000000000e+00	0.000000000000000000e+00	7.898190252388073151e-01	0.000000000000000000e+00
-2.997150999999999840e+04	0.000000000000000000e+00	0.000000000000000000e+00	7.968382824182866919e-01	0.000000000000000000e+00
-2.997149000000000160e+04	0.000000000000000000e+00	0.000000000000000000e+00	7.959227271340068022e-01	0.000000000000000000e+00
-2.997145999999999913e+04	0.000000000000000000e+00	0.000000000000000000e+00	7.846308786278878289e-01	0.000000000000000000e+00
-2.997143999999999869e+04	0.000000000000000000e+00	0.000000000000000000e+00	7.852412488174077554e-01	0.000000000000000000e+00
-2.997140999999999985e+04	0.000000000000000000e+00	0.000000000000000000e+00	7.791375469222082684e-01	0.000000000000000000e+00
-2.997138999999999942e+04	0.000000000000000000e+00	0.000000000000000000e+00	7.879879146702475357e-01	0.000000000000000000e+00
-2.997136999999999898e+04	0.000000000000000000e+00	0.000000000000000000e+00	7.730338450270088924e-01	0.000000000000000000e+00
-2.997134999999999854e+04	0.000000000000000000e+00	0.000000000000000000e+00	7.815790276802880854e-01	0.000000000000000000e+00
-2.997134000000000015e+04	0.000000000000000000e+00	0.000000000000000000e+00	7.770012512588885256e-01	0.000000000000000000e+00
-2.997131999999999971e+04	0.000000000000000000e+00	0.000000000000000000e+00	7.797479171117283059e-01	0.000000000000000000e+00
-2.997129999999999927e+04	0.000000000000000000e+00	0.000000000000000000e+00	7.748649555955686719e-01	0.000000000000000000e+00
-2.997127999999999884e+04	0.000000000000000000e+00	0.000000000000000000e+00	7.675405133213293318e-01	0.000000000000000000e+00
-2.997125999999999840e+04	0.000000000000000000e+00	0.000000000000000000e+00	7.626575518051698088e-01	0.000000000000000000e+00
-2.997124000000000160e+04	0.000000000000000000e+00	0.000000000000000000e+00	7.565538499099704328e-01	0.000000000000000000e+00
-2.997122000000000116e+04	0.000000000000000000e+00	0.000000000000000000e+00	7.568590350047303961e-01	0.000000000000000000e+00
-2.997120000000000073e+04	0.000000000000000000e+00	0.000000000000000000e+00	7.538071840571306526e-01	0.000000000000000000e+00
-2.997118000000000029e+04	0.000000000000000000e+00	0.000000000000000000e+00	7.455671864986114228e-01	0.000000000000000000e+00
-2.997115999999999985e+04	0.000000000000000000e+00	0.000000000000000000e+00	7.431257057405316058e-01	0.000000000000000000e+00
-2.997111999999999898e+04	0.000000000000000000e+00	0.000000000000000000e+00	7.373271889400921930e-01	0.000000000000000000e+00
-2.997108000000000175e+04	0.000000000000000000e+00	0.000000000000000000e+00	7.354960783715323025e-01	0.000000000000000000e+00
-2.997106000000000131e+04	0.000000000000000000e+00	0.000000000000000000e+00	7.336649678029725230e-01	0.000000000000000000e+00
-2.997102999999999884e+04	0.000000000000000000e+00	0.000000000000000000e+00	7.220679342020935865e-01	0.000000000000000000e+00
-2.997100000000000000e+04	0.000000000000000000e+00	0.000000000000000000e+00	7.260353404339732197e-01	0.000000000000000000e+00
-2.997097999999999956e+04	0.000000000000000000e+00	0.000000000000000000e+00	7.339701528977324863e-01	0.000000000000000000e+00
-2.997095999999999913e+04	0.000000000000000000e+00	0.000000000000000000e+00	7.235938596758934027e-01	0.000000000000000000e+00
-2.997093000000000029e+04	0.000000000000000000e+00	0.000000000000000000e+00	7.217627491073336232e-01	0.000000000000000000e+00
-2.997090000000000146e+04	0.000000000000000000e+00	0.000000000000000000e+00	7.278664510025329992e-01	0.000000000000000000e+00
-2.997086999999999898e+04	0.000000000000000000e+00	0.000000000000000000e+00	7.278664510025329992e-01	0.000000000000000000e+00
-2.997084000000000015e+04	0.000000000000000000e+00	0.000000000000000000e+00	7.199316385387737327e-01	0.000000000000000000e+00
-2.997081999999999971e+04	0.000000000000000000e+00	0.000000000000000000e+00	7.119968260750144662e-01	0.000000000000000000e+00
-2.997079000000000087e+04	0.000000000000000000e+00	0.000000000000000000e+00	7.092501602221747969e-01	0.000000000000000000e+00
-2.997077000000000044e+04	0.000000000000000000e+00	0.000000000000000000e+00	7.071138645588549432e-01	0.000000000000000000e+00
-2.997075000000000000e+04	0.000000000000000000e+00	0.000000000000000000e+00	7.013153477584155304e-01	0.000000000000000000e+00
-2.997072999999999956e+04	0.000000000000000000e+00	0.000000000000000000e+00	6.967375713370158596e-01	0.000000000000000000e+00
-2.997070000000000073e+04	0.000000000000000000e+00	0.000000000000000000e+00	6.866664632099368504e-01	0.000000000000000000e+00
-2.997066999999999825e+04	0.000000000000000000e+00	0.000000000000000000e+00	6.823938718832972539e-01	0.000000000000000000e+00
-2.997065000000000146e+04	0.000000000000000000e+00	0.000000000000000000e+00	6.769005401776176933e-01	0.000000000000000000e+00
-2.997061999999999898e+04	0.000000000000000000e+00	0.000000000000000000e+00	6.720175786614581703e-01	0.000000000000000000e+00
-2.997058000000000175e+04	0.000000000000000000e+00	0.000000000000000000e+00	6.677449873348185738e-01	0.000000000000000000e+00
-2.997054999999999927e+04	0.000000000000000000e+00	0.000000000000000000e+00	6.625568407238990876e-01	0.000000000000000000e+00
-2.997052999999999884e+04	0.000000000000000000e+00	0.000000000000000000e+00	6.601153599658192705e-01	0.000000000000000000e+00
-2.997050999999999840e+04	0.000000000000000000e+00	0.000000000000000000e+00	6.631672109134190141e-01	0.000000000000000000e+00
-2.997049000000000160e+04	0.000000000000000000e+00	0.000000000000000000e+00	6.732383190404980233e-01	0.000000000000000000e+00
-2.997047000000000116e+04	0.000000000000000000e+00	0.000000000000000000e+00	6.698812829981383166e-01	0.000000000000000000e+00
-2.997045000000000073e+04	0.000000000000000000e+00	0.000000000000000000e+00	6.686605426190984636e-01	0.000000000000000000e+00
-2.997040999999999985e+04	0.000000000000000000e+00	0.000000000000000000e+00	6.634723960081789773e-01	0.000000000000000000e+00
-2.997038000000000102e+04	0.000000000000000000e+00	0.000000000000000000e+00	6.601153599658192705e-01	0.000000000000000000e+00
-2.997034999999999854e+04	0.000000000000000000e+00	0.000000000000000000e+00	6.625568407238990876e-01	0.000000000000000000e+00
-2.997031999999999971e+04	0.000000000000000000e+00	0.000000000000000000e+00	6.695760979033783533e-01	0.000000000000000000e+00
-2.997029000000000087e+04	0.000000000000000000e+00	0.000000000000000000e+00	6.588946195867794176e-01	0.000000000000000000e+00
-2.997027000000000044e+04	0.000000000000000000e+00	0.000000000000000000e+00	6.613361003448591235e-01	0.000000000000000000e+00
-2.997024000000000160e+04	0.000000000000000000e+00	0.000000000000000000e+00	6.509598071230201510e-01	0.000000000000000000e+00
-2.997022000000000116e+04	0.000000000000000000e+00	0.000000000000000000e+00	6.482131412701803708e-01	0.000000000000000000e+00
-2.997018999999999869e+04	0.000000000000000000e+00	0.000000000000000000e+00	6.347849971007416547e-01	0.000000000000000000e+00
-2.997015999999999985e+04	0.000000000000000000e+00	0.000000000000000000e+00	6.323435163426618377e-01	0.000000000000000000e+00
-2.997013999999999942e+04	0.000000000000000000e+00	0.000000000000000000e+00	6.302072206793419840e-01	0.000000000000000000e+00
-2.997011999999999898e+04	0.000000000000000000e+00	0.000000000000000000e+00	6.213568529313028277e-01	0.000000000000000000e+00
-2.997009000000000015e+04	0.000000000000000000e+00	0.000000000000000000e+00	6.155583361308634149e-01	0.000000000000000000e+00
-2.997006999999999971e+04	0.000000000000000000e+00	0.000000000000000000e+00	6.332590716269417275e-01	0.000000000000000000e+00
-2.997004000000000087e+04	0.000000000000000000e+00	0.000000000000000000e+00	6.155583361308634149e-01	0.000000000000000000e+00
-2.997002000000000044e+04	0.000000000000000000e+00	0.000000000000000000e+00	6.176946317941831577e-01	0.000000000000000000e+00
-2.996999000000000160e+04	0.000000000000000000e+00	0.000000000000000000e+00	6.109805597094637442e-01	0.000000000000000000e+00
-2.996995000000000073e+04	0.000000000000000000e+00	0.000000000000000000e+00	6.122013000885037082e-01	0.000000000000000000e+00
-2.996990999999999985e+04	0.000000000000000000e+00	0.000000000000000000e+00	6.064027832880641844e-01	0.000000000000000000e+00
-2.996988000000000102e+04	0.000000000000000000e+00	0.000000000000000000e+00	6.073183385723440741e-01	0.000000000000000000e+00
-2.996984000000000015e+04	0.000000000000000000e+00	0.000000000000000000e+00	6.070131534775841109e-01	0.000000000000000000e+00
-2.996979999999999927e+04	0.000000000000000000e+00	0.000000000000000000e+00	6.045716727195044049e-01	0.000000000000000000e+00
-2.996977000000000044e+04	0.000000000000000000e+00	0.000000000000000000e+00	6.018250068666646246e-01	0.000000000000000000e+00
-2.996975000000000000e+04	0.000000000000000000e+00	0.000000000000000000e+00	5.990783410138248444e-01	0.000000000000000000e+00
-2.996972000000000116e+04	0.000000000000000000e+00	0.000000000000000000e+00	5.853450117496261651e-01	0.000000000000000000e+00
-2.996968999999999869e+04	0.000000000000000000e+00	0.000000000000000000e+00	5.795464949491866413e-01	0.000000000000000000e+00
-2.996966999999999825e+04	0.000000000000000000e+00	0.000000000000000000e+00	5.835139011810662746e-01	0.000000000000000000e+00
-2.996965000000000146e+04	0.000000000000000000e+00	0.000000000000000000e+00	5.810724204229865686e-01	0.000000000000000000e+00
-2.996963000000000102e+04	0.000000000000000000e+00	0.000000000000000000e+00	5.786309396649067516e-01	0.000000000000000000e+00
-2.996961000000000058e+04	0.000000000000000000e+00	0.000000000000000000e+00	5.850398266548662018e-01	0.000000000000000000e+00
-2.996958000000000175e+04	0.000000000000000000e+00	0.000000000000000000e+00	5.652027954954680355e-01	0.000000000000000000e+00
-2.996954999999999927e+04	0.000000000000000000e+00	0.000000000000000000e+00	5.761894589068270456e-01	0.000000000000000000e+00
-2.996952000000000044e+04	0.000000000000000000e+00	0.000000000000000000e+00	5.774101992858668986e-01	0.000000000000000000e+00
-2.996949000000000160e+04	0.000000000000000000e+00	0.000000000000000000e+00	5.740531632435071918e-01	0.000000000000000000e+00
-2.996947000000000116e+04	0.000000000000000000e+00	0.000000000000000000e+00	5.703909421063875218e-01	0.000000000000000000e+00
-2.996943999999999869e+04	0.000000000000000000e+00	0.000000000000000000e+00	5.658131656849879620e-01	0.000000000000000000e+00
-2.996941999999999825e+04	0.000000000000000000e+00	0.000000000000000000e+00	5.624561296426282553e-01	0.000000000000000000e+00
-2.996940000000000146e+04	0.000000000000000000e+00	0.000000000000000000e+00	5.548265022736289520e-01	0.000000000000000000e+00
-2.996936999999999898e+04	0.000000000000000000e+00	0.000000000000000000e+00	5.548265022736289520e-01	0.000000000000000000e+00
-2.996934000000000015e+04	0.000000000000000000e+00	0.000000000000000000e+00	5.578783532212286955e-01	0.000000000000000000e+00
-2.996931000000000131e+04	0.000000000000000000e+00	0.000000000000000000e+00	5.539109469893490623e-01	0.000000000000000000e+00
-2.996927000000000044e+04	0.000000000000000000e+00	0.000000000000000000e+00	5.569627979369488058e-01	0.000000000000000000e+00
-2.996924000000000160e+04	0.000000000000000000e+00	0.000000000000000000e+00	5.575731681264687323e-01	0.000000000000000000e+00
-2.996920999999999913e+04	0.000000000000000000e+00	0.000000000000000000e+00	5.536057618945890990e-01	0.000000000000000000e+00
-2.996918000000000029e+04	0.000000000000000000e+00	0.000000000000000000e+00	5.563524277474287683e-01	0.000000000000000000e+00
-2.996915000000000146e+04	0.000000000000000000e+00	0.000000000000000000e+00	5.539109469893490623e-01	0.000000000000000000e+00
-2.996911999999999898e+04	0.000000000000000000e+00	0.000000000000000000e+00	5.618457594531083288e-01	0.000000000000000000e+00
-2.996909000000000015e+04	0.000000000000000000e+00	0.000000000000000000e+00	5.514694662312692452e-01	0.000000000000000000e+00
-2.996908000000000175e+04	0.000000000000000000e+00	0.000000000000000000e+00	5.435346537675099787e-01	0.000000000000000000e+00
-2.996906000000000131e+04	0.000000000000000000e+00	0.000000000000000000e+00	5.435346537675099787e-01	0.000000000000000000e+00
-2.996902000000000044e+04	0.000000000000000000e+00	0.000000000000000000e+00	5.313272499771111157e-01	0.000000000000000000e+00
-2.996899000000000160e+04	0.000000000000000000e+00	0.000000000000000000e+00	5.346842860194708225e-01	0.000000000000000000e+00
-2.996897999999999956e+04	0.000000000000000000e+00	0.000000000000000000e+00	5.270546586504715192e-01	0.000000000000000000e+00
-2.996895999999999913e+04	0.000000000000000000e+00	0.000000000000000000e+00	5.282753990295113722e-01	0.000000000000000000e+00
-2.996891999999999825e+04	0.000000000000000000e+00	0.000000000000000000e+00	5.243079927976317389e-01	0.000000000000000000e+00
-2.996888999999999942e+04	0.000000000000000000e+00	0.000000000000000000e+00	5.212561418500319954e-01	0.000000000000000000e+00
-2.996886000000000058e+04	0.000000000000000000e+00	0.000000000000000000e+00	5.258339182714316662e-01	0.000000000000000000e+00
-2.996883000000000175e+04	0.000000000000000000e+00	0.000000000000000000e+00	5.264442884609515927e-01	0.000000000000000000e+00
-2.996881000000000131e+04	0.000000000000000000e+00	0.000000000000000000e+00	5.175939207129124364e-01	0.000000000000000000e+00
-2.996879000000000087e+04	0.000000000000000000e+00	0.000000000000000000e+00	5.218665120395520329e-01	0.000000000000000000e+00
-2.996877000000000044e+04	0.000000000000000000e+00	0.000000000000000000e+00	5.203405865657521057e-01	0.000000000000000000e+00
-2.996875999999999840e+04	0.000000000000000000e+00	0.000000000000000000e+00	5.142368846705527297e-01	0.000000000000000000e+00
-2.996874000000000160e+04	0.000000000000000000e+00	0.000000000000000000e+00	5.142368846705527297e-01	0.000000000000000000e+00
-2.996872999999999956e+04	0.000000000000000000e+00	0.000000000000000000e+00	5.166783654286324357e-01	0.000000000000000000e+00
-2.996870000000000073e+04	0.000000000000000000e+00	0.000000000000000000e+00	5.139316995757927664e-01	0.000000000000000000e+00
-2.996866999999999825e+04	0.000000000000000000e+00	0.000000000000000000e+00	5.041657765434736094e-01	0.000000000000000000e+00
-2.996863999999999942e+04	0.000000000000000000e+00	0.000000000000000000e+00	5.175939207129124364e-01	0.000000000000000000e+00
-2.996863000000000102e+04	0.000000000000000000e+00	0.000000000000000000e+00	5.102694784386730964e-01	0.000000000000000000e+00
-2.996861000000000058e+04	0.000000000000000000e+00	0.000000000000000000e+00	5.056917020172734256e-01	0.000000000000000000e+00
-2.996859000000000015e+04	0.000000000000000000e+00	0.000000000000000000e+00	4.974517044587542514e-01	0.000000000000000000e+00
-2.996858000000000175e+04	0.000000000000000000e+00	0.000000000000000000e+00	4.986724448377941044e-01	0.000000000000000000e+00
-2.996854999999999927e+04	0.000000000000000000e+00	0.000000000000000000e+00	4.892117069002349661e-01	0.000000000000000000e+00
-2.996852000000000044e+04	0.000000000000000000e+00	0.000000000000000000e+00	4.800561540574358466e-01	0.000000000000000000e+00
-2.996850000000000000e+04	0.000000000000000000e+00	0.000000000000000000e+00	4.739524521622364150e-01	0.000000000000000000e+00
-2.996847999999999956e+04	0.000000000000000000e+00	0.000000000000000000e+00	4.736472670674764518e-01	0.000000000000000000e+00
-2.996845999999999913e+04	0.000000000000000000e+00	0.000000000000000000e+00	4.834131900997955533e-01	0.000000000000000000e+00
-2.996843000000000029e+04	0.000000000000000000e+00	0.000000000000000000e+00	4.791405987731559013e-01	0.000000000000000000e+00
-2.996840000000000146e+04	0.000000000000000000e+00	0.000000000000000000e+00	4.696798608355967630e-01	0.000000000000000000e+00
-2.996838000000000102e+04	0.000000000000000000e+00	0.000000000000000000e+00	4.751731925412762680e-01	0.000000000000000000e+00
-2.996834999999999854e+04	0.000000000000000000e+00	0.000000000000000000e+00	4.782250434888760116e-01	0.000000000000000000e+00
-2.996833000000000175e+04	0.000000000000000000e+00	0.000000000000000000e+00	4.754783776360362313e-01	0.000000000000000000e+00
-2.996831000000000131e+04	0.000000000000000000e+00	0.000000000000000000e+00	4.760887478255562133e-01	0.000000000000000000e+00
-2.996829000000000087e+04	0.000000000000000000e+00	0.000000000000000000e+00	4.754783776360362313e-01	0.000000000000000000e+00
-2.996827000000000044e+04	0.000000000000000000e+00	0.000000000000000000e+00	4.709006012146366715e-01	0.000000000000000000e+00
-2.996825000000000000e+04	0.000000000000000000e+00	0.000000000000000000e+00	4.602191228980376803e-01	0.000000000000000000e+00
-2.996820999999999913e+04	0.000000000000000000e+00	0.000000000000000000e+00	4.644917142246772768e-01	0.000000000000000000e+00
-2.996816999999999825e+04	0.000000000000000000e+00	0.000000000000000000e+00	4.611346781823175700e-01	0.000000000000000000e+00
-2.996813999999999942e+04	0.000000000000000000e+00	0.000000000000000000e+00	4.464857936338389455e-01	0.000000000000000000e+00
-2.996811999999999898e+04	0.000000000000000000e+00	0.000000000000000000e+00	4.428235724967192755e-01	0.000000000000000000e+00
-2.996809000000000015e+04	0.000000000000000000e+00	0.000000000000000000e+00	4.409924619281594405e-01	0.000000000000000000e+00
-2.996808000000000175e+04	0.000000000000000000e+00	0.000000000000000000e+00	4.391613513595996054e-01	0.000000000000000000e+00
-2.996806000000000131e+04	0.000000000000000000e+00	0.000000000000000000e+00	4.367198706015198439e-01	0.000000000000000000e+00
-2.996804000000000087e+04	0.000000000000000000e+00	0.000000000000000000e+00	4.226813562425610904e-01	0.000000000000000000e+00
-2.996802000000000044e+04	0.000000000000000000e+00	0.000000000000000000e+00	4.248176519058809442e-01	0.000000000000000000e+00
-2.996800000000000000e+04	0.000000000000000000e+00	0.000000000000000000e+00	4.287850581377605774e-01	0.000000000000000000e+00
-2.996797999999999956e+04	0.000000000000000000e+00	0.000000000000000000e+00	4.248176519058809442e-01	0.000000000000000000e+00
-2.996795000000000073e+04	0.000000000000000000e+00	0.000000000000000000e+00	4.284798730430005587e-01	0.000000000000000000e+00
-2.996791999999999825e+04	0.000000000000000000e+00	0.000000000000000000e+00	4.245124668111209254e-01	0.000000000000000000e+00
-2.996790000000000146e+04	0.000000000000000000e+00	0.000000000000000000e+00	4.358043153172398987e-01	0.000000000000000000e+00
-2.996788999999999942e+04	0.000000000000000000e+00	0.000000000000000000e+00	4.275643177587206689e-01	0.000000000000000000e+00
-2.996786999999999898e+04	0.000000000000000000e+00	0.000000000000000000e+00	4.153569139683218059e-01	0.000000000000000000e+00
-2.996784000000000015e+04	0.000000000000000000e+00	0.000000000000000000e+00	4.260383922849207972e-01	0.000000000000000000e+00
-2.996779999999999927e+04	0.000000000000000000e+00	0.000000000000000000e+00	4.199346903897213656e-01	0.000000000000000000e+00
-2.996777999999999884e+04	0.000000000000000000e+00	0.000000000000000000e+00	4.159672841578417324e-01	0.000000000000000000e+00
-2.996775999999999840e+04	0.000000000000000000e+00	0.000000000000000000e+00	4.165776543473616589e-01	0.000000000000000000e+00
-2.996775000000000000e+04	0.000000000000000000e+00	0.000000000000000000e+00	4.229865413373211092e-01	0.000000000000000000e+00
-2.996772999999999956e+04	0.000000000000000000e+00	0.000000000000000000e+00	4.263435773796807604e-01	0.000000000000000000e+00
-2.996770999999999913e+04	0.000000000000000000e+00	0.000000000000000000e+00	4.190191351054414759e-01	0.000000000000000000e+00
-2.996768000000000029e+04	0.000000000000000000e+00	0.000000000000000000e+00	4.202398754844813289e-01	0.000000000000000000e+00
-2.996765000000000146e+04	0.000000000000000000e+00	0.000000000000000000e+00	4.071169164098025206e-01	0.000000000000000000e+00
-2.996761999999999898e+04	0.000000000000000000e+00	0.000000000000000000e+00	4.123050630207220624e-01	0.000000000000000000e+00
-2.996759000000000015e+04	0.000000000000000000e+00	0.000000000000000000e+00	4.077272865993225026e-01	0.000000000000000000e+00
-2.996756000000000131e+04	0.000000000000000000e+00	0.000000000000000000e+00	4.086428418836023924e-01	0.000000000000000000e+00
-2.996754000000000087e+04	0.000000000000000000e+00	0.000000000000000000e+00	3.964354380932035293e-01	0.000000000000000000e+00
-2.996752000000000044e+04	0.000000000000000000e+00	0.000000000000000000e+00	3.903317361980040978e-01	0.000000000000000000e+00
-2.996750000000000000e+04	0.000000000000000000e+00	0.000000000000000000e+00	3.909421063875240243e-01	0.000000000000000000e+00
-2.996747999999999956e+04	0.000000000000000000e+00	0.000000000000000000e+00	3.878902554399243363e-01	0.000000000000000000e+00
-2.996745000000000073e+04	0.000000000000000000e+00	0.000000000000000000e+00	4.049806207464827223e-01	0.000000000000000000e+00
-2.996743000000000029e+04	0.000000000000000000e+00	0.000000000000000000e+00	3.888058107242042261e-01	0.000000000000000000e+00
-2.996740000000000146e+04	0.000000000000000000e+00	0.000000000000000000e+00	3.842280343028046663e-01	0.000000000000000000e+00
-2.996738000000000102e+04	0.000000000000000000e+00	0.000000000000000000e+00	3.869747001556443911e-01	0.000000000000000000e+00
-2.996736000000000058e+04	0.000000000000000000e+00	0.000000000000000000e+00	3.964354380932035293e-01	0.000000000000000000e+00
-2.996734999999999854e+04	0.000000000000000000e+00	0.000000000000000000e+00	3.912472914822839876e-01	0.000000000000000000e+00
-2.996733000000000175e+04	0.000000000000000000e+00	0.000000000000000000e+00	3.909421063875240243e-01	0.000000000000000000e+00
-2.996731999999999971e+04	0.000000000000000000e+00	0.000000000000000000e+00	3.872798852504043543e-01	0.000000000000000000e+00
-2.996729999999999927e+04	0.000000000000000000e+00	0.000000000000000000e+00	3.878902554399243363e-01	0.000000000000000000e+00
-2.996729000000000087e+04	0.000000000000000000e+00	0.000000000000000000e+00	3.869747001556443911e-01	0.000000000000000000e+00
-2.996727000000000044e+04	0.000000000000000000e+00	0.000000000000000000e+00	3.866695150608844278e-01	0.000000000000000000e+00
-2.996725999999999840e+04	0.000000000000000000e+00	0.000000000000000000e+00	3.839228492080447031e-01	0.000000000000000000e+00
-2.996724000000000160e+04	0.000000000000000000e+00	0.000000000000000000e+00	3.796502578814050510e-01	0.000000000000000000e+00
-2.996720000000000073e+04	0.000000000000000000e+00	0.000000000000000000e+00	3.942991424298837311e-01	0.000000000000000000e+00
-2.996718000000000029e+04	0.000000000000000000e+00	0.000000000000000000e+00	3.897213660084841713e-01	0.000000000000000000e+00
-2.996715999999999985e+04	0.000000000000000000e+00	0.000000000000000000e+00	3.714102603228858213e-01	0.000000000000000000e+00
-2.996713999999999942e+04	0.000000000000000000e+00	0.000000000000000000e+00	3.866695150608844278e-01	0.000000000000000000e+00
-2.996711000000000058e+04	0.000000000000000000e+00	0.000000000000000000e+00	3.762932218390453998e-01	0.000000000000000000e+00
-2.996708000000000175e+04	0.000000000000000000e+00	0.000000000000000000e+00	3.622547074800866462e-01	0.000000000000000000e+00
-2.996706999999999971e+04	0.000000000000000000e+00	0.000000000000000000e+00	3.689687795648060598e-01	0.000000000000000000e+00
-2.996704000000000087e+04	0.000000000000000000e+00	0.000000000000000000e+00	3.738517410809655828e-01	0.000000000000000000e+00
-2.996700999999999840e+04	0.000000000000000000e+00	0.000000000000000000e+00	3.796502578814050510e-01	0.000000000000000000e+00
-2.996699000000000160e+04	0.000000000000000000e+00	0.000000000000000000e+00	3.720206305124057478e-01	0.000000000000000000e+00
-2.996697000000000116e+04	0.000000000000000000e+00	0.000000000000000000e+00	3.698843348490859495e-01	0.000000000000000000e+00
-2.996695000000000073e+04	0.000000000000000000e+00	0.000000000000000000e+00	3.732413708914456563e-01	0.000000000000000000e+00
-2.996693000000000029e+04	0.000000000000000000e+00	0.000000000000000000e+00	3.799554429761650698e-01	0.000000000000000000e+00
-2.996690999999999985e+04	0.000000000000000000e+00	0.000000000000000000e+00	3.744621112704855648e-01	0.000000000000000000e+00
-2.996690000000000146e+04	0.000000000000000000e+00	0.000000000000000000e+00	3.744621112704855648e-01	0.000000000000000000e+00
-2.996688000000000102e+04	0.000000000000000000e+00	0.000000000000000000e+00	3.869747001556443911e-01	0.000000000000000000e+00
-2.996686999999999898e+04	0.000000000000000000e+00	0.000000000000000000e+00	3.683584093752861333e-01	0.000000000000000000e+00
-2.996684000000000015e+04	0.000000000000000000e+00	0.000000000000000000e+00	3.701895199438459683e-01	0.000000000000000000e+00
-2.996681000000000131e+04	0.000000000000000000e+00	0.000000000000000000e+00	3.714102603228858213e-01	0.000000000000000000e+00
-2.996679000000000087e+04	0.000000000000000000e+00	0.000000000000000000e+00	3.692739646595660230e-01	0.000000000000000000e+00
-2.996677000000000044e+04	0.000000000000000000e+00	0.000000000000000000e+00	3.653065584276863897e-01	0.000000000000000000e+00
-2.996675000000000000e+04	0.000000000000000000e+00	0.000000000000000000e+00	3.570665608691671600e-01	0.000000000000000000e+00
-2.996672000000000116e+04	0.000000000000000000e+00	0.000000000000000000e+00	3.680532242805261145e-01	0.000000000000000000e+00
-2.996668000000000029e+04	0.000000000000000000e+00	0.000000000000000000e+00	3.451643421735282602e-01	0.000000000000000000e+00
-2.996665999999999985e+04	0.000000000000000000e+00	0.000000000000000000e+00	3.421124912259285167e-01	0.000000000000000000e+00
-2.996661999999999898e+04	0.000000000000000000e+00	0.000000000000000000e+00	3.323465681936094152e-01	0.000000000000000000e+00
-2.996659999999999854e+04	0.000000000000000000e+00	0.000000000000000000e+00	3.402813806573686817e-01	0.000000000000000000e+00
-2.996658000000000175e+04	0.000000000000000000e+00	0.000000000000000000e+00	3.329569383831293417e-01	0.000000000000000000e+00
-2.996656000000000131e+04	0.000000000000000000e+00	0.000000000000000000e+00	3.421124912259285167e-01	0.000000000000000000e+00
-2.996652999999999884e+04	0.000000000000000000e+00	0.000000000000000000e+00	3.335673085726493237e-01	0.000000000000000000e+00
-2.996650999999999840e+04	0.000000000000000000e+00	0.000000000000000000e+00	3.289895321512497084e-01	0.000000000000000000e+00
-2.996649000000000160e+04	0.000000000000000000e+00	0.000000000000000000e+00	3.408917508468886637e-01	0.000000000000000000e+00
-2.996645999999999913e+04	0.000000000000000000e+00	0.000000000000000000e+00	3.350932340464491954e-01	0.000000000000000000e+00
-2.996643999999999869e+04	0.000000000000000000e+00	0.000000000000000000e+00	3.375347148045289569e-01	0.000000000000000000e+00
-2.996640999999999985e+04	0.000000000000000000e+00	0.000000000000000000e+00	3.445539719840082782e-01	0.000000000000000000e+00
-2.996638999999999942e+04	0.000000000000000000e+00	0.000000000000000000e+00	3.381450849940488834e-01	0.000000000000000000e+00
-2.996636999999999898e+04	0.000000000000000000e+00	0.000000000000000000e+00	3.256324961088900571e-01	0.000000000000000000e+00
-2.996634999999999854e+04	0.000000000000000000e+00	0.000000000000000000e+00	3.244117557298501486e-01	0.000000000000000000e+00
-2.996633000000000175e+04	0.000000000000000000e+00	0.000000000000000000e+00	3.219702749717703871e-01	0.000000000000000000e+00
-2.996631000000000131e+04	0.000000000000000000e+00	0.000000000000000000e+00	3.018280587176122576e-01	0.000000000000000000e+00
-2.996629000000000087e+04	0.000000000000000000e+00	0.000000000000000000e+00	3.192236091189306069e-01	0.000000000000000000e+00
-2.996625000000000000e+04	0.000000000000000000e+00	0.000000000000000000e+00	3.051850947599719088e-01	0.000000000000000000e+00
-2.996622000000000116e+04	0.000000000000000000e+00	0.000000000000000000e+00	3.106784264656514138e-01	0.000000000000000000e+00
-2.996620000000000073e+04	0.000000000000000000e+00	0.000000000000000000e+00	3.070162053285317438e-01	0.000000000000000000e+00
-2.996616999999999825e+04	0.000000000000000000e+00	0.000000000000000000e+00	3.003021332438123858e-01	0.000000000000000000e+00
-2.996613999999999942e+04	0.000000000000000000e+00	0.000000000000000000e+00	2.935880611590929723e-01	0.000000000000000000e+00
-2.996611000000000058e+04	0.000000000000000000e+00	0.000000000000000000e+00	2.975554673909726056e-01	0.000000000000000000e+00
-2.996609000000000015e+04	0.000000000000000000e+00	0.000000000000000000e+00	2.862636188848536878e-01	0.000000000000000000e+00
-2.996606999999999971e+04	0.000000000000000000e+00	0.000000000000000000e+00	3.021332438123722208e-01	0.000000000000000000e+00
-2.996604000000000087e+04	0.000000000000000000e+00	0.000000000000000000e+00	2.917569505905331373e-01	0.000000000000000000e+00
-2.996600000000000000e+04	0.000000000000000000e+00	0.000000000000000000e+00	2.926725058748130825e-01	0.000000000000000000e+00
-2.996597000000000116e+04	0.000000000000000000e+00	0.000000000000000000e+00	2.905362102114932843e-01	0.000000000000000000e+00
-2.996595000000000073e+04	0.000000000000000000e+00	0.000000000000000000e+00	3.051850947599719088e-01	0.000000000000000000e+00
-2.996593000000000029e+04	0.000000000000000000e+00	0.000000000000000000e+00	3.079317606128116891e-01	0.000000000000000000e+00
-2.996588999999999942e+04	0.000000000000000000e+00	0.000000000000000000e+00	3.042695394756920191e-01	0.000000000000000000e+00
-2.996586000000000058e+04	0.000000000000000000e+00	0.000000000000000000e+00	3.018280587176122576e-01	0.000000000000000000e+00
-2.996584999999999854e+04	0.000000000000000000e+00	0.000000000000000000e+00	2.914517654957731740e-01	0.000000000000000000e+00
-2.996581999999999971e+04	0.000000000000000000e+00	0.000000000000000000e+00	2.987762077700125141e-01	0.000000000000000000e+00
-2.996579000000000087e+04	0.000000000000000000e+00	0.000000000000000000e+00	3.024384289071321841e-01	0.000000000000000000e+00
-2.996575000000000000e+04	0.000000000000000000e+00	0.000000000000000000e+00	2.990813928647724773e-01	0.000000000000000000e+00
-2.996572000000000116e+04	0.000000000000000000e+00	0.000000000000000000e+00	2.896206549272133390e-01	0.000000000000000000e+00
-2.996570000000000073e+04	0.000000000000000000e+00	0.000000000000000000e+00	2.746665852839747513e-01	0.000000000000000000e+00
-2.996568000000000029e+04	0.000000000000000000e+00	0.000000000000000000e+00	2.755821405682546410e-01	0.000000000000000000e+00
-2.996563999999999942e+04	0.000000000000000000e+00	0.000000000000000000e+00	2.737510299996948060e-01	0.000000000000000000e+00
-2.996561000000000058e+04	0.000000000000000000e+00	0.000000000000000000e+00	2.725302896206549530e-01	0.000000000000000000e+00
-2.996559999999999854e+04	0.000000000000000000e+00	0.000000000000000000e+00	2.682576982940153010e-01	0.000000000000000000e+00
-2.996558000000000175e+04	0.000000000000000000e+00	0.000000000000000000e+00	2.694784386730552095e-01	0.000000000000000000e+00
-2.996554999999999927e+04	0.000000000000000000e+00	0.000000000000000000e+00	2.710043641468550812e-01	0.000000000000000000e+00
-2.996552999999999884e+04	0.000000000000000000e+00	0.000000000000000000e+00	2.697836237678151727e-01	0.000000000000000000e+00
-2.996549000000000160e+04	0.000000000000000000e+00	0.000000000000000000e+00	2.652058473464156130e-01	0.000000000000000000e+00
-2.996547000000000116e+04	0.000000000000000000e+00	0.000000000000000000e+00	2.615436262092959430e-01	0.000000000000000000e+00
-2.996543999999999869e+04	0.000000000000000000e+00	0.000000000000000000e+00	2.615436262092959430e-01	0.000000000000000000e+00
-2.996540999999999985e+04	0.000000000000000000e+00	0.000000000000000000e+00	2.563554795983764012e-01	0.000000000000000000e+00
-2.996538000000000102e+04	0.000000000000000000e+00	0.000000000000000000e+00	2.569658497878963832e-01	0.000000000000000000e+00
-2.996534000000000015e+04	0.000000000000000000e+00	0.000000000000000000e+00	2.505569627979369329e-01	0.000000000000000000e+00
-2.996531000000000131e+04	0.000000000000000000e+00	0.000000000000000000e+00	2.578814050721762730e-01	0.000000000000000000e+00
-2.996529000000000087e+04	0.000000000000000000e+00	0.000000000000000000e+00	2.621539963988158695e-01	0.000000000000000000e+00
-2.996525999999999840e+04	0.000000000000000000e+00	0.000000000000000000e+00	2.627643665883358515e-01	0.000000000000000000e+00
-2.996524000000000160e+04	0.000000000000000000e+00	0.000000000000000000e+00	2.597125156407361080e-01	0.000000000000000000e+00
-2.996522000000000116e+04	0.000000000000000000e+00	0.000000000000000000e+00	2.471999267555772539e-01	0.000000000000000000e+00
-2.996518999999999869e+04	0.000000000000000000e+00	0.000000000000000000e+00	2.615436262092959430e-01	0.000000000000000000e+00
-2.996515999999999985e+04	0.000000000000000000e+00	0.000000000000000000e+00	2.584917752616961995e-01	0.000000000000000000e+00
-2.996513000000000102e+04	0.000000000000000000e+00	0.000000000000000000e+00	2.563554795983764012e-01	0.000000000000000000e+00
-2.996511000000000058e+04	0.000000000000000000e+00	0.000000000000000000e+00	2.441480758079775382e-01	0.000000000000000000e+00
-2.996509000000000015e+04	0.000000000000000000e+00	0.000000000000000000e+00	2.404858546708578682e-01	0.000000000000000000e+00
-2.996506000000000131e+04	0.000000000000000000e+00	0.000000000000000000e+00	2.426221503341776664e-01	0.000000000000000000e+00
-2.996502000000000044e+04	0.000000000000000000e+00	0.000000000000000000e+00	2.426221503341776664e-01	0.000000000000000000e+00
-2.996497999999999956e+04	0.000000000000000000e+00	0.000000000000000000e+00	2.386547441022980331e-01	0.000000000000000000e+00
-2.996495999999999913e+04	0.000000000000000000e+00	0.000000000000000000e+00	2.426221503341776664e-01	0.000000000000000000e+00
-2.996493000000000029e+04	0.000000000000000000e+00	0.000000000000000000e+00	2.447584459974974924e-01	0.000000000000000000e+00
-2.996491999999999825e+04	0.000000000000000000e+00	0.000000000000000000e+00	2.484206671346171347e-01	0.000000000000000000e+00
-2.996488999999999942e+04	0.000000000000000000e+00	0.000000000000000000e+00	2.475051118503372172e-01	0.000000000000000000e+00
-2.996486000000000058e+04	0.000000000000000000e+00	0.000000000000000000e+00	2.417065950498977767e-01	0.000000000000000000e+00
-2.996484000000000015e+04	0.000000000000000000e+00	0.000000000000000000e+00	2.288888210699789316e-01	0.000000000000000000e+00
-2.996481000000000131e+04	0.000000000000000000e+00	0.000000000000000000e+00	2.352977080599383541e-01	0.000000000000000000e+00
-2.996479000000000087e+04	0.000000000000000000e+00	0.000000000000000000e+00	2.325510422070986016e-01	0.000000000000000000e+00
-2.996477999999999884e+04	0.000000000000000000e+00	0.000000000000000000e+00	2.395702993865779507e-01	0.000000000000000000e+00
-2.996475000000000000e+04	0.000000000000000000e+00	0.000000000000000000e+00	2.417065950498977767e-01	0.000000000000000000e+00
-2.996470999999999913e+04	0.000000000000000000e+00	0.000000000000000000e+00	2.374340037232581524e-01	0.000000000000000000e+00
-2.996466999999999825e+04	0.000000000000000000e+00	0.000000000000000000e+00	2.447584459974974924e-01	0.000000000000000000e+00
-2.996463999999999942e+04	0.000000000000000000e+00	0.000000000000000000e+00	2.395702993865779507e-01	0.000000000000000000e+00
-2.996461999999999898e+04	0.000000000000000000e+00	0.000000000000000000e+00	2.401806695760979049e-01	0.000000000000000000e+00
-2.996459999999999854e+04	0.000000000000000000e+00	0.000000000000000000e+00	2.334665974913785191e-01	0.000000000000000000e+00
-2.996458000000000175e+04	0.000000000000000000e+00	0.000000000000000000e+00	2.410962248603778224e-01	0.000000000000000000e+00
-2.996456000000000131e+04	0.000000000000000000e+00	0.000000000000000000e+00	2.301095614490188401e-01	0.000000000000000000e+00
-2.996452999999999884e+04	0.000000000000000000e+00	0.000000000000000000e+00	2.166814172795800686e-01	0.000000000000000000e+00
-2.996450999999999840e+04	0.000000000000000000e+00	0.000000000000000000e+00	2.157658619953001511e-01	0.000000000000000000e+00
-2.996449000000000160e+04	0.000000000000000000e+00	0.000000000000000000e+00	2.212591937009796561e-01	0.000000000000000000e+00
-2.996445000000000073e+04	0.000000000000000000e+00	0.000000000000000000e+00	2.169866023743400318e-01	0.000000000000000000e+00
-2.996440999999999985e+04	0.000000000000000000e+00	0.000000000000000000e+00	2.093569750053407286e-01	0.000000000000000000e+00
-2.996436999999999898e+04	0.000000000000000000e+00	0.000000000000000000e+00	2.139347514267403161e-01	0.000000000000000000e+00
-2.996434000000000015e+04	0.000000000000000000e+00	0.000000000000000000e+00	2.136295663319803528e-01	0.000000000000000000e+00
-2.996431000000000131e+04	0.000000000000000000e+00	0.000000000000000000e+00	2.114932706686605546e-01	0.000000000000000000e+00
-2.996427999999999884e+04	0.000000000000000000e+00	0.000000000000000000e+00	2.240058595538193809e-01	0.000000000000000000e+00
-2.996425000000000000e+04	0.000000000000000000e+00	0.000000000000000000e+00	2.227851191747795001e-01	0.000000000000000000e+00
-2.996422000000000116e+04	0.000000000000000000e+00	0.000000000000000000e+00	2.114932706686605546e-01	0.000000000000000000e+00
-2.996418000000000029e+04	0.000000000000000000e+00	0.000000000000000000e+00	2.075258644367809213e-01	0.000000000000000000e+00
-2.996415999999999985e+04	0.000000000000000000e+00	0.000000000000000000e+00	2.023377178258613796e-01	0.000000000000000000e+00
-2.996413999999999942e+04	0.000000000000000000e+00	0.000000000000000000e+00	2.038636432996612513e-01	0.000000000000000000e+00
-2.996411999999999898e+04	0.000000000000000000e+00	0.000000000000000000e+00	2.136295663319803528e-01	0.000000000000000000e+00
-2.996409000000000015e+04	0.000000000000000000e+00	0.000000000000000000e+00	2.059999389629810496e-01	0.000000000000000000e+00
-2.996406000000000131e+04	0.000000000000000000e+00	0.000000000000000000e+00	2.047791985839411688e-01	0.000000000000000000e+00
-2.996402000000000044e+04	0.000000000000000000e+00	0.000000000000000000e+00	2.078310495315408846e-01	0.000000000000000000e+00
-2.996399000000000160e+04	0.000000000000000000e+00	0.000000000000000000e+00	1.937925351725821588e-01	0.000000000000000000e+00
-2.996397999999999956e+04	0.000000000000000000e+00	0.000000000000000000e+00	1.928769798883022690e-01	0.000000000000000000e+00
-2.996395999999999913e+04	0.000000000000000000e+00	0.000000000000000000e+00	1.968443861201819023e-01	0.000000000000000000e+00
-2.996393000000000029e+04	0.000000000000000000e+00	0.000000000000000000e+00	2.014221625415814620e-01	0.000000000000000000e+00
-2.996390000000000146e+04	0.000000000000000000e+00	0.000000000000000000e+00	2.002014221625415813e-01	0.000000000000000000e+00
-2.996388999999999942e+04	0.000000000000000000e+00	0.000000000000000000e+00	1.858577227088228923e-01	0.000000000000000000e+00
-2.996386999999999898e+04	0.000000000000000000e+00	0.000000000000000000e+00	1.901303140354625165e-01	0.000000000000000000e+00
-2.996384999999999854e+04	0.000000000000000000e+00	0.000000000000000000e+00	1.950132755516220673e-01	0.000000000000000000e+00
-2.996381999999999971e+04	0.000000000000000000e+00	0.000000000000000000e+00	1.837214270455030940e-01	0.000000000000000000e+00
-2.996379000000000087e+04	0.000000000000000000e+00	0.000000000000000000e+00	1.971495712149418655e-01	0.000000000000000000e+00
-2.996377000000000044e+04	0.000000000000000000e+00	0.000000000000000000e+00	1.843317972350230483e-01	0.000000000000000000e+00
-2.996375000000000000e+04	0.000000000000000000e+00	0.000000000000000000e+00	1.977599414044618198e-01	0.000000000000000000e+00
-2.996372999999999956e+04	0.000000000000000000e+00	0.000000000000000000e+00	1.864680928983428465e-01	0.000000000000000000e+00
-2.996370000000000073e+04	0.000000000000000000e+00	0.000000000000000000e+00	1.815851313821832957e-01	0.000000000000000000e+00
-2.996368000000000029e+04	0.000000000000000000e+00	0.000000000000000000e+00	1.773125400555436992e-01	0.000000000000000000e+00
-2.996365999999999985e+04	0.000000000000000000e+00	0.000000000000000000e+00	1.779229102450636257e-01	0.000000000000000000e+00
-2.996363999999999942e+04	0.000000000000000000e+00	0.000000000000000000e+00	1.763969847712637817e-01	0.000000000000000000e+00
-2.996361000000000058e+04	0.000000000000000000e+00	0.000000000000000000e+00	1.763969847712637817e-01	0.000000000000000000e+00
-2.996358000000000175e+04	0.000000000000000000e+00	0.000000000000000000e+00	1.742606891079439557e-01	0.000000000000000000e+00
-2.996354999999999927e+04	0.000000000000000000e+00	0.000000000000000000e+00	1.699880977813043592e-01	0.000000000000000000e+00
-2.996352999999999884e+04	0.000000000000000000e+00	0.000000000000000000e+00	1.724295785393841485e-01	0.000000000000000000e+00
-2.996350999999999840e+04	0.000000000000000000e+00	0.000000000000000000e+00	1.675466170232245977e-01	0.000000000000000000e+00
-2.996347999999999956e+04	0.000000000000000000e+00	0.000000000000000000e+00	1.632740256965849734e-01	0.000000000000000000e+00
-2.996345000000000073e+04	0.000000000000000000e+00	0.000000000000000000e+00	1.657155064546647627e-01	0.000000000000000000e+00
-2.996343999999999869e+04	0.000000000000000000e+00	0.000000000000000000e+00	1.632740256965849734e-01	0.000000000000000000e+00
-2.996341999999999825e+04	0.000000000000000000e+00	0.000000000000000000e+00	1.678518021179845610e-01	0.000000000000000000e+00
-2.996340000000000146e+04	0.000000000000000000e+00	0.000000000000000000e+00	1.577806939909054962e-01	0.000000000000000000e+00
-2.996336999999999898e+04	0.000000000000000000e+00	0.000000000000000000e+00	1.568651387066255787e-01	0.000000000000000000e+00
-2.996334000000000015e+04	0.000000000000000000e+00	0.000000000000000000e+00	1.669362468337046435e-01	0.000000000000000000e+00
-2.996331000000000131e+04	0.000000000000000000e+00	0.000000000000000000e+00	1.638843958861049277e-01	0.000000000000000000e+00
-2.996329000000000087e+04	0.000000000000000000e+00	0.000000000000000000e+00	1.644947660756248542e-01	0.000000000000000000e+00
-2.996327000000000044e+04	0.000000000000000000e+00	0.000000000000000000e+00	1.733451338236640660e-01	0.000000000000000000e+00
-2.996325000000000000e+04	0.000000000000000000e+00	0.000000000000000000e+00	1.748710592974639100e-01	0.000000000000000000e+00
-2.996322000000000116e+04	0.000000000000000000e+00	0.000000000000000000e+00	1.742606891079439557e-01	0.000000000000000000e+00
-2.996320000000000073e+04	0.000000000000000000e+00	0.000000000000000000e+00	1.654103213599047717e-01	0.000000000000000000e+00
-2.996318000000000029e+04	0.000000000000000000e+00	0.000000000000000000e+00	1.596118045594653034e-01	0.000000000000000000e+00
-2.996315999999999985e+04	0.000000000000000000e+00	0.000000000000000000e+00	1.602221747489852577e-01	0.000000000000000000e+00
-2.996313999999999942e+04	0.000000000000000000e+00	0.000000000000000000e+00	1.562547685171056244e-01	0.000000000000000000e+00
-2.996313000000000102e+04	0.000000000000000000e+00	0.000000000000000000e+00	1.702932828760643225e-01	0.000000000000000000e+00
-2.996311000000000058e+04	0.000000000000000000e+00	0.000000000000000000e+00	1.629688406018250102e-01	0.000000000000000000e+00
-2.996309000000000015e+04	0.000000000000000000e+00	0.000000000000000000e+00	1.550340281380657437e-01	0.000000000000000000e+00
-2.996308000000000175e+04	0.000000000000000000e+00	0.000000000000000000e+00	1.553392132328257069e-01	0.000000000000000000e+00
-2.996306000000000131e+04	0.000000000000000000e+00	0.000000000000000000e+00	1.583910641804254227e-01	0.000000000000000000e+00
-2.996304999999999927e+04	0.000000000000000000e+00	0.000000000000000000e+00	1.544236579485457894e-01	0.000000000000000000e+00
-2.996302999999999884e+04	0.000000000000000000e+00	0.000000000000000000e+00	1.620532853175450927e-01	0.000000000000000000e+00
-2.996299000000000160e+04	0.000000000000000000e+00	0.000000000000000000e+00	1.550340281380657437e-01	0.000000000000000000e+00
-2.996297000000000116e+04	0.000000000000000000e+00	0.000000000000000000e+00	1.651051362651448084e-01	0.000000000000000000e+00
-2.996293999999999869e+04	0.000000000000000000e+00	0.000000000000000000e+00	1.483199560533463579e-01	0.000000000000000000e+00
-2.996290999999999985e+04	0.000000000000000000e+00	0.000000000000000000e+00	1.608325449385052119e-01	0.000000000000000000e+00
-2.996288999999999942e+04	0.000000000000000000e+00	0.000000000000000000e+00	1.504562517166661562e-01	0.000000000000000000e+00
-2.996286999999999898e+04	0.000000000000000000e+00	0.000000000000000000e+00	1.492355113376262754e-01	0.000000000000000000e+00
-2.996284000000000015e+04	0.000000000000000000e+00	0.000000000000000000e+00	1.440473647267067614e-01	0.000000000000000000e+00
-2.996281000000000131e+04	0.000000000000000000e+00	0.000000000000000000e+00	1.440473647267067614e-01	0.000000000000000000e+00
-2.996277999999999884e+04	0.000000000000000000e+00	0.000000000000000000e+00	1.437421796319467704e-01	0.000000000000000000e+00
-2.996275000000000000e+04	0.000000000000000000e+00	0.000000000000000000e+00	1.437421796319467704e-01	0.000000000000000000e+00
-2.996274000000000160e+04	0.000000000000000000e+00	0.000000000000000000e+00	1.245155186620685445e-01	0.000000000000000000e+00
-2.996272999999999956e+04	0.000000000000000000e+00	0.000000000000000000e+00	1.504562517166661562e-01	0.000000000000000000e+00
-2.996270999999999913e+04	0.000000000000000000e+00	0.000000000000000000e+00	1.501510666219061929e-01	0.000000000000000000e+00
-2.996268000000000029e+04	0.000000000000000000e+00	0.000000000000000000e+00	1.458784752952665686e-01	0.000000000000000000e+00
-2.996265999999999985e+04	0.000000000000000000e+00	0.000000000000000000e+00	1.525925473799859544e-01	0.000000000000000000e+00
-2.996263000000000102e+04	0.000000000000000000e+00	0.000000000000000000e+00	1.443525498214667246e-01	0.000000000000000000e+00
-2.996259999999999854e+04	0.000000000000000000e+00	0.000000000000000000e+00	1.416058839686269721e-01	0.000000000000000000e+00
-2.996256999999999971e+04	0.000000000000000000e+00	0.000000000000000000e+00	1.525925473799859544e-01	0.000000000000000000e+00
-2.996254999999999927e+04	0.000000000000000000e+00	0.000000000000000000e+00	1.397747734000671371e-01	0.000000000000000000e+00
-2.996252999999999884e+04	0.000000000000000000e+00	0.000000000000000000e+00	1.413006988738670089e-01	0.000000000000000000e+00
-2.996250999999999840e+04	0.000000000000000000e+00	0.000000000000000000e+00	1.342814416943876599e-01	0.000000000000000000e+00
-2.996247999999999956e+04	0.000000000000000000e+00	0.000000000000000000e+00	1.385540330210272564e-01	0.000000000000000000e+00
-2.996245999999999913e+04	0.000000000000000000e+00	0.000000000000000000e+00	1.406903286843470546e-01	0.000000000000000000e+00
-2.996243999999999869e+04	0.000000000000000000e+00	0.000000000000000000e+00	1.361125522629474671e-01	0.000000000000000000e+00
-2.996241999999999825e+04	0.000000000000000000e+00	0.000000000000000000e+00	1.419110690633869354e-01	0.000000000000000000e+00
-2.996240000000000146e+04	0.000000000000000000e+00	0.000000000000000000e+00	1.431318094424268439e-01	0.000000000000000000e+00
-2.996238000000000102e+04	0.000000000000000000e+00	0.000000000000000000e+00	1.388592181157872196e-01	0.000000000000000000e+00
-2.996236999999999898e+04	0.000000000000000000e+00	0.000000000000000000e+00	1.385540330210272564e-01	0.000000000000000000e+00
-2.996233000000000175e+04	0.000000000000000000e+00	0.000000000000000000e+00	1.452681051057466421e-01	0.000000000000000000e+00
-2.996229000000000087e+04	0.000000000000000000e+00	0.000000000000000000e+00	1.376384777367473389e-01	0.000000000000000000e+00
-2.996225999999999840e+04	0.000000000000000000e+00	0.000000000000000000e+00	1.376384777367473389e-01	0.000000000000000000e+00
-2.996224000000000160e+04	0.000000000000000000e+00	0.000000000000000000e+00	1.394695883053071739e-01	0.000000000000000000e+00
-2.996222999999999956e+04	0.000000000000000000e+00	0.000000000000000000e+00	1.336710715048677056e-01	0.000000000000000000e+00
-2.996220999999999913e+04	0.000000000000000000e+00	0.000000000000000000e+00	1.321451460310678339e-01	0.000000000000000000e+00
-2.996218000000000029e+04	0.000000000000000000e+00	0.000000000000000000e+00	1.413006988738670089e-01	0.000000000000000000e+00
-2.996215000000000146e+04	0.000000000000000000e+00	0.000000000000000000e+00	1.281777397991882006e-01	0.000000000000000000e+00
-2.996213000000000102e+04	0.000000000000000000e+00	0.000000000000000000e+00	1.272621845149082831e-01	0.000000000000000000e+00
-2.996211000000000058e+04	0.000000000000000000e+00	0.000000000000000000e+00	1.342814416943876599e-01	0.000000000000000000e+00
-2.996206999999999971e+04	0.000000000000000000e+00	0.000000000000000000e+00	1.269569994201483198e-01	0.000000000000000000e+00
-2.996204000000000087e+04	0.000000000000000000e+00	0.000000000000000000e+00	1.382488479262672931e-01	0.000000000000000000e+00
-2.996202000000000044e+04	0.000000000000000000e+00	0.000000000000000000e+00	1.287881099887081549e-01	0.000000000000000000e+00
-2.996200000000000000e+04	0.000000000000000000e+00	0.000000000000000000e+00	1.229895931882686866e-01	0.000000000000000000e+00
-2.996195999999999913e+04	0.000000000000000000e+00	0.000000000000000000e+00	1.235999633777886270e-01	0.000000000000000000e+00
-2.996193999999999869e+04	0.000000000000000000e+00	0.000000000000000000e+00	1.370281075472273846e-01	0.000000000000000000e+00
-2.996190999999999985e+04	0.000000000000000000e+00	0.000000000000000000e+00	1.272621845149082831e-01	0.000000000000000000e+00
-2.996188000000000102e+04	0.000000000000000000e+00	0.000000000000000000e+00	1.165807061983092779e-01	0.000000000000000000e+00
-2.996186999999999898e+04	0.000000000000000000e+00	0.000000000000000000e+00	1.199377422406689708e-01	0.000000000000000000e+00
-2.996184000000000015e+04	0.000000000000000000e+00	0.000000000000000000e+00	1.290932950834681181e-01	0.000000000000000000e+00
-2.996181999999999971e+04	0.000000000000000000e+00	0.000000000000000000e+00	1.342814416943876599e-01	0.000000000000000000e+00
-2.996179000000000087e+04	0.000000000000000000e+00	0.000000000000000000e+00	1.217688528092287920e-01	0.000000000000000000e+00
-2.996175999999999840e+04	0.000000000000000000e+00	0.000000000000000000e+00	1.242103335673085673e-01	0.000000000000000000e+00
-2.996172999999999956e+04	0.000000000000000000e+00	0.000000000000000000e+00	1.162755211035493008e-01	0.000000000000000000e+00
-2.996170000000000073e+04	0.000000000000000000e+00	0.000000000000000000e+00	1.153599658192693833e-01	0.000000000000000000e+00
-2.996166999999999825e+04	0.000000000000000000e+00	0.000000000000000000e+00	1.229895931882686866e-01	0.000000000000000000e+00
-2.996163999999999942e+04	0.000000000000000000e+00	0.000000000000000000e+00	1.126132999664296447e-01	0.000000000000000000e+00
-2.996161999999999898e+04	0.000000000000000000e+00	0.000000000000000000e+00	1.165807061983092779e-01	0.000000000000000000e+00
-2.996159999999999854e+04	0.000000000000000000e+00	0.000000000000000000e+00	1.126132999664296447e-01	0.000000000000000000e+00
-2.996156999999999971e+04	0.000000000000000000e+00	0.000000000000000000e+00	1.193273720511490166e-01	0.000000000000000000e+00
-2.996154999999999927e+04	0.000000000000000000e+00	0.000000000000000000e+00	1.083407086397900343e-01	0.000000000000000000e+00
-2.996152000000000044e+04	0.000000000000000000e+00	0.000000000000000000e+00	1.153599658192693833e-01	0.000000000000000000e+00
-2.996150000000000000e+04	0.000000000000000000e+00	0.000000000000000000e+00	1.202429273354289341e-01	0.000000000000000000e+00
-2.996147999999999956e+04	0.000000000000000000e+00	0.000000000000000000e+00	1.077303384502700939e-01	0.000000000000000000e+00
-2.996145000000000073e+04	0.000000000000000000e+00	0.000000000000000000e+00	1.031525620288705064e-01	0.000000000000000000e+00
-2.996143000000000029e+04	0.000000000000000000e+00	0.000000000000000000e+00	1.089510788293099747e-01	0.000000000000000000e+00
-2.996140999999999985e+04	0.000000000000000000e+00	0.000000000000000000e+00	1.046784875026703643e-01	0.000000000000000000e+00
-2.996138999999999942e+04	0.000000000000000000e+00	0.000000000000000000e+00	1.046784875026703643e-01	0.000000000000000000e+00
-2.996136999999999898e+04	0.000000000000000000e+00	0.000000000000000000e+00	1.016266365550706485e-01	0.000000000000000000e+00
-2.996134999999999854e+04	0.000000000000000000e+00	0.000000000000000000e+00	1.132236701559495851e-01	0.000000000000000000e+00
-2.996133000000000175e+04	0.000000000000000000e+00	0.000000000000000000e+00	1.104770043031098326e-01	0.000000000000000000e+00
-2.996131000000000131e+04	0.000000000000000000e+00	0.000000000000000000e+00	1.058992278817102589e-01	0.000000000000000000e+00
-2.996129000000000087e+04	0.000000000000000000e+00	0.000000000000000000e+00	1.178014465773491587e-01	0.000000000000000000e+00
-2.996127000000000044e+04	0.000000000000000000e+00	0.000000000000000000e+00	1.055940427869502818e-01	0.000000000000000000e+00
-2.996125000000000000e+04	0.000000000000000000e+00	0.000000000000000000e+00	1.046784875026703643e-01	0.000000000000000000e+00
-2.996122999999999956e+04	0.000000000000000000e+00	0.000000000000000000e+00	1.101718192083498693e-01	0.000000000000000000e+00
-2.996120000000000073e+04	0.000000000000000000e+00	0.000000000000000000e+00	1.080355235450300572e-01	0.000000000000000000e+00
-2.996116999999999825e+04	0.000000000000000000e+00	0.000000000000000000e+00	1.107821893978698097e-01	0.000000000000000000e+00
