# Profile: 047
# Date: 2026-08-03 14:03:03
# Center X: -24931.750 um
# Center Z: -29982.790 um
# Scan axis: x2
# Profile axis: z2
# Profile range: 50 um
# Profile speed: 25 um/s
# 
# main_position	sub1_position	sub2_position	signal1	signal2
0.000000000000000000e+00	0.000000000000000000e+00	0.000000000000000000e+00	0.000000000000000000e+00	0.000000000000000000e+00
0.000000000000000000e+00	0.000000000000000000e+00	0.000000000000000000e+00	0.000000000000000000e+00	0.000000000000000000e+00
0.000000000000000000e+00	0.000000000000000000e+00	0.000000000000000000e+00	0.000000000000000000e+00	0.000000000000000000e+00
0.000000000000000000e+00	0.000000000000000000e+00	0.000000000000000000e+00	0.000000000000000000e+00	0.000000000000000000e+00
0.000000000000000000e+00	0.000000000000000000e+00	0.000000000000000000e+00	0.000000000000000000e+00	0.000000000000000000e+00
0.000000000000000000e+00	0.000000000000000000e+00	0.000000000000000000e+00	0.000000000000000000e+00	0.000000000000000000e+00
0.000000000000000000e+00	0.000000000000000000e+00	0.000000000000000000e+00	0.000000000000000000e+00	0.000000000000000000e+00
0.000000000000000000e+00	0.000000000000000000e+00	0.000000000000000000e+00	0.000000000000000000e+00	0.000000000000000000e+00
0.000000000000000000e+00	0.000000000000000000e+00	0.000000000000000000e+00	0.000000000000000000e+00	0.000000000000000000e+00
0.000000000000000000e+00	0.000000000000000000e+00	0.000000000000000000e+00	0.000000000000000000e+00	0.000000000000000000e+00
0.000000000000000000e+00	0.000000000000000000e+00	0.000000000000000000e+00	0.000000000000000000e+00	0.000000000000000000e+00
0.000000000000000000e+00	0.000000000000000000e+00	0.000000000000000000e+00	0.000000000000000000e+00	0.000000000000000000e+00
0.000000000000000000e+00	0.000000000000000000e+00	0.000000000000000000e+00	0.000000000000000000e+00	0.000000000000000000e+00
0.000000000000000000e+00	0.000000000000000000e+00	0.000000000000000000e+00	0.000000000000000000e+00	0.000000000000000000e+00
0.000000000000000000e+00	0.000000000000000000e+00	0.000000000000000000e+00	0.000000000000000000e+00	0.000000000000000000e+00
0.000000000000000000e+00	0.000000000000000000e+00	0.000000000000000000e+00	0.000000000000000000e+00	0.000000000000000000e+00
0.000000000000000000e+00	0.000000000000000000e+00	0.000000000000000000e+00	0.000000000000000000e+00	0.000000000000000000e+00
0.000000000000000000e+00	0.000000000000000000e+00	0.000000000000000000e+00	0.000000000000000000e+00	0.000000000000000000e+00
0.000000000000000000e+00	0.000000000000000000e+00	0.000000000000000000e+00	0.000000000000000000e+00	0.000000000000000000e+00
0.000000000000000000e+00	0.000000000000000000e+00	0.000000000000000000e+00	0.000000000000000000e+00	0.000000000000000000e+00
0.000000000000000000e+00	0.000000000000000000e+00	0.000000000000000000e+00	0.000000000000000000e+00	0.000000000000000000e+00
0.000000000000000000e+00	0.000000000000000000e+00	0.000000000000000000e+00	0.000000000000000000e+00	0.000000000000000000e+00
0.000000000000000000e+00	0.000000000000000000e+00	0.000000000000000000e+00	0.000000000000000000e+00	0.000000000000000000e+00
0.000000000000000000e+00	0.000000000000000000e+00	0.000000000000000000e+00	0.000000000000000000e+00	0.000000000000000000e+00
0.000000000000000000e+00	0.000000000000000000e+00	0.000000000000000000e+00	0.000000000000000000e+00	0.000000000000000000e+00
0.000000000000000000e+00	0.000000000000000000e+00	0.000000000000000000e+00	0.000000000000000000e+00	0.000000000000000000e+00
0.000000000000000000e+00	0.000000000000000000e+00	0.000000000000000000e+00	0.000000000000000000e+00	0.000000000000000000e+00
0.000000000000000000e+00	0.000000000000000000e+00	0.000000000000000000e+00	0.000000000000000000e+00	0.000000000000000000e+00
0.000000000000000000e+00	0.000000000000000000e+00	0.000000000000000000e+00	0.000000000000000000e+00	0.000000000000000000e+00
0.000000000000000000e+00	0.000000000000000000e+00	0.000000000000000000e+00	0.000000000000000000e+00	0.000000000000000000e+00
0.000000000000000000e+00	0.000000000000000000e+00	0.000000000000000000e+00	0.000000000000000000e+00	0.000000000000000000e+00
0.000000000000000000e+00	0.000000000000000000e+00	0.000000000000000000e+00	0.000000000000000000e+00	0.000000000000000000e+00
0.000000000000000000e+00	0.000000000000000000e+00	0.000000000000000000e+00	0.000000000000000000e+00	0.000000000000000000e+00
0.000000000000000000e+00	0.000000000000000000e+00	0.000000000000000000e+00	0.000000000000000000e+00	0.000000000000000000e+00
0.000000000000000000e+00	0.000000000000000000e+00	0.000000000000000000e+00	0.000000000000000000e+00	0.000000000000000000e+00
0.000000000000000000e+00	0.000000000000000000e+00	0.000000000000000000e+00	0.000000000000000000e+00	0.000000000000000000e+00
0.000000000000000000e+00	0.000000000000000000e+00	0.000000000000000000e+00	0.000000000000000000e+00	0.000000000000000000e+00
0.000000000000000000e+00	0.000000000000000000e+00	0.000000000000000000e+00	0.000000000000000000e+00	0.000000000000000000e+00
0.000000000000000000e+00	0.000000000000000000e+00	0.000000000000000000e+00	0.000000000000000000e+00	0.000000000000000000e+00
0.000000000000000000e+00	0.000000000000000000e+00	0.000000000000000000e+00	0.000000000000000000e+00	0.000000000000000000e+00
0.000000000000000000e+00	0.000000000000000000e+00	0.000000000000000000e+00	0.000000000000000000e+00	0.000000000000000000e+00
0.000000000000000000e+00	0.000000000000000000e+00	0.000000000000000000e+00	0.000000000000000000e+00	0.000000000000000000e+00
0.000000000000000000e+00	0.000000000000000000e+00	0.000000000000000000e+00	0.000000000000000000e+00	0.000000000000000000e+00
0.000000000000000000e+00	0.000000000000000000e+00	0.000000000000000000e+00	0.000000000000000000e+00	0.000000000000000000e+00
0.000000000000000000e+00	0.000000000000000000e+00	0.000000000000000000e+00	0.000000000000000000e+00	0.000000000000000000e+00
0.000000000000000000e+00	0.000000000000000000e+00	0.000000000000000000e+00	0.000000000000000000e+00	0.000000000000000000e+00
0.000000000000000000e+00	0.000000000000000000e+00	0.000000000000000000e+00	0.000000000000000000e+00	0.000000000000000000e+00
0.000000000000000000e+00	0.000000000000000000e+00	0.000000000000000000e+00	0.000000000000000000e+00	0.000000000000000000e+00
0.000000000000000000e+00	0.000000000000000000e+00	0.000000000000000000e+00	0.000000000000000000e+00	0.000000000000000000e+00
0.000000000000000000e+00	0.000000000000000000e+00	0.000000000000000000e+00	0.000000000000000000e+00	0.000000000000000000e+00
0.000000000000000000e+00	0.000000000000000000e+00	0.000000000000000000e+00	0.000000000000000000e+00	0.000000000000000000e+00
0.000000000000000000e+00	0.000000000000000000e+00	0.000000000000000000e+00	0.000000000000000000e+00	0.000000000000000000e+00
0.000000000000000000e+00	0.000000000000000000e+00	0.000000000000000000e+00	0.000000000000000000e+00	0.000000000000000000e+00
0.000000000000000000e+00	0.000000000000000000e+00	0.000000000000000000e+00	0.000000000000000000e+00	0.000000000000000000e+00
0.000000000000000000e+00	0.000000000000000000e+00	0.000000000000000000e+00	0.000000000000000000e+00	0.000000000000000000e+00
0.000000000000000000e+00	0.000000000000000000e+00	0.000000000000000000e+00	0.000000000000000000e+00	0.000000000000000000e+00
0.000000000000000000e+00	0.000000000000000000e+00	0.000000000000000000e+00	0.000000000000000000e+00	0.000000000000000000e+00
0.000000000000000000e+00	0.000000000000000000e+00	0.000000000000000000e+00	0.000000000000000000e+00	0.000000000000000000e+00
0.000000000000000000e+00	0.000000000000000000e+00	0.000000000000000000e+00	0.000000000000000000e+00	0.000000000000000000e+00
0.000000000000000000e+00	0.000000000000000000e+00	0.000000000000000000e+00	0.000000000000000000e+00	0.000000000000000000e+00
0.000000000000000000e+00	0.000000000000000000e+00	0.000000000000000000e+00	0.000000000000000000e+00	0.000000000000000000e+00
0.000000000000000000e+00	0.000000000000000000e+00	0.000000000000000000e+00	0.000000000000000000e+00	0.000000000000000000e+00
0.000000000000000000e+00	0.000000000000000000e+00	0.000000000000000000e+00	0.000000000000000000e+00	0.000000000000000000e+00
0.000000000000000000e+00	0.000000000000000000e+00	0.000000000000000000e+00	0.000000000000000000e+00	0.000000000000000000e+00
0.000000000000000000e+00	0.000000000000000000e+00	0.000000000000000000e+00	0.000000000000000000e+00	0.000000000000000000e+00
0.000000000000000000e+00	0.000000000000000000e+00	0.000000000000000000e+00	0.000000000000000000e+00	0.000000000000000000e+00
0.000000000000000000e+00	0.000000000000000000e+00	0.000000000000000000e+00	0.000000000000000000e+00	0.000000000000000000e+00
0.000000000000000000e+00	0.000000000000000000e+00	0.000000000000000000e+00	0.000000000000000000e+00	0.000000000000000000e+00
0.000000000000000000e+00	0.000000000000000000e+00	0.000000000000000000e+00	0.000000000000000000e+00	0.000000000000000000e+00
0.000000000000000000e+00	0.000000000000000000e+00	0.000000000000000000e+00	0.000000000000000000e+00	0.000000000000000000e+00
0.000000000000000000e+00	0.000000000000000000e+00	0.000000000000000000e+00	0.000000000000000000e+00	0.000000000000000000e+00
0.000000000000000000e+00	0.000000000000000000e+00	0.000000000000000000e+00	0.000000000000000000e+00	0.000000000000000000e+00
0.000000000000000000e+00	0.000000000000000000e+00	0.000000000000000000e+00	0.000000000000000000e+00	0.000000000000000000e+00
0.000000000000000000e+00	0.000000000000000000e+00	0.000000000000000000e+00	0.000000000000000000e+00	0.000000000000000000e+00
0.000000000000000000e+00	0.000000000000000000e+00	0.000000000000000000e+00	0.000000000000000000e+00	0.000000000000000000e+00
0.000000000000000000e+00	0.000000000000000000e+00	0.000000000000000000e+00	0.000000000000000000e+00	0.000000000000000000e+00
0.000000000000000000e+00	0.000000000000000000e+00	0.000000000000000000e+00	0.000000000000000000e+00	0.000000000000000000e+00
0.000000000000000000e+00	0.000000000000000000e+00	0.000000000000000000e+00	0.000000000000000000e+00	0.000000000000000000e+00
0.000000000000000000e+00	0.000000000000000000e+00	0.000000000000000000e+00	0.000000000000000000e+00	0.000000000000000000e+00
0.000000000000000000e+00	0.000000000000000000e+00	0.000000000000000000e+00	0.000000000000000000e+00	0.000000000000000000e+00
0.000000000000000000e+00	0.000000000000000000e+00	0.000000000000000000e+00	0.000000000000000000e+00	0.000000000000000000e+00
0.000000000000000000e+00	0.000000000000000000e+00	0.000000000000000000e+00	0.000000000000000000e+00	0.000000000000000000e+00
0.000000000000000000e+00	0.000000000000000000e+00	0.000000000000000000e+00	0.000000000000000000e+00	0.000000000000000000e+00
0.000000000000000000e+00	0.000000000000000000e+00	0.000000000000000000e+00	0.000000000000000000e+00	0.000000000000000000e+00
0.000000000000000000e+00	0.000000000000000000e+00	0.000000000000000000e+00	0.000000000000000000e+00	0.000000000000000000e+00
0.000000000000000000e+00	0.000000000000000000e+00	0.000000000000000000e+00	0.000000000000000000e+00	0.000000000000000000e+00
0.000000000000000000e+00	0.000000000000000000e+00	0.000000000000000000e+00	0.000000000000000000e+00	0.000000000000000000e+00
0.000000000000000000e+00	0.000000000000000000e+00	0.000000000000000000e+00	0.000000000000000000e+00	0.000000000000000000e+00
0.000000000000000000e+00	0.000000000000000000e+00	0.000000000000000000e+00	0.000000000000000000e+00	0.000000000000000000e+00
0.000000000000000000e+00	0.000000000000000000e+00	0.000000000000000000e+00	0.000000000000000000e+00	0.000000000000000000e+00
0.000000000000000000e+00	0.000000000000000000e+00	0.000000000000000000e+00	0.000000000000000000e+00	0.000000000000000000e+00
0.000000000000000000e+00	0.000000000000000000e+00	0.000000000000000000e+00	0.000000000000000000e+00	0.000000000000000000e+00
0.000000000000000000e+00	0.000000000000000000e+00	0.000000000000000000e+00	0.000000000000000000e+00	0.000000000000000000e+00
0.000000000000000000e+00	0.000000000000000000e+00	0.000000000000000000e+00	0.000000000000000000e+00	0.000000000000000000e+00
0.000000000000000000e+00	0.000000000000000000e+00	0.000000000000000000e+00	0.000000000000000000e+00	0.000000000000000000e+00
0.000000000000000000e+00	0.000000000000000000e+00	0.000000000000000000e+00	0.000000000000000000e+00	0.000000000000000000e+00
0.000000000000000000e+00	0.000000000000000000e+00	0.000000000000000000e+00	0.000000000000000000e+00	0.000000000000000000e+00
0.000000000000000000e+00	0.000000000000000000e+00	0.000000000000000000e+00	0.000000000000000000e+00	0.000000000000000000e+00
0.000000000000000000e+00	0.000000000000000000e+00	0.000000000000000000e+00	0.000000000000000000e+00	0.000000000000000000e+00
0.000000000000000000e+00	0.000000000000000000e+00	0.000000000000000000e+00	0.000000000000000000e+00	0.000000000000000000e+00
0.000000000000000000e+00	0.000000000000000000e+00	0.000000000000000000e+00	0.000000000000000000e+00	0.000000000000000000e+00
0.000000000000000000e+00	0.000000000000000000e+00	0.000000000000000000e+00	0.000000000000000000e+00	0.000000000000000000e+00
0.000000000000000000e+00	0.000000000000000000e+00	0.000000000000000000e+00	0.000000000000000000e+00	0.000000000000000000e+00
0.000000000000000000e+00	0.000000000000000000e+00	0.000000000000000000e+00	0.000000000000000000e+00	0.000000000000000000e+00
0.000000000000000000e+00	0.000000000000000000e+00	0.000000000000000000e+00	0.000000000000000000e+00	0.000000000000000000e+00
0.000000000000000000e+00	0.000000000000000000e+00	0.000000000000000000e+00	0.000000000000000000e+00	0.000000000000000000e+00
0.000000000000000000e+00	0.000000000000000000e+00	0.000000000000000000e+00	0.000000000000000000e+00	0.000000000000000000e+00
0.000000000000000000e+00	0.000000000000000000e+00	0.000000000000000000e+00	0.000000000000000000e+00	0.000000000000000000e+00
0.000000000000000000e+00	0.000000000000000000e+00	0.000000000000000000e+00	0.000000000000000000e+00	0.000000000000000000e+00
0.000000000000000000e+00	0.000000000000000000e+00	0.000000000000000000e+00	0.000000000000000000e+00	0.000000000000000000e+00
0.000000000000000000e+00	0.000000000000000000e+00	0.000000000000000000e+00	0.000000000000000000e+00	0.000000000000000000e+00
0.000000000000000000e+00	0.000000000000000000e+00	0.000000000000000000e+00	0.000000000000000000e+00	0.000000000000000000e+00
0.000000000000000000e+00	0.000000000000000000e+00	0.000000000000000000e+00	0.000000000000000000e+00	0.000000000000000000e+00
0.000000000000000000e+00	0.000000000000000000e+00	0.000000000000000000e+00	0.000000000000000000e+00	0.000000000000000000e+00
0.000000000000000000e+00	0.000000000000000000e+00	0.000000000000000000e+00	0.000000000000000000e+00	0.000000000000000000e+00
0.000000000000000000e+00	0.000000000000000000e+00	0.000000000000000000e+00	0.000000000000000000e+00	0.000000000000000000e+00
0.000000000000000000e+00	0.000000000000000000e+00	0.000000000000000000e+00	0.000000000000000000e+00	0.000000000000000000e+00
0.000000000000000000e+00	0.000000000000000000e+00	0.000000000000000000e+00	0.000000000000000000e+00	0.000000000000000000e+00
0.000000000000000000e+00	0.000000000000000000e+00	0.000000000000000000e+00	0.000000000000000000e+00	0.000000000000000000e+00
0.000000000000000000e+00	0.000000000000000000e+00	0.000000000000000000e+00	0.000000000000000000e+00	0.000000000000000000e+00
0.000000000000000000e+00	0.000000000000000000e+00	0.000000000000000000e+00	0.000000000000000000e+00	0.000000000000000000e+00
0.000000000000000000e+00	0.000000000000000000e+00	0.000000000000000000e+00	0.000000000000000000e+00	0.000000000000000000e+00
0.000000000000000000e+00	0.000000000000000000e+00	0.000000000000000000e+00	0.000000000000000000e+00	0.000000000000000000e+00
0.000000000000000000e+00	0.000000000000000000e+00	0.000000000000000000e+00	0.000000000000000000e+00	0.000000000000000000e+00
0.000000000000000000e+00	0.000000000000000000e+00	0.000000000000000000e+00	0.000000000000000000e+00	0.000000000000000000e+00
0.000000000000000000e+00	0.000000000000000000e+00	0.000000000000000000e+00	0.000000000000000000e+00	0.000000000000000000e+00
0.000000000000000000e+00	0.000000000000000000e+00	0.000000000000000000e+00	0.000000000000000000e+00	0.000000000000000000e+00
0.000000000000000000e+00	0.000000000000000000e+00	0.000000000000000000e+00	0.000000000000000000e+00	0.000000000000000000e+00
0.000000000000000000e+00	0.000000000000000000e+00	0.000000000000000000e+00	0.000000000000000000e+00	0.000000000000000000e+00
0.000000000000000000e+00	0.000000000000000000e+00	0.000000000000000000e+00	0.000000000000000000e+00	0.000000000000000000e+00
0.000000000000000000e+00	0.000000000000000000e+00	0.000000000000000000e+00	0.000000000000000000e+00	0.000000000000000000e+00
0.000000000000000000e+00	0.000000000000000000e+00	0.000000000000000000e+00	0.000000000000000000e+00	0.000000000000000000e+00
0.000000000000000000e+00	0.000000000000000000e+00	0.000000000000000000e+00	0.000000000000000000e+00	0.000000000000000000e+00
0.000000000000000000e+00	0.000000000000000000e+00	0.000000000000000000e+00	0.000000000000000000e+00	0.000000000000000000e+00
0.000000000000000000e+00	0.000000000000000000e+00	0.000000000000000000e+00	0.000000000000000000e+00	0.000000000000000000e+00
0.000000000000000000e+00	0.000000000000000000e+00	0.000000000000000000e+00	0.000000000000000000e+00	0.000000000000000000e+00
0.000000000000000000e+00	0.000000000000000000e+00	0.000000000000000000e+00	0.000000000000000000e+00	0.000000000000000000e+00
0.000000000000000000e+00	0.000000000000000000e+00	0.000000000000000000e+00	0.000000000000000000e+00	0.000000000000000000e+00
0.000000000000000000e+00	0.000000000000000000e+00	0.000000000000000000e+00	0.000000000000000000e+00	0.000000000000000000e+00
0.000000000000000000e+00	0.000000000000000000e+00	0.000000000000000000e+00	0.000000000000000000e+00	0.000000000000000000e+00
0.000000000000000000e+00	0.000000000000000000e+00	0.000000000000000000e+00	0.000000000000000000e+00	0.000000000000000000e+00
0.000000000000000000e+00	0.000000000000000000e+00	0.000000000000000000e+00	0.000000000000000000e+00	0.000000000000000000e+00
0.000000000000000000e+00	0.000000000000000000e+00	0.000000000000000000e+00	0.000000000000000000e+00	0.000000000000000000e+00
0.000000000000000000e+00	0.000000000000000000e+00	0.000000000000000000e+00	0.000000000000000000e+00	0.000000000000000000e+00
0.000000000000000000e+00	0.000000000000000000e+00	0.000000000000000000e+00	0.000000000000000000e+00	0.000000000000000000e+00
0.000000000000000000e+00	0.000000000000000000e+00	0.000000000000000000e+00	0.000000000000000000e+00	0.000000000000000000e+00
0.000000000000000000e+00	0.000000000000000000e+00	0.000000000000000000e+00	0.000000000000000000e+00	0.000000000000000000e+00
0.000000000000000000e+00	0.000000000000000000e+00	0.000000000000000000e+00	0.000000000000000000e+00	0.000000000000000000e+00
0.000000000000000000e+00	0.000000000000000000e+00	0.000000000000000000e+00	0.000000000000000000e+00	0.000000000000000000e+00
0.000000000000000000e+00	0.000000000000000000e+00	0.000000000000000000e+00	0.000000000000000000e+00	0.000000000000000000e+00
0.000000000000000000e+00	0.000000000000000000e+00	0.000000000000000000e+00	0.000000000000000000e+00	0.000000000000000000e+00
0.000000000000000000e+00	0.000000000000000000e+00	0.000000000000000000e+00	0.000000000000000000e+00	0.000000000000000000e+00
0.000000000000000000e+00	0.000000000000000000e+00	0.000000000000000000e+00	0.000000000000000000e+00	0.000000000000000000e+00
0.000000000000000000e+00	0.000000000000000000e+00	0.000000000000000000e+00	0.000000000000000000e+00	0.000000000000000000e+00
0.000000000000000000e+00	0.000000000000000000e+00	0.000000000000000000e+00	0.000000000000000000e+00	0.000000000000000000e+00
0.000000000000000000e+00	0.000000000000000000e+00	0.000000000000000000e+00	0.000000000000000000e+00	0.000000000000000000e+00
0.000000000000000000e+00	0.000000000000000000e+00	0.000000000000000000e+00	0.000000000000000000e+00	0.000000000000000000e+00
0.000000000000000000e+00	0.000000000000000000e+00	0.000000000000000000e+00	0.000000000000000000e+00	0.000000000000000000e+00
0.000000000000000000e+00	0.000000000000000000e+00	0.000000000000000000e+00	0.000000000000000000e+00	0.000000000000000000e+00
0.000000000000000000e+00	0.000000000000000000e+00	0.000000000000000000e+00	0.000000000000000000e+00	0.000000000000000000e+00
0.000000000000000000e+00	0.000000000000000000e+00	0.000000000000000000e+00	0.000000000000000000e+00	0.000000000000000000e+00
0.000000000000000000e+00	0.000000000000000000e+00	0.000000000000000000e+00	0.000000000000000000e+00	0.000000000000000000e+00
0.000000000000000000e+00	0.000000000000000000e+00	0.000000000000000000e+00	0.000000000000000000e+00	0.000000000000000000e+00
0.000000000000000000e+00	0.000000000000000000e+00	0.000000000000000000e+00	0.000000000000000000e+00	0.000000000000000000e+00
0.000000000000000000e+00	0.000000000000000000e+00	0.000000000000000000e+00	0.000000000000000000e+00	0.000000000000000000e+00
0.000000000000000000e+00	0.000000000000000000e+00	0.000000000000000000e+00	0.000000000000000000e+00	0.000000000000000000e+00
0.000000000000000000e+00	0.000000000000000000e+00	0.000000000000000000e+00	0.000000000000000000e+00	0.000000000000000000e+00
0.000000000000000000e+00	0.000000000000000000e+00	0.000000000000000000e+00	0.000000000000000000e+00	0.000000000000000000e+00
0.000000000000000000e+00	0.000000000000000000e+00	0.000000000000000000e+00	0.000000000000000000e+00	0.000000000000000000e+00
0.000000000000000000e+00	0.000000000000000000e+00	0.000000000000000000e+00	0.000000000000000000e+00	0.000000000000000000e+00
0.000000000000000000e+00	0.000000000000000000e+00	0.000000000000000000e+00	0.000000000000000000e+00	0.000000000000000000e+00
0.000000000000000000e+00	0.000000000000000000e+00	0.000000000000000000e+00	0.000000000000000000e+00	0.000000000000000000e+00
0.000000000000000000e+00	0.000000000000000000e+00	0.000000000000000000e+00	0.000000000000000000e+00	0.000000000000000000e+00
0.000000000000000000e+00	0.000000000000000000e+00	0.000000000000000000e+00	0.000000000000000000e+00	0.000000000000000000e+00
0.000000000000000000e+00	0.000000000000000000e+00	0.000000000000000000e+00	0.000000000000000000e+00	0.000000000000000000e+00
0.000000000000000000e+00	0.000000000000000000e+00	0.000000000000000000e+00	0.000000000000000000e+00	0.000000000000000000e+00
0.000000000000000000e+00	0.000000000000000000e+00	0.000000000000000000e+00	0.000000000000000000e+00	0.000000000000000000e+00
0.000000000000000000e+00	0.000000000000000000e+00	0.000000000000000000e+00	0.000000000000000000e+00	0.000000000000000000e+00
0.000000000000000000e+00	0.000000000000000000e+00	0.000000000000000000e+00	0.000000000000000000e+00	0.000000000000000000e+00
0.000000000000000000e+00	0.000000000000000000e+00	0.000000000000000000e+00	0.000000000000000000e+00	0.000000000000000000e+00
0.000000000000000000e+00	0.000000000000000000e+00	0.000000000000000000e+00	0.000000000000000000e+00	0.000000000000000000e+00
0.000000000000000000e+00	0.000000000000000000e+00	0.000000000000000000e+00	0.000000000000000000e+00	0.000000000000000000e+00
0.000000000000000000e+00	0.000000000000000000e+00	0.000000000000000000e+00	0.000000000000000000e+00	0.000000000000000000e+00
0.000000000000000000e+00	0.000000000000000000e+00	0.000000000000000000e+00	0.000000000000000000e+00	0.000000000000000000e+00
0.000000000000000000e+00	0.000000000000000000e+00	0.000000000000000000e+00	0.000000000000000000e+00	0.000000000000000000e+00
0.000000000000000000e+00	0.000000000000000000e+00	0.000000000000000000e+00	0.000000000000000000e+00	0.000000000000000000e+00
0.000000000000000000e+00	0.000000000000000000e+00	0.000000000000000000e+00	0.000000000000000000e+00	0.000000000000000000e+00
0.000000000000000000e+00	0.000000000000000000e+00	0.000000000000000000e+00	0.000000000000000000e+00	0.000000000000000000e+00
0.000000000000000000e+00	0.000000000000000000e+00	0.000000000000000000e+00	0.000000000000000000e+00	0.000000000000000000e+00
0.000000000000000000e+00	0.000000000000000000e+00	0.000000000000000000e+00	0.000000000000000000e+00	0.000000000000000000e+00
0.000000000000000000e+00	0.000000000000000000e+00	0.000000000000000000e+00	0.000000000000000000e+00	0.000000000000000000e+00
0.000000000000000000e+00	0.000000000000000000e+00	0.000000000000000000e+00	0.000000000000000000e+00	0.000000000000000000e+00
0.000000000000000000e+00	0.000000000000000000e+00	0.000000000000000000e+00	0.000000000000000000e+00	0.000000000000000000e+00
0.000000000000000000e+00	0.000000000000000000e+00	0.000000000000000000e+00	0.000000000000000000e+00	0.000000000000000000e+00
0.000000000000000000e+00	0.000000000000000000e+00	0.000000000000000000e+00	0.000000000000000000e+00	0.000000000000000000e+00
0.000000000000000000e+00	0.000000000000000000e+00	0.000000000000000000e+00	0.000000000000000000e+00	0.000000000000000000e+00
0.000000000000000000e+00	0.000000000000000000e+00	0.000000000000000000e+00	0.000000000000000000e+00	0.000000000000000000e+00
0.000000000000000000e+00	0.000000000000000000e+00	0.000000000000000000e+00	0.000000000000000000e+00	0.000000000000000000e+00
0.000000000000000000e+00	0.000000000000000000e+00	0.000000000000000000e+00	0.000000000000000000e+00	0.000000000000000000e+00
0.000000000000000000e+00	0.000000000000000000e+00	0.000000000000000000e+00	0.000000000000000000e+00	0.000000000000000000e+00
0.000000000000000000e+00	0.000000000000000000e+00	0.000000000000000000e+00	0.000000000000000000e+00	0.000000000000000000e+00
0.000000000000000000e+00	0.000000000000000000e+00	0.000000000000000000e+00	0.000000000000000000e+00	0.000000000000000000e+00
0.000000000000000000e+00	0.000000000000000000e+00	0.000000000000000000e+00	0.000000000000000000e+00	0.000000000000000000e+00
0.000000000000000000e+00	0.000000000000000000e+00	0.000000000000000000e+00	0.000000000000000000e+00	0.000000000000000000e+00
0.000000000000000000e+00	0.000000000000000000e+00	0.000000000000000000e+00	0.000000000000000000e+00	0.000000000000000000e+00
0.000000000000000000e+00	0.000000000000000000e+00	0.000000000000000000e+00	0.000000000000000000e+00	0.000000000000000000e+00
0.000000000000000000e+00	0.000000000000000000e+00	0.000000000000000000e+00	0.000000000000000000e+00	0.000000000000000000e+00
0.000000000000000000e+00	0.000000000000000000e+00	0.000000000000000000e+00	0.000000000000000000e+00	0.000000000000000000e+00
0.000000000000000000e+00	0.000000000000000000e+00	0.000000000000000000e+00	0.000000000000000000e+00	0.000000000000000000e+00
0.000000000000000000e+00	0.000000000000000000e+00	0.000000000000000000e+00	0.000000000000000000e+00	0.000000000000000000e+00
0.000000000000000000e+00	0.000000000000000000e+00	0.000000000000000000e+00	0.000000000000000000e+00	0.000000000000000000e+00
0.000000000000000000e+00	0.000000000000000000e+00	0.000000000000000000e+00	0.000000000000000000e+00	0.000000000000000000e+00
0.000000000000000000e+00	0.000000000000000000e+00	0.000000000000000000e+00	0.000000000000000000e+00	0.000000000000000000e+00
0.000000000000000000e+00	0.000000000000000000e+00	0.000000000000000000e+00	0.000000000000000000e+00	0.000000000000000000e+00
0.000000000000000000e+00	0.000000000000000000e+00	0.000000000000000000e+00	0.000000000000000000e+00	0.000000000000000000e+00
0.000000000000000000e+00	0.000000000000000000e+00	0.000000000000000000e+00	0.000000000000000000e+00	0.000000000000000000e+00
0.000000000000000000e+00	0.000000000000000000e+00	0.000000000000000000e+00	0.000000000000000000e+00	0.000000000000000000e+00
0.000000000000000000e+00	0.000000000000000000e+00	0.000000000000000000e+00	0.000000000000000000e+00	0.000000000000000000e+00
0.000000000000000000e+00	0.000000000000000000e+00	0.000000000000000000e+00	0.000000000000000000e+00	0.000000000000000000e+00
0.000000000000000000e+00	0.000000000000000000e+00	0.000000000000000000e+00	0.000000000000000000e+00	0.000000000000000000e+00
0.000000000000000000e+00	0.000000000000000000e+00	0.000000000000000000e+00	0.000000000000000000e+00	0.000000000000000000e+00
0.000000000000000000e+00	0.000000000000000000e+00	0.000000000000000000e+00	0.000000000000000000e+00	0.000000000000000000e+00
0.000000000000000000e+00	0.000000000000000000e+00	0.000000000000000000e+00	0.000000000000000000e+00	0.000000000000000000e+00
0.000000000000000000e+00	0.000000000000000000e+00	0.000000000000000000e+00	0.000000000000000000e+00	0.000000000000000000e+00
0.000000000000000000e+00	0.000000000000000000e+00	0.000000000000000000e+00	0.000000000000000000e+00	0.000000000000000000e+00
0.000000000000000000e+00	0.000000000000000000e+00	0.000000000000000000e+00	0.000000000000000000e+00	0.000000000000000000e+00
0.000000000000000000e+00	0.000000000000000000e+00	0.000000000000000000e+00	0.000000000000000000e+00	0.000000000000000000e+00
0.000000000000000000e+00	0.000000000000000000e+00	0.000000000000000000e+00	0.000000000000000000e+00	0.000000000000000000e+00
0.000000000000000000e+00	0.000000000000000000e+00	0.000000000000000000e+00	0.000000000000000000e+00	0.000000000000000000e+00
0.000000000000000000e+00	0.000000000000000000e+00	0.000000000000000000e+00	0.000000000000000000e+00	0.000000000000000000e+00
0.000000000000000000e+00	0.000000000000000000e+00	0.000000000000000000e+00	0.000000000000000000e+00	0.000000000000000000e+00
0.000000000000000000e+00	0.000000000000000000e+00	0.000000000000000000e+00	0.000000000000000000e+00	0.000000000000000000e+00
0.000000000000000000e+00	0.000000000000000000e+00	0.000000000000000000e+00	0.000000000000000000e+00	0.000000000000000000e+00
0.000000000000000000e+00	0.000000000000000000e+00	0.000000000000000000e+00	0.000000000000000000e+00	0.000000000000000000e+00
0.000000000000000000e+00	0.000000000000000000e+00	0.000000000000000000e+00	0.000000000000000000e+00	0.000000000000000000e+00
0.000000000000000000e+00	0.000000000000000000e+00	0.000000000000000000e+00	0.000000000000000000e+00	0.000000000000000000e+00
0.000000000000000000e+00	0.000000000000000000e+00	0.000000000000000000e+00	0.000000000000000000e+00	0.000000000000000000e+00
0.000000000000000000e+00	0.000000000000000000e+00	0.000000000000000000e+00	0.000000000000000000e+00	0.000000000000000000e+00
0.000000000000000000e+00	0.000000000000000000e+00	0.000000000000000000e+00	0.000000000000000000e+00	0.000000000000000000e+00
0.000000000000000000e+00	0.000000000000000000e+00	0.000000000000000000e+00	0.000000000000000000e+00	0.000000000000000000e+00
0.000000000000000000e+00	0.000000000000000000e+00	0.000000000000000000e+00	0.000000000000000000e+00	0.000000000000000000e+00
0.000000000000000000e+00	0.000000000000000000e+00	0.000000000000000000e+00	0.000000000000000000e+00	0.000000000000000000e+00
0.000000000000000000e+00	0.000000000000000000e+00	0.000000000000000000e+00	0.000000000000000000e+00	0.000000000000000000e+00
0.000000000000000000e+00	0.000000000000000000e+00	0.000000000000000000e+00	0.000000000000000000e+00	0.000000000000000000e+00
0.000000000000000000e+00	0.000000000000000000e+00	0.000000000000000000e+00	0.000000000000000000e+00	0.000000000000000000e+00
0.000000000000000000e+00	0.000000000000000000e+00	0.000000000000000000e+00	0.000000000000000000e+00	0.000000000000000000e+00
0.000000000000000000e+00	0.000000000000000000e+00	0.000000000000000000e+00	0.000000000000000000e+00	0.000000000000000000e+00
0.000000000000000000e+00	0.000000000000000000e+00	0.000000000000000000e+00	0.000000000000000000e+00	0.000000000000000000e+00
0.000000000000000000e+00	0.000000000000000000e+00	0.000000000000000000e+00	0.000000000000000000e+00	0.000000000000000000e+00
0.000000000000000000e+00	0.000000000000000000e+00	0.000000000000000000e+00	0.000000000000000000e+00	0.000000000000000000e+00
0.000000000000000000e+00	0.000000000000000000e+00	0.000000000000000000e+00	0.000000000000000000e+00	0.000000000000000000e+00
0.000000000000000000e+00	0.000000000000000000e+00	0.000000000000000000e+00	0.000000000000000000e+00	0.000000000000000000e+00
0.000000000000000000e+00	0.000000000000000000e+00	0.000000000000000000e+00	0.000000000000000000e+00	0.000000000000000000e+00
0.000000000000000000e+00	0.000000000000000000e+00	0.000000000000000000e+00	0.000000000000000000e+00	0.000000000000000000e+00
0.000000000000000000e+00	0.000000000000000000e+00	0.000000000000000000e+00	0.000000000000000000e+00	0.000000000000000000e+00
0.000000000000000000e+00	0.000000000000000000e+00	0.000000000000000000e+00	0.000000000000000000e+00	0.000000000000000000e+00
0.000000000000000000e+00	0.000000000000000000e+00	0.000000000000000000e+00	0.000000000000000000e+00	0.000000000000000000e+00
0.000000000000000000e+00	0.000000000000000000e+00	0.000000000000000000e+00	0.000000000000000000e+00	0.000000000000000000e+00
0.000000000000000000e+00	0.000000000000000000e+00	0.000000000000000000e+00	0.000000000000000000e+00	0.000000000000000000e+00
0.000000000000000000e+00	0.000000000000000000e+00	0.000000000000000000e+00	0.000000000000000000e+00	0.000000000000000000e+00
0.000000000000000000e+00	0.000000000000000000e+00	0.000000000000000000e+00	0.000000000000000000e+00	0.000000000000000000e+00
0.000000000000000000e+00	0.000000000000000000e+00	0.000000000000000000e+00	0.000000000000000000e+00	0.000000000000000000e+00
0.000000000000000000e+00	0.000000000000000000e+00	0.000000000000000000e+00	0.000000000000000000e+00	0.000000000000000000e+00
0.000000000000000000e+00	0.000000000000000000e+00	0.000000000000000000e+00	0.000000000000000000e+00	0.000000000000000000e+00
0.000000000000000000e+00	0.000000000000000000e+00	0.000000000000000000e+00	0.000000000000000000e+00	0.000000000000000000e+00
0.000000000000000000e+00	0.000000000000000000e+00	0.000000000000000000e+00	0.000000000000000000e+00	0.000000000000000000e+00
0.000000000000000000e+00	0.000000000000000000e+00	0.000000000000000000e+00	0.000000000000000000e+00	0.000000000000000000e+00
0.000000000000000000e+00	0.000000000000000000e+00	0.000000000000000000e+00	0.000000000000000000e+00	0.000000000000000000e+00
0.000000000000000000e+00	0.000000000000000000e+00	0.000000000000000000e+00	0.000000000000000000e+00	0.000000000000000000e+00
0.000000000000000000e+00	0.000000000000000000e+00	0.000000000000000000e+00	0.000000000000000000e+00	0.000000000000000000e+00
0.000000000000000000e+00	0.000000000000000000e+00	0.000000000000000000e+00	0.000000000000000000e+00	0.000000000000000000e+00
0.000000000000000000e+00	0.000000000000000000e+00	0.000000000000000000e+00	0.000000000000000000e+00	0.000000000000000000e+00
0.000000000000000000e+00	0.000000000000000000e+00	0.000000000000000000e+00	0.000000000000000000e+00	0.000000000000000000e+00
0.000000000000000000e+00	0.000000000000000000e+00	0.000000000000000000e+00	0.000000000000000000e+00	0.000000000000000000e+00
0.000000000000000000e+00	0.000000000000000000e+00	0.000000000000000000e+00	0.000000000000000000e+00	0.000000000000000000e+00
0.000000000000000000e+00	0.000000000000000000e+00	0.000000000000000000e+00	0.000000000000000000e+00	0.000000000000000000e+00
0.000000000000000000e+00	0.000000000000000000e+00	0.000000000000000000e+00	0.000000000000000000e+00	0.000000000000000000e+00
0.000000000000000000e+00	0.000000000000000000e+00	0.000000000000000000e+00	0.000000000000000000e+00	0.000000000000000000e+00
0.000000000000000000e+00	0.000000000000000000e+00	0.000000000000000000e+00	0.000000000000000000e+00	0.000000000000000000e+00
0.000000000000000000e+00	0.000000000000000000e+00	0.000000000000000000e+00	0.000000000000000000e+00	0.000000000000000000e+00
0.000000000000000000e+00	0.000000000000000000e+00	0.000000000000000000e+00	0.000000000000000000e+00	0.000000000000000000e+00
0.000000000000000000e+00	0.000000000000000000e+00	0.000000000000000000e+00	0.000000000000000000e+00	0.000000000000000000e+00
0.000000000000000000e+00	0.000000000000000000e+00	0.000000000000000000e+00	0.000000000000000000e+00	0.000000000000000000e+00
0.000000000000000000e+00	0.000000000000000000e+00	0.000000000000000000e+00	0.000000000000000000e+00	0.000000000000000000e+00
0.000000000000000000e+00	0.000000000000000000e+00	0.000000000000000000e+00	0.000000000000000000e+00	0.000000000000000000e+00
0.000000000000000000e+00	0.000000000000000000e+00	0.000000000000000000e+00	0.000000000000000000e+00	0.000000000000000000e+00
0.000000000000000000e+00	0.000000000000000000e+00	0.000000000000000000e+00	0.000000000000000000e+00	0.000000000000000000e+00
0.000000000000000000e+00	0.000000000000000000e+00	0.000000000000000000e+00	0.000000000000000000e+00	0.000000000000000000e+00
0.000000000000000000e+00	0.000000000000000000e+00	0.000000000000000000e+00	0.000000000000000000e+00	0.000000000000000000e+00
0.000000000000000000e+00	0.000000000000000000e+00	0.000000000000000000e+00	0.000000000000000000e+00	0.000000000000000000e+00
0.000000000000000000e+00	0.000000000000000000e+00	0.000000000000000000e+00	0.000000000000000000e+00	0.000000000000000000e+00
0.000000000000000000e+00	0.000000000000000000e+00	0.000000000000000000e+00	0.000000000000000000e+00	0.000000000000000000e+00
0.000000000000000000e+00	0.000000000000000000e+00	0.000000000000000000e+00	0.000000000000000000e+00	0.000000000000000000e+00
0.000000000000000000e+00	0.000000000000000000e+00	0.000000000000000000e+00	0.000000000000000000e+00	0.000000000000000000e+00
0.000000000000000000e+00	0.000000000000000000e+00	0.000000000000000000e+00	0.000000000000000000e+00	0.000000000000000000e+00
0.000000000000000000e+00	0.000000000000000000e+00	0.000000000000000000e+00	0.000000000000000000e+00	0.000000000000000000e+00
0.000000000000000000e+00	0.000000000000000000e+00	0.000000000000000000e+00	0.000000000000000000e+00	0.000000000000000000e+00
0.000000000000000000e+00	0.000000000000000000e+00	0.000000000000000000e+00	0.000000000000000000e+00	0.000000000000000000e+00
0.000000000000000000e+00	0.000000000000000000e+00	0.000000000000000000e+00	0.000000000000000000e+00	0.000000000000000000e+00
0.000000000000000000e+00	0.000000000000000000e+00	0.000000000000000000e+00	0.000000000000000000e+00	0.000000000000000000e+00
0.000000000000000000e+00	0.000000000000000000e+00	0.000000000000000000e+00	0.000000000000000000e+00	0.000000000000000000e+00
0.000000000000000000e+00	0.000000000000000000e+00	0.000000000000000000e+00	0.000000000000000000e+00	0.000000000000000000e+00
0.000000000000000000e+00	0.000000000000000000e+00	0.000000000000000000e+00	0.000000000000000000e+00	0.000000000000000000e+00
0.000000000000000000e+00	0.000000000000000000e+00	0.000000000000000000e+00	0.000000000000000000e+00	0.000000000000000000e+00
0.000000000000000000e+00	0.000000000000000000e+00	0.000000000000000000e+00	0.000000000000000000e+00	0.000000000000000000e+00
0.000000000000000000e+00	0.000000000000000000e+00	0.000000000000000000e+00	0.000000000000000000e+00	0.000000000000000000e+00
0.000000000000000000e+00	0.000000000000000000e+00	0.000000000000000000e+00	0.000000000000000000e+00	0.000000000000000000e+00
0.000000000000000000e+00	0.000000000000000000e+00	0.000000000000000000e+00	0.000000000000000000e+00	0.000000000000000000e+00
0.000000000000000000e+00	0.000000000000000000e+00	0.000000000000000000e+00	0.000000000000000000e+00	0.000000000000000000e+00
0.000000000000000000e+00	0.000000000000000000e+00	0.000000000000000000e+00	0.000000000000000000e+00	0.000000000000000000e+00
0.000000000000000000e+00	0.000000000000000000e+00	0.000000000000000000e+00	0.000000000000000000e+00	0.000000000000000000e+00
0.000000000000000000e+00	0.000000000000000000e+00	0.000000000000000000e+00	0.000000000000000000e+00	0.000000000000000000e+00
0.000000000000000000e+00	0.000000000000000000e+00	0.000000000000000000e+00	0.000000000000000000e+00	0.000000000000000000e+00
0.000000000000000000e+00	0.000000000000000000e+00	0.000000000000000000e+00	0.000000000000000000e+00	0.000000000000000000e+00
0.000000000000000000e+00	0.000000000000000000e+00	0.000000000000000000e+00	0.000000000000000000e+00	0.000000000000000000e+00
0.000000000000000000e+00	0.000000000000000000e+00	0.000000000000000000e+00	0.000000000000000000e+00	0.000000000000000000e+00
0.000000000000000000e+00	0.000000000000000000e+00	0.000000000000000000e+00	0.000000000000000000e+00	0.000000000000000000e+00
0.000000000000000000e+00	0.000000000000000000e+00	0.000000000000000000e+00	0.000000000000000000e+00	0.000000000000000000e+00
0.000000000000000000e+00	0.000000000000000000e+00	0.000000000000000000e+00	0.000000000000000000e+00	0.000000000000000000e+00
0.000000000000000000e+00	0.000000000000000000e+00	0.000000000000000000e+00	0.000000000000000000e+00	0.000000000000000000e+00
0.000000000000000000e+00	0.000000000000000000e+00	0.000000000000000000e+00	0.000000000000000000e+00	0.000000000000000000e+00
0.000000000000000000e+00	0.000000000000000000e+00	0.000000000000000000e+00	0.000000000000000000e+00	0.000000000000000000e+00
0.000000000000000000e+00	0.000000000000000000e+00	0.000000000000000000e+00	0.000000000000000000e+00	0.000000000000000000e+00
0.000000000000000000e+00	0.000000000000000000e+00	0.000000000000000000e+00	0.000000000000000000e+00	0.000000000000000000e+00
0.000000000000000000e+00	0.000000000000000000e+00	0.000000000000000000e+00	0.000000000000000000e+00	0.000000000000000000e+00
0.000000000000000000e+00	0.000000000000000000e+00	0.000000000000000000e+00	0.000000000000000000e+00	0.000000000000000000e+00
0.000000000000000000e+00	0.000000000000000000e+00	0.000000000000000000e+00	0.000000000000000000e+00	0.000000000000000000e+00
0.000000000000000000e+00	0.000000000000000000e+00	0.000000000000000000e+00	0.000000000000000000e+00	0.000000000000000000e+00
0.000000000000000000e+00	0.000000000000000000e+00	0.000000000000000000e+00	0.000000000000000000e+00	0.000000000000000000e+00
0.000000000000000000e+00	0.000000000000000000e+00	0.000000000000000000e+00	0.000000000000000000e+00	0.000000000000000000e+00
0.000000000000000000e+00	0.000000000000000000e+00	0.000000000000000000e+00	0.000000000000000000e+00	0.000000000000000000e+00
0.000000000000000000e+00	0.000000000000000000e+00	0.000000000000000000e+00	0.000000000000000000e+00	0.000000000000000000e+00
0.000000000000000000e+00	0.000000000000000000e+00	0.000000000000000000e+00	0.000000000000000000e+00	0.000000000000000000e+00
0.000000000000000000e+00	0.000000000000000000e+00	0.000000000000000000e+00	0.000000000000000000e+00	0.000000000000000000e+00
0.000000000000000000e+00	0.000000000000000000e+00	0.000000000000000000e+00	0.000000000000000000e+00	0.000000000000000000e+00
0.000000000000000000e+00	0.000000000000000000e+00	0.000000000000000000e+00	0.000000000000000000e+00	0.000000000000000000e+00
0.000000000000000000e+00	0.000000000000000000e+00	0.000000000000000000e+00	0.000000000000000000e+00	0.000000000000000000e+00
0.000000000000000000e+00	0.000000000000000000e+00	0.000000000000000000e+00	0.000000000000000000e+00	0.000000000000000000e+00
0.000000000000000000e+00	0.000000000000000000e+00	0.000000000000000000e+00	0.000000000000000000e+00	0.000000000000000000e+00
0.000000000000000000e+00	0.000000000000000000e+00	0.000000000000000000e+00	0.000000000000000000e+00	0.000000000000000000e+00
0.000000000000000000e+00	0.000000000000000000e+00	0.000000000000000000e+00	0.000000000000000000e+00	0.000000000000000000e+00
0.000000000000000000e+00	0.000000000000000000e+00	0.000000000000000000e+00	0.000000000000000000e+00	0.000000000000000000e+00
0.000000000000000000e+00	0.000000000000000000e+00	0.000000000000000000e+00	0.000000000000000000e+00	0.000000000000000000e+00
0.000000000000000000e+00	0.000000000000000000e+00	0.000000000000000000e+00	0.000000000000000000e+00	0.000000000000000000e+00
0.000000000000000000e+00	0.000000000000000000e+00	0.000000000000000000e+00	0.000000000000000000e+00	0.000000000000000000e+00
0.000000000000000000e+00	0.000000000000000000e+00	0.000000000000000000e+00	0.000000000000000000e+00	0.000000000000000000e+00
0.000000000000000000e+00	0.000000000000000000e+00	0.000000000000000000e+00	0.000000000000000000e+00	0.000000000000000000e+00
0.000000000000000000e+00	0.000000000000000000e+00	0.000000000000000000e+00	0.000000000000000000e+00	0.000000000000000000e+00
0.000000000000000000e+00	0.000000000000000000e+00	0.000000000000000000e+00	0.000000000000000000e+00	0.000000000000000000e+00
0.000000000000000000e+00	0.000000000000000000e+00	0.000000000000000000e+00	0.000000000000000000e+00	0.000000000000000000e+00
0.000000000000000000e+00	0.000000000000000000e+00	0.000000000000000000e+00	0.000000000000000000e+00	0.000000000000000000e+00
0.000000000000000000e+00	0.000000000000000000e+00	0.000000000000000000e+00	0.000000000000000000e+00	0.000000000000000000e+00
0.000000000000000000e+00	0.000000000000000000e+00	0.000000000000000000e+00	0.000000000000000000e+00	0.000000000000000000e+00
0.000000000000000000e+00	0.000000000000000000e+00	0.000000000000000000e+00	0.000000000000000000e+00	0.000000000000000000e+00
0.000000000000000000e+00	0.000000000000000000e+00	0.000000000000000000e+00	0.000000000000000000e+00	0.000000000000000000e+00
0.000000000000000000e+00	0.000000000000000000e+00	0.000000000000000000e+00	0.000000000000000000e+00	0.000000000000000000e+00
0.000000000000000000e+00	0.000000000000000000e+00	0.000000000000000000e+00	0.000000000000000000e+00	0.000000000000000000e+00
0.000000000000000000e+00	0.000000000000000000e+00	0.000000000000000000e+00	0.000000000000000000e+00	0.000000000000000000e+00
0.000000000000000000e+00	0.000000000000000000e+00	0.000000000000000000e+00	0.000000000000000000e+00	0.000000000000000000e+00
0.000000000000000000e+00	0.000000000000000000e+00	0.000000000000000000e+00	0.000000000000000000e+00	0.000000000000000000e+00
0.000000000000000000e+00	0.000000000000000000e+00	0.000000000000000000e+00	0.000000000000000000e+00	0.000000000000000000e+00
0.000000000000000000e+00	0.000000000000000000e+00	0.000000000000000000e+00	0.000000000000000000e+00	0.000000000000000000e+00
0.000000000000000000e+00	0.000000000000000000e+00	0.000000000000000000e+00	0.000000000000000000e+00	0.000000000000000000e+00
0.000000000000000000e+00	0.000000000000000000e+00	0.000000000000000000e+00	0.000000000000000000e+00	0.000000000000000000e+00
0.000000000000000000e+00	0.000000000000000000e+00	0.000000000000000000e+00	0.000000000000000000e+00	0.000000000000000000e+00
0.000000000000000000e+00	0.000000000000000000e+00	0.000000000000000000e+00	0.000000000000000000e+00	0.000000000000000000e+00
0.000000000000000000e+00	0.000000000000000000e+00	0.000000000000000000e+00	0.000000000000000000e+00	0.000000000000000000e+00
0.000000000000000000e+00	0.000000000000000000e+00	0.000000000000000000e+00	0.000000000000000000e+00	0.000000000000000000e+00
0.000000000000000000e+00	0.000000000000000000e+00	0.000000000000000000e+00	0.000000000000000000e+00	0.000000000000000000e+00
0.000000000000000000e+00	0.000000000000000000e+00	0.000000000000000000e+00	0.000000000000000000e+00	0.000000000000000000e+00
0.000000000000000000e+00	0.000000000000000000e+00	0.000000000000000000e+00	0.000000000000000000e+00	0.000000000000000000e+00
0.000000000000000000e+00	0.000000000000000000e+00	0.000000000000000000e+00	0.000000000000000000e+00	0.000000000000000000e+00
0.000000000000000000e+00	0.000000000000000000e+00	0.000000000000000000e+00	0.000000000000000000e+00	0.000000000000000000e+00
0.000000000000000000e+00	0.000000000000000000e+00	0.000000000000000000e+00	0.000000000000000000e+00	0.000000000000000000e+00
0.000000000000000000e+00	0.000000000000000000e+00	0.000000000000000000e+00	0.000000000000000000e+00	0.000000000000000000e+00
0.000000000000000000e+00	0.000000000000000000e+00	0.000000000000000000e+00	0.000000000000000000e+00	0.000000000000000000e+00
0.000000000000000000e+00	0.000000000000000000e+00	0.000000000000000000e+00	0.000000000000000000e+00	0.000000000000000000e+00
0.000000000000000000e+00	0.000000000000000000e+00	0.000000000000000000e+00	0.000000000000000000e+00	0.000000000000000000e+00
0.000000000000000000e+00	0.000000000000000000e+00	0.000000000000000000e+00	0.000000000000000000e+00	0.000000000000000000e+00
0.000000000000000000e+00	0.000000000000000000e+00	0.000000000000000000e+00	0.000000000000000000e+00	0.000000000000000000e+00
0.000000000000000000e+00	0.000000000000000000e+00	0.000000000000000000e+00	0.000000000000000000e+00	0.000000000000000000e+00
0.000000000000000000e+00	0.000000000000000000e+00	0.000000000000000000e+00	0.000000000000000000e+00	0.000000000000000000e+00
0.000000000000000000e+00	0.000000000000000000e+00	0.000000000000000000e+00	0.000000000000000000e+00	0.000000000000000000e+00
0.000000000000000000e+00	0.000000000000000000e+00	0.000000000000000000e+00	0.000000000000000000e+00	0.000000000000000000e+00
0.000000000000000000e+00	0.000000000000000000e+00	0.000000000000000000e+00	0.000000000000000000e+00	0.000000000000000000e+00
0.000000000000000000e+00	0.000000000000000000e+00	0.000000000000000000e+00	0.000000000000000000e+00	0.000000000000000000e+00
0.000000000000000000e+00	0.000000000000000000e+00	0.000000000000000000e+00	0.000000000000000000e+00	0.000000000000000000e+00
0.000000000000000000e+00	0.000000000000000000e+00	0.000000000000000000e+00	0.000000000000000000e+00	0.000000000000000000e+00
0.000000000000000000e+00	0.000000000000000000e+00	0.000000000000000000e+00	0.000000000000000000e+00	0.000000000000000000e+00
0.000000000000000000e+00	0.000000000000000000e+00	0.000000000000000000e+00	0.000000000000000000e+00	0.000000000000000000e+00
0.000000000000000000e+00	0.000000000000000000e+00	0.000000000000000000e+00	0.000000000000000000e+00	0.000000000000000000e+00
0.000000000000000000e+00	0.000000000000000000e+00	0.000000000000000000e+00	0.000000000000000000e+00	0.000000000000000000e+00
0.000000000000000000e+00	0.000000000000000000e+00	0.000000000000000000e+00	0.000000000000000000e+00	0.000000000000000000e+00
0.000000000000000000e+00	0.000000000000000000e+00	0.000000000000000000e+00	0.000000000000000000e+00	0.000000000000000000e+00
0.000000000000000000e+00	0.000000000000000000e+00	0.000000000000000000e+00	0.000000000000000000e+00	0.000000000000000000e+00
0.000000000000000000e+00	0.000000000000000000e+00	0.000000000000000000e+00	0.000000000000000000e+00	0.000000000000000000e+00
0.000000000000000000e+00	0.000000000000000000e+00	0.000000000000000000e+00	0.000000000000000000e+00	0.000000000000000000e+00
0.000000000000000000e+00	0.000000000000000000e+00	0.000000000000000000e+00	0.000000000000000000e+00	0.000000000000000000e+00
0.000000000000000000e+00	0.000000000000000000e+00	0.000000000000000000e+00	0.000000000000000000e+00	0.000000000000000000e+00
0.000000000000000000e+00	0.000000000000000000e+00	0.000000000000000000e+00	0.000000000000000000e+00	0.000000000000000000e+00
0.000000000000000000e+00	0.000000000000000000e+00	0.000000000000000000e+00	0.000000000000000000e+00	0.000000000000000000e+00
0.000000000000000000e+00	0.000000000000000000e+00	0.000000000000000000e+00	0.000000000000000000e+00	0.000000000000000000e+00
0.000000000000000000e+00	0.000000000000000000e+00	0.000000000000000000e+00	0.000000000000000000e+00	0.000000000000000000e+00
0.000000000000000000e+00	0.000000000000000000e+00	0.000000000000000000e+00	0.000000000000000000e+00	0.000000000000000000e+00
0.000000000000000000e+00	0.000000000000000000e+00	0.000000000000000000e+00	0.000000000000000000e+00	0.000000000000000000e+00
0.000000000000000000e+00	0.000000000000000000e+00	0.000000000000000000e+00	0.000000000000000000e+00	0.000000000000000000e+00
0.000000000000000000e+00	0.000000000000000000e+00	0.000000000000000000e+00	0.000000000000000000e+00	0.000000000000000000e+00
0.000000000000000000e+00	0.000000000000000000e+00	0.000000000000000000e+00	0.000000000000000000e+00	0.000000000000000000e+00
0.000000000000000000e+00	0.000000000000000000e+00	0.000000000000000000e+00	0.000000000000000000e+00	0.000000000000000000e+00
0.000000000000000000e+00	0.000000000000000000e+00	0.000000000000000000e+00	0.000000000000000000e+00	0.000000000000000000e+00
0.000000000000000000e+00	0.000000000000000000e+00	0.000000000000000000e+00	0.000000000000000000e+00	0.000000000000000000e+00
0.000000000000000000e+00	0.000000000000000000e+00	0.000000000000000000e+00	0.000000000000000000e+00	0.000000000000000000e+00
0.000000000000000000e+00	0.000000000000000000e+00	0.000000000000000000e+00	0.000000000000000000e+00	0.000000000000000000e+00
0.000000000000000000e+00	0.000000000000000000e+00	0.000000000000000000e+00	0.000000000000000000e+00	0.000000000000000000e+00
0.000000000000000000e+00	0.000000000000000000e+00	0.000000000000000000e+00	0.000000000000000000e+00	0.000000000000000000e+00
0.000000000000000000e+00	0.000000000000000000e+00	0.000000000000000000e+00	0.000000000000000000e+00	0.000000000000000000e+00
0.000000000000000000e+00	0.000000000000000000e+00	0.000000000000000000e+00	0.000000000000000000e+00	0.000000000000000000e+00
0.000000000000000000e+00	0.000000000000000000e+00	0.000000000000000000e+00	0.000000000000000000e+00	0.000000000000000000e+00
0.000000000000000000e+00	0.000000000000000000e+00	0.000000000000000000e+00	0.000000000000000000e+00	0.000000000000000000e+00
0.000000000000000000e+00	0.000000000000000000e+00	0.000000000000000000e+00	0.000000000000000000e+00	0.000000000000000000e+00
0.000000000000000000e+00	0.000000000000000000e+00	0.000000000000000000e+00	0.000000000000000000e+00	0.000000000000000000e+00
0.000000000000000000e+00	0.000000000000000000e+00	0.000000000000000000e+00	0.000000000000000000e+00	0.000000000000000000e+00
0.000000000000000000e+00	0.000000000000000000e+00	0.000000000000000000e+00	0.000000000000000000e+00	0.000000000000000000e+00
0.000000000000000000e+00	0.000000000000000000e+00	0.000000000000000000e+00	0.000000000000000000e+00	0.000000000000000000e+00
0.000000000000000000e+00	0.000000000000000000e+00	0.000000000000000000e+00	0.000000000000000000e+00	0.000000000000000000e+00
0.000000000000000000e+00	0.000000000000000000e+00	0.000000000000000000e+00	0.000000000000000000e+00	0.000000000000000000e+00
0.000000000000000000e+00	0.000000000000000000e+00	0.000000000000000000e+00	0.000000000000000000e+00	0.000000000000000000e+00
0.000000000000000000e+00	0.000000000000000000e+00	0.000000000000000000e+00	0.000000000000000000e+00	0.000000000000000000e+00
0.000000000000000000e+00	0.000000000000000000e+00	0.000000000000000000e+00	0.000000000000000000e+00	0.000000000000000000e+00
0.000000000000000000e+00	0.000000000000000000e+00	0.000000000000000000e+00	0.000000000000000000e+00	0.000000000000000000e+00
0.000000000000000000e+00	0.000000000000000000e+00	0.000000000000000000e+00	0.000000000000000000e+00	0.000000000000000000e+00
0.000000000000000000e+00	0.000000000000000000e+00	0.000000000000000000e+00	0.000000000000000000e+00	0.000000000000000000e+00
0.000000000000000000e+00	0.000000000000000000e+00	0.000000000000000000e+00	0.000000000000000000e+00	0.000000000000000000e+00
0.000000000000000000e+00	0.000000000000000000e+00	0.000000000000000000e+00	0.000000000000000000e+00	0.000000000000000000e+00
0.000000000000000000e+00	0.000000000000000000e+00	0.000000000000000000e+00	0.000000000000000000e+00	0.000000000000000000e+00
0.000000000000000000e+00	0.000000000000000000e+00	0.000000000000000000e+00	0.000000000000000000e+00	0.000000000000000000e+00
0.000000000000000000e+00	0.000000000000000000e+00	0.000000000000000000e+00	0.000000000000000000e+00	0.000000000000000000e+00
0.000000000000000000e+00	0.000000000000000000e+00	0.000000000000000000e+00	0.000000000000000000e+00	0.000000000000000000e+00
0.000000000000000000e+00	0.000000000000000000e+00	0.000000000000000000e+00	0.000000000000000000e+00	0.000000000000000000e+00
0.000000000000000000e+00	0.000000000000000000e+00	0.000000000000000000e+00	0.000000000000000000e+00	0.000000000000000000e+00
0.000000000000000000e+00	0.000000000000000000e+00	0.000000000000000000e+00	0.000000000000000000e+00	0.000000000000000000e+00
0.000000000000000000e+00	0.000000000000000000e+00	0.000000000000000000e+00	0.000000000000000000e+00	0.000000000000000000e+00
0.000000000000000000e+00	0.000000000000000000e+00	0.000000000000000000e+00	0.000000000000000000e+00	0.000000000000000000e+00
0.000000000000000000e+00	0.000000000000000000e+00	0.000000000000000000e+00	0.000000000000000000e+00	0.000000000000000000e+00
0.000000000000000000e+00	0.000000000000000000e+00	0.000000000000000000e+00	0.000000000000000000e+00	0.000000000000000000e+00
0.000000000000000000e+00	0.000000000000000000e+00	0.000000000000000000e+00	0.000000000000000000e+00	0.000000000000000000e+00
0.000000000000000000e+00	0.000000000000000000e+00	0.000000000000000000e+00	0.000000000000000000e+00	0.000000000000000000e+00
0.000000000000000000e+00	0.000000000000000000e+00	0.000000000000000000e+00	0.000000000000000000e+00	0.000000000000000000e+00
0.000000000000000000e+00	0.000000000000000000e+00	0.000000000000000000e+00	0.000000000000000000e+00	0.000000000000000000e+00
0.000000000000000000e+00	0.000000000000000000e+00	0.000000000000000000e+00	0.000000000000000000e+00	0.000000000000000000e+00
0.000000000000000000e+00	0.000000000000000000e+00	0.000000000000000000e+00	0.000000000000000000e+00	0.000000000000000000e+00
0.000000000000000000e+00	0.000000000000000000e+00	0.000000000000000000e+00	0.000000000000000000e+00	0.000000000000000000e+00
0.000000000000000000e+00	0.000000000000000000e+00	0.000000000000000000e+00	0.000000000000000000e+00	0.000000000000000000e+00
0.000000000000000000e+00	0.000000000000000000e+00	0.000000000000000000e+00	0.000000000000000000e+00	0.000000000000000000e+00
0.000000000000000000e+00	0.000000000000000000e+00	0.000000000000000000e+00	0.000000000000000000e+00	0.000000000000000000e+00
0.000000000000000000e+00	0.000000000000000000e+00	0.000000000000000000e+00	0.000000000000000000e+00	0.000000000000000000e+00
0.000000000000000000e+00	0.000000000000000000e+00	0.000000000000000000e+00	0.000000000000000000e+00	0.000000000000000000e+00
0.000000000000000000e+00	0.000000000000000000e+00	0.000000000000000000e+00	0.000000000000000000e+00	0.000000000000000000e+00
0.000000000000000000e+00	0.000000000000000000e+00	0.000000000000000000e+00	0.000000000000000000e+00	0.000000000000000000e+00
0.000000000000000000e+00	0.000000000000000000e+00	0.000000000000000000e+00	0.000000000000000000e+00	0.000000000000000000e+00
0.000000000000000000e+00	0.000000000000000000e+00	0.000000000000000000e+00	0.000000000000000000e+00	0.000000000000000000e+00
0.000000000000000000e+00	0.000000000000000000e+00	0.000000000000000000e+00	0.000000000000000000e+00	0.000000000000000000e+00
0.000000000000000000e+00	0.000000000000000000e+00	0.000000000000000000e+00	0.000000000000000000e+00	0.000000000000000000e+00
0.000000000000000000e+00	0.000000000000000000e+00	0.000000000000000000e+00	0.000000000000000000e+00	0.000000000000000000e+00
0.000000000000000000e+00	0.000000000000000000e+00	0.000000000000000000e+00	0.000000000000000000e+00	0.000000000000000000e+00
0.000000000000000000e+00	0.000000000000000000e+00	0.000000000000000000e+00	0.000000000000000000e+00	0.000000000000000000e+00
0.000000000000000000e+00	0.000000000000000000e+00	0.000000000000000000e+00	0.000000000000000000e+00	0.000000000000000000e+00
0.000000000000000000e+00	0.000000000000000000e+00	0.000000000000000000e+00	0.000000000000000000e+00	0.000000000000000000e+00
0.000000000000000000e+00	0.000000000000000000e+00	0.000000000000000000e+00	0.000000000000000000e+00	0.000000000000000000e+00
0.000000000000000000e+00	0.000000000000000000e+00	0.000000000000000000e+00	0.000000000000000000e+00	0.000000000000000000e+00
0.000000000000000000e+00	0.000000000000000000e+00	0.000000000000000000e+00	0.000000000000000000e+00	0.000000000000000000e+00
0.000000000000000000e+00	0.000000000000000000e+00	0.000000000000000000e+00	0.000000000000000000e+00	0.000000000000000000e+00
0.000000000000000000e+00	0.000000000000000000e+00	0.000000000000000000e+00	0.000000000000000000e+00	0.000000000000000000e+00
0.000000000000000000e+00	0.000000000000000000e+00	0.000000000000000000e+00	0.000000000000000000e+00	0.000000000000000000e+00
0.000000000000000000e+00	0.000000000000000000e+00	0.000000000000000000e+00	0.000000000000000000e+00	0.000000000000000000e+00
0.000000000000000000e+00	0.000000000000000000e+00	0.000000000000000000e+00	0.000000000000000000e+00	0.000000000000000000e+00
0.000000000000000000e+00	0.000000000000000000e+00	0.000000000000000000e+00	0.000000000000000000e+00	0.000000000000000000e+00
0.000000000000000000e+00	0.000000000000000000e+00	0.000000000000000000e+00	0.000000000000000000e+00	0.000000000000000000e+00
0.000000000000000000e+00	0.000000000000000000e+00	0.000000000000000000e+00	0.000000000000000000e+00	0.000000000000000000e+00
0.000000000000000000e+00	0.000000000000000000e+00	0.000000000000000000e+00	0.000000000000000000e+00	0.000000000000000000e+00
0.000000000000000000e+00	0.000000000000000000e+00	0.000000000000000000e+00	0.000000000000000000e+00	0.000000000000000000e+00
0.000000000000000000e+00	0.000000000000000000e+00	0.000000000000000000e+00	0.000000000000000000e+00	0.000000000000000000e+00
0.000000000000000000e+00	0.000000000000000000e+00	0.000000000000000000e+00	0.000000000000000000e+00	0.000000000000000000e+00
0.000000000000000000e+00	0.000000000000000000e+00	0.000000000000000000e+00	0.000000000000000000e+00	0.000000000000000000e+00
0.000000000000000000e+00	0.000000000000000000e+00	0.000000000000000000e+00	0.000000000000000000e+00	0.000000000000000000e+00
0.000000000000000000e+00	0.000000000000000000e+00	0.000000000000000000e+00	0.000000000000000000e+00	0.000000000000000000e+00
0.000000000000000000e+00	0.000000000000000000e+00	0.000000000000000000e+00	0.000000000000000000e+00	0.000000000000000000e+00
0.000000000000000000e+00	0.000000000000000000e+00	0.000000000000000000e+00	0.000000000000000000e+00	0.000000000000000000e+00
0.000000000000000000e+00	0.000000000000000000e+00	0.000000000000000000e+00	0.000000000000000000e+00	0.000000000000000000e+00
0.000000000000000000e+00	0.000000000000000000e+00	0.000000000000000000e+00	0.000000000000000000e+00	0.000000000000000000e+00
0.000000000000000000e+00	0.000000000000000000e+00	0.000000000000000000e+00	0.000000000000000000e+00	0.000000000000000000e+00
0.000000000000000000e+00	0.000000000000000000e+00	0.000000000000000000e+00	0.000000000000000000e+00	0.000000000000000000e+00
0.000000000000000000e+00	0.000000000000000000e+00	0.000000000000000000e+00	0.000000000000000000e+00	0.000000000000000000e+00
0.000000000000000000e+00	0.000000000000000000e+00	0.000000000000000000e+00	0.000000000000000000e+00	0.000000000000000000e+00
0.000000000000000000e+00	0.000000000000000000e+00	0.000000000000000000e+00	0.000000000000000000e+00	0.000000000000000000e+00
0.000000000000000000e+00	0.000000000000000000e+00	0.000000000000000000e+00	0.000000000000000000e+00	0.000000000000000000e+00
0.000000000000000000e+00	0.000000000000000000e+00	0.000000000000000000e+00	0.000000000000000000e+00	0.000000000000000000e+00
0.000000000000000000e+00	0.000000000000000000e+00	0.000000000000000000e+00	0.000000000000000000e+00	0.000000000000000000e+00
0.000000000000000000e+00	0.000000000000000000e+00	0.000000000000000000e+00	0.000000000000000000e+00	0.000000000000000000e+00
0.000000000000000000e+00	0.000000000000000000e+00	0.000000000000000000e+00	0.000000000000000000e+00	0.000000000000000000e+00
0.000000000000000000e+00	0.000000000000000000e+00	0.000000000000000000e+00	0.000000000000000000e+00	0.000000000000000000e+00
0.000000000000000000e+00	0.000000000000000000e+00	0.000000000000000000e+00	0.000000000000000000e+00	0.000000000000000000e+00
0.000000000000000000e+00	0.000000000000000000e+00	0.000000000000000000e+00	0.000000000000000000e+00	0.000000000000000000e+00
0.000000000000000000e+00	0.000000000000000000e+00	0.000000000000000000e+00	0.000000000000000000e+00	0.000000000000000000e+00
0.000000000000000000e+00	0.000000000000000000e+00	0.000000000000000000e+00	0.000000000000000000e+00	0.000000000000000000e+00
0.000000000000000000e+00	0.000000000000000000e+00	0.000000000000000000e+00	0.000000000000000000e+00	0.000000000000000000e+00
0.000000000000000000e+00	0.000000000000000000e+00	0.000000000000000000e+00	0.000000000000000000e+00	0.000000000000000000e+00
0.000000000000000000e+00	0.000000000000000000e+00	0.000000000000000000e+00	0.000000000000000000e+00	0.000000000000000000e+00
0.000000000000000000e+00	0.000000000000000000e+00	0.000000000000000000e+00	0.000000000000000000e+00	0.000000000000000000e+00
0.000000000000000000e+00	0.000000000000000000e+00	0.000000000000000000e+00	0.000000000000000000e+00	0.000000000000000000e+00
0.000000000000000000e+00	0.000000000000000000e+00	0.000000000000000000e+00	0.000000000000000000e+00	0.000000000000000000e+00
0.000000000000000000e+00	0.000000000000000000e+00	0.000000000000000000e+00	0.000000000000000000e+00	0.000000000000000000e+00
0.000000000000000000e+00	0.000000000000000000e+00	0.000000000000000000e+00	0.000000000000000000e+00	0.000000000000000000e+00
0.000000000000000000e+00	0.000000000000000000e+00	0.000000000000000000e+00	0.000000000000000000e+00	0.000000000000000000e+00
0.000000000000000000e+00	0.000000000000000000e+00	0.000000000000000000e+00	0.000000000000000000e+00	0.000000000000000000e+00
0.000000000000000000e+00	0.000000000000000000e+00	0.000000000000000000e+00	0.000000000000000000e+00	0.000000000000000000e+00
0.000000000000000000e+00	0.000000000000000000e+00	0.000000000000000000e+00	0.000000000000000000e+00	0.000000000000000000e+00
0.000000000000000000e+00	0.000000000000000000e+00	0.000000000000000000e+00	0.000000000000000000e+00	0.000000000000000000e+00
0.000000000000000000e+00	0.000000000000000000e+00	0.000000000000000000e+00	0.000000000000000000e+00	0.000000000000000000e+00
0.000000000000000000e+00	0.000000000000000000e+00	0.000000000000000000e+00	0.000000000000000000e+00	0.000000000000000000e+00
0.000000000000000000e+00	0.000000000000000000e+00	0.000000000000000000e+00	0.000000000000000000e+00	0.000000000000000000e+00
0.000000000000000000e+00	0.000000000000000000e+00	0.000000000000000000e+00	0.000000000000000000e+00	0.000000000000000000e+00
0.000000000000000000e+00	0.000000000000000000e+00	0.000000000000000000e+00	0.000000000000000000e+00	0.000000000000000000e+00
0.000000000000000000e+00	0.000000000000000000e+00	0.000000000000000000e+00	0.000000000000000000e+00	0.000000000000000000e+00
0.000000000000000000e+00	0.000000000000000000e+00	0.000000000000000000e+00	0.000000000000000000e+00	0.000000000000000000e+00
0.000000000000000000e+00	0.000000000000000000e+00	0.000000000000000000e+00	0.000000000000000000e+00	0.000000000000000000e+00
0.000000000000000000e+00	0.000000000000000000e+00	0.000000000000000000e+00	0.000000000000000000e+00	0.000000000000000000e+00
0.000000000000000000e+00	0.000000000000000000e+00	0.000000000000000000e+00	0.000000000000000000e+00	0.000000000000000000e+00
0.000000000000000000e+00	0.000000000000000000e+00	0.000000000000000000e+00	0.000000000000000000e+00	0.000000000000000000e+00
0.000000000000000000e+00	0.000000000000000000e+00	0.000000000000000000e+00	0.000000000000000000e+00	0.000000000000000000e+00
0.000000000000000000e+00	0.000000000000000000e+00	0.000000000000000000e+00	0.000000000000000000e+00	0.000000000000000000e+00
0.000000000000000000e+00	0.000000000000000000e+00	0.000000000000000000e+00	0.000000000000000000e+00	0.000000000000000000e+00
0.000000000000000000e+00	0.000000000000000000e+00	0.000000000000000000e+00	0.000000000000000000e+00	0.000000000000000000e+00
0.000000000000000000e+00	0.000000000000000000e+00	0.000000000000000000e+00	0.000000000000000000e+00	0.000000000000000000e+00
0.000000000000000000e+00	0.000000000000000000e+00	0.000000000000000000e+00	0.000000000000000000e+00	0.000000000000000000e+00
0.000000000000000000e+00	0.000000000000000000e+00	0.000000000000000000e+00	0.000000000000000000e+00	0.000000000000000000e+00
0.000000000000000000e+00	0.000000000000000000e+00	0.000000000000000000e+00	0.000000000000000000e+00	0.000000000000000000e+00
0.000000000000000000e+00	0.000000000000000000e+00	0.000000000000000000e+00	0.000000000000000000e+00	0.000000000000000000e+00
0.000000000000000000e+00	0.000000000000000000e+00	0.000000000000000000e+00	0.000000000000000000e+00	0.000000000000000000e+00
0.000000000000000000e+00	0.000000000000000000e+00	0.000000000000000000e+00	0.000000000000000000e+00	0.000000000000000000e+00
0.000000000000000000e+00	0.000000000000000000e+00	0.000000000000000000e+00	0.000000000000000000e+00	0.000000000000000000e+00
0.000000000000000000e+00	0.000000000000000000e+00	0.000000000000000000e+00	0.000000000000000000e+00	0.000000000000000000e+00
0.000000000000000000e+00	0.000000000000000000e+00	0.000000000000000000e+00	0.000000000000000000e+00	0.000000000000000000e+00
0.000000000000000000e+00	0.000000000000000000e+00	0.000000000000000000e+00	0.000000000000000000e+00	0.000000000000000000e+00
0.000000000000000000e+00	0.000000000000000000e+00	0.000000000000000000e+00	0.000000000000000000e+00	0.000000000000000000e+00
0.000000000000000000e+00	0.000000000000000000e+00	0.000000000000000000e+00	0.000000000000000000e+00	0.000000000000000000e+00
0.000000000000000000e+00	0.000000000000000000e+00	0.000000000000000000e+00	0.000000000000000000e+00	0.000000000000000000e+00
0.000000000000000000e+00	0.000000000000000000e+00	0.000000000000000000e+00	0.000000000000000000e+00	0.000000000000000000e+00
0.000000000000000000e+00	0.000000000000000000e+00	0.000000000000000000e+00	0.000000000000000000e+00	0.000000000000000000e+00
0.000000000000000000e+00	0.000000000000000000e+00	0.000000000000000000e+00	0.000000000000000000e+00	0.000000000000000000e+00
0.000000000000000000e+00	0.000000000000000000e+00	0.000000000000000000e+00	0.000000000000000000e+00	0.000000000000000000e+00
0.000000000000000000e+00	0.000000000000000000e+00	0.000000000000000000e+00	0.000000000000000000e+00	0.000000000000000000e+00
0.000000000000000000e+00	0.000000000000000000e+00	0.000000000000000000e+00	0.000000000000000000e+00	0.000000000000000000e+00
0.000000000000000000e+00	0.000000000000000000e+00	0.000000000000000000e+00	0.000000000000000000e+00	0.000000000000000000e+00
0.000000000000000000e+00	0.000000000000000000e+00	0.000000000000000000e+00	0.000000000000000000e+00	0.000000000000000000e+00
0.000000000000000000e+00	0.000000000000000000e+00	0.000000000000000000e+00	0.000000000000000000e+00	0.000000000000000000e+00
0.000000000000000000e+00	0.000000000000000000e+00	0.000000000000000000e+00	0.000000000000000000e+00	0.000000000000000000e+00
0.000000000000000000e+00	0.000000000000000000e+00	0.000000000000000000e+00	0.000000000000000000e+00	0.000000000000000000e+00
0.000000000000000000e+00	0.000000000000000000e+00	0.000000000000000000e+00	0.000000000000000000e+00	0.000000000000000000e+00
0.000000000000000000e+00	0.000000000000000000e+00	0.000000000000000000e+00	0.000000000000000000e+00	0.000000000000000000e+00
0.000000000000000000e+00	0.000000000000000000e+00	0.000000000000000000e+00	0.000000000000000000e+00	0.000000000000000000e+00
0.000000000000000000e+00	0.000000000000000000e+00	0.000000000000000000e+00	0.000000000000000000e+00	0.000000000000000000e+00
0.000000000000000000e+00	0.000000000000000000e+00	0.000000000000000000e+00	0.000000000000000000e+00	0.000000000000000000e+00
0.000000000000000000e+00	0.000000000000000000e+00	0.000000000000000000e+00	0.000000000000000000e+00	0.000000000000000000e+00
0.000000000000000000e+00	0.000000000000000000e+00	0.000000000000000000e+00	0.000000000000000000e+00	0.000000000000000000e+00
0.000000000000000000e+00	0.000000000000000000e+00	0.000000000000000000e+00	0.000000000000000000e+00	0.000000000000000000e+00
0.000000000000000000e+00	0.000000000000000000e+00	0.000000000000000000e+00	0.000000000000000000e+00	0.000000000000000000e+00
0.000000000000000000e+00	0.000000000000000000e+00	0.000000000000000000e+00	0.000000000000000000e+00	0.000000000000000000e+00
0.000000000000000000e+00	0.000000000000000000e+00	0.000000000000000000e+00	0.000000000000000000e+00	0.000000000000000000e+00
0.000000000000000000e+00	0.000000000000000000e+00	0.000000000000000000e+00	0.000000000000000000e+00	0.000000000000000000e+00
0.000000000000000000e+00	0.000000000000000000e+00	0.000000000000000000e+00	0.000000000000000000e+00	0.000000000000000000e+00
0.000000000000000000e+00	0.000000000000000000e+00	0.000000000000000000e+00	0.000000000000000000e+00	0.000000000000000000e+00
0.000000000000000000e+00	0.000000000000000000e+00	0.000000000000000000e+00	0.000000000000000000e+00	0.000000000000000000e+00
0.000000000000000000e+00	0.000000000000000000e+00	0.000000000000000000e+00	0.000000000000000000e+00	0.000000000000000000e+00
0.000000000000000000e+00	0.000000000000000000e+00	0.000000000000000000e+00	0.000000000000000000e+00	0.000000000000000000e+00
0.000000000000000000e+00	0.000000000000000000e+00	0.000000000000000000e+00	0.000000000000000000e+00	0.000000000000000000e+00
0.000000000000000000e+00	0.000000000000000000e+00	0.000000000000000000e+00	0.000000000000000000e+00	0.000000000000000000e+00
0.000000000000000000e+00	0.000000000000000000e+00	0.000000000000000000e+00	0.000000000000000000e+00	0.000000000000000000e+00
0.000000000000000000e+00	0.000000000000000000e+00	0.000000000000000000e+00	0.000000000000000000e+00	0.000000000000000000e+00
0.000000000000000000e+00	0.000000000000000000e+00	0.000000000000000000e+00	0.000000000000000000e+00	0.000000000000000000e+00
0.000000000000000000e+00	0.000000000000000000e+00	0.000000000000000000e+00	0.000000000000000000e+00	0.000000000000000000e+00
0.000000000000000000e+00	0.000000000000000000e+00	0.000000000000000000e+00	0.000000000000000000e+00	0.000000000000000000e+00
0.000000000000000000e+00	0.000000000000000000e+00	0.000000000000000000e+00	0.000000000000000000e+00	0.000000000000000000e+00
0.000000000000000000e+00	0.000000000000000000e+00	0.000000000000000000e+00	0.000000000000000000e+00	0.000000000000000000e+00
0.000000000000000000e+00	0.000000000000000000e+00	0.000000000000000000e+00	0.000000000000000000e+00	0.000000000000000000e+00
0.000000000000000000e+00	0.000000000000000000e+00	0.000000000000000000e+00	0.000000000000000000e+00	0.000000000000000000e+00
0.000000000000000000e+00	0.000000000000000000e+00	0.000000000000000000e+00	0.000000000000000000e+00	0.000000000000000000e+00
0.000000000000000000e+00	0.000000000000000000e+00	0.000000000000000000e+00	0.000000000000000000e+00	0.000000000000000000e+00
0.000000000000000000e+00	0.000000000000000000e+00	0.000000000000000000e+00	0.000000000000000000e+00	0.000000000000000000e+00
0.000000000000000000e+00	0.000000000000000000e+00	0.000000000000000000e+00	0.000000000000000000e+00	0.000000000000000000e+00
0.000000000000000000e+00	0.000000000000000000e+00	0.000000000000000000e+00	0.000000000000000000e+00	0.000000000000000000e+00
0.000000000000000000e+00	0.000000000000000000e+00	0.000000000000000000e+00	0.000000000000000000e+00	0.000000000000000000e+00
0.000000000000000000e+00	0.000000000000000000e+00	0.000000000000000000e+00	0.000000000000000000e+00	0.000000000000000000e+00
0.000000000000000000e+00	0.000000000000000000e+00	0.000000000000000000e+00	0.000000000000000000e+00	0.000000000000000000e+00
0.000000000000000000e+00	0.000000000000000000e+00	0.000000000000000000e+00	0.000000000000000000e+00	0.000000000000000000e+00
0.000000000000000000e+00	0.000000000000000000e+00	0.000000000000000000e+00	0.000000000000000000e+00	0.000000000000000000e+00
0.000000000000000000e+00	0.000000000000000000e+00	0.000000000000000000e+00	0.000000000000000000e+00	0.000000000000000000e+00
0.000000000000000000e+00	0.000000000000000000e+00	0.000000000000000000e+00	0.000000000000000000e+00	0.000000000000000000e+00
0.000000000000000000e+00	0.000000000000000000e+00	0.000000000000000000e+00	0.000000000000000000e+00	0.000000000000000000e+00
0.000000000000000000e+00	0.000000000000000000e+00	0.000000000000000000e+00	0.000000000000000000e+00	0.000000000000000000e+00
0.000000000000000000e+00	0.000000000000000000e+00	0.000000000000000000e+00	0.000000000000000000e+00	0.000000000000000000e+00
0.000000000000000000e+00	0.000000000000000000e+00	0.000000000000000000e+00	0.000000000000000000e+00	0.000000000000000000e+00
0.000000000000000000e+00	0.000000000000000000e+00	0.000000000000000000e+00	0.000000000000000000e+00	0.000000000000000000e+00
0.000000000000000000e+00	0.000000000000000000e+00	0.000000000000000000e+00	0.000000000000000000e+00	0.000000000000000000e+00
0.000000000000000000e+00	0.000000000000000000e+00	0.000000000000000000e+00	0.000000000000000000e+00	0.000000000000000000e+00
0.000000000000000000e+00	0.000000000000000000e+00	0.000000000000000000e+00	0.000000000000000000e+00	0.000000000000000000e+00
0.000000000000000000e+00	0.000000000000000000e+00	0.000000000000000000e+00	0.000000000000000000e+00	0.000000000000000000e+00
0.000000000000000000e+00	0.000000000000000000e+00	0.000000000000000000e+00	0.000000000000000000e+00	0.000000000000000000e+00
0.000000000000000000e+00	0.000000000000000000e+00	0.000000000000000000e+00	0.000000000000000000e+00	0.000000000000000000e+00
0.000000000000000000e+00	0.000000000000000000e+00	0.000000000000000000e+00	0.000000000000000000e+00	0.000000000000000000e+00
0.000000000000000000e+00	0.000000000000000000e+00	0.000000000000000000e+00	0.000000000000000000e+00	0.000000000000000000e+00
0.000000000000000000e+00	0.000000000000000000e+00	0.000000000000000000e+00	0.000000000000000000e+00	0.000000000000000000e+00
0.000000000000000000e+00	0.000000000000000000e+00	0.000000000000000000e+00	0.000000000000000000e+00	0.000000000000000000e+00
0.000000000000000000e+00	0.000000000000000000e+00	0.000000000000000000e+00	0.000000000000000000e+00	0.000000000000000000e+00
0.000000000000000000e+00	0.000000000000000000e+00	0.000000000000000000e+00	0.000000000000000000e+00	0.000000000000000000e+00
0.000000000000000000e+00	0.000000000000000000e+00	0.000000000000000000e+00	0.000000000000000000e+00	0.000000000000000000e+00
0.000000000000000000e+00	0.000000000000000000e+00	0.000000000000000000e+00	0.000000000000000000e+00	0.000000000000000000e+00
0.000000000000000000e+00	0.000000000000000000e+00	0.000000000000000000e+00	0.000000000000000000e+00	0.000000000000000000e+00
0.000000000000000000e+00	0.000000000000000000e+00	0.000000000000000000e+00	0.000000000000000000e+00	0.000000000000000000e+00
0.000000000000000000e+00	0.000000000000000000e+00	0.000000000000000000e+00	0.000000000000000000e+00	0.000000000000000000e+00
0.000000000000000000e+00	0.000000000000000000e+00	0.000000000000000000e+00	0.000000000000000000e+00	0.000000000000000000e+00
0.000000000000000000e+00	0.000000000000000000e+00	0.000000000000000000e+00	0.000000000000000000e+00	0.000000000000000000e+00
0.000000000000000000e+00	0.000000000000000000e+00	0.000000000000000000e+00	0.000000000000000000e+00	0.000000000000000000e+00
0.000000000000000000e+00	0.000000000000000000e+00	0.000000000000000000e+00	0.000000000000000000e+00	0.000000000000000000e+00
0.000000000000000000e+00	0.000000000000000000e+00	0.000000000000000000e+00	0.000000000000000000e+00	0.000000000000000000e+00
0.000000000000000000e+00	0.000000000000000000e+00	0.000000000000000000e+00	0.000000000000000000e+00	0.000000000000000000e+00
0.000000000000000000e+00	0.000000000000000000e+00	0.000000000000000000e+00	0.000000000000000000e+00	0.000000000000000000e+00
0.000000000000000000e+00	0.000000000000000000e+00	0.000000000000000000e+00	0.000000000000000000e+00	0.000000000000000000e+00
0.000000000000000000e+00	0.000000000000000000e+00	0.000000000000000000e+00	0.000000000000000000e+00	0.000000000000000000e+00
0.000000000000000000e+00	0.000000000000000000e+00	0.000000000000000000e+00	0.000000000000000000e+00	0.000000000000000000e+00
0.000000000000000000e+00	0.000000000000000000e+00	0.000000000000000000e+00	0.000000000000000000e+00	0.000000000000000000e+00
0.000000000000000000e+00	0.000000000000000000e+00	0.000000000000000000e+00	0.000000000000000000e+00	0.000000000000000000e+00
0.000000000000000000e+00	0.000000000000000000e+00	0.000000000000000000e+00	0.000000000000000000e+00	0.000000000000000000e+00
0.000000000000000000e+00	0.000000000000000000e+00	0.000000000000000000e+00	0.000000000000000000e+00	0.000000000000000000e+00
0.000000000000000000e+00	0.000000000000000000e+00	0.000000000000000000e+00	0.000000000000000000e+00	0.000000000000000000e+00
0.000000000000000000e+00	0.000000000000000000e+00	0.000000000000000000e+00	0.000000000000000000e+00	0.000000000000000000e+00
0.000000000000000000e+00	0.000000000000000000e+00	0.000000000000000000e+00	0.000000000000000000e+00	0.000000000000000000e+00
0.000000000000000000e+00	0.000000000000000000e+00	0.000000000000000000e+00	0.000000000000000000e+00	0.000000000000000000e+00
0.000000000000000000e+00	0.000000000000000000e+00	0.000000000000000000e+00	0.000000000000000000e+00	0.000000000000000000e+00
0.000000000000000000e+00	0.000000000000000000e+00	0.000000000000000000e+00	0.000000000000000000e+00	0.000000000000000000e+00
0.000000000000000000e+00	0.000000000000000000e+00	0.000000000000000000e+00	0.000000000000000000e+00	0.000000000000000000e+00
0.000000000000000000e+00	0.000000000000000000e+00	0.000000000000000000e+00	0.000000000000000000e+00	0.000000000000000000e+00
0.000000000000000000e+00	0.000000000000000000e+00	0.000000000000000000e+00	0.000000000000000000e+00	0.000000000000000000e+00
0.000000000000000000e+00	0.000000000000000000e+00	0.000000000000000000e+00	0.000000000000000000e+00	0.000000000000000000e+00
0.000000000000000000e+00	0.000000000000000000e+00	0.000000000000000000e+00	0.000000000000000000e+00	0.000000000000000000e+00
0.000000000000000000e+00	0.000000000000000000e+00	0.000000000000000000e+00	0.000000000000000000e+00	0.000000000000000000e+00
0.000000000000000000e+00	0.000000000000000000e+00	0.000000000000000000e+00	0.000000000000000000e+00	0.000000000000000000e+00
0.000000000000000000e+00	0.000000000000000000e+00	0.000000000000000000e+00	0.000000000000000000e+00	0.000000000000000000e+00
0.000000000000000000e+00	0.000000000000000000e+00	0.000000000000000000e+00	0.000000000000000000e+00	0.000000000000000000e+00
0.000000000000000000e+00	0.000000000000000000e+00	0.000000000000000000e+00	0.000000000000000000e+00	0.000000000000000000e+00
0.000000000000000000e+00	0.000000000000000000e+00	0.000000000000000000e+00	0.000000000000000000e+00	0.000000000000000000e+00
0.000000000000000000e+00	0.000000000000000000e+00	0.000000000000000000e+00	0.000000000000000000e+00	0.000000000000000000e+00
0.000000000000000000e+00	0.000000000000000000e+00	0.000000000000000000e+00	0.000000000000000000e+00	0.000000000000000000e+00
0.000000000000000000e+00	0.000000000000000000e+00	0.000000000000000000e+00	0.000000000000000000e+00	0.000000000000000000e+00
0.000000000000000000e+00	0.000000000000000000e+00	0.000000000000000000e+00	0.000000000000000000e+00	0.000000000000000000e+00
0.000000000000000000e+00	0.000000000000000000e+00	0.000000000000000000e+00	0.000000000000000000e+00	0.000000000000000000e+00
0.000000000000000000e+00	0.000000000000000000e+00	0.000000000000000000e+00	0.000000000000000000e+00	0.000000000000000000e+00
0.000000000000000000e+00	0.000000000000000000e+00	0.000000000000000000e+00	0.000000000000000000e+00	0.000000000000000000e+00
0.000000000000000000e+00	0.000000000000000000e+00	0.000000000000000000e+00	0.000000000000000000e+00	0.000000000000000000e+00
0.000000000000000000e+00	0.000000000000000000e+00	0.000000000000000000e+00	0.000000000000000000e+00	0.000000000000000000e+00
0.000000000000000000e+00	0.000000000000000000e+00	0.000000000000000000e+00	0.000000000000000000e+00	0.000000000000000000e+00
0.000000000000000000e+00	0.000000000000000000e+00	0.000000000000000000e+00	0.000000000000000000e+00	0.000000000000000000e+00
0.000000000000000000e+00	0.000000000000000000e+00	0.000000000000000000e+00	0.000000000000000000e+00	0.000000000000000000e+00
0.000000000000000000e+00	0.000000000000000000e+00	0.000000000000000000e+00	0.000000000000000000e+00	0.000000000000000000e+00
0.000000000000000000e+00	0.000000000000000000e+00	0.000000000000000000e+00	0.000000000000000000e+00	0.000000000000000000e+00
0.000000000000000000e+00	0.000000000000000000e+00	0.000000000000000000e+00	0.000000000000000000e+00	0.000000000000000000e+00
0.000000000000000000e+00	0.000000000000000000e+00	0.000000000000000000e+00	0.000000000000000000e+00	0.000000000000000000e+00
0.000000000000000000e+00	0.000000000000000000e+00	0.000000000000000000e+00	0.000000000000000000e+00	0.000000000000000000e+00
0.000000000000000000e+00	0.000000000000000000e+00	0.000000000000000000e+00	0.000000000000000000e+00	0.000000000000000000e+00
0.000000000000000000e+00	0.000000000000000000e+00	0.000000000000000000e+00	0.000000000000000000e+00	0.000000000000000000e+00
0.000000000000000000e+00	0.000000000000000000e+00	0.000000000000000000e+00	0.000000000000000000e+00	0.000000000000000000e+00
0.000000000000000000e+00	0.000000000000000000e+00	0.000000000000000000e+00	0.000000000000000000e+00	0.000000000000000000e+00
0.000000000000000000e+00	0.000000000000000000e+00	0.000000000000000000e+00	0.000000000000000000e+00	0.000000000000000000e+00
0.000000000000000000e+00	0.000000000000000000e+00	0.000000000000000000e+00	0.000000000000000000e+00	0.000000000000000000e+00
0.000000000000000000e+00	0.000000000000000000e+00	0.000000000000000000e+00	0.000000000000000000e+00	0.000000000000000000e+00
0.000000000000000000e+00	0.000000000000000000e+00	0.000000000000000000e+00	0.000000000000000000e+00	0.000000000000000000e+00
0.000000000000000000e+00	0.000000000000000000e+00	0.000000000000000000e+00	0.000000000000000000e+00	0.000000000000000000e+00
0.000000000000000000e+00	0.000000000000000000e+00	0.000000000000000000e+00	0.000000000000000000e+00	0.000000000000000000e+00
0.000000000000000000e+00	0.000000000000000000e+00	0.000000000000000000e+00	0.000000000000000000e+00	0.000000000000000000e+00
0.000000000000000000e+00	0.000000000000000000e+00	0.000000000000000000e+00	0.000000000000000000e+00	0.000000000000000000e+00
0.000000000000000000e+00	0.000000000000000000e+00	0.000000000000000000e+00	0.000000000000000000e+00	0.000000000000000000e+00
0.000000000000000000e+00	0.000000000000000000e+00	0.000000000000000000e+00	0.000000000000000000e+00	0.000000000000000000e+00
0.000000000000000000e+00	0.000000000000000000e+00	0.000000000000000000e+00	0.000000000000000000e+00	0.000000000000000000e+00
0.000000000000000000e+00	0.000000000000000000e+00	0.000000000000000000e+00	0.000000000000000000e+00	0.000000000000000000e+00
0.000000000000000000e+00	0.000000000000000000e+00	0.000000000000000000e+00	0.000000000000000000e+00	0.000000000000000000e+00
0.000000000000000000e+00	0.000000000000000000e+00	0.000000000000000000e+00	0.000000000000000000e+00	0.000000000000000000e+00
0.000000000000000000e+00	0.000000000000000000e+00	0.000000000000000000e+00	0.000000000000000000e+00	0.000000000000000000e+00
0.000000000000000000e+00	0.000000000000000000e+00	0.000000000000000000e+00	0.000000000000000000e+00	0.000000000000000000e+00
0.000000000000000000e+00	0.000000000000000000e+00	0.000000000000000000e+00	0.000000000000000000e+00	0.000000000000000000e+00
0.000000000000000000e+00	0.000000000000000000e+00	0.000000000000000000e+00	0.000000000000000000e+00	0.000000000000000000e+00
0.000000000000000000e+00	0.000000000000000000e+00	0.000000000000000000e+00	0.000000000000000000e+00	0.000000000000000000e+00
0.000000000000000000e+00	0.000000000000000000e+00	0.000000000000000000e+00	0.000000000000000000e+00	0.000000000000000000e+00
0.000000000000000000e+00	0.000000000000000000e+00	0.000000000000000000e+00	0.000000000000000000e+00	0.000000000000000000e+00
0.000000000000000000e+00	0.000000000000000000e+00	0.000000000000000000e+00	0.000000000000000000e+00	0.000000000000000000e+00
0.000000000000000000e+00	0.000000000000000000e+00	0.000000000000000000e+00	0.000000000000000000e+00	0.000000000000000000e+00
0.000000000000000000e+00	0.000000000000000000e+00	0.000000000000000000e+00	0.000000000000000000e+00	0.000000000000000000e+00
0.000000000000000000e+00	0.000000000000000000e+00	0.000000000000000000e+00	0.000000000000000000e+00	0.000000000000000000e+00
0.000000000000000000e+00	0.000000000000000000e+00	0.000000000000000000e+00	0.000000000000000000e+00	0.000000000000000000e+00
0.000000000000000000e+00	0.000000000000000000e+00	0.000000000000000000e+00	0.000000000000000000e+00	0.000000000000000000e+00
0.000000000000000000e+00	0.000000000000000000e+00	0.000000000000000000e+00	0.000000000000000000e+00	0.000000000000000000e+00
0.000000000000000000e+00	0.000000000000000000e+00	0.000000000000000000e+00	0.000000000000000000e+00	0.000000000000000000e+00
0.000000000000000000e+00	0.000000000000000000e+00	0.000000000000000000e+00	0.000000000000000000e+00	0.000000000000000000e+00
0.000000000000000000e+00	0.000000000000000000e+00	0.000000000000000000e+00	0.000000000000000000e+00	0.000000000000000000e+00
0.000000000000000000e+00	0.000000000000000000e+00	0.000000000000000000e+00	0.000000000000000000e+00	0.000000000000000000e+00
0.000000000000000000e+00	0.000000000000000000e+00	0.000000000000000000e+00	0.000000000000000000e+00	0.000000000000000000e+00
0.000000000000000000e+00	0.000000000000000000e+00	0.000000000000000000e+00	0.000000000000000000e+00	0.000000000000000000e+00
0.000000000000000000e+00	0.000000000000000000e+00	0.000000000000000000e+00	0.000000000000000000e+00	0.000000000000000000e+00
0.000000000000000000e+00	0.000000000000000000e+00	0.000000000000000000e+00	0.000000000000000000e+00	0.000000000000000000e+00
0.000000000000000000e+00	0.000000000000000000e+00	0.000000000000000000e+00	0.000000000000000000e+00	0.000000000000000000e+00
0.000000000000000000e+00	0.000000000000000000e+00	0.000000000000000000e+00	0.000000000000000000e+00	0.000000000000000000e+00
0.000000000000000000e+00	0.000000000000000000e+00	0.000000000000000000e+00	0.000000000000000000e+00	0.000000000000000000e+00
0.000000000000000000e+00	0.000000000000000000e+00	0.000000000000000000e+00	0.000000000000000000e+00	0.000000000000000000e+00
0.000000000000000000e+00	0.000000000000000000e+00	0.000000000000000000e+00	0.000000000000000000e+00	0.000000000000000000e+00
0.000000000000000000e+00	0.000000000000000000e+00	0.000000000000000000e+00	0.000000000000000000e+00	0.000000000000000000e+00
0.000000000000000000e+00	0.000000000000000000e+00	0.000000000000000000e+00	0.000000000000000000e+00	0.000000000000000000e+00
0.000000000000000000e+00	0.000000000000000000e+00	0.000000000000000000e+00	0.000000000000000000e+00	0.000000000000000000e+00
0.000000000000000000e+00	0.000000000000000000e+00	0.000000000000000000e+00	0.000000000000000000e+00	0.000000000000000000e+00
0.000000000000000000e+00	0.000000000000000000e+00	0.000000000000000000e+00	0.000000000000000000e+00	0.000000000000000000e+00
0.000000000000000000e+00	0.000000000000000000e+00	0.000000000000000000e+00	0.000000000000000000e+00	0.000000000000000000e+00
0.000000000000000000e+00	0.000000000000000000e+00	0.000000000000000000e+00	0.000000000000000000e+00	0.000000000000000000e+00
0.000000000000000000e+00	0.000000000000000000e+00	0.000000000000000000e+00	0.000000000000000000e+00	0.000000000000000000e+00
0.000000000000000000e+00	0.000000000000000000e+00	0.000000000000000000e+00	0.000000000000000000e+00	0.000000000000000000e+00
0.000000000000000000e+00	0.000000000000000000e+00	0.000000000000000000e+00	0.000000000000000000e+00	0.000000000000000000e+00
0.000000000000000000e+00	0.000000000000000000e+00	0.000000000000000000e+00	0.000000000000000000e+00	0.000000000000000000e+00
0.000000000000000000e+00	0.000000000000000000e+00	0.000000000000000000e+00	0.000000000000000000e+00	0.000000000000000000e+00
0.000000000000000000e+00	0.000000000000000000e+00	0.000000000000000000e+00	0.000000000000000000e+00	0.000000000000000000e+00
0.000000000000000000e+00	0.000000000000000000e+00	0.000000000000000000e+00	0.000000000000000000e+00	0.000000000000000000e+00
0.000000000000000000e+00	0.000000000000000000e+00	0.000000000000000000e+00	0.000000000000000000e+00	0.000000000000000000e+00
0.000000000000000000e+00	0.000000000000000000e+00	0.000000000000000000e+00	0.000000000000000000e+00	0.000000000000000000e+00
0.000000000000000000e+00	0.000000000000000000e+00	0.000000000000000000e+00	0.000000000000000000e+00	0.000000000000000000e+00
0.000000000000000000e+00	0.000000000000000000e+00	0.000000000000000000e+00	0.000000000000000000e+00	0.000000000000000000e+00
0.000000000000000000e+00	0.000000000000000000e+00	0.000000000000000000e+00	0.000000000000000000e+00	0.000000000000000000e+00
0.000000000000000000e+00	0.000000000000000000e+00	0.000000000000000000e+00	0.000000000000000000e+00	0.000000000000000000e+00
0.000000000000000000e+00	0.000000000000000000e+00	0.000000000000000000e+00	0.000000000000000000e+00	0.000000000000000000e+00
0.000000000000000000e+00	0.000000000000000000e+00	0.000000000000000000e+00	0.000000000000000000e+00	0.000000000000000000e+00
0.000000000000000000e+00	0.000000000000000000e+00	0.000000000000000000e+00	0.000000000000000000e+00	0.000000000000000000e+00
0.000000000000000000e+00	0.000000000000000000e+00	0.000000000000000000e+00	0.000000000000000000e+00	0.000000000000000000e+00
0.000000000000000000e+00	0.000000000000000000e+00	0.000000000000000000e+00	0.000000000000000000e+00	0.000000000000000000e+00
0.000000000000000000e+00	0.000000000000000000e+00	0.000000000000000000e+00	0.000000000000000000e+00	0.000000000000000000e+00
0.000000000000000000e+00	0.000000000000000000e+00	0.000000000000000000e+00	0.000000000000000000e+00	0.000000000000000000e+00
0.000000000000000000e+00	0.000000000000000000e+00	0.000000000000000000e+00	0.000000000000000000e+00	0.000000000000000000e+00
0.000000000000000000e+00	0.000000000000000000e+00	0.000000000000000000e+00	0.000000000000000000e+00	0.000000000000000000e+00
0.000000000000000000e+00	0.000000000000000000e+00	0.000000000000000000e+00	0.000000000000000000e+00	0.000000000000000000e+00
0.000000000000000000e+00	0.000000000000000000e+00	0.000000000000000000e+00	0.000000000000000000e+00	0.000000000000000000e+00
0.000000000000000000e+00	0.000000000000000000e+00	0.000000000000000000e+00	0.000000000000000000e+00	0.000000000000000000e+00
0.000000000000000000e+00	0.000000000000000000e+00	0.000000000000000000e+00	0.000000000000000000e+00	0.000000000000000000e+00
0.000000000000000000e+00	0.000000000000000000e+00	0.000000000000000000e+00	0.000000000000000000e+00	0.000000000000000000e+00
0.000000000000000000e+00	0.000000000000000000e+00	0.000000000000000000e+00	0.000000000000000000e+00	0.000000000000000000e+00
0.000000000000000000e+00	0.000000000000000000e+00	0.000000000000000000e+00	0.000000000000000000e+00	0.000000000000000000e+00
0.000000000000000000e+00	0.000000000000000000e+00	0.000000000000000000e+00	0.000000000000000000e+00	0.000000000000000000e+00
0.000000000000000000e+00	0.000000000000000000e+00	0.000000000000000000e+00	0.000000000000000000e+00	0.000000000000000000e+00
0.000000000000000000e+00	0.000000000000000000e+00	0.000000000000000000e+00	0.000000000000000000e+00	0.000000000000000000e+00
0.000000000000000000e+00	0.000000000000000000e+00	0.000000000000000000e+00	0.000000000000000000e+00	0.000000000000000000e+00
0.000000000000000000e+00	0.000000000000000000e+00	0.000000000000000000e+00	0.000000000000000000e+00	0.000000000000000000e+00
0.000000000000000000e+00	0.000000000000000000e+00	0.000000000000000000e+00	0.000000000000000000e+00	0.000000000000000000e+00
0.000000000000000000e+00	0.000000000000000000e+00	0.000000000000000000e+00	0.000000000000000000e+00	0.000000000000000000e+00
0.000000000000000000e+00	0.000000000000000000e+00	0.000000000000000000e+00	0.000000000000000000e+00	0.000000000000000000e+00
0.000000000000000000e+00	0.000000000000000000e+00	0.000000000000000000e+00	0.000000000000000000e+00	0.000000000000000000e+00
0.000000000000000000e+00	0.000000000000000000e+00	0.000000000000000000e+00	0.000000000000000000e+00	0.000000000000000000e+00
0.000000000000000000e+00	0.000000000000000000e+00	0.000000000000000000e+00	0.000000000000000000e+00	0.000000000000000000e+00
0.000000000000000000e+00	0.000000000000000000e+00	0.000000000000000000e+00	0.000000000000000000e+00	0.000000000000000000e+00
0.000000000000000000e+00	0.000000000000000000e+00	0.000000000000000000e+00	0.000000000000000000e+00	0.000000000000000000e+00
0.000000000000000000e+00	0.000000000000000000e+00	0.000000000000000000e+00	0.000000000000000000e+00	0.000000000000000000e+00
0.000000000000000000e+00	0.000000000000000000e+00	0.000000000000000000e+00	0.000000000000000000e+00	0.000000000000000000e+00
0.000000000000000000e+00	0.000000000000000000e+00	0.000000000000000000e+00	0.000000000000000000e+00	0.000000000000000000e+00
0.000000000000000000e+00	0.000000000000000000e+00	0.000000000000000000e+00	0.000000000000000000e+00	0.000000000000000000e+00
0.000000000000000000e+00	0.000000000000000000e+00	0.000000000000000000e+00	0.000000000000000000e+00	0.000000000000000000e+00
0.000000000000000000e+00	0.000000000000000000e+00	0.000000000000000000e+00	0.000000000000000000e+00	0.000000000000000000e+00
0.000000000000000000e+00	0.000000000000000000e+00	0.000000000000000000e+00	0.000000000000000000e+00	0.000000000000000000e+00
0.000000000000000000e+00	0.000000000000000000e+00	0.000000000000000000e+00	0.000000000000000000e+00	0.000000000000000000e+00
0.000000000000000000e+00	0.000000000000000000e+00	0.000000000000000000e+00	0.000000000000000000e+00	0.000000000000000000e+00
0.000000000000000000e+00	0.000000000000000000e+00	0.000000000000000000e+00	0.000000000000000000e+00	0.000000000000000000e+00
0.000000000000000000e+00	0.000000000000000000e+00	0.000000000000000000e+00	0.000000000000000000e+00	0.000000000000000000e+00
0.000000000000000000e+00	0.000000000000000000e+00	0.000000000000000000e+00	0.000000000000000000e+00	0.000000000000000000e+00
0.000000000000000000e+00	0.000000000000000000e+00	0.000000000000000000e+00	0.000000000000000000e+00	0.000000000000000000e+00
0.000000000000000000e+00	0.000000000000000000e+00	0.000000000000000000e+00	0.000000000000000000e+00	0.000000000000000000e+00
0.000000000000000000e+00	0.000000000000000000e+00	0.000000000000000000e+00	0.000000000000000000e+00	0.000000000000000000e+00
0.000000000000000000e+00	0.000000000000000000e+00	0.000000000000000000e+00	0.000000000000000000e+00	0.000000000000000000e+00
0.000000000000000000e+00	0.000000000000000000e+00	0.000000000000000000e+00	0.000000000000000000e+00	0.000000000000000000e+00
0.000000000000000000e+00	0.000000000000000000e+00	0.000000000000000000e+00	0.000000000000000000e+00	0.000000000000000000e+00
0.000000000000000000e+00	0.000000000000000000e+00	0.000000000000000000e+00	0.000000000000000000e+00	0.000000000000000000e+00
0.000000000000000000e+00	0.000000000000000000e+00	0.000000000000000000e+00	0.000000000000000000e+00	0.000000000000000000e+00
0.000000000000000000e+00	0.000000000000000000e+00	0.000000000000000000e+00	0.000000000000000000e+00	0.000000000000000000e+00
0.000000000000000000e+00	0.000000000000000000e+00	0.000000000000000000e+00	0.000000000000000000e+00	0.000000000000000000e+00
0.000000000000000000e+00	0.000000000000000000e+00	0.000000000000000000e+00	0.000000000000000000e+00	0.000000000000000000e+00
0.000000000000000000e+00	0.000000000000000000e+00	0.000000000000000000e+00	0.000000000000000000e+00	0.000000000000000000e+00
0.000000000000000000e+00	0.000000000000000000e+00	0.000000000000000000e+00	0.000000000000000000e+00	0.000000000000000000e+00
0.000000000000000000e+00	0.000000000000000000e+00	0.000000000000000000e+00	0.000000000000000000e+00	0.000000000000000000e+00
0.000000000000000000e+00	0.000000000000000000e+00	0.000000000000000000e+00	0.000000000000000000e+00	0.000000000000000000e+00
0.000000000000000000e+00	0.000000000000000000e+00	0.000000000000000000e+00	0.000000000000000000e+00	0.000000000000000000e+00
0.000000000000000000e+00	0.000000000000000000e+00	0.000000000000000000e+00	0.000000000000000000e+00	0.000000000000000000e+00
0.000000000000000000e+00	0.000000000000000000e+00	0.000000000000000000e+00	0.000000000000000000e+00	0.000000000000000000e+00
0.000000000000000000e+00	0.000000000000000000e+00	0.000000000000000000e+00	0.000000000000000000e+00	0.000000000000000000e+00
0.000000000000000000e+00	0.000000000000000000e+00	0.000000000000000000e+00	0.000000000000000000e+00	0.000000000000000000e+00
0.000000000000000000e+00	0.000000000000000000e+00	0.000000000000000000e+00	0.000000000000000000e+00	0.000000000000000000e+00
0.000000000000000000e+00	0.000000000000000000e+00	0.000000000000000000e+00	0.000000000000000000e+00	0.000000000000000000e+00
0.000000000000000000e+00	0.000000000000000000e+00	0.000000000000000000e+00	0.000000000000000000e+00	0.000000000000000000e+00
0.000000000000000000e+00	0.000000000000000000e+00	0.000000000000000000e+00	0.000000000000000000e+00	0.000000000000000000e+00
0.000000000000000000e+00	0.000000000000000000e+00	0.000000000000000000e+00	0.000000000000000000e+00	0.000000000000000000e+00
0.000000000000000000e+00	0.000000000000000000e+00	0.000000000000000000e+00	0.000000000000000000e+00	0.000000000000000000e+00
0.000000000000000000e+00	0.000000000000000000e+00	0.000000000000000000e+00	0.000000000000000000e+00	0.000000000000000000e+00
0.000000000000000000e+00	0.000000000000000000e+00	0.000000000000000000e+00	0.000000000000000000e+00	0.000000000000000000e+00
0.000000000000000000e+00	0.000000000000000000e+00	0.000000000000000000e+00	0.000000000000000000e+00	0.000000000000000000e+00
0.000000000000000000e+00	0.000000000000000000e+00	0.000000000000000000e+00	0.000000000000000000e+00	0.000000000000000000e+00
0.000000000000000000e+00	0.000000000000000000e+00	0.000000000000000000e+00	0.000000000000000000e+00	0.000000000000000000e+00
0.000000000000000000e+00	0.000000000000000000e+00	0.000000000000000000e+00	0.000000000000000000e+00	0.000000000000000000e+00
0.000000000000000000e+00	0.000000000000000000e+00	0.000000000000000000e+00	0.000000000000000000e+00	0.000000000000000000e+00
0.000000000000000000e+00	0.000000000000000000e+00	0.000000000000000000e+00	0.000000000000000000e+00	0.000000000000000000e+00
0.000000000000000000e+00	0.000000000000000000e+00	0.000000000000000000e+00	0.000000000000000000e+00	0.000000000000000000e+00
0.000000000000000000e+00	0.000000000000000000e+00	0.000000000000000000e+00	0.000000000000000000e+00	0.000000000000000000e+00
0.000000000000000000e+00	0.000000000000000000e+00	0.000000000000000000e+00	0.000000000000000000e+00	0.000000000000000000e+00
0.000000000000000000e+00	0.000000000000000000e+00	0.000000000000000000e+00	0.000000000000000000e+00	0.000000000000000000e+00
0.000000000000000000e+00	0.000000000000000000e+00	0.000000000000000000e+00	0.000000000000000000e+00	0.000000000000000000e+00
0.000000000000000000e+00	0.000000000000000000e+00	0.000000000000000000e+00	0.000000000000000000e+00	0.000000000000000000e+00
0.000000000000000000e+00	0.000000000000000000e+00	0.000000000000000000e+00	0.000000000000000000e+00	0.000000000000000000e+00
0.000000000000000000e+00	0.000000000000000000e+00	0.000000000000000000e+00	0.000000000000000000e+00	0.000000000000000000e+00
0.000000000000000000e+00	0.000000000000000000e+00	0.000000000000000000e+00	0.000000000000000000e+00	0.000000000000000000e+00
0.000000000000000000e+00	0.000000000000000000e+00	0.000000000000000000e+00	0.000000000000000000e+00	0.000000000000000000e+00
0.000000000000000000e+00	0.000000000000000000e+00	0.000000000000000000e+00	0.000000000000000000e+00	0.000000000000000000e+00
0.000000000000000000e+00	0.000000000000000000e+00	0.000000000000000000e+00	0.000000000000000000e+00	0.000000000000000000e+00
0.000000000000000000e+00	0.000000000000000000e+00	0.000000000000000000e+00	0.000000000000000000e+00	0.000000000000000000e+00
0.000000000000000000e+00	0.000000000000000000e+00	0.000000000000000000e+00	0.000000000000000000e+00	0.000000000000000000e+00
0.000000000000000000e+00	0.000000000000000000e+00	0.000000000000000000e+00	0.000000000000000000e+00	0.000000000000000000e+00
0.000000000000000000e+00	0.000000000000000000e+00	0.000000000000000000e+00	0.000000000000000000e+00	0.000000000000000000e+00
0.000000000000000000e+00	0.000000000000000000e+00	0.000000000000000000e+00	0.000000000000000000e+00	0.000000000000000000e+00
0.000000000000000000e+00	0.000000000000000000e+00	0.000000000000000000e+00	0.000000000000000000e+00	0.000000000000000000e+00
0.000000000000000000e+00	0.000000000000000000e+00	0.000000000000000000e+00	0.000000000000000000e+00	0.000000000000000000e+00
0.000000000000000000e+00	0.000000000000000000e+00	0.000000000000000000e+00	0.000000000000000000e+00	0.000000000000000000e+00
0.000000000000000000e+00	0.000000000000000000e+00	0.000000000000000000e+00	0.000000000000000000e+00	0.000000000000000000e+00
0.000000000000000000e+00	0.000000000000000000e+00	0.000000000000000000e+00	0.000000000000000000e+00	0.000000000000000000e+00
0.000000000000000000e+00	0.000000000000000000e+00	0.000000000000000000e+00	0.000000000000000000e+00	0.000000000000000000e+00
0.000000000000000000e+00	0.000000000000000000e+00	0.000000000000000000e+00	0.000000000000000000e+00	0.000000000000000000e+00
0.000000000000000000e+00	0.000000000000000000e+00	0.000000000000000000e+00	0.000000000000000000e+00	0.000000000000000000e+00
0.000000000000000000e+00	0.000000000000000000e+00	0.000000000000000000e+00	0.000000000000000000e+00	0.000000000000000000e+00
0.000000000000000000e+00	0.000000000000000000e+00	0.000000000000000000e+00	0.000000000000000000e+00	0.000000000000000000e+00
0.000000000000000000e+00	0.000000000000000000e+00	0.000000000000000000e+00	0.000000000000000000e+00	0.000000000000000000e+00
0.000000000000000000e+00	0.000000000000000000e+00	0.000000000000000000e+00	0.000000000000000000e+00	0.000000000000000000e+00
0.000000000000000000e+00	0.000000000000000000e+00	0.000000000000000000e+00	0.000000000000000000e+00	0.000000000000000000e+00
0.000000000000000000e+00	0.000000000000000000e+00	0.000000000000000000e+00	0.000000000000000000e+00	0.000000000000000000e+00
0.000000000000000000e+00	0.000000000000000000e+00	0.000000000000000000e+00	0.000000000000000000e+00	0.000000000000000000e+00
0.000000000000000000e+00	0.000000000000000000e+00	0.000000000000000000e+00	0.000000000000000000e+00	0.000000000000000000e+00
0.000000000000000000e+00	0.000000000000000000e+00	0.000000000000000000e+00	0.000000000000000000e+00	0.000000000000000000e+00
0.000000000000000000e+00	0.000000000000000000e+00	0.000000000000000000e+00	0.000000000000000000e+00	0.000000000000000000e+00
0.000000000000000000e+00	0.000000000000000000e+00	0.000000000000000000e+00	0.000000000000000000e+00	0.000000000000000000e+00
0.000000000000000000e+00	0.000000000000000000e+00	0.000000000000000000e+00	0.000000000000000000e+00	0.000000000000000000e+00
0.000000000000000000e+00	0.000000000000000000e+00	0.000000000000000000e+00	0.000000000000000000e+00	0.000000000000000000e+00
0.000000000000000000e+00	0.000000000000000000e+00	0.000000000000000000e+00	0.000000000000000000e+00	0.000000000000000000e+00
0.000000000000000000e+00	0.000000000000000000e+00	0.000000000000000000e+00	0.000000000000000000e+00	0.000000000000000000e+00
0.000000000000000000e+00	0.000000000000000000e+00	0.000000000000000000e+00	0.000000000000000000e+00	0.000000000000000000e+00
0.000000000000000000e+00	0.000000000000000000e+00	0.000000000000000000e+00	0.000000000000000000e+00	0.000000000000000000e+00
0.000000000000000000e+00	0.000000000000000000e+00	0.000000000000000000e+00	0.000000000000000000e+00	0.000000000000000000e+00
0.000000000000000000e+00	0.000000000000000000e+00	0.000000000000000000e+00	0.000000000000000000e+00	0.000000000000000000e+00
0.000000000000000000e+00	0.000000000000000000e+00	0.000000000000000000e+00	0.000000000000000000e+00	0.000000000000000000e+00
0.000000000000000000e+00	0.000000000000000000e+00	0.000000000000000000e+00	0.000000000000000000e+00	0.000000000000000000e+00
0.000000000000000000e+00	0.000000000000000000e+00	0.000000000000000000e+00	0.000000000000000000e+00	0.000000000000000000e+00
0.000000000000000000e+00	0.000000000000000000e+00	0.000000000000000000e+00	0.000000000000000000e+00	0.000000000000000000e+00
0.000000000000000000e+00	0.000000000000000000e+00	0.000000000000000000e+00	0.000000000000000000e+00	0.000000000000000000e+00
0.000000000000000000e+00	0.000000000000000000e+00	0.000000000000000000e+00	0.000000000000000000e+00	0.000000000000000000e+00
0.000000000000000000e+00	0.000000000000000000e+00	0.000000000000000000e+00	0.000000000000000000e+00	0.000000000000000000e+00
0.000000000000000000e+00	0.000000000000000000e+00	0.000000000000000000e+00	0.000000000000000000e+00	0.000000000000000000e+00
0.000000000000000000e+00	0.000000000000000000e+00	0.000000000000000000e+00	0.000000000000000000e+00	0.000000000000000000e+00
0.000000000000000000e+00	0.000000000000000000e+00	0.000000000000000000e+00	0.000000000000000000e+00	0.000000000000000000e+00
0.000000000000000000e+00	0.000000000000000000e+00	0.000000000000000000e+00	0.000000000000000000e+00	0.000000000000000000e+00
0.000000000000000000e+00	0.000000000000000000e+00	0.000000000000000000e+00	0.000000000000000000e+00	0.000000000000000000e+00
0.000000000000000000e+00	0.000000000000000000e+00	0.000000000000000000e+00	0.000000000000000000e+00	0.000000000000000000e+00
0.000000000000000000e+00	0.000000000000000000e+00	0.000000000000000000e+00	0.000000000000000000e+00	0.000000000000000000e+00
0.000000000000000000e+00	0.000000000000000000e+00	0.000000000000000000e+00	0.000000000000000000e+00	0.000000000000000000e+00
0.000000000000000000e+00	0.000000000000000000e+00	0.000000000000000000e+00	0.000000000000000000e+00	0.000000000000000000e+00
0.000000000000000000e+00	0.000000000000000000e+00	0.000000000000000000e+00	0.000000000000000000e+00	0.000000000000000000e+00
0.000000000000000000e+00	0.000000000000000000e+00	0.000000000000000000e+00	0.000000000000000000e+00	0.000000000000000000e+00
0.000000000000000000e+00	0.000000000000000000e+00	0.000000000000000000e+00	0.000000000000000000e+00	0.000000000000000000e+00
0.000000000000000000e+00	0.000000000000000000e+00	0.000000000000000000e+00	0.000000000000000000e+00	0.000000000000000000e+00
0.000000000000000000e+00	0.000000000000000000e+00	0.000000000000000000e+00	0.000000000000000000e+00	0.000000000000000000e+00
0.000000000000000000e+00	0.000000000000000000e+00	0.000000000000000000e+00	0.000000000000000000e+00	0.000000000000000000e+00
0.000000000000000000e+00	0.000000000000000000e+00	0.000000000000000000e+00	0.000000000000000000e+00	0.000000000000000000e+00
0.000000000000000000e+00	0.000000000000000000e+00	0.000000000000000000e+00	0.000000000000000000e+00	0.000000000000000000e+00
0.000000000000000000e+00	0.000000000000000000e+00	0.000000000000000000e+00	0.000000000000000000e+00	0.000000000000000000e+00
0.000000000000000000e+00	0.000000000000000000e+00	0.000000000000000000e+00	0.000000000000000000e+00	0.000000000000000000e+00
0.000000000000000000e+00	0.000000000000000000e+00	0.000000000000000000e+00	0.000000000000000000e+00	0.000000000000000000e+00
0.000000000000000000e+00	0.000000000000000000e+00	0.000000000000000000e+00	0.000000000000000000e+00	0.000000000000000000e+00
0.000000000000000000e+00	0.000000000000000000e+00	0.000000000000000000e+00	0.000000000000000000e+00	0.000000000000000000e+00
0.000000000000000000e+00	0.000000000000000000e+00	0.000000000000000000e+00	0.000000000000000000e+00	0.000000000000000000e+00
0.000000000000000000e+00	0.000000000000000000e+00	0.000000000000000000e+00	0.000000000000000000e+00	0.000000000000000000e+00
0.000000000000000000e+00	0.000000000000000000e+00	0.000000000000000000e+00	0.000000000000000000e+00	0.000000000000000000e+00
0.000000000000000000e+00	0.000000000000000000e+00	0.000000000000000000e+00	0.000000000000000000e+00	0.000000000000000000e+00
0.000000000000000000e+00	0.000000000000000000e+00	0.000000000000000000e+00	0.000000000000000000e+00	0.000000000000000000e+00
0.000000000000000000e+00	0.000000000000000000e+00	0.000000000000000000e+00	0.000000000000000000e+00	0.000000000000000000e+00
0.000000000000000000e+00	0.000000000000000000e+00	0.000000000000000000e+00	0.000000000000000000e+00	0.000000000000000000e+00
0.000000000000000000e+00	0.000000000000000000e+00	0.000000000000000000e+00	0.000000000000000000e+00	0.000000000000000000e+00
0.000000000000000000e+00	0.000000000000000000e+00	0.000000000000000000e+00	0.000000000000000000e+00	0.000000000000000000e+00
0.000000000000000000e+00	0.000000000000000000e+00	0.000000000000000000e+00	0.000000000000000000e+00	0.000000000000000000e+00
0.000000000000000000e+00	0.000000000000000000e+00	0.000000000000000000e+00	0.000000000000000000e+00	0.000000000000000000e+00
0.000000000000000000e+00	0.000000000000000000e+00	0.000000000000000000e+00	0.000000000000000000e+00	0.000000000000000000e+00
0.000000000000000000e+00	0.000000000000000000e+00	0.000000000000000000e+00	0.000000000000000000e+00	0.000000000000000000e+00
0.000000000000000000e+00	0.000000000000000000e+00	0.000000000000000000e+00	0.000000000000000000e+00	0.000000000000000000e+00
0.000000000000000000e+00	0.000000000000000000e+00	0.000000000000000000e+00	0.000000000000000000e+00	0.000000000000000000e+00
0.000000000000000000e+00	0.000000000000000000e+00	0.000000000000000000e+00	0.000000000000000000e+00	0.000000000000000000e+00
0.000000000000000000e+00	0.000000000000000000e+00	0.000000000000000000e+00	0.000000000000000000e+00	0.000000000000000000e+00
0.000000000000000000e+00	0.000000000000000000e+00	0.000000000000000000e+00	0.000000000000000000e+00	0.000000000000000000e+00
0.000000000000000000e+00	0.000000000000000000e+00	0.000000000000000000e+00	0.000000000000000000e+00	0.000000000000000000e+00
0.000000000000000000e+00	0.000000000000000000e+00	0.000000000000000000e+00	0.000000000000000000e+00	0.000000000000000000e+00
0.000000000000000000e+00	0.000000000000000000e+00	0.000000000000000000e+00	0.000000000000000000e+00	0.000000000000000000e+00
0.000000000000000000e+00	0.000000000000000000e+00	0.000000000000000000e+00	0.000000000000000000e+00	0.000000000000000000e+00
0.000000000000000000e+00	0.000000000000000000e+00	0.000000000000000000e+00	0.000000000000000000e+00	0.000000000000000000e+00
0.000000000000000000e+00	0.000000000000000000e+00	0.000000000000000000e+00	0.000000000000000000e+00	0.000000000000000000e+00
0.000000000000000000e+00	0.000000000000000000e+00	0.000000000000000000e+00	0.000000000000000000e+00	0.000000000000000000e+00
0.000000000000000000e+00	0.000000000000000000e+00	0.000000000000000000e+00	0.000000000000000000e+00	0.000000000000000000e+00
0.000000000000000000e+00	0.000000000000000000e+00	0.000000000000000000e+00	0.000000000000000000e+00	0.000000000000000000e+00
0.000000000000000000e+00	0.000000000000000000e+00	0.000000000000000000e+00	0.000000000000000000e+00	0.000000000000000000e+00
0.000000000000000000e+00	0.000000000000000000e+00	0.000000000000000000e+00	0.000000000000000000e+00	0.000000000000000000e+00
0.000000000000000000e+00	0.000000000000000000e+00	0.000000000000000000e+00	0.000000000000000000e+00	0.000000000000000000e+00
0.000000000000000000e+00	0.000000000000000000e+00	0.000000000000000000e+00	0.000000000000000000e+00	0.000000000000000000e+00
0.000000000000000000e+00	0.000000000000000000e+00	0.000000000000000000e+00	0.000000000000000000e+00	0.000000000000000000e+00
0.000000000000000000e+00	0.000000000000000000e+00	0.000000000000000000e+00	0.000000000000000000e+00	0.000000000000000000e+00
0.000000000000000000e+00	0.000000000000000000e+00	0.000000000000000000e+00	0.000000000000000000e+00	0.000000000000000000e+00
0.000000000000000000e+00	0.000000000000000000e+00	0.000000000000000000e+00	0.000000000000000000e+00	0.000000000000000000e+00
0.000000000000000000e+00	0.000000000000000000e+00	0.000000000000000000e+00	0.000000000000000000e+00	0.000000000000000000e+00
0.000000000000000000e+00	0.000000000000000000e+00	0.000000000000000000e+00	0.000000000000000000e+00	0.000000000000000000e+00
0.000000000000000000e+00	0.000000000000000000e+00	0.000000000000000000e+00	0.000000000000000000e+00	0.000000000000000000e+00
0.000000000000000000e+00	0.000000000000000000e+00	0.000000000000000000e+00	0.000000000000000000e+00	0.000000000000000000e+00
0.000000000000000000e+00	0.000000000000000000e+00	0.000000000000000000e+00	0.000000000000000000e+00	0.000000000000000000e+00
0.000000000000000000e+00	0.000000000000000000e+00	0.000000000000000000e+00	0.000000000000000000e+00	0.000000000000000000e+00
0.000000000000000000e+00	0.000000000000000000e+00	0.000000000000000000e+00	0.000000000000000000e+00	0.000000000000000000e+00
0.000000000000000000e+00	0.000000000000000000e+00	0.000000000000000000e+00	0.000000000000000000e+00	0.000000000000000000e+00
0.000000000000000000e+00	0.000000000000000000e+00	0.000000000000000000e+00	0.000000000000000000e+00	0.000000000000000000e+00
0.000000000000000000e+00	0.000000000000000000e+00	0.000000000000000000e+00	0.000000000000000000e+00	0.000000000000000000e+00
0.000000000000000000e+00	0.000000000000000000e+00	0.000000000000000000e+00	0.000000000000000000e+00	0.000000000000000000e+00
0.000000000000000000e+00	0.000000000000000000e+00	0.000000000000000000e+00	0.000000000000000000e+00	0.000000000000000000e+00
0.000000000000000000e+00	0.000000000000000000e+00	0.000000000000000000e+00	0.000000000000000000e+00	0.000000000000000000e+00
0.000000000000000000e+00	0.000000000000000000e+00	0.000000000000000000e+00	0.000000000000000000e+00	0.000000000000000000e+00
0.000000000000000000e+00	0.000000000000000000e+00	0.000000000000000000e+00	0.000000000000000000e+00	0.000000000000000000e+00
0.000000000000000000e+00	0.000000000000000000e+00	0.000000000000000000e+00	0.000000000000000000e+00	0.000000000000000000e+00
0.000000000000000000e+00	0.000000000000000000e+00	0.000000000000000000e+00	0.000000000000000000e+00	0.000000000000000000e+00
0.000000000000000000e+00	0.000000000000000000e+00	0.000000000000000000e+00	0.000000000000000000e+00	0.000000000000000000e+00
0.000000000000000000e+00	0.000000000000000000e+00	0.000000000000000000e+00	0.000000000000000000e+00	0.000000000000000000e+00
0.000000000000000000e+00	0.000000000000000000e+00	0.000000000000000000e+00	0.000000000000000000e+00	0.000000000000000000e+00
0.000000000000000000e+00	0.000000000000000000e+00	0.000000000000000000e+00	0.000000000000000000e+00	0.000000000000000000e+00
0.000000000000000000e+00	0.000000000000000000e+00	0.000000000000000000e+00	0.000000000000000000e+00	0.000000000000000000e+00
0.000000000000000000e+00	0.000000000000000000e+00	0.000000000000000000e+00	0.000000000000000000e+00	0.000000000000000000e+00
0.000000000000000000e+00	0.000000000000000000e+00	0.000000000000000000e+00	0.000000000000000000e+00	0.000000000000000000e+00
0.000000000000000000e+00	0.000000000000000000e+00	0.000000000000000000e+00	0.000000000000000000e+00	0.000000000000000000e+00
0.000000000000000000e+00	0.000000000000000000e+00	0.000000000000000000e+00	0.000000000000000000e+00	0.000000000000000000e+00
0.000000000000000000e+00	0.000000000000000000e+00	0.000000000000000000e+00	0.000000000000000000e+00	0.000000000000000000e+00
0.000000000000000000e+00	0.000000000000000000e+00	0.000000000000000000e+00	0.000000000000000000e+00	0.000000000000000000e+00
0.000000000000000000e+00	0.000000000000000000e+00	0.000000000000000000e+00	0.000000000000000000e+00	0.000000000000000000e+00
0.000000000000000000e+00	0.000000000000000000e+00	0.000000000000000000e+00	0.000000000000000000e+00	0.000000000000000000e+00
0.000000000000000000e+00	0.000000000000000000e+00	0.000000000000000000e+00	0.000000000000000000e+00	0.000000000000000000e+00
0.000000000000000000e+00	0.000000000000000000e+00	0.000000000000000000e+00	0.000000000000000000e+00	0.000000000000000000e+00
0.000000000000000000e+00	0.000000000000000000e+00	0.000000000000000000e+00	0.000000000000000000e+00	0.000000000000000000e+00
0.000000000000000000e+00	0.000000000000000000e+00	0.000000000000000000e+00	0.000000000000000000e+00	0.000000000000000000e+00
0.000000000000000000e+00	0.000000000000000000e+00	0.000000000000000000e+00	0.000000000000000000e+00	0.000000000000000000e+00
0.000000000000000000e+00	0.000000000000000000e+00	0.000000000000000000e+00	0.000000000000000000e+00	0.000000000000000000e+00
0.000000000000000000e+00	0.000000000000000000e+00	0.000000000000000000e+00	0.000000000000000000e+00	0.000000000000000000e+00
0.000000000000000000e+00	0.000000000000000000e+00	0.000000000000000000e+00	0.000000000000000000e+00	0.000000000000000000e+00
0.000000000000000000e+00	0.000000000000000000e+00	0.000000000000000000e+00	0.000000000000000000e+00	0.000000000000000000e+00
0.000000000000000000e+00	0.000000000000000000e+00	0.000000000000000000e+00	0.000000000000000000e+00	0.000000000000000000e+00
0.000000000000000000e+00	0.000000000000000000e+00	0.000000000000000000e+00	0.000000000000000000e+00	0.000000000000000000e+00
0.000000000000000000e+00	0.000000000000000000e+00	0.000000000000000000e+00	0.000000000000000000e+00	0.000000000000000000e+00
0.000000000000000000e+00	0.000000000000000000e+00	0.000000000000000000e+00	0.000000000000000000e+00	0.000000000000000000e+00
0.000000000000000000e+00	0.000000000000000000e+00	0.000000000000000000e+00	0.000000000000000000e+00	0.000000000000000000e+00
0.000000000000000000e+00	0.000000000000000000e+00	0.000000000000000000e+00	0.000000000000000000e+00	0.000000000000000000e+00
0.000000000000000000e+00	0.000000000000000000e+00	0.000000000000000000e+00	0.000000000000000000e+00	0.000000000000000000e+00
0.000000000000000000e+00	0.000000000000000000e+00	0.000000000000000000e+00	0.000000000000000000e+00	0.000000000000000000e+00
0.000000000000000000e+00	0.000000000000000000e+00	0.000000000000000000e+00	0.000000000000000000e+00	0.000000000000000000e+00
0.000000000000000000e+00	0.000000000000000000e+00	0.000000000000000000e+00	0.000000000000000000e+00	0.000000000000000000e+00
0.000000000000000000e+00	0.000000000000000000e+00	0.000000000000000000e+00	0.000000000000000000e+00	0.000000000000000000e+00
0.000000000000000000e+00	0.000000000000000000e+00	0.000000000000000000e+00	0.000000000000000000e+00	0.000000000000000000e+00
0.000000000000000000e+00	0.000000000000000000e+00	0.000000000000000000e+00	0.000000000000000000e+00	0.000000000000000000e+00
0.000000000000000000e+00	0.000000000000000000e+00	0.000000000000000000e+00	0.000000000000000000e+00	0.000000000000000000e+00
0.000000000000000000e+00	0.000000000000000000e+00	0.000000000000000000e+00	0.000000000000000000e+00	0.000000000000000000e+00
0.000000000000000000e+00	0.000000000000000000e+00	0.000000000000000000e+00	0.000000000000000000e+00	0.000000000000000000e+00
0.000000000000000000e+00	0.000000000000000000e+00	0.000000000000000000e+00	0.000000000000000000e+00	0.000000000000000000e+00
0.000000000000000000e+00	0.000000000000000000e+00	0.000000000000000000e+00	0.000000000000000000e+00	0.000000000000000000e+00
0.000000000000000000e+00	0.000000000000000000e+00	0.000000000000000000e+00	0.000000000000000000e+00	0.000000000000000000e+00
0.000000000000000000e+00	0.000000000000000000e+00	0.000000000000000000e+00	0.000000000000000000e+00	0.000000000000000000e+00
0.000000000000000000e+00	0.000000000000000000e+00	0.000000000000000000e+00	0.000000000000000000e+00	0.000000000000000000e+00
0.000000000000000000e+00	0.000000000000000000e+00	0.000000000000000000e+00	0.000000000000000000e+00	0.000000000000000000e+00
0.000000000000000000e+00	0.000000000000000000e+00	0.000000000000000000e+00	0.000000000000000000e+00	0.000000000000000000e+00
0.000000000000000000e+00	0.000000000000000000e+00	0.000000000000000000e+00	0.000000000000000000e+00	0.000000000000000000e+00
0.000000000000000000e+00	0.000000000000000000e+00	0.000000000000000000e+00	0.000000000000000000e+00	0.000000000000000000e+00
0.000000000000000000e+00	0.000000000000000000e+00	0.000000000000000000e+00	0.000000000000000000e+00	0.000000000000000000e+00
0.000000000000000000e+00	0.000000000000000000e+00	0.000000000000000000e+00	0.000000000000000000e+00	0.000000000000000000e+00
0.000000000000000000e+00	0.000000000000000000e+00	0.000000000000000000e+00	0.000000000000000000e+00	0.000000000000000000e+00
0.000000000000000000e+00	0.000000000000000000e+00	0.000000000000000000e+00	0.000000000000000000e+00	0.000000000000000000e+00
0.000000000000000000e+00	0.000000000000000000e+00	0.000000000000000000e+00	0.000000000000000000e+00	0.000000000000000000e+00
0.000000000000000000e+00	0.000000000000000000e+00	0.000000000000000000e+00	0.000000000000000000e+00	0.000000000000000000e+00
0.000000000000000000e+00	0.000000000000000000e+00	0.000000000000000000e+00	0.000000000000000000e+00	0.000000000000000000e+00
0.000000000000000000e+00	0.000000000000000000e+00	0.000000000000000000e+00	0.000000000000000000e+00	0.000000000000000000e+00
0.000000000000000000e+00	0.000000000000000000e+00	0.000000000000000000e+00	0.000000000000000000e+00	0.000000000000000000e+00
0.000000000000000000e+00	0.000000000000000000e+00	0.000000000000000000e+00	0.000000000000000000e+00	0.000000000000000000e+00
0.000000000000000000e+00	0.000000000000000000e+00	0.000000000000000000e+00	0.000000000000000000e+00	0.000000000000000000e+00
0.000000000000000000e+00	0.000000000000000000e+00	0.000000000000000000e+00	0.000000000000000000e+00	0.000000000000000000e+00
0.000000000000000000e+00	0.000000000000000000e+00	0.000000000000000000e+00	0.000000000000000000e+00	0.000000000000000000e+00
0.000000000000000000e+00	0.000000000000000000e+00	0.000000000000000000e+00	0.000000000000000000e+00	0.000000000000000000e+00
0.000000000000000000e+00	0.000000000000000000e+00	0.000000000000000000e+00	0.000000000000000000e+00	0.000000000000000000e+00
0.000000000000000000e+00	0.000000000000000000e+00	0.000000000000000000e+00	0.000000000000000000e+00	0.000000000000000000e+00
0.000000000000000000e+00	0.000000000000000000e+00	0.000000000000000000e+00	0.000000000000000000e+00	0.000000000000000000e+00
0.000000000000000000e+00	0.000000000000000000e+00	0.000000000000000000e+00	0.000000000000000000e+00	0.000000000000000000e+00
0.000000000000000000e+00	0.000000000000000000e+00	0.000000000000000000e+00	0.000000000000000000e+00	0.000000000000000000e+00
0.000000000000000000e+00	0.000000000000000000e+00	0.000000000000000000e+00	0.000000000000000000e+00	0.000000000000000000e+00
-3.000849000000000160e+04	0.000000000000000000e+00	0.000000000000000000e+00	1.892147587511825921e-02	0.000000000000000000e+00
-3.000847999999999956e+04	0.000000000000000000e+00	0.000000000000000000e+00	1.739555040131840133e-02	0.000000000000000000e+00
-3.000847999999999956e+04	0.000000000000000000e+00	0.000000000000000000e+00	2.014221625415814690e-02	0.000000000000000000e+00
-3.000847000000000116e+04	0.000000000000000000e+00	0.000000000000000000e+00	1.464888454847865229e-02	0.000000000000000000e+00
-3.000847000000000116e+04	0.000000000000000000e+00	0.000000000000000000e+00	1.312295907467879268e-02	0.000000000000000000e+00
-3.000845000000000073e+04	0.000000000000000000e+00	0.000000000000000000e+00	1.525925473799859614e-03	0.000000000000000000e+00
-3.000845000000000073e+04	0.000000000000000000e+00	0.000000000000000000e+00	1.129184850611896114e-02	0.000000000000000000e+00
-3.000843999999999869e+04	0.000000000000000000e+00	0.000000000000000000e+00	1.007110812707907345e-02	0.000000000000000000e+00
-3.000841999999999825e+04	0.000000000000000000e+00	0.000000000000000000e+00	7.019257179479354222e-03	0.000000000000000000e+00
-3.000841999999999825e+04	0.000000000000000000e+00	0.000000000000000000e+00	2.044740134891812056e-02	0.000000000000000000e+00
-3.000840000000000146e+04	0.000000000000000000e+00	0.000000000000000000e+00	1.007110812707907345e-02	0.000000000000000000e+00
-3.000838999999999942e+04	0.000000000000000000e+00	0.000000000000000000e+00	1.068147831659901729e-02	0.000000000000000000e+00
-3.000838000000000102e+04	0.000000000000000000e+00	0.000000000000000000e+00	7.629627368999298068e-03	0.000000000000000000e+00
-3.000836999999999898e+04	0.000000000000000000e+00	0.000000000000000000e+00	1.739555040131840133e-02	0.000000000000000000e+00
-3.000836000000000058e+04	0.000000000000000000e+00	0.000000000000000000e+00	1.342814416943876460e-02	0.000000000000000000e+00
-3.000834999999999854e+04	0.000000000000000000e+00	0.000000000000000000e+00	1.892147587511825921e-02	0.000000000000000000e+00
-3.000834000000000015e+04	0.000000000000000000e+00	0.000000000000000000e+00	1.709036530655842767e-02	0.000000000000000000e+00
-3.000833000000000175e+04	0.000000000000000000e+00	0.000000000000000000e+00	1.709036530655842767e-02	0.000000000000000000e+00
-3.000831999999999971e+04	0.000000000000000000e+00	0.000000000000000000e+00	1.495406964323862421e-02	0.000000000000000000e+00
-3.000831999999999971e+04	0.000000000000000000e+00	0.000000000000000000e+00	1.190221869563890499e-02	0.000000000000000000e+00
-3.000831000000000131e+04	0.000000000000000000e+00	0.000000000000000000e+00	2.014221625415814690e-02	0.000000000000000000e+00
-3.000831000000000131e+04	0.000000000000000000e+00	0.000000000000000000e+00	1.709036530655842767e-02	0.000000000000000000e+00
-3.000829999999999927e+04	0.000000000000000000e+00	0.000000000000000000e+00	2.838221381267739055e-02	0.000000000000000000e+00
-3.000829999999999927e+04	0.000000000000000000e+00	0.000000000000000000e+00	1.342814416943876460e-02	0.000000000000000000e+00
-3.000829000000000087e+04	0.000000000000000000e+00	0.000000000000000000e+00	2.105777153843806440e-02	0.000000000000000000e+00
-3.000827999999999884e+04	0.000000000000000000e+00	0.000000000000000000e+00	1.220740379039887691e-02	0.000000000000000000e+00
-3.000825999999999840e+04	0.000000000000000000e+00	0.000000000000000000e+00	1.678518021179845748e-02	0.000000000000000000e+00
-3.000825999999999840e+04	0.000000000000000000e+00	0.000000000000000000e+00	2.197332682271797843e-02	0.000000000000000000e+00
-3.000825000000000000e+04	0.000000000000000000e+00	0.000000000000000000e+00	1.007110812707907345e-02	0.000000000000000000e+00
-3.000824000000000160e+04	0.000000000000000000e+00	0.000000000000000000e+00	1.892147587511825921e-02	0.000000000000000000e+00
-3.000822999999999956e+04	0.000000000000000000e+00	0.000000000000000000e+00	1.709036530655842767e-02	0.000000000000000000e+00
-3.000822000000000116e+04	0.000000000000000000e+00	0.000000000000000000e+00	6.408886989959410377e-03	0.000000000000000000e+00
-3.000820999999999913e+04	0.000000000000000000e+00	0.000000000000000000e+00	1.953184606463820305e-02	0.000000000000000000e+00
-3.000820000000000073e+04	0.000000000000000000e+00	0.000000000000000000e+00	2.197332682271797843e-02	0.000000000000000000e+00
-3.000818999999999869e+04	0.000000000000000000e+00	0.000000000000000000e+00	6.103701895199438454e-03	0.000000000000000000e+00
-3.000818000000000029e+04	0.000000000000000000e+00	0.000000000000000000e+00	1.831110568559831536e-02	0.000000000000000000e+00
-3.000818000000000029e+04	0.000000000000000000e+00	0.000000000000000000e+00	1.556443983275856806e-02	0.000000000000000000e+00
-3.000816999999999825e+04	0.000000000000000000e+00	0.000000000000000000e+00	2.227851191747795209e-02	0.000000000000000000e+00
-3.000815999999999985e+04	0.000000000000000000e+00	0.000000000000000000e+00	2.471999267555772747e-02	0.000000000000000000e+00
-3.000815999999999985e+04	0.000000000000000000e+00	0.000000000000000000e+00	1.739555040131840133e-02	0.000000000000000000e+00
-3.000815999999999985e+04	0.000000000000000000e+00	0.000000000000000000e+00	1.556443983275856806e-02	0.000000000000000000e+00
-3.000815000000000146e+04	0.000000000000000000e+00	0.000000000000000000e+00	2.014221625415814690e-02	0.000000000000000000e+00
-3.000813999999999942e+04	0.000000000000000000e+00	0.000000000000000000e+00	1.678518021179845748e-02	0.000000000000000000e+00
-3.000813999999999942e+04	0.000000000000000000e+00	0.000000000000000000e+00	1.647999511703848383e-02	0.000000000000000000e+00
-3.000811999999999898e+04	0.000000000000000000e+00	0.000000000000000000e+00	1.068147831659901729e-02	0.000000000000000000e+00
-3.000811999999999898e+04	0.000000000000000000e+00	0.000000000000000000e+00	1.525925473799859614e-02	0.000000000000000000e+00
-3.000809999999999854e+04	0.000000000000000000e+00	0.000000000000000000e+00	1.220740379039887691e-02	0.000000000000000000e+00
-3.000809000000000015e+04	0.000000000000000000e+00	0.000000000000000000e+00	1.800592059083834517e-02	0.000000000000000000e+00
-3.000808000000000175e+04	0.000000000000000000e+00	0.000000000000000000e+00	1.739555040131840133e-02	0.000000000000000000e+00
-3.000806999999999971e+04	0.000000000000000000e+00	0.000000000000000000e+00	1.922666096987823287e-02	0.000000000000000000e+00
-3.000804999999999927e+04	0.000000000000000000e+00	0.000000000000000000e+00	1.434369945371868037e-02	0.000000000000000000e+00
-3.000804000000000087e+04	0.000000000000000000e+00	0.000000000000000000e+00	1.342814416943876460e-02	0.000000000000000000e+00
-3.000802999999999884e+04	0.000000000000000000e+00	0.000000000000000000e+00	7.934812463759269990e-03	0.000000000000000000e+00
-3.000802000000000044e+04	0.000000000000000000e+00	0.000000000000000000e+00	7.629627368999298068e-03	0.000000000000000000e+00
-3.000800999999999840e+04	0.000000000000000000e+00	0.000000000000000000e+00	1.831110568559831536e-02	0.000000000000000000e+00
-3.000800999999999840e+04	0.000000000000000000e+00	0.000000000000000000e+00	5.493331705679494609e-03	0.000000000000000000e+00
-3.000800000000000000e+04	0.000000000000000000e+00	0.000000000000000000e+00	6.103701895199438454e-03	0.000000000000000000e+00
-3.000799000000000160e+04	0.000000000000000000e+00	0.000000000000000000e+00	2.349925229651783978e-02	0.000000000000000000e+00
-3.000797999999999956e+04	0.000000000000000000e+00	0.000000000000000000e+00	1.647999511703848383e-02	0.000000000000000000e+00
-3.000797999999999956e+04	0.000000000000000000e+00	0.000000000000000000e+00	1.190221869563890499e-02	0.000000000000000000e+00
-3.000797000000000116e+04	0.000000000000000000e+00	0.000000000000000000e+00	1.342814416943876460e-02	0.000000000000000000e+00
-3.000797000000000116e+04	0.000000000000000000e+00	0.000000000000000000e+00	1.831110568559831536e-02	0.000000000000000000e+00
-3.000795999999999913e+04	0.000000000000000000e+00	0.000000000000000000e+00	2.258369701223792228e-02	0.000000000000000000e+00
-3.000795999999999913e+04	0.000000000000000000e+00	0.000000000000000000e+00	1.190221869563890499e-02	0.000000000000000000e+00
-3.000795000000000073e+04	0.000000000000000000e+00	0.000000000000000000e+00	1.770073549607837152e-02	0.000000000000000000e+00
-3.000793999999999869e+04	0.000000000000000000e+00	0.000000000000000000e+00	1.831110568559831536e-02	0.000000000000000000e+00
-3.000791999999999825e+04	0.000000000000000000e+00	0.000000000000000000e+00	2.044740134891812056e-02	0.000000000000000000e+00
-3.000791999999999825e+04	0.000000000000000000e+00	0.000000000000000000e+00	1.525925473799859614e-02	0.000000000000000000e+00
-3.000790000000000146e+04	0.000000000000000000e+00	0.000000000000000000e+00	1.342814416943876460e-02	0.000000000000000000e+00
-3.000790000000000146e+04	0.000000000000000000e+00	0.000000000000000000e+00	1.220740379039887691e-02	0.000000000000000000e+00
-3.000788999999999942e+04	0.000000000000000000e+00	0.000000000000000000e+00	2.014221625415814690e-02	0.000000000000000000e+00
-3.000786999999999898e+04	0.000000000000000000e+00	0.000000000000000000e+00	1.739555040131840133e-02	0.000000000000000000e+00
-3.000786000000000058e+04	0.000000000000000000e+00	0.000000000000000000e+00	2.349925229651783978e-02	0.000000000000000000e+00
-3.000784999999999854e+04	0.000000000000000000e+00	0.000000000000000000e+00	1.647999511703848383e-02	0.000000000000000000e+00
-3.000784000000000015e+04	0.000000000000000000e+00	0.000000000000000000e+00	1.403851435895870844e-02	0.000000000000000000e+00
-3.000783000000000175e+04	0.000000000000000000e+00	0.000000000000000000e+00	3.967406231879634995e-03	0.000000000000000000e+00
-3.000781999999999971e+04	0.000000000000000000e+00	0.000000000000000000e+00	1.647999511703848383e-02	0.000000000000000000e+00
-3.000781000000000131e+04	0.000000000000000000e+00	0.000000000000000000e+00	5.798516800439466531e-03	0.000000000000000000e+00
-3.000779999999999927e+04	0.000000000000000000e+00	0.000000000000000000e+00	1.739555040131840133e-02	0.000000000000000000e+00
-3.000779999999999927e+04	0.000000000000000000e+00	0.000000000000000000e+00	1.007110812707907345e-02	0.000000000000000000e+00
-3.000779000000000087e+04	0.000000000000000000e+00	0.000000000000000000e+00	2.136295663319803459e-02	0.000000000000000000e+00
-3.000779000000000087e+04	0.000000000000000000e+00	0.000000000000000000e+00	1.495406964323862421e-02	0.000000000000000000e+00
-3.000777999999999884e+04	0.000000000000000000e+00	0.000000000000000000e+00	1.678518021179845748e-02	0.000000000000000000e+00
-3.000777000000000044e+04	0.000000000000000000e+00	0.000000000000000000e+00	1.098666341135898922e-02	0.000000000000000000e+00
-3.000777000000000044e+04	0.000000000000000000e+00	0.000000000000000000e+00	2.227851191747795209e-02	0.000000000000000000e+00
-3.000775000000000000e+04	0.000000000000000000e+00	0.000000000000000000e+00	2.258369701223792228e-02	0.000000000000000000e+00
-3.000774000000000160e+04	0.000000000000000000e+00	0.000000000000000000e+00	1.831110568559831536e-02	0.000000000000000000e+00
-3.000774000000000160e+04	0.000000000000000000e+00	0.000000000000000000e+00	1.129184850611896114e-02	0.000000000000000000e+00
-3.000772999999999956e+04	0.000000000000000000e+00	0.000000000000000000e+00	1.312295907467879268e-02	0.000000000000000000e+00
-3.000770999999999913e+04	0.000000000000000000e+00	0.000000000000000000e+00	1.068147831659901729e-02	0.000000000000000000e+00
-3.000770000000000073e+04	0.000000000000000000e+00	0.000000000000000000e+00	1.709036530655842767e-02	0.000000000000000000e+00
-3.000768999999999869e+04	0.000000000000000000e+00	0.000000000000000000e+00	2.136295663319803459e-02	0.000000000000000000e+00
-3.000766999999999825e+04	0.000000000000000000e+00	0.000000000000000000e+00	2.838221381267739055e-02	0.000000000000000000e+00
-3.000766999999999825e+04	0.000000000000000000e+00	0.000000000000000000e+00	1.647999511703848383e-02	0.000000000000000000e+00
-3.000765999999999985e+04	0.000000000000000000e+00	0.000000000000000000e+00	2.441480758079775382e-02	0.000000000000000000e+00
-3.000763999999999942e+04	0.000000000000000000e+00	0.000000000000000000e+00	1.983703115939817671e-02	0.000000000000000000e+00
-3.000763000000000102e+04	0.000000000000000000e+00	0.000000000000000000e+00	1.129184850611896114e-02	0.000000000000000000e+00
-3.000763000000000102e+04	0.000000000000000000e+00	0.000000000000000000e+00	1.678518021179845748e-02	0.000000000000000000e+00
-3.000761999999999898e+04	0.000000000000000000e+00	0.000000000000000000e+00	1.220740379039887691e-02	0.000000000000000000e+00
-3.000761999999999898e+04	0.000000000000000000e+00	0.000000000000000000e+00	1.190221869563890499e-02	0.000000000000000000e+00
-3.000759999999999854e+04	0.000000000000000000e+00	0.000000000000000000e+00	1.037629322183904537e-02	0.000000000000000000e+00
-3.000759000000000015e+04	0.000000000000000000e+00	0.000000000000000000e+00	1.739555040131840133e-02	0.000000000000000000e+00
-3.000758000000000175e+04	0.000000000000000000e+00	0.000000000000000000e+00	1.190221869563890499e-02	0.000000000000000000e+00
-3.000758000000000175e+04	0.000000000000000000e+00	0.000000000000000000e+00	9.765923032319101527e-03	0.000000000000000000e+00
-3.000756000000000131e+04	0.000000000000000000e+00	0.000000000000000000e+00	1.647999511703848383e-02	0.000000000000000000e+00
-3.000754999999999927e+04	0.000000000000000000e+00	0.000000000000000000e+00	1.831110568559831536e-02	0.000000000000000000e+00
-3.000754000000000087e+04	0.000000000000000000e+00	0.000000000000000000e+00	1.037629322183904537e-02	0.000000000000000000e+00
-3.000752999999999884e+04	0.000000000000000000e+00	0.000000000000000000e+00	2.227851191747795209e-02	0.000000000000000000e+00
-3.000752000000000044e+04	0.000000000000000000e+00	0.000000000000000000e+00	1.831110568559831536e-02	0.000000000000000000e+00
-3.000750000000000000e+04	0.000000000000000000e+00	0.000000000000000000e+00	-2.136295663319803459e-03	0.000000000000000000e+00
-3.000749000000000160e+04	0.000000000000000000e+00	0.000000000000000000e+00	6.103701895199438454e-03	0.000000000000000000e+00
-3.000747000000000116e+04	0.000000000000000000e+00	0.000000000000000000e+00	1.739555040131840133e-02	0.000000000000000000e+00
-3.000745000000000073e+04	0.000000000000000000e+00	0.000000000000000000e+00	9.765923032319101527e-03	0.000000000000000000e+00
-3.000745000000000073e+04	0.000000000000000000e+00	0.000000000000000000e+00	1.525925473799859614e-02	0.000000000000000000e+00
-3.000743999999999869e+04	0.000000000000000000e+00	0.000000000000000000e+00	2.105777153843806440e-02	0.000000000000000000e+00
-3.000743000000000029e+04	0.000000000000000000e+00	0.000000000000000000e+00	7.324442274239326145e-03	0.000000000000000000e+00
-3.000741999999999825e+04	0.000000000000000000e+00	0.000000000000000000e+00	1.312295907467879268e-02	0.000000000000000000e+00
-3.000740999999999985e+04	0.000000000000000000e+00	0.000000000000000000e+00	1.831110568559831536e-02	0.000000000000000000e+00
-3.000740000000000146e+04	0.000000000000000000e+00	0.000000000000000000e+00	1.434369945371868037e-02	0.000000000000000000e+00
-3.000738999999999942e+04	0.000000000000000000e+00	0.000000000000000000e+00	1.922666096987823287e-02	0.000000000000000000e+00
-3.000738000000000102e+04	0.000000000000000000e+00	0.000000000000000000e+00	1.831110568559831536e-02	0.000000000000000000e+00
-3.000736999999999898e+04	0.000000000000000000e+00	0.000000000000000000e+00	1.281777397991882075e-02	0.000000000000000000e+00
-3.000736999999999898e+04	0.000000000000000000e+00	0.000000000000000000e+00	1.586962492751853998e-02	0.000000000000000000e+00
-3.000734999999999854e+04	0.000000000000000000e+00	0.000000000000000000e+00	1.831110568559831536e-02	0.000000000000000000e+00
-3.000733000000000175e+04	0.000000000000000000e+00	0.000000000000000000e+00	1.251258888515884883e-02	0.000000000000000000e+00
-3.000731999999999971e+04	0.000000000000000000e+00	0.000000000000000000e+00	1.312295907467879268e-02	0.000000000000000000e+00
-3.000731000000000131e+04	0.000000000000000000e+00	0.000000000000000000e+00	1.068147831659901729e-02	0.000000000000000000e+00
-3.000729999999999927e+04	0.000000000000000000e+00	0.000000000000000000e+00	2.197332682271797843e-02	0.000000000000000000e+00
-3.000727999999999884e+04	0.000000000000000000e+00	0.000000000000000000e+00	1.312295907467879268e-02	0.000000000000000000e+00
-3.000725999999999840e+04	0.000000000000000000e+00	0.000000000000000000e+00	1.709036530655842767e-02	0.000000000000000000e+00
-3.000724000000000160e+04	0.000000000000000000e+00	0.000000000000000000e+00	1.342814416943876460e-02	0.000000000000000000e+00
-3.000722999999999956e+04	0.000000000000000000e+00	0.000000000000000000e+00	2.014221625415814690e-02	0.000000000000000000e+00
-3.000720999999999913e+04	0.000000000000000000e+00	0.000000000000000000e+00	1.709036530655842767e-02	0.000000000000000000e+00
-3.000720000000000073e+04	0.000000000000000000e+00	0.000000000000000000e+00	8.545182653279213836e-03	0.000000000000000000e+00
-3.000718999999999869e+04	0.000000000000000000e+00	0.000000000000000000e+00	1.281777397991882075e-02	0.000000000000000000e+00
-3.000718000000000029e+04	0.000000000000000000e+00	0.000000000000000000e+00	1.129184850611896114e-02	0.000000000000000000e+00
-3.000715999999999985e+04	0.000000000000000000e+00	0.000000000000000000e+00	1.647999511703848383e-02	0.000000000000000000e+00
-3.000715000000000146e+04	0.000000000000000000e+00	0.000000000000000000e+00	1.312295907467879268e-02	0.000000000000000000e+00
-3.000713999999999942e+04	0.000000000000000000e+00	0.000000000000000000e+00	1.464888454847865229e-02	0.000000000000000000e+00
-3.000713999999999942e+04	0.000000000000000000e+00	0.000000000000000000e+00	1.892147587511825921e-02	0.000000000000000000e+00
-3.000713000000000102e+04	0.000000000000000000e+00	0.000000000000000000e+00	1.007110812707907345e-02	0.000000000000000000e+00
-3.000711999999999898e+04	0.000000000000000000e+00	0.000000000000000000e+00	2.502517777031769766e-02	0.000000000000000000e+00
-3.000709999999999854e+04	0.000000000000000000e+00	0.000000000000000000e+00	2.471999267555772747e-02	0.000000000000000000e+00
-3.000709000000000015e+04	0.000000000000000000e+00	0.000000000000000000e+00	1.464888454847865229e-02	0.000000000000000000e+00
-3.000706000000000131e+04	0.000000000000000000e+00	0.000000000000000000e+00	7.934812463759269990e-03	0.000000000000000000e+00
-3.000704999999999927e+04	0.000000000000000000e+00	0.000000000000000000e+00	1.068147831659901729e-02	0.000000000000000000e+00
-3.000704000000000087e+04	0.000000000000000000e+00	0.000000000000000000e+00	1.678518021179845748e-02	0.000000000000000000e+00
-3.000702000000000044e+04	0.000000000000000000e+00	0.000000000000000000e+00	1.281777397991882075e-02	0.000000000000000000e+00
-3.000700000000000000e+04	0.000000000000000000e+00	0.000000000000000000e+00	1.098666341135898922e-02	0.000000000000000000e+00
-3.000699000000000160e+04	0.000000000000000000e+00	0.000000000000000000e+00	1.739555040131840133e-02	0.000000000000000000e+00
-3.000697999999999956e+04	0.000000000000000000e+00	0.000000000000000000e+00	1.495406964323862421e-02	0.000000000000000000e+00
-3.000697000000000116e+04	0.000000000000000000e+00	0.000000000000000000e+00	7.324442274239326145e-03	0.000000000000000000e+00
-3.000695999999999913e+04	0.000000000000000000e+00	0.000000000000000000e+00	2.136295663319803459e-02	0.000000000000000000e+00
-3.000695000000000073e+04	0.000000000000000000e+00	0.000000000000000000e+00	9.460737937559129604e-03	0.000000000000000000e+00
-3.000693999999999869e+04	0.000000000000000000e+00	0.000000000000000000e+00	1.556443983275856806e-02	0.000000000000000000e+00
-3.000693000000000029e+04	0.000000000000000000e+00	0.000000000000000000e+00	8.545182653279213836e-03	0.000000000000000000e+00
-3.000690000000000146e+04	0.000000000000000000e+00	0.000000000000000000e+00	1.495406964323862421e-02	0.000000000000000000e+00
-3.000688999999999942e+04	0.000000000000000000e+00	0.000000000000000000e+00	2.044740134891812056e-02	0.000000000000000000e+00
-3.000686999999999898e+04	0.000000000000000000e+00	0.000000000000000000e+00	1.983703115939817671e-02	0.000000000000000000e+00
-3.000684999999999854e+04	0.000000000000000000e+00	0.000000000000000000e+00	1.709036530655842767e-02	0.000000000000000000e+00
-3.000683000000000175e+04	0.000000000000000000e+00	0.000000000000000000e+00	1.251258888515884883e-02	0.000000000000000000e+00
-3.000681000000000131e+04	0.000000000000000000e+00	0.000000000000000000e+00	3.692739646595660091e-02	0.000000000000000000e+00
-3.000679999999999927e+04	0.000000000000000000e+00	0.000000000000000000e+00	1.709036530655842767e-02	0.000000000000000000e+00
-3.000677999999999884e+04	0.000000000000000000e+00	0.000000000000000000e+00	1.190221869563890499e-02	0.000000000000000000e+00
-3.000677000000000044e+04	0.000000000000000000e+00	0.000000000000000000e+00	2.105777153843806440e-02	0.000000000000000000e+00
-3.000675000000000000e+04	0.000000000000000000e+00	0.000000000000000000e+00	1.342814416943876460e-02	0.000000000000000000e+00
-3.000674000000000160e+04	0.000000000000000000e+00	0.000000000000000000e+00	2.410962248603778363e-02	0.000000000000000000e+00
-3.000672999999999956e+04	0.000000000000000000e+00	0.000000000000000000e+00	1.953184606463820305e-02	0.000000000000000000e+00
-3.000672000000000116e+04	0.000000000000000000e+00	0.000000000000000000e+00	2.380443739127780997e-02	0.000000000000000000e+00
-3.000670999999999913e+04	0.000000000000000000e+00	0.000000000000000000e+00	1.129184850611896114e-02	0.000000000000000000e+00
-3.000670000000000073e+04	0.000000000000000000e+00	0.000000000000000000e+00	1.037629322183904537e-02	0.000000000000000000e+00
-3.000668999999999869e+04	0.000000000000000000e+00	0.000000000000000000e+00	1.556443983275856806e-02	0.000000000000000000e+00
-3.000666999999999825e+04	0.000000000000000000e+00	0.000000000000000000e+00	1.586962492751853998e-02	0.000000000000000000e+00
-3.000665000000000146e+04	0.000000000000000000e+00	0.000000000000000000e+00	1.251258888515884883e-02	0.000000000000000000e+00
-3.000663000000000102e+04	0.000000000000000000e+00	0.000000000000000000e+00	1.647999511703848383e-02	0.000000000000000000e+00
-3.000661000000000058e+04	0.000000000000000000e+00	0.000000000000000000e+00	1.251258888515884883e-02	0.000000000000000000e+00
-3.000659999999999854e+04	0.000000000000000000e+00	0.000000000000000000e+00	1.678518021179845748e-02	0.000000000000000000e+00
-3.000658000000000175e+04	0.000000000000000000e+00	0.000000000000000000e+00	1.312295907467879268e-02	0.000000000000000000e+00
-3.000656000000000131e+04	0.000000000000000000e+00	0.000000000000000000e+00	1.312295907467879268e-02	0.000000000000000000e+00
-3.000654999999999927e+04	0.000000000000000000e+00	0.000000000000000000e+00	7.934812463759269990e-03	0.000000000000000000e+00
-3.000654000000000087e+04	0.000000000000000000e+00	0.000000000000000000e+00	1.037629322183904537e-02	0.000000000000000000e+00
-3.000652000000000044e+04	0.000000000000000000e+00	0.000000000000000000e+00	1.098666341135898922e-02	0.000000000000000000e+00
-3.000650000000000000e+04	0.000000000000000000e+00	0.000000000000000000e+00	8.545182653279213836e-03	0.000000000000000000e+00
-3.000649000000000160e+04	0.000000000000000000e+00	0.000000000000000000e+00	1.403851435895870844e-02	0.000000000000000000e+00
-3.000647000000000116e+04	0.000000000000000000e+00	0.000000000000000000e+00	1.037629322183904537e-02	0.000000000000000000e+00
-3.000643999999999869e+04	0.000000000000000000e+00	0.000000000000000000e+00	1.312295907467879268e-02	0.000000000000000000e+00
-3.000641999999999825e+04	0.000000000000000000e+00	0.000000000000000000e+00	6.408886989959410377e-03	0.000000000000000000e+00
-3.000640000000000146e+04	0.000000000000000000e+00	0.000000000000000000e+00	9.765923032319101527e-03	0.000000000000000000e+00
-3.000638999999999942e+04	0.000000000000000000e+00	0.000000000000000000e+00	2.044740134891812056e-02	0.000000000000000000e+00
-3.000636999999999898e+04	0.000000000000000000e+00	0.000000000000000000e+00	9.460737937559129604e-03	0.000000000000000000e+00
-3.000634999999999854e+04	0.000000000000000000e+00	0.000000000000000000e+00	1.678518021179845748e-02	0.000000000000000000e+00
-3.000631999999999971e+04	0.000000000000000000e+00	0.000000000000000000e+00	1.007110812707907345e-02	0.000000000000000000e+00
-3.000629999999999927e+04	0.000000000000000000e+00	0.000000000000000000e+00	1.709036530655842767e-02	0.000000000000000000e+00
-3.000627999999999884e+04	0.000000000000000000e+00	0.000000000000000000e+00	1.220740379039887691e-02	0.000000000000000000e+00
-3.000625999999999840e+04	0.000000000000000000e+00	0.000000000000000000e+00	1.434369945371868037e-02	0.000000000000000000e+00
-3.000625000000000000e+04	0.000000000000000000e+00	0.000000000000000000e+00	9.460737937559129604e-03	0.000000000000000000e+00
-3.000622999999999956e+04	0.000000000000000000e+00	0.000000000000000000e+00	2.624591814935758535e-02	0.000000000000000000e+00
-3.000620999999999913e+04	0.000000000000000000e+00	0.000000000000000000e+00	1.586962492751853998e-02	0.000000000000000000e+00
-3.000618999999999869e+04	0.000000000000000000e+00	0.000000000000000000e+00	1.098666341135898922e-02	0.000000000000000000e+00
-3.000618000000000029e+04	0.000000000000000000e+00	0.000000000000000000e+00	2.899258400219733439e-02	0.000000000000000000e+00
-3.000615999999999985e+04	0.000000000000000000e+00	0.000000000000000000e+00	1.220740379039887691e-02	0.000000000000000000e+00
-3.000613000000000102e+04	0.000000000000000000e+00	0.000000000000000000e+00	1.770073549607837152e-02	0.000000000000000000e+00
-3.000611000000000058e+04	0.000000000000000000e+00	0.000000000000000000e+00	1.647999511703848383e-02	0.000000000000000000e+00
-3.000609000000000015e+04	0.000000000000000000e+00	0.000000000000000000e+00	1.556443983275856806e-02	0.000000000000000000e+00
-3.000606000000000131e+04	0.000000000000000000e+00	0.000000000000000000e+00	1.190221869563890499e-02	0.000000000000000000e+00
-3.000602999999999884e+04	0.000000000000000000e+00	0.000000000000000000e+00	1.525925473799859614e-02	0.000000000000000000e+00
-3.000600000000000000e+04	0.000000000000000000e+00	0.000000000000000000e+00	1.281777397991882075e-02	0.000000000000000000e+00
-3.000597999999999956e+04	0.000000000000000000e+00	0.000000000000000000e+00	8.545182653279213836e-03	0.000000000000000000e+00
-3.000595000000000073e+04	0.000000000000000000e+00	0.000000000000000000e+00	1.709036530655842767e-02	0.000000000000000000e+00
-3.000593000000000029e+04	0.000000000000000000e+00	0.000000000000000000e+00	1.220740379039887691e-02	0.000000000000000000e+00
-3.000591999999999825e+04	0.000000000000000000e+00	0.000000000000000000e+00	1.495406964323862421e-02	0.000000000000000000e+00
-3.000588999999999942e+04	0.000000000000000000e+00	0.000000000000000000e+00	1.800592059083834517e-02	0.000000000000000000e+00
-3.000586000000000058e+04	0.000000000000000000e+00	0.000000000000000000e+00	1.495406964323862421e-02	0.000000000000000000e+00
-3.000584000000000015e+04	0.000000000000000000e+00	0.000000000000000000e+00	1.464888454847865229e-02	0.000000000000000000e+00
-3.000581000000000131e+04	0.000000000000000000e+00	0.000000000000000000e+00	1.220740379039887691e-02	0.000000000000000000e+00
-3.000579000000000087e+04	0.000000000000000000e+00	0.000000000000000000e+00	1.647999511703848383e-02	0.000000000000000000e+00
-3.000575999999999840e+04	0.000000000000000000e+00	0.000000000000000000e+00	1.403851435895870844e-02	0.000000000000000000e+00
-3.000574000000000160e+04	0.000000000000000000e+00	0.000000000000000000e+00	1.770073549607837152e-02	0.000000000000000000e+00
-3.000570999999999913e+04	0.000000000000000000e+00	0.000000000000000000e+00	1.831110568559831536e-02	0.000000000000000000e+00
-3.000568000000000029e+04	0.000000000000000000e+00	0.000000000000000000e+00	1.312295907467879268e-02	0.000000000000000000e+00
-3.000565000000000146e+04	0.000000000000000000e+00	0.000000000000000000e+00	1.220740379039887691e-02	0.000000000000000000e+00
-3.000561999999999898e+04	0.000000000000000000e+00	0.000000000000000000e+00	1.464888454847865229e-02	0.000000000000000000e+00
-3.000558000000000175e+04	0.000000000000000000e+00	0.000000000000000000e+00	1.434369945371868037e-02	0.000000000000000000e+00
-3.000556000000000131e+04	0.000000000000000000e+00	0.000000000000000000e+00	1.495406964323862421e-02	0.000000000000000000e+00
-3.000554000000000087e+04	0.000000000000000000e+00	0.000000000000000000e+00	1.403851435895870844e-02	0.000000000000000000e+00
-3.000550999999999840e+04	0.000000000000000000e+00	0.000000000000000000e+00	1.709036530655842767e-02	0.000000000000000000e+00
-3.000549000000000160e+04	0.000000000000000000e+00	0.000000000000000000e+00	1.342814416943876460e-02	0.000000000000000000e+00
-3.000545999999999913e+04	0.000000000000000000e+00	0.000000000000000000e+00	1.556443983275856806e-02	0.000000000000000000e+00
-3.000543000000000029e+04	0.000000000000000000e+00	0.000000000000000000e+00	1.129184850611896114e-02	0.000000000000000000e+00
-3.000540999999999985e+04	0.000000000000000000e+00	0.000000000000000000e+00	1.251258888515884883e-02	0.000000000000000000e+00
-3.000540000000000146e+04	0.000000000000000000e+00	0.000000000000000000e+00	1.190221869563890499e-02	0.000000000000000000e+00
-3.000536999999999898e+04	0.000000000000000000e+00	0.000000000000000000e+00	2.838221381267739055e-02	0.000000000000000000e+00
-3.000534000000000015e+04	0.000000000000000000e+00	0.000000000000000000e+00	1.464888454847865229e-02	0.000000000000000000e+00
-3.000531000000000131e+04	0.000000000000000000e+00	0.000000000000000000e+00	1.129184850611896114e-02	0.000000000000000000e+00
-3.000527999999999884e+04	0.000000000000000000e+00	0.000000000000000000e+00	2.349925229651783978e-02	0.000000000000000000e+00
-3.000525000000000000e+04	0.000000000000000000e+00	0.000000000000000000e+00	1.495406964323862421e-02	0.000000000000000000e+00
-3.000520999999999913e+04	0.000000000000000000e+00	0.000000000000000000e+00	1.403851435895870844e-02	0.000000000000000000e+00
-3.000518000000000029e+04	0.000000000000000000e+00	0.000000000000000000e+00	1.007110812707907345e-02	0.000000000000000000e+00
-3.000515999999999985e+04	0.000000000000000000e+00	0.000000000000000000e+00	1.770073549607837152e-02	0.000000000000000000e+00
-3.000515000000000146e+04	0.000000000000000000e+00	0.000000000000000000e+00	1.007110812707907345e-02	0.000000000000000000e+00
-3.000511999999999898e+04	0.000000000000000000e+00	0.000000000000000000e+00	1.739555040131840133e-02	0.000000000000000000e+00
-3.000509000000000015e+04	0.000000000000000000e+00	0.000000000000000000e+00	1.586962492751853998e-02	0.000000000000000000e+00
-3.000504999999999927e+04	0.000000000000000000e+00	0.000000000000000000e+00	1.220740379039887691e-02	0.000000000000000000e+00
-3.000502000000000044e+04	0.000000000000000000e+00	0.000000000000000000e+00	1.220740379039887691e-02	0.000000000000000000e+00
-3.000500999999999840e+04	0.000000000000000000e+00	0.000000000000000000e+00	2.594073305459761516e-02	0.000000000000000000e+00
-3.000497999999999956e+04	0.000000000000000000e+00	0.000000000000000000e+00	3.082369457075716593e-02	0.000000000000000000e+00
-3.000495999999999913e+04	0.000000000000000000e+00	0.000000000000000000e+00	1.495406964323862421e-02	0.000000000000000000e+00
-3.000491999999999825e+04	0.000000000000000000e+00	0.000000000000000000e+00	1.342814416943876460e-02	0.000000000000000000e+00
-3.000488999999999942e+04	0.000000000000000000e+00	0.000000000000000000e+00	-1.220740379039887691e-03	0.000000000000000000e+00
-3.000486999999999898e+04	0.000000000000000000e+00	0.000000000000000000e+00	1.464888454847865229e-02	0.000000000000000000e+00
-3.000484999999999854e+04	0.000000000000000000e+00	0.000000000000000000e+00	1.312295907467879268e-02	0.000000000000000000e+00
-3.000481000000000131e+04	0.000000000000000000e+00	0.000000000000000000e+00	2.441480758079775382e-02	0.000000000000000000e+00
-3.000477999999999884e+04	0.000000000000000000e+00	0.000000000000000000e+00	2.258369701223792228e-02	0.000000000000000000e+00
-3.000475999999999840e+04	0.000000000000000000e+00	0.000000000000000000e+00	1.342814416943876460e-02	0.000000000000000000e+00
-3.000472999999999956e+04	0.000000000000000000e+00	0.000000000000000000e+00	2.380443739127780997e-02	0.000000000000000000e+00
-3.000470000000000073e+04	0.000000000000000000e+00	0.000000000000000000e+00	2.471999267555772747e-02	0.000000000000000000e+00
-3.000465999999999985e+04	0.000000000000000000e+00	0.000000000000000000e+00	1.129184850611896114e-02	0.000000000000000000e+00
-3.000461999999999898e+04	0.000000000000000000e+00	0.000000000000000000e+00	1.709036530655842767e-02	0.000000000000000000e+00
-3.000458000000000175e+04	0.000000000000000000e+00	0.000000000000000000e+00	2.044740134891812056e-02	0.000000000000000000e+00
-3.000454999999999927e+04	0.000000000000000000e+00	0.000000000000000000e+00	1.342814416943876460e-02	0.000000000000000000e+00
-3.000450999999999840e+04	0.000000000000000000e+00	0.000000000000000000e+00	2.410962248603778363e-02	0.000000000000000000e+00
-3.000447999999999956e+04	0.000000000000000000e+00	0.000000000000000000e+00	1.220740379039887691e-02	0.000000000000000000e+00
-3.000445000000000073e+04	0.000000000000000000e+00	0.000000000000000000e+00	1.037629322183904537e-02	0.000000000000000000e+00
-3.000441999999999825e+04	0.000000000000000000e+00	0.000000000000000000e+00	1.434369945371868037e-02	0.000000000000000000e+00
-3.000438999999999942e+04	0.000000000000000000e+00	0.000000000000000000e+00	1.525925473799859614e-02	0.000000000000000000e+00
-3.000436999999999898e+04	0.000000000000000000e+00	0.000000000000000000e+00	1.129184850611896114e-02	0.000000000000000000e+00
-3.000434999999999854e+04	0.000000000000000000e+00	0.000000000000000000e+00	1.800592059083834517e-02	0.000000000000000000e+00
-3.000433000000000175e+04	0.000000000000000000e+00	0.000000000000000000e+00	1.281777397991882075e-02	0.000000000000000000e+00
-3.000429000000000087e+04	0.000000000000000000e+00	0.000000000000000000e+00	2.410962248603778363e-02	0.000000000000000000e+00
-3.000425000000000000e+04	0.000000000000000000e+00	0.000000000000000000e+00	2.716147343363750286e-02	0.000000000000000000e+00
-3.000422000000000116e+04	0.000000000000000000e+00	0.000000000000000000e+00	2.441480758079775382e-02	0.000000000000000000e+00
-3.000418000000000029e+04	0.000000000000000000e+00	0.000000000000000000e+00	1.495406964323862421e-02	0.000000000000000000e+00
-3.000415000000000146e+04	0.000000000000000000e+00	0.000000000000000000e+00	1.129184850611896114e-02	0.000000000000000000e+00
-3.000411000000000058e+04	0.000000000000000000e+00	0.000000000000000000e+00	2.380443739127780997e-02	0.000000000000000000e+00
-3.000406999999999971e+04	0.000000000000000000e+00	0.000000000000000000e+00	1.312295907467879268e-02	0.000000000000000000e+00
-3.000404000000000087e+04	0.000000000000000000e+00	0.000000000000000000e+00	1.068147831659901729e-02	0.000000000000000000e+00
-3.000402000000000044e+04	0.000000000000000000e+00	0.000000000000000000e+00	1.190221869563890499e-02	0.000000000000000000e+00
-3.000400999999999840e+04	0.000000000000000000e+00	0.000000000000000000e+00	9.460737937559129604e-03	0.000000000000000000e+00
-3.000397999999999956e+04	0.000000000000000000e+00	0.000000000000000000e+00	1.525925473799859614e-02	0.000000000000000000e+00
-3.000395000000000073e+04	0.000000000000000000e+00	0.000000000000000000e+00	1.403851435895870844e-02	0.000000000000000000e+00
-3.000391999999999825e+04	0.000000000000000000e+00	0.000000000000000000e+00	1.556443983275856806e-02	0.000000000000000000e+00
-3.000388999999999942e+04	0.000000000000000000e+00	0.000000000000000000e+00	1.953184606463820305e-02	0.000000000000000000e+00
-3.000386999999999898e+04	0.000000000000000000e+00	0.000000000000000000e+00	1.678518021179845748e-02	0.000000000000000000e+00
-3.000384000000000015e+04	0.000000000000000000e+00	0.000000000000000000e+00	6.103701895199438454e-04	0.000000000000000000e+00
-3.000381000000000131e+04	0.000000000000000000e+00	0.000000000000000000e+00	8.239997558519241913e-03	0.000000000000000000e+00
-3.000379000000000087e+04	0.000000000000000000e+00	0.000000000000000000e+00	1.007110812707907345e-02	0.000000000000000000e+00
-3.000375999999999840e+04	0.000000000000000000e+00	0.000000000000000000e+00	1.037629322183904537e-02	0.000000000000000000e+00
-3.000374000000000160e+04	0.000000000000000000e+00	0.000000000000000000e+00	1.678518021179845748e-02	0.000000000000000000e+00
-3.000372000000000116e+04	0.000000000000000000e+00	0.000000000000000000e+00	1.678518021179845748e-02	0.000000000000000000e+00
-3.000370000000000073e+04	0.000000000000000000e+00	0.000000000000000000e+00	1.129184850611896114e-02	0.000000000000000000e+00
-3.000366999999999825e+04	0.000000000000000000e+00	0.000000000000000000e+00	1.464888454847865229e-02	0.000000000000000000e+00
-3.000365000000000146e+04	0.000000000000000000e+00	0.000000000000000000e+00	1.068147831659901729e-02	0.000000000000000000e+00
-3.000363000000000102e+04	0.000000000000000000e+00	0.000000000000000000e+00	1.434369945371868037e-02	0.000000000000000000e+00
-3.000359999999999854e+04	0.000000000000000000e+00	0.000000000000000000e+00	2.807702871791741689e-02	0.000000000000000000e+00
-3.000356999999999971e+04	0.000000000000000000e+00	0.000000000000000000e+00	2.594073305459761516e-02	0.000000000000000000e+00
-3.000354999999999927e+04	0.000000000000000000e+00	0.000000000000000000e+00	1.342814416943876460e-02	0.000000000000000000e+00
-3.000352999999999884e+04	0.000000000000000000e+00	0.000000000000000000e+00	1.770073549607837152e-02	0.000000000000000000e+00
-3.000350999999999840e+04	0.000000000000000000e+00	0.000000000000000000e+00	9.765923032319101527e-03	0.000000000000000000e+00
-3.000349000000000160e+04	0.000000000000000000e+00	0.000000000000000000e+00	1.922666096987823287e-02	0.000000000000000000e+00
-3.000347000000000116e+04	0.000000000000000000e+00	0.000000000000000000e+00	1.892147587511825921e-02	0.000000000000000000e+00
-3.000345000000000073e+04	0.000000000000000000e+00	0.000000000000000000e+00	2.899258400219733439e-02	0.000000000000000000e+00
-3.000343000000000029e+04	0.000000000000000000e+00	0.000000000000000000e+00	1.953184606463820305e-02	0.000000000000000000e+00
-3.000340999999999985e+04	0.000000000000000000e+00	0.000000000000000000e+00	1.556443983275856806e-02	0.000000000000000000e+00
-3.000338999999999942e+04	0.000000000000000000e+00	0.000000000000000000e+00	2.166814172795800825e-02	0.000000000000000000e+00
-3.000336000000000058e+04	0.000000000000000000e+00	0.000000000000000000e+00	1.464888454847865229e-02	0.000000000000000000e+00
-3.000333000000000175e+04	0.000000000000000000e+00	0.000000000000000000e+00	2.746665852839747304e-02	0.000000000000000000e+00
-3.000331000000000131e+04	0.000000000000000000e+00	0.000000000000000000e+00	1.434369945371868037e-02	0.000000000000000000e+00
-3.000329000000000087e+04	0.000000000000000000e+00	0.000000000000000000e+00	1.525925473799859614e-02	0.000000000000000000e+00
-3.000325999999999840e+04	0.000000000000000000e+00	0.000000000000000000e+00	9.460737937559129604e-03	0.000000000000000000e+00
-3.000324000000000160e+04	0.000000000000000000e+00	0.000000000000000000e+00	9.460737937559129604e-03	0.000000000000000000e+00
-3.000322000000000116e+04	0.000000000000000000e+00	0.000000000000000000e+00	1.464888454847865229e-02	0.000000000000000000e+00
-3.000320000000000073e+04	0.000000000000000000e+00	0.000000000000000000e+00	9.765923032319101527e-03	0.000000000000000000e+00
-3.000318000000000029e+04	0.000000000000000000e+00	0.000000000000000000e+00	1.342814416943876460e-02	0.000000000000000000e+00
-3.000315000000000146e+04	0.000000000000000000e+00	0.000000000000000000e+00	1.251258888515884883e-02	0.000000000000000000e+00
-3.000313999999999942e+04	0.000000000000000000e+00	0.000000000000000000e+00	2.197332682271797843e-02	0.000000000000000000e+00
-3.000311999999999898e+04	0.000000000000000000e+00	0.000000000000000000e+00	2.441480758079775382e-02	0.000000000000000000e+00
-3.000309999999999854e+04	0.000000000000000000e+00	0.000000000000000000e+00	1.800592059083834517e-02	0.000000000000000000e+00
-3.000308000000000175e+04	0.000000000000000000e+00	0.000000000000000000e+00	2.136295663319803459e-02	0.000000000000000000e+00
-3.000306000000000131e+04	0.000000000000000000e+00	0.000000000000000000e+00	7.629627368999298068e-03	0.000000000000000000e+00
-3.000304999999999927e+04	0.000000000000000000e+00	0.000000000000000000e+00	8.850367748039185758e-03	0.000000000000000000e+00
-3.000302999999999884e+04	0.000000000000000000e+00	0.000000000000000000e+00	1.770073549607837152e-02	0.000000000000000000e+00
-3.000300000000000000e+04	0.000000000000000000e+00	0.000000000000000000e+00	1.220740379039887691e-02	0.000000000000000000e+00
-3.000297999999999956e+04	0.000000000000000000e+00	0.000000000000000000e+00	1.770073549607837152e-02	0.000000000000000000e+00
-3.000293999999999869e+04	0.000000000000000000e+00	0.000000000000000000e+00	1.892147587511825921e-02	0.000000000000000000e+00
-3.000291999999999825e+04	0.000000000000000000e+00	0.000000000000000000e+00	1.800592059083834517e-02	0.000000000000000000e+00
-3.000288999999999942e+04	0.000000000000000000e+00	0.000000000000000000e+00	1.709036530655842767e-02	0.000000000000000000e+00
-3.000286000000000058e+04	0.000000000000000000e+00	0.000000000000000000e+00	1.495406964323862421e-02	0.000000000000000000e+00
-3.000284000000000015e+04	0.000000000000000000e+00	0.000000000000000000e+00	1.403851435895870844e-02	0.000000000000000000e+00
-3.000281999999999971e+04	0.000000000000000000e+00	0.000000000000000000e+00	1.525925473799859614e-02	0.000000000000000000e+00
-3.000279999999999927e+04	0.000000000000000000e+00	0.000000000000000000e+00	1.495406964323862421e-02	0.000000000000000000e+00
-3.000277000000000044e+04	0.000000000000000000e+00	0.000000000000000000e+00	1.403851435895870844e-02	0.000000000000000000e+00
-3.000275000000000000e+04	0.000000000000000000e+00	0.000000000000000000e+00	1.464888454847865229e-02	0.000000000000000000e+00
-3.000272999999999956e+04	0.000000000000000000e+00	0.000000000000000000e+00	2.136295663319803459e-02	0.000000000000000000e+00
-3.000270999999999913e+04	0.000000000000000000e+00	0.000000000000000000e+00	1.739555040131840133e-02	0.000000000000000000e+00
-3.000268000000000029e+04	0.000000000000000000e+00	0.000000000000000000e+00	2.441480758079775382e-02	0.000000000000000000e+00
-3.000265000000000146e+04	0.000000000000000000e+00	0.000000000000000000e+00	3.540147099215674303e-02	0.000000000000000000e+00
-3.000263000000000102e+04	0.000000000000000000e+00	0.000000000000000000e+00	1.312295907467879268e-02	0.000000000000000000e+00
-3.000261000000000058e+04	0.000000000000000000e+00	0.000000000000000000e+00	6.408886989959410377e-03	0.000000000000000000e+00
-3.000259999999999854e+04	0.000000000000000000e+00	0.000000000000000000e+00	1.098666341135898922e-02	0.000000000000000000e+00
-3.000258000000000175e+04	0.000000000000000000e+00	0.000000000000000000e+00	1.190221869563890499e-02	0.000000000000000000e+00
-3.000256999999999971e+04	0.000000000000000000e+00	0.000000000000000000e+00	1.495406964323862421e-02	0.000000000000000000e+00
-3.000256000000000131e+04	0.000000000000000000e+00	0.000000000000000000e+00	1.586962492751853998e-02	0.000000000000000000e+00
-3.000254000000000087e+04	0.000000000000000000e+00	0.000000000000000000e+00	1.800592059083834517e-02	0.000000000000000000e+00
-3.000252000000000044e+04	0.000000000000000000e+00	0.000000000000000000e+00	2.685628833887752920e-02	0.000000000000000000e+00
-3.000250999999999840e+04	0.000000000000000000e+00	0.000000000000000000e+00	2.716147343363750286e-02	0.000000000000000000e+00
-3.000249000000000160e+04	0.000000000000000000e+00	0.000000000000000000e+00	2.929776909695730458e-02	0.000000000000000000e+00
-3.000245999999999913e+04	0.000000000000000000e+00	0.000000000000000000e+00	1.495406964323862421e-02	0.000000000000000000e+00
-3.000243999999999869e+04	0.000000000000000000e+00	0.000000000000000000e+00	1.190221869563890499e-02	0.000000000000000000e+00
-3.000240999999999985e+04	0.000000000000000000e+00	0.000000000000000000e+00	1.281777397991882075e-02	0.000000000000000000e+00
-3.000238000000000102e+04	0.000000000000000000e+00	0.000000000000000000e+00	1.678518021179845748e-02	0.000000000000000000e+00
-3.000234999999999854e+04	0.000000000000000000e+00	0.000000000000000000e+00	1.647999511703848383e-02	0.000000000000000000e+00
-3.000233000000000175e+04	0.000000000000000000e+00	0.000000000000000000e+00	1.922666096987823287e-02	0.000000000000000000e+00
-3.000231000000000131e+04	0.000000000000000000e+00	0.000000000000000000e+00	1.831110568559831536e-02	0.000000000000000000e+00
-3.000227999999999884e+04	0.000000000000000000e+00	0.000000000000000000e+00	1.312295907467879268e-02	0.000000000000000000e+00
-3.000225999999999840e+04	0.000000000000000000e+00	0.000000000000000000e+00	1.434369945371868037e-02	0.000000000000000000e+00
-3.000222999999999956e+04	0.000000000000000000e+00	0.000000000000000000e+00	1.922666096987823287e-02	0.000000000000000000e+00
-3.000220000000000073e+04	0.000000000000000000e+00	0.000000000000000000e+00	1.678518021179845748e-02	0.000000000000000000e+00
-3.000218000000000029e+04	0.000000000000000000e+00	0.000000000000000000e+00	1.556443983275856806e-02	0.000000000000000000e+00
-3.000215000000000146e+04	0.000000000000000000e+00	0.000000000000000000e+00	1.678518021179845748e-02	0.000000000000000000e+00
-3.000213000000000102e+04	0.000000000000000000e+00	0.000000000000000000e+00	1.434369945371868037e-02	0.000000000000000000e+00
-3.000211000000000058e+04	0.000000000000000000e+00	0.000000000000000000e+00	1.342814416943876460e-02	0.000000000000000000e+00
-3.000208000000000175e+04	0.000000000000000000e+00	0.000000000000000000e+00	2.349925229651783978e-02	0.000000000000000000e+00
-3.000204999999999927e+04	0.000000000000000000e+00	0.000000000000000000e+00	2.014221625415814690e-02	0.000000000000000000e+00
-3.000202999999999884e+04	0.000000000000000000e+00	0.000000000000000000e+00	2.166814172795800825e-02	0.000000000000000000e+00
-3.000200000000000000e+04	0.000000000000000000e+00	0.000000000000000000e+00	1.190221869563890499e-02	0.000000000000000000e+00
-3.000197999999999956e+04	0.000000000000000000e+00	0.000000000000000000e+00	1.831110568559831536e-02	0.000000000000000000e+00
-3.000193999999999869e+04	0.000000000000000000e+00	0.000000000000000000e+00	1.800592059083834517e-02	0.000000000000000000e+00
-3.000191999999999825e+04	0.000000000000000000e+00	0.000000000000000000e+00	1.251258888515884883e-02	0.000000000000000000e+00
-3.000188999999999942e+04	0.000000000000000000e+00	0.000000000000000000e+00	1.434369945371868037e-02	0.000000000000000000e+00
-3.000186999999999898e+04	0.000000000000000000e+00	0.000000000000000000e+00	1.251258888515884883e-02	0.000000000000000000e+00
-3.000184999999999854e+04	0.000000000000000000e+00	0.000000000000000000e+00	2.380443739127780997e-02	0.000000000000000000e+00
-3.000181999999999971e+04	0.000000000000000000e+00	0.000000000000000000e+00	2.380443739127780997e-02	0.000000000000000000e+00
-3.000181000000000131e+04	0.000000000000000000e+00	0.000000000000000000e+00	2.349925229651783978e-02	0.000000000000000000e+00
-3.000179000000000087e+04	0.000000000000000000e+00	0.000000000000000000e+00	1.831110568559831536e-02	0.000000000000000000e+00
-3.000177000000000044e+04	0.000000000000000000e+00	0.000000000000000000e+00	2.594073305459761516e-02	0.000000000000000000e+00
-3.000175999999999840e+04	0.000000000000000000e+00	0.000000000000000000e+00	1.678518021179845748e-02	0.000000000000000000e+00
-3.000172999999999956e+04	0.000000000000000000e+00	0.000000000000000000e+00	1.495406964323862421e-02	0.000000000000000000e+00
-3.000170999999999913e+04	0.000000000000000000e+00	0.000000000000000000e+00	1.678518021179845748e-02	0.000000000000000000e+00
-3.000168999999999869e+04	0.000000000000000000e+00	0.000000000000000000e+00	1.739555040131840133e-02	0.000000000000000000e+00
-3.000166999999999825e+04	0.000000000000000000e+00	0.000000000000000000e+00	1.831110568559831536e-02	0.000000000000000000e+00
-3.000163000000000102e+04	0.000000000000000000e+00	0.000000000000000000e+00	1.556443983275856806e-02	0.000000000000000000e+00
-3.000159999999999854e+04	0.000000000000000000e+00	0.000000000000000000e+00	1.770073549607837152e-02	0.000000000000000000e+00
-3.000156999999999971e+04	0.000000000000000000e+00	0.000000000000000000e+00	1.739555040131840133e-02	0.000000000000000000e+00
-3.000154999999999927e+04	0.000000000000000000e+00	0.000000000000000000e+00	2.868739890743736073e-02	0.000000000000000000e+00
-3.000152999999999884e+04	0.000000000000000000e+00	0.000000000000000000e+00	2.014221625415814690e-02	0.000000000000000000e+00
-3.000150999999999840e+04	0.000000000000000000e+00	0.000000000000000000e+00	2.685628833887752920e-02	0.000000000000000000e+00
-3.000147999999999956e+04	0.000000000000000000e+00	0.000000000000000000e+00	2.441480758079775382e-02	0.000000000000000000e+00
-3.000145999999999913e+04	0.000000000000000000e+00	0.000000000000000000e+00	7.629627368999298068e-03	0.000000000000000000e+00
-3.000143999999999869e+04	0.000000000000000000e+00	0.000000000000000000e+00	1.556443983275856806e-02	0.000000000000000000e+00
-3.000140999999999985e+04	0.000000000000000000e+00	0.000000000000000000e+00	2.014221625415814690e-02	0.000000000000000000e+00
-3.000136999999999898e+04	0.000000000000000000e+00	0.000000000000000000e+00	8.850367748039185758e-03	0.000000000000000000e+00
-3.000134000000000015e+04	0.000000000000000000e+00	0.000000000000000000e+00	1.342814416943876460e-02	0.000000000000000000e+00
-3.000131000000000131e+04	0.000000000000000000e+00	0.000000000000000000e+00	1.037629322183904537e-02	0.000000000000000000e+00
-3.000127999999999884e+04	0.000000000000000000e+00	0.000000000000000000e+00	1.464888454847865229e-02	0.000000000000000000e+00
-3.000127000000000044e+04	0.000000000000000000e+00	0.000000000000000000e+00	7.934812463759269990e-03	0.000000000000000000e+00
-3.000125000000000000e+04	0.000000000000000000e+00	0.000000000000000000e+00	1.831110568559831536e-02	0.000000000000000000e+00
-3.000122000000000116e+04	0.000000000000000000e+00	0.000000000000000000e+00	2.655110324411755901e-02	0.000000000000000000e+00
-3.000118999999999869e+04	0.000000000000000000e+00	0.000000000000000000e+00	2.868739890743736073e-02	0.000000000000000000e+00
-3.000115000000000146e+04	0.000000000000000000e+00	0.000000000000000000e+00	2.044740134891812056e-02	0.000000000000000000e+00
-3.000111999999999898e+04	0.000000000000000000e+00	0.000000000000000000e+00	2.380443739127780997e-02	0.000000000000000000e+00
-3.000109999999999854e+04	0.000000000000000000e+00	0.000000000000000000e+00	2.014221625415814690e-02	0.000000000000000000e+00
-3.000108000000000175e+04	0.000000000000000000e+00	0.000000000000000000e+00	1.983703115939817671e-02	0.000000000000000000e+00
-3.000104999999999927e+04	0.000000000000000000e+00	0.000000000000000000e+00	1.464888454847865229e-02	0.000000000000000000e+00
-3.000102000000000044e+04	0.000000000000000000e+00	0.000000000000000000e+00	1.739555040131840133e-02	0.000000000000000000e+00
-3.000099000000000160e+04	0.000000000000000000e+00	0.000000000000000000e+00	1.678518021179845748e-02	0.000000000000000000e+00
-3.000095999999999913e+04	0.000000000000000000e+00	0.000000000000000000e+00	2.471999267555772747e-02	0.000000000000000000e+00
-3.000093000000000029e+04	0.000000000000000000e+00	0.000000000000000000e+00	1.525925473799859614e-02	0.000000000000000000e+00
-3.000091999999999825e+04	0.000000000000000000e+00	0.000000000000000000e+00	1.892147587511825921e-02	0.000000000000000000e+00
-3.000090000000000146e+04	0.000000000000000000e+00	0.000000000000000000e+00	1.831110568559831536e-02	0.000000000000000000e+00
-3.000086999999999898e+04	0.000000000000000000e+00	0.000000000000000000e+00	1.831110568559831536e-02	0.000000000000000000e+00
-3.000083000000000175e+04	0.000000000000000000e+00	0.000000000000000000e+00	1.678518021179845748e-02	0.000000000000000000e+00
-3.000081000000000131e+04	0.000000000000000000e+00	0.000000000000000000e+00	1.434369945371868037e-02	0.000000000000000000e+00
-3.000077999999999884e+04	0.000000000000000000e+00	0.000000000000000000e+00	1.647999511703848383e-02	0.000000000000000000e+00
-3.000074000000000160e+04	0.000000000000000000e+00	0.000000000000000000e+00	1.220740379039887691e-02	0.000000000000000000e+00
-3.000072000000000116e+04	0.000000000000000000e+00	0.000000000000000000e+00	2.166814172795800825e-02	0.000000000000000000e+00
-3.000070999999999913e+04	0.000000000000000000e+00	0.000000000000000000e+00	2.380443739127780997e-02	0.000000000000000000e+00
-3.000068000000000029e+04	0.000000000000000000e+00	0.000000000000000000e+00	1.342814416943876460e-02	0.000000000000000000e+00
-3.000065999999999985e+04	0.000000000000000000e+00	0.000000000000000000e+00	2.014221625415814690e-02	0.000000000000000000e+00
-3.000063999999999942e+04	0.000000000000000000e+00	0.000000000000000000e+00	1.007110812707907345e-02	0.000000000000000000e+00
-3.000061000000000058e+04	0.000000000000000000e+00	0.000000000000000000e+00	1.892147587511825921e-02	0.000000000000000000e+00
-3.000058000000000175e+04	0.000000000000000000e+00	0.000000000000000000e+00	2.868739890743736073e-02	0.000000000000000000e+00
-3.000054000000000087e+04	0.000000000000000000e+00	0.000000000000000000e+00	1.495406964323862421e-02	0.000000000000000000e+00
-3.000052000000000044e+04	0.000000000000000000e+00	0.000000000000000000e+00	1.190221869563890499e-02	0.000000000000000000e+00
-3.000049000000000160e+04	0.000000000000000000e+00	0.000000000000000000e+00	1.434369945371868037e-02	0.000000000000000000e+00
-3.000047000000000116e+04	0.000000000000000000e+00	0.000000000000000000e+00	1.831110568559831536e-02	0.000000000000000000e+00
-3.000043999999999869e+04	0.000000000000000000e+00	0.000000000000000000e+00	1.922666096987823287e-02	0.000000000000000000e+00
-3.000040999999999985e+04	0.000000000000000000e+00	0.000000000000000000e+00	2.746665852839747304e-02	0.000000000000000000e+00
-3.000038999999999942e+04	0.000000000000000000e+00	0.000000000000000000e+00	2.624591814935758535e-02	0.000000000000000000e+00
-3.000036000000000058e+04	0.000000000000000000e+00	0.000000000000000000e+00	1.251258888515884883e-02	0.000000000000000000e+00
-3.000033000000000175e+04	0.000000000000000000e+00	0.000000000000000000e+00	1.342814416943876460e-02	0.000000000000000000e+00
-3.000029999999999927e+04	0.000000000000000000e+00	0.000000000000000000e+00	1.647999511703848383e-02	0.000000000000000000e+00
-3.000027999999999884e+04	0.000000000000000000e+00	0.000000000000000000e+00	2.838221381267739055e-02	0.000000000000000000e+00
-3.000025999999999840e+04	0.000000000000000000e+00	0.000000000000000000e+00	1.709036530655842767e-02	0.000000000000000000e+00
-3.000024000000000160e+04	0.000000000000000000e+00	0.000000000000000000e+00	1.678518021179845748e-02	0.000000000000000000e+00
-3.000020999999999913e+04	0.000000000000000000e+00	0.000000000000000000e+00	2.197332682271797843e-02	0.000000000000000000e+00
-3.000018000000000029e+04	0.000000000000000000e+00	0.000000000000000000e+00	1.068147831659901729e-02	0.000000000000000000e+00
-3.000015999999999985e+04	0.000000000000000000e+00	0.000000000000000000e+00	1.190221869563890499e-02	0.000000000000000000e+00
-3.000013000000000102e+04	0.000000000000000000e+00	0.000000000000000000e+00	1.190221869563890499e-02	0.000000000000000000e+00
-3.000009000000000015e+04	0.000000000000000000e+00	0.000000000000000000e+00	1.892147587511825921e-02	0.000000000000000000e+00
-3.000006000000000131e+04	0.000000000000000000e+00	0.000000000000000000e+00	3.997924741355632361e-02	0.000000000000000000e+00
-3.000004000000000087e+04	0.000000000000000000e+00	0.000000000000000000e+00	1.770073549607837152e-02	0.000000000000000000e+00
-3.000000999999999840e+04	0.000000000000000000e+00	0.000000000000000000e+00	1.831110568559831536e-02	0.000000000000000000e+00
-2.999997000000000116e+04	0.000000000000000000e+00	0.000000000000000000e+00	1.434369945371868037e-02	0.000000000000000000e+00
-2.999993999999999869e+04	0.000000000000000000e+00	0.000000000000000000e+00	1.281777397991882075e-02	0.000000000000000000e+00
-2.999990000000000146e+04	0.000000000000000000e+00	0.000000000000000000e+00	1.220740379039887691e-02	0.000000000000000000e+00
-2.999986999999999898e+04	0.000000000000000000e+00	0.000000000000000000e+00	1.770073549607837152e-02	0.000000000000000000e+00
-2.999983000000000175e+04	0.000000000000000000e+00	0.000000000000000000e+00	1.464888454847865229e-02	0.000000000000000000e+00
-2.999979000000000087e+04	0.000000000000000000e+00	0.000000000000000000e+00	1.892147587511825921e-02	0.000000000000000000e+00
-2.999975999999999840e+04	0.000000000000000000e+00	0.000000000000000000e+00	1.953184606463820305e-02	0.000000000000000000e+00
-2.999972000000000116e+04	0.000000000000000000e+00	0.000000000000000000e+00	2.533036286507767132e-02	0.000000000000000000e+00
-2.999968999999999869e+04	0.000000000000000000e+00	0.000000000000000000e+00	1.464888454847865229e-02	0.000000000000000000e+00
-2.999965999999999985e+04	0.000000000000000000e+00	0.000000000000000000e+00	1.586962492751853998e-02	0.000000000000000000e+00
-2.999963000000000102e+04	0.000000000000000000e+00	0.000000000000000000e+00	1.434369945371868037e-02	0.000000000000000000e+00
-2.999959999999999854e+04	0.000000000000000000e+00	0.000000000000000000e+00	1.709036530655842767e-02	0.000000000000000000e+00
-2.999956000000000131e+04	0.000000000000000000e+00	0.000000000000000000e+00	3.051850947599719227e-02	0.000000000000000000e+00
-2.999952999999999884e+04	0.000000000000000000e+00	0.000000000000000000e+00	1.342814416943876460e-02	0.000000000000000000e+00
-2.999947999999999956e+04	0.000000000000000000e+00	0.000000000000000000e+00	1.586962492751853998e-02	0.000000000000000000e+00
-2.999943999999999869e+04	0.000000000000000000e+00	0.000000000000000000e+00	8.850367748039185758e-03	0.000000000000000000e+00
-2.999940999999999985e+04	0.000000000000000000e+00	0.000000000000000000e+00	1.190221869563890499e-02	0.000000000000000000e+00
-2.999938000000000102e+04	0.000000000000000000e+00	0.000000000000000000e+00	2.288888210699789594e-02	0.000000000000000000e+00
-2.999936000000000058e+04	0.000000000000000000e+00	0.000000000000000000e+00	1.251258888515884883e-02	0.000000000000000000e+00
-2.999933000000000175e+04	0.000000000000000000e+00	0.000000000000000000e+00	1.709036530655842767e-02	0.000000000000000000e+00
-2.999931000000000131e+04	0.000000000000000000e+00	0.000000000000000000e+00	2.227851191747795209e-02	0.000000000000000000e+00
-2.999927999999999884e+04	0.000000000000000000e+00	0.000000000000000000e+00	1.312295907467879268e-02	0.000000000000000000e+00
-2.999925000000000000e+04	0.000000000000000000e+00	0.000000000000000000e+00	1.647999511703848383e-02	0.000000000000000000e+00
-2.999922999999999956e+04	0.000000000000000000e+00	0.000000000000000000e+00	2.868739890743736073e-02	0.000000000000000000e+00
-2.999920000000000073e+04	0.000000000000000000e+00	0.000000000000000000e+00	1.464888454847865229e-02	0.000000000000000000e+00
-2.999915999999999985e+04	0.000000000000000000e+00	0.000000000000000000e+00	1.983703115939817671e-02	0.000000000000000000e+00
-2.999913000000000102e+04	0.000000000000000000e+00	0.000000000000000000e+00	1.831110568559831536e-02	0.000000000000000000e+00
-2.999909999999999854e+04	0.000000000000000000e+00	0.000000000000000000e+00	1.312295907467879268e-02	0.000000000000000000e+00
-2.999909000000000015e+04	0.000000000000000000e+00	0.000000000000000000e+00	2.380443739127780997e-02	0.000000000000000000e+00
-2.999906000000000131e+04	0.000000000000000000e+00	0.000000000000000000e+00	1.556443983275856806e-02	0.000000000000000000e+00
-2.999902999999999884e+04	0.000000000000000000e+00	0.000000000000000000e+00	1.251258888515884883e-02	0.000000000000000000e+00
-2.999900999999999840e+04	0.000000000000000000e+00	0.000000000000000000e+00	2.349925229651783978e-02	0.000000000000000000e+00
-2.999897999999999956e+04	0.000000000000000000e+00	0.000000000000000000e+00	3.662221137119663072e-02	0.000000000000000000e+00
-2.999895999999999913e+04	0.000000000000000000e+00	0.000000000000000000e+00	2.471999267555772747e-02	0.000000000000000000e+00
-2.999893000000000029e+04	0.000000000000000000e+00	0.000000000000000000e+00	1.709036530655842767e-02	0.000000000000000000e+00
-2.999890000000000146e+04	0.000000000000000000e+00	0.000000000000000000e+00	2.594073305459761516e-02	0.000000000000000000e+00
-2.999886999999999898e+04	0.000000000000000000e+00	0.000000000000000000e+00	2.746665852839747304e-02	0.000000000000000000e+00
-2.999884000000000015e+04	0.000000000000000000e+00	0.000000000000000000e+00	2.014221625415814690e-02	0.000000000000000000e+00
-2.999881999999999971e+04	0.000000000000000000e+00	0.000000000000000000e+00	2.014221625415814690e-02	0.000000000000000000e+00
-2.999879000000000087e+04	0.000000000000000000e+00	0.000000000000000000e+00	2.288888210699789594e-02	0.000000000000000000e+00
-2.999877000000000044e+04	0.000000000000000000e+00	0.000000000000000000e+00	1.739555040131840133e-02	0.000000000000000000e+00
-2.999874000000000160e+04	0.000000000000000000e+00	0.000000000000000000e+00	1.800592059083834517e-02	0.000000000000000000e+00
-2.999870999999999913e+04	0.000000000000000000e+00	0.000000000000000000e+00	2.105777153843806440e-02	0.000000000000000000e+00
-2.999868999999999869e+04	0.000000000000000000e+00	0.000000000000000000e+00	2.868739890743736073e-02	0.000000000000000000e+00
-2.999868000000000029e+04	0.000000000000000000e+00	0.000000000000000000e+00	1.678518021179845748e-02	0.000000000000000000e+00
-2.999865999999999985e+04	0.000000000000000000e+00	0.000000000000000000e+00	1.770073549607837152e-02	0.000000000000000000e+00
-2.999863999999999942e+04	0.000000000000000000e+00	0.000000000000000000e+00	1.739555040131840133e-02	0.000000000000000000e+00
-2.999863000000000102e+04	0.000000000000000000e+00	0.000000000000000000e+00	1.739555040131840133e-02	0.000000000000000000e+00
-2.999859999999999854e+04	0.000000000000000000e+00	0.000000000000000000e+00	2.746665852839747304e-02	0.000000000000000000e+00
-2.999856999999999971e+04	0.000000000000000000e+00	0.000000000000000000e+00	1.892147587511825921e-02	0.000000000000000000e+00
-2.999854999999999927e+04	0.000000000000000000e+00	0.000000000000000000e+00	9.765923032319101527e-03	0.000000000000000000e+00
-2.999852000000000044e+04	0.000000000000000000e+00	0.000000000000000000e+00	1.892147587511825921e-02	0.000000000000000000e+00
-2.999850000000000000e+04	0.000000000000000000e+00	0.000000000000000000e+00	1.434369945371868037e-02	0.000000000000000000e+00
-2.999847000000000116e+04	0.000000000000000000e+00	0.000000000000000000e+00	1.647999511703848383e-02	0.000000000000000000e+00
-2.999845000000000073e+04	0.000000000000000000e+00	0.000000000000000000e+00	1.434369945371868037e-02	0.000000000000000000e+00
-2.999843000000000029e+04	0.000000000000000000e+00	0.000000000000000000e+00	2.288888210699789594e-02	0.000000000000000000e+00
-2.999840999999999985e+04	0.000000000000000000e+00	0.000000000000000000e+00	2.105777153843806440e-02	0.000000000000000000e+00
-2.999838000000000102e+04	0.000000000000000000e+00	0.000000000000000000e+00	1.739555040131840133e-02	0.000000000000000000e+00
-2.999834999999999854e+04	0.000000000000000000e+00	0.000000000000000000e+00	2.197332682271797843e-02	0.000000000000000000e+00
-2.999833000000000175e+04	0.000000000000000000e+00	0.000000000000000000e+00	2.166814172795800825e-02	0.000000000000000000e+00
-2.999829999999999927e+04	0.000000000000000000e+00	0.000000000000000000e+00	3.051850947599719227e-02	0.000000000000000000e+00
-2.999827000000000044e+04	0.000000000000000000e+00	0.000000000000000000e+00	1.831110568559831536e-02	0.000000000000000000e+00
-2.999825000000000000e+04	0.000000000000000000e+00	0.000000000000000000e+00	2.227851191747795209e-02	0.000000000000000000e+00
-2.999822000000000116e+04	0.000000000000000000e+00	0.000000000000000000e+00	2.533036286507767132e-02	0.000000000000000000e+00
-2.999818000000000029e+04	0.000000000000000000e+00	0.000000000000000000e+00	2.044740134891812056e-02	0.000000000000000000e+00
-2.999815000000000146e+04	0.000000000000000000e+00	0.000000000000000000e+00	1.678518021179845748e-02	0.000000000000000000e+00
-2.999813000000000102e+04	0.000000000000000000e+00	0.000000000000000000e+00	1.770073549607837152e-02	0.000000000000000000e+00
-2.999811000000000058e+04	0.000000000000000000e+00	0.000000000000000000e+00	3.051850947599719227e-02	0.000000000000000000e+00
-2.999809999999999854e+04	0.000000000000000000e+00	0.000000000000000000e+00	1.831110568559831536e-02	0.000000000000000000e+00
-2.999808000000000175e+04	0.000000000000000000e+00	0.000000000000000000e+00	1.983703115939817671e-02	0.000000000000000000e+00
-2.999804000000000087e+04	0.000000000000000000e+00	0.000000000000000000e+00	2.471999267555772747e-02	0.000000000000000000e+00
-2.999800999999999840e+04	0.000000000000000000e+00	0.000000000000000000e+00	2.471999267555772747e-02	0.000000000000000000e+00
-2.999799000000000160e+04	0.000000000000000000e+00	0.000000000000000000e+00	2.410962248603778363e-02	0.000000000000000000e+00
-2.999797999999999956e+04	0.000000000000000000e+00	0.000000000000000000e+00	1.770073549607837152e-02	0.000000000000000000e+00
-2.999795999999999913e+04	0.000000000000000000e+00	0.000000000000000000e+00	2.410962248603778363e-02	0.000000000000000000e+00
-2.999795000000000073e+04	0.000000000000000000e+00	0.000000000000000000e+00	1.892147587511825921e-02	0.000000000000000000e+00
-2.999793000000000029e+04	0.000000000000000000e+00	0.000000000000000000e+00	2.471999267555772747e-02	0.000000000000000000e+00
-2.999791999999999825e+04	0.000000000000000000e+00	0.000000000000000000e+00	2.014221625415814690e-02	0.000000000000000000e+00
-2.999790000000000146e+04	0.000000000000000000e+00	0.000000000000000000e+00	2.410962248603778363e-02	0.000000000000000000e+00
-2.999786999999999898e+04	0.000000000000000000e+00	0.000000000000000000e+00	1.556443983275856806e-02	0.000000000000000000e+00
-2.999784000000000015e+04	0.000000000000000000e+00	0.000000000000000000e+00	1.983703115939817671e-02	0.000000000000000000e+00
-2.999781999999999971e+04	0.000000000000000000e+00	0.000000000000000000e+00	1.983703115939817671e-02	0.000000000000000000e+00
-2.999779999999999927e+04	0.000000000000000000e+00	0.000000000000000000e+00	1.831110568559831536e-02	0.000000000000000000e+00
-2.999779000000000087e+04	0.000000000000000000e+00	0.000000000000000000e+00	2.197332682271797843e-02	0.000000000000000000e+00
-2.999777000000000044e+04	0.000000000000000000e+00	0.000000000000000000e+00	7.324442274239326145e-03	0.000000000000000000e+00
-2.999774000000000160e+04	0.000000000000000000e+00	0.000000000000000000e+00	1.983703115939817671e-02	0.000000000000000000e+00
-2.999772000000000116e+04	0.000000000000000000e+00	0.000000000000000000e+00	2.838221381267739055e-02	0.000000000000000000e+00
-2.999770999999999913e+04	0.000000000000000000e+00	0.000000000000000000e+00	1.953184606463820305e-02	0.000000000000000000e+00
-2.999768000000000029e+04	0.000000000000000000e+00	0.000000000000000000e+00	2.258369701223792228e-02	0.000000000000000000e+00
-2.999765000000000146e+04	0.000000000000000000e+00	0.000000000000000000e+00	2.014221625415814690e-02	0.000000000000000000e+00
-2.999763000000000102e+04	0.000000000000000000e+00	0.000000000000000000e+00	2.166814172795800825e-02	0.000000000000000000e+00
-2.999761999999999898e+04	0.000000000000000000e+00	0.000000000000000000e+00	2.166814172795800825e-02	0.000000000000000000e+00
-2.999759999999999854e+04	0.000000000000000000e+00	0.000000000000000000e+00	1.464888454847865229e-02	0.000000000000000000e+00
-2.999756999999999971e+04	0.000000000000000000e+00	0.000000000000000000e+00	2.410962248603778363e-02	0.000000000000000000e+00
-2.999754000000000087e+04	0.000000000000000000e+00	0.000000000000000000e+00	2.624591814935758535e-02	0.000000000000000000e+00
-2.999752000000000044e+04	0.000000000000000000e+00	0.000000000000000000e+00	2.197332682271797843e-02	0.000000000000000000e+00
-2.999750000000000000e+04	0.000000000000000000e+00	0.000000000000000000e+00	1.953184606463820305e-02	0.000000000000000000e+00
-2.999747999999999956e+04	0.000000000000000000e+00	0.000000000000000000e+00	1.464888454847865229e-02	0.000000000000000000e+00
-2.999745000000000073e+04	0.000000000000000000e+00	0.000000000000000000e+00	1.464888454847865229e-02	0.000000000000000000e+00
-2.999741999999999825e+04	0.000000000000000000e+00	0.000000000000000000e+00	1.556443983275856806e-02	0.000000000000000000e+00
-2.999740000000000146e+04	0.000000000000000000e+00	0.000000000000000000e+00	2.136295663319803459e-02	0.000000000000000000e+00
-2.999738999999999942e+04	0.000000000000000000e+00	0.000000000000000000e+00	1.342814416943876460e-02	0.000000000000000000e+00
-2.999736000000000058e+04	0.000000000000000000e+00	0.000000000000000000e+00	2.746665852839747304e-02	0.000000000000000000e+00
-2.999734000000000015e+04	0.000000000000000000e+00	0.000000000000000000e+00	1.800592059083834517e-02	0.000000000000000000e+00
-2.999729999999999927e+04	0.000000000000000000e+00	0.000000000000000000e+00	2.746665852839747304e-02	0.000000000000000000e+00
-2.999729000000000087e+04	0.000000000000000000e+00	0.000000000000000000e+00	2.471999267555772747e-02	0.000000000000000000e+00
-2.999725999999999840e+04	0.000000000000000000e+00	0.000000000000000000e+00	2.655110324411755901e-02	0.000000000000000000e+00
-2.999725000000000000e+04	0.000000000000000000e+00	0.000000000000000000e+00	2.868739890743736073e-02	0.000000000000000000e+00
-2.999722999999999956e+04	0.000000000000000000e+00	0.000000000000000000e+00	2.380443739127780997e-02	0.000000000000000000e+00
-2.999720000000000073e+04	0.000000000000000000e+00	0.000000000000000000e+00	2.197332682271797843e-02	0.000000000000000000e+00
-2.999718000000000029e+04	0.000000000000000000e+00	0.000000000000000000e+00	1.556443983275856806e-02	0.000000000000000000e+00
-2.999715000000000146e+04	0.000000000000000000e+00	0.000000000000000000e+00	2.990813928647724843e-02	0.000000000000000000e+00
-2.999711999999999898e+04	0.000000000000000000e+00	0.000000000000000000e+00	2.136295663319803459e-02	0.000000000000000000e+00
-2.999711000000000058e+04	0.000000000000000000e+00	0.000000000000000000e+00	2.105777153843806440e-02	0.000000000000000000e+00
-2.999709000000000015e+04	0.000000000000000000e+00	0.000000000000000000e+00	1.922666096987823287e-02	0.000000000000000000e+00
-2.999706999999999971e+04	0.000000000000000000e+00	0.000000000000000000e+00	2.197332682271797843e-02	0.000000000000000000e+00
-2.999704999999999927e+04	0.000000000000000000e+00	0.000000000000000000e+00	2.655110324411755901e-02	0.000000000000000000e+00
-2.999702999999999884e+04	0.000000000000000000e+00	0.000000000000000000e+00	2.105777153843806440e-02	0.000000000000000000e+00
-2.999700000000000000e+04	0.000000000000000000e+00	0.000000000000000000e+00	2.044740134891812056e-02	0.000000000000000000e+00
-2.999697999999999956e+04	0.000000000000000000e+00	0.000000000000000000e+00	1.190221869563890499e-02	0.000000000000000000e+00
-2.999695999999999913e+04	0.000000000000000000e+00	0.000000000000000000e+00	1.800592059083834517e-02	0.000000000000000000e+00
-2.999693999999999869e+04	0.000000000000000000e+00	0.000000000000000000e+00	1.281777397991882075e-02	0.000000000000000000e+00
-2.999691999999999825e+04	0.000000000000000000e+00	0.000000000000000000e+00	2.197332682271797843e-02	0.000000000000000000e+00
-2.999690000000000146e+04	0.000000000000000000e+00	0.000000000000000000e+00	1.586962492751853998e-02	0.000000000000000000e+00
-2.999686999999999898e+04	0.000000000000000000e+00	0.000000000000000000e+00	2.807702871791741689e-02	0.000000000000000000e+00
-2.999684000000000015e+04	0.000000000000000000e+00	0.000000000000000000e+00	2.471999267555772747e-02	0.000000000000000000e+00
-2.999681999999999971e+04	0.000000000000000000e+00	0.000000000000000000e+00	1.464888454847865229e-02	0.000000000000000000e+00
-2.999679999999999927e+04	0.000000000000000000e+00	0.000000000000000000e+00	2.716147343363750286e-02	0.000000000000000000e+00
-2.999677000000000044e+04	0.000000000000000000e+00	0.000000000000000000e+00	2.594073305459761516e-02	0.000000000000000000e+00
-2.999675000000000000e+04	0.000000000000000000e+00	0.000000000000000000e+00	2.685628833887752920e-02	0.000000000000000000e+00
-2.999672999999999956e+04	0.000000000000000000e+00	0.000000000000000000e+00	2.410962248603778363e-02	0.000000000000000000e+00
-2.999670999999999913e+04	0.000000000000000000e+00	0.000000000000000000e+00	2.655110324411755901e-02	0.000000000000000000e+00
-2.999668999999999869e+04	0.000000000000000000e+00	0.000000000000000000e+00	2.838221381267739055e-02	0.000000000000000000e+00
-2.999666999999999825e+04	0.000000000000000000e+00	0.000000000000000000e+00	2.624591814935758535e-02	0.000000000000000000e+00
-2.999665999999999985e+04	0.000000000000000000e+00	0.000000000000000000e+00	1.464888454847865229e-02	0.000000000000000000e+00
-2.999663999999999942e+04	0.000000000000000000e+00	0.000000000000000000e+00	2.746665852839747304e-02	0.000000000000000000e+00
-2.999663000000000102e+04	0.000000000000000000e+00	0.000000000000000000e+00	4.547257911923581475e-02	0.000000000000000000e+00
-2.999661000000000058e+04	0.000000000000000000e+00	0.000000000000000000e+00	2.349925229651783978e-02	0.000000000000000000e+00
-2.999658000000000175e+04	0.000000000000000000e+00	0.000000000000000000e+00	3.387554551835688516e-02	0.000000000000000000e+00
-2.999654000000000087e+04	0.000000000000000000e+00	0.000000000000000000e+00	2.166814172795800825e-02	0.000000000000000000e+00
-2.999650999999999840e+04	0.000000000000000000e+00	0.000000000000000000e+00	2.136295663319803459e-02	0.000000000000000000e+00
-2.999649000000000160e+04	0.000000000000000000e+00	0.000000000000000000e+00	2.014221625415814690e-02	0.000000000000000000e+00
-2.999647000000000116e+04	0.000000000000000000e+00	0.000000000000000000e+00	2.624591814935758535e-02	0.000000000000000000e+00
-2.999643999999999869e+04	0.000000000000000000e+00	0.000000000000000000e+00	2.136295663319803459e-02	0.000000000000000000e+00
-2.999640999999999985e+04	0.000000000000000000e+00	0.000000000000000000e+00	2.258369701223792228e-02	0.000000000000000000e+00
-2.999640000000000146e+04	0.000000000000000000e+00	0.000000000000000000e+00	2.227851191747795209e-02	0.000000000000000000e+00
-2.999638000000000102e+04	0.000000000000000000e+00	0.000000000000000000e+00	2.685628833887752920e-02	0.000000000000000000e+00
-2.999634999999999854e+04	0.000000000000000000e+00	0.000000000000000000e+00	1.586962492751853998e-02	0.000000000000000000e+00
-2.999631999999999971e+04	0.000000000000000000e+00	0.000000000000000000e+00	2.166814172795800825e-02	0.000000000000000000e+00
-2.999629000000000087e+04	0.000000000000000000e+00	0.000000000000000000e+00	1.892147587511825921e-02	0.000000000000000000e+00
-2.999625999999999840e+04	0.000000000000000000e+00	0.000000000000000000e+00	2.838221381267739055e-02	0.000000000000000000e+00
-2.999624000000000160e+04	0.000000000000000000e+00	0.000000000000000000e+00	2.410962248603778363e-02	0.000000000000000000e+00
-2.999622000000000116e+04	0.000000000000000000e+00	0.000000000000000000e+00	1.892147587511825921e-02	0.000000000000000000e+00
-2.999620000000000073e+04	0.000000000000000000e+00	0.000000000000000000e+00	2.044740134891812056e-02	0.000000000000000000e+00
-2.999618000000000029e+04	0.000000000000000000e+00	0.000000000000000000e+00	1.129184850611896114e-02	0.000000000000000000e+00
-2.999615000000000146e+04	0.000000000000000000e+00	0.000000000000000000e+00	1.709036530655842767e-02	0.000000000000000000e+00
-2.999611999999999898e+04	0.000000000000000000e+00	0.000000000000000000e+00	2.502517777031769766e-02	0.000000000000000000e+00
-2.999609000000000015e+04	0.000000000000000000e+00	0.000000000000000000e+00	1.647999511703848383e-02	0.000000000000000000e+00
-2.999606000000000131e+04	0.000000000000000000e+00	0.000000000000000000e+00	3.173924985503707996e-02	0.000000000000000000e+00
-2.999604000000000087e+04	0.000000000000000000e+00	0.000000000000000000e+00	2.197332682271797843e-02	0.000000000000000000e+00
-2.999600999999999840e+04	0.000000000000000000e+00	0.000000000000000000e+00	1.953184606463820305e-02	0.000000000000000000e+00
-2.999597999999999956e+04	0.000000000000000000e+00	0.000000000000000000e+00	3.173924985503707996e-02	0.000000000000000000e+00
-2.999595999999999913e+04	0.000000000000000000e+00	0.000000000000000000e+00	2.136295663319803459e-02	0.000000000000000000e+00
-2.999593000000000029e+04	0.000000000000000000e+00	0.000000000000000000e+00	2.044740134891812056e-02	0.000000000000000000e+00
-2.999590999999999985e+04	0.000000000000000000e+00	0.000000000000000000e+00	2.624591814935758535e-02	0.000000000000000000e+00
-2.999588000000000102e+04	0.000000000000000000e+00	0.000000000000000000e+00	2.410962248603778363e-02	0.000000000000000000e+00
-2.999584999999999854e+04	0.000000000000000000e+00	0.000000000000000000e+00	2.166814172795800825e-02	0.000000000000000000e+00
-2.999583000000000175e+04	0.000000000000000000e+00	0.000000000000000000e+00	2.349925229651783978e-02	0.000000000000000000e+00
-2.999581000000000131e+04	0.000000000000000000e+00	0.000000000000000000e+00	2.136295663319803459e-02	0.000000000000000000e+00
-2.999577999999999884e+04	0.000000000000000000e+00	0.000000000000000000e+00	2.349925229651783978e-02	0.000000000000000000e+00
-2.999575999999999840e+04	0.000000000000000000e+00	0.000000000000000000e+00	2.380443739127780997e-02	0.000000000000000000e+00
-2.999574000000000160e+04	0.000000000000000000e+00	0.000000000000000000e+00	3.692739646595660091e-02	0.000000000000000000e+00
-2.999570999999999913e+04	0.000000000000000000e+00	0.000000000000000000e+00	2.685628833887752920e-02	0.000000000000000000e+00
-2.999568999999999869e+04	0.000000000000000000e+00	0.000000000000000000e+00	2.197332682271797843e-02	0.000000000000000000e+00
-2.999566999999999825e+04	0.000000000000000000e+00	0.000000000000000000e+00	2.716147343363750286e-02	0.000000000000000000e+00
-2.999563999999999942e+04	0.000000000000000000e+00	0.000000000000000000e+00	2.410962248603778363e-02	0.000000000000000000e+00
-2.999561999999999898e+04	0.000000000000000000e+00	0.000000000000000000e+00	1.892147587511825921e-02	0.000000000000000000e+00
-2.999559999999999854e+04	0.000000000000000000e+00	0.000000000000000000e+00	2.136295663319803459e-02	0.000000000000000000e+00
-2.999556999999999971e+04	0.000000000000000000e+00	0.000000000000000000e+00	1.525925473799859614e-02	0.000000000000000000e+00
-2.999554000000000087e+04	0.000000000000000000e+00	0.000000000000000000e+00	2.197332682271797843e-02	0.000000000000000000e+00
-2.999550999999999840e+04	0.000000000000000000e+00	0.000000000000000000e+00	2.471999267555772747e-02	0.000000000000000000e+00
-2.999547999999999956e+04	0.000000000000000000e+00	0.000000000000000000e+00	2.349925229651783978e-02	0.000000000000000000e+00
-2.999545999999999913e+04	0.000000000000000000e+00	0.000000000000000000e+00	3.173924985503707996e-02	0.000000000000000000e+00
-2.999543000000000029e+04	0.000000000000000000e+00	0.000000000000000000e+00	1.464888454847865229e-02	0.000000000000000000e+00
-2.999540999999999985e+04	0.000000000000000000e+00	0.000000000000000000e+00	2.594073305459761516e-02	0.000000000000000000e+00
-2.999538999999999942e+04	0.000000000000000000e+00	0.000000000000000000e+00	2.746665852839747304e-02	0.000000000000000000e+00
-2.999536999999999898e+04	0.000000000000000000e+00	0.000000000000000000e+00	3.295999023407696765e-02	0.000000000000000000e+00
-2.999534999999999854e+04	0.000000000000000000e+00	0.000000000000000000e+00	3.051850947599719227e-02	0.000000000000000000e+00
-2.999533000000000175e+04	0.000000000000000000e+00	0.000000000000000000e+00	2.197332682271797843e-02	0.000000000000000000e+00
-2.999529999999999927e+04	0.000000000000000000e+00	0.000000000000000000e+00	2.288888210699789594e-02	0.000000000000000000e+00
-2.999527999999999884e+04	0.000000000000000000e+00	0.000000000000000000e+00	2.441480758079775382e-02	0.000000000000000000e+00
-2.999525000000000000e+04	0.000000000000000000e+00	0.000000000000000000e+00	2.349925229651783978e-02	0.000000000000000000e+00
-2.999522999999999956e+04	0.000000000000000000e+00	0.000000000000000000e+00	1.709036530655842767e-02	0.000000000000000000e+00
-2.999522000000000116e+04	0.000000000000000000e+00	0.000000000000000000e+00	2.594073305459761516e-02	0.000000000000000000e+00
-2.999518999999999869e+04	0.000000000000000000e+00	0.000000000000000000e+00	3.204443494979705015e-02	0.000000000000000000e+00
-2.999516999999999825e+04	0.000000000000000000e+00	0.000000000000000000e+00	2.136295663319803459e-02	0.000000000000000000e+00
-2.999515000000000146e+04	0.000000000000000000e+00	0.000000000000000000e+00	2.868739890743736073e-02	0.000000000000000000e+00
-2.999511999999999898e+04	0.000000000000000000e+00	0.000000000000000000e+00	1.800592059083834517e-02	0.000000000000000000e+00
-2.999509999999999854e+04	0.000000000000000000e+00	0.000000000000000000e+00	2.899258400219733439e-02	0.000000000000000000e+00
-2.999508000000000175e+04	0.000000000000000000e+00	0.000000000000000000e+00	2.533036286507767132e-02	0.000000000000000000e+00
-2.999504999999999927e+04	0.000000000000000000e+00	0.000000000000000000e+00	2.533036286507767132e-02	0.000000000000000000e+00
-2.999502999999999884e+04	0.000000000000000000e+00	0.000000000000000000e+00	2.716147343363750286e-02	0.000000000000000000e+00
-2.999500000000000000e+04	0.000000000000000000e+00	0.000000000000000000e+00	2.807702871791741689e-02	0.000000000000000000e+00
-2.999497000000000116e+04	0.000000000000000000e+00	0.000000000000000000e+00	2.227851191747795209e-02	0.000000000000000000e+00
-2.999493999999999869e+04	0.000000000000000000e+00	0.000000000000000000e+00	2.349925229651783978e-02	0.000000000000000000e+00
-2.999491999999999825e+04	0.000000000000000000e+00	0.000000000000000000e+00	1.953184606463820305e-02	0.000000000000000000e+00
-2.999488999999999942e+04	0.000000000000000000e+00	0.000000000000000000e+00	3.051850947599719227e-02	0.000000000000000000e+00
-2.999486999999999898e+04	0.000000000000000000e+00	0.000000000000000000e+00	2.166814172795800825e-02	0.000000000000000000e+00
-2.999484000000000015e+04	0.000000000000000000e+00	0.000000000000000000e+00	2.197332682271797843e-02	0.000000000000000000e+00
-2.999481999999999971e+04	0.000000000000000000e+00	0.000000000000000000e+00	2.044740134891812056e-02	0.000000000000000000e+00
-2.999479000000000087e+04	0.000000000000000000e+00	0.000000000000000000e+00	2.868739890743736073e-02	0.000000000000000000e+00
-2.999475000000000000e+04	0.000000000000000000e+00	0.000000000000000000e+00	2.594073305459761516e-02	0.000000000000000000e+00
-2.999472000000000116e+04	0.000000000000000000e+00	0.000000000000000000e+00	2.044740134891812056e-02	0.000000000000000000e+00
-2.999468999999999869e+04	0.000000000000000000e+00	0.000000000000000000e+00	2.655110324411755901e-02	0.000000000000000000e+00
-2.999465999999999985e+04	0.000000000000000000e+00	0.000000000000000000e+00	1.831110568559831536e-02	0.000000000000000000e+00
-2.999463000000000102e+04	0.000000000000000000e+00	0.000000000000000000e+00	1.770073549607837152e-02	0.000000000000000000e+00
-2.999459999999999854e+04	0.000000000000000000e+00	0.000000000000000000e+00	2.014221625415814690e-02	0.000000000000000000e+00
-2.999456999999999971e+04	0.000000000000000000e+00	0.000000000000000000e+00	2.288888210699789594e-02	0.000000000000000000e+00
-2.999452999999999884e+04	0.000000000000000000e+00	0.000000000000000000e+00	2.380443739127780997e-02	0.000000000000000000e+00
-2.999450000000000000e+04	0.000000000000000000e+00	0.000000000000000000e+00	2.746665852839747304e-02	0.000000000000000000e+00
-2.999447999999999956e+04	0.000000000000000000e+00	0.000000000000000000e+00	2.716147343363750286e-02	0.000000000000000000e+00
-2.999445000000000073e+04	0.000000000000000000e+00	0.000000000000000000e+00	2.594073305459761516e-02	0.000000000000000000e+00
-2.999441999999999825e+04	0.000000000000000000e+00	0.000000000000000000e+00	2.288888210699789594e-02	0.000000000000000000e+00
-2.999438999999999942e+04	0.000000000000000000e+00	0.000000000000000000e+00	1.281777397991882075e-02	0.000000000000000000e+00
-2.999436000000000058e+04	0.000000000000000000e+00	0.000000000000000000e+00	2.197332682271797843e-02	0.000000000000000000e+00
-2.999433000000000175e+04	0.000000000000000000e+00	0.000000000000000000e+00	2.929776909695730458e-02	0.000000000000000000e+00
-2.999429999999999927e+04	0.000000000000000000e+00	0.000000000000000000e+00	2.929776909695730458e-02	0.000000000000000000e+00
-2.999427000000000044e+04	0.000000000000000000e+00	0.000000000000000000e+00	1.678518021179845748e-02	0.000000000000000000e+00
-2.999425000000000000e+04	0.000000000000000000e+00	0.000000000000000000e+00	1.556443983275856806e-02	0.000000000000000000e+00
-2.999422000000000116e+04	0.000000000000000000e+00	0.000000000000000000e+00	1.770073549607837152e-02	0.000000000000000000e+00
-2.999420000000000073e+04	0.000000000000000000e+00	0.000000000000000000e+00	1.709036530655842767e-02	0.000000000000000000e+00
-2.999418000000000029e+04	0.000000000000000000e+00	0.000000000000000000e+00	2.960295419171727824e-02	0.000000000000000000e+00
-2.999415000000000146e+04	0.000000000000000000e+00	0.000000000000000000e+00	3.112887966551713612e-02	0.000000000000000000e+00
-2.999413000000000102e+04	0.000000000000000000e+00	0.000000000000000000e+00	1.892147587511825921e-02	0.000000000000000000e+00
-2.999411000000000058e+04	0.000000000000000000e+00	0.000000000000000000e+00	2.044740134891812056e-02	0.000000000000000000e+00
-2.999409000000000015e+04	0.000000000000000000e+00	0.000000000000000000e+00	2.441480758079775382e-02	0.000000000000000000e+00
-2.999406000000000131e+04	0.000000000000000000e+00	0.000000000000000000e+00	1.983703115939817671e-02	0.000000000000000000e+00
-2.999404000000000087e+04	0.000000000000000000e+00	0.000000000000000000e+00	2.990813928647724843e-02	0.000000000000000000e+00
-2.999402000000000044e+04	0.000000000000000000e+00	0.000000000000000000e+00	2.594073305459761516e-02	0.000000000000000000e+00
-2.999400000000000000e+04	0.000000000000000000e+00	0.000000000000000000e+00	2.014221625415814690e-02	0.000000000000000000e+00
-2.999397000000000116e+04	0.000000000000000000e+00	0.000000000000000000e+00	2.166814172795800825e-02	0.000000000000000000e+00
-2.999393999999999869e+04	0.000000000000000000e+00	0.000000000000000000e+00	3.173924985503707996e-02	0.000000000000000000e+00
-2.999390999999999985e+04	0.000000000000000000e+00	0.000000000000000000e+00	2.716147343363750286e-02	0.000000000000000000e+00
-2.999388999999999942e+04	0.000000000000000000e+00	0.000000000000000000e+00	2.990813928647724843e-02	0.000000000000000000e+00
-2.999388000000000102e+04	0.000000000000000000e+00	0.000000000000000000e+00	2.380443739127780997e-02	0.000000000000000000e+00
-2.999386000000000058e+04	0.000000000000000000e+00	0.000000000000000000e+00	2.227851191747795209e-02	0.000000000000000000e+00
-2.999383000000000175e+04	0.000000000000000000e+00	0.000000000000000000e+00	2.990813928647724843e-02	0.000000000000000000e+00
-2.999379999999999927e+04	0.000000000000000000e+00	0.000000000000000000e+00	2.838221381267739055e-02	0.000000000000000000e+00
-2.999377000000000044e+04	0.000000000000000000e+00	0.000000000000000000e+00	2.471999267555772747e-02	0.000000000000000000e+00
-2.999374000000000160e+04	0.000000000000000000e+00	0.000000000000000000e+00	2.136295663319803459e-02	0.000000000000000000e+00
-2.999370999999999913e+04	0.000000000000000000e+00	0.000000000000000000e+00	2.410962248603778363e-02	0.000000000000000000e+00
-2.999368999999999869e+04	0.000000000000000000e+00	0.000000000000000000e+00	2.136295663319803459e-02	0.000000000000000000e+00
-2.999365999999999985e+04	0.000000000000000000e+00	0.000000000000000000e+00	1.647999511703848383e-02	0.000000000000000000e+00
-2.999363999999999942e+04	0.000000000000000000e+00	0.000000000000000000e+00	2.197332682271797843e-02	0.000000000000000000e+00
-2.999361999999999898e+04	0.000000000000000000e+00	0.000000000000000000e+00	1.983703115939817671e-02	0.000000000000000000e+00
-2.999359999999999854e+04	0.000000000000000000e+00	0.000000000000000000e+00	1.800592059083834517e-02	0.000000000000000000e+00
-2.999356000000000131e+04	0.000000000000000000e+00	0.000000000000000000e+00	2.136295663319803459e-02	0.000000000000000000e+00
-2.999352999999999884e+04	0.000000000000000000e+00	0.000000000000000000e+00	2.288888210699789594e-02	0.000000000000000000e+00
-2.999352000000000044e+04	0.000000000000000000e+00	0.000000000000000000e+00	1.983703115939817671e-02	0.000000000000000000e+00
-2.999350000000000000e+04	0.000000000000000000e+00	0.000000000000000000e+00	1.922666096987823287e-02	0.000000000000000000e+00
-2.999347000000000116e+04	0.000000000000000000e+00	0.000000000000000000e+00	2.166814172795800825e-02	0.000000000000000000e+00
-2.999343999999999869e+04	0.000000000000000000e+00	0.000000000000000000e+00	2.471999267555772747e-02	0.000000000000000000e+00
-2.999341999999999825e+04	0.000000000000000000e+00	0.000000000000000000e+00	3.326517532883693784e-02	0.000000000000000000e+00
-2.999340000000000146e+04	0.000000000000000000e+00	0.000000000000000000e+00	2.502517777031769766e-02	0.000000000000000000e+00
-2.999336999999999898e+04	0.000000000000000000e+00	0.000000000000000000e+00	3.173924985503707996e-02	0.000000000000000000e+00
-2.999334000000000015e+04	0.000000000000000000e+00	0.000000000000000000e+00	2.380443739127780997e-02	0.000000000000000000e+00
-2.999331999999999971e+04	0.000000000000000000e+00	0.000000000000000000e+00	3.357036042359691497e-02	0.000000000000000000e+00
-2.999329999999999927e+04	0.000000000000000000e+00	0.000000000000000000e+00	2.594073305459761516e-02	0.000000000000000000e+00
-2.999327999999999884e+04	0.000000000000000000e+00	0.000000000000000000e+00	3.082369457075716593e-02	0.000000000000000000e+00
-2.999325999999999840e+04	0.000000000000000000e+00	0.000000000000000000e+00	3.295999023407696765e-02	0.000000000000000000e+00
-2.999322999999999956e+04	0.000000000000000000e+00	0.000000000000000000e+00	2.838221381267739055e-02	0.000000000000000000e+00
-2.999320000000000073e+04	0.000000000000000000e+00	0.000000000000000000e+00	3.112887966551713612e-02	0.000000000000000000e+00
-2.999318000000000029e+04	0.000000000000000000e+00	0.000000000000000000e+00	2.349925229651783978e-02	0.000000000000000000e+00
-2.999315000000000146e+04	0.000000000000000000e+00	0.000000000000000000e+00	2.502517777031769766e-02	0.000000000000000000e+00
-2.999313000000000102e+04	0.000000000000000000e+00	0.000000000000000000e+00	1.831110568559831536e-02	0.000000000000000000e+00
-2.999311000000000058e+04	0.000000000000000000e+00	0.000000000000000000e+00	4.577776421399579188e-02	0.000000000000000000e+00
-2.999309000000000015e+04	0.000000000000000000e+00	0.000000000000000000e+00	2.594073305459761516e-02	0.000000000000000000e+00
-2.999306999999999971e+04	0.000000000000000000e+00	0.000000000000000000e+00	3.204443494979705015e-02	0.000000000000000000e+00
-2.999306000000000131e+04	0.000000000000000000e+00	0.000000000000000000e+00	2.380443739127780997e-02	0.000000000000000000e+00
-2.999302999999999884e+04	0.000000000000000000e+00	0.000000000000000000e+00	2.471999267555772747e-02	0.000000000000000000e+00
-2.999300999999999840e+04	0.000000000000000000e+00	0.000000000000000000e+00	2.258369701223792228e-02	0.000000000000000000e+00
-2.999297999999999956e+04	0.000000000000000000e+00	0.000000000000000000e+00	2.624591814935758535e-02	0.000000000000000000e+00
-2.999295999999999913e+04	0.000000000000000000e+00	0.000000000000000000e+00	2.288888210699789594e-02	0.000000000000000000e+00
-2.999293999999999869e+04	0.000000000000000000e+00	0.000000000000000000e+00	2.136295663319803459e-02	0.000000000000000000e+00
-2.999291999999999825e+04	0.000000000000000000e+00	0.000000000000000000e+00	2.410962248603778363e-02	0.000000000000000000e+00
-2.999290000000000146e+04	0.000000000000000000e+00	0.000000000000000000e+00	2.136295663319803459e-02	0.000000000000000000e+00
-2.999288999999999942e+04	0.000000000000000000e+00	0.000000000000000000e+00	3.295999023407696765e-02	0.000000000000000000e+00
-2.999286999999999898e+04	0.000000000000000000e+00	0.000000000000000000e+00	3.814813684499648860e-02	0.000000000000000000e+00
-2.999286000000000058e+04	0.000000000000000000e+00	0.000000000000000000e+00	2.441480758079775382e-02	0.000000000000000000e+00
-2.999283000000000175e+04	0.000000000000000000e+00	0.000000000000000000e+00	2.746665852839747304e-02	0.000000000000000000e+00
-2.999281000000000131e+04	0.000000000000000000e+00	0.000000000000000000e+00	2.502517777031769766e-02	0.000000000000000000e+00
-2.999277000000000044e+04	0.000000000000000000e+00	0.000000000000000000e+00	2.410962248603778363e-02	0.000000000000000000e+00
-2.999275000000000000e+04	0.000000000000000000e+00	0.000000000000000000e+00	2.594073305459761516e-02	0.000000000000000000e+00
-2.999272000000000116e+04	0.000000000000000000e+00	0.000000000000000000e+00	1.831110568559831536e-02	0.000000000000000000e+00
-2.999268999999999869e+04	0.000000000000000000e+00	0.000000000000000000e+00	2.136295663319803459e-02	0.000000000000000000e+00
-2.999266999999999825e+04	0.000000000000000000e+00	0.000000000000000000e+00	2.807702871791741689e-02	0.000000000000000000e+00
-2.999263999999999942e+04	0.000000000000000000e+00	0.000000000000000000e+00	2.746665852839747304e-02	0.000000000000000000e+00
-2.999261999999999898e+04	0.000000000000000000e+00	0.000000000000000000e+00	2.624591814935758535e-02	0.000000000000000000e+00
-2.999259000000000015e+04	0.000000000000000000e+00	0.000000000000000000e+00	2.471999267555772747e-02	0.000000000000000000e+00
-2.999256000000000131e+04	0.000000000000000000e+00	0.000000000000000000e+00	2.349925229651783978e-02	0.000000000000000000e+00
-2.999252999999999884e+04	0.000000000000000000e+00	0.000000000000000000e+00	2.716147343363750286e-02	0.000000000000000000e+00
-2.999250999999999840e+04	0.000000000000000000e+00	0.000000000000000000e+00	3.326517532883693784e-02	0.000000000000000000e+00
-2.999249000000000160e+04	0.000000000000000000e+00	0.000000000000000000e+00	3.448591570787682553e-02	0.000000000000000000e+00
-2.999245999999999913e+04	0.000000000000000000e+00	0.000000000000000000e+00	3.448591570787682553e-02	0.000000000000000000e+00
-2.999243000000000029e+04	0.000000000000000000e+00	0.000000000000000000e+00	2.014221625415814690e-02	0.000000000000000000e+00
-2.999240999999999985e+04	0.000000000000000000e+00	0.000000000000000000e+00	2.380443739127780997e-02	0.000000000000000000e+00
-2.999238999999999942e+04	0.000000000000000000e+00	0.000000000000000000e+00	2.868739890743736073e-02	0.000000000000000000e+00
-2.999236000000000058e+04	0.000000000000000000e+00	0.000000000000000000e+00	3.295999023407696765e-02	0.000000000000000000e+00
-2.999231999999999971e+04	0.000000000000000000e+00	0.000000000000000000e+00	3.112887966551713612e-02	0.000000000000000000e+00
-2.999229999999999927e+04	0.000000000000000000e+00	0.000000000000000000e+00	2.105777153843806440e-02	0.000000000000000000e+00
-2.999227999999999884e+04	0.000000000000000000e+00	0.000000000000000000e+00	4.119998779259621130e-02	0.000000000000000000e+00
-2.999225000000000000e+04	0.000000000000000000e+00	0.000000000000000000e+00	3.173924985503707996e-02	0.000000000000000000e+00
-2.999222000000000116e+04	0.000000000000000000e+00	0.000000000000000000e+00	2.441480758079775382e-02	0.000000000000000000e+00
-2.999220000000000073e+04	0.000000000000000000e+00	0.000000000000000000e+00	2.197332682271797843e-02	0.000000000000000000e+00
-2.999218000000000029e+04	0.000000000000000000e+00	0.000000000000000000e+00	3.540147099215674303e-02	0.000000000000000000e+00
-2.999215000000000146e+04	0.000000000000000000e+00	0.000000000000000000e+00	2.471999267555772747e-02	0.000000000000000000e+00
-2.999211999999999898e+04	0.000000000000000000e+00	0.000000000000000000e+00	2.624591814935758535e-02	0.000000000000000000e+00
-2.999209000000000015e+04	0.000000000000000000e+00	0.000000000000000000e+00	2.899258400219733439e-02	0.000000000000000000e+00
-2.999206000000000131e+04	0.000000000000000000e+00	0.000000000000000000e+00	2.990813928647724843e-02	0.000000000000000000e+00
-2.999204000000000087e+04	0.000000000000000000e+00	0.000000000000000000e+00	3.082369457075716593e-02	0.000000000000000000e+00
-2.999202000000000044e+04	0.000000000000000000e+00	0.000000000000000000e+00	2.960295419171727824e-02	0.000000000000000000e+00
-2.999200000000000000e+04	0.000000000000000000e+00	0.000000000000000000e+00	3.631702627643666054e-02	0.000000000000000000e+00
-2.999197000000000116e+04	0.000000000000000000e+00	0.000000000000000000e+00	2.746665852839747304e-02	0.000000000000000000e+00
-2.999193000000000029e+04	0.000000000000000000e+00	0.000000000000000000e+00	2.960295419171727824e-02	0.000000000000000000e+00
-2.999190999999999985e+04	0.000000000000000000e+00	0.000000000000000000e+00	3.051850947599719227e-02	0.000000000000000000e+00
-2.999188999999999942e+04	0.000000000000000000e+00	0.000000000000000000e+00	2.380443739127780997e-02	0.000000000000000000e+00
-2.999186000000000058e+04	0.000000000000000000e+00	0.000000000000000000e+00	2.929776909695730458e-02	0.000000000000000000e+00
-2.999184000000000015e+04	0.000000000000000000e+00	0.000000000000000000e+00	3.509628589739677285e-02	0.000000000000000000e+00
-2.999181999999999971e+04	0.000000000000000000e+00	0.000000000000000000e+00	2.441480758079775382e-02	0.000000000000000000e+00
-2.999179999999999927e+04	0.000000000000000000e+00	0.000000000000000000e+00	3.204443494979705015e-02	0.000000000000000000e+00
-2.999177000000000044e+04	0.000000000000000000e+00	0.000000000000000000e+00	2.166814172795800825e-02	0.000000000000000000e+00
-2.999175000000000000e+04	0.000000000000000000e+00	0.000000000000000000e+00	3.112887966551713612e-02	0.000000000000000000e+00
-2.999172999999999956e+04	0.000000000000000000e+00	0.000000000000000000e+00	3.112887966551713612e-02	0.000000000000000000e+00
-2.999170000000000073e+04	0.000000000000000000e+00	0.000000000000000000e+00	3.112887966551713612e-02	0.000000000000000000e+00
-2.999168000000000029e+04	0.000000000000000000e+00	0.000000000000000000e+00	2.655110324411755901e-02	0.000000000000000000e+00
-2.999166999999999825e+04	0.000000000000000000e+00	0.000000000000000000e+00	2.533036286507767132e-02	0.000000000000000000e+00
-2.999165000000000146e+04	0.000000000000000000e+00	0.000000000000000000e+00	3.418073061311685534e-02	0.000000000000000000e+00
-2.999163000000000102e+04	0.000000000000000000e+00	0.000000000000000000e+00	2.624591814935758535e-02	0.000000000000000000e+00
-2.999161000000000058e+04	0.000000000000000000e+00	0.000000000000000000e+00	2.533036286507767132e-02	0.000000000000000000e+00
-2.999158000000000175e+04	0.000000000000000000e+00	0.000000000000000000e+00	3.418073061311685534e-02	0.000000000000000000e+00
-2.999154999999999927e+04	0.000000000000000000e+00	0.000000000000000000e+00	3.448591570787682553e-02	0.000000000000000000e+00
-2.999150999999999840e+04	0.000000000000000000e+00	0.000000000000000000e+00	3.753776665547654823e-02	0.000000000000000000e+00
-2.999147999999999956e+04	0.000000000000000000e+00	0.000000000000000000e+00	3.173924985503707996e-02	0.000000000000000000e+00
-2.999145999999999913e+04	0.000000000000000000e+00	0.000000000000000000e+00	2.990813928647724843e-02	0.000000000000000000e+00
-2.999143999999999869e+04	0.000000000000000000e+00	0.000000000000000000e+00	2.685628833887752920e-02	0.000000000000000000e+00
-2.999143000000000029e+04	0.000000000000000000e+00	0.000000000000000000e+00	4.303109836115603937e-02	0.000000000000000000e+00
-2.999140999999999985e+04	0.000000000000000000e+00	0.000000000000000000e+00	3.051850947599719227e-02	0.000000000000000000e+00
-2.999140000000000146e+04	0.000000000000000000e+00	0.000000000000000000e+00	2.716147343363750286e-02	0.000000000000000000e+00
-2.999138000000000102e+04	0.000000000000000000e+00	0.000000000000000000e+00	4.089480269783624111e-02	0.000000000000000000e+00
-2.999134999999999854e+04	0.000000000000000000e+00	0.000000000000000000e+00	2.258369701223792228e-02	0.000000000000000000e+00
-2.999131000000000131e+04	0.000000000000000000e+00	0.000000000000000000e+00	2.868739890743736073e-02	0.000000000000000000e+00
-2.999127999999999884e+04	0.000000000000000000e+00	0.000000000000000000e+00	3.173924985503707996e-02	0.000000000000000000e+00
-2.999125999999999840e+04	0.000000000000000000e+00	0.000000000000000000e+00	1.922666096987823287e-02	0.000000000000000000e+00
-2.999124000000000160e+04	0.000000000000000000e+00	0.000000000000000000e+00	2.288888210699789594e-02	0.000000000000000000e+00
-2.999120999999999913e+04	0.000000000000000000e+00	0.000000000000000000e+00	2.471999267555772747e-02	0.000000000000000000e+00
-2.999118000000000029e+04	0.000000000000000000e+00	0.000000000000000000e+00	2.441480758079775382e-02	0.000000000000000000e+00
-2.999116999999999825e+04	0.000000000000000000e+00	0.000000000000000000e+00	2.471999267555772747e-02	0.000000000000000000e+00
-2.999113999999999942e+04	0.000000000000000000e+00	0.000000000000000000e+00	2.410962248603778363e-02	0.000000000000000000e+00
-2.999111000000000058e+04	0.000000000000000000e+00	0.000000000000000000e+00	2.990813928647724843e-02	0.000000000000000000e+00
-2.999108000000000175e+04	0.000000000000000000e+00	0.000000000000000000e+00	2.502517777031769766e-02	0.000000000000000000e+00
-2.999104999999999927e+04	0.000000000000000000e+00	0.000000000000000000e+00	2.716147343363750286e-02	0.000000000000000000e+00
-2.999102000000000044e+04	0.000000000000000000e+00	0.000000000000000000e+00	3.082369457075716593e-02	0.000000000000000000e+00
-2.999100999999999840e+04	0.000000000000000000e+00	0.000000000000000000e+00	1.709036530655842767e-02	0.000000000000000000e+00
-2.999099000000000160e+04	0.000000000000000000e+00	0.000000000000000000e+00	2.410962248603778363e-02	0.000000000000000000e+00
-2.999095000000000073e+04	0.000000000000000000e+00	0.000000000000000000e+00	2.685628833887752920e-02	0.000000000000000000e+00
-2.999091999999999825e+04	0.000000000000000000e+00	0.000000000000000000e+00	3.082369457075716593e-02	0.000000000000000000e+00
-2.999090000000000146e+04	0.000000000000000000e+00	0.000000000000000000e+00	2.960295419171727824e-02	0.000000000000000000e+00
-2.999086999999999898e+04	0.000000000000000000e+00	0.000000000000000000e+00	3.143406476027710977e-02	0.000000000000000000e+00
-2.999083000000000175e+04	0.000000000000000000e+00	0.000000000000000000e+00	2.624591814935758535e-02	0.000000000000000000e+00
-2.999079999999999927e+04	0.000000000000000000e+00	0.000000000000000000e+00	2.624591814935758535e-02	0.000000000000000000e+00
-2.999077999999999884e+04	0.000000000000000000e+00	0.000000000000000000e+00	2.594073305459761516e-02	0.000000000000000000e+00
-2.999075999999999840e+04	0.000000000000000000e+00	0.000000000000000000e+00	3.082369457075716593e-02	0.000000000000000000e+00
-2.999074000000000160e+04	0.000000000000000000e+00	0.000000000000000000e+00	2.929776909695730458e-02	0.000000000000000000e+00
-2.999070999999999913e+04	0.000000000000000000e+00	0.000000000000000000e+00	2.746665852839747304e-02	0.000000000000000000e+00
-2.999066999999999825e+04	0.000000000000000000e+00	0.000000000000000000e+00	2.746665852839747304e-02	0.000000000000000000e+00
-2.999063000000000102e+04	0.000000000000000000e+00	0.000000000000000000e+00	2.990813928647724843e-02	0.000000000000000000e+00
-2.999061000000000058e+04	0.000000000000000000e+00	0.000000000000000000e+00	2.594073305459761516e-02	0.000000000000000000e+00
-2.999059000000000015e+04	0.000000000000000000e+00	0.000000000000000000e+00	2.990813928647724843e-02	0.000000000000000000e+00
-2.999056999999999971e+04	0.000000000000000000e+00	0.000000000000000000e+00	3.540147099215674303e-02	0.000000000000000000e+00
-2.999056000000000131e+04	0.000000000000000000e+00	0.000000000000000000e+00	2.105777153843806440e-02	0.000000000000000000e+00
-2.999054000000000087e+04	0.000000000000000000e+00	0.000000000000000000e+00	4.394665364543595687e-02	0.000000000000000000e+00
-2.999050000000000000e+04	0.000000000000000000e+00	0.000000000000000000e+00	3.173924985503707996e-02	0.000000000000000000e+00
-2.999047000000000116e+04	0.000000000000000000e+00	0.000000000000000000e+00	2.929776909695730458e-02	0.000000000000000000e+00
-2.999045000000000073e+04	0.000000000000000000e+00	0.000000000000000000e+00	2.990813928647724843e-02	0.000000000000000000e+00
-2.999043000000000029e+04	0.000000000000000000e+00	0.000000000000000000e+00	2.899258400219733439e-02	0.000000000000000000e+00
-2.999038999999999942e+04	0.000000000000000000e+00	0.000000000000000000e+00	2.960295419171727824e-02	0.000000000000000000e+00
-2.999036000000000058e+04	0.000000000000000000e+00	0.000000000000000000e+00	2.197332682271797843e-02	0.000000000000000000e+00
-2.999034000000000015e+04	0.000000000000000000e+00	0.000000000000000000e+00	3.448591570787682553e-02	0.000000000000000000e+00
-2.999031000000000131e+04	0.000000000000000000e+00	0.000000000000000000e+00	3.326517532883693784e-02	0.000000000000000000e+00
-2.999029000000000087e+04	0.000000000000000000e+00	0.000000000000000000e+00	3.540147099215674303e-02	0.000000000000000000e+00
-2.999025999999999840e+04	0.000000000000000000e+00	0.000000000000000000e+00	2.929776909695730458e-02	0.000000000000000000e+00
-2.999022000000000116e+04	0.000000000000000000e+00	0.000000000000000000e+00	3.326517532883693784e-02	0.000000000000000000e+00
-2.999020000000000073e+04	0.000000000000000000e+00	0.000000000000000000e+00	2.960295419171727824e-02	0.000000000000000000e+00
-2.999018000000000029e+04	0.000000000000000000e+00	0.000000000000000000e+00	2.868739890743736073e-02	0.000000000000000000e+00
-2.999015999999999985e+04	0.000000000000000000e+00	0.000000000000000000e+00	3.845332193975646573e-02	0.000000000000000000e+00
-2.999013999999999942e+04	0.000000000000000000e+00	0.000000000000000000e+00	3.082369457075716593e-02	0.000000000000000000e+00
-2.999009999999999854e+04	0.000000000000000000e+00	0.000000000000000000e+00	3.997924741355632361e-02	0.000000000000000000e+00
-2.999006000000000131e+04	0.000000000000000000e+00	0.000000000000000000e+00	1.770073549607837152e-02	0.000000000000000000e+00
-2.999002999999999884e+04	0.000000000000000000e+00	0.000000000000000000e+00	2.746665852839747304e-02	0.000000000000000000e+00
-2.999000000000000000e+04	0.000000000000000000e+00	0.000000000000000000e+00	3.143406476027710977e-02	0.000000000000000000e+00
-2.998995999999999913e+04	0.000000000000000000e+00	0.000000000000000000e+00	3.601184118167669035e-02	0.000000000000000000e+00
-2.998993999999999869e+04	0.000000000000000000e+00	0.000000000000000000e+00	2.899258400219733439e-02	0.000000000000000000e+00
-2.998990999999999985e+04	0.000000000000000000e+00	0.000000000000000000e+00	3.631702627643666054e-02	0.000000000000000000e+00
-2.998988000000000102e+04	0.000000000000000000e+00	0.000000000000000000e+00	3.814813684499648860e-02	0.000000000000000000e+00
-2.998984999999999854e+04	0.000000000000000000e+00	0.000000000000000000e+00	3.357036042359691497e-02	0.000000000000000000e+00
-2.998981000000000131e+04	0.000000000000000000e+00	0.000000000000000000e+00	2.990813928647724843e-02	0.000000000000000000e+00
-2.998977999999999884e+04	0.000000000000000000e+00	0.000000000000000000e+00	3.875850703451643592e-02	0.000000000000000000e+00
-2.998975000000000000e+04	0.000000000000000000e+00	0.000000000000000000e+00	2.502517777031769766e-02	0.000000000000000000e+00
-2.998970000000000073e+04	0.000000000000000000e+00	0.000000000000000000e+00	2.899258400219733439e-02	0.000000000000000000e+00
-2.998965999999999985e+04	0.000000000000000000e+00	0.000000000000000000e+00	2.105777153843806440e-02	0.000000000000000000e+00
-2.998963000000000102e+04	0.000000000000000000e+00	0.000000000000000000e+00	2.685628833887752920e-02	0.000000000000000000e+00
-2.998961000000000058e+04	0.000000000000000000e+00	0.000000000000000000e+00	2.960295419171727824e-02	0.000000000000000000e+00
-2.998959000000000015e+04	0.000000000000000000e+00	0.000000000000000000e+00	2.685628833887752920e-02	0.000000000000000000e+00
-2.998956999999999971e+04	0.000000000000000000e+00	0.000000000000000000e+00	2.502517777031769766e-02	0.000000000000000000e+00
-2.998954000000000087e+04	0.000000000000000000e+00	0.000000000000000000e+00	3.540147099215674303e-02	0.000000000000000000e+00
-2.998952000000000044e+04	0.000000000000000000e+00	0.000000000000000000e+00	4.394665364543595687e-02	0.000000000000000000e+00
-2.998949000000000160e+04	0.000000000000000000e+00	0.000000000000000000e+00	4.486220892971587437e-02	0.000000000000000000e+00
-2.998945000000000073e+04	0.000000000000000000e+00	0.000000000000000000e+00	3.509628589739677285e-02	0.000000000000000000e+00
-2.998941999999999825e+04	0.000000000000000000e+00	0.000000000000000000e+00	3.418073061311685534e-02	0.000000000000000000e+00
-2.998938999999999942e+04	0.000000000000000000e+00	0.000000000000000000e+00	3.601184118167669035e-02	0.000000000000000000e+00
-2.998936000000000058e+04	0.000000000000000000e+00	0.000000000000000000e+00	3.631702627643666054e-02	0.000000000000000000e+00
-2.998934000000000015e+04	0.000000000000000000e+00	0.000000000000000000e+00	2.899258400219733439e-02	0.000000000000000000e+00
-2.998929999999999927e+04	0.000000000000000000e+00	0.000000000000000000e+00	2.899258400219733439e-02	0.000000000000000000e+00
-2.998927000000000044e+04	0.000000000000000000e+00	0.000000000000000000e+00	3.326517532883693784e-02	0.000000000000000000e+00
-2.998925000000000000e+04	0.000000000000000000e+00	0.000000000000000000e+00	4.119998779259621130e-02	0.000000000000000000e+00
-2.998922999999999956e+04	0.000000000000000000e+00	0.000000000000000000e+00	2.655110324411755901e-02	0.000000000000000000e+00
-2.998920000000000073e+04	0.000000000000000000e+00	0.000000000000000000e+00	3.143406476027710977e-02	0.000000000000000000e+00
-2.998918000000000029e+04	0.000000000000000000e+00	0.000000000000000000e+00	2.746665852839747304e-02	0.000000000000000000e+00
-2.998915999999999985e+04	0.000000000000000000e+00	0.000000000000000000e+00	2.960295419171727824e-02	0.000000000000000000e+00
-2.998913999999999942e+04	0.000000000000000000e+00	0.000000000000000000e+00	3.357036042359691497e-02	0.000000000000000000e+00
-2.998911000000000058e+04	0.000000000000000000e+00	0.000000000000000000e+00	3.295999023407696765e-02	0.000000000000000000e+00
-2.998908000000000175e+04	0.000000000000000000e+00	0.000000000000000000e+00	3.753776665547654823e-02	0.000000000000000000e+00
-2.998904999999999927e+04	0.000000000000000000e+00	0.000000000000000000e+00	2.197332682271797843e-02	0.000000000000000000e+00
-2.998902999999999884e+04	0.000000000000000000e+00	0.000000000000000000e+00	2.594073305459761516e-02	0.000000000000000000e+00
-2.998900000000000000e+04	0.000000000000000000e+00	0.000000000000000000e+00	2.868739890743736073e-02	0.000000000000000000e+00
-2.998897999999999956e+04	0.000000000000000000e+00	0.000000000000000000e+00	3.814813684499648860e-02	0.000000000000000000e+00
-2.998895000000000073e+04	0.000000000000000000e+00	0.000000000000000000e+00	2.624591814935758535e-02	0.000000000000000000e+00
-2.998891999999999825e+04	0.000000000000000000e+00	0.000000000000000000e+00	3.051850947599719227e-02	0.000000000000000000e+00
-2.998888999999999942e+04	0.000000000000000000e+00	0.000000000000000000e+00	3.540147099215674303e-02	0.000000000000000000e+00
-2.998884999999999854e+04	0.000000000000000000e+00	0.000000000000000000e+00	3.997924741355632361e-02	0.000000000000000000e+00
-2.998881999999999971e+04	0.000000000000000000e+00	0.000000000000000000e+00	4.547257911923581475e-02	0.000000000000000000e+00
-2.998879999999999927e+04	0.000000000000000000e+00	0.000000000000000000e+00	4.150517288735618149e-02	0.000000000000000000e+00
-2.998877999999999884e+04	0.000000000000000000e+00	0.000000000000000000e+00	3.357036042359691497e-02	0.000000000000000000e+00
-2.998874000000000160e+04	0.000000000000000000e+00	0.000000000000000000e+00	3.295999023407696765e-02	0.000000000000000000e+00
-2.998870999999999913e+04	0.000000000000000000e+00	0.000000000000000000e+00	3.418073061311685534e-02	0.000000000000000000e+00
-2.998870000000000073e+04	0.000000000000000000e+00	0.000000000000000000e+00	3.143406476027710977e-02	0.000000000000000000e+00
-2.998868000000000029e+04	0.000000000000000000e+00	0.000000000000000000e+00	3.173924985503707996e-02	0.000000000000000000e+00
-2.998866999999999825e+04	0.000000000000000000e+00	0.000000000000000000e+00	3.448591570787682553e-02	0.000000000000000000e+00
-2.998865000000000146e+04	0.000000000000000000e+00	0.000000000000000000e+00	2.685628833887752920e-02	0.000000000000000000e+00
-2.998861999999999898e+04	0.000000000000000000e+00	0.000000000000000000e+00	4.943998535111545495e-02	0.000000000000000000e+00
-2.998859999999999854e+04	0.000000000000000000e+00	0.000000000000000000e+00	4.028443250831629380e-02	0.000000000000000000e+00
-2.998858000000000175e+04	0.000000000000000000e+00	0.000000000000000000e+00	3.357036042359691497e-02	0.000000000000000000e+00
-2.998856999999999971e+04	0.000000000000000000e+00	0.000000000000000000e+00	4.272591326639606918e-02	0.000000000000000000e+00
-2.998854000000000087e+04	0.000000000000000000e+00	0.000000000000000000e+00	4.058961760307626399e-02	0.000000000000000000e+00
-2.998850999999999840e+04	0.000000000000000000e+00	0.000000000000000000e+00	3.509628589739677285e-02	0.000000000000000000e+00
-2.998849000000000160e+04	0.000000000000000000e+00	0.000000000000000000e+00	4.150517288735618149e-02	0.000000000000000000e+00
-2.998847000000000116e+04	0.000000000000000000e+00	0.000000000000000000e+00	3.814813684499648860e-02	0.000000000000000000e+00
-2.998845000000000073e+04	0.000000000000000000e+00	0.000000000000000000e+00	4.058961760307626399e-02	0.000000000000000000e+00
-2.998841999999999825e+04	0.000000000000000000e+00	0.000000000000000000e+00	3.906369212927640611e-02	0.000000000000000000e+00
-2.998838999999999942e+04	0.000000000000000000e+00	0.000000000000000000e+00	3.570665608691671322e-02	0.000000000000000000e+00
-2.998836000000000058e+04	0.000000000000000000e+00	0.000000000000000000e+00	3.051850947599719227e-02	0.000000000000000000e+00
-2.998834000000000015e+04	0.000000000000000000e+00	0.000000000000000000e+00	3.295999023407696765e-02	0.000000000000000000e+00
-2.998831000000000131e+04	0.000000000000000000e+00	0.000000000000000000e+00	2.929776909695730458e-02	0.000000000000000000e+00
-2.998829000000000087e+04	0.000000000000000000e+00	0.000000000000000000e+00	2.838221381267739055e-02	0.000000000000000000e+00
-2.998827000000000044e+04	0.000000000000000000e+00	0.000000000000000000e+00	2.716147343363750286e-02	0.000000000000000000e+00
-2.998825000000000000e+04	0.000000000000000000e+00	0.000000000000000000e+00	2.685628833887752920e-02	0.000000000000000000e+00
-2.998822000000000116e+04	0.000000000000000000e+00	0.000000000000000000e+00	4.119998779259621130e-02	0.000000000000000000e+00
-2.998820000000000073e+04	0.000000000000000000e+00	0.000000000000000000e+00	3.662221137119663072e-02	0.000000000000000000e+00
-2.998818000000000029e+04	0.000000000000000000e+00	0.000000000000000000e+00	3.173924985503707996e-02	0.000000000000000000e+00
-2.998815999999999985e+04	0.000000000000000000e+00	0.000000000000000000e+00	3.418073061311685534e-02	0.000000000000000000e+00
-2.998815000000000146e+04	0.000000000000000000e+00	0.000000000000000000e+00	2.868739890743736073e-02	0.000000000000000000e+00
-2.998813000000000102e+04	0.000000000000000000e+00	0.000000000000000000e+00	3.295999023407696765e-02	0.000000000000000000e+00
-2.998811000000000058e+04	0.000000000000000000e+00	0.000000000000000000e+00	3.143406476027710977e-02	0.000000000000000000e+00
-2.998809000000000015e+04	0.000000000000000000e+00	0.000000000000000000e+00	3.448591570787682553e-02	0.000000000000000000e+00
-2.998806000000000131e+04	0.000000000000000000e+00	0.000000000000000000e+00	3.357036042359691497e-02	0.000000000000000000e+00
-2.998802000000000044e+04	0.000000000000000000e+00	0.000000000000000000e+00	3.753776665547654823e-02	0.000000000000000000e+00
-2.998800000000000000e+04	0.000000000000000000e+00	0.000000000000000000e+00	3.540147099215674303e-02	0.000000000000000000e+00
-2.998797999999999956e+04	0.000000000000000000e+00	0.000000000000000000e+00	3.418073061311685534e-02	0.000000000000000000e+00
-2.998795999999999913e+04	0.000000000000000000e+00	0.000000000000000000e+00	4.364146855067598668e-02	0.000000000000000000e+00
-2.998795000000000073e+04	0.000000000000000000e+00	0.000000000000000000e+00	3.997924741355632361e-02	0.000000000000000000e+00
-2.998791999999999825e+04	0.000000000000000000e+00	0.000000000000000000e+00	3.143406476027710977e-02	0.000000000000000000e+00
-2.998788999999999942e+04	0.000000000000000000e+00	0.000000000000000000e+00	3.997924741355632361e-02	0.000000000000000000e+00
-2.998786999999999898e+04	0.000000000000000000e+00	0.000000000000000000e+00	3.234962004455702728e-02	0.000000000000000000e+00
-2.998784999999999854e+04	0.000000000000000000e+00	0.000000000000000000e+00	3.753776665547654823e-02	0.000000000000000000e+00
-2.998783000000000175e+04	0.000000000000000000e+00	0.000000000000000000e+00	4.028443250831629380e-02	0.000000000000000000e+00
-2.998781000000000131e+04	0.000000000000000000e+00	0.000000000000000000e+00	3.204443494979705015e-02	0.000000000000000000e+00
-2.998779000000000087e+04	0.000000000000000000e+00	0.000000000000000000e+00	3.082369457075716593e-02	0.000000000000000000e+00
-2.998775999999999840e+04	0.000000000000000000e+00	0.000000000000000000e+00	3.234962004455702728e-02	0.000000000000000000e+00
-2.998774000000000160e+04	0.000000000000000000e+00	0.000000000000000000e+00	3.540147099215674303e-02	0.000000000000000000e+00
-2.998772000000000116e+04	0.000000000000000000e+00	0.000000000000000000e+00	4.455702383495590418e-02	0.000000000000000000e+00
-2.998770999999999913e+04	0.000000000000000000e+00	0.000000000000000000e+00	3.540147099215674303e-02	0.000000000000000000e+00
-2.998768000000000029e+04	0.000000000000000000e+00	0.000000000000000000e+00	3.662221137119663072e-02	0.000000000000000000e+00
-2.998765999999999985e+04	0.000000000000000000e+00	0.000000000000000000e+00	4.150517288735618149e-02	0.000000000000000000e+00
-2.998761999999999898e+04	0.000000000000000000e+00	0.000000000000000000e+00	3.204443494979705015e-02	0.000000000000000000e+00
-2.998759999999999854e+04	0.000000000000000000e+00	0.000000000000000000e+00	3.784295175023651842e-02	0.000000000000000000e+00
-2.998758000000000175e+04	0.000000000000000000e+00	0.000000000000000000e+00	3.509628589739677285e-02	0.000000000000000000e+00
-2.998754999999999927e+04	0.000000000000000000e+00	0.000000000000000000e+00	3.692739646595660091e-02	0.000000000000000000e+00
-2.998752999999999884e+04	0.000000000000000000e+00	0.000000000000000000e+00	3.601184118167669035e-02	0.000000000000000000e+00
-2.998752000000000044e+04	0.000000000000000000e+00	0.000000000000000000e+00	3.540147099215674303e-02	0.000000000000000000e+00
-2.998750000000000000e+04	0.000000000000000000e+00	0.000000000000000000e+00	3.418073061311685534e-02	0.000000000000000000e+00
-2.998747999999999956e+04	0.000000000000000000e+00	0.000000000000000000e+00	3.357036042359691497e-02	0.000000000000000000e+00
-2.998745000000000073e+04	0.000000000000000000e+00	0.000000000000000000e+00	1.495406964323862421e-02	0.000000000000000000e+00
-2.998743000000000029e+04	0.000000000000000000e+00	0.000000000000000000e+00	3.082369457075716593e-02	0.000000000000000000e+00
-2.998740999999999985e+04	0.000000000000000000e+00	0.000000000000000000e+00	2.685628833887752920e-02	0.000000000000000000e+00
-2.998738999999999942e+04	0.000000000000000000e+00	0.000000000000000000e+00	2.807702871791741689e-02	0.000000000000000000e+00
-2.998738000000000102e+04	0.000000000000000000e+00	0.000000000000000000e+00	3.234962004455702728e-02	0.000000000000000000e+00
-2.998736000000000058e+04	0.000000000000000000e+00	0.000000000000000000e+00	3.143406476027710977e-02	0.000000000000000000e+00
-2.998734000000000015e+04	0.000000000000000000e+00	0.000000000000000000e+00	3.448591570787682553e-02	0.000000000000000000e+00
-2.998731999999999971e+04	0.000000000000000000e+00	0.000000000000000000e+00	2.960295419171727824e-02	0.000000000000000000e+00
-2.998731000000000131e+04	0.000000000000000000e+00	0.000000000000000000e+00	2.838221381267739055e-02	0.000000000000000000e+00
-2.998727999999999884e+04	0.000000000000000000e+00	0.000000000000000000e+00	3.357036042359691497e-02	0.000000000000000000e+00
-2.998725000000000000e+04	0.000000000000000000e+00	0.000000000000000000e+00	3.112887966551713612e-02	0.000000000000000000e+00
-2.998724000000000160e+04	0.000000000000000000e+00	0.000000000000000000e+00	3.875850703451643592e-02	0.000000000000000000e+00
-2.998722000000000116e+04	0.000000000000000000e+00	0.000000000000000000e+00	4.211554307687612880e-02	0.000000000000000000e+00
-2.998718999999999869e+04	0.000000000000000000e+00	0.000000000000000000e+00	4.089480269783624111e-02	0.000000000000000000e+00
-2.998715999999999985e+04	0.000000000000000000e+00	0.000000000000000000e+00	4.089480269783624111e-02	0.000000000000000000e+00
-2.998713999999999942e+04	0.000000000000000000e+00	0.000000000000000000e+00	3.204443494979705015e-02	0.000000000000000000e+00
-2.998711999999999898e+04	0.000000000000000000e+00	0.000000000000000000e+00	4.516739402447584456e-02	0.000000000000000000e+00
-2.998709000000000015e+04	0.000000000000000000e+00	0.000000000000000000e+00	4.394665364543595687e-02	0.000000000000000000e+00
-2.998706000000000131e+04	0.000000000000000000e+00	0.000000000000000000e+00	4.089480269783624111e-02	0.000000000000000000e+00
-2.998702999999999884e+04	0.000000000000000000e+00	0.000000000000000000e+00	3.326517532883693784e-02	0.000000000000000000e+00
-2.998700999999999840e+04	0.000000000000000000e+00	0.000000000000000000e+00	4.303109836115603937e-02	0.000000000000000000e+00
-2.998700000000000000e+04	0.000000000000000000e+00	0.000000000000000000e+00	3.234962004455702728e-02	0.000000000000000000e+00
-2.998697999999999956e+04	0.000000000000000000e+00	0.000000000000000000e+00	3.204443494979705015e-02	0.000000000000000000e+00
-2.998695000000000073e+04	0.000000000000000000e+00	0.000000000000000000e+00	3.540147099215674303e-02	0.000000000000000000e+00
-2.998693000000000029e+04	0.000000000000000000e+00	0.000000000000000000e+00	3.631702627643666054e-02	0.000000000000000000e+00
-2.998690999999999985e+04	0.000000000000000000e+00	0.000000000000000000e+00	3.631702627643666054e-02	0.000000000000000000e+00
-2.998688000000000102e+04	0.000000000000000000e+00	0.000000000000000000e+00	3.234962004455702728e-02	0.000000000000000000e+00
-2.998684999999999854e+04	0.000000000000000000e+00	0.000000000000000000e+00	3.875850703451643592e-02	0.000000000000000000e+00
-2.998683000000000175e+04	0.000000000000000000e+00	0.000000000000000000e+00	3.295999023407696765e-02	0.000000000000000000e+00
-2.998681000000000131e+04	0.000000000000000000e+00	0.000000000000000000e+00	4.455702383495590418e-02	0.000000000000000000e+00
-2.998679000000000087e+04	0.000000000000000000e+00	0.000000000000000000e+00	2.990813928647724843e-02	0.000000000000000000e+00
-2.998677000000000044e+04	0.000000000000000000e+00	0.000000000000000000e+00	3.570665608691671322e-02	0.000000000000000000e+00
-2.998675000000000000e+04	0.000000000000000000e+00	0.000000000000000000e+00	3.143406476027710977e-02	0.000000000000000000e+00
-2.998672999999999956e+04	0.000000000000000000e+00	0.000000000000000000e+00	3.326517532883693784e-02	0.000000000000000000e+00
-2.998672000000000116e+04	0.000000000000000000e+00	0.000000000000000000e+00	3.357036042359691497e-02	0.000000000000000000e+00
-2.998670000000000073e+04	0.000000000000000000e+00	0.000000000000000000e+00	1.739555040131840133e-02	0.000000000000000000e+00
-2.998666999999999825e+04	0.000000000000000000e+00	0.000000000000000000e+00	3.234962004455702728e-02	0.000000000000000000e+00
-2.998663999999999942e+04	0.000000000000000000e+00	0.000000000000000000e+00	3.875850703451643592e-02	0.000000000000000000e+00
-2.998661999999999898e+04	0.000000000000000000e+00	0.000000000000000000e+00	3.173924985503707996e-02	0.000000000000000000e+00
-2.998659999999999854e+04	0.000000000000000000e+00	0.000000000000000000e+00	3.692739646595660091e-02	0.000000000000000000e+00
-2.998656000000000131e+04	0.000000000000000000e+00	0.000000000000000000e+00	4.119998779259621130e-02	0.000000000000000000e+00
-2.998654000000000087e+04	0.000000000000000000e+00	0.000000000000000000e+00	3.387554551835688516e-02	0.000000000000000000e+00
-2.998652000000000044e+04	0.000000000000000000e+00	0.000000000000000000e+00	4.699850459303567957e-02	0.000000000000000000e+00
-2.998649000000000160e+04	0.000000000000000000e+00	0.000000000000000000e+00	3.601184118167669035e-02	0.000000000000000000e+00
-2.998647000000000116e+04	0.000000000000000000e+00	0.000000000000000000e+00	3.326517532883693784e-02	0.000000000000000000e+00
-2.998643999999999869e+04	0.000000000000000000e+00	0.000000000000000000e+00	3.204443494979705015e-02	0.000000000000000000e+00
-2.998640999999999985e+04	0.000000000000000000e+00	0.000000000000000000e+00	3.814813684499648860e-02	0.000000000000000000e+00
-2.998638000000000102e+04	0.000000000000000000e+00	0.000000000000000000e+00	3.601184118167669035e-02	0.000000000000000000e+00
-2.998636000000000058e+04	0.000000000000000000e+00	0.000000000000000000e+00	3.570665608691671322e-02	0.000000000000000000e+00
-2.998634000000000015e+04	0.000000000000000000e+00	0.000000000000000000e+00	3.875850703451643592e-02	0.000000000000000000e+00
-2.998631999999999971e+04	0.000000000000000000e+00	0.000000000000000000e+00	3.784295175023651842e-02	0.000000000000000000e+00
-2.998629000000000087e+04	0.000000000000000000e+00	0.000000000000000000e+00	4.577776421399579188e-02	0.000000000000000000e+00
-2.998627999999999884e+04	0.000000000000000000e+00	0.000000000000000000e+00	3.845332193975646573e-02	0.000000000000000000e+00
-2.998625999999999840e+04	0.000000000000000000e+00	0.000000000000000000e+00	3.692739646595660091e-02	0.000000000000000000e+00
-2.998624000000000160e+04	0.000000000000000000e+00	0.000000000000000000e+00	3.143406476027710977e-02	0.000000000000000000e+00
-2.998622000000000116e+04	0.000000000000000000e+00	0.000000000000000000e+00	4.150517288735618149e-02	0.000000000000000000e+00
-2.998620000000000073e+04	0.000000000000000000e+00	0.000000000000000000e+00	3.540147099215674303e-02	0.000000000000000000e+00
-2.998618000000000029e+04	0.000000000000000000e+00	0.000000000000000000e+00	3.814813684499648860e-02	0.000000000000000000e+00
-2.998615000000000146e+04	0.000000000000000000e+00	0.000000000000000000e+00	3.662221137119663072e-02	0.000000000000000000e+00
-2.998613000000000102e+04	0.000000000000000000e+00	0.000000000000000000e+00	3.997924741355632361e-02	0.000000000000000000e+00
-2.998609999999999854e+04	0.000000000000000000e+00	0.000000000000000000e+00	3.357036042359691497e-02	0.000000000000000000e+00
-2.998606999999999971e+04	0.000000000000000000e+00	0.000000000000000000e+00	3.448591570787682553e-02	0.000000000000000000e+00
-2.998604000000000087e+04	0.000000000000000000e+00	0.000000000000000000e+00	3.875850703451643592e-02	0.000000000000000000e+00
-2.998602000000000044e+04	0.000000000000000000e+00	0.000000000000000000e+00	3.936887722403637629e-02	0.000000000000000000e+00
-2.998599000000000160e+04	0.000000000000000000e+00	0.000000000000000000e+00	3.692739646595660091e-02	0.000000000000000000e+00
-2.998597000000000116e+04	0.000000000000000000e+00	0.000000000000000000e+00	3.143406476027710977e-02	0.000000000000000000e+00
-2.998593999999999869e+04	0.000000000000000000e+00	0.000000000000000000e+00	4.028443250831629380e-02	0.000000000000000000e+00
-2.998591999999999825e+04	0.000000000000000000e+00	0.000000000000000000e+00	4.303109836115603937e-02	0.000000000000000000e+00
-2.998588999999999942e+04	0.000000000000000000e+00	0.000000000000000000e+00	4.852443006683553745e-02	0.000000000000000000e+00
-2.998586999999999898e+04	0.000000000000000000e+00	0.000000000000000000e+00	4.699850459303567957e-02	0.000000000000000000e+00
-2.998584000000000015e+04	0.000000000000000000e+00	0.000000000000000000e+00	2.685628833887752920e-02	0.000000000000000000e+00
-2.998581000000000131e+04	0.000000000000000000e+00	0.000000000000000000e+00	3.509628589739677285e-02	0.000000000000000000e+00
-2.998577999999999884e+04	0.000000000000000000e+00	0.000000000000000000e+00	3.509628589739677285e-02	0.000000000000000000e+00
-2.998575000000000000e+04	0.000000000000000000e+00	0.000000000000000000e+00	3.540147099215674303e-02	0.000000000000000000e+00
-2.998572000000000116e+04	0.000000000000000000e+00	0.000000000000000000e+00	3.601184118167669035e-02	0.000000000000000000e+00
-2.998568999999999869e+04	0.000000000000000000e+00	0.000000000000000000e+00	3.814813684499648860e-02	0.000000000000000000e+00
-2.998566999999999825e+04	0.000000000000000000e+00	0.000000000000000000e+00	4.364146855067598668e-02	0.000000000000000000e+00
-2.998563999999999942e+04	0.000000000000000000e+00	0.000000000000000000e+00	3.631702627643666054e-02	0.000000000000000000e+00
-2.998561999999999898e+04	0.000000000000000000e+00	0.000000000000000000e+00	3.234962004455702728e-02	0.000000000000000000e+00
-2.998559999999999854e+04	0.000000000000000000e+00	0.000000000000000000e+00	3.875850703451643592e-02	0.000000000000000000e+00
-2.998556999999999971e+04	0.000000000000000000e+00	0.000000000000000000e+00	4.303109836115603937e-02	0.000000000000000000e+00
-2.998556000000000131e+04	0.000000000000000000e+00	0.000000000000000000e+00	4.608294930875576206e-02	0.000000000000000000e+00
-2.998554000000000087e+04	0.000000000000000000e+00	0.000000000000000000e+00	3.814813684499648860e-02	0.000000000000000000e+00
-2.998552999999999884e+04	0.000000000000000000e+00	0.000000000000000000e+00	4.364146855067598668e-02	0.000000000000000000e+00
-2.998552000000000044e+04	0.000000000000000000e+00	0.000000000000000000e+00	3.662221137119663072e-02	0.000000000000000000e+00
-2.998549000000000160e+04	0.000000000000000000e+00	0.000000000000000000e+00	2.990813928647724843e-02	0.000000000000000000e+00
-2.998545999999999913e+04	0.000000000000000000e+00	0.000000000000000000e+00	3.814813684499648860e-02	0.000000000000000000e+00
-2.998543000000000029e+04	0.000000000000000000e+00	0.000000000000000000e+00	5.005035554063539532e-02	0.000000000000000000e+00
-2.998540000000000146e+04	0.000000000000000000e+00	0.000000000000000000e+00	3.601184118167669035e-02	0.000000000000000000e+00
-2.998538000000000102e+04	0.000000000000000000e+00	0.000000000000000000e+00	4.791405987731559013e-02	0.000000000000000000e+00
-2.998536000000000058e+04	0.000000000000000000e+00	0.000000000000000000e+00	3.112887966551713612e-02	0.000000000000000000e+00
-2.998533000000000175e+04	0.000000000000000000e+00	0.000000000000000000e+00	3.784295175023651842e-02	0.000000000000000000e+00
-2.998529999999999927e+04	0.000000000000000000e+00	0.000000000000000000e+00	4.547257911923581475e-02	0.000000000000000000e+00
-2.998527000000000044e+04	0.000000000000000000e+00	0.000000000000000000e+00	4.303109836115603937e-02	0.000000000000000000e+00
-2.998524000000000160e+04	0.000000000000000000e+00	0.000000000000000000e+00	3.875850703451643592e-02	0.000000000000000000e+00
-2.998520000000000073e+04	0.000000000000000000e+00	0.000000000000000000e+00	3.540147099215674303e-02	0.000000000000000000e+00
-2.998518000000000029e+04	0.000000000000000000e+00	0.000000000000000000e+00	3.692739646595660091e-02	0.000000000000000000e+00
-2.998515000000000146e+04	0.000000000000000000e+00	0.000000000000000000e+00	3.875850703451643592e-02	0.000000000000000000e+00
-2.998511999999999898e+04	0.000000000000000000e+00	0.000000000000000000e+00	3.997924741355632361e-02	0.000000000000000000e+00
-2.998509000000000015e+04	0.000000000000000000e+00	0.000000000000000000e+00	3.570665608691671322e-02	0.000000000000000000e+00
-2.998506000000000131e+04	0.000000000000000000e+00	0.000000000000000000e+00	4.577776421399579188e-02	0.000000000000000000e+00
-2.998504000000000087e+04	0.000000000000000000e+00	0.000000000000000000e+00	3.662221137119663072e-02	0.000000000000000000e+00
-2.998500999999999840e+04	0.000000000000000000e+00	0.000000000000000000e+00	3.875850703451643592e-02	0.000000000000000000e+00
-2.998497999999999956e+04	0.000000000000000000e+00	0.000000000000000000e+00	3.692739646595660091e-02	0.000000000000000000e+00
-2.998495000000000073e+04	0.000000000000000000e+00	0.000000000000000000e+00	3.692739646595660091e-02	0.000000000000000000e+00
-2.998491999999999825e+04	0.000000000000000000e+00	0.000000000000000000e+00	2.624591814935758535e-02	0.000000000000000000e+00
-2.998490000000000146e+04	0.000000000000000000e+00	0.000000000000000000e+00	3.784295175023651842e-02	0.000000000000000000e+00
-2.998486999999999898e+04	0.000000000000000000e+00	0.000000000000000000e+00	4.394665364543595687e-02	0.000000000000000000e+00
-2.998484000000000015e+04	0.000000000000000000e+00	0.000000000000000000e+00	4.547257911923581475e-02	0.000000000000000000e+00
-2.998481999999999971e+04	0.000000000000000000e+00	0.000000000000000000e+00	3.448591570787682553e-02	0.000000000000000000e+00
-2.998479999999999927e+04	0.000000000000000000e+00	0.000000000000000000e+00	3.936887722403637629e-02	0.000000000000000000e+00
-2.998475999999999840e+04	0.000000000000000000e+00	0.000000000000000000e+00	4.150517288735618149e-02	0.000000000000000000e+00
-2.998472999999999956e+04	0.000000000000000000e+00	0.000000000000000000e+00	3.845332193975646573e-02	0.000000000000000000e+00
-2.998472000000000116e+04	0.000000000000000000e+00	0.000000000000000000e+00	3.326517532883693784e-02	0.000000000000000000e+00
-2.998468999999999869e+04	0.000000000000000000e+00	0.000000000000000000e+00	3.570665608691671322e-02	0.000000000000000000e+00
-2.998465999999999985e+04	0.000000000000000000e+00	0.000000000000000000e+00	3.997924741355632361e-02	0.000000000000000000e+00
-2.998461999999999898e+04	0.000000000000000000e+00	0.000000000000000000e+00	4.364146855067598668e-02	0.000000000000000000e+00
-2.998459999999999854e+04	0.000000000000000000e+00	0.000000000000000000e+00	4.364146855067598668e-02	0.000000000000000000e+00
-2.998459000000000015e+04	0.000000000000000000e+00	0.000000000000000000e+00	3.448591570787682553e-02	0.000000000000000000e+00
-2.998456999999999971e+04	0.000000000000000000e+00	0.000000000000000000e+00	3.692739646595660091e-02	0.000000000000000000e+00
-2.998452999999999884e+04	0.000000000000000000e+00	0.000000000000000000e+00	5.005035554063539532e-02	0.000000000000000000e+00
-2.998450000000000000e+04	0.000000000000000000e+00	0.000000000000000000e+00	4.913480025635547782e-02	0.000000000000000000e+00
-2.998447000000000116e+04	0.000000000000000000e+00	0.000000000000000000e+00	4.821924497207556726e-02	0.000000000000000000e+00
-2.998443999999999869e+04	0.000000000000000000e+00	0.000000000000000000e+00	4.150517288735618149e-02	0.000000000000000000e+00
-2.998440999999999985e+04	0.000000000000000000e+00	0.000000000000000000e+00	3.692739646595660091e-02	0.000000000000000000e+00
-2.998438000000000102e+04	0.000000000000000000e+00	0.000000000000000000e+00	3.845332193975646573e-02	0.000000000000000000e+00
-2.998434999999999854e+04	0.000000000000000000e+00	0.000000000000000000e+00	3.692739646595660091e-02	0.000000000000000000e+00
-2.998431999999999971e+04	0.000000000000000000e+00	0.000000000000000000e+00	4.211554307687612880e-02	0.000000000000000000e+00
-2.998429999999999927e+04	0.000000000000000000e+00	0.000000000000000000e+00	4.547257911923581475e-02	0.000000000000000000e+00
-2.998427000000000044e+04	0.000000000000000000e+00	0.000000000000000000e+00	3.814813684499648860e-02	0.000000000000000000e+00
-2.998424000000000160e+04	0.000000000000000000e+00	0.000000000000000000e+00	3.906369212927640611e-02	0.000000000000000000e+00
-2.998422000000000116e+04	0.000000000000000000e+00	0.000000000000000000e+00	3.601184118167669035e-02	0.000000000000000000e+00
-2.998418999999999869e+04	0.000000000000000000e+00	0.000000000000000000e+00	3.295999023407696765e-02	0.000000000000000000e+00
-2.998416999999999825e+04	0.000000000000000000e+00	0.000000000000000000e+00	3.601184118167669035e-02	0.000000000000000000e+00
-2.998415000000000146e+04	0.000000000000000000e+00	0.000000000000000000e+00	4.089480269783624111e-02	0.000000000000000000e+00
-2.998411999999999898e+04	0.000000000000000000e+00	0.000000000000000000e+00	4.516739402447584456e-02	0.000000000000000000e+00
-2.998409999999999854e+04	0.000000000000000000e+00	0.000000000000000000e+00	4.272591326639606918e-02	0.000000000000000000e+00
-2.998406999999999971e+04	0.000000000000000000e+00	0.000000000000000000e+00	4.119998779259621130e-02	0.000000000000000000e+00
-2.998404000000000087e+04	0.000000000000000000e+00	0.000000000000000000e+00	4.119998779259621130e-02	0.000000000000000000e+00
-2.998400999999999840e+04	0.000000000000000000e+00	0.000000000000000000e+00	2.380443739127780997e-02	0.000000000000000000e+00
-2.998399000000000160e+04	0.000000000000000000e+00	0.000000000000000000e+00	4.058961760307626399e-02	0.000000000000000000e+00
-2.998397000000000116e+04	0.000000000000000000e+00	0.000000000000000000e+00	4.303109836115603937e-02	0.000000000000000000e+00
-2.998395000000000073e+04	0.000000000000000000e+00	0.000000000000000000e+00	5.188146610919523033e-02	0.000000000000000000e+00
-2.998391999999999825e+04	0.000000000000000000e+00	0.000000000000000000e+00	5.157628101443525320e-02	0.000000000000000000e+00
-2.998388000000000102e+04	0.000000000000000000e+00	0.000000000000000000e+00	3.936887722403637629e-02	0.000000000000000000e+00
-2.998384999999999854e+04	0.000000000000000000e+00	0.000000000000000000e+00	3.784295175023651842e-02	0.000000000000000000e+00
-2.998381999999999971e+04	0.000000000000000000e+00	0.000000000000000000e+00	4.486220892971587437e-02	0.000000000000000000e+00
-2.998379000000000087e+04	0.000000000000000000e+00	0.000000000000000000e+00	5.462813196203497590e-02	0.000000000000000000e+00
-2.998375999999999840e+04	0.000000000000000000e+00	0.000000000000000000e+00	4.089480269783624111e-02	0.000000000000000000e+00
-2.998372999999999956e+04	0.000000000000000000e+00	0.000000000000000000e+00	3.814813684499648860e-02	0.000000000000000000e+00
-2.998370999999999913e+04	0.000000000000000000e+00	0.000000000000000000e+00	3.997924741355632361e-02	0.000000000000000000e+00
-2.998368000000000029e+04	0.000000000000000000e+00	0.000000000000000000e+00	3.662221137119663072e-02	0.000000000000000000e+00
-2.998363999999999942e+04	0.000000000000000000e+00	0.000000000000000000e+00	4.547257911923581475e-02	0.000000000000000000e+00
-2.998359999999999854e+04	0.000000000000000000e+00	0.000000000000000000e+00	3.784295175023651842e-02	0.000000000000000000e+00
-2.998356999999999971e+04	0.000000000000000000e+00	0.000000000000000000e+00	3.631702627643666054e-02	0.000000000000000000e+00
-2.998352999999999884e+04	0.000000000000000000e+00	0.000000000000000000e+00	4.211554307687612880e-02	0.000000000000000000e+00
-2.998350999999999840e+04	0.000000000000000000e+00	0.000000000000000000e+00	3.814813684499648860e-02	0.000000000000000000e+00
-2.998347999999999956e+04	0.000000000000000000e+00	0.000000000000000000e+00	4.791405987731559013e-02	0.000000000000000000e+00
-2.998345999999999913e+04	0.000000000000000000e+00	0.000000000000000000e+00	3.570665608691671322e-02	0.000000000000000000e+00
-2.998343999999999869e+04	0.000000000000000000e+00	0.000000000000000000e+00	3.387554551835688516e-02	0.000000000000000000e+00
-2.998340000000000146e+04	0.000000000000000000e+00	0.000000000000000000e+00	4.058961760307626399e-02	0.000000000000000000e+00
-2.998338000000000102e+04	0.000000000000000000e+00	0.000000000000000000e+00	4.577776421399579188e-02	0.000000000000000000e+00
-2.998336999999999898e+04	0.000000000000000000e+00	0.000000000000000000e+00	3.814813684499648860e-02	0.000000000000000000e+00
-2.998334999999999854e+04	0.000000000000000000e+00	0.000000000000000000e+00	4.303109836115603937e-02	0.000000000000000000e+00
-2.998331000000000131e+04	0.000000000000000000e+00	0.000000000000000000e+00	3.753776665547654823e-02	0.000000000000000000e+00
-2.998327999999999884e+04	0.000000000000000000e+00	0.000000000000000000e+00	3.509628589739677285e-02	0.000000000000000000e+00
-2.998325999999999840e+04	0.000000000000000000e+00	0.000000000000000000e+00	4.272591326639606918e-02	0.000000000000000000e+00
-2.998325000000000000e+04	0.000000000000000000e+00	0.000000000000000000e+00	4.394665364543595687e-02	0.000000000000000000e+00
-2.998322999999999956e+04	0.000000000000000000e+00	0.000000000000000000e+00	4.211554307687612880e-02	0.000000000000000000e+00
-2.998320000000000073e+04	0.000000000000000000e+00	0.000000000000000000e+00	4.486220892971587437e-02	0.000000000000000000e+00
-2.998315999999999985e+04	0.000000000000000000e+00	0.000000000000000000e+00	3.845332193975646573e-02	0.000000000000000000e+00
-2.998313999999999942e+04	0.000000000000000000e+00	0.000000000000000000e+00	4.303109836115603937e-02	0.000000000000000000e+00
-2.998313000000000102e+04	0.000000000000000000e+00	0.000000000000000000e+00	4.089480269783624111e-02	0.000000000000000000e+00
-2.998311999999999898e+04	0.000000000000000000e+00	0.000000000000000000e+00	3.784295175023651842e-02	0.000000000000000000e+00
-2.998309000000000015e+04	0.000000000000000000e+00	0.000000000000000000e+00	2.868739890743736073e-02	0.000000000000000000e+00
-2.998306000000000131e+04	0.000000000000000000e+00	0.000000000000000000e+00	3.357036042359691497e-02	0.000000000000000000e+00
-2.998302000000000044e+04	0.000000000000000000e+00	0.000000000000000000e+00	3.845332193975646573e-02	0.000000000000000000e+00
-2.998300000000000000e+04	0.000000000000000000e+00	0.000000000000000000e+00	3.997924741355632361e-02	0.000000000000000000e+00
-2.998297999999999956e+04	0.000000000000000000e+00	0.000000000000000000e+00	3.753776665547654823e-02	0.000000000000000000e+00
-2.998295000000000073e+04	0.000000000000000000e+00	0.000000000000000000e+00	3.784295175023651842e-02	0.000000000000000000e+00
-2.998291999999999825e+04	0.000000000000000000e+00	0.000000000000000000e+00	3.814813684499648860e-02	0.000000000000000000e+00
-2.998290999999999985e+04	0.000000000000000000e+00	0.000000000000000000e+00	4.303109836115603937e-02	0.000000000000000000e+00
-2.998288999999999942e+04	0.000000000000000000e+00	0.000000000000000000e+00	4.028443250831629380e-02	0.000000000000000000e+00
-2.998286000000000058e+04	0.000000000000000000e+00	0.000000000000000000e+00	4.089480269783624111e-02	0.000000000000000000e+00
-2.998283000000000175e+04	0.000000000000000000e+00	0.000000000000000000e+00	4.272591326639606918e-02	0.000000000000000000e+00
-2.998279000000000087e+04	0.000000000000000000e+00	0.000000000000000000e+00	4.821924497207556726e-02	0.000000000000000000e+00
-2.998277000000000044e+04	0.000000000000000000e+00	0.000000000000000000e+00	3.814813684499648860e-02	0.000000000000000000e+00
-2.998275999999999840e+04	0.000000000000000000e+00	0.000000000000000000e+00	4.211554307687612880e-02	0.000000000000000000e+00
-2.998274000000000160e+04	0.000000000000000000e+00	0.000000000000000000e+00	4.516739402447584456e-02	0.000000000000000000e+00
-2.998270999999999913e+04	0.000000000000000000e+00	0.000000000000000000e+00	3.692739646595660091e-02	0.000000000000000000e+00
-2.998268000000000029e+04	0.000000000000000000e+00	0.000000000000000000e+00	3.357036042359691497e-02	0.000000000000000000e+00
-2.998265999999999985e+04	0.000000000000000000e+00	0.000000000000000000e+00	3.753776665547654823e-02	0.000000000000000000e+00
-2.998263999999999942e+04	0.000000000000000000e+00	0.000000000000000000e+00	4.455702383495590418e-02	0.000000000000000000e+00
-2.998261000000000058e+04	0.000000000000000000e+00	0.000000000000000000e+00	4.303109836115603937e-02	0.000000000000000000e+00
-2.998259999999999854e+04	0.000000000000000000e+00	0.000000000000000000e+00	4.058961760307626399e-02	0.000000000000000000e+00
-2.998258000000000175e+04	0.000000000000000000e+00	0.000000000000000000e+00	4.119998779259621130e-02	0.000000000000000000e+00
-2.998256000000000131e+04	0.000000000000000000e+00	0.000000000000000000e+00	4.791405987731559013e-02	0.000000000000000000e+00
-2.998252999999999884e+04	0.000000000000000000e+00	0.000000000000000000e+00	4.455702383495590418e-02	0.000000000000000000e+00
-2.998250000000000000e+04	0.000000000000000000e+00	0.000000000000000000e+00	3.997924741355632361e-02	0.000000000000000000e+00
-2.998247999999999956e+04	0.000000000000000000e+00	0.000000000000000000e+00	4.028443250831629380e-02	0.000000000000000000e+00
-2.998245000000000073e+04	0.000000000000000000e+00	0.000000000000000000e+00	4.821924497207556726e-02	0.000000000000000000e+00
-2.998241999999999825e+04	0.000000000000000000e+00	0.000000000000000000e+00	4.455702383495590418e-02	0.000000000000000000e+00
-2.998238999999999942e+04	0.000000000000000000e+00	0.000000000000000000e+00	3.906369212927640611e-02	0.000000000000000000e+00
-2.998236999999999898e+04	0.000000000000000000e+00	0.000000000000000000e+00	3.845332193975646573e-02	0.000000000000000000e+00
-2.998234000000000015e+04	0.000000000000000000e+00	0.000000000000000000e+00	4.394665364543595687e-02	0.000000000000000000e+00
-2.998231000000000131e+04	0.000000000000000000e+00	0.000000000000000000e+00	4.028443250831629380e-02	0.000000000000000000e+00
-2.998229000000000087e+04	0.000000000000000000e+00	0.000000000000000000e+00	3.906369212927640611e-02	0.000000000000000000e+00
-2.998227999999999884e+04	0.000000000000000000e+00	0.000000000000000000e+00	4.699850459303567957e-02	0.000000000000000000e+00
-2.998225999999999840e+04	0.000000000000000000e+00	0.000000000000000000e+00	3.753776665547654823e-02	0.000000000000000000e+00
-2.998222999999999956e+04	0.000000000000000000e+00	0.000000000000000000e+00	2.929776909695730458e-02	0.000000000000000000e+00
-2.998220999999999913e+04	0.000000000000000000e+00	0.000000000000000000e+00	3.173924985503707996e-02	0.000000000000000000e+00
-2.998218000000000029e+04	0.000000000000000000e+00	0.000000000000000000e+00	3.753776665547654823e-02	0.000000000000000000e+00
-2.998215999999999985e+04	0.000000000000000000e+00	0.000000000000000000e+00	3.387554551835688516e-02	0.000000000000000000e+00
-2.998213999999999942e+04	0.000000000000000000e+00	0.000000000000000000e+00	3.631702627643666054e-02	0.000000000000000000e+00
-2.998211999999999898e+04	0.000000000000000000e+00	0.000000000000000000e+00	4.058961760307626399e-02	0.000000000000000000e+00
-2.998209000000000015e+04	0.000000000000000000e+00	0.000000000000000000e+00	3.631702627643666054e-02	0.000000000000000000e+00
-2.998208000000000175e+04	0.000000000000000000e+00	0.000000000000000000e+00	4.699850459303567957e-02	0.000000000000000000e+00
-2.998204999999999927e+04	0.000000000000000000e+00	0.000000000000000000e+00	4.852443006683553745e-02	0.000000000000000000e+00
-2.998204000000000087e+04	0.000000000000000000e+00	0.000000000000000000e+00	4.119998779259621130e-02	0.000000000000000000e+00
-2.998202000000000044e+04	0.000000000000000000e+00	0.000000000000000000e+00	4.974517044587542514e-02	0.000000000000000000e+00
-2.998199000000000160e+04	0.000000000000000000e+00	0.000000000000000000e+00	4.943998535111545495e-02	0.000000000000000000e+00
-2.998197000000000116e+04	0.000000000000000000e+00	0.000000000000000000e+00	4.730368968779564975e-02	0.000000000000000000e+00
-2.998195999999999913e+04	0.000000000000000000e+00	0.000000000000000000e+00	5.035554063539536551e-02	0.000000000000000000e+00
-2.998193999999999869e+04	0.000000000000000000e+00	0.000000000000000000e+00	4.730368968779564975e-02	0.000000000000000000e+00
-2.998191999999999825e+04	0.000000000000000000e+00	0.000000000000000000e+00	3.875850703451643592e-02	0.000000000000000000e+00
-2.998190000000000146e+04	0.000000000000000000e+00	0.000000000000000000e+00	3.997924741355632361e-02	0.000000000000000000e+00
-2.998188000000000102e+04	0.000000000000000000e+00	0.000000000000000000e+00	5.401776177251502858e-02	0.000000000000000000e+00
-2.998184000000000015e+04	0.000000000000000000e+00	0.000000000000000000e+00	5.066072573015534264e-02	0.000000000000000000e+00
-2.998181000000000131e+04	0.000000000000000000e+00	0.000000000000000000e+00	4.303109836115603937e-02	0.000000000000000000e+00
-2.998179999999999927e+04	0.000000000000000000e+00	0.000000000000000000e+00	3.875850703451643592e-02	0.000000000000000000e+00
-2.998177999999999884e+04	0.000000000000000000e+00	0.000000000000000000e+00	4.150517288735618149e-02	0.000000000000000000e+00
-2.998175000000000000e+04	0.000000000000000000e+00	0.000000000000000000e+00	4.089480269783624111e-02	0.000000000000000000e+00
-2.998172000000000116e+04	0.000000000000000000e+00	0.000000000000000000e+00	3.784295175023651842e-02	0.000000000000000000e+00
-2.998168999999999869e+04	0.000000000000000000e+00	0.000000000000000000e+00	3.997924741355632361e-02	0.000000000000000000e+00
-2.998165999999999985e+04	0.000000000000000000e+00	0.000000000000000000e+00	4.364146855067598668e-02	0.000000000000000000e+00
-2.998165000000000146e+04	0.000000000000000000e+00	0.000000000000000000e+00	3.814813684499648860e-02	0.000000000000000000e+00
-2.998161999999999898e+04	0.000000000000000000e+00	0.000000000000000000e+00	3.814813684499648860e-02	0.000000000000000000e+00
-2.998159000000000015e+04	0.000000000000000000e+00	0.000000000000000000e+00	4.150517288735618149e-02	0.000000000000000000e+00
-2.998156000000000131e+04	0.000000000000000000e+00	0.000000000000000000e+00	4.028443250831629380e-02	0.000000000000000000e+00
-2.998154000000000087e+04	0.000000000000000000e+00	0.000000000000000000e+00	3.875850703451643592e-02	0.000000000000000000e+00
-2.998150999999999840e+04	0.000000000000000000e+00	0.000000000000000000e+00	4.455702383495590418e-02	0.000000000000000000e+00
-2.998149000000000160e+04	0.000000000000000000e+00	0.000000000000000000e+00	4.943998535111545495e-02	0.000000000000000000e+00
-2.998147000000000116e+04	0.000000000000000000e+00	0.000000000000000000e+00	4.699850459303567957e-02	0.000000000000000000e+00
-2.998145000000000073e+04	0.000000000000000000e+00	0.000000000000000000e+00	4.303109836115603937e-02	0.000000000000000000e+00
-2.998143999999999869e+04	0.000000000000000000e+00	0.000000000000000000e+00	3.631702627643666054e-02	0.000000000000000000e+00
-2.998141999999999825e+04	0.000000000000000000e+00	0.000000000000000000e+00	5.005035554063539532e-02	0.000000000000000000e+00
-2.998140000000000146e+04	0.000000000000000000e+00	0.000000000000000000e+00	4.303109836115603937e-02	0.000000000000000000e+00
-2.998138999999999942e+04	0.000000000000000000e+00	0.000000000000000000e+00	3.601184118167669035e-02	0.000000000000000000e+00
-2.998136999999999898e+04	0.000000000000000000e+00	0.000000000000000000e+00	4.242072817163609899e-02	0.000000000000000000e+00
-2.998136000000000058e+04	0.000000000000000000e+00	0.000000000000000000e+00	3.936887722403637629e-02	0.000000000000000000e+00
-2.998133000000000175e+04	0.000000000000000000e+00	0.000000000000000000e+00	4.058961760307626399e-02	0.000000000000000000e+00
-2.998129000000000087e+04	0.000000000000000000e+00	0.000000000000000000e+00	4.303109836115603937e-02	0.000000000000000000e+00
-2.998125999999999840e+04	0.000000000000000000e+00	0.000000000000000000e+00	3.906369212927640611e-02	0.000000000000000000e+00
-2.998122999999999956e+04	0.000000000000000000e+00	0.000000000000000000e+00	4.394665364543595687e-02	0.000000000000000000e+00
-2.998122000000000116e+04	0.000000000000000000e+00	0.000000000000000000e+00	4.150517288735618149e-02	0.000000000000000000e+00
-2.998120000000000073e+04	0.000000000000000000e+00	0.000000000000000000e+00	4.455702383495590418e-02	0.000000000000000000e+00
-2.998115999999999985e+04	0.000000000000000000e+00	0.000000000000000000e+00	4.547257911923581475e-02	0.000000000000000000e+00
-2.998113999999999942e+04	0.000000000000000000e+00	0.000000000000000000e+00	4.577776421399579188e-02	0.000000000000000000e+00
-2.998111000000000058e+04	0.000000000000000000e+00	0.000000000000000000e+00	4.455702383495590418e-02	0.000000000000000000e+00
-2.998108000000000175e+04	0.000000000000000000e+00	0.000000000000000000e+00	4.791405987731559013e-02	0.000000000000000000e+00
-2.998106000000000131e+04	0.000000000000000000e+00	0.000000000000000000e+00	3.784295175023651842e-02	0.000000000000000000e+00
-2.998102999999999884e+04	0.000000000000000000e+00	0.000000000000000000e+00	4.791405987731559013e-02	0.000000000000000000e+00
-2.998099000000000160e+04	0.000000000000000000e+00	0.000000000000000000e+00	4.211554307687612880e-02	0.000000000000000000e+00
-2.998095999999999913e+04	0.000000000000000000e+00	0.000000000000000000e+00	3.906369212927640611e-02	0.000000000000000000e+00
-2.998093999999999869e+04	0.000000000000000000e+00	0.000000000000000000e+00	3.601184118167669035e-02	0.000000000000000000e+00
-2.998090999999999985e+04	0.000000000000000000e+00	0.000000000000000000e+00	4.028443250831629380e-02	0.000000000000000000e+00
-2.998088999999999942e+04	0.000000000000000000e+00	0.000000000000000000e+00	3.814813684499648860e-02	0.000000000000000000e+00
-2.998086000000000058e+04	0.000000000000000000e+00	0.000000000000000000e+00	4.303109836115603937e-02	0.000000000000000000e+00
-2.998081999999999971e+04	0.000000000000000000e+00	0.000000000000000000e+00	3.662221137119663072e-02	0.000000000000000000e+00
-2.998079999999999927e+04	0.000000000000000000e+00	0.000000000000000000e+00	3.509628589739677285e-02	0.000000000000000000e+00
-2.998077999999999884e+04	0.000000000000000000e+00	0.000000000000000000e+00	3.357036042359691497e-02	0.000000000000000000e+00
-2.998075999999999840e+04	0.000000000000000000e+00	0.000000000000000000e+00	4.119998779259621130e-02	0.000000000000000000e+00
-2.998072999999999956e+04	0.000000000000000000e+00	0.000000000000000000e+00	4.364146855067598668e-02	0.000000000000000000e+00
-2.998068999999999869e+04	0.000000000000000000e+00	0.000000000000000000e+00	3.784295175023651842e-02	0.000000000000000000e+00
-2.998065999999999985e+04	0.000000000000000000e+00	0.000000000000000000e+00	4.913480025635547782e-02	0.000000000000000000e+00
-2.998065000000000146e+04	0.000000000000000000e+00	0.000000000000000000e+00	4.119998779259621130e-02	0.000000000000000000e+00
-2.998063000000000102e+04	0.000000000000000000e+00	0.000000000000000000e+00	4.119998779259621130e-02	0.000000000000000000e+00
-2.998059999999999854e+04	0.000000000000000000e+00	0.000000000000000000e+00	4.089480269783624111e-02	0.000000000000000000e+00
-2.998056999999999971e+04	0.000000000000000000e+00	0.000000000000000000e+00	3.082369457075716593e-02	0.000000000000000000e+00
-2.998054999999999927e+04	0.000000000000000000e+00	0.000000000000000000e+00	3.662221137119663072e-02	0.000000000000000000e+00
-2.998050999999999840e+04	0.000000000000000000e+00	0.000000000000000000e+00	4.455702383495590418e-02	0.000000000000000000e+00
-2.998047999999999956e+04	0.000000000000000000e+00	0.000000000000000000e+00	4.211554307687612880e-02	0.000000000000000000e+00
-2.998045000000000073e+04	0.000000000000000000e+00	0.000000000000000000e+00	4.150517288735618149e-02	0.000000000000000000e+00
-2.998043000000000029e+04	0.000000000000000000e+00	0.000000000000000000e+00	4.119998779259621130e-02	0.000000000000000000e+00
-2.998040999999999985e+04	0.000000000000000000e+00	0.000000000000000000e+00	4.608294930875576206e-02	0.000000000000000000e+00
-2.998038000000000102e+04	0.000000000000000000e+00	0.000000000000000000e+00	4.547257911923581475e-02	0.000000000000000000e+00
-2.998034999999999854e+04	0.000000000000000000e+00	0.000000000000000000e+00	4.028443250831629380e-02	0.000000000000000000e+00
-2.998033000000000175e+04	0.000000000000000000e+00	0.000000000000000000e+00	3.753776665547654823e-02	0.000000000000000000e+00
-2.998031999999999971e+04	0.000000000000000000e+00	0.000000000000000000e+00	3.204443494979705015e-02	0.000000000000000000e+00
-2.998029999999999927e+04	0.000000000000000000e+00	0.000000000000000000e+00	3.570665608691671322e-02	0.000000000000000000e+00
-2.998027000000000044e+04	0.000000000000000000e+00	0.000000000000000000e+00	3.997924741355632361e-02	0.000000000000000000e+00
-2.998022999999999956e+04	0.000000000000000000e+00	0.000000000000000000e+00	3.540147099215674303e-02	0.000000000000000000e+00
-2.998018999999999869e+04	0.000000000000000000e+00	0.000000000000000000e+00	3.875850703451643592e-02	0.000000000000000000e+00
-2.998015999999999985e+04	0.000000000000000000e+00	0.000000000000000000e+00	3.692739646595660091e-02	0.000000000000000000e+00
-2.998013999999999942e+04	0.000000000000000000e+00	0.000000000000000000e+00	3.936887722403637629e-02	0.000000000000000000e+00
-2.998011000000000058e+04	0.000000000000000000e+00	0.000000000000000000e+00	4.119998779259621130e-02	0.000000000000000000e+00
-2.998009000000000015e+04	0.000000000000000000e+00	0.000000000000000000e+00	5.554368724631489340e-02	0.000000000000000000e+00
-2.998006999999999971e+04	0.000000000000000000e+00	0.000000000000000000e+00	4.089480269783624111e-02	0.000000000000000000e+00
-2.998004999999999927e+04	0.000000000000000000e+00	0.000000000000000000e+00	4.516739402447584456e-02	0.000000000000000000e+00
-2.998000999999999840e+04	0.000000000000000000e+00	0.000000000000000000e+00	4.699850459303567957e-02	0.000000000000000000e+00
-2.997997999999999956e+04	0.000000000000000000e+00	0.000000000000000000e+00	4.089480269783624111e-02	0.000000000000000000e+00
-2.997995000000000073e+04	0.000000000000000000e+00	0.000000000000000000e+00	4.455702383495590418e-02	0.000000000000000000e+00
-2.997993000000000029e+04	0.000000000000000000e+00	0.000000000000000000e+00	4.333628345591601649e-02	0.000000000000000000e+00
-2.997990000000000146e+04	0.000000000000000000e+00	0.000000000000000000e+00	4.303109836115603937e-02	0.000000000000000000e+00
-2.997986999999999898e+04	0.000000000000000000e+00	0.000000000000000000e+00	4.150517288735618149e-02	0.000000000000000000e+00
-2.997984000000000015e+04	0.000000000000000000e+00	0.000000000000000000e+00	3.662221137119663072e-02	0.000000000000000000e+00
-2.997979999999999927e+04	0.000000000000000000e+00	0.000000000000000000e+00	4.211554307687612880e-02	0.000000000000000000e+00
-2.997977000000000044e+04	0.000000000000000000e+00	0.000000000000000000e+00	3.418073061311685534e-02	0.000000000000000000e+00
-2.997972999999999956e+04	0.000000000000000000e+00	0.000000000000000000e+00	5.066072573015534264e-02	0.000000000000000000e+00
-2.997970999999999913e+04	0.000000000000000000e+00	0.000000000000000000e+00	3.662221137119663072e-02	0.000000000000000000e+00
-2.997966999999999825e+04	0.000000000000000000e+00	0.000000000000000000e+00	4.577776421399579188e-02	0.000000000000000000e+00
-2.997963000000000102e+04	0.000000000000000000e+00	0.000000000000000000e+00	4.394665364543595687e-02	0.000000000000000000e+00
-2.997959999999999854e+04	0.000000000000000000e+00	0.000000000000000000e+00	4.547257911923581475e-02	0.000000000000000000e+00
-2.997958000000000175e+04	0.000000000000000000e+00	0.000000000000000000e+00	2.471999267555772747e-02	0.000000000000000000e+00
-2.997954999999999927e+04	0.000000000000000000e+00	0.000000000000000000e+00	3.326517532883693784e-02	0.000000000000000000e+00
-2.997950999999999840e+04	0.000000000000000000e+00	0.000000000000000000e+00	4.699850459303567957e-02	0.000000000000000000e+00
-2.997949000000000160e+04	0.000000000000000000e+00	0.000000000000000000e+00	3.540147099215674303e-02	0.000000000000000000e+00
-2.997945999999999913e+04	0.000000000000000000e+00	0.000000000000000000e+00	4.028443250831629380e-02	0.000000000000000000e+00
-2.997943999999999869e+04	0.000000000000000000e+00	0.000000000000000000e+00	3.814813684499648860e-02	0.000000000000000000e+00
-2.997940999999999985e+04	0.000000000000000000e+00	0.000000000000000000e+00	3.540147099215674303e-02	0.000000000000000000e+00
-2.997938999999999942e+04	0.000000000000000000e+00	0.000000000000000000e+00	4.211554307687612880e-02	0.000000000000000000e+00
-2.997936999999999898e+04	0.000000000000000000e+00	0.000000000000000000e+00	5.005035554063539532e-02	0.000000000000000000e+00
-2.997934000000000015e+04	0.000000000000000000e+00	0.000000000000000000e+00	5.096591082491531283e-02	0.000000000000000000e+00
-2.997931000000000131e+04	0.000000000000000000e+00	0.000000000000000000e+00	3.997924741355632361e-02	0.000000000000000000e+00
-2.997927999999999884e+04	0.000000000000000000e+00	0.000000000000000000e+00	4.089480269783624111e-02	0.000000000000000000e+00
-2.997924000000000160e+04	0.000000000000000000e+00	0.000000000000000000e+00	3.601184118167669035e-02	0.000000000000000000e+00
-2.997920000000000073e+04	0.000000000000000000e+00	0.000000000000000000e+00	3.784295175023651842e-02	0.000000000000000000e+00
-2.997915999999999985e+04	0.000000000000000000e+00	0.000000000000000000e+00	3.448591570787682553e-02	0.000000000000000000e+00
-2.997911999999999898e+04	0.000000000000000000e+00	0.000000000000000000e+00	3.814813684499648860e-02	0.000000000000000000e+00
-2.997909999999999854e+04	0.000000000000000000e+00	0.000000000000000000e+00	4.547257911923581475e-02	0.000000000000000000e+00
-2.997906999999999971e+04	0.000000000000000000e+00	0.000000000000000000e+00	4.852443006683553745e-02	0.000000000000000000e+00
-2.997904999999999927e+04	0.000000000000000000e+00	0.000000000000000000e+00	4.089480269783624111e-02	0.000000000000000000e+00
-2.997902000000000044e+04	0.000000000000000000e+00	0.000000000000000000e+00	3.814813684499648860e-02	0.000000000000000000e+00
-2.997899000000000160e+04	0.000000000000000000e+00	0.000000000000000000e+00	4.089480269783624111e-02	0.000000000000000000e+00
-2.997895999999999913e+04	0.000000000000000000e+00	0.000000000000000000e+00	4.242072817163609899e-02	0.000000000000000000e+00
-2.997893000000000029e+04	0.000000000000000000e+00	0.000000000000000000e+00	4.272591326639606918e-02	0.000000000000000000e+00
-2.997890000000000146e+04	0.000000000000000000e+00	0.000000000000000000e+00	5.157628101443525320e-02	0.000000000000000000e+00
-2.997886000000000058e+04	0.000000000000000000e+00	0.000000000000000000e+00	3.936887722403637629e-02	0.000000000000000000e+00
-2.997881999999999971e+04	0.000000000000000000e+00	0.000000000000000000e+00	3.631702627643666054e-02	0.000000000000000000e+00
-2.997879000000000087e+04	0.000000000000000000e+00	0.000000000000000000e+00	4.943998535111545495e-02	0.000000000000000000e+00
-2.997875999999999840e+04	0.000000000000000000e+00	0.000000000000000000e+00	3.875850703451643592e-02	0.000000000000000000e+00
-2.997872999999999956e+04	0.000000000000000000e+00	0.000000000000000000e+00	3.448591570787682553e-02	0.000000000000000000e+00
-2.997870999999999913e+04	0.000000000000000000e+00	0.000000000000000000e+00	3.845332193975646573e-02	0.000000000000000000e+00
-2.997868000000000029e+04	0.000000000000000000e+00	0.000000000000000000e+00	3.845332193975646573e-02	0.000000000000000000e+00
-2.997865999999999985e+04	0.000000000000000000e+00	0.000000000000000000e+00	3.814813684499648860e-02	0.000000000000000000e+00
-2.997863999999999942e+04	0.000000000000000000e+00	0.000000000000000000e+00	3.509628589739677285e-02	0.000000000000000000e+00
-2.997861000000000058e+04	0.000000000000000000e+00	0.000000000000000000e+00	3.814813684499648860e-02	0.000000000000000000e+00
-2.997858000000000175e+04	0.000000000000000000e+00	0.000000000000000000e+00	3.845332193975646573e-02	0.000000000000000000e+00
-2.997854999999999927e+04	0.000000000000000000e+00	0.000000000000000000e+00	3.143406476027710977e-02	0.000000000000000000e+00
-2.997852000000000044e+04	0.000000000000000000e+00	0.000000000000000000e+00	3.784295175023651842e-02	0.000000000000000000e+00
-2.997849000000000160e+04	0.000000000000000000e+00	0.000000000000000000e+00	4.211554307687612880e-02	0.000000000000000000e+00
-2.997845999999999913e+04	0.000000000000000000e+00	0.000000000000000000e+00	4.333628345591601649e-02	0.000000000000000000e+00
-2.997843000000000029e+04	0.000000000000000000e+00	0.000000000000000000e+00	4.089480269783624111e-02	0.000000000000000000e+00
-2.997840999999999985e+04	0.000000000000000000e+00	0.000000000000000000e+00	3.692739646595660091e-02	0.000000000000000000e+00
-2.997840000000000146e+04	0.000000000000000000e+00	0.000000000000000000e+00	5.157628101443525320e-02	0.000000000000000000e+00
-2.997838000000000102e+04	0.000000000000000000e+00	0.000000000000000000e+00	4.943998535111545495e-02	0.000000000000000000e+00
-2.997836999999999898e+04	0.000000000000000000e+00	0.000000000000000000e+00	4.119998779259621130e-02	0.000000000000000000e+00
-2.997834999999999854e+04	0.000000000000000000e+00	0.000000000000000000e+00	4.455702383495590418e-02	0.000000000000000000e+00
-2.997831999999999971e+04	0.000000000000000000e+00	0.000000000000000000e+00	3.997924741355632361e-02	0.000000000000000000e+00
-2.997829000000000087e+04	0.000000000000000000e+00	0.000000000000000000e+00	3.753776665547654823e-02	0.000000000000000000e+00
-2.997827999999999884e+04	0.000000000000000000e+00	0.000000000000000000e+00	3.784295175023651842e-02	0.000000000000000000e+00
-2.997825999999999840e+04	0.000000000000000000e+00	0.000000000000000000e+00	4.211554307687612880e-02	0.000000000000000000e+00
-2.997824000000000160e+04	0.000000000000000000e+00	0.000000000000000000e+00	4.364146855067598668e-02	0.000000000000000000e+00
-2.997820999999999913e+04	0.000000000000000000e+00	0.000000000000000000e+00	3.936887722403637629e-02	0.000000000000000000e+00
-2.997818000000000029e+04	0.000000000000000000e+00	0.000000000000000000e+00	3.753776665547654823e-02	0.000000000000000000e+00
-2.997815999999999985e+04	0.000000000000000000e+00	0.000000000000000000e+00	5.645924253059480397e-02	0.000000000000000000e+00
-2.997813999999999942e+04	0.000000000000000000e+00	0.000000000000000000e+00	4.730368968779564975e-02	0.000000000000000000e+00
-2.997811999999999898e+04	0.000000000000000000e+00	0.000000000000000000e+00	3.997924741355632361e-02	0.000000000000000000e+00
-2.997811000000000058e+04	0.000000000000000000e+00	0.000000000000000000e+00	3.357036042359691497e-02	0.000000000000000000e+00
-2.997809000000000015e+04	0.000000000000000000e+00	0.000000000000000000e+00	4.211554307687612880e-02	0.000000000000000000e+00
-2.997806999999999971e+04	0.000000000000000000e+00	0.000000000000000000e+00	4.211554307687612880e-02	0.000000000000000000e+00
-2.997804999999999927e+04	0.000000000000000000e+00	0.000000000000000000e+00	3.997924741355632361e-02	0.000000000000000000e+00
-2.997802999999999884e+04	0.000000000000000000e+00	0.000000000000000000e+00	3.662221137119663072e-02	0.000000000000000000e+00
-2.997800000000000000e+04	0.000000000000000000e+00	0.000000000000000000e+00	3.784295175023651842e-02	0.000000000000000000e+00
-2.997797999999999956e+04	0.000000000000000000e+00	0.000000000000000000e+00	4.486220892971587437e-02	0.000000000000000000e+00
-2.997795999999999913e+04	0.000000000000000000e+00	0.000000000000000000e+00	4.242072817163609899e-02	0.000000000000000000e+00
-2.997793999999999869e+04	0.000000000000000000e+00	0.000000000000000000e+00	5.096591082491531283e-02	0.000000000000000000e+00
-2.997791999999999825e+04	0.000000000000000000e+00	0.000000000000000000e+00	3.814813684499648860e-02	0.000000000000000000e+00
-2.997790000000000146e+04	0.000000000000000000e+00	0.000000000000000000e+00	3.692739646595660091e-02	0.000000000000000000e+00
-2.997786999999999898e+04	0.000000000000000000e+00	0.000000000000000000e+00	4.791405987731559013e-02	0.000000000000000000e+00
-2.997784000000000015e+04	0.000000000000000000e+00	0.000000000000000000e+00	3.692739646595660091e-02	0.000000000000000000e+00
-2.997781999999999971e+04	0.000000000000000000e+00	0.000000000000000000e+00	3.875850703451643592e-02	0.000000000000000000e+00
-2.997779999999999927e+04	0.000000000000000000e+00	0.000000000000000000e+00	4.303109836115603937e-02	0.000000000000000000e+00
-2.997777999999999884e+04	0.000000000000000000e+00	0.000000000000000000e+00	3.845332193975646573e-02	0.000000000000000000e+00
-2.997777000000000044e+04	0.000000000000000000e+00	0.000000000000000000e+00	3.997924741355632361e-02	0.000000000000000000e+00
-2.997775000000000000e+04	0.000000000000000000e+00	0.000000000000000000e+00	4.119998779259621130e-02	0.000000000000000000e+00
-2.997772000000000116e+04	0.000000000000000000e+00	0.000000000000000000e+00	3.418073061311685534e-02	0.000000000000000000e+00
-2.997768000000000029e+04	0.000000000000000000e+00	0.000000000000000000e+00	3.540147099215674303e-02	0.000000000000000000e+00
-2.997765000000000146e+04	0.000000000000000000e+00	0.000000000000000000e+00	4.058961760307626399e-02	0.000000000000000000e+00
-2.997761999999999898e+04	0.000000000000000000e+00	0.000000000000000000e+00	3.814813684499648860e-02	0.000000000000000000e+00
-2.997759999999999854e+04	0.000000000000000000e+00	0.000000000000000000e+00	3.387554551835688516e-02	0.000000000000000000e+00
-2.997759000000000015e+04	0.000000000000000000e+00	0.000000000000000000e+00	3.997924741355632361e-02	0.000000000000000000e+00
-2.997756999999999971e+04	0.000000000000000000e+00	0.000000000000000000e+00	3.845332193975646573e-02	0.000000000000000000e+00
-2.997754999999999927e+04	0.000000000000000000e+00	0.000000000000000000e+00	3.234962004455702728e-02	0.000000000000000000e+00
-2.997754000000000087e+04	0.000000000000000000e+00	0.000000000000000000e+00	4.364146855067598668e-02	0.000000000000000000e+00
-2.997752000000000044e+04	0.000000000000000000e+00	0.000000000000000000e+00	4.516739402447584456e-02	0.000000000000000000e+00
-2.997749000000000160e+04	0.000000000000000000e+00	0.000000000000000000e+00	4.242072817163609899e-02	0.000000000000000000e+00
-2.997745000000000073e+04	0.000000000000000000e+00	0.000000000000000000e+00	4.028443250831629380e-02	0.000000000000000000e+00
-2.997741999999999825e+04	0.000000000000000000e+00	0.000000000000000000e+00	4.486220892971587437e-02	0.000000000000000000e+00
-2.997740999999999985e+04	0.000000000000000000e+00	0.000000000000000000e+00	4.058961760307626399e-02	0.000000000000000000e+00
-2.997738000000000102e+04	0.000000000000000000e+00	0.000000000000000000e+00	5.279702139347514089e-02	0.000000000000000000e+00
-2.997736999999999898e+04	0.000000000000000000e+00	0.000000000000000000e+00	4.821924497207556726e-02	0.000000000000000000e+00
-2.997734999999999854e+04	0.000000000000000000e+00	0.000000000000000000e+00	4.150517288735618149e-02	0.000000000000000000e+00
-2.997731999999999971e+04	0.000000000000000000e+00	0.000000000000000000e+00	5.432294686727500571e-02	0.000000000000000000e+00
-2.997729000000000087e+04	0.000000000000000000e+00	0.000000000000000000e+00	4.089480269783624111e-02	0.000000000000000000e+00
-2.997727999999999884e+04	0.000000000000000000e+00	0.000000000000000000e+00	4.943998535111545495e-02	0.000000000000000000e+00
-2.997725000000000000e+04	0.000000000000000000e+00	0.000000000000000000e+00	4.516739402447584456e-02	0.000000000000000000e+00
-2.997722999999999956e+04	0.000000000000000000e+00	0.000000000000000000e+00	4.608294930875576206e-02	0.000000000000000000e+00
-2.997720999999999913e+04	0.000000000000000000e+00	0.000000000000000000e+00	4.150517288735618149e-02	0.000000000000000000e+00
-2.997718999999999869e+04	0.000000000000000000e+00	0.000000000000000000e+00	3.387554551835688516e-02	0.000000000000000000e+00
-2.997715999999999985e+04	0.000000000000000000e+00	0.000000000000000000e+00	3.906369212927640611e-02	0.000000000000000000e+00
-2.997713000000000102e+04	0.000000000000000000e+00	0.000000000000000000e+00	4.394665364543595687e-02	0.000000000000000000e+00
-2.997711000000000058e+04	0.000000000000000000e+00	0.000000000000000000e+00	4.058961760307626399e-02	0.000000000000000000e+00
-2.997709000000000015e+04	0.000000000000000000e+00	0.000000000000000000e+00	3.936887722403637629e-02	0.000000000000000000e+00
-2.997704999999999927e+04	0.000000000000000000e+00	0.000000000000000000e+00	3.601184118167669035e-02	0.000000000000000000e+00
-2.997702999999999884e+04	0.000000000000000000e+00	0.000000000000000000e+00	3.570665608691671322e-02	0.000000000000000000e+00
-2.997702000000000044e+04	0.000000000000000000e+00	0.000000000000000000e+00	4.211554307687612880e-02	0.000000000000000000e+00
-2.997700000000000000e+04	0.000000000000000000e+00	0.000000000000000000e+00	4.058961760307626399e-02	0.000000000000000000e+00
-2.997697000000000116e+04	0.000000000000000000e+00	0.000000000000000000e+00	3.112887966551713612e-02	0.000000000000000000e+00
-2.997693999999999869e+04	0.000000000000000000e+00	0.000000000000000000e+00	3.173924985503707996e-02	0.000000000000000000e+00
-2.997691999999999825e+04	0.000000000000000000e+00	0.000000000000000000e+00	3.692739646595660091e-02	0.000000000000000000e+00
-2.997688999999999942e+04	0.000000000000000000e+00	0.000000000000000000e+00	3.173924985503707996e-02	0.000000000000000000e+00
-2.997686000000000058e+04	0.000000000000000000e+00	0.000000000000000000e+00	4.089480269783624111e-02	0.000000000000000000e+00
-2.997684999999999854e+04	0.000000000000000000e+00	0.000000000000000000e+00	3.814813684499648860e-02	0.000000000000000000e+00
-2.997683000000000175e+04	0.000000000000000000e+00	0.000000000000000000e+00	3.631702627643666054e-02	0.000000000000000000e+00
-2.997681000000000131e+04	0.000000000000000000e+00	0.000000000000000000e+00	4.547257911923581475e-02	0.000000000000000000e+00
-2.997677999999999884e+04	0.000000000000000000e+00	0.000000000000000000e+00	4.577776421399579188e-02	0.000000000000000000e+00
-2.997674000000000160e+04	0.000000000000000000e+00	0.000000000000000000e+00	4.699850459303567957e-02	0.000000000000000000e+00
-2.997672000000000116e+04	0.000000000000000000e+00	0.000000000000000000e+00	3.753776665547654823e-02	0.000000000000000000e+00
-2.997670999999999913e+04	0.000000000000000000e+00	0.000000000000000000e+00	3.631702627643666054e-02	0.000000000000000000e+00
-2.997670000000000073e+04	0.000000000000000000e+00	0.000000000000000000e+00	3.875850703451643592e-02	0.000000000000000000e+00
-2.997666999999999825e+04	0.000000000000000000e+00	0.000000000000000000e+00	3.418073061311685534e-02	0.000000000000000000e+00
-2.997663999999999942e+04	0.000000000000000000e+00	0.000000000000000000e+00	3.753776665547654823e-02	0.000000000000000000e+00
-2.997661999999999898e+04	0.000000000000000000e+00	0.000000000000000000e+00	3.540147099215674303e-02	0.000000000000000000e+00
-2.997659999999999854e+04	0.000000000000000000e+00	0.000000000000000000e+00	3.875850703451643592e-02	0.000000000000000000e+00
-2.997656999999999971e+04	0.000000000000000000e+00	0.000000000000000000e+00	4.699850459303567957e-02	0.000000000000000000e+00
-2.997654999999999927e+04	0.000000000000000000e+00	0.000000000000000000e+00	4.303109836115603937e-02	0.000000000000000000e+00
-2.997652000000000044e+04	0.000000000000000000e+00	0.000000000000000000e+00	3.692739646595660091e-02	0.000000000000000000e+00
-2.997650999999999840e+04	0.000000000000000000e+00	0.000000000000000000e+00	3.753776665547654823e-02	0.000000000000000000e+00
-2.997649000000000160e+04	0.000000000000000000e+00	0.000000000000000000e+00	3.875850703451643592e-02	0.000000000000000000e+00
-2.997647000000000116e+04	0.000000000000000000e+00	0.000000000000000000e+00	4.089480269783624111e-02	0.000000000000000000e+00
-2.997645000000000073e+04	0.000000000000000000e+00	0.000000000000000000e+00	4.364146855067598668e-02	0.000000000000000000e+00
-2.997643999999999869e+04	0.000000000000000000e+00	0.000000000000000000e+00	3.234962004455702728e-02	0.000000000000000000e+00
-2.997643000000000029e+04	0.000000000000000000e+00	0.000000000000000000e+00	4.303109836115603937e-02	0.000000000000000000e+00
-2.997640999999999985e+04	0.000000000000000000e+00	0.000000000000000000e+00	4.577776421399579188e-02	0.000000000000000000e+00
-2.997640000000000146e+04	0.000000000000000000e+00	0.000000000000000000e+00	3.418073061311685534e-02	0.000000000000000000e+00
-2.997638999999999942e+04	0.000000000000000000e+00	0.000000000000000000e+00	3.173924985503707996e-02	0.000000000000000000e+00
-2.997634999999999854e+04	0.000000000000000000e+00	0.000000000000000000e+00	2.960295419171727824e-02	0.000000000000000000e+00
-2.997633000000000175e+04	0.000000000000000000e+00	0.000000000000000000e+00	3.601184118167669035e-02	0.000000000000000000e+00
-2.997629999999999927e+04	0.000000000000000000e+00	0.000000000000000000e+00	4.058961760307626399e-02	0.000000000000000000e+00
-2.997627000000000044e+04	0.000000000000000000e+00	0.000000000000000000e+00	3.692739646595660091e-02	0.000000000000000000e+00
-2.997622999999999956e+04	0.000000000000000000e+00	0.000000000000000000e+00	3.814813684499648860e-02	0.000000000000000000e+00
-2.997620000000000073e+04	0.000000000000000000e+00	0.000000000000000000e+00	2.960295419171727824e-02	0.000000000000000000e+00
-2.997618000000000029e+04	0.000000000000000000e+00	0.000000000000000000e+00	3.662221137119663072e-02	0.000000000000000000e+00
-2.997615999999999985e+04	0.000000000000000000e+00	0.000000000000000000e+00	3.601184118167669035e-02	0.000000000000000000e+00
-2.997613999999999942e+04	0.000000000000000000e+00	0.000000000000000000e+00	3.570665608691671322e-02	0.000000000000000000e+00
-2.997611000000000058e+04	0.000000000000000000e+00	0.000000000000000000e+00	3.936887722403637629e-02	0.000000000000000000e+00
-2.997606999999999971e+04	0.000000000000000000e+00	0.000000000000000000e+00	3.448591570787682553e-02	0.000000000000000000e+00
-2.997604000000000087e+04	0.000000000000000000e+00	0.000000000000000000e+00	3.418073061311685534e-02	0.000000000000000000e+00
-2.997602000000000044e+04	0.000000000000000000e+00	0.000000000000000000e+00	3.875850703451643592e-02	0.000000000000000000e+00
-2.997600999999999840e+04	0.000000000000000000e+00	0.000000000000000000e+00	4.516739402447584456e-02	0.000000000000000000e+00
-2.997599000000000160e+04	0.000000000000000000e+00	0.000000000000000000e+00	3.906369212927640611e-02	0.000000000000000000e+00
-2.997595999999999913e+04	0.000000000000000000e+00	0.000000000000000000e+00	3.753776665547654823e-02	0.000000000000000000e+00
-2.997593999999999869e+04	0.000000000000000000e+00	0.000000000000000000e+00	4.242072817163609899e-02	0.000000000000000000e+00
-2.997590999999999985e+04	0.000000000000000000e+00	0.000000000000000000e+00	3.509628589739677285e-02	0.000000000000000000e+00
-2.997588000000000102e+04	0.000000000000000000e+00	0.000000000000000000e+00	2.990813928647724843e-02	0.000000000000000000e+00
-2.997584999999999854e+04	0.000000000000000000e+00	0.000000000000000000e+00	3.326517532883693784e-02	0.000000000000000000e+00
-2.997581999999999971e+04	0.000000000000000000e+00	0.000000000000000000e+00	3.357036042359691497e-02	0.000000000000000000e+00
-2.997579999999999927e+04	0.000000000000000000e+00	0.000000000000000000e+00	3.814813684499648860e-02	0.000000000000000000e+00
-2.997577999999999884e+04	0.000000000000000000e+00	0.000000000000000000e+00	4.211554307687612880e-02	0.000000000000000000e+00
-2.997575999999999840e+04	0.000000000000000000e+00	0.000000000000000000e+00	3.936887722403637629e-02	0.000000000000000000e+00
-2.997572999999999956e+04	0.000000000000000000e+00	0.000000000000000000e+00	3.936887722403637629e-02	0.000000000000000000e+00
-2.997570999999999913e+04	0.000000000000000000e+00	0.000000000000000000e+00	3.692739646595660091e-02	0.000000000000000000e+00
-2.997568000000000029e+04	0.000000000000000000e+00	0.000000000000000000e+00	4.242072817163609899e-02	0.000000000000000000e+00
-2.997565000000000146e+04	0.000000000000000000e+00	0.000000000000000000e+00	3.936887722403637629e-02	0.000000000000000000e+00
-2.997563000000000102e+04	0.000000000000000000e+00	0.000000000000000000e+00	4.333628345591601649e-02	0.000000000000000000e+00
-2.997559999999999854e+04	0.000000000000000000e+00	0.000000000000000000e+00	4.730368968779564975e-02	0.000000000000000000e+00
-2.997558000000000175e+04	0.000000000000000000e+00	0.000000000000000000e+00	3.143406476027710977e-02	0.000000000000000000e+00
-2.997554999999999927e+04	0.000000000000000000e+00	0.000000000000000000e+00	3.509628589739677285e-02	0.000000000000000000e+00
-2.997552000000000044e+04	0.000000000000000000e+00	0.000000000000000000e+00	3.570665608691671322e-02	0.000000000000000000e+00
-2.997549000000000160e+04	0.000000000000000000e+00	0.000000000000000000e+00	3.692739646595660091e-02	0.000000000000000000e+00
-2.997545999999999913e+04	0.000000000000000000e+00	0.000000000000000000e+00	3.753776665547654823e-02	0.000000000000000000e+00
-2.997543000000000029e+04	0.000000000000000000e+00	0.000000000000000000e+00	4.089480269783624111e-02	0.000000000000000000e+00
-2.997540000000000146e+04	0.000000000000000000e+00	0.000000000000000000e+00	3.692739646595660091e-02	0.000000000000000000e+00
-2.997538000000000102e+04	0.000000000000000000e+00	0.000000000000000000e+00	3.570665608691671322e-02	0.000000000000000000e+00
-2.997536000000000058e+04	0.000000000000000000e+00	0.000000000000000000e+00	3.753776665547654823e-02	0.000000000000000000e+00
-2.997533000000000175e+04	0.000000000000000000e+00	0.000000000000000000e+00	3.326517532883693784e-02	0.000000000000000000e+00
-2.997529000000000087e+04	0.000000000000000000e+00	0.000000000000000000e+00	2.594073305459761516e-02	0.000000000000000000e+00
-2.997527000000000044e+04	0.000000000000000000e+00	0.000000000000000000e+00	3.997924741355632361e-02	0.000000000000000000e+00
-2.997525000000000000e+04	0.000000000000000000e+00	0.000000000000000000e+00	4.058961760307626399e-02	0.000000000000000000e+00
-2.997524000000000160e+04	0.000000000000000000e+00	0.000000000000000000e+00	2.990813928647724843e-02	0.000000000000000000e+00
-2.997520999999999913e+04	0.000000000000000000e+00	0.000000000000000000e+00	3.570665608691671322e-02	0.000000000000000000e+00
-2.997518000000000029e+04	0.000000000000000000e+00	0.000000000000000000e+00	3.387554551835688516e-02	0.000000000000000000e+00
-2.997515000000000146e+04	0.000000000000000000e+00	0.000000000000000000e+00	2.807702871791741689e-02	0.000000000000000000e+00
-2.997511999999999898e+04	0.000000000000000000e+00	0.000000000000000000e+00	3.692739646595660091e-02	0.000000000000000000e+00
-2.997509999999999854e+04	0.000000000000000000e+00	0.000000000000000000e+00	3.448591570787682553e-02	0.000000000000000000e+00
-2.997506999999999971e+04	0.000000000000000000e+00	0.000000000000000000e+00	3.082369457075716593e-02	0.000000000000000000e+00
-2.997506000000000131e+04	0.000000000000000000e+00	0.000000000000000000e+00	3.509628589739677285e-02	0.000000000000000000e+00
-2.997504000000000087e+04	0.000000000000000000e+00	0.000000000000000000e+00	3.662221137119663072e-02	0.000000000000000000e+00
-2.997502000000000044e+04	0.000000000000000000e+00	0.000000000000000000e+00	4.089480269783624111e-02	0.000000000000000000e+00
-2.997499000000000160e+04	0.000000000000000000e+00	0.000000000000000000e+00	3.814813684499648860e-02	0.000000000000000000e+00
-2.997495000000000073e+04	0.000000000000000000e+00	0.000000000000000000e+00	3.753776665547654823e-02	0.000000000000000000e+00
-2.997491999999999825e+04	0.000000000000000000e+00	0.000000000000000000e+00	3.936887722403637629e-02	0.000000000000000000e+00
-2.997490000000000146e+04	0.000000000000000000e+00	0.000000000000000000e+00	4.364146855067598668e-02	0.000000000000000000e+00
-2.997486000000000058e+04	0.000000000000000000e+00	0.000000000000000000e+00	5.310220648823511802e-02	0.000000000000000000e+00
-2.997483000000000175e+04	0.000000000000000000e+00	0.000000000000000000e+00	4.119998779259621130e-02	0.000000000000000000e+00
-2.997481999999999971e+04	0.000000000000000000e+00	0.000000000000000000e+00	4.486220892971587437e-02	0.000000000000000000e+00
-2.997479999999999927e+04	0.000000000000000000e+00	0.000000000000000000e+00	4.547257911923581475e-02	0.000000000000000000e+00
-2.997477000000000044e+04	0.000000000000000000e+00	0.000000000000000000e+00	3.540147099215674303e-02	0.000000000000000000e+00
-2.997472999999999956e+04	0.000000000000000000e+00	0.000000000000000000e+00	3.234962004455702728e-02	0.000000000000000000e+00
-2.997470000000000073e+04	0.000000000000000000e+00	0.000000000000000000e+00	4.547257911923581475e-02	0.000000000000000000e+00
-2.997468000000000029e+04	0.000000000000000000e+00	0.000000000000000000e+00	3.753776665547654823e-02	0.000000000000000000e+00
-2.997465999999999985e+04	0.000000000000000000e+00	0.000000000000000000e+00	3.082369457075716593e-02	0.000000000000000000e+00
-2.997463999999999942e+04	0.000000000000000000e+00	0.000000000000000000e+00	3.234962004455702728e-02	0.000000000000000000e+00
-2.997461999999999898e+04	0.000000000000000000e+00	0.000000000000000000e+00	3.509628589739677285e-02	0.000000000000000000e+00
-2.997459999999999854e+04	0.000000000000000000e+00	0.000000000000000000e+00	2.746665852839747304e-02	0.000000000000000000e+00
-2.997456000000000131e+04	0.000000000000000000e+00	0.000000000000000000e+00	4.058961760307626399e-02	0.000000000000000000e+00
-2.997452999999999884e+04	0.000000000000000000e+00	0.000000000000000000e+00	3.692739646595660091e-02	0.000000000000000000e+00
-2.997450999999999840e+04	0.000000000000000000e+00	0.000000000000000000e+00	3.936887722403637629e-02	0.000000000000000000e+00
-2.997450000000000000e+04	0.000000000000000000e+00	0.000000000000000000e+00	3.082369457075716593e-02	0.000000000000000000e+00
-2.997447000000000116e+04	0.000000000000000000e+00	0.000000000000000000e+00	3.143406476027710977e-02	0.000000000000000000e+00
-2.997443999999999869e+04	0.000000000000000000e+00	0.000000000000000000e+00	3.540147099215674303e-02	0.000000000000000000e+00
-2.997440999999999985e+04	0.000000000000000000e+00	0.000000000000000000e+00	2.197332682271797843e-02	0.000000000000000000e+00
-2.997438000000000102e+04	0.000000000000000000e+00	0.000000000000000000e+00	3.692739646595660091e-02	0.000000000000000000e+00
-2.997436000000000058e+04	0.000000000000000000e+00	0.000000000000000000e+00	3.509628589739677285e-02	0.000000000000000000e+00
-2.997434000000000015e+04	0.000000000000000000e+00	0.000000000000000000e+00	4.333628345591601649e-02	0.000000000000000000e+00
-2.997431999999999971e+04	0.000000000000000000e+00	0.000000000000000000e+00	3.845332193975646573e-02	0.000000000000000000e+00
-2.997429000000000087e+04	0.000000000000000000e+00	0.000000000000000000e+00	3.692739646595660091e-02	0.000000000000000000e+00
-2.997425999999999840e+04	0.000000000000000000e+00	0.000000000000000000e+00	3.509628589739677285e-02	0.000000000000000000e+00
-2.997422999999999956e+04	0.000000000000000000e+00	0.000000000000000000e+00	4.547257911923581475e-02	0.000000000000000000e+00
-2.997420000000000073e+04	0.000000000000000000e+00	0.000000000000000000e+00	4.333628345591601649e-02	0.000000000000000000e+00
-2.997418000000000029e+04	0.000000000000000000e+00	0.000000000000000000e+00	3.357036042359691497e-02	0.000000000000000000e+00
-2.997415000000000146e+04	0.000000000000000000e+00	0.000000000000000000e+00	3.112887966551713612e-02	0.000000000000000000e+00
-2.997413000000000102e+04	0.000000000000000000e+00	0.000000000000000000e+00	3.234962004455702728e-02	0.000000000000000000e+00
-2.997409999999999854e+04	0.000000000000000000e+00	0.000000000000000000e+00	3.051850947599719227e-02	0.000000000000000000e+00
-2.997406999999999971e+04	0.000000000000000000e+00	0.000000000000000000e+00	3.601184118167669035e-02	0.000000000000000000e+00
-2.997404999999999927e+04	0.000000000000000000e+00	0.000000000000000000e+00	3.234962004455702728e-02	0.000000000000000000e+00
-2.997402999999999884e+04	0.000000000000000000e+00	0.000000000000000000e+00	3.082369457075716593e-02	0.000000000000000000e+00
-2.997400000000000000e+04	0.000000000000000000e+00	0.000000000000000000e+00	2.990813928647724843e-02	0.000000000000000000e+00
-2.997397000000000116e+04	0.000000000000000000e+00	0.000000000000000000e+00	4.333628345591601649e-02	0.000000000000000000e+00
-2.997393999999999869e+04	0.000000000000000000e+00	0.000000000000000000e+00	3.601184118167669035e-02	0.000000000000000000e+00
-2.997391999999999825e+04	0.000000000000000000e+00	0.000000000000000000e+00	4.119998779259621130e-02	0.000000000000000000e+00
-2.997388000000000102e+04	0.000000000000000000e+00	0.000000000000000000e+00	4.272591326639606918e-02	0.000000000000000000e+00
-2.997386000000000058e+04	0.000000000000000000e+00	0.000000000000000000e+00	3.143406476027710977e-02	0.000000000000000000e+00
-2.997381999999999971e+04	0.000000000000000000e+00	0.000000000000000000e+00	3.234962004455702728e-02	0.000000000000000000e+00
-2.997379000000000087e+04	0.000000000000000000e+00	0.000000000000000000e+00	2.899258400219733439e-02	0.000000000000000000e+00
-2.997375999999999840e+04	0.000000000000000000e+00	0.000000000000000000e+00	2.746665852839747304e-02	0.000000000000000000e+00
-2.997372000000000116e+04	0.000000000000000000e+00	0.000000000000000000e+00	2.838221381267739055e-02	0.000000000000000000e+00
-2.997368999999999869e+04	0.000000000000000000e+00	0.000000000000000000e+00	2.807702871791741689e-02	0.000000000000000000e+00
-2.997365999999999985e+04	0.000000000000000000e+00	0.000000000000000000e+00	3.357036042359691497e-02	0.000000000000000000e+00
-2.997361999999999898e+04	0.000000000000000000e+00	0.000000000000000000e+00	2.624591814935758535e-02	0.000000000000000000e+00
-2.997359999999999854e+04	0.000000000000000000e+00	0.000000000000000000e+00	3.784295175023651842e-02	0.000000000000000000e+00
-2.997358000000000175e+04	0.000000000000000000e+00	0.000000000000000000e+00	4.058961760307626399e-02	0.000000000000000000e+00
-2.997356999999999971e+04	0.000000000000000000e+00	0.000000000000000000e+00	4.242072817163609899e-02	0.000000000000000000e+00
-2.997354999999999927e+04	0.000000000000000000e+00	0.000000000000000000e+00	3.387554551835688516e-02	0.000000000000000000e+00
-2.997352000000000044e+04	0.000000000000000000e+00	0.000000000000000000e+00	3.997924741355632361e-02	0.000000000000000000e+00
-2.997347999999999956e+04	0.000000000000000000e+00	0.000000000000000000e+00	4.119998779259621130e-02	0.000000000000000000e+00
-2.997345999999999913e+04	0.000000000000000000e+00	0.000000000000000000e+00	3.540147099215674303e-02	0.000000000000000000e+00
-2.997343999999999869e+04	0.000000000000000000e+00	0.000000000000000000e+00	3.418073061311685534e-02	0.000000000000000000e+00
-2.997341999999999825e+04	0.000000000000000000e+00	0.000000000000000000e+00	3.387554551835688516e-02	0.000000000000000000e+00
-2.997340000000000146e+04	0.000000000000000000e+00	0.000000000000000000e+00	3.509628589739677285e-02	0.000000000000000000e+00
-2.997336999999999898e+04	0.000000000000000000e+00	0.000000000000000000e+00	3.509628589739677285e-02	0.000000000000000000e+00
-2.997334000000000015e+04	0.000000000000000000e+00	0.000000000000000000e+00	3.051850947599719227e-02	0.000000000000000000e+00
-2.997331999999999971e+04	0.000000000000000000e+00	0.000000000000000000e+00	3.295999023407696765e-02	0.000000000000000000e+00
-2.997331000000000131e+04	0.000000000000000000e+00	0.000000000000000000e+00	3.570665608691671322e-02	0.000000000000000000e+00
-2.997329000000000087e+04	0.000000000000000000e+00	0.000000000000000000e+00	2.868739890743736073e-02	0.000000000000000000e+00
-2.997325999999999840e+04	0.000000000000000000e+00	0.000000000000000000e+00	2.990813928647724843e-02	0.000000000000000000e+00
-2.997322999999999956e+04	0.000000000000000000e+00	0.000000000000000000e+00	2.624591814935758535e-02	0.000000000000000000e+00
-2.997320999999999913e+04	0.000000000000000000e+00	0.000000000000000000e+00	2.929776909695730458e-02	0.000000000000000000e+00
-2.997318999999999869e+04	0.000000000000000000e+00	0.000000000000000000e+00	2.990813928647724843e-02	0.000000000000000000e+00
-2.997315999999999985e+04	0.000000000000000000e+00	0.000000000000000000e+00	3.936887722403637629e-02	0.000000000000000000e+00
-2.997313000000000102e+04	0.000000000000000000e+00	0.000000000000000000e+00	2.471999267555772747e-02	0.000000000000000000e+00
-2.997311000000000058e+04	0.000000000000000000e+00	0.000000000000000000e+00	2.685628833887752920e-02	0.000000000000000000e+00
-2.997309000000000015e+04	0.000000000000000000e+00	0.000000000000000000e+00	2.655110324411755901e-02	0.000000000000000000e+00
-2.997306999999999971e+04	0.000000000000000000e+00	0.000000000000000000e+00	4.272591326639606918e-02	0.000000000000000000e+00
-2.997304000000000087e+04	0.000000000000000000e+00	0.000000000000000000e+00	3.601184118167669035e-02	0.000000000000000000e+00
-2.997300999999999840e+04	0.000000000000000000e+00	0.000000000000000000e+00	4.730368968779564975e-02	0.000000000000000000e+00
-2.997299000000000160e+04	0.000000000000000000e+00	0.000000000000000000e+00	3.845332193975646573e-02	0.000000000000000000e+00
-2.997299000000000160e+04	0.000000000000000000e+00	0.000000000000000000e+00	3.875850703451643592e-02	0.000000000000000000e+00
-2.997297000000000116e+04	0.000000000000000000e+00	0.000000000000000000e+00	3.692739646595660091e-02	0.000000000000000000e+00
-2.997293999999999869e+04	0.000000000000000000e+00	0.000000000000000000e+00	3.143406476027710977e-02	0.000000000000000000e+00
-2.997290999999999985e+04	0.000000000000000000e+00	0.000000000000000000e+00	3.509628589739677285e-02	0.000000000000000000e+00
-2.997288999999999942e+04	0.000000000000000000e+00	0.000000000000000000e+00	4.455702383495590418e-02	0.000000000000000000e+00
-2.997286000000000058e+04	0.000000000000000000e+00	0.000000000000000000e+00	3.418073061311685534e-02	0.000000000000000000e+00
-2.997284000000000015e+04	0.000000000000000000e+00	0.000000000000000000e+00	3.173924985503707996e-02	0.000000000000000000e+00
-2.997281000000000131e+04	0.000000000000000000e+00	0.000000000000000000e+00	4.272591326639606918e-02	0.000000000000000000e+00
-2.997277999999999884e+04	0.000000000000000000e+00	0.000000000000000000e+00	3.173924985503707996e-02	0.000000000000000000e+00
-2.997275999999999840e+04	0.000000000000000000e+00	0.000000000000000000e+00	3.753776665547654823e-02	0.000000000000000000e+00
-2.997274000000000160e+04	0.000000000000000000e+00	0.000000000000000000e+00	3.082369457075716593e-02	0.000000000000000000e+00
-2.997272000000000116e+04	0.000000000000000000e+00	0.000000000000000000e+00	2.838221381267739055e-02	0.000000000000000000e+00
-2.997270000000000073e+04	0.000000000000000000e+00	0.000000000000000000e+00	2.746665852839747304e-02	0.000000000000000000e+00
-2.997268000000000029e+04	0.000000000000000000e+00	0.000000000000000000e+00	1.831110568559831536e-02	0.000000000000000000e+00
-2.997265999999999985e+04	0.000000000000000000e+00	0.000000000000000000e+00	3.357036042359691497e-02	0.000000000000000000e+00
-2.997263999999999942e+04	0.000000000000000000e+00	0.000000000000000000e+00	2.899258400219733439e-02	0.000000000000000000e+00
-2.997263000000000102e+04	0.000000000000000000e+00	0.000000000000000000e+00	3.631702627643666054e-02	0.000000000000000000e+00
-2.997261000000000058e+04	0.000000000000000000e+00	0.000000000000000000e+00	3.143406476027710977e-02	0.000000000000000000e+00
-2.997259999999999854e+04	0.000000000000000000e+00	0.000000000000000000e+00	2.044740134891812056e-02	0.000000000000000000e+00
-2.997259000000000015e+04	0.000000000000000000e+00	0.000000000000000000e+00	2.716147343363750286e-02	0.000000000000000000e+00
-2.997256999999999971e+04	0.000000000000000000e+00	0.000000000000000000e+00	2.807702871791741689e-02	0.000000000000000000e+00
-2.997252999999999884e+04	0.000000000000000000e+00	0.000000000000000000e+00	3.601184118167669035e-02	0.000000000000000000e+00
-2.997250000000000000e+04	0.000000000000000000e+00	0.000000000000000000e+00	3.295999023407696765e-02	0.000000000000000000e+00
-2.997249000000000160e+04	0.000000000000000000e+00	0.000000000000000000e+00	3.540147099215674303e-02	0.000000000000000000e+00
-2.997247000000000116e+04	0.000000000000000000e+00	0.000000000000000000e+00	4.272591326639606918e-02	0.000000000000000000e+00
-2.997243999999999869e+04	0.000000000000000000e+00	0.000000000000000000e+00	4.577776421399579188e-02	0.000000000000000000e+00
-2.997241999999999825e+04	0.000000000000000000e+00	0.000000000000000000e+00	3.997924741355632361e-02	0.000000000000000000e+00
-2.997238999999999942e+04	0.000000000000000000e+00	0.000000000000000000e+00	2.899258400219733439e-02	0.000000000000000000e+00
-2.997236000000000058e+04	0.000000000000000000e+00	0.000000000000000000e+00	3.570665608691671322e-02	0.000000000000000000e+00
-2.997231999999999971e+04	0.000000000000000000e+00	0.000000000000000000e+00	3.784295175023651842e-02	0.000000000000000000e+00
-2.997229999999999927e+04	0.000000000000000000e+00	0.000000000000000000e+00	3.326517532883693784e-02	0.000000000000000000e+00
-2.997227999999999884e+04	0.000000000000000000e+00	0.000000000000000000e+00	3.387554551835688516e-02	0.000000000000000000e+00
-2.997225999999999840e+04	0.000000000000000000e+00	0.000000000000000000e+00	2.990813928647724843e-02	0.000000000000000000e+00
-2.997222999999999956e+04	0.000000000000000000e+00	0.000000000000000000e+00	3.418073061311685534e-02	0.000000000000000000e+00
-2.997220000000000073e+04	0.000000000000000000e+00	0.000000000000000000e+00	2.838221381267739055e-02	0.000000000000000000e+00
-2.997215999999999985e+04	0.000000000000000000e+00	0.000000000000000000e+00	3.051850947599719227e-02	0.000000000000000000e+00
-2.997213000000000102e+04	0.000000000000000000e+00	0.000000000000000000e+00	3.845332193975646573e-02	0.000000000000000000e+00
-2.997211999999999898e+04	0.000000000000000000e+00	0.000000000000000000e+00	3.448591570787682553e-02	0.000000000000000000e+00
-2.997209999999999854e+04	0.000000000000000000e+00	0.000000000000000000e+00	2.990813928647724843e-02	0.000000000000000000e+00
-2.997208000000000175e+04	0.000000000000000000e+00	0.000000000000000000e+00	2.594073305459761516e-02	0.000000000000000000e+00
-2.997204999999999927e+04	0.000000000000000000e+00	0.000000000000000000e+00	3.601184118167669035e-02	0.000000000000000000e+00
-2.997202000000000044e+04	0.000000000000000000e+00	0.000000000000000000e+00	3.143406476027710977e-02	0.000000000000000000e+00
-2.997199000000000160e+04	0.000000000000000000e+00	0.000000000000000000e+00	3.601184118167669035e-02	0.000000000000000000e+00
-2.997197999999999956e+04	0.000000000000000000e+00	0.000000000000000000e+00	3.631702627643666054e-02	0.000000000000000000e+00
-2.997195000000000073e+04	0.000000000000000000e+00	0.000000000000000000e+00	2.807702871791741689e-02	0.000000000000000000e+00
-2.997193000000000029e+04	0.000000000000000000e+00	0.000000000000000000e+00	3.997924741355632361e-02	0.000000000000000000e+00
-2.997190000000000146e+04	0.000000000000000000e+00	0.000000000000000000e+00	3.357036042359691497e-02	0.000000000000000000e+00
-2.997186999999999898e+04	0.000000000000000000e+00	0.000000000000000000e+00	3.418073061311685534e-02	0.000000000000000000e+00
-2.997183000000000175e+04	0.000000000000000000e+00	0.000000000000000000e+00	2.624591814935758535e-02	0.000000000000000000e+00
-2.997181000000000131e+04	0.000000000000000000e+00	0.000000000000000000e+00	3.234962004455702728e-02	0.000000000000000000e+00
-2.997179000000000087e+04	0.000000000000000000e+00	0.000000000000000000e+00	2.990813928647724843e-02	0.000000000000000000e+00
-2.997177999999999884e+04	0.000000000000000000e+00	0.000000000000000000e+00	3.112887966551713612e-02	0.000000000000000000e+00
-2.997175000000000000e+04	0.000000000000000000e+00	0.000000000000000000e+00	3.173924985503707996e-02	0.000000000000000000e+00
-2.997172000000000116e+04	0.000000000000000000e+00	0.000000000000000000e+00	2.838221381267739055e-02	0.000000000000000000e+00
-2.997168000000000029e+04	0.000000000000000000e+00	0.000000000000000000e+00	2.655110324411755901e-02	0.000000000000000000e+00
-2.997165000000000146e+04	0.000000000000000000e+00	0.000000000000000000e+00	2.716147343363750286e-02	0.000000000000000000e+00
-2.997163000000000102e+04	0.000000000000000000e+00	0.000000000000000000e+00	3.326517532883693784e-02	0.000000000000000000e+00
-2.997161000000000058e+04	0.000000000000000000e+00	0.000000000000000000e+00	2.899258400219733439e-02	0.000000000000000000e+00
-2.997159000000000015e+04	0.000000000000000000e+00	0.000000000000000000e+00	2.746665852839747304e-02	0.000000000000000000e+00
-2.997156000000000131e+04	0.000000000000000000e+00	0.000000000000000000e+00	2.868739890743736073e-02	0.000000000000000000e+00
-2.997152999999999884e+04	0.000000000000000000e+00	0.000000000000000000e+00	2.929776909695730458e-02	0.000000000000000000e+00
-2.997150000000000000e+04	0.000000000000000000e+00	0.000000000000000000e+00	3.173924985503707996e-02	0.000000000000000000e+00
-2.997147999999999956e+04	0.000000000000000000e+00	0.000000000000000000e+00	2.929776909695730458e-02	0.000000000000000000e+00
-2.997145999999999913e+04	0.000000000000000000e+00	0.000000000000000000e+00	2.685628833887752920e-02	0.000000000000000000e+00
-2.997143000000000029e+04	0.000000000000000000e+00	0.000000000000000000e+00	2.838221381267739055e-02	0.000000000000000000e+00
-2.997140999999999985e+04	0.000000000000000000e+00	0.000000000000000000e+00	5.218665120395520052e-02	0.000000000000000000e+00
-2.997138000000000102e+04	0.000000000000000000e+00	0.000000000000000000e+00	4.089480269783624111e-02	0.000000000000000000e+00
-2.997136000000000058e+04	0.000000000000000000e+00	0.000000000000000000e+00	2.685628833887752920e-02	0.000000000000000000e+00
-2.997133000000000175e+04	0.000000000000000000e+00	0.000000000000000000e+00	2.502517777031769766e-02	0.000000000000000000e+00
-2.997129999999999927e+04	0.000000000000000000e+00	0.000000000000000000e+00	3.082369457075716593e-02	0.000000000000000000e+00
-2.997127999999999884e+04	0.000000000000000000e+00	0.000000000000000000e+00	2.380443739127780997e-02	0.000000000000000000e+00
-2.997125999999999840e+04	0.000000000000000000e+00	0.000000000000000000e+00	2.807702871791741689e-02	0.000000000000000000e+00
-2.997124000000000160e+04	0.000000000000000000e+00	0.000000000000000000e+00	2.685628833887752920e-02	0.000000000000000000e+00
-2.997120999999999913e+04	0.000000000000000000e+00	0.000000000000000000e+00	2.838221381267739055e-02	0.000000000000000000e+00
-2.997118999999999869e+04	0.000000000000000000e+00	0.000000000000000000e+00	3.418073061311685534e-02	0.000000000000000000e+00
-2.997115999999999985e+04	0.000000000000000000e+00	0.000000000000000000e+00	2.288888210699789594e-02	0.000000000000000000e+00
-2.997113999999999942e+04	0.000000000000000000e+00	0.000000000000000000e+00	2.655110324411755901e-02	0.000000000000000000e+00
-2.997111000000000058e+04	0.000000000000000000e+00	0.000000000000000000e+00	3.143406476027710977e-02	0.000000000000000000e+00
-2.997108000000000175e+04	0.000000000000000000e+00	0.000000000000000000e+00	4.150517288735618149e-02	0.000000000000000000e+00
-2.997106000000000131e+04	0.000000000000000000e+00	0.000000000000000000e+00	3.631702627643666054e-02	0.000000000000000000e+00
-2.997102999999999884e+04	0.000000000000000000e+00	0.000000000000000000e+00	2.990813928647724843e-02	0.000000000000000000e+00
-2.997100000000000000e+04	0.000000000000000000e+00	0.000000000000000000e+00	3.143406476027710977e-02	0.000000000000000000e+00
-2.997097999999999956e+04	0.000000000000000000e+00	0.000000000000000000e+00	3.448591570787682553e-02	0.000000000000000000e+00
-2.997093999999999869e+04	0.000000000000000000e+00	0.000000000000000000e+00	2.533036286507767132e-02	0.000000000000000000e+00
-2.997091999999999825e+04	0.000000000000000000e+00	0.000000000000000000e+00	2.624591814935758535e-02	0.000000000000000000e+00
-2.997090000000000146e+04	0.000000000000000000e+00	0.000000000000000000e+00	2.624591814935758535e-02	0.000000000000000000e+00
-2.997088000000000102e+04	0.000000000000000000e+00	0.000000000000000000e+00	2.594073305459761516e-02	0.000000000000000000e+00
-2.997084999999999854e+04	0.000000000000000000e+00	0.000000000000000000e+00	3.051850947599719227e-02	0.000000000000000000e+00
-2.997081999999999971e+04	0.000000000000000000e+00	0.000000000000000000e+00	3.509628589739677285e-02	0.000000000000000000e+00
-2.997079000000000087e+04	0.000000000000000000e+00	0.000000000000000000e+00	3.143406476027710977e-02	0.000000000000000000e+00
-2.997077000000000044e+04	0.000000000000000000e+00	0.000000000000000000e+00	3.082369457075716593e-02	0.000000000000000000e+00
-2.997074000000000160e+04	0.000000000000000000e+00	0.000000000000000000e+00	2.807702871791741689e-02	0.000000000000000000e+00
-2.997072000000000116e+04	0.000000000000000000e+00	0.000000000000000000e+00	2.166814172795800825e-02	0.000000000000000000e+00
-2.997070000000000073e+04	0.000000000000000000e+00	0.000000000000000000e+00	2.258369701223792228e-02	0.000000000000000000e+00
-2.997066999999999825e+04	0.000000000000000000e+00	0.000000000000000000e+00	2.685628833887752920e-02	0.000000000000000000e+00
-2.997063999999999942e+04	0.000000000000000000e+00	0.000000000000000000e+00	2.990813928647724843e-02	0.000000000000000000e+00
-2.997061000000000058e+04	0.000000000000000000e+00	0.000000000000000000e+00	2.410962248603778363e-02	0.000000000000000000e+00
-2.997058000000000175e+04	0.000000000000000000e+00	0.000000000000000000e+00	3.387554551835688516e-02	0.000000000000000000e+00
-2.997054999999999927e+04	0.000000000000000000e+00	0.000000000000000000e+00	1.983703115939817671e-02	0.000000000000000000e+00
-2.997052999999999884e+04	0.000000000000000000e+00	0.000000000000000000e+00	2.868739890743736073e-02	0.000000000000000000e+00
-2.997050999999999840e+04	0.000000000000000000e+00	0.000000000000000000e+00	3.875850703451643592e-02	0.000000000000000000e+00
-2.997050000000000000e+04	0.000000000000000000e+00	0.000000000000000000e+00	2.685628833887752920e-02	0.000000000000000000e+00
-2.997047000000000116e+04	0.000000000000000000e+00	0.000000000000000000e+00	4.058961760307626399e-02	0.000000000000000000e+00
-2.997043999999999869e+04	0.000000000000000000e+00	0.000000000000000000e+00	4.242072817163609899e-02	0.000000000000000000e+00
-2.997040000000000146e+04	0.000000000000000000e+00	0.000000000000000000e+00	2.502517777031769766e-02	0.000000000000000000e+00
-2.997036999999999898e+04	0.000000000000000000e+00	0.000000000000000000e+00	3.234962004455702728e-02	0.000000000000000000e+00
-2.997036000000000058e+04	0.000000000000000000e+00	0.000000000000000000e+00	2.624591814935758535e-02	0.000000000000000000e+00
-2.997034000000000015e+04	0.000000000000000000e+00	0.000000000000000000e+00	2.380443739127780997e-02	0.000000000000000000e+00
-2.997031000000000131e+04	0.000000000000000000e+00	0.000000000000000000e+00	2.533036286507767132e-02	0.000000000000000000e+00
-2.997027000000000044e+04	0.000000000000000000e+00	0.000000000000000000e+00	2.868739890743736073e-02	0.000000000000000000e+00
-2.997022999999999956e+04	0.000000000000000000e+00	0.000000000000000000e+00	2.410962248603778363e-02	0.000000000000000000e+00
-2.997020999999999913e+04	0.000000000000000000e+00	0.000000000000000000e+00	2.685628833887752920e-02	0.000000000000000000e+00
-2.997018000000000029e+04	0.000000000000000000e+00	0.000000000000000000e+00	3.540147099215674303e-02	0.000000000000000000e+00
-2.997015000000000146e+04	0.000000000000000000e+00	0.000000000000000000e+00	2.288888210699789594e-02	0.000000000000000000e+00
-2.997013000000000102e+04	0.000000000000000000e+00	0.000000000000000000e+00	2.655110324411755901e-02	0.000000000000000000e+00
-2.997011000000000058e+04	0.000000000000000000e+00	0.000000000000000000e+00	2.655110324411755901e-02	0.000000000000000000e+00
-2.997009000000000015e+04	0.000000000000000000e+00	0.000000000000000000e+00	2.533036286507767132e-02	0.000000000000000000e+00
-2.997006000000000131e+04	0.000000000000000000e+00	0.000000000000000000e+00	2.288888210699789594e-02	0.000000000000000000e+00
-2.997004000000000087e+04	0.000000000000000000e+00	0.000000000000000000e+00	1.831110568559831536e-02	0.000000000000000000e+00
-2.997000000000000000e+04	0.000000000000000000e+00	0.000000000000000000e+00	2.533036286507767132e-02	0.000000000000000000e+00
-2.996997000000000116e+04	0.000000000000000000e+00	0.000000000000000000e+00	2.380443739127780997e-02	0.000000000000000000e+00
-2.996993999999999869e+04	0.000000000000000000e+00	0.000000000000000000e+00	1.831110568559831536e-02	0.000000000000000000e+00
-2.996990999999999985e+04	0.000000000000000000e+00	0.000000000000000000e+00	3.448591570787682553e-02	0.000000000000000000e+00
-2.996988000000000102e+04	0.000000000000000000e+00	0.000000000000000000e+00	3.173924985503707996e-02	0.000000000000000000e+00
-2.996984999999999854e+04	0.000000000000000000e+00	0.000000000000000000e+00	2.380443739127780997e-02	0.000000000000000000e+00
-2.996981999999999971e+04	0.000000000000000000e+00	0.000000000000000000e+00	2.685628833887752920e-02	0.000000000000000000e+00
-2.996979000000000087e+04	0.000000000000000000e+00	0.000000000000000000e+00	2.929776909695730458e-02	0.000000000000000000e+00
-2.996975000000000000e+04	0.000000000000000000e+00	0.000000000000000000e+00	2.502517777031769766e-02	0.000000000000000000e+00
-2.996972000000000116e+04	0.000000000000000000e+00	0.000000000000000000e+00	3.234962004455702728e-02	0.000000000000000000e+00
-2.996970000000000073e+04	0.000000000000000000e+00	0.000000000000000000e+00	2.471999267555772747e-02	0.000000000000000000e+00
-2.996968000000000029e+04	0.000000000000000000e+00	0.000000000000000000e+00	2.471999267555772747e-02	0.000000000000000000e+00
-2.996965999999999985e+04	0.000000000000000000e+00	0.000000000000000000e+00	2.746665852839747304e-02	0.000000000000000000e+00
-2.996963000000000102e+04	0.000000000000000000e+00	0.000000000000000000e+00	2.014221625415814690e-02	0.000000000000000000e+00
-2.996959999999999854e+04	0.000000000000000000e+00	0.000000000000000000e+00	2.441480758079775382e-02	0.000000000000000000e+00
-2.996958000000000175e+04	0.000000000000000000e+00	0.000000000000000000e+00	2.624591814935758535e-02	0.000000000000000000e+00
-2.996956000000000131e+04	0.000000000000000000e+00	0.000000000000000000e+00	3.662221137119663072e-02	0.000000000000000000e+00
-2.996954000000000087e+04	0.000000000000000000e+00	0.000000000000000000e+00	3.753776665547654823e-02	0.000000000000000000e+00
-2.996950999999999840e+04	0.000000000000000000e+00	0.000000000000000000e+00	2.624591814935758535e-02	0.000000000000000000e+00
-2.996949000000000160e+04	0.000000000000000000e+00	0.000000000000000000e+00	2.685628833887752920e-02	0.000000000000000000e+00
-2.996947000000000116e+04	0.000000000000000000e+00	0.000000000000000000e+00	3.448591570787682553e-02	0.000000000000000000e+00
-2.996943999999999869e+04	0.000000000000000000e+00	0.000000000000000000e+00	2.624591814935758535e-02	0.000000000000000000e+00
-2.996941999999999825e+04	0.000000000000000000e+00	0.000000000000000000e+00	2.197332682271797843e-02	0.000000000000000000e+00
-2.996938999999999942e+04	0.000000000000000000e+00	0.000000000000000000e+00	3.295999023407696765e-02	0.000000000000000000e+00
-2.996936000000000058e+04	0.000000000000000000e+00	0.000000000000000000e+00	2.716147343363750286e-02	0.000000000000000000e+00
-2.996933000000000175e+04	0.000000000000000000e+00	0.000000000000000000e+00	2.197332682271797843e-02	0.000000000000000000e+00
-2.996929999999999927e+04	0.000000000000000000e+00	0.000000000000000000e+00	2.899258400219733439e-02	0.000000000000000000e+00
-2.996925999999999840e+04	0.000000000000000000e+00	0.000000000000000000e+00	3.631702627643666054e-02	0.000000000000000000e+00
-2.996922999999999956e+04	0.000000000000000000e+00	0.000000000000000000e+00	2.929776909695730458e-02	0.000000000000000000e+00
-2.996918999999999869e+04	0.000000000000000000e+00	0.000000000000000000e+00	2.624591814935758535e-02	0.000000000000000000e+00
-2.996915000000000146e+04	0.000000000000000000e+00	0.000000000000000000e+00	2.594073305459761516e-02	0.000000000000000000e+00
-2.996911000000000058e+04	0.000000000000000000e+00	0.000000000000000000e+00	2.960295419171727824e-02	0.000000000000000000e+00
-2.996909000000000015e+04	0.000000000000000000e+00	0.000000000000000000e+00	2.044740134891812056e-02	0.000000000000000000e+00
-2.996906000000000131e+04	0.000000000000000000e+00	0.000000000000000000e+00	1.770073549607837152e-02	0.000000000000000000e+00
-2.996904999999999927e+04	0.000000000000000000e+00	0.000000000000000000e+00	2.136295663319803459e-02	0.000000000000000000e+00
-2.996902999999999884e+04	0.000000000000000000e+00	0.000000000000000000e+00	3.418073061311685534e-02	0.000000000000000000e+00
-2.996900999999999840e+04	0.000000000000000000e+00	0.000000000000000000e+00	2.105777153843806440e-02	0.000000000000000000e+00
-2.996897999999999956e+04	0.000000000000000000e+00	0.000000000000000000e+00	2.533036286507767132e-02	0.000000000000000000e+00
-2.996895999999999913e+04	0.000000000000000000e+00	0.000000000000000000e+00	2.624591814935758535e-02	0.000000000000000000e+00
-2.996893000000000029e+04	0.000000000000000000e+00	0.000000000000000000e+00	2.685628833887752920e-02	0.000000000000000000e+00
-2.996890999999999985e+04	0.000000000000000000e+00	0.000000000000000000e+00	2.227851191747795209e-02	0.000000000000000000e+00
-2.996888999999999942e+04	0.000000000000000000e+00	0.000000000000000000e+00	2.960295419171727824e-02	0.000000000000000000e+00
-2.996886999999999898e+04	0.000000000000000000e+00	0.000000000000000000e+00	3.387554551835688516e-02	0.000000000000000000e+00
-2.996884999999999854e+04	0.000000000000000000e+00	0.000000000000000000e+00	2.960295419171727824e-02	0.000000000000000000e+00
-2.996883000000000175e+04	0.000000000000000000e+00	0.000000000000000000e+00	2.990813928647724843e-02	0.000000000000000000e+00
-2.996881000000000131e+04	0.000000000000000000e+00	0.000000000000000000e+00	1.770073549607837152e-02	0.000000000000000000e+00
-2.996877999999999884e+04	0.000000000000000000e+00	0.000000000000000000e+00	2.197332682271797843e-02	0.000000000000000000e+00
-2.996875999999999840e+04	0.000000000000000000e+00	0.000000000000000000e+00	3.387554551835688516e-02	0.000000000000000000e+00
-2.996872999999999956e+04	0.000000000000000000e+00	0.000000000000000000e+00	2.960295419171727824e-02	0.000000000000000000e+00
-2.996870000000000073e+04	0.000000000000000000e+00	0.000000000000000000e+00	2.166814172795800825e-02	0.000000000000000000e+00
-2.996868000000000029e+04	0.000000000000000000e+00	0.000000000000000000e+00	2.166814172795800825e-02	0.000000000000000000e+00
-2.996865000000000146e+04	0.000000000000000000e+00	0.000000000000000000e+00	3.326517532883693784e-02	0.000000000000000000e+00
-2.996863000000000102e+04	0.000000000000000000e+00	0.000000000000000000e+00	3.082369457075716593e-02	0.000000000000000000e+00
-2.996859999999999854e+04	0.000000000000000000e+00	0.000000000000000000e+00	2.807702871791741689e-02	0.000000000000000000e+00
-2.996856999999999971e+04	0.000000000000000000e+00	0.000000000000000000e+00	1.770073549607837152e-02	0.000000000000000000e+00
-2.996854999999999927e+04	0.000000000000000000e+00	0.000000000000000000e+00	1.922666096987823287e-02	0.000000000000000000e+00
-2.996850999999999840e+04	0.000000000000000000e+00	0.000000000000000000e+00	3.082369457075716593e-02	0.000000000000000000e+00
-2.996847999999999956e+04	0.000000000000000000e+00	0.000000000000000000e+00	2.197332682271797843e-02	0.000000000000000000e+00
-2.996845999999999913e+04	0.000000000000000000e+00	0.000000000000000000e+00	2.533036286507767132e-02	0.000000000000000000e+00
-2.996843000000000029e+04	0.000000000000000000e+00	0.000000000000000000e+00	2.533036286507767132e-02	0.000000000000000000e+00
-2.996840000000000146e+04	0.000000000000000000e+00	0.000000000000000000e+00	2.594073305459761516e-02	0.000000000000000000e+00
-2.996836999999999898e+04	0.000000000000000000e+00	0.000000000000000000e+00	2.716147343363750286e-02	0.000000000000000000e+00
-2.996834999999999854e+04	0.000000000000000000e+00	0.000000000000000000e+00	2.929776909695730458e-02	0.000000000000000000e+00
-2.996831999999999971e+04	0.000000000000000000e+00	0.000000000000000000e+00	2.868739890743736073e-02	0.000000000000000000e+00
-2.996829000000000087e+04	0.000000000000000000e+00	0.000000000000000000e+00	2.441480758079775382e-02	0.000000000000000000e+00
-2.996827000000000044e+04	0.000000000000000000e+00	0.000000000000000000e+00	2.533036286507767132e-02	0.000000000000000000e+00
-2.996825999999999840e+04	0.000000000000000000e+00	0.000000000000000000e+00	2.349925229651783978e-02	0.000000000000000000e+00
-2.996824000000000160e+04	0.000000000000000000e+00	0.000000000000000000e+00	2.502517777031769766e-02	0.000000000000000000e+00
-2.996820999999999913e+04	0.000000000000000000e+00	0.000000000000000000e+00	8.850367748039185758e-03	0.000000000000000000e+00
-2.996818000000000029e+04	0.000000000000000000e+00	0.000000000000000000e+00	1.709036530655842767e-02	0.000000000000000000e+00
-2.996818000000000029e+04	0.000000000000000000e+00	0.000000000000000000e+00	2.105777153843806440e-02	0.000000000000000000e+00
-2.996815999999999985e+04	0.000000000000000000e+00	0.000000000000000000e+00	2.410962248603778363e-02	0.000000000000000000e+00
-2.996813999999999942e+04	0.000000000000000000e+00	0.000000000000000000e+00	2.533036286507767132e-02	0.000000000000000000e+00
-2.996811000000000058e+04	0.000000000000000000e+00	0.000000000000000000e+00	1.892147587511825921e-02	0.000000000000000000e+00
-2.996809000000000015e+04	0.000000000000000000e+00	0.000000000000000000e+00	1.831110568559831536e-02	0.000000000000000000e+00
-2.996806999999999971e+04	0.000000000000000000e+00	0.000000000000000000e+00	2.105777153843806440e-02	0.000000000000000000e+00
-2.996804000000000087e+04	0.000000000000000000e+00	0.000000000000000000e+00	1.770073549607837152e-02	0.000000000000000000e+00
-2.996802000000000044e+04	0.000000000000000000e+00	0.000000000000000000e+00	1.892147587511825921e-02	0.000000000000000000e+00
-2.996799000000000160e+04	0.000000000000000000e+00	0.000000000000000000e+00	2.197332682271797843e-02	0.000000000000000000e+00
-2.996797999999999956e+04	0.000000000000000000e+00	0.000000000000000000e+00	1.709036530655842767e-02	0.000000000000000000e+00
-2.996795999999999913e+04	0.000000000000000000e+00	0.000000000000000000e+00	1.800592059083834517e-02	0.000000000000000000e+00
-2.996793999999999869e+04	0.000000000000000000e+00	0.000000000000000000e+00	2.258369701223792228e-02	0.000000000000000000e+00
-2.996791999999999825e+04	0.000000000000000000e+00	0.000000000000000000e+00	2.166814172795800825e-02	0.000000000000000000e+00
-2.996788999999999942e+04	0.000000000000000000e+00	0.000000000000000000e+00	2.014221625415814690e-02	0.000000000000000000e+00
-2.996786999999999898e+04	0.000000000000000000e+00	0.000000000000000000e+00	2.685628833887752920e-02	0.000000000000000000e+00
-2.996784999999999854e+04	0.000000000000000000e+00	0.000000000000000000e+00	4.211554307687612880e-02	0.000000000000000000e+00
-2.996783000000000175e+04	0.000000000000000000e+00	0.000000000000000000e+00	2.716147343363750286e-02	0.000000000000000000e+00
-2.996781000000000131e+04	0.000000000000000000e+00	0.000000000000000000e+00	3.662221137119663072e-02	0.000000000000000000e+00
-2.996779000000000087e+04	0.000000000000000000e+00	0.000000000000000000e+00	2.746665852839747304e-02	0.000000000000000000e+00
-2.996777000000000044e+04	0.000000000000000000e+00	0.000000000000000000e+00	2.288888210699789594e-02	0.000000000000000000e+00
-2.996775999999999840e+04	0.000000000000000000e+00	0.000000000000000000e+00	2.197332682271797843e-02	0.000000000000000000e+00
-2.996775000000000000e+04	0.000000000000000000e+00	0.000000000000000000e+00	2.441480758079775382e-02	0.000000000000000000e+00
-2.996772999999999956e+04	0.000000000000000000e+00	0.000000000000000000e+00	2.655110324411755901e-02	0.000000000000000000e+00
-2.996772000000000116e+04	0.000000000000000000e+00	0.000000000000000000e+00	2.594073305459761516e-02	0.000000000000000000e+00
-2.996770000000000073e+04	0.000000000000000000e+00	0.000000000000000000e+00	2.410962248603778363e-02	0.000000000000000000e+00
-2.996768000000000029e+04	0.000000000000000000e+00	0.000000000000000000e+00	1.800592059083834517e-02	0.000000000000000000e+00
-2.996765999999999985e+04	0.000000000000000000e+00	0.000000000000000000e+00	2.380443739127780997e-02	0.000000000000000000e+00
-2.996763000000000102e+04	0.000000000000000000e+00	0.000000000000000000e+00	2.014221625415814690e-02	0.000000000000000000e+00
-2.996761000000000058e+04	0.000000000000000000e+00	0.000000000000000000e+00	2.624591814935758535e-02	0.000000000000000000e+00
-2.996758000000000175e+04	0.000000000000000000e+00	0.000000000000000000e+00	2.197332682271797843e-02	0.000000000000000000e+00
-2.996756000000000131e+04	0.000000000000000000e+00	0.000000000000000000e+00	2.136295663319803459e-02	0.000000000000000000e+00
-2.996754000000000087e+04	0.000000000000000000e+00	0.000000000000000000e+00	3.051850947599719227e-02	0.000000000000000000e+00
-2.996752000000000044e+04	0.000000000000000000e+00	0.000000000000000000e+00	1.739555040131840133e-02	0.000000000000000000e+00
-2.996750000000000000e+04	0.000000000000000000e+00	0.000000000000000000e+00	8.850367748039185758e-03	0.000000000000000000e+00
-2.996747999999999956e+04	0.000000000000000000e+00	0.000000000000000000e+00	2.044740134891812056e-02	0.000000000000000000e+00
-2.996745999999999913e+04	0.000000000000000000e+00	0.000000000000000000e+00	1.739555040131840133e-02	0.000000000000000000e+00
-2.996745999999999913e+04	0.000000000000000000e+00	0.000000000000000000e+00	1.678518021179845748e-02	0.000000000000000000e+00
-2.996745000000000073e+04	0.000000000000000000e+00	0.000000000000000000e+00	2.868739890743736073e-02	0.000000000000000000e+00
-2.996743000000000029e+04	0.000000000000000000e+00	0.000000000000000000e+00	2.410962248603778363e-02	0.000000000000000000e+00
-2.996740999999999985e+04	0.000000000000000000e+00	0.000000000000000000e+00	2.166814172795800825e-02	0.000000000000000000e+00
-2.996738999999999942e+04	0.000000000000000000e+00	0.000000000000000000e+00	2.044740134891812056e-02	0.000000000000000000e+00
-2.996736000000000058e+04	0.000000000000000000e+00	0.000000000000000000e+00	1.800592059083834517e-02	0.000000000000000000e+00
-2.996734000000000015e+04	0.000000000000000000e+00	0.000000000000000000e+00	1.983703115939817671e-02	0.000000000000000000e+00
-2.996731000000000131e+04	0.000000000000000000e+00	0.000000000000000000e+00	2.410962248603778363e-02	0.000000000000000000e+00
-2.996729000000000087e+04	0.000000000000000000e+00	0.000000000000000000e+00	2.288888210699789594e-02	0.000000000000000000e+00
-2.996727000000000044e+04	0.000000000000000000e+00	0.000000000000000000e+00	2.166814172795800825e-02	0.000000000000000000e+00
-2.996725000000000000e+04	0.000000000000000000e+00	0.000000000000000000e+00	2.746665852839747304e-02	0.000000000000000000e+00
-2.996722999999999956e+04	0.000000000000000000e+00	0.000000000000000000e+00	2.838221381267739055e-02	0.000000000000000000e+00
-2.996720999999999913e+04	0.000000000000000000e+00	0.000000000000000000e+00	1.800592059083834517e-02	0.000000000000000000e+00
-2.996718000000000029e+04	0.000000000000000000e+00	0.000000000000000000e+00	2.380443739127780997e-02	0.000000000000000000e+00
-2.996716999999999825e+04	0.000000000000000000e+00	0.000000000000000000e+00	3.692739646595660091e-02	0.000000000000000000e+00
-2.996715000000000146e+04	0.000000000000000000e+00	0.000000000000000000e+00	2.746665852839747304e-02	0.000000000000000000e+00
-2.996713000000000102e+04	0.000000000000000000e+00	0.000000000000000000e+00	2.533036286507767132e-02	0.000000000000000000e+00
-2.996711999999999898e+04	0.000000000000000000e+00	0.000000000000000000e+00	3.112887966551713612e-02	0.000000000000000000e+00
-2.996709999999999854e+04	0.000000000000000000e+00	0.000000000000000000e+00	2.868739890743736073e-02	0.000000000000000000e+00
-2.996706999999999971e+04	0.000000000000000000e+00	0.000000000000000000e+00	1.709036530655842767e-02	0.000000000000000000e+00
-2.996704000000000087e+04	0.000000000000000000e+00	0.000000000000000000e+00	2.288888210699789594e-02	0.000000000000000000e+00
-2.996700999999999840e+04	0.000000000000000000e+00	0.000000000000000000e+00	1.800592059083834517e-02	0.000000000000000000e+00
-2.996697999999999956e+04	0.000000000000000000e+00	0.000000000000000000e+00	1.709036530655842767e-02	0.000000000000000000e+00
-2.996695999999999913e+04	0.000000000000000000e+00	0.000000000000000000e+00	2.044740134891812056e-02	0.000000000000000000e+00
-2.996693000000000029e+04	0.000000000000000000e+00	0.000000000000000000e+00	1.403851435895870844e-02	0.000000000000000000e+00
-2.996690999999999985e+04	0.000000000000000000e+00	0.000000000000000000e+00	2.166814172795800825e-02	0.000000000000000000e+00
-2.996688999999999942e+04	0.000000000000000000e+00	0.000000000000000000e+00	2.288888210699789594e-02	0.000000000000000000e+00
-2.996686000000000058e+04	0.000000000000000000e+00	0.000000000000000000e+00	1.678518021179845748e-02	0.000000000000000000e+00
-2.996684000000000015e+04	0.000000000000000000e+00	0.000000000000000000e+00	2.899258400219733439e-02	0.000000000000000000e+00
-2.996681999999999971e+04	0.000000000000000000e+00	0.000000000000000000e+00	2.807702871791741689e-02	0.000000000000000000e+00
-2.996679999999999927e+04	0.000000000000000000e+00	0.000000000000000000e+00	2.471999267555772747e-02	0.000000000000000000e+00
-2.996677999999999884e+04	0.000000000000000000e+00	0.000000000000000000e+00	2.899258400219733439e-02	0.000000000000000000e+00
-2.996675999999999840e+04	0.000000000000000000e+00	0.000000000000000000e+00	1.831110568559831536e-02	0.000000000000000000e+00
-2.996674000000000160e+04	0.000000000000000000e+00	0.000000000000000000e+00	2.685628833887752920e-02	0.000000000000000000e+00
-2.996672000000000116e+04	0.000000000000000000e+00	0.000000000000000000e+00	2.197332682271797843e-02	0.000000000000000000e+00
-2.996668999999999869e+04	0.000000000000000000e+00	0.000000000000000000e+00	2.014221625415814690e-02	0.000000000000000000e+00
-2.996665000000000146e+04	0.000000000000000000e+00	0.000000000000000000e+00	2.441480758079775382e-02	0.000000000000000000e+00
-2.996661999999999898e+04	0.000000000000000000e+00	0.000000000000000000e+00	2.410962248603778363e-02	0.000000000000000000e+00
-2.996659999999999854e+04	0.000000000000000000e+00	0.000000000000000000e+00	2.502517777031769766e-02	0.000000000000000000e+00
-2.996659000000000015e+04	0.000000000000000000e+00	0.000000000000000000e+00	2.197332682271797843e-02	0.000000000000000000e+00
-2.996656999999999971e+04	0.000000000000000000e+00	0.000000000000000000e+00	3.051850947599719227e-02	0.000000000000000000e+00
-2.996654000000000087e+04	0.000000000000000000e+00	0.000000000000000000e+00	2.838221381267739055e-02	0.000000000000000000e+00
-2.996650000000000000e+04	0.000000000000000000e+00	0.000000000000000000e+00	2.258369701223792228e-02	0.000000000000000000e+00
-2.996647000000000116e+04	0.000000000000000000e+00	0.000000000000000000e+00	2.349925229651783978e-02	0.000000000000000000e+00
-2.996643999999999869e+04	0.000000000000000000e+00	0.000000000000000000e+00	2.227851191747795209e-02	0.000000000000000000e+00
-2.996641999999999825e+04	0.000000000000000000e+00	0.000000000000000000e+00	2.227851191747795209e-02	0.000000000000000000e+00
-2.996638999999999942e+04	0.000000000000000000e+00	0.000000000000000000e+00	1.403851435895870844e-02	0.000000000000000000e+00
-2.996634999999999854e+04	0.000000000000000000e+00	0.000000000000000000e+00	2.471999267555772747e-02	0.000000000000000000e+00
-2.996631999999999971e+04	0.000000000000000000e+00	0.000000000000000000e+00	2.502517777031769766e-02	0.000000000000000000e+00
-2.996629000000000087e+04	0.000000000000000000e+00	0.000000000000000000e+00	3.784295175023651842e-02	0.000000000000000000e+00
-2.996625999999999840e+04	0.000000000000000000e+00	0.000000000000000000e+00	3.234962004455702728e-02	0.000000000000000000e+00
-2.996622999999999956e+04	0.000000000000000000e+00	0.000000000000000000e+00	2.807702871791741689e-02	0.000000000000000000e+00
-2.996620999999999913e+04	0.000000000000000000e+00	0.000000000000000000e+00	2.685628833887752920e-02	0.000000000000000000e+00
-2.996618000000000029e+04	0.000000000000000000e+00	0.000000000000000000e+00	1.892147587511825921e-02	0.000000000000000000e+00
-2.996616999999999825e+04	0.000000000000000000e+00	0.000000000000000000e+00	2.899258400219733439e-02	0.000000000000000000e+00
-2.996615000000000146e+04	0.000000000000000000e+00	0.000000000000000000e+00	3.173924985503707996e-02	0.000000000000000000e+00
-2.996613999999999942e+04	0.000000000000000000e+00	0.000000000000000000e+00	3.082369457075716593e-02	0.000000000000000000e+00
-2.996611000000000058e+04	0.000000000000000000e+00	0.000000000000000000e+00	1.953184606463820305e-02	0.000000000000000000e+00
-2.996609000000000015e+04	0.000000000000000000e+00	0.000000000000000000e+00	1.709036530655842767e-02	0.000000000000000000e+00
-2.996606999999999971e+04	0.000000000000000000e+00	0.000000000000000000e+00	2.349925229651783978e-02	0.000000000000000000e+00
-2.996604999999999927e+04	0.000000000000000000e+00	0.000000000000000000e+00	2.624591814935758535e-02	0.000000000000000000e+00
-2.996602999999999884e+04	0.000000000000000000e+00	0.000000000000000000e+00	3.357036042359691497e-02	0.000000000000000000e+00
-2.996600999999999840e+04	0.000000000000000000e+00	0.000000000000000000e+00	2.349925229651783978e-02	0.000000000000000000e+00
-2.996599000000000160e+04	0.000000000000000000e+00	0.000000000000000000e+00	2.990813928647724843e-02	0.000000000000000000e+00
-2.996595000000000073e+04	0.000000000000000000e+00	0.000000000000000000e+00	3.143406476027710977e-02	0.000000000000000000e+00
-2.996591999999999825e+04	0.000000000000000000e+00	0.000000000000000000e+00	1.892147587511825921e-02	0.000000000000000000e+00
-2.996588999999999942e+04	0.000000000000000000e+00	0.000000000000000000e+00	1.281777397991882075e-02	0.000000000000000000e+00
-2.996586000000000058e+04	0.000000000000000000e+00	0.000000000000000000e+00	1.403851435895870844e-02	0.000000000000000000e+00
-2.996584999999999854e+04	0.000000000000000000e+00	0.000000000000000000e+00	2.349925229651783978e-02	0.000000000000000000e+00
-2.996581999999999971e+04	0.000000000000000000e+00	0.000000000000000000e+00	1.251258888515884883e-02	0.000000000000000000e+00
-2.996579000000000087e+04	0.000000000000000000e+00	0.000000000000000000e+00	1.678518021179845748e-02	0.000000000000000000e+00
-2.996575999999999840e+04	0.000000000000000000e+00	0.000000000000000000e+00	2.288888210699789594e-02	0.000000000000000000e+00
-2.996572000000000116e+04	0.000000000000000000e+00	0.000000000000000000e+00	2.807702871791741689e-02	0.000000000000000000e+00
-2.996570000000000073e+04	0.000000000000000000e+00	0.000000000000000000e+00	2.105777153843806440e-02	0.000000000000000000e+00
-2.996566999999999825e+04	0.000000000000000000e+00	0.000000000000000000e+00	3.082369457075716593e-02	0.000000000000000000e+00
-2.996563999999999942e+04	0.000000000000000000e+00	0.000000000000000000e+00	1.556443983275856806e-02	0.000000000000000000e+00
-2.996561000000000058e+04	0.000000000000000000e+00	0.000000000000000000e+00	1.556443983275856806e-02	0.000000000000000000e+00
-2.996559000000000015e+04	0.000000000000000000e+00	0.000000000000000000e+00	2.258369701223792228e-02	0.000000000000000000e+00
-2.996556000000000131e+04	0.000000000000000000e+00	0.000000000000000000e+00	1.495406964323862421e-02	0.000000000000000000e+00
-2.996552999999999884e+04	0.000000000000000000e+00	0.000000000000000000e+00	1.831110568559831536e-02	0.000000000000000000e+00
-2.996550000000000000e+04	0.000000000000000000e+00	0.000000000000000000e+00	2.807702871791741689e-02	0.000000000000000000e+00
-2.996545999999999913e+04	0.000000000000000000e+00	0.000000000000000000e+00	2.471999267555772747e-02	0.000000000000000000e+00
-2.996543999999999869e+04	0.000000000000000000e+00	0.000000000000000000e+00	1.739555040131840133e-02	0.000000000000000000e+00
-2.996541999999999825e+04	0.000000000000000000e+00	0.000000000000000000e+00	1.922666096987823287e-02	0.000000000000000000e+00
-2.996540000000000146e+04	0.000000000000000000e+00	0.000000000000000000e+00	3.326517532883693784e-02	0.000000000000000000e+00
-2.996536999999999898e+04	0.000000000000000000e+00	0.000000000000000000e+00	1.831110568559831536e-02	0.000000000000000000e+00
-2.996534000000000015e+04	0.000000000000000000e+00	0.000000000000000000e+00	2.044740134891812056e-02	0.000000000000000000e+00
-2.996531999999999971e+04	0.000000000000000000e+00	0.000000000000000000e+00	2.166814172795800825e-02	0.000000000000000000e+00
-2.996529000000000087e+04	0.000000000000000000e+00	0.000000000000000000e+00	1.983703115939817671e-02	0.000000000000000000e+00
-2.996527000000000044e+04	0.000000000000000000e+00	0.000000000000000000e+00	1.892147587511825921e-02	0.000000000000000000e+00
-2.996525000000000000e+04	0.000000000000000000e+00	0.000000000000000000e+00	2.410962248603778363e-02	0.000000000000000000e+00
-2.996522999999999956e+04	0.000000000000000000e+00	0.000000000000000000e+00	2.044740134891812056e-02	0.000000000000000000e+00
-2.996520999999999913e+04	0.000000000000000000e+00	0.000000000000000000e+00	1.770073549607837152e-02	0.000000000000000000e+00
-2.996518000000000029e+04	0.000000000000000000e+00	0.000000000000000000e+00	1.495406964323862421e-02	0.000000000000000000e+00
-2.996515999999999985e+04	0.000000000000000000e+00	0.000000000000000000e+00	1.007110812707907345e-02	0.000000000000000000e+00
-2.996513999999999942e+04	0.000000000000000000e+00	0.000000000000000000e+00	1.953184606463820305e-02	0.000000000000000000e+00
-2.996511000000000058e+04	0.000000000000000000e+00	0.000000000000000000e+00	2.471999267555772747e-02	0.000000000000000000e+00
-2.996509000000000015e+04	0.000000000000000000e+00	0.000000000000000000e+00	2.258369701223792228e-02	0.000000000000000000e+00
-2.996506999999999971e+04	0.000000000000000000e+00	0.000000000000000000e+00	2.838221381267739055e-02	0.000000000000000000e+00
-2.996504000000000087e+04	0.000000000000000000e+00	0.000000000000000000e+00	2.227851191747795209e-02	0.000000000000000000e+00
-2.996502000000000044e+04	0.000000000000000000e+00	0.000000000000000000e+00	1.464888454847865229e-02	0.000000000000000000e+00
-2.996500000000000000e+04	0.000000000000000000e+00	0.000000000000000000e+00	1.068147831659901729e-02	0.000000000000000000e+00
-2.996497999999999956e+04	0.000000000000000000e+00	0.000000000000000000e+00	1.892147587511825921e-02	0.000000000000000000e+00
-2.996493999999999869e+04	0.000000000000000000e+00	0.000000000000000000e+00	2.594073305459761516e-02	0.000000000000000000e+00
-2.996490000000000146e+04	0.000000000000000000e+00	0.000000000000000000e+00	1.007110812707907345e-02	0.000000000000000000e+00
-2.996486000000000058e+04	0.000000000000000000e+00	0.000000000000000000e+00	2.471999267555772747e-02	0.000000000000000000e+00
-2.996483000000000175e+04	0.000000000000000000e+00	0.000000000000000000e+00	1.739555040131840133e-02	0.000000000000000000e+00
-2.996481000000000131e+04	0.000000000000000000e+00	0.000000000000000000e+00	2.899258400219733439e-02	0.000000000000000000e+00
-2.996477999999999884e+04	0.000000000000000000e+00	0.000000000000000000e+00	1.892147587511825921e-02	0.000000000000000000e+00
-2.996475999999999840e+04	0.000000000000000000e+00	0.000000000000000000e+00	2.197332682271797843e-02	0.000000000000000000e+00
-2.996474000000000160e+04	0.000000000000000000e+00	0.000000000000000000e+00	2.044740134891812056e-02	0.000000000000000000e+00
-2.996472000000000116e+04	0.000000000000000000e+00	0.000000000000000000e+00	2.746665852839747304e-02	0.000000000000000000e+00
-2.996470000000000073e+04	0.000000000000000000e+00	0.000000000000000000e+00	2.990813928647724843e-02	0.000000000000000000e+00
-2.996466999999999825e+04	0.000000000000000000e+00	0.000000000000000000e+00	1.586962492751853998e-02	0.000000000000000000e+00
-2.996463999999999942e+04	0.000000000000000000e+00	0.000000000000000000e+00	1.892147587511825921e-02	0.000000000000000000e+00
-2.996461000000000058e+04	0.000000000000000000e+00	0.000000000000000000e+00	1.678518021179845748e-02	0.000000000000000000e+00
-2.996459000000000015e+04	0.000000000000000000e+00	0.000000000000000000e+00	1.922666096987823287e-02	0.000000000000000000e+00
-2.996456000000000131e+04	0.000000000000000000e+00	0.000000000000000000e+00	1.678518021179845748e-02	0.000000000000000000e+00
-2.996452999999999884e+04	0.000000000000000000e+00	0.000000000000000000e+00	1.434369945371868037e-02	0.000000000000000000e+00
-2.996450000000000000e+04	0.000000000000000000e+00	0.000000000000000000e+00	2.288888210699789594e-02	0.000000000000000000e+00
-2.996447999999999956e+04	0.000000000000000000e+00	0.000000000000000000e+00	1.739555040131840133e-02	0.000000000000000000e+00
-2.996443999999999869e+04	0.000000000000000000e+00	0.000000000000000000e+00	2.410962248603778363e-02	0.000000000000000000e+00
-2.996440000000000146e+04	0.000000000000000000e+00	0.000000000000000000e+00	1.342814416943876460e-02	0.000000000000000000e+00
-2.996438000000000102e+04	0.000000000000000000e+00	0.000000000000000000e+00	1.434369945371868037e-02	0.000000000000000000e+00
-2.996434999999999854e+04	0.000000000000000000e+00	0.000000000000000000e+00	1.678518021179845748e-02	0.000000000000000000e+00
-2.996433000000000175e+04	0.000000000000000000e+00	0.000000000000000000e+00	2.258369701223792228e-02	0.000000000000000000e+00
-2.996429999999999927e+04	0.000000000000000000e+00	0.000000000000000000e+00	1.953184606463820305e-02	0.000000000000000000e+00
-2.996427000000000044e+04	0.000000000000000000e+00	0.000000000000000000e+00	1.281777397991882075e-02	0.000000000000000000e+00
-2.996422999999999956e+04	0.000000000000000000e+00	0.000000000000000000e+00	1.098666341135898922e-02	0.000000000000000000e+00
-2.996418999999999869e+04	0.000000000000000000e+00	0.000000000000000000e+00	1.403851435895870844e-02	0.000000000000000000e+00
-2.996415999999999985e+04	0.000000000000000000e+00	0.000000000000000000e+00	1.312295907467879268e-02	0.000000000000000000e+00
-2.996413999999999942e+04	0.000000000000000000e+00	0.000000000000000000e+00	1.525925473799859614e-02	0.000000000000000000e+00
-2.996409999999999854e+04	0.000000000000000000e+00	0.000000000000000000e+00	1.342814416943876460e-02	0.000000000000000000e+00
-2.996406999999999971e+04	0.000000000000000000e+00	0.000000000000000000e+00	2.685628833887752920e-02	0.000000000000000000e+00
-2.996404000000000087e+04	0.000000000000000000e+00	0.000000000000000000e+00	2.838221381267739055e-02	0.000000000000000000e+00
-2.996400999999999840e+04	0.000000000000000000e+00	0.000000000000000000e+00	1.556443983275856806e-02	0.000000000000000000e+00
-2.996397999999999956e+04	0.000000000000000000e+00	0.000000000000000000e+00	1.129184850611896114e-02	0.000000000000000000e+00
-2.996393999999999869e+04	0.000000000000000000e+00	0.000000000000000000e+00	2.014221625415814690e-02	0.000000000000000000e+00
-2.996391999999999825e+04	0.000000000000000000e+00	0.000000000000000000e+00	1.495406964323862421e-02	0.000000000000000000e+00
-2.996390000000000146e+04	0.000000000000000000e+00	0.000000000000000000e+00	1.922666096987823287e-02	0.000000000000000000e+00
-2.996386000000000058e+04	0.000000000000000000e+00	0.000000000000000000e+00	2.166814172795800825e-02	0.000000000000000000e+00
-2.996383000000000175e+04	0.000000000000000000e+00	0.000000000000000000e+00	2.044740134891812056e-02	0.000000000000000000e+00
-2.996381000000000131e+04	0.000000000000000000e+00	0.000000000000000000e+00	1.770073549607837152e-02	0.000000000000000000e+00
-2.996379999999999927e+04	0.000000000000000000e+00	0.000000000000000000e+00	2.410962248603778363e-02	0.000000000000000000e+00
-2.996377000000000044e+04	0.000000000000000000e+00	0.000000000000000000e+00	1.983703115939817671e-02	0.000000000000000000e+00
-2.996375000000000000e+04	0.000000000000000000e+00	0.000000000000000000e+00	2.380443739127780997e-02	0.000000000000000000e+00
-2.996372000000000116e+04	0.000000000000000000e+00	0.000000000000000000e+00	1.953184606463820305e-02	0.000000000000000000e+00
-2.996370999999999913e+04	0.000000000000000000e+00	0.000000000000000000e+00	2.471999267555772747e-02	0.000000000000000000e+00
-2.996368999999999869e+04	0.000000000000000000e+00	0.000000000000000000e+00	2.288888210699789594e-02	0.000000000000000000e+00
-2.996366999999999825e+04	0.000000000000000000e+00	0.000000000000000000e+00	2.410962248603778363e-02	0.000000000000000000e+00
-2.996363999999999942e+04	0.000000000000000000e+00	0.000000000000000000e+00	1.007110812707907345e-02	0.000000000000000000e+00
-2.996359999999999854e+04	0.000000000000000000e+00	0.000000000000000000e+00	1.312295907467879268e-02	0.000000000000000000e+00
-2.996356999999999971e+04	0.000000000000000000e+00	0.000000000000000000e+00	2.533036286507767132e-02	0.000000000000000000e+00
-2.996354999999999927e+04	0.000000000000000000e+00	0.000000000000000000e+00	3.540147099215674303e-02	0.000000000000000000e+00
-2.996352999999999884e+04	0.000000000000000000e+00	0.000000000000000000e+00	1.647999511703848383e-02	0.000000000000000000e+00
-2.996350000000000000e+04	0.000000000000000000e+00	0.000000000000000000e+00	2.624591814935758535e-02	0.000000000000000000e+00
-2.996347999999999956e+04	0.000000000000000000e+00	0.000000000000000000e+00	1.770073549607837152e-02	0.000000000000000000e+00
-2.996343999999999869e+04	0.000000000000000000e+00	0.000000000000000000e+00	1.495406964323862421e-02	0.000000000000000000e+00
-2.996341999999999825e+04	0.000000000000000000e+00	0.000000000000000000e+00	2.105777153843806440e-02	0.000000000000000000e+00
-2.996338999999999942e+04	0.000000000000000000e+00	0.000000000000000000e+00	1.953184606463820305e-02	0.000000000000000000e+00
-2.996336999999999898e+04	0.000000000000000000e+00	0.000000000000000000e+00	2.288888210699789594e-02	0.000000000000000000e+00
-2.996334999999999854e+04	0.000000000000000000e+00	0.000000000000000000e+00	2.624591814935758535e-02	0.000000000000000000e+00
-2.996333000000000175e+04	0.000000000000000000e+00	0.000000000000000000e+00	1.800592059083834517e-02	0.000000000000000000e+00
-2.996329999999999927e+04	0.000000000000000000e+00	0.000000000000000000e+00	1.586962492751853998e-02	0.000000000000000000e+00
-2.996327999999999884e+04	0.000000000000000000e+00	0.000000000000000000e+00	1.739555040131840133e-02	0.000000000000000000e+00
-2.996325999999999840e+04	0.000000000000000000e+00	0.000000000000000000e+00	1.647999511703848383e-02	0.000000000000000000e+00
-2.996322999999999956e+04	0.000000000000000000e+00	0.000000000000000000e+00	1.739555040131840133e-02	0.000000000000000000e+00
-2.996320999999999913e+04	0.000000000000000000e+00	0.000000000000000000e+00	1.556443983275856806e-02	0.000000000000000000e+00
-2.996318000000000029e+04	0.000000000000000000e+00	0.000000000000000000e+00	1.770073549607837152e-02	0.000000000000000000e+00
-2.996315000000000146e+04	0.000000000000000000e+00	0.000000000000000000e+00	1.586962492751853998e-02	0.000000000000000000e+00
-2.996311999999999898e+04	0.000000000000000000e+00	0.000000000000000000e+00	1.434369945371868037e-02	0.000000000000000000e+00
-2.996309999999999854e+04	0.000000000000000000e+00	0.000000000000000000e+00	1.037629322183904537e-02	0.000000000000000000e+00
-2.996308000000000175e+04	0.000000000000000000e+00	0.000000000000000000e+00	2.044740134891812056e-02	0.000000000000000000e+00
-2.996306000000000131e+04	0.000000000000000000e+00	0.000000000000000000e+00	1.922666096987823287e-02	0.000000000000000000e+00
-2.996302000000000044e+04	0.000000000000000000e+00	0.000000000000000000e+00	1.586962492751853998e-02	0.000000000000000000e+00
-2.996300000000000000e+04	0.000000000000000000e+00	0.000000000000000000e+00	1.220740379039887691e-02	0.000000000000000000e+00
-2.996297999999999956e+04	0.000000000000000000e+00	0.000000000000000000e+00	1.892147587511825921e-02	0.000000000000000000e+00
-2.996295999999999913e+04	0.000000000000000000e+00	0.000000000000000000e+00	1.586962492751853998e-02	0.000000000000000000e+00
-2.996293000000000029e+04	0.000000000000000000e+00	0.000000000000000000e+00	1.251258888515884883e-02	0.000000000000000000e+00
-2.996290999999999985e+04	0.000000000000000000e+00	0.000000000000000000e+00	1.464888454847865229e-02	0.000000000000000000e+00
-2.996288000000000102e+04	0.000000000000000000e+00	0.000000000000000000e+00	1.495406964323862421e-02	0.000000000000000000e+00
-2.996284999999999854e+04	0.000000000000000000e+00	0.000000000000000000e+00	2.471999267555772747e-02	0.000000000000000000e+00
-2.996283000000000175e+04	0.000000000000000000e+00	0.000000000000000000e+00	1.647999511703848383e-02	0.000000000000000000e+00
-2.996279999999999927e+04	0.000000000000000000e+00	0.000000000000000000e+00	1.678518021179845748e-02	0.000000000000000000e+00
-2.996277999999999884e+04	0.000000000000000000e+00	0.000000000000000000e+00	1.892147587511825921e-02	0.000000000000000000e+00
-2.996275999999999840e+04	0.000000000000000000e+00	0.000000000000000000e+00	1.129184850611896114e-02	0.000000000000000000e+00
-2.996274000000000160e+04	0.000000000000000000e+00	0.000000000000000000e+00	2.044740134891812056e-02	0.000000000000000000e+00
-2.996272000000000116e+04	0.000000000000000000e+00	0.000000000000000000e+00	1.800592059083834517e-02	0.000000000000000000e+00
-2.996270000000000073e+04	0.000000000000000000e+00	0.000000000000000000e+00	2.990813928647724843e-02	0.000000000000000000e+00
-2.996268000000000029e+04	0.000000000000000000e+00	0.000000000000000000e+00	1.983703115939817671e-02	0.000000000000000000e+00
-2.996265999999999985e+04	0.000000000000000000e+00	0.000000000000000000e+00	1.586962492751853998e-02	0.000000000000000000e+00
-2.996263999999999942e+04	0.000000000000000000e+00	0.000000000000000000e+00	2.594073305459761516e-02	0.000000000000000000e+00
-2.996261999999999898e+04	0.000000000000000000e+00	0.000000000000000000e+00	2.349925229651783978e-02	0.000000000000000000e+00
-2.996259000000000015e+04	0.000000000000000000e+00	0.000000000000000000e+00	1.892147587511825921e-02	0.000000000000000000e+00
-2.996256999999999971e+04	0.000000000000000000e+00	0.000000000000000000e+00	2.258369701223792228e-02	0.000000000000000000e+00
-2.996254999999999927e+04	0.000000000000000000e+00	0.000000000000000000e+00	1.800592059083834517e-02	0.000000000000000000e+00
-2.996254000000000087e+04	0.000000000000000000e+00	0.000000000000000000e+00	2.288888210699789594e-02	0.000000000000000000e+00
-2.996250999999999840e+04	0.000000000000000000e+00	0.000000000000000000e+00	1.129184850611896114e-02	0.000000000000000000e+00
-2.996249000000000160e+04	0.000000000000000000e+00	0.000000000000000000e+00	1.525925473799859614e-02	0.000000000000000000e+00
-2.996247999999999956e+04	0.000000000000000000e+00	0.000000000000000000e+00	1.831110568559831536e-02	0.000000000000000000e+00
-2.996245000000000073e+04	0.000000000000000000e+00	0.000000000000000000e+00	1.312295907467879268e-02	0.000000000000000000e+00
-2.996241999999999825e+04	0.000000000000000000e+00	0.000000000000000000e+00	1.434369945371868037e-02	0.000000000000000000e+00
-2.996240000000000146e+04	0.000000000000000000e+00	0.000000000000000000e+00	1.770073549607837152e-02	0.000000000000000000e+00
-2.996238000000000102e+04	0.000000000000000000e+00	0.000000000000000000e+00	1.800592059083834517e-02	0.000000000000000000e+00
-2.996234999999999854e+04	0.000000000000000000e+00	0.000000000000000000e+00	1.556443983275856806e-02	0.000000000000000000e+00
-2.996231999999999971e+04	0.000000000000000000e+00	0.000000000000000000e+00	-1.831110568559831536e-03	0.000000000000000000e+00
-2.996229000000000087e+04	0.000000000000000000e+00	0.000000000000000000e+00	1.312295907467879268e-02	0.000000000000000000e+00
-2.996227000000000044e+04	0.000000000000000000e+00	0.000000000000000000e+00	1.495406964323862421e-02	0.000000000000000000e+00
-2.996224000000000160e+04	0.000000000000000000e+00	0.000000000000000000e+00	1.647999511703848383e-02	0.000000000000000000e+00
-2.996222000000000116e+04	0.000000000000000000e+00	0.000000000000000000e+00	2.533036286507767132e-02	0.000000000000000000e+00
-2.996218999999999869e+04	0.000000000000000000e+00	0.000000000000000000e+00	2.288888210699789594e-02	0.000000000000000000e+00
-2.996216999999999825e+04	0.000000000000000000e+00	0.000000000000000000e+00	1.495406964323862421e-02	0.000000000000000000e+00
-2.996215000000000146e+04	0.000000000000000000e+00	0.000000000000000000e+00	1.464888454847865229e-02	0.000000000000000000e+00
-2.996211999999999898e+04	0.000000000000000000e+00	0.000000000000000000e+00	1.892147587511825921e-02	0.000000000000000000e+00
-2.996208000000000175e+04	0.000000000000000000e+00	0.000000000000000000e+00	1.922666096987823287e-02	0.000000000000000000e+00
-2.996204999999999927e+04	0.000000000000000000e+00	0.000000000000000000e+00	1.434369945371868037e-02	0.000000000000000000e+00
-2.996202999999999884e+04	0.000000000000000000e+00	0.000000000000000000e+00	1.556443983275856806e-02	0.000000000000000000e+00
-2.996200999999999840e+04	0.000000000000000000e+00	0.000000000000000000e+00	1.770073549607837152e-02	0.000000000000000000e+00
-2.996199000000000160e+04	0.000000000000000000e+00	0.000000000000000000e+00	1.495406964323862421e-02	0.000000000000000000e+00
-2.996195000000000073e+04	0.000000000000000000e+00	0.000000000000000000e+00	1.739555040131840133e-02	0.000000000000000000e+00
-2.996191999999999825e+04	0.000000000000000000e+00	0.000000000000000000e+00	2.594073305459761516e-02	0.000000000000000000e+00
-2.996190000000000146e+04	0.000000000000000000e+00	0.000000000000000000e+00	1.983703115939817671e-02	0.000000000000000000e+00
-2.996188000000000102e+04	0.000000000000000000e+00	0.000000000000000000e+00	2.014221625415814690e-02	0.000000000000000000e+00
-2.996184000000000015e+04	0.000000000000000000e+00	0.000000000000000000e+00	2.105777153843806440e-02	0.000000000000000000e+00
-2.996181000000000131e+04	0.000000000000000000e+00	0.000000000000000000e+00	1.220740379039887691e-02	0.000000000000000000e+00
-2.996179000000000087e+04	0.000000000000000000e+00	0.000000000000000000e+00	1.739555040131840133e-02	0.000000000000000000e+00
-2.996177000000000044e+04	0.000000000000000000e+00	0.000000000000000000e+00	2.166814172795800825e-02	0.000000000000000000e+00
-2.996175999999999840e+04	0.000000000000000000e+00	0.000000000000000000e+00	1.342814416943876460e-02	0.000000000000000000e+00
-2.996174000000000160e+04	0.000000000000000000e+00	0.000000000000000000e+00	8.850367748039185758e-03	0.000000000000000000e+00
-2.996170000000000073e+04	0.000000000000000000e+00	0.000000000000000000e+00	8.239997558519241913e-03	0.000000000000000000e+00
-2.996166999999999825e+04	0.000000000000000000e+00	0.000000000000000000e+00	1.251258888515884883e-02	0.000000000000000000e+00
-2.996165000000000146e+04	0.000000000000000000e+00	0.000000000000000000e+00	2.136295663319803459e-02	0.000000000000000000e+00
-2.996161999999999898e+04	0.000000000000000000e+00	0.000000000000000000e+00	1.403851435895870844e-02	0.000000000000000000e+00
-2.996159999999999854e+04	0.000000000000000000e+00	0.000000000000000000e+00	2.197332682271797843e-02	0.000000000000000000e+00
-2.996156999999999971e+04	0.000000000000000000e+00	0.000000000000000000e+00	2.258369701223792228e-02	0.000000000000000000e+00
-2.996154000000000087e+04	0.000000000000000000e+00	0.000000000000000000e+00	1.831110568559831536e-02	0.000000000000000000e+00
-2.996150999999999840e+04	0.000000000000000000e+00	0.000000000000000000e+00	1.922666096987823287e-02	0.000000000000000000e+00
-2.996149000000000160e+04	0.000000000000000000e+00	0.000000000000000000e+00	2.838221381267739055e-02	0.000000000000000000e+00
-2.996147000000000116e+04	0.000000000000000000e+00	0.000000000000000000e+00	1.495406964323862421e-02	0.000000000000000000e+00
-2.996143999999999869e+04	0.000000000000000000e+00	0.000000000000000000e+00	1.434369945371868037e-02	0.000000000000000000e+00
-2.996140999999999985e+04	0.000000000000000000e+00	0.000000000000000000e+00	1.312295907467879268e-02	0.000000000000000000e+00
-2.996138999999999942e+04	0.000000000000000000e+00	0.000000000000000000e+00	1.190221869563890499e-02	0.000000000000000000e+00
-2.996136999999999898e+04	0.000000000000000000e+00	0.000000000000000000e+00	1.831110568559831536e-02	0.000000000000000000e+00
-2.996134999999999854e+04	0.000000000000000000e+00	0.000000000000000000e+00	1.129184850611896114e-02	0.000000000000000000e+00
-2.996131999999999971e+04	0.000000000000000000e+00	0.000000000000000000e+00	2.471999267555772747e-02	0.000000000000000000e+00
-2.996129000000000087e+04	0.000000000000000000e+00	0.000000000000000000e+00	1.739555040131840133e-02	0.000000000000000000e+00
-2.996125999999999840e+04	0.000000000000000000e+00	0.000000000000000000e+00	1.709036530655842767e-02	0.000000000000000000e+00
-2.996122999999999956e+04	0.000000000000000000e+00	0.000000000000000000e+00	1.281777397991882075e-02	0.000000000000000000e+00
-2.996120000000000073e+04	0.000000000000000000e+00	0.000000000000000000e+00	1.281777397991882075e-02	0.000000000000000000e+00
-2.996118000000000029e+04	0.000000000000000000e+00	0.000000000000000000e+00	1.464888454847865229e-02	0.000000000000000000e+00
-2.996115999999999985e+04	0.000000000000000000e+00	0.000000000000000000e+00	8.239997558519241913e-03	0.000000000000000000e+00
-2.996113000000000102e+04	0.000000000000000000e+00	0.000000000000000000e+00	2.258369701223792228e-02	0.000000000000000000e+00
-2.996109999999999854e+04	0.000000000000000000e+00	0.000000000000000000e+00	1.739555040131840133e-02	0.000000000000000000e+00
-2.996106999999999971e+04	0.000000000000000000e+00	0.000000000000000000e+00	1.983703115939817671e-02	0.000000000000000000e+00
