# Profile: 036
# Date: 2026-08-03 14:02:02
# Center X: -24942.780 um
# Center Z: -29982.800 um
# Scan axis: x2
# Profile axis: z2
# Profile range: 50 um
# Profile speed: 25 um/s
# 
# main_position	sub1_position	sub2_position	signal1	signal2
0.000000000000000000e+00	0.000000000000000000e+00	0.000000000000000000e+00	0.000000000000000000e+00	0.000000000000000000e+00
0.000000000000000000e+00	0.000000000000000000e+00	0.000000000000000000e+00	0.000000000000000000e+00	0.000000000000000000e+00
0.000000000000000000e+00	0.000000000000000000e+00	0.000000000000000000e+00	0.000000000000000000e+00	0.000000000000000000e+00
0.000000000000000000e+00	0.000000000000000000e+00	0.000000000000000000e+00	0.000000000000000000e+00	0.000000000000000000e+00
0.000000000000000000e+00	0.000000000000000000e+00	0.000000000000000000e+00	0.000000000000000000e+00	0.000000000000000000e+00
0.000000000000000000e+00	0.000000000000000000e+00	0.000000000000000000e+00	0.000000000000000000e+00	0.000000000000000000e+00
0.000000000000000000e+00	0.000000000000000000e+00	0.000000000000000000e+00	0.000000000000000000e+00	0.000000000000000000e+00
0.000000000000000000e+00	0.000000000000000000e+00	0.000000000000000000e+00	0.000000000000000000e+00	0.000000000000000000e+00
0.000000000000000000e+00	0.000000000000000000e+00	0.000000000000000000e+00	0.000000000000000000e+00	0.000000000000000000e+00
0.000000000000000000e+00	0.000000000000000000e+00	0.000000000000000000e+00	0.000000000000000000e+00	0.000000000000000000e+00
0.000000000000000000e+00	0.000000000000000000e+00	0.000000000000000000e+00	0.000000000000000000e+00	0.000000000000000000e+00
0.000000000000000000e+00	0.000000000000000000e+00	0.000000000000000000e+00	0.000000000000000000e+00	0.000000000000000000e+00
0.000000000000000000e+00	0.000000000000000000e+00	0.000000000000000000e+00	0.000000000000000000e+00	0.000000000000000000e+00
0.000000000000000000e+00	0.000000000000000000e+00	0.000000000000000000e+00	0.000000000000000000e+00	0.000000000000000000e+00
0.000000000000000000e+00	0.000000000000000000e+00	0.000000000000000000e+00	0.000000000000000000e+00	0.000000000000000000e+00
0.000000000000000000e+00	0.000000000000000000e+00	0.000000000000000000e+00	0.000000000000000000e+00	0.000000000000000000e+00
0.000000000000000000e+00	0.000000000000000000e+00	0.000000000000000000e+00	0.000000000000000000e+00	0.000000000000000000e+00
0.000000000000000000e+00	0.000000000000000000e+00	0.000000000000000000e+00	0.000000000000000000e+00	0.000000000000000000e+00
0.000000000000000000e+00	0.000000000000000000e+00	0.000000000000000000e+00	0.000000000000000000e+00	0.000000000000000000e+00
0.000000000000000000e+00	0.000000000000000000e+00	0.000000000000000000e+00	0.000000000000000000e+00	0.000000000000000000e+00
0.000000000000000000e+00	0.000000000000000000e+00	0.000000000000000000e+00	0.000000000000000000e+00	0.000000000000000000e+00
0.000000000000000000e+00	0.000000000000000000e+00	0.000000000000000000e+00	0.000000000000000000e+00	0.000000000000000000e+00
0.000000000000000000e+00	0.000000000000000000e+00	0.000000000000000000e+00	0.000000000000000000e+00	0.000000000000000000e+00
0.000000000000000000e+00	0.000000000000000000e+00	0.000000000000000000e+00	0.000000000000000000e+00	0.000000000000000000e+00
0.000000000000000000e+00	0.000000000000000000e+00	0.000000000000000000e+00	0.000000000000000000e+00	0.000000000000000000e+00
0.000000000000000000e+00	0.000000000000000000e+00	0.000000000000000000e+00	0.000000000000000000e+00	0.000000000000000000e+00
0.000000000000000000e+00	0.000000000000000000e+00	0.000000000000000000e+00	0.000000000000000000e+00	0.000000000000000000e+00
0.000000000000000000e+00	0.000000000000000000e+00	0.000000000000000000e+00	0.000000000000000000e+00	0.000000000000000000e+00
0.000000000000000000e+00	0.000000000000000000e+00	0.000000000000000000e+00	0.000000000000000000e+00	0.000000000000000000e+00
0.000000000000000000e+00	0.000000000000000000e+00	0.000000000000000000e+00	0.000000000000000000e+00	0.000000000000000000e+00
0.000000000000000000e+00	0.000000000000000000e+00	0.000000000000000000e+00	0.000000000000000000e+00	0.000000000000000000e+00
0.000000000000000000e+00	0.000000000000000000e+00	0.000000000000000000e+00	0.000000000000000000e+00	0.000000000000000000e+00
0.000000000000000000e+00	0.000000000000000000e+00	0.000000000000000000e+00	0.000000000000000000e+00	0.000000000000000000e+00
0.000000000000000000e+00	0.000000000000000000e+00	0.000000000000000000e+00	0.000000000000000000e+00	0.000000000000000000e+00
0.000000000000000000e+00	0.000000000000000000e+00	0.000000000000000000e+00	0.000000000000000000e+00	0.000000000000000000e+00
0.000000000000000000e+00	0.000000000000000000e+00	0.000000000000000000e+00	0.000000000000000000e+00	0.000000000000000000e+00
0.000000000000000000e+00	0.000000000000000000e+00	0.000000000000000000e+00	0.000000000000000000e+00	0.000000000000000000e+00
0.000000000000000000e+00	0.000000000000000000e+00	0.000000000000000000e+00	0.000000000000000000e+00	0.000000000000000000e+00
0.000000000000000000e+00	0.000000000000000000e+00	0.000000000000000000e+00	0.000000000000000000e+00	0.000000000000000000e+00
0.000000000000000000e+00	0.000000000000000000e+00	0.000000000000000000e+00	0.000000000000000000e+00	0.000000000000000000e+00
0.000000000000000000e+00	0.000000000000000000e+00	0.000000000000000000e+00	0.000000000000000000e+00	0.000000000000000000e+00
0.000000000000000000e+00	0.000000000000000000e+00	0.000000000000000000e+00	0.000000000000000000e+00	0.000000000000000000e+00
0.000000000000000000e+00	0.000000000000000000e+00	0.000000000000000000e+00	0.000000000000000000e+00	0.000000000000000000e+00
0.000000000000000000e+00	0.000000000000000000e+00	0.000000000000000000e+00	0.000000000000000000e+00	0.000000000000000000e+00
0.000000000000000000e+00	0.000000000000000000e+00	0.000000000000000000e+00	0.000000000000000000e+00	0.000000000000000000e+00
0.000000000000000000e+00	0.000000000000000000e+00	0.000000000000000000e+00	0.000000000000000000e+00	0.000000000000000000e+00
0.000000000000000000e+00	0.000000000000000000e+00	0.000000000000000000e+00	0.000000000000000000e+00	0.000000000000000000e+00
0.000000000000000000e+00	0.000000000000000000e+00	0.000000000000000000e+00	0.000000000000000000e+00	0.000000000000000000e+00
0.000000000000000000e+00	0.000000000000000000e+00	0.000000000000000000e+00	0.000000000000000000e+00	0.000000000000000000e+00
0.000000000000000000e+00	0.000000000000000000e+00	0.000000000000000000e+00	0.000000000000000000e+00	0.000000000000000000e+00
0.000000000000000000e+00	0.000000000000000000e+00	0.000000000000000000e+00	0.000000000000000000e+00	0.000000000000000000e+00
0.000000000000000000e+00	0.000000000000000000e+00	0.000000000000000000e+00	0.000000000000000000e+00	0.000000000000000000e+00
0.000000000000000000e+00	0.000000000000000000e+00	0.000000000000000000e+00	0.000000000000000000e+00	0.000000000000000000e+00
0.000000000000000000e+00	0.000000000000000000e+00	0.000000000000000000e+00	0.000000000000000000e+00	0.000000000000000000e+00
0.000000000000000000e+00	0.000000000000000000e+00	0.000000000000000000e+00	0.000000000000000000e+00	0.000000000000000000e+00
0.000000000000000000e+00	0.000000000000000000e+00	0.000000000000000000e+00	0.000000000000000000e+00	0.000000000000000000e+00
0.000000000000000000e+00	0.000000000000000000e+00	0.000000000000000000e+00	0.000000000000000000e+00	0.000000000000000000e+00
0.000000000000000000e+00	0.000000000000000000e+00	0.000000000000000000e+00	0.000000000000000000e+00	0.000000000000000000e+00
0.000000000000000000e+00	0.000000000000000000e+00	0.000000000000000000e+00	0.000000000000000000e+00	0.000000000000000000e+00
0.000000000000000000e+00	0.000000000000000000e+00	0.000000000000000000e+00	0.000000000000000000e+00	0.000000000000000000e+00
0.000000000000000000e+00	0.000000000000000000e+00	0.000000000000000000e+00	0.000000000000000000e+00	0.000000000000000000e+00
0.000000000000000000e+00	0.000000000000000000e+00	0.000000000000000000e+00	0.000000000000000000e+00	0.000000000000000000e+00
0.000000000000000000e+00	0.000000000000000000e+00	0.000000000000000000e+00	0.000000000000000000e+00	0.000000000000000000e+00
0.000000000000000000e+00	0.000000000000000000e+00	0.000000000000000000e+00	0.000000000000000000e+00	0.000000000000000000e+00
0.000000000000000000e+00	0.000000000000000000e+00	0.000000000000000000e+00	0.000000000000000000e+00	0.000000000000000000e+00
0.000000000000000000e+00	0.000000000000000000e+00	0.000000000000000000e+00	0.000000000000000000e+00	0.000000000000000000e+00
0.000000000000000000e+00	0.000000000000000000e+00	0.000000000000000000e+00	0.000000000000000000e+00	0.000000000000000000e+00
0.000000000000000000e+00	0.000000000000000000e+00	0.000000000000000000e+00	0.000000000000000000e+00	0.000000000000000000e+00
0.000000000000000000e+00	0.000000000000000000e+00	0.000000000000000000e+00	0.000000000000000000e+00	0.000000000000000000e+00
0.000000000000000000e+00	0.000000000000000000e+00	0.000000000000000000e+00	0.000000000000000000e+00	0.000000000000000000e+00
0.000000000000000000e+00	0.000000000000000000e+00	0.000000000000000000e+00	0.000000000000000000e+00	0.000000000000000000e+00
0.000000000000000000e+00	0.000000000000000000e+00	0.000000000000000000e+00	0.000000000000000000e+00	0.000000000000000000e+00
0.000000000000000000e+00	0.000000000000000000e+00	0.000000000000000000e+00	0.000000000000000000e+00	0.000000000000000000e+00
0.000000000000000000e+00	0.000000000000000000e+00	0.000000000000000000e+00	0.000000000000000000e+00	0.000000000000000000e+00
0.000000000000000000e+00	0.000000000000000000e+00	0.000000000000000000e+00	0.000000000000000000e+00	0.000000000000000000e+00
0.000000000000000000e+00	0.000000000000000000e+00	0.000000000000000000e+00	0.000000000000000000e+00	0.000000000000000000e+00
0.000000000000000000e+00	0.000000000000000000e+00	0.000000000000000000e+00	0.000000000000000000e+00	0.000000000000000000e+00
0.000000000000000000e+00	0.000000000000000000e+00	0.000000000000000000e+00	0.000000000000000000e+00	0.000000000000000000e+00
0.000000000000000000e+00	0.000000000000000000e+00	0.000000000000000000e+00	0.000000000000000000e+00	0.000000000000000000e+00
0.000000000000000000e+00	0.000000000000000000e+00	0.000000000000000000e+00	0.000000000000000000e+00	0.000000000000000000e+00
0.000000000000000000e+00	0.000000000000000000e+00	0.000000000000000000e+00	0.000000000000000000e+00	0.000000000000000000e+00
0.000000000000000000e+00	0.000000000000000000e+00	0.000000000000000000e+00	0.000000000000000000e+00	0.000000000000000000e+00
0.000000000000000000e+00	0.000000000000000000e+00	0.000000000000000000e+00	0.000000000000000000e+00	0.000000000000000000e+00
0.000000000000000000e+00	0.000000000000000000e+00	0.000000000000000000e+00	0.000000000000000000e+00	0.000000000000000000e+00
0.000000000000000000e+00	0.000000000000000000e+00	0.000000000000000000e+00	0.000000000000000000e+00	0.000000000000000000e+00
0.000000000000000000e+00	0.000000000000000000e+00	0.000000000000000000e+00	0.000000000000000000e+00	0.000000000000000000e+00
0.000000000000000000e+00	0.000000000000000000e+00	0.000000000000000000e+00	0.000000000000000000e+00	0.000000000000000000e+00
0.000000000000000000e+00	0.000000000000000000e+00	0.000000000000000000e+00	0.000000000000000000e+00	0.000000000000000000e+00
0.000000000000000000e+00	0.000000000000000000e+00	0.000000000000000000e+00	0.000000000000000000e+00	0.000000000000000000e+00
0.000000000000000000e+00	0.000000000000000000e+00	0.000000000000000000e+00	0.000000000000000000e+00	0.000000000000000000e+00
0.000000000000000000e+00	0.000000000000000000e+00	0.000000000000000000e+00	0.000000000000000000e+00	0.000000000000000000e+00
0.000000000000000000e+00	0.000000000000000000e+00	0.000000000000000000e+00	0.000000000000000000e+00	0.000000000000000000e+00
0.000000000000000000e+00	0.000000000000000000e+00	0.000000000000000000e+00	0.000000000000000000e+00	0.000000000000000000e+00
0.000000000000000000e+00	0.000000000000000000e+00	0.000000000000000000e+00	0.000000000000000000e+00	0.000000000000000000e+00
0.000000000000000000e+00	0.000000000000000000e+00	0.000000000000000000e+00	0.000000000000000000e+00	0.000000000000000000e+00
0.000000000000000000e+00	0.000000000000000000e+00	0.000000000000000000e+00	0.000000000000000000e+00	0.000000000000000000e+00
0.000000000000000000e+00	0.000000000000000000e+00	0.000000000000000000e+00	0.000000000000000000e+00	0.000000000000000000e+00
0.000000000000000000e+00	0.000000000000000000e+00	0.000000000000000000e+00	0.000000000000000000e+00	0.000000000000000000e+00
0.000000000000000000e+00	0.000000000000000000e+00	0.000000000000000000e+00	0.000000000000000000e+00	0.000000000000000000e+00
0.000000000000000000e+00	0.000000000000000000e+00	0.000000000000000000e+00	0.000000000000000000e+00	0.000000000000000000e+00
0.000000000000000000e+00	0.000000000000000000e+00	0.000000000000000000e+00	0.000000000000000000e+00	0.000000000000000000e+00
0.000000000000000000e+00	0.000000000000000000e+00	0.000000000000000000e+00	0.000000000000000000e+00	0.000000000000000000e+00
0.000000000000000000e+00	0.000000000000000000e+00	0.000000000000000000e+00	0.000000000000000000e+00	0.000000000000000000e+00
0.000000000000000000e+00	0.000000000000000000e+00	0.000000000000000000e+00	0.000000000000000000e+00	0.000000000000000000e+00
0.000000000000000000e+00	0.000000000000000000e+00	0.000000000000000000e+00	0.000000000000000000e+00	0.000000000000000000e+00
0.000000000000000000e+00	0.000000000000000000e+00	0.000000000000000000e+00	0.000000000000000000e+00	0.000000000000000000e+00
0.000000000000000000e+00	0.000000000000000000e+00	0.000000000000000000e+00	0.000000000000000000e+00	0.000000000000000000e+00
0.000000000000000000e+00	0.000000000000000000e+00	0.000000000000000000e+00	0.000000000000000000e+00	0.000000000000000000e+00
0.000000000000000000e+00	0.000000000000000000e+00	0.000000000000000000e+00	0.000000000000000000e+00	0.000000000000000000e+00
0.000000000000000000e+00	0.000000000000000000e+00	0.000000000000000000e+00	0.000000000000000000e+00	0.000000000000000000e+00
0.000000000000000000e+00	0.000000000000000000e+00	0.000000000000000000e+00	0.000000000000000000e+00	0.000000000000000000e+00
0.000000000000000000e+00	0.000000000000000000e+00	0.000000000000000000e+00	0.000000000000000000e+00	0.000000000000000000e+00
0.000000000000000000e+00	0.000000000000000000e+00	0.000000000000000000e+00	0.000000000000000000e+00	0.000000000000000000e+00
0.000000000000000000e+00	0.000000000000000000e+00	0.000000000000000000e+00	0.000000000000000000e+00	0.000000000000000000e+00
0.000000000000000000e+00	0.000000000000000000e+00	0.000000000000000000e+00	0.000000000000000000e+00	0.000000000000000000e+00
0.000000000000000000e+00	0.000000000000000000e+00	0.000000000000000000e+00	0.000000000000000000e+00	0.000000000000000000e+00
0.000000000000000000e+00	0.000000000000000000e+00	0.000000000000000000e+00	0.000000000000000000e+00	0.000000000000000000e+00
0.000000000000000000e+00	0.000000000000000000e+00	0.000000000000000000e+00	0.000000000000000000e+00	0.000000000000000000e+00
0.000000000000000000e+00	0.000000000000000000e+00	0.000000000000000000e+00	0.000000000000000000e+00	0.000000000000000000e+00
0.000000000000000000e+00	0.000000000000000000e+00	0.000000000000000000e+00	0.000000000000000000e+00	0.000000000000000000e+00
0.000000000000000000e+00	0.000000000000000000e+00	0.000000000000000000e+00	0.000000000000000000e+00	0.000000000000000000e+00
0.000000000000000000e+00	0.000000000000000000e+00	0.000000000000000000e+00	0.000000000000000000e+00	0.000000000000000000e+00
0.000000000000000000e+00	0.000000000000000000e+00	0.000000000000000000e+00	0.000000000000000000e+00	0.000000000000000000e+00
0.000000000000000000e+00	0.000000000000000000e+00	0.000000000000000000e+00	0.000000000000000000e+00	0.000000000000000000e+00
0.000000000000000000e+00	0.000000000000000000e+00	0.000000000000000000e+00	0.000000000000000000e+00	0.000000000000000000e+00
0.000000000000000000e+00	0.000000000000000000e+00	0.000000000000000000e+00	0.000000000000000000e+00	0.000000000000000000e+00
0.000000000000000000e+00	0.000000000000000000e+00	0.000000000000000000e+00	0.000000000000000000e+00	0.000000000000000000e+00
0.000000000000000000e+00	0.000000000000000000e+00	0.000000000000000000e+00	0.000000000000000000e+00	0.000000000000000000e+00
0.000000000000000000e+00	0.000000000000000000e+00	0.000000000000000000e+00	0.000000000000000000e+00	0.000000000000000000e+00
0.000000000000000000e+00	0.000000000000000000e+00	0.000000000000000000e+00	0.000000000000000000e+00	0.000000000000000000e+00
0.000000000000000000e+00	0.000000000000000000e+00	0.000000000000000000e+00	0.000000000000000000e+00	0.000000000000000000e+00
0.000000000000000000e+00	0.000000000000000000e+00	0.000000000000000000e+00	0.000000000000000000e+00	0.000000000000000000e+00
0.000000000000000000e+00	0.000000000000000000e+00	0.000000000000000000e+00	0.000000000000000000e+00	0.000000000000000000e+00
0.000000000000000000e+00	0.000000000000000000e+00	0.000000000000000000e+00	0.000000000000000000e+00	0.000000000000000000e+00
0.000000000000000000e+00	0.000000000000000000e+00	0.000000000000000000e+00	0.000000000000000000e+00	0.000000000000000000e+00
0.000000000000000000e+00	0.000000000000000000e+00	0.000000000000000000e+00	0.000000000000000000e+00	0.000000000000000000e+00
0.000000000000000000e+00	0.000000000000000000e+00	0.000000000000000000e+00	0.000000000000000000e+00	0.000000000000000000e+00
0.000000000000000000e+00	0.000000000000000000e+00	0.000000000000000000e+00	0.000000000000000000e+00	0.000000000000000000e+00
0.000000000000000000e+00	0.000000000000000000e+00	0.000000000000000000e+00	0.000000000000000000e+00	0.000000000000000000e+00
0.000000000000000000e+00	0.000000000000000000e+00	0.000000000000000000e+00	0.000000000000000000e+00	0.000000000000000000e+00
0.000000000000000000e+00	0.000000000000000000e+00	0.000000000000000000e+00	0.000000000000000000e+00	0.000000000000000000e+00
0.000000000000000000e+00	0.000000000000000000e+00	0.000000000000000000e+00	0.000000000000000000e+00	0.000000000000000000e+00
0.000000000000000000e+00	0.000000000000000000e+00	0.000000000000000000e+00	0.000000000000000000e+00	0.000000000000000000e+00
0.000000000000000000e+00	0.000000000000000000e+00	0.000000000000000000e+00	0.000000000000000000e+00	0.000000000000000000e+00
0.000000000000000000e+00	0.000000000000000000e+00	0.000000000000000000e+00	0.000000000000000000e+00	0.000000000000000000e+00
0.000000000000000000e+00	0.000000000000000000e+00	0.000000000000000000e+00	0.000000000000000000e+00	0.000000000000000000e+00
0.000000000000000000e+00	0.000000000000000000e+00	0.000000000000000000e+00	0.000000000000000000e+00	0.000000000000000000e+00
0.000000000000000000e+00	0.000000000000000000e+00	0.000000000000000000e+00	0.000000000000000000e+00	0.000000000000000000e+00
0.000000000000000000e+00	0.000000000000000000e+00	0.000000000000000000e+00	0.000000000000000000e+00	0.000000000000000000e+00
0.000000000000000000e+00	0.000000000000000000e+00	0.000000000000000000e+00	0.000000000000000000e+00	0.000000000000000000e+00
0.000000000000000000e+00	0.000000000000000000e+00	0.000000000000000000e+00	0.000000000000000000e+00	0.000000000000000000e+00
0.000000000000000000e+00	0.000000000000000000e+00	0.000000000000000000e+00	0.000000000000000000e+00	0.000000000000000000e+00
0.000000000000000000e+00	0.000000000000000000e+00	0.000000000000000000e+00	0.000000000000000000e+00	0.000000000000000000e+00
0.000000000000000000e+00	0.000000000000000000e+00	0.000000000000000000e+00	0.000000000000000000e+00	0.000000000000000000e+00
0.000000000000000000e+00	0.000000000000000000e+00	0.000000000000000000e+00	0.000000000000000000e+00	0.000000000000000000e+00
0.000000000000000000e+00	0.000000000000000000e+00	0.000000000000000000e+00	0.000000000000000000e+00	0.000000000000000000e+00
0.000000000000000000e+00	0.000000000000000000e+00	0.000000000000000000e+00	0.000000000000000000e+00	0.000000000000000000e+00
0.000000000000000000e+00	0.000000000000000000e+00	0.000000000000000000e+00	0.000000000000000000e+00	0.000000000000000000e+00
0.000000000000000000e+00	0.000000000000000000e+00	0.000000000000000000e+00	0.000000000000000000e+00	0.000000000000000000e+00
0.000000000000000000e+00	0.000000000000000000e+00	0.000000000000000000e+00	0.000000000000000000e+00	0.000000000000000000e+00
0.000000000000000000e+00	0.000000000000000000e+00	0.000000000000000000e+00	0.000000000000000000e+00	0.000000000000000000e+00
0.000000000000000000e+00	0.000000000000000000e+00	0.000000000000000000e+00	0.000000000000000000e+00	0.000000000000000000e+00
0.000000000000000000e+00	0.000000000000000000e+00	0.000000000000000000e+00	0.000000000000000000e+00	0.000000000000000000e+00
0.000000000000000000e+00	0.000000000000000000e+00	0.000000000000000000e+00	0.000000000000000000e+00	0.000000000000000000e+00
0.000000000000000000e+00	0.000000000000000000e+00	0.000000000000000000e+00	0.000000000000000000e+00	0.000000000000000000e+00
0.000000000000000000e+00	0.000000000000000000e+00	0.000000000000000000e+00	0.000000000000000000e+00	0.000000000000000000e+00
0.000000000000000000e+00	0.000000000000000000e+00	0.000000000000000000e+00	0.000000000000000000e+00	0.000000000000000000e+00
0.000000000000000000e+00	0.000000000000000000e+00	0.000000000000000000e+00	0.000000000000000000e+00	0.000000000000000000e+00
0.000000000000000000e+00	0.000000000000000000e+00	0.000000000000000000e+00	0.000000000000000000e+00	0.000000000000000000e+00
0.000000000000000000e+00	0.000000000000000000e+00	0.000000000000000000e+00	0.000000000000000000e+00	0.000000000000000000e+00
0.000000000000000000e+00	0.000000000000000000e+00	0.000000000000000000e+00	0.000000000000000000e+00	0.000000000000000000e+00
0.000000000000000000e+00	0.000000000000000000e+00	0.000000000000000000e+00	0.000000000000000000e+00	0.000000000000000000e+00
0.000000000000000000e+00	0.000000000000000000e+00	0.000000000000000000e+00	0.000000000000000000e+00	0.000000000000000000e+00
0.000000000000000000e+00	0.000000000000000000e+00	0.000000000000000000e+00	0.000000000000000000e+00	0.000000000000000000e+00
0.000000000000000000e+00	0.000000000000000000e+00	0.000000000000000000e+00	0.000000000000000000e+00	0.000000000000000000e+00
0.000000000000000000e+00	0.000000000000000000e+00	0.000000000000000000e+00	0.000000000000000000e+00	0.000000000000000000e+00
0.000000000000000000e+00	0.000000000000000000e+00	0.000000000000000000e+00	0.000000000000000000e+00	0.000000000000000000e+00
0.000000000000000000e+00	0.000000000000000000e+00	0.000000000000000000e+00	0.000000000000000000e+00	0.000000000000000000e+00
0.000000000000000000e+00	0.000000000000000000e+00	0.000000000000000000e+00	0.000000000000000000e+00	0.000000000000000000e+00
0.000000000000000000e+00	0.000000000000000000e+00	0.000000000000000000e+00	0.000000000000000000e+00	0.000000000000000000e+00
0.000000000000000000e+00	0.000000000000000000e+00	0.000000000000000000e+00	0.000000000000000000e+00	0.000000000000000000e+00
0.000000000000000000e+00	0.000000000000000000e+00	0.000000000000000000e+00	0.000000000000000000e+00	0.000000000000000000e+00
0.000000000000000000e+00	0.000000000000000000e+00	0.000000000000000000e+00	0.000000000000000000e+00	0.000000000000000000e+00
0.000000000000000000e+00	0.000000000000000000e+00	0.000000000000000000e+00	0.000000000000000000e+00	0.000000000000000000e+00
0.000000000000000000e+00	0.000000000000000000e+00	0.000000000000000000e+00	0.000000000000000000e+00	0.000000000000000000e+00
0.000000000000000000e+00	0.000000000000000000e+00	0.000000000000000000e+00	0.000000000000000000e+00	0.000000000000000000e+00
0.000000000000000000e+00	0.000000000000000000e+00	0.000000000000000000e+00	0.000000000000000000e+00	0.000000000000000000e+00
0.000000000000000000e+00	0.000000000000000000e+00	0.000000000000000000e+00	0.000000000000000000e+00	0.000000000000000000e+00
0.000000000000000000e+00	0.000000000000000000e+00	0.000000000000000000e+00	0.000000000000000000e+00	0.000000000000000000e+00
0.000000000000000000e+00	0.000000000000000000e+00	0.000000000000000000e+00	0.000000000000000000e+00	0.000000000000000000e+00
0.000000000000000000e+00	0.000000000000000000e+00	0.000000000000000000e+00	0.000000000000000000e+00	0.000000000000000000e+00
0.000000000000000000e+00	0.000000000000000000e+00	0.000000000000000000e+00	0.000000000000000000e+00	0.000000000000000000e+00
0.000000000000000000e+00	0.000000000000000000e+00	0.000000000000000000e+00	0.000000000000000000e+00	0.000000000000000000e+00
0.000000000000000000e+00	0.000000000000000000e+00	0.000000000000000000e+00	0.000000000000000000e+00	0.000000000000000000e+00
0.000000000000000000e+00	0.000000000000000000e+00	0.000000000000000000e+00	0.000000000000000000e+00	0.000000000000000000e+00
0.000000000000000000e+00	0.000000000000000000e+00	0.000000000000000000e+00	0.000000000000000000e+00	0.000000000000000000e+00
0.000000000000000000e+00	0.000000000000000000e+00	0.000000000000000000e+00	0.000000000000000000e+00	0.000000000000000000e+00
0.000000000000000000e+00	0.000000000000000000e+00	0.000000000000000000e+00	0.000000000000000000e+00	0.000000000000000000e+00
0.000000000000000000e+00	0.000000000000000000e+00	0.000000000000000000e+00	0.000000000000000000e+00	0.000000000000000000e+00
0.000000000000000000e+00	0.000000000000000000e+00	0.000000000000000000e+00	0.000000000000000000e+00	0.000000000000000000e+00
0.000000000000000000e+00	0.000000000000000000e+00	0.000000000000000000e+00	0.000000000000000000e+00	0.000000000000000000e+00
0.000000000000000000e+00	0.000000000000000000e+00	0.000000000000000000e+00	0.000000000000000000e+00	0.000000000000000000e+00
0.000000000000000000e+00	0.000000000000000000e+00	0.000000000000000000e+00	0.000000000000000000e+00	0.000000000000000000e+00
0.000000000000000000e+00	0.000000000000000000e+00	0.000000000000000000e+00	0.000000000000000000e+00	0.000000000000000000e+00
0.000000000000000000e+00	0.000000000000000000e+00	0.000000000000000000e+00	0.000000000000000000e+00	0.000000000000000000e+00
0.000000000000000000e+00	0.000000000000000000e+00	0.000000000000000000e+00	0.000000000000000000e+00	0.000000000000000000e+00
0.000000000000000000e+00	0.000000000000000000e+00	0.000000000000000000e+00	0.000000000000000000e+00	0.000000000000000000e+00
0.000000000000000000e+00	0.000000000000000000e+00	0.000000000000000000e+00	0.000000000000000000e+00	0.000000000000000000e+00
0.000000000000000000e+00	0.000000000000000000e+00	0.000000000000000000e+00	0.000000000000000000e+00	0.000000000000000000e+00
0.000000000000000000e+00	0.000000000000000000e+00	0.000000000000000000e+00	0.000000000000000000e+00	0.000000000000000000e+00
0.000000000000000000e+00	0.000000000000000000e+00	0.000000000000000000e+00	0.000000000000000000e+00	0.000000000000000000e+00
0.000000000000000000e+00	0.000000000000000000e+00	0.000000000000000000e+00	0.000000000000000000e+00	0.000000000000000000e+00
0.000000000000000000e+00	0.000000000000000000e+00	0.000000000000000000e+00	0.000000000000000000e+00	0.000000000000000000e+00
0.000000000000000000e+00	0.000000000000000000e+00	0.000000000000000000e+00	0.000000000000000000e+00	0.000000000000000000e+00
0.000000000000000000e+00	0.000000000000000000e+00	0.000000000000000000e+00	0.000000000000000000e+00	0.000000000000000000e+00
0.000000000000000000e+00	0.000000000000000000e+00	0.000000000000000000e+00	0.000000000000000000e+00	0.000000000000000000e+00
0.000000000000000000e+00	0.000000000000000000e+00	0.000000000000000000e+00	0.000000000000000000e+00	0.000000000000000000e+00
0.000000000000000000e+00	0.000000000000000000e+00	0.000000000000000000e+00	0.000000000000000000e+00	0.000000000000000000e+00
0.000000000000000000e+00	0.000000000000000000e+00	0.000000000000000000e+00	0.000000000000000000e+00	0.000000000000000000e+00
0.000000000000000000e+00	0.000000000000000000e+00	0.000000000000000000e+00	0.000000000000000000e+00	0.000000000000000000e+00
0.000000000000000000e+00	0.000000000000000000e+00	0.000000000000000000e+00	0.000000000000000000e+00	0.000000000000000000e+00
0.000000000000000000e+00	0.000000000000000000e+00	0.000000000000000000e+00	0.000000000000000000e+00	0.000000000000000000e+00
0.000000000000000000e+00	0.000000000000000000e+00	0.000000000000000000e+00	0.000000000000000000e+00	0.000000000000000000e+00
0.000000000000000000e+00	0.000000000000000000e+00	0.000000000000000000e+00	0.000000000000000000e+00	0.000000000000000000e+00
0.000000000000000000e+00	0.000000000000000000e+00	0.000000000000000000e+00	0.000000000000000000e+00	0.000000000000000000e+00
0.000000000000000000e+00	0.000000000000000000e+00	0.000000000000000000e+00	0.000000000000000000e+00	0.000000000000000000e+00
0.000000000000000000e+00	0.000000000000000000e+00	0.000000000000000000e+00	0.000000000000000000e+00	0.000000000000000000e+00
0.000000000000000000e+00	0.000000000000000000e+00	0.000000000000000000e+00	0.000000000000000000e+00	0.000000000000000000e+00
0.000000000000000000e+00	0.000000000000000000e+00	0.000000000000000000e+00	0.000000000000000000e+00	0.000000000000000000e+00
0.000000000000000000e+00	0.000000000000000000e+00	0.000000000000000000e+00	0.000000000000000000e+00	0.000000000000000000e+00
0.000000000000000000e+00	0.000000000000000000e+00	0.000000000000000000e+00	0.000000000000000000e+00	0.000000000000000000e+00
0.000000000000000000e+00	0.000000000000000000e+00	0.000000000000000000e+00	0.000000000000000000e+00	0.000000000000000000e+00
0.000000000000000000e+00	0.000000000000000000e+00	0.000000000000000000e+00	0.000000000000000000e+00	0.000000000000000000e+00
0.000000000000000000e+00	0.000000000000000000e+00	0.000000000000000000e+00	0.000000000000000000e+00	0.000000000000000000e+00
0.000000000000000000e+00	0.000000000000000000e+00	0.000000000000000000e+00	0.000000000000000000e+00	0.000000000000000000e+00
0.000000000000000000e+00	0.000000000000000000e+00	0.000000000000000000e+00	0.000000000000000000e+00	0.000000000000000000e+00
0.000000000000000000e+00	0.000000000000000000e+00	0.000000000000000000e+00	0.000000000000000000e+00	0.000000000000000000e+00
0.000000000000000000e+00	0.000000000000000000e+00	0.000000000000000000e+00	0.000000000000000000e+00	0.000000000000000000e+00
0.000000000000000000e+00	0.000000000000000000e+00	0.000000000000000000e+00	0.000000000000000000e+00	0.000000000000000000e+00
0.000000000000000000e+00	0.000000000000000000e+00	0.000000000000000000e+00	0.000000000000000000e+00	0.000000000000000000e+00
0.000000000000000000e+00	0.000000000000000000e+00	0.000000000000000000e+00	0.000000000000000000e+00	0.000000000000000000e+00
0.000000000000000000e+00	0.000000000000000000e+00	0.000000000000000000e+00	0.000000000000000000e+00	0.000000000000000000e+00
0.000000000000000000e+00	0.000000000000000000e+00	0.000000000000000000e+00	0.000000000000000000e+00	0.000000000000000000e+00
0.000000000000000000e+00	0.000000000000000000e+00	0.000000000000000000e+00	0.000000000000000000e+00	0.000000000000000000e+00
0.000000000000000000e+00	0.000000000000000000e+00	0.000000000000000000e+00	0.000000000000000000e+00	0.000000000000000000e+00
0.000000000000000000e+00	0.000000000000000000e+00	0.000000000000000000e+00	0.000000000000000000e+00	0.000000000000000000e+00
0.000000000000000000e+00	0.000000000000000000e+00	0.000000000000000000e+00	0.000000000000000000e+00	0.000000000000000000e+00
0.000000000000000000e+00	0.000000000000000000e+00	0.000000000000000000e+00	0.000000000000000000e+00	0.000000000000000000e+00
0.000000000000000000e+00	0.000000000000000000e+00	0.000000000000000000e+00	0.000000000000000000e+00	0.000000000000000000e+00
0.000000000000000000e+00	0.000000000000000000e+00	0.000000000000000000e+00	0.000000000000000000e+00	0.000000000000000000e+00
0.000000000000000000e+00	0.000000000000000000e+00	0.000000000000000000e+00	0.000000000000000000e+00	0.000000000000000000e+00
0.000000000000000000e+00	0.000000000000000000e+00	0.000000000000000000e+00	0.000000000000000000e+00	0.000000000000000000e+00
0.000000000000000000e+00	0.000000000000000000e+00	0.000000000000000000e+00	0.000000000000000000e+00	0.000000000000000000e+00
0.000000000000000000e+00	0.000000000000000000e+00	0.000000000000000000e+00	0.000000000000000000e+00	0.000000000000000000e+00
0.000000000000000000e+00	0.000000000000000000e+00	0.000000000000000000e+00	0.000000000000000000e+00	0.000000000000000000e+00
0.000000000000000000e+00	0.000000000000000000e+00	0.000000000000000000e+00	0.000000000000000000e+00	0.000000000000000000e+00
0.000000000000000000e+00	0.000000000000000000e+00	0.000000000000000000e+00	0.000000000000000000e+00	0.000000000000000000e+00
0.000000000000000000e+00	0.000000000000000000e+00	0.000000000000000000e+00	0.000000000000000000e+00	0.000000000000000000e+00
0.000000000000000000e+00	0.000000000000000000e+00	0.000000000000000000e+00	0.000000000000000000e+00	0.000000000000000000e+00
0.000000000000000000e+00	0.000000000000000000e+00	0.000000000000000000e+00	0.000000000000000000e+00	0.000000000000000000e+00
0.000000000000000000e+00	0.000000000000000000e+00	0.000000000000000000e+00	0.000000000000000000e+00	0.000000000000000000e+00
0.000000000000000000e+00	0.000000000000000000e+00	0.000000000000000000e+00	0.000000000000000000e+00	0.000000000000000000e+00
0.000000000000000000e+00	0.000000000000000000e+00	0.000000000000000000e+00	0.000000000000000000e+00	0.000000000000000000e+00
0.000000000000000000e+00	0.000000000000000000e+00	0.000000000000000000e+00	0.000000000000000000e+00	0.000000000000000000e+00
0.000000000000000000e+00	0.000000000000000000e+00	0.000000000000000000e+00	0.000000000000000000e+00	0.000000000000000000e+00
0.000000000000000000e+00	0.000000000000000000e+00	0.000000000000000000e+00	0.000000000000000000e+00	0.000000000000000000e+00
0.000000000000000000e+00	0.000000000000000000e+00	0.000000000000000000e+00	0.000000000000000000e+00	0.000000000000000000e+00
0.000000000000000000e+00	0.000000000000000000e+00	0.000000000000000000e+00	0.000000000000000000e+00	0.000000000000000000e+00
0.000000000000000000e+00	0.000000000000000000e+00	0.000000000000000000e+00	0.000000000000000000e+00	0.000000000000000000e+00
0.000000000000000000e+00	0.000000000000000000e+00	0.000000000000000000e+00	0.000000000000000000e+00	0.000000000000000000e+00
0.000000000000000000e+00	0.000000000000000000e+00	0.000000000000000000e+00	0.000000000000000000e+00	0.000000000000000000e+00
0.000000000000000000e+00	0.000000000000000000e+00	0.000000000000000000e+00	0.000000000000000000e+00	0.000000000000000000e+00
0.000000000000000000e+00	0.000000000000000000e+00	0.000000000000000000e+00	0.000000000000000000e+00	0.000000000000000000e+00
0.000000000000000000e+00	0.000000000000000000e+00	0.000000000000000000e+00	0.000000000000000000e+00	0.000000000000000000e+00
0.000000000000000000e+00	0.000000000000000000e+00	0.000000000000000000e+00	0.000000000000000000e+00	0.000000000000000000e+00
0.000000000000000000e+00	0.000000000000000000e+00	0.000000000000000000e+00	0.000000000000000000e+00	0.000000000000000000e+00
0.000000000000000000e+00	0.000000000000000000e+00	0.000000000000000000e+00	0.000000000000000000e+00	0.000000000000000000e+00
0.000000000000000000e+00	0.000000000000000000e+00	0.000000000000000000e+00	0.000000000000000000e+00	0.000000000000000000e+00
0.000000000000000000e+00	0.000000000000000000e+00	0.000000000000000000e+00	0.000000000000000000e+00	0.000000000000000000e+00
0.000000000000000000e+00	0.000000000000000000e+00	0.000000000000000000e+00	0.000000000000000000e+00	0.000000000000000000e+00
0.000000000000000000e+00	0.000000000000000000e+00	0.000000000000000000e+00	0.000000000000000000e+00	0.000000000000000000e+00
0.000000000000000000e+00	0.000000000000000000e+00	0.000000000000000000e+00	0.000000000000000000e+00	0.000000000000000000e+00
0.000000000000000000e+00	0.000000000000000000e+00	0.000000000000000000e+00	0.000000000000000000e+00	0.000000000000000000e+00
0.000000000000000000e+00	0.000000000000000000e+00	0.000000000000000000e+00	0.000000000000000000e+00	0.000000000000000000e+00
0.000000000000000000e+00	0.000000000000000000e+00	0.000000000000000000e+00	0.000000000000000000e+00	0.000000000000000000e+00
0.000000000000000000e+00	0.000000000000000000e+00	0.000000000000000000e+00	0.000000000000000000e+00	0.000000000000000000e+00
0.000000000000000000e+00	0.000000000000000000e+00	0.000000000000000000e+00	0.000000000000000000e+00	0.000000000000000000e+00
0.000000000000000000e+00	0.000000000000000000e+00	0.000000000000000000e+00	0.000000000000000000e+00	0.000000000000000000e+00
0.000000000000000000e+00	0.000000000000000000e+00	0.000000000000000000e+00	0.000000000000000000e+00	0.000000000000000000e+00
0.000000000000000000e+00	0.000000000000000000e+00	0.000000000000000000e+00	0.000000000000000000e+00	0.000000000000000000e+00
0.000000000000000000e+00	0.000000000000000000e+00	0.000000000000000000e+00	0.000000000000000000e+00	0.000000000000000000e+00
0.000000000000000000e+00	0.000000000000000000e+00	0.000000000000000000e+00	0.000000000000000000e+00	0.000000000000000000e+00
0.000000000000000000e+00	0.000000000000000000e+00	0.000000000000000000e+00	0.000000000000000000e+00	0.000000000000000000e+00
0.000000000000000000e+00	0.000000000000000000e+00	0.000000000000000000e+00	0.000000000000000000e+00	0.000000000000000000e+00
0.000000000000000000e+00	0.000000000000000000e+00	0.000000000000000000e+00	0.000000000000000000e+00	0.000000000000000000e+00
0.000000000000000000e+00	0.000000000000000000e+00	0.000000000000000000e+00	0.000000000000000000e+00	0.000000000000000000e+00
0.000000000000000000e+00	0.000000000000000000e+00	0.000000000000000000e+00	0.000000000000000000e+00	0.000000000000000000e+00
0.000000000000000000e+00	0.000000000000000000e+00	0.000000000000000000e+00	0.000000000000000000e+00	0.000000000000000000e+00
0.000000000000000000e+00	0.000000000000000000e+00	0.000000000000000000e+00	0.000000000000000000e+00	0.000000000000000000e+00
0.000000000000000000e+00	0.000000000000000000e+00	0.000000000000000000e+00	0.000000000000000000e+00	0.000000000000000000e+00
0.000000000000000000e+00	0.000000000000000000e+00	0.000000000000000000e+00	0.000000000000000000e+00	0.000000000000000000e+00
0.000000000000000000e+00	0.000000000000000000e+00	0.000000000000000000e+00	0.000000000000000000e+00	0.000000000000000000e+00
0.000000000000000000e+00	0.000000000000000000e+00	0.000000000000000000e+00	0.000000000000000000e+00	0.000000000000000000e+00
0.000000000000000000e+00	0.000000000000000000e+00	0.000000000000000000e+00	0.000000000000000000e+00	0.000000000000000000e+00
0.000000000000000000e+00	0.000000000000000000e+00	0.000000000000000000e+00	0.000000000000000000e+00	0.000000000000000000e+00
0.000000000000000000e+00	0.000000000000000000e+00	0.000000000000000000e+00	0.000000000000000000e+00	0.000000000000000000e+00
0.000000000000000000e+00	0.000000000000000000e+00	0.000000000000000000e+00	0.000000000000000000e+00	0.000000000000000000e+00
0.000000000000000000e+00	0.000000000000000000e+00	0.000000000000000000e+00	0.000000000000000000e+00	0.000000000000000000e+00
0.000000000000000000e+00	0.000000000000000000e+00	0.000000000000000000e+00	0.000000000000000000e+00	0.000000000000000000e+00
0.000000000000000000e+00	0.000000000000000000e+00	0.000000000000000000e+00	0.000000000000000000e+00	0.000000000000000000e+00
0.000000000000000000e+00	0.000000000000000000e+00	0.000000000000000000e+00	0.000000000000000000e+00	0.000000000000000000e+00
0.000000000000000000e+00	0.000000000000000000e+00	0.000000000000000000e+00	0.000000000000000000e+00	0.000000000000000000e+00
0.000000000000000000e+00	0.000000000000000000e+00	0.000000000000000000e+00	0.000000000000000000e+00	0.000000000000000000e+00
0.000000000000000000e+00	0.000000000000000000e+00	0.000000000000000000e+00	0.000000000000000000e+00	0.000000000000000000e+00
0.000000000000000000e+00	0.000000000000000000e+00	0.000000000000000000e+00	0.000000000000000000e+00	0.000000000000000000e+00
0.000000000000000000e+00	0.000000000000000000e+00	0.000000000000000000e+00	0.000000000000000000e+00	0.000000000000000000e+00
0.000000000000000000e+00	0.000000000000000000e+00	0.000000000000000000e+00	0.000000000000000000e+00	0.000000000000000000e+00
0.000000000000000000e+00	0.000000000000000000e+00	0.000000000000000000e+00	0.000000000000000000e+00	0.000000000000000000e+00
0.000000000000000000e+00	0.000000000000000000e+00	0.000000000000000000e+00	0.000000000000000000e+00	0.000000000000000000e+00
0.000000000000000000e+00	0.000000000000000000e+00	0.000000000000000000e+00	0.000000000000000000e+00	0.000000000000000000e+00
0.000000000000000000e+00	0.000000000000000000e+00	0.000000000000000000e+00	0.000000000000000000e+00	0.000000000000000000e+00
0.000000000000000000e+00	0.000000000000000000e+00	0.000000000000000000e+00	0.000000000000000000e+00	0.000000000000000000e+00
0.000000000000000000e+00	0.000000000000000000e+00	0.000000000000000000e+00	0.000000000000000000e+00	0.000000000000000000e+00
0.000000000000000000e+00	0.000000000000000000e+00	0.000000000000000000e+00	0.000000000000000000e+00	0.000000000000000000e+00
0.000000000000000000e+00	0.000000000000000000e+00	0.000000000000000000e+00	0.000000000000000000e+00	0.000000000000000000e+00
0.000000000000000000e+00	0.000000000000000000e+00	0.000000000000000000e+00	0.000000000000000000e+00	0.000000000000000000e+00
0.000000000000000000e+00	0.000000000000000000e+00	0.000000000000000000e+00	0.000000000000000000e+00	0.000000000000000000e+00
0.000000000000000000e+00	0.000000000000000000e+00	0.000000000000000000e+00	0.000000000000000000e+00	0.000000000000000000e+00
0.000000000000000000e+00	0.000000000000000000e+00	0.000000000000000000e+00	0.000000000000000000e+00	0.000000000000000000e+00
0.000000000000000000e+00	0.000000000000000000e+00	0.000000000000000000e+00	0.000000000000000000e+00	0.000000000000000000e+00
0.000000000000000000e+00	0.000000000000000000e+00	0.000000000000000000e+00	0.000000000000000000e+00	0.000000000000000000e+00
0.000000000000000000e+00	0.000000000000000000e+00	0.000000000000000000e+00	0.000000000000000000e+00	0.000000000000000000e+00
0.000000000000000000e+00	0.000000000000000000e+00	0.000000000000000000e+00	0.000000000000000000e+00	0.000000000000000000e+00
0.000000000000000000e+00	0.000000000000000000e+00	0.000000000000000000e+00	0.000000000000000000e+00	0.000000000000000000e+00
0.000000000000000000e+00	0.000000000000000000e+00	0.000000000000000000e+00	0.000000000000000000e+00	0.000000000000000000e+00
0.000000000000000000e+00	0.000000000000000000e+00	0.000000000000000000e+00	0.000000000000000000e+00	0.000000000000000000e+00
0.000000000000000000e+00	0.000000000000000000e+00	0.000000000000000000e+00	0.000000000000000000e+00	0.000000000000000000e+00
0.000000000000000000e+00	0.000000000000000000e+00	0.000000000000000000e+00	0.000000000000000000e+00	0.000000000000000000e+00
0.000000000000000000e+00	0.000000000000000000e+00	0.000000000000000000e+00	0.000000000000000000e+00	0.000000000000000000e+00
0.000000000000000000e+00	0.000000000000000000e+00	0.000000000000000000e+00	0.000000000000000000e+00	0.000000000000000000e+00
0.000000000000000000e+00	0.000000000000000000e+00	0.000000000000000000e+00	0.000000000000000000e+00	0.000000000000000000e+00
0.000000000000000000e+00	0.000000000000000000e+00	0.000000000000000000e+00	0.000000000000000000e+00	0.000000000000000000e+00
0.000000000000000000e+00	0.000000000000000000e+00	0.000000000000000000e+00	0.000000000000000000e+00	0.000000000000000000e+00
0.000000000000000000e+00	0.000000000000000000e+00	0.000000000000000000e+00	0.000000000000000000e+00	0.000000000000000000e+00
0.000000000000000000e+00	0.000000000000000000e+00	0.000000000000000000e+00	0.000000000000000000e+00	0.000000000000000000e+00
0.000000000000000000e+00	0.000000000000000000e+00	0.000000000000000000e+00	0.000000000000000000e+00	0.000000000000000000e+00
0.000000000000000000e+00	0.000000000000000000e+00	0.000000000000000000e+00	0.000000000000000000e+00	0.000000000000000000e+00
0.000000000000000000e+00	0.000000000000000000e+00	0.000000000000000000e+00	0.000000000000000000e+00	0.000000000000000000e+00
0.000000000000000000e+00	0.000000000000000000e+00	0.000000000000000000e+00	0.000000000000000000e+00	0.000000000000000000e+00
0.000000000000000000e+00	0.000000000000000000e+00	0.000000000000000000e+00	0.000000000000000000e+00	0.000000000000000000e+00
0.000000000000000000e+00	0.000000000000000000e+00	0.000000000000000000e+00	0.000000000000000000e+00	0.000000000000000000e+00
0.000000000000000000e+00	0.000000000000000000e+00	0.000000000000000000e+00	0.000000000000000000e+00	0.000000000000000000e+00
0.000000000000000000e+00	0.000000000000000000e+00	0.000000000000000000e+00	0.000000000000000000e+00	0.000000000000000000e+00
0.000000000000000000e+00	0.000000000000000000e+00	0.000000000000000000e+00	0.000000000000000000e+00	0.000000000000000000e+00
0.000000000000000000e+00	0.000000000000000000e+00	0.000000000000000000e+00	0.000000000000000000e+00	0.000000000000000000e+00
0.000000000000000000e+00	0.000000000000000000e+00	0.000000000000000000e+00	0.000000000000000000e+00	0.000000000000000000e+00
0.000000000000000000e+00	0.000000000000000000e+00	0.000000000000000000e+00	0.000000000000000000e+00	0.000000000000000000e+00
0.000000000000000000e+00	0.000000000000000000e+00	0.000000000000000000e+00	0.000000000000000000e+00	0.000000000000000000e+00
0.000000000000000000e+00	0.000000000000000000e+00	0.000000000000000000e+00	0.000000000000000000e+00	0.000000000000000000e+00
0.000000000000000000e+00	0.000000000000000000e+00	0.000000000000000000e+00	0.000000000000000000e+00	0.000000000000000000e+00
0.000000000000000000e+00	0.000000000000000000e+00	0.000000000000000000e+00	0.000000000000000000e+00	0.000000000000000000e+00
0.000000000000000000e+00	0.000000000000000000e+00	0.000000000000000000e+00	0.000000000000000000e+00	0.000000000000000000e+00
0.000000000000000000e+00	0.000000000000000000e+00	0.000000000000000000e+00	0.000000000000000000e+00	0.000000000000000000e+00
0.000000000000000000e+00	0.000000000000000000e+00	0.000000000000000000e+00	0.000000000000000000e+00	0.000000000000000000e+00
0.000000000000000000e+00	0.000000000000000000e+00	0.000000000000000000e+00	0.000000000000000000e+00	0.000000000000000000e+00
0.000000000000000000e+00	0.000000000000000000e+00	0.000000000000000000e+00	0.000000000000000000e+00	0.000000000000000000e+00
0.000000000000000000e+00	0.000000000000000000e+00	0.000000000000000000e+00	0.000000000000000000e+00	0.000000000000000000e+00
0.000000000000000000e+00	0.000000000000000000e+00	0.000000000000000000e+00	0.000000000000000000e+00	0.000000000000000000e+00
0.000000000000000000e+00	0.000000000000000000e+00	0.000000000000000000e+00	0.000000000000000000e+00	0.000000000000000000e+00
0.000000000000000000e+00	0.000000000000000000e+00	0.000000000000000000e+00	0.000000000000000000e+00	0.000000000000000000e+00
0.000000000000000000e+00	0.000000000000000000e+00	0.000000000000000000e+00	0.000000000000000000e+00	0.000000000000000000e+00
0.000000000000000000e+00	0.000000000000000000e+00	0.000000000000000000e+00	0.000000000000000000e+00	0.000000000000000000e+00
0.000000000000000000e+00	0.000000000000000000e+00	0.000000000000000000e+00	0.000000000000000000e+00	0.000000000000000000e+00
0.000000000000000000e+00	0.000000000000000000e+00	0.000000000000000000e+00	0.000000000000000000e+00	0.000000000000000000e+00
0.000000000000000000e+00	0.000000000000000000e+00	0.000000000000000000e+00	0.000000000000000000e+00	0.000000000000000000e+00
0.000000000000000000e+00	0.000000000000000000e+00	0.000000000000000000e+00	0.000000000000000000e+00	0.000000000000000000e+00
0.000000000000000000e+00	0.000000000000000000e+00	0.000000000000000000e+00	0.000000000000000000e+00	0.000000000000000000e+00
0.000000000000000000e+00	0.000000000000000000e+00	0.000000000000000000e+00	0.000000000000000000e+00	0.000000000000000000e+00
0.000000000000000000e+00	0.000000000000000000e+00	0.000000000000000000e+00	0.000000000000000000e+00	0.000000000000000000e+00
0.000000000000000000e+00	0.000000000000000000e+00	0.000000000000000000e+00	0.000000000000000000e+00	0.000000000000000000e+00
0.000000000000000000e+00	0.000000000000000000e+00	0.000000000000000000e+00	0.000000000000000000e+00	0.000000000000000000e+00
0.000000000000000000e+00	0.000000000000000000e+00	0.000000000000000000e+00	0.000000000000000000e+00	0.000000000000000000e+00
0.000000000000000000e+00	0.000000000000000000e+00	0.000000000000000000e+00	0.000000000000000000e+00	0.000000000000000000e+00
0.000000000000000000e+00	0.000000000000000000e+00	0.000000000000000000e+00	0.000000000000000000e+00	0.000000000000000000e+00
0.000000000000000000e+00	0.000000000000000000e+00	0.000000000000000000e+00	0.000000000000000000e+00	0.000000000000000000e+00
0.000000000000000000e+00	0.000000000000000000e+00	0.000000000000000000e+00	0.000000000000000000e+00	0.000000000000000000e+00
0.000000000000000000e+00	0.000000000000000000e+00	0.000000000000000000e+00	0.000000000000000000e+00	0.000000000000000000e+00
0.000000000000000000e+00	0.000000000000000000e+00	0.000000000000000000e+00	0.000000000000000000e+00	0.000000000000000000e+00
0.000000000000000000e+00	0.000000000000000000e+00	0.000000000000000000e+00	0.000000000000000000e+00	0.000000000000000000e+00
0.000000000000000000e+00	0.000000000000000000e+00	0.000000000000000000e+00	0.000000000000000000e+00	0.000000000000000000e+00
0.000000000000000000e+00	0.000000000000000000e+00	0.000000000000000000e+00	0.000000000000000000e+00	0.000000000000000000e+00
0.000000000000000000e+00	0.000000000000000000e+00	0.000000000000000000e+00	0.000000000000000000e+00	0.000000000000000000e+00
0.000000000000000000e+00	0.000000000000000000e+00	0.000000000000000000e+00	0.000000000000000000e+00	0.000000000000000000e+00
0.000000000000000000e+00	0.000000000000000000e+00	0.000000000000000000e+00	0.000000000000000000e+00	0.000000000000000000e+00
0.000000000000000000e+00	0.000000000000000000e+00	0.000000000000000000e+00	0.000000000000000000e+00	0.000000000000000000e+00
0.000000000000000000e+00	0.000000000000000000e+00	0.000000000000000000e+00	0.000000000000000000e+00	0.000000000000000000e+00
0.000000000000000000e+00	0.000000000000000000e+00	0.000000000000000000e+00	0.000000000000000000e+00	0.000000000000000000e+00
0.000000000000000000e+00	0.000000000000000000e+00	0.000000000000000000e+00	0.000000000000000000e+00	0.000000000000000000e+00
0.000000000000000000e+00	0.000000000000000000e+00	0.000000000000000000e+00	0.000000000000000000e+00	0.000000000000000000e+00
0.000000000000000000e+00	0.000000000000000000e+00	0.000000000000000000e+00	0.000000000000000000e+00	0.000000000000000000e+00
0.000000000000000000e+00	0.000000000000000000e+00	0.000000000000000000e+00	0.000000000000000000e+00	0.000000000000000000e+00
0.000000000000000000e+00	0.000000000000000000e+00	0.000000000000000000e+00	0.000000000000000000e+00	0.000000000000000000e+00
0.000000000000000000e+00	0.000000000000000000e+00	0.000000000000000000e+00	0.000000000000000000e+00	0.000000000000000000e+00
0.000000000000000000e+00	0.000000000000000000e+00	0.000000000000000000e+00	0.000000000000000000e+00	0.000000000000000000e+00
0.000000000000000000e+00	0.000000000000000000e+00	0.000000000000000000e+00	0.000000000000000000e+00	0.000000000000000000e+00
0.000000000000000000e+00	0.000000000000000000e+00	0.000000000000000000e+00	0.000000000000000000e+00	0.000000000000000000e+00
0.000000000000000000e+00	0.000000000000000000e+00	0.000000000000000000e+00	0.000000000000000000e+00	0.000000000000000000e+00
0.000000000000000000e+00	0.000000000000000000e+00	0.000000000000000000e+00	0.000000000000000000e+00	0.000000000000000000e+00
0.000000000000000000e+00	0.000000000000000000e+00	0.000000000000000000e+00	0.000000000000000000e+00	0.000000000000000000e+00
0.000000000000000000e+00	0.000000000000000000e+00	0.000000000000000000e+00	0.000000000000000000e+00	0.000000000000000000e+00
0.000000000000000000e+00	0.000000000000000000e+00	0.000000000000000000e+00	0.000000000000000000e+00	0.000000000000000000e+00
0.000000000000000000e+00	0.000000000000000000e+00	0.000000000000000000e+00	0.000000000000000000e+00	0.000000000000000000e+00
0.000000000000000000e+00	0.000000000000000000e+00	0.000000000000000000e+00	0.000000000000000000e+00	0.000000000000000000e+00
0.000000000000000000e+00	0.000000000000000000e+00	0.000000000000000000e+00	0.000000000000000000e+00	0.000000000000000000e+00
0.000000000000000000e+00	0.000000000000000000e+00	0.000000000000000000e+00	0.000000000000000000e+00	0.000000000000000000e+00
0.000000000000000000e+00	0.000000000000000000e+00	0.000000000000000000e+00	0.000000000000000000e+00	0.000000000000000000e+00
0.000000000000000000e+00	0.000000000000000000e+00	0.000000000000000000e+00	0.000000000000000000e+00	0.000000000000000000e+00
0.000000000000000000e+00	0.000000000000000000e+00	0.000000000000000000e+00	0.000000000000000000e+00	0.000000000000000000e+00
0.000000000000000000e+00	0.000000000000000000e+00	0.000000000000000000e+00	0.000000000000000000e+00	0.000000000000000000e+00
0.000000000000000000e+00	0.000000000000000000e+00	0.000000000000000000e+00	0.000000000000000000e+00	0.000000000000000000e+00
0.000000000000000000e+00	0.000000000000000000e+00	0.000000000000000000e+00	0.000000000000000000e+00	0.000000000000000000e+00
0.000000000000000000e+00	0.000000000000000000e+00	0.000000000000000000e+00	0.000000000000000000e+00	0.000000000000000000e+00
0.000000000000000000e+00	0.000000000000000000e+00	0.000000000000000000e+00	0.000000000000000000e+00	0.000000000000000000e+00
0.000000000000000000e+00	0.000000000000000000e+00	0.000000000000000000e+00	0.000000000000000000e+00	0.000000000000000000e+00
0.000000000000000000e+00	0.000000000000000000e+00	0.000000000000000000e+00	0.000000000000000000e+00	0.000000000000000000e+00
0.000000000000000000e+00	0.000000000000000000e+00	0.000000000000000000e+00	0.000000000000000000e+00	0.000000000000000000e+00
0.000000000000000000e+00	0.000000000000000000e+00	0.000000000000000000e+00	0.000000000000000000e+00	0.000000000000000000e+00
0.000000000000000000e+00	0.000000000000000000e+00	0.000000000000000000e+00	0.000000000000000000e+00	0.000000000000000000e+00
0.000000000000000000e+00	0.000000000000000000e+00	0.000000000000000000e+00	0.000000000000000000e+00	0.000000000000000000e+00
0.000000000000000000e+00	0.000000000000000000e+00	0.000000000000000000e+00	0.000000000000000000e+00	0.000000000000000000e+00
0.000000000000000000e+00	0.000000000000000000e+00	0.000000000000000000e+00	0.000000000000000000e+00	0.000000000000000000e+00
0.000000000000000000e+00	0.000000000000000000e+00	0.000000000000000000e+00	0.000000000000000000e+00	0.000000000000000000e+00
0.000000000000000000e+00	0.000000000000000000e+00	0.000000000000000000e+00	0.000000000000000000e+00	0.000000000000000000e+00
0.000000000000000000e+00	0.000000000000000000e+00	0.000000000000000000e+00	0.000000000000000000e+00	0.000000000000000000e+00
0.000000000000000000e+00	0.000000000000000000e+00	0.000000000000000000e+00	0.000000000000000000e+00	0.000000000000000000e+00
0.000000000000000000e+00	0.000000000000000000e+00	0.000000000000000000e+00	0.000000000000000000e+00	0.000000000000000000e+00
0.000000000000000000e+00	0.000000000000000000e+00	0.000000000000000000e+00	0.000000000000000000e+00	0.000000000000000000e+00
0.000000000000000000e+00	0.000000000000000000e+00	0.000000000000000000e+00	0.000000000000000000e+00	0.000000000000000000e+00
0.000000000000000000e+00	0.000000000000000000e+00	0.000000000000000000e+00	0.000000000000000000e+00	0.000000000000000000e+00
0.000000000000000000e+00	0.000000000000000000e+00	0.000000000000000000e+00	0.000000000000000000e+00	0.000000000000000000e+00
0.000000000000000000e+00	0.000000000000000000e+00	0.000000000000000000e+00	0.000000000000000000e+00	0.000000000000000000e+00
0.000000000000000000e+00	0.000000000000000000e+00	0.000000000000000000e+00	0.000000000000000000e+00	0.000000000000000000e+00
0.000000000000000000e+00	0.000000000000000000e+00	0.000000000000000000e+00	0.000000000000000000e+00	0.000000000000000000e+00
0.000000000000000000e+00	0.000000000000000000e+00	0.000000000000000000e+00	0.000000000000000000e+00	0.000000000000000000e+00
0.000000000000000000e+00	0.000000000000000000e+00	0.000000000000000000e+00	0.000000000000000000e+00	0.000000000000000000e+00
0.000000000000000000e+00	0.000000000000000000e+00	0.000000000000000000e+00	0.000000000000000000e+00	0.000000000000000000e+00
0.000000000000000000e+00	0.000000000000000000e+00	0.000000000000000000e+00	0.000000000000000000e+00	0.000000000000000000e+00
0.000000000000000000e+00	0.000000000000000000e+00	0.000000000000000000e+00	0.000000000000000000e+00	0.000000000000000000e+00
0.000000000000000000e+00	0.000000000000000000e+00	0.000000000000000000e+00	0.000000000000000000e+00	0.000000000000000000e+00
0.000000000000000000e+00	0.000000000000000000e+00	0.000000000000000000e+00	0.000000000000000000e+00	0.000000000000000000e+00
0.000000000000000000e+00	0.000000000000000000e+00	0.000000000000000000e+00	0.000000000000000000e+00	0.000000000000000000e+00
0.000000000000000000e+00	0.000000000000000000e+00	0.000000000000000000e+00	0.000000000000000000e+00	0.000000000000000000e+00
0.000000000000000000e+00	0.000000000000000000e+00	0.000000000000000000e+00	0.000000000000000000e+00	0.000000000000000000e+00
0.000000000000000000e+00	0.000000000000000000e+00	0.000000000000000000e+00	0.000000000000000000e+00	0.000000000000000000e+00
0.000000000000000000e+00	0.000000000000000000e+00	0.000000000000000000e+00	0.000000000000000000e+00	0.000000000000000000e+00
0.000000000000000000e+00	0.000000000000000000e+00	0.000000000000000000e+00	0.000000000000000000e+00	0.000000000000000000e+00
0.000000000000000000e+00	0.000000000000000000e+00	0.000000000000000000e+00	0.000000000000000000e+00	0.000000000000000000e+00
0.000000000000000000e+00	0.000000000000000000e+00	0.000000000000000000e+00	0.000000000000000000e+00	0.000000000000000000e+00
0.000000000000000000e+00	0.000000000000000000e+00	0.000000000000000000e+00	0.000000000000000000e+00	0.000000000000000000e+00
0.000000000000000000e+00	0.000000000000000000e+00	0.000000000000000000e+00	0.000000000000000000e+00	0.000000000000000000e+00
0.000000000000000000e+00	0.000000000000000000e+00	0.000000000000000000e+00	0.000000000000000000e+00	0.000000000000000000e+00
0.000000000000000000e+00	0.000000000000000000e+00	0.000000000000000000e+00	0.000000000000000000e+00	0.000000000000000000e+00
0.000000000000000000e+00	0.000000000000000000e+00	0.000000000000000000e+00	0.000000000000000000e+00	0.000000000000000000e+00
0.000000000000000000e+00	0.000000000000000000e+00	0.000000000000000000e+00	0.000000000000000000e+00	0.000000000000000000e+00
0.000000000000000000e+00	0.000000000000000000e+00	0.000000000000000000e+00	0.000000000000000000e+00	0.000000000000000000e+00
0.000000000000000000e+00	0.000000000000000000e+00	0.000000000000000000e+00	0.000000000000000000e+00	0.000000000000000000e+00
0.000000000000000000e+00	0.000000000000000000e+00	0.000000000000000000e+00	0.000000000000000000e+00	0.000000000000000000e+00
0.000000000000000000e+00	0.000000000000000000e+00	0.000000000000000000e+00	0.000000000000000000e+00	0.000000000000000000e+00
0.000000000000000000e+00	0.000000000000000000e+00	0.000000000000000000e+00	0.000000000000000000e+00	0.000000000000000000e+00
0.000000000000000000e+00	0.000000000000000000e+00	0.000000000000000000e+00	0.000000000000000000e+00	0.000000000000000000e+00
0.000000000000000000e+00	0.000000000000000000e+00	0.000000000000000000e+00	0.000000000000000000e+00	0.000000000000000000e+00
0.000000000000000000e+00	0.000000000000000000e+00	0.000000000000000000e+00	0.000000000000000000e+00	0.000000000000000000e+00
0.000000000000000000e+00	0.000000000000000000e+00	0.000000000000000000e+00	0.000000000000000000e+00	0.000000000000000000e+00
0.000000000000000000e+00	0.000000000000000000e+00	0.000000000000000000e+00	0.000000000000000000e+00	0.000000000000000000e+00
0.000000000000000000e+00	0.000000000000000000e+00	0.000000000000000000e+00	0.000000000000000000e+00	0.000000000000000000e+00
0.000000000000000000e+00	0.000000000000000000e+00	0.000000000000000000e+00	0.000000000000000000e+00	0.000000000000000000e+00
0.000000000000000000e+00	0.000000000000000000e+00	0.000000000000000000e+00	0.000000000000000000e+00	0.000000000000000000e+00
0.000000000000000000e+00	0.000000000000000000e+00	0.000000000000000000e+00	0.000000000000000000e+00	0.000000000000000000e+00
0.000000000000000000e+00	0.000000000000000000e+00	0.000000000000000000e+00	0.000000000000000000e+00	0.000000000000000000e+00
0.000000000000000000e+00	0.000000000000000000e+00	0.000000000000000000e+00	0.000000000000000000e+00	0.000000000000000000e+00
0.000000000000000000e+00	0.000000000000000000e+00	0.000000000000000000e+00	0.000000000000000000e+00	0.000000000000000000e+00
0.000000000000000000e+00	0.000000000000000000e+00	0.000000000000000000e+00	0.000000000000000000e+00	0.000000000000000000e+00
0.000000000000000000e+00	0.000000000000000000e+00	0.000000000000000000e+00	0.000000000000000000e+00	0.000000000000000000e+00
0.000000000000000000e+00	0.000000000000000000e+00	0.000000000000000000e+00	0.000000000000000000e+00	0.000000000000000000e+00
0.000000000000000000e+00	0.000000000000000000e+00	0.000000000000000000e+00	0.000000000000000000e+00	0.000000000000000000e+00
0.000000000000000000e+00	0.000000000000000000e+00	0.000000000000000000e+00	0.000000000000000000e+00	0.000000000000000000e+00
0.000000000000000000e+00	0.000000000000000000e+00	0.000000000000000000e+00	0.000000000000000000e+00	0.000000000000000000e+00
0.000000000000000000e+00	0.000000000000000000e+00	0.000000000000000000e+00	0.000000000000000000e+00	0.000000000000000000e+00
0.000000000000000000e+00	0.000000000000000000e+00	0.000000000000000000e+00	0.000000000000000000e+00	0.000000000000000000e+00
0.000000000000000000e+00	0.000000000000000000e+00	0.000000000000000000e+00	0.000000000000000000e+00	0.000000000000000000e+00
0.000000000000000000e+00	0.000000000000000000e+00	0.000000000000000000e+00	0.000000000000000000e+00	0.000000000000000000e+00
0.000000000000000000e+00	0.000000000000000000e+00	0.000000000000000000e+00	0.000000000000000000e+00	0.000000000000000000e+00
0.000000000000000000e+00	0.000000000000000000e+00	0.000000000000000000e+00	0.000000000000000000e+00	0.000000000000000000e+00
0.000000000000000000e+00	0.000000000000000000e+00	0.000000000000000000e+00	0.000000000000000000e+00	0.000000000000000000e+00
0.000000000000000000e+00	0.000000000000000000e+00	0.000000000000000000e+00	0.000000000000000000e+00	0.000000000000000000e+00
0.000000000000000000e+00	0.000000000000000000e+00	0.000000000000000000e+00	0.000000000000000000e+00	0.000000000000000000e+00
0.000000000000000000e+00	0.000000000000000000e+00	0.000000000000000000e+00	0.000000000000000000e+00	0.000000000000000000e+00
0.000000000000000000e+00	0.000000000000000000e+00	0.000000000000000000e+00	0.000000000000000000e+00	0.000000000000000000e+00
0.000000000000000000e+00	0.000000000000000000e+00	0.000000000000000000e+00	0.000000000000000000e+00	0.000000000000000000e+00
0.000000000000000000e+00	0.000000000000000000e+00	0.000000000000000000e+00	0.000000000000000000e+00	0.000000000000000000e+00
0.000000000000000000e+00	0.000000000000000000e+00	0.000000000000000000e+00	0.000000000000000000e+00	0.000000000000000000e+00
0.000000000000000000e+00	0.000000000000000000e+00	0.000000000000000000e+00	0.000000000000000000e+00	0.000000000000000000e+00
0.000000000000000000e+00	0.000000000000000000e+00	0.000000000000000000e+00	0.000000000000000000e+00	0.000000000000000000e+00
0.000000000000000000e+00	0.000000000000000000e+00	0.000000000000000000e+00	0.000000000000000000e+00	0.000000000000000000e+00
0.000000000000000000e+00	0.000000000000000000e+00	0.000000000000000000e+00	0.000000000000000000e+00	0.000000000000000000e+00
0.000000000000000000e+00	0.000000000000000000e+00	0.000000000000000000e+00	0.000000000000000000e+00	0.000000000000000000e+00
0.000000000000000000e+00	0.000000000000000000e+00	0.000000000000000000e+00	0.000000000000000000e+00	0.000000000000000000e+00
0.000000000000000000e+00	0.000000000000000000e+00	0.000000000000000000e+00	0.000000000000000000e+00	0.000000000000000000e+00
0.000000000000000000e+00	0.000000000000000000e+00	0.000000000000000000e+00	0.000000000000000000e+00	0.000000000000000000e+00
0.000000000000000000e+00	0.000000000000000000e+00	0.000000000000000000e+00	0.000000000000000000e+00	0.000000000000000000e+00
0.000000000000000000e+00	0.000000000000000000e+00	0.000000000000000000e+00	0.000000000000000000e+00	0.000000000000000000e+00
0.000000000000000000e+00	0.000000000000000000e+00	0.000000000000000000e+00	0.000000000000000000e+00	0.000000000000000000e+00
0.000000000000000000e+00	0.000000000000000000e+00	0.000000000000000000e+00	0.000000000000000000e+00	0.000000000000000000e+00
0.000000000000000000e+00	0.000000000000000000e+00	0.000000000000000000e+00	0.000000000000000000e+00	0.000000000000000000e+00
0.000000000000000000e+00	0.000000000000000000e+00	0.000000000000000000e+00	0.000000000000000000e+00	0.000000000000000000e+00
0.000000000000000000e+00	0.000000000000000000e+00	0.000000000000000000e+00	0.000000000000000000e+00	0.000000000000000000e+00
0.000000000000000000e+00	0.000000000000000000e+00	0.000000000000000000e+00	0.000000000000000000e+00	0.000000000000000000e+00
0.000000000000000000e+00	0.000000000000000000e+00	0.000000000000000000e+00	0.000000000000000000e+00	0.000000000000000000e+00
0.000000000000000000e+00	0.000000000000000000e+00	0.000000000000000000e+00	0.000000000000000000e+00	0.000000000000000000e+00
0.000000000000000000e+00	0.000000000000000000e+00	0.000000000000000000e+00	0.000000000000000000e+00	0.000000000000000000e+00
0.000000000000000000e+00	0.000000000000000000e+00	0.000000000000000000e+00	0.000000000000000000e+00	0.000000000000000000e+00
0.000000000000000000e+00	0.000000000000000000e+00	0.000000000000000000e+00	0.000000000000000000e+00	0.000000000000000000e+00
0.000000000000000000e+00	0.000000000000000000e+00	0.000000000000000000e+00	0.000000000000000000e+00	0.000000000000000000e+00
0.000000000000000000e+00	0.000000000000000000e+00	0.000000000000000000e+00	0.000000000000000000e+00	0.000000000000000000e+00
0.000000000000000000e+00	0.000000000000000000e+00	0.000000000000000000e+00	0.000000000000000000e+00	0.000000000000000000e+00
0.000000000000000000e+00	0.000000000000000000e+00	0.000000000000000000e+00	0.000000000000000000e+00	0.000000000000000000e+00
0.000000000000000000e+00	0.000000000000000000e+00	0.000000000000000000e+00	0.000000000000000000e+00	0.000000000000000000e+00
0.000000000000000000e+00	0.000000000000000000e+00	0.000000000000000000e+00	0.000000000000000000e+00	0.000000000000000000e+00
0.000000000000000000e+00	0.000000000000000000e+00	0.000000000000000000e+00	0.000000000000000000e+00	0.000000000000000000e+00
0.000000000000000000e+00	0.000000000000000000e+00	0.000000000000000000e+00	0.000000000000000000e+00	0.000000000000000000e+00
0.000000000000000000e+00	0.000000000000000000e+00	0.000000000000000000e+00	0.000000000000000000e+00	0.000000000000000000e+00
0.000000000000000000e+00	0.000000000000000000e+00	0.000000000000000000e+00	0.000000000000000000e+00	0.000000000000000000e+00
0.000000000000000000e+00	0.000000000000000000e+00	0.000000000000000000e+00	0.000000000000000000e+00	0.000000000000000000e+00
0.000000000000000000e+00	0.000000000000000000e+00	0.000000000000000000e+00	0.000000000000000000e+00	0.000000000000000000e+00
0.000000000000000000e+00	0.000000000000000000e+00	0.000000000000000000e+00	0.000000000000000000e+00	0.000000000000000000e+00
0.000000000000000000e+00	0.000000000000000000e+00	0.000000000000000000e+00	0.000000000000000000e+00	0.000000000000000000e+00
0.000000000000000000e+00	0.000000000000000000e+00	0.000000000000000000e+00	0.000000000000000000e+00	0.000000000000000000e+00
0.000000000000000000e+00	0.000000000000000000e+00	0.000000000000000000e+00	0.000000000000000000e+00	0.000000000000000000e+00
0.000000000000000000e+00	0.000000000000000000e+00	0.000000000000000000e+00	0.000000000000000000e+00	0.000000000000000000e+00
0.000000000000000000e+00	0.000000000000000000e+00	0.000000000000000000e+00	0.000000000000000000e+00	0.000000000000000000e+00
0.000000000000000000e+00	0.000000000000000000e+00	0.000000000000000000e+00	0.000000000000000000e+00	0.000000000000000000e+00
0.000000000000000000e+00	0.000000000000000000e+00	0.000000000000000000e+00	0.000000000000000000e+00	0.000000000000000000e+00
0.000000000000000000e+00	0.000000000000000000e+00	0.000000000000000000e+00	0.000000000000000000e+00	0.000000000000000000e+00
0.000000000000000000e+00	0.000000000000000000e+00	0.000000000000000000e+00	0.000000000000000000e+00	0.000000000000000000e+00
0.000000000000000000e+00	0.000000000000000000e+00	0.000000000000000000e+00	0.000000000000000000e+00	0.000000000000000000e+00
0.000000000000000000e+00	0.000000000000000000e+00	0.000000000000000000e+00	0.000000000000000000e+00	0.000000000000000000e+00
0.000000000000000000e+00	0.000000000000000000e+00	0.000000000000000000e+00	0.000000000000000000e+00	0.000000000000000000e+00
0.000000000000000000e+00	0.000000000000000000e+00	0.000000000000000000e+00	0.000000000000000000e+00	0.000000000000000000e+00
0.000000000000000000e+00	0.000000000000000000e+00	0.000000000000000000e+00	0.000000000000000000e+00	0.000000000000000000e+00
0.000000000000000000e+00	0.000000000000000000e+00	0.000000000000000000e+00	0.000000000000000000e+00	0.000000000000000000e+00
0.000000000000000000e+00	0.000000000000000000e+00	0.000000000000000000e+00	0.000000000000000000e+00	0.000000000000000000e+00
0.000000000000000000e+00	0.000000000000000000e+00	0.000000000000000000e+00	0.000000000000000000e+00	0.000000000000000000e+00
0.000000000000000000e+00	0.000000000000000000e+00	0.000000000000000000e+00	0.000000000000000000e+00	0.000000000000000000e+00
0.000000000000000000e+00	0.000000000000000000e+00	0.000000000000000000e+00	0.000000000000000000e+00	0.000000000000000000e+00
0.000000000000000000e+00	0.000000000000000000e+00	0.000000000000000000e+00	0.000000000000000000e+00	0.000000000000000000e+00
0.000000000000000000e+00	0.000000000000000000e+00	0.000000000000000000e+00	0.000000000000000000e+00	0.000000000000000000e+00
0.000000000000000000e+00	0.000000000000000000e+00	0.000000000000000000e+00	0.000000000000000000e+00	0.000000000000000000e+00
0.000000000000000000e+00	0.000000000000000000e+00	0.000000000000000000e+00	0.000000000000000000e+00	0.000000000000000000e+00
0.000000000000000000e+00	0.000000000000000000e+00	0.000000000000000000e+00	0.000000000000000000e+00	0.000000000000000000e+00
0.000000000000000000e+00	0.000000000000000000e+00	0.000000000000000000e+00	0.000000000000000000e+00	0.000000000000000000e+00
0.000000000000000000e+00	0.000000000000000000e+00	0.000000000000000000e+00	0.000000000000000000e+00	0.000000000000000000e+00
0.000000000000000000e+00	0.000000000000000000e+00	0.000000000000000000e+00	0.000000000000000000e+00	0.000000000000000000e+00
0.000000000000000000e+00	0.000000000000000000e+00	0.000000000000000000e+00	0.000000000000000000e+00	0.000000000000000000e+00
0.000000000000000000e+00	0.000000000000000000e+00	0.000000000000000000e+00	0.000000000000000000e+00	0.000000000000000000e+00
0.000000000000000000e+00	0.000000000000000000e+00	0.000000000000000000e+00	0.000000000000000000e+00	0.000000000000000000e+00
0.000000000000000000e+00	0.000000000000000000e+00	0.000000000000000000e+00	0.000000000000000000e+00	0.000000000000000000e+00
0.000000000000000000e+00	0.000000000000000000e+00	0.000000000000000000e+00	0.000000000000000000e+00	0.000000000000000000e+00
0.000000000000000000e+00	0.000000000000000000e+00	0.000000000000000000e+00	0.000000000000000000e+00	0.000000000000000000e+00
0.000000000000000000e+00	0.000000000000000000e+00	0.000000000000000000e+00	0.000000000000000000e+00	0.000000000000000000e+00
0.000000000000000000e+00	0.000000000000000000e+00	0.000000000000000000e+00	0.000000000000000000e+00	0.000000000000000000e+00
0.000000000000000000e+00	0.000000000000000000e+00	0.000000000000000000e+00	0.000000000000000000e+00	0.000000000000000000e+00
0.000000000000000000e+00	0.000000000000000000e+00	0.000000000000000000e+00	0.000000000000000000e+00	0.000000000000000000e+00
0.000000000000000000e+00	0.000000000000000000e+00	0.000000000000000000e+00	0.000000000000000000e+00	0.000000000000000000e+00
0.000000000000000000e+00	0.000000000000000000e+00	0.000000000000000000e+00	0.000000000000000000e+00	0.000000000000000000e+00
0.000000000000000000e+00	0.000000000000000000e+00	0.000000000000000000e+00	0.000000000000000000e+00	0.000000000000000000e+00
0.000000000000000000e+00	0.000000000000000000e+00	0.000000000000000000e+00	0.000000000000000000e+00	0.000000000000000000e+00
0.000000000000000000e+00	0.000000000000000000e+00	0.000000000000000000e+00	0.000000000000000000e+00	0.000000000000000000e+00
0.000000000000000000e+00	0.000000000000000000e+00	0.000000000000000000e+00	0.000000000000000000e+00	0.000000000000000000e+00
0.000000000000000000e+00	0.000000000000000000e+00	0.000000000000000000e+00	0.000000000000000000e+00	0.000000000000000000e+00
0.000000000000000000e+00	0.000000000000000000e+00	0.000000000000000000e+00	0.000000000000000000e+00	0.000000000000000000e+00
0.000000000000000000e+00	0.000000000000000000e+00	0.000000000000000000e+00	0.000000000000000000e+00	0.000000000000000000e+00
0.000000000000000000e+00	0.000000000000000000e+00	0.000000000000000000e+00	0.000000000000000000e+00	0.000000000000000000e+00
0.000000000000000000e+00	0.000000000000000000e+00	0.000000000000000000e+00	0.000000000000000000e+00	0.000000000000000000e+00
0.000000000000000000e+00	0.000000000000000000e+00	0.000000000000000000e+00	0.000000000000000000e+00	0.000000000000000000e+00
0.000000000000000000e+00	0.000000000000000000e+00	0.000000000000000000e+00	0.000000000000000000e+00	0.000000000000000000e+00
0.000000000000000000e+00	0.000000000000000000e+00	0.000000000000000000e+00	0.000000000000000000e+00	0.000000000000000000e+00
0.000000000000000000e+00	0.000000000000000000e+00	0.000000000000000000e+00	0.000000000000000000e+00	0.000000000000000000e+00
0.000000000000000000e+00	0.000000000000000000e+00	0.000000000000000000e+00	0.000000000000000000e+00	0.000000000000000000e+00
0.000000000000000000e+00	0.000000000000000000e+00	0.000000000000000000e+00	0.000000000000000000e+00	0.000000000000000000e+00
0.000000000000000000e+00	0.000000000000000000e+00	0.000000000000000000e+00	0.000000000000000000e+00	0.000000000000000000e+00
0.000000000000000000e+00	0.000000000000000000e+00	0.000000000000000000e+00	0.000000000000000000e+00	0.000000000000000000e+00
0.000000000000000000e+00	0.000000000000000000e+00	0.000000000000000000e+00	0.000000000000000000e+00	0.000000000000000000e+00
0.000000000000000000e+00	0.000000000000000000e+00	0.000000000000000000e+00	0.000000000000000000e+00	0.000000000000000000e+00
0.000000000000000000e+00	0.000000000000000000e+00	0.000000000000000000e+00	0.000000000000000000e+00	0.000000000000000000e+00
0.000000000000000000e+00	0.000000000000000000e+00	0.000000000000000000e+00	0.000000000000000000e+00	0.000000000000000000e+00
0.000000000000000000e+00	0.000000000000000000e+00	0.000000000000000000e+00	0.000000000000000000e+00	0.000000000000000000e+00
0.000000000000000000e+00	0.000000000000000000e+00	0.000000000000000000e+00	0.000000000000000000e+00	0.000000000000000000e+00
0.000000000000000000e+00	0.000000000000000000e+00	0.000000000000000000e+00	0.000000000000000000e+00	0.000000000000000000e+00
0.000000000000000000e+00	0.000000000000000000e+00	0.000000000000000000e+00	0.000000000000000000e+00	0.000000000000000000e+00
0.000000000000000000e+00	0.000000000000000000e+00	0.000000000000000000e+00	0.000000000000000000e+00	0.000000000000000000e+00
0.000000000000000000e+00	0.000000000000000000e+00	0.000000000000000000e+00	0.000000000000000000e+00	0.000000000000000000e+00
0.000000000000000000e+00	0.000000000000000000e+00	0.000000000000000000e+00	0.000000000000000000e+00	0.000000000000000000e+00
0.000000000000000000e+00	0.000000000000000000e+00	0.000000000000000000e+00	0.000000000000000000e+00	0.000000000000000000e+00
0.000000000000000000e+00	0.000000000000000000e+00	0.000000000000000000e+00	0.000000000000000000e+00	0.000000000000000000e+00
0.000000000000000000e+00	0.000000000000000000e+00	0.000000000000000000e+00	0.000000000000000000e+00	0.000000000000000000e+00
0.000000000000000000e+00	0.000000000000000000e+00	0.000000000000000000e+00	0.000000000000000000e+00	0.000000000000000000e+00
0.000000000000000000e+00	0.000000000000000000e+00	0.000000000000000000e+00	0.000000000000000000e+00	0.000000000000000000e+00
0.000000000000000000e+00	0.000000000000000000e+00	0.000000000000000000e+00	0.000000000000000000e+00	0.000000000000000000e+00
0.000000000000000000e+00	0.000000000000000000e+00	0.000000000000000000e+00	0.000000000000000000e+00	0.000000000000000000e+00
0.000000000000000000e+00	0.000000000000000000e+00	0.000000000000000000e+00	0.000000000000000000e+00	0.000000000000000000e+00
0.000000000000000000e+00	0.000000000000000000e+00	0.000000000000000000e+00	0.000000000000000000e+00	0.000000000000000000e+00
0.000000000000000000e+00	0.000000000000000000e+00	0.000000000000000000e+00	0.000000000000000000e+00	0.000000000000000000e+00
0.000000000000000000e+00	0.000000000000000000e+00	0.000000000000000000e+00	0.000000000000000000e+00	0.000000000000000000e+00
0.000000000000000000e+00	0.000000000000000000e+00	0.000000000000000000e+00	0.000000000000000000e+00	0.000000000000000000e+00
0.000000000000000000e+00	0.000000000000000000e+00	0.000000000000000000e+00	0.000000000000000000e+00	0.000000000000000000e+00
0.000000000000000000e+00	0.000000000000000000e+00	0.000000000000000000e+00	0.000000000000000000e+00	0.000000000000000000e+00
0.000000000000000000e+00	0.000000000000000000e+00	0.000000000000000000e+00	0.000000000000000000e+00	0.000000000000000000e+00
0.000000000000000000e+00	0.000000000000000000e+00	0.000000000000000000e+00	0.000000000000000000e+00	0.000000000000000000e+00
0.000000000000000000e+00	0.000000000000000000e+00	0.000000000000000000e+00	0.000000000000000000e+00	0.000000000000000000e+00
0.000000000000000000e+00	0.000000000000000000e+00	0.000000000000000000e+00	0.000000000000000000e+00	0.000000000000000000e+00
0.000000000000000000e+00	0.000000000000000000e+00	0.000000000000000000e+00	0.000000000000000000e+00	0.000000000000000000e+00
0.000000000000000000e+00	0.000000000000000000e+00	0.000000000000000000e+00	0.000000000000000000e+00	0.000000000000000000e+00
0.000000000000000000e+00	0.000000000000000000e+00	0.000000000000000000e+00	0.000000000000000000e+00	0.000000000000000000e+00
0.000000000000000000e+00	0.000000000000000000e+00	0.000000000000000000e+00	0.000000000000000000e+00	0.000000000000000000e+00
0.000000000000000000e+00	0.000000000000000000e+00	0.000000000000000000e+00	0.000000000000000000e+00	0.000000000000000000e+00
0.000000000000000000e+00	0.000000000000000000e+00	0.000000000000000000e+00	0.000000000000000000e+00	0.000000000000000000e+00
0.000000000000000000e+00	0.000000000000000000e+00	0.000000000000000000e+00	0.000000000000000000e+00	0.000000000000000000e+00
0.000000000000000000e+00	0.000000000000000000e+00	0.000000000000000000e+00	0.000000000000000000e+00	0.000000000000000000e+00
0.000000000000000000e+00	0.000000000000000000e+00	0.000000000000000000e+00	0.000000000000000000e+00	0.000000000000000000e+00
0.000000000000000000e+00	0.000000000000000000e+00	0.000000000000000000e+00	0.000000000000000000e+00	0.000000000000000000e+00
0.000000000000000000e+00	0.000000000000000000e+00	0.000000000000000000e+00	0.000000000000000000e+00	0.000000000000000000e+00
0.000000000000000000e+00	0.000000000000000000e+00	0.000000000000000000e+00	0.000000000000000000e+00	0.000000000000000000e+00
0.000000000000000000e+00	0.000000000000000000e+00	0.000000000000000000e+00	0.000000000000000000e+00	0.000000000000000000e+00
0.000000000000000000e+00	0.000000000000000000e+00	0.000000000000000000e+00	0.000000000000000000e+00	0.000000000000000000e+00
0.000000000000000000e+00	0.000000000000000000e+00	0.000000000000000000e+00	0.000000000000000000e+00	0.000000000000000000e+00
0.000000000000000000e+00	0.000000000000000000e+00	0.000000000000000000e+00	0.000000000000000000e+00	0.000000000000000000e+00
0.000000000000000000e+00	0.000000000000000000e+00	0.000000000000000000e+00	0.000000000000000000e+00	0.000000000000000000e+00
0.000000000000000000e+00	0.000000000000000000e+00	0.000000000000000000e+00	0.000000000000000000e+00	0.000000000000000000e+00
0.000000000000000000e+00	0.000000000000000000e+00	0.000000000000000000e+00	0.000000000000000000e+00	0.000000000000000000e+00
0.000000000000000000e+00	0.000000000000000000e+00	0.000000000000000000e+00	0.000000000000000000e+00	0.000000000000000000e+00
0.000000000000000000e+00	0.000000000000000000e+00	0.000000000000000000e+00	0.000000000000000000e+00	0.000000000000000000e+00
0.000000000000000000e+00	0.000000000000000000e+00	0.000000000000000000e+00	0.000000000000000000e+00	0.000000000000000000e+00
0.000000000000000000e+00	0.000000000000000000e+00	0.000000000000000000e+00	0.000000000000000000e+00	0.000000000000000000e+00
0.000000000000000000e+00	0.000000000000000000e+00	0.000000000000000000e+00	0.000000000000000000e+00	0.000000000000000000e+00
0.000000000000000000e+00	0.000000000000000000e+00	0.000000000000000000e+00	0.000000000000000000e+00	0.000000000000000000e+00
0.000000000000000000e+00	0.000000000000000000e+00	0.000000000000000000e+00	0.000000000000000000e+00	0.000000000000000000e+00
0.000000000000000000e+00	0.000000000000000000e+00	0.000000000000000000e+00	0.000000000000000000e+00	0.000000000000000000e+00
0.000000000000000000e+00	0.000000000000000000e+00	0.000000000000000000e+00	0.000000000000000000e+00	0.000000000000000000e+00
0.000000000000000000e+00	0.000000000000000000e+00	0.000000000000000000e+00	0.000000000000000000e+00	0.000000000000000000e+00
0.000000000000000000e+00	0.000000000000000000e+00	0.000000000000000000e+00	0.000000000000000000e+00	0.000000000000000000e+00
0.000000000000000000e+00	0.000000000000000000e+00	0.000000000000000000e+00	0.000000000000000000e+00	0.000000000000000000e+00
0.000000000000000000e+00	0.000000000000000000e+00	0.000000000000000000e+00	0.000000000000000000e+00	0.000000000000000000e+00
0.000000000000000000e+00	0.000000000000000000e+00	0.000000000000000000e+00	0.000000000000000000e+00	0.000000000000000000e+00
0.000000000000000000e+00	0.000000000000000000e+00	0.000000000000000000e+00	0.000000000000000000e+00	0.000000000000000000e+00
0.000000000000000000e+00	0.000000000000000000e+00	0.000000000000000000e+00	0.000000000000000000e+00	0.000000000000000000e+00
0.000000000000000000e+00	0.000000000000000000e+00	0.000000000000000000e+00	0.000000000000000000e+00	0.000000000000000000e+00
0.000000000000000000e+00	0.000000000000000000e+00	0.000000000000000000e+00	0.000000000000000000e+00	0.000000000000000000e+00
0.000000000000000000e+00	0.000000000000000000e+00	0.000000000000000000e+00	0.000000000000000000e+00	0.000000000000000000e+00
0.000000000000000000e+00	0.000000000000000000e+00	0.000000000000000000e+00	0.000000000000000000e+00	0.000000000000000000e+00
0.000000000000000000e+00	0.000000000000000000e+00	0.000000000000000000e+00	0.000000000000000000e+00	0.000000000000000000e+00
0.000000000000000000e+00	0.000000000000000000e+00	0.000000000000000000e+00	0.000000000000000000e+00	0.000000000000000000e+00
0.000000000000000000e+00	0.000000000000000000e+00	0.000000000000000000e+00	0.000000000000000000e+00	0.000000000000000000e+00
0.000000000000000000e+00	0.000000000000000000e+00	0.000000000000000000e+00	0.000000000000000000e+00	0.000000000000000000e+00
0.000000000000000000e+00	0.000000000000000000e+00	0.000000000000000000e+00	0.000000000000000000e+00	0.000000000000000000e+00
0.000000000000000000e+00	0.000000000000000000e+00	0.000000000000000000e+00	0.000000000000000000e+00	0.000000000000000000e+00
0.000000000000000000e+00	0.000000000000000000e+00	0.000000000000000000e+00	0.000000000000000000e+00	0.000000000000000000e+00
0.000000000000000000e+00	0.000000000000000000e+00	0.000000000000000000e+00	0.000000000000000000e+00	0.000000000000000000e+00
0.000000000000000000e+00	0.000000000000000000e+00	0.000000000000000000e+00	0.000000000000000000e+00	0.000000000000000000e+00
0.000000000000000000e+00	0.000000000000000000e+00	0.000000000000000000e+00	0.000000000000000000e+00	0.000000000000000000e+00
0.000000000000000000e+00	0.000000000000000000e+00	0.000000000000000000e+00	0.000000000000000000e+00	0.000000000000000000e+00
0.000000000000000000e+00	0.000000000000000000e+00	0.000000000000000000e+00	0.000000000000000000e+00	0.000000000000000000e+00
0.000000000000000000e+00	0.000000000000000000e+00	0.000000000000000000e+00	0.000000000000000000e+00	0.000000000000000000e+00
0.000000000000000000e+00	0.000000000000000000e+00	0.000000000000000000e+00	0.000000000000000000e+00	0.000000000000000000e+00
0.000000000000000000e+00	0.000000000000000000e+00	0.000000000000000000e+00	0.000000000000000000e+00	0.000000000000000000e+00
0.000000000000000000e+00	0.000000000000000000e+00	0.000000000000000000e+00	0.000000000000000000e+00	0.000000000000000000e+00
0.000000000000000000e+00	0.000000000000000000e+00	0.000000000000000000e+00	0.000000000000000000e+00	0.000000000000000000e+00
0.000000000000000000e+00	0.000000000000000000e+00	0.000000000000000000e+00	0.000000000000000000e+00	0.000000000000000000e+00
0.000000000000000000e+00	0.000000000000000000e+00	0.000000000000000000e+00	0.000000000000000000e+00	0.000000000000000000e+00
0.000000000000000000e+00	0.000000000000000000e+00	0.000000000000000000e+00	0.000000000000000000e+00	0.000000000000000000e+00
0.000000000000000000e+00	0.000000000000000000e+00	0.000000000000000000e+00	0.000000000000000000e+00	0.000000000000000000e+00
0.000000000000000000e+00	0.000000000000000000e+00	0.000000000000000000e+00	0.000000000000000000e+00	0.000000000000000000e+00
0.000000000000000000e+00	0.000000000000000000e+00	0.000000000000000000e+00	0.000000000000000000e+00	0.000000000000000000e+00
0.000000000000000000e+00	0.000000000000000000e+00	0.000000000000000000e+00	0.000000000000000000e+00	0.000000000000000000e+00
0.000000000000000000e+00	0.000000000000000000e+00	0.000000000000000000e+00	0.000000000000000000e+00	0.000000000000000000e+00
0.000000000000000000e+00	0.000000000000000000e+00	0.000000000000000000e+00	0.000000000000000000e+00	0.000000000000000000e+00
0.000000000000000000e+00	0.000000000000000000e+00	0.000000000000000000e+00	0.000000000000000000e+00	0.000000000000000000e+00
0.000000000000000000e+00	0.000000000000000000e+00	0.000000000000000000e+00	0.000000000000000000e+00	0.000000000000000000e+00
0.000000000000000000e+00	0.000000000000000000e+00	0.000000000000000000e+00	0.000000000000000000e+00	0.000000000000000000e+00
0.000000000000000000e+00	0.000000000000000000e+00	0.000000000000000000e+00	0.000000000000000000e+00	0.000000000000000000e+00
0.000000000000000000e+00	0.000000000000000000e+00	0.000000000000000000e+00	0.000000000000000000e+00	0.000000000000000000e+00
0.000000000000000000e+00	0.000000000000000000e+00	0.000000000000000000e+00	0.000000000000000000e+00	0.000000000000000000e+00
0.000000000000000000e+00	0.000000000000000000e+00	0.000000000000000000e+00	0.000000000000000000e+00	0.000000000000000000e+00
0.000000000000000000e+00	0.000000000000000000e+00	0.000000000000000000e+00	0.000000000000000000e+00	0.000000000000000000e+00
0.000000000000000000e+00	0.000000000000000000e+00	0.000000000000000000e+00	0.000000000000000000e+00	0.000000000000000000e+00
0.000000000000000000e+00	0.000000000000000000e+00	0.000000000000000000e+00	0.000000000000000000e+00	0.000000000000000000e+00
0.000000000000000000e+00	0.000000000000000000e+00	0.000000000000000000e+00	0.000000000000000000e+00	0.000000000000000000e+00
0.000000000000000000e+00	0.000000000000000000e+00	0.000000000000000000e+00	0.000000000000000000e+00	0.000000000000000000e+00
0.000000000000000000e+00	0.000000000000000000e+00	0.000000000000000000e+00	0.000000000000000000e+00	0.000000000000000000e+00
0.000000000000000000e+00	0.000000000000000000e+00	0.000000000000000000e+00	0.000000000000000000e+00	0.000000000000000000e+00
0.000000000000000000e+00	0.000000000000000000e+00	0.000000000000000000e+00	0.000000000000000000e+00	0.000000000000000000e+00
0.000000000000000000e+00	0.000000000000000000e+00	0.000000000000000000e+00	0.000000000000000000e+00	0.000000000000000000e+00
0.000000000000000000e+00	0.000000000000000000e+00	0.000000000000000000e+00	0.000000000000000000e+00	0.000000000000000000e+00
0.000000000000000000e+00	0.000000000000000000e+00	0.000000000000000000e+00	0.000000000000000000e+00	0.000000000000000000e+00
0.000000000000000000e+00	0.000000000000000000e+00	0.000000000000000000e+00	0.000000000000000000e+00	0.000000000000000000e+00
0.000000000000000000e+00	0.000000000000000000e+00	0.000000000000000000e+00	0.000000000000000000e+00	0.000000000000000000e+00
0.000000000000000000e+00	0.000000000000000000e+00	0.000000000000000000e+00	0.000000000000000000e+00	0.000000000000000000e+00
0.000000000000000000e+00	0.000000000000000000e+00	0.000000000000000000e+00	0.000000000000000000e+00	0.000000000000000000e+00
0.000000000000000000e+00	0.000000000000000000e+00	0.000000000000000000e+00	0.000000000000000000e+00	0.000000000000000000e+00
0.000000000000000000e+00	0.000000000000000000e+00	0.000000000000000000e+00	0.000000000000000000e+00	0.000000000000000000e+00
0.000000000000000000e+00	0.000000000000000000e+00	0.000000000000000000e+00	0.000000000000000000e+00	0.000000000000000000e+00
0.000000000000000000e+00	0.000000000000000000e+00	0.000000000000000000e+00	0.000000000000000000e+00	0.000000000000000000e+00
0.000000000000000000e+00	0.000000000000000000e+00	0.000000000000000000e+00	0.000000000000000000e+00	0.000000000000000000e+00
0.000000000000000000e+00	0.000000000000000000e+00	0.000000000000000000e+00	0.000000000000000000e+00	0.000000000000000000e+00
0.000000000000000000e+00	0.000000000000000000e+00	0.000000000000000000e+00	0.000000000000000000e+00	0.000000000000000000e+00
0.000000000000000000e+00	0.000000000000000000e+00	0.000000000000000000e+00	0.000000000000000000e+00	0.000000000000000000e+00
0.000000000000000000e+00	0.000000000000000000e+00	0.000000000000000000e+00	0.000000000000000000e+00	0.000000000000000000e+00
0.000000000000000000e+00	0.000000000000000000e+00	0.000000000000000000e+00	0.000000000000000000e+00	0.000000000000000000e+00
0.000000000000000000e+00	0.000000000000000000e+00	0.000000000000000000e+00	0.000000000000000000e+00	0.000000000000000000e+00
0.000000000000000000e+00	0.000000000000000000e+00	0.000000000000000000e+00	0.000000000000000000e+00	0.000000000000000000e+00
0.000000000000000000e+00	0.000000000000000000e+00	0.000000000000000000e+00	0.000000000000000000e+00	0.000000000000000000e+00
0.000000000000000000e+00	0.000000000000000000e+00	0.000000000000000000e+00	0.000000000000000000e+00	0.000000000000000000e+00
0.000000000000000000e+00	0.000000000000000000e+00	0.000000000000000000e+00	0.000000000000000000e+00	0.000000000000000000e+00
0.000000000000000000e+00	0.000000000000000000e+00	0.000000000000000000e+00	0.000000000000000000e+00	0.000000000000000000e+00
0.000000000000000000e+00	0.000000000000000000e+00	0.000000000000000000e+00	0.000000000000000000e+00	0.000000000000000000e+00
0.000000000000000000e+00	0.000000000000000000e+00	0.000000000000000000e+00	0.000000000000000000e+00	0.000000000000000000e+00
0.000000000000000000e+00	0.000000000000000000e+00	0.000000000000000000e+00	0.000000000000000000e+00	0.000000000000000000e+00
0.000000000000000000e+00	0.000000000000000000e+00	0.000000000000000000e+00	0.000000000000000000e+00	0.000000000000000000e+00
0.000000000000000000e+00	0.000000000000000000e+00	0.000000000000000000e+00	0.000000000000000000e+00	0.000000000000000000e+00
0.000000000000000000e+00	0.000000000000000000e+00	0.000000000000000000e+00	0.000000000000000000e+00	0.000000000000000000e+00
0.000000000000000000e+00	0.000000000000000000e+00	0.000000000000000000e+00	0.000000000000000000e+00	0.000000000000000000e+00
0.000000000000000000e+00	0.000000000000000000e+00	0.000000000000000000e+00	0.000000000000000000e+00	0.000000000000000000e+00
0.000000000000000000e+00	0.000000000000000000e+00	0.000000000000000000e+00	0.000000000000000000e+00	0.000000000000000000e+00
0.000000000000000000e+00	0.000000000000000000e+00	0.000000000000000000e+00	0.000000000000000000e+00	0.000000000000000000e+00
0.000000000000000000e+00	0.000000000000000000e+00	0.000000000000000000e+00	0.000000000000000000e+00	0.000000000000000000e+00
0.000000000000000000e+00	0.000000000000000000e+00	0.000000000000000000e+00	0.000000000000000000e+00	0.000000000000000000e+00
0.000000000000000000e+00	0.000000000000000000e+00	0.000000000000000000e+00	0.000000000000000000e+00	0.000000000000000000e+00
0.000000000000000000e+00	0.000000000000000000e+00	0.000000000000000000e+00	0.000000000000000000e+00	0.000000000000000000e+00
0.000000000000000000e+00	0.000000000000000000e+00	0.000000000000000000e+00	0.000000000000000000e+00	0.000000000000000000e+00
0.000000000000000000e+00	0.000000000000000000e+00	0.000000000000000000e+00	0.000000000000000000e+00	0.000000000000000000e+00
0.000000000000000000e+00	0.000000000000000000e+00	0.000000000000000000e+00	0.000000000000000000e+00	0.000000000000000000e+00
0.000000000000000000e+00	0.000000000000000000e+00	0.000000000000000000e+00	0.000000000000000000e+00	0.000000000000000000e+00
0.000000000000000000e+00	0.000000000000000000e+00	0.000000000000000000e+00	0.000000000000000000e+00	0.000000000000000000e+00
0.000000000000000000e+00	0.000000000000000000e+00	0.000000000000000000e+00	0.000000000000000000e+00	0.000000000000000000e+00
0.000000000000000000e+00	0.000000000000000000e+00	0.000000000000000000e+00	0.000000000000000000e+00	0.000000000000000000e+00
0.000000000000000000e+00	0.000000000000000000e+00	0.000000000000000000e+00	0.000000000000000000e+00	0.000000000000000000e+00
0.000000000000000000e+00	0.000000000000000000e+00	0.000000000000000000e+00	0.000000000000000000e+00	0.000000000000000000e+00
0.000000000000000000e+00	0.000000000000000000e+00	0.000000000000000000e+00	0.000000000000000000e+00	0.000000000000000000e+00
0.000000000000000000e+00	0.000000000000000000e+00	0.000000000000000000e+00	0.000000000000000000e+00	0.000000000000000000e+00
0.000000000000000000e+00	0.000000000000000000e+00	0.000000000000000000e+00	0.000000000000000000e+00	0.000000000000000000e+00
0.000000000000000000e+00	0.000000000000000000e+00	0.000000000000000000e+00	0.000000000000000000e+00	0.000000000000000000e+00
0.000000000000000000e+00	0.000000000000000000e+00	0.000000000000000000e+00	0.000000000000000000e+00	0.000000000000000000e+00
0.000000000000000000e+00	0.000000000000000000e+00	0.000000000000000000e+00	0.000000000000000000e+00	0.000000000000000000e+00
0.000000000000000000e+00	0.000000000000000000e+00	0.000000000000000000e+00	0.000000000000000000e+00	0.000000000000000000e+00
0.000000000000000000e+00	0.000000000000000000e+00	0.000000000000000000e+00	0.000000000000000000e+00	0.000000000000000000e+00
0.000000000000000000e+00	0.000000000000000000e+00	0.000000000000000000e+00	0.000000000000000000e+00	0.000000000000000000e+00
0.000000000000000000e+00	0.000000000000000000e+00	0.000000000000000000e+00	0.000000000000000000e+00	0.000000000000000000e+00
0.000000000000000000e+00	0.000000000000000000e+00	0.000000000000000000e+00	0.000000000000000000e+00	0.000000000000000000e+00
0.000000000000000000e+00	0.000000000000000000e+00	0.000000000000000000e+00	0.000000000000000000e+00	0.000000000000000000e+00
0.000000000000000000e+00	0.000000000000000000e+00	0.000000000000000000e+00	0.000000000000000000e+00	0.000000000000000000e+00
0.000000000000000000e+00	0.000000000000000000e+00	0.000000000000000000e+00	0.000000000000000000e+00	0.000000000000000000e+00
0.000000000000000000e+00	0.000000000000000000e+00	0.000000000000000000e+00	0.000000000000000000e+00	0.000000000000000000e+00
0.000000000000000000e+00	0.000000000000000000e+00	0.000000000000000000e+00	0.000000000000000000e+00	0.000000000000000000e+00
0.000000000000000000e+00	0.000000000000000000e+00	0.000000000000000000e+00	0.000000000000000000e+00	0.000000000000000000e+00
0.000000000000000000e+00	0.000000000000000000e+00	0.000000000000000000e+00	0.000000000000000000e+00	0.000000000000000000e+00
0.000000000000000000e+00	0.000000000000000000e+00	0.000000000000000000e+00	0.000000000000000000e+00	0.000000000000000000e+00
0.000000000000000000e+00	0.000000000000000000e+00	0.000000000000000000e+00	0.000000000000000000e+00	0.000000000000000000e+00
0.000000000000000000e+00	0.000000000000000000e+00	0.000000000000000000e+00	0.000000000000000000e+00	0.000000000000000000e+00
0.000000000000000000e+00	0.000000000000000000e+00	0.000000000000000000e+00	0.000000000000000000e+00	0.000000000000000000e+00
0.000000000000000000e+00	0.000000000000000000e+00	0.000000000000000000e+00	0.000000000000000000e+00	0.000000000000000000e+00
0.000000000000000000e+00	0.000000000000000000e+00	0.000000000000000000e+00	0.000000000000000000e+00	0.000000000000000000e+00
0.000000000000000000e+00	0.000000000000000000e+00	0.000000000000000000e+00	0.000000000000000000e+00	0.000000000000000000e+00
0.000000000000000000e+00	0.000000000000000000e+00	0.000000000000000000e+00	0.000000000000000000e+00	0.000000000000000000e+00
0.000000000000000000e+00	0.000000000000000000e+00	0.000000000000000000e+00	0.000000000000000000e+00	0.000000000000000000e+00
0.000000000000000000e+00	0.000000000000000000e+00	0.000000000000000000e+00	0.000000000000000000e+00	0.000000000000000000e+00
0.000000000000000000e+00	0.000000000000000000e+00	0.000000000000000000e+00	0.000000000000000000e+00	0.000000000000000000e+00
0.000000000000000000e+00	0.000000000000000000e+00	0.000000000000000000e+00	0.000000000000000000e+00	0.000000000000000000e+00
0.000000000000000000e+00	0.000000000000000000e+00	0.000000000000000000e+00	0.000000000000000000e+00	0.000000000000000000e+00
0.000000000000000000e+00	0.000000000000000000e+00	0.000000000000000000e+00	0.000000000000000000e+00	0.000000000000000000e+00
0.000000000000000000e+00	0.000000000000000000e+00	0.000000000000000000e+00	0.000000000000000000e+00	0.000000000000000000e+00
0.000000000000000000e+00	0.000000000000000000e+00	0.000000000000000000e+00	0.000000000000000000e+00	0.000000000000000000e+00
0.000000000000000000e+00	0.000000000000000000e+00	0.000000000000000000e+00	0.000000000000000000e+00	0.000000000000000000e+00
0.000000000000000000e+00	0.000000000000000000e+00	0.000000000000000000e+00	0.000000000000000000e+00	0.000000000000000000e+00
0.000000000000000000e+00	0.000000000000000000e+00	0.000000000000000000e+00	0.000000000000000000e+00	0.000000000000000000e+00
0.000000000000000000e+00	0.000000000000000000e+00	0.000000000000000000e+00	0.000000000000000000e+00	0.000000000000000000e+00
0.000000000000000000e+00	0.000000000000000000e+00	0.000000000000000000e+00	0.000000000000000000e+00	0.000000000000000000e+00
0.000000000000000000e+00	0.000000000000000000e+00	0.000000000000000000e+00	0.000000000000000000e+00	0.000000000000000000e+00
0.000000000000000000e+00	0.000000000000000000e+00	0.000000000000000000e+00	0.000000000000000000e+00	0.000000000000000000e+00
0.000000000000000000e+00	0.000000000000000000e+00	0.000000000000000000e+00	0.000000000000000000e+00	0.000000000000000000e+00
0.000000000000000000e+00	0.000000000000000000e+00	0.000000000000000000e+00	0.000000000000000000e+00	0.000000000000000000e+00
0.000000000000000000e+00	0.000000000000000000e+00	0.000000000000000000e+00	0.000000000000000000e+00	0.000000000000000000e+00
0.000000000000000000e+00	0.000000000000000000e+00	0.000000000000000000e+00	0.000000000000000000e+00	0.000000000000000000e+00
0.000000000000000000e+00	0.000000000000000000e+00	0.000000000000000000e+00	0.000000000000000000e+00	0.000000000000000000e+00
0.000000000000000000e+00	0.000000000000000000e+00	0.000000000000000000e+00	0.000000000000000000e+00	0.000000000000000000e+00
0.000000000000000000e+00	0.000000000000000000e+00	0.000000000000000000e+00	0.000000000000000000e+00	0.000000000000000000e+00
0.000000000000000000e+00	0.000000000000000000e+00	0.000000000000000000e+00	0.000000000000000000e+00	0.000000000000000000e+00
0.000000000000000000e+00	0.000000000000000000e+00	0.000000000000000000e+00	0.000000000000000000e+00	0.000000000000000000e+00
0.000000000000000000e+00	0.000000000000000000e+00	0.000000000000000000e+00	0.000000000000000000e+00	0.000000000000000000e+00
0.000000000000000000e+00	0.000000000000000000e+00	0.000000000000000000e+00	0.000000000000000000e+00	0.000000000000000000e+00
0.000000000000000000e+00	0.000000000000000000e+00	0.000000000000000000e+00	0.000000000000000000e+00	0.000000000000000000e+00
0.000000000000000000e+00	0.000000000000000000e+00	0.000000000000000000e+00	0.000000000000000000e+00	0.000000000000000000e+00
0.000000000000000000e+00	0.000000000000000000e+00	0.000000000000000000e+00	0.000000000000000000e+00	0.000000000000000000e+00
0.000000000000000000e+00	0.000000000000000000e+00	0.000000000000000000e+00	0.000000000000000000e+00	0.000000000000000000e+00
0.000000000000000000e+00	0.000000000000000000e+00	0.000000000000000000e+00	0.000000000000000000e+00	0.000000000000000000e+00
0.000000000000000000e+00	0.000000000000000000e+00	0.000000000000000000e+00	0.000000000000000000e+00	0.000000000000000000e+00
0.000000000000000000e+00	0.000000000000000000e+00	0.000000000000000000e+00	0.000000000000000000e+00	0.000000000000000000e+00
0.000000000000000000e+00	0.000000000000000000e+00	0.000000000000000000e+00	0.000000000000000000e+00	0.000000000000000000e+00
0.000000000000000000e+00	0.000000000000000000e+00	0.000000000000000000e+00	0.000000000000000000e+00	0.000000000000000000e+00
0.000000000000000000e+00	0.000000000000000000e+00	0.000000000000000000e+00	0.000000000000000000e+00	0.000000000000000000e+00
0.000000000000000000e+00	0.000000000000000000e+00	0.000000000000000000e+00	0.000000000000000000e+00	0.000000000000000000e+00
0.000000000000000000e+00	0.000000000000000000e+00	0.000000000000000000e+00	0.000000000000000000e+00	0.000000000000000000e+00
0.000000000000000000e+00	0.000000000000000000e+00	0.000000000000000000e+00	0.000000000000000000e+00	0.000000000000000000e+00
0.000000000000000000e+00	0.000000000000000000e+00	0.000000000000000000e+00	0.000000000000000000e+00	0.000000000000000000e+00
0.000000000000000000e+00	0.000000000000000000e+00	0.000000000000000000e+00	0.000000000000000000e+00	0.000000000000000000e+00
0.000000000000000000e+00	0.000000000000000000e+00	0.000000000000000000e+00	0.000000000000000000e+00	0.000000000000000000e+00
0.000000000000000000e+00	0.000000000000000000e+00	0.000000000000000000e+00	0.000000000000000000e+00	0.000000000000000000e+00
0.000000000000000000e+00	0.000000000000000000e+00	0.000000000000000000e+00	0.000000000000000000e+00	0.000000000000000000e+00
0.000000000000000000e+00	0.000000000000000000e+00	0.000000000000000000e+00	0.000000000000000000e+00	0.000000000000000000e+00
0.000000000000000000e+00	0.000000000000000000e+00	0.000000000000000000e+00	0.000000000000000000e+00	0.000000000000000000e+00
0.000000000000000000e+00	0.000000000000000000e+00	0.000000000000000000e+00	0.000000000000000000e+00	0.000000000000000000e+00
0.000000000000000000e+00	0.000000000000000000e+00	0.000000000000000000e+00	0.000000000000000000e+00	0.000000000000000000e+00
0.000000000000000000e+00	0.000000000000000000e+00	0.000000000000000000e+00	0.000000000000000000e+00	0.000000000000000000e+00
0.000000000000000000e+00	0.000000000000000000e+00	0.000000000000000000e+00	0.000000000000000000e+00	0.000000000000000000e+00
0.000000000000000000e+00	0.000000000000000000e+00	0.000000000000000000e+00	0.000000000000000000e+00	0.000000000000000000e+00
0.000000000000000000e+00	0.000000000000000000e+00	0.000000000000000000e+00	0.000000000000000000e+00	0.000000000000000000e+00
0.000000000000000000e+00	0.000000000000000000e+00	0.000000000000000000e+00	0.000000000000000000e+00	0.000000000000000000e+00
0.000000000000000000e+00	0.000000000000000000e+00	0.000000000000000000e+00	0.000000000000000000e+00	0.000000000000000000e+00
0.000000000000000000e+00	0.000000000000000000e+00	0.000000000000000000e+00	0.000000000000000000e+00	0.000000000000000000e+00
0.000000000000000000e+00	0.000000000000000000e+00	0.000000000000000000e+00	0.000000000000000000e+00	0.000000000000000000e+00
0.000000000000000000e+00	0.000000000000000000e+00	0.000000000000000000e+00	0.000000000000000000e+00	0.000000000000000000e+00
0.000000000000000000e+00	0.000000000000000000e+00	0.000000000000000000e+00	0.000000000000000000e+00	0.000000000000000000e+00
0.000000000000000000e+00	0.000000000000000000e+00	0.000000000000000000e+00	0.000000000000000000e+00	0.000000000000000000e+00
0.000000000000000000e+00	0.000000000000000000e+00	0.000000000000000000e+00	0.000000000000000000e+00	0.000000000000000000e+00
0.000000000000000000e+00	0.000000000000000000e+00	0.000000000000000000e+00	0.000000000000000000e+00	0.000000000000000000e+00
0.000000000000000000e+00	0.000000000000000000e+00	0.000000000000000000e+00	0.000000000000000000e+00	0.000000000000000000e+00
0.000000000000000000e+00	0.000000000000000000e+00	0.000000000000000000e+00	0.000000000000000000e+00	0.000000000000000000e+00
0.000000000000000000e+00	0.000000000000000000e+00	0.000000000000000000e+00	0.000000000000000000e+00	0.000000000000000000e+00
0.000000000000000000e+00	0.000000000000000000e+00	0.000000000000000000e+00	0.000000000000000000e+00	0.000000000000000000e+00
0.000000000000000000e+00	0.000000000000000000e+00	0.000000000000000000e+00	0.000000000000000000e+00	0.000000000000000000e+00
0.000000000000000000e+00	0.000000000000000000e+00	0.000000000000000000e+00	0.000000000000000000e+00	0.000000000000000000e+00
0.000000000000000000e+00	0.000000000000000000e+00	0.000000000000000000e+00	0.000000000000000000e+00	0.000000000000000000e+00
0.000000000000000000e+00	0.000000000000000000e+00	0.000000000000000000e+00	0.000000000000000000e+00	0.000000000000000000e+00
0.000000000000000000e+00	0.000000000000000000e+00	0.000000000000000000e+00	0.000000000000000000e+00	0.000000000000000000e+00
0.000000000000000000e+00	0.000000000000000000e+00	0.000000000000000000e+00	0.000000000000000000e+00	0.000000000000000000e+00
0.000000000000000000e+00	0.000000000000000000e+00	0.000000000000000000e+00	0.000000000000000000e+00	0.000000000000000000e+00
0.000000000000000000e+00	0.000000000000000000e+00	0.000000000000000000e+00	0.000000000000000000e+00	0.000000000000000000e+00
0.000000000000000000e+00	0.000000000000000000e+00	0.000000000000000000e+00	0.000000000000000000e+00	0.000000000000000000e+00
0.000000000000000000e+00	0.000000000000000000e+00	0.000000000000000000e+00	0.000000000000000000e+00	0.000000000000000000e+00
0.000000000000000000e+00	0.000000000000000000e+00	0.000000000000000000e+00	0.000000000000000000e+00	0.000000000000000000e+00
0.000000000000000000e+00	0.000000000000000000e+00	0.000000000000000000e+00	0.000000000000000000e+00	0.000000000000000000e+00
0.000000000000000000e+00	0.000000000000000000e+00	0.000000000000000000e+00	0.000000000000000000e+00	0.000000000000000000e+00
0.000000000000000000e+00	0.000000000000000000e+00	0.000000000000000000e+00	0.000000000000000000e+00	0.000000000000000000e+00
0.000000000000000000e+00	0.000000000000000000e+00	0.000000000000000000e+00	0.000000000000000000e+00	0.000000000000000000e+00
0.000000000000000000e+00	0.000000000000000000e+00	0.000000000000000000e+00	0.000000000000000000e+00	0.000000000000000000e+00
0.000000000000000000e+00	0.000000000000000000e+00	0.000000000000000000e+00	0.000000000000000000e+00	0.000000000000000000e+00
0.000000000000000000e+00	0.000000000000000000e+00	0.000000000000000000e+00	0.000000000000000000e+00	0.000000000000000000e+00
0.000000000000000000e+00	0.000000000000000000e+00	0.000000000000000000e+00	0.000000000000000000e+00	0.000000000000000000e+00
0.000000000000000000e+00	0.000000000000000000e+00	0.000000000000000000e+00	0.000000000000000000e+00	0.000000000000000000e+00
0.000000000000000000e+00	0.000000000000000000e+00	0.000000000000000000e+00	0.000000000000000000e+00	0.000000000000000000e+00
0.000000000000000000e+00	0.000000000000000000e+00	0.000000000000000000e+00	0.000000000000000000e+00	0.000000000000000000e+00
0.000000000000000000e+00	0.000000000000000000e+00	0.000000000000000000e+00	0.000000000000000000e+00	0.000000000000000000e+00
0.000000000000000000e+00	0.000000000000000000e+00	0.000000000000000000e+00	0.000000000000000000e+00	0.000000000000000000e+00
0.000000000000000000e+00	0.000000000000000000e+00	0.000000000000000000e+00	0.000000000000000000e+00	0.000000000000000000e+00
0.000000000000000000e+00	0.000000000000000000e+00	0.000000000000000000e+00	0.000000000000000000e+00	0.000000000000000000e+00
0.000000000000000000e+00	0.000000000000000000e+00	0.000000000000000000e+00	0.000000000000000000e+00	0.000000000000000000e+00
0.000000000000000000e+00	0.000000000000000000e+00	0.000000000000000000e+00	0.000000000000000000e+00	0.000000000000000000e+00
0.000000000000000000e+00	0.000000000000000000e+00	0.000000000000000000e+00	0.000000000000000000e+00	0.000000000000000000e+00
0.000000000000000000e+00	0.000000000000000000e+00	0.000000000000000000e+00	0.000000000000000000e+00	0.000000000000000000e+00
0.000000000000000000e+00	0.000000000000000000e+00	0.000000000000000000e+00	0.000000000000000000e+00	0.000000000000000000e+00
0.000000000000000000e+00	0.000000000000000000e+00	0.000000000000000000e+00	0.000000000000000000e+00	0.000000000000000000e+00
0.000000000000000000e+00	0.000000000000000000e+00	0.000000000000000000e+00	0.000000000000000000e+00	0.000000000000000000e+00
0.000000000000000000e+00	0.000000000000000000e+00	0.000000000000000000e+00	0.000000000000000000e+00	0.000000000000000000e+00
0.000000000000000000e+00	0.000000000000000000e+00	0.000000000000000000e+00	0.000000000000000000e+00	0.000000000000000000e+00
0.000000000000000000e+00	0.000000000000000000e+00	0.000000000000000000e+00	0.000000000000000000e+00	0.000000000000000000e+00
0.000000000000000000e+00	0.000000000000000000e+00	0.000000000000000000e+00	0.000000000000000000e+00	0.000000000000000000e+00
0.000000000000000000e+00	0.000000000000000000e+00	0.000000000000000000e+00	0.000000000000000000e+00	0.000000000000000000e+00
0.000000000000000000e+00	0.000000000000000000e+00	0.000000000000000000e+00	0.000000000000000000e+00	0.000000000000000000e+00
0.000000000000000000e+00	0.000000000000000000e+00	0.000000000000000000e+00	0.000000000000000000e+00	0.000000000000000000e+00
0.000000000000000000e+00	0.000000000000000000e+00	0.000000000000000000e+00	0.000000000000000000e+00	0.000000000000000000e+00
0.000000000000000000e+00	0.000000000000000000e+00	0.000000000000000000e+00	0.000000000000000000e+00	0.000000000000000000e+00
0.000000000000000000e+00	0.000000000000000000e+00	0.000000000000000000e+00	0.000000000000000000e+00	0.000000000000000000e+00
0.000000000000000000e+00	0.000000000000000000e+00	0.000000000000000000e+00	0.000000000000000000e+00	0.000000000000000000e+00
0.000000000000000000e+00	0.000000000000000000e+00	0.000000000000000000e+00	0.000000000000000000e+00	0.000000000000000000e+00
0.000000000000000000e+00	0.000000000000000000e+00	0.000000000000000000e+00	0.000000000000000000e+00	0.000000000000000000e+00
0.000000000000000000e+00	0.000000000000000000e+00	0.000000000000000000e+00	0.000000000000000000e+00	0.000000000000000000e+00
0.000000000000000000e+00	0.000000000000000000e+00	0.000000000000000000e+00	0.000000000000000000e+00	0.000000000000000000e+00
0.000000000000000000e+00	0.000000000000000000e+00	0.000000000000000000e+00	0.000000000000000000e+00	0.000000000000000000e+00
0.000000000000000000e+00	0.000000000000000000e+00	0.000000000000000000e+00	0.000000000000000000e+00	0.000000000000000000e+00
0.000000000000000000e+00	0.000000000000000000e+00	0.000000000000000000e+00	0.000000000000000000e+00	0.000000000000000000e+00
0.000000000000000000e+00	0.000000000000000000e+00	0.000000000000000000e+00	0.000000000000000000e+00	0.000000000000000000e+00
0.000000000000000000e+00	0.000000000000000000e+00	0.000000000000000000e+00	0.000000000000000000e+00	0.000000000000000000e+00
0.000000000000000000e+00	0.000000000000000000e+00	0.000000000000000000e+00	0.000000000000000000e+00	0.000000000000000000e+00
0.000000000000000000e+00	0.000000000000000000e+00	0.000000000000000000e+00	0.000000000000000000e+00	0.000000000000000000e+00
0.000000000000000000e+00	0.000000000000000000e+00	0.000000000000000000e+00	0.000000000000000000e+00	0.000000000000000000e+00
0.000000000000000000e+00	0.000000000000000000e+00	0.000000000000000000e+00	0.000000000000000000e+00	0.000000000000000000e+00
0.000000000000000000e+00	0.000000000000000000e+00	0.000000000000000000e+00	0.000000000000000000e+00	0.000000000000000000e+00
0.000000000000000000e+00	0.000000000000000000e+00	0.000000000000000000e+00	0.000000000000000000e+00	0.000000000000000000e+00
0.000000000000000000e+00	0.000000000000000000e+00	0.000000000000000000e+00	0.000000000000000000e+00	0.000000000000000000e+00
0.000000000000000000e+00	0.000000000000000000e+00	0.000000000000000000e+00	0.000000000000000000e+00	0.000000000000000000e+00
0.000000000000000000e+00	0.000000000000000000e+00	0.000000000000000000e+00	0.000000000000000000e+00	0.000000000000000000e+00
0.000000000000000000e+00	0.000000000000000000e+00	0.000000000000000000e+00	0.000000000000000000e+00	0.000000000000000000e+00
0.000000000000000000e+00	0.000000000000000000e+00	0.000000000000000000e+00	0.000000000000000000e+00	0.000000000000000000e+00
0.000000000000000000e+00	0.000000000000000000e+00	0.000000000000000000e+00	0.000000000000000000e+00	0.000000000000000000e+00
0.000000000000000000e+00	0.000000000000000000e+00	0.000000000000000000e+00	0.000000000000000000e+00	0.000000000000000000e+00
0.000000000000000000e+00	0.000000000000000000e+00	0.000000000000000000e+00	0.000000000000000000e+00	0.000000000000000000e+00
0.000000000000000000e+00	0.000000000000000000e+00	0.000000000000000000e+00	0.000000000000000000e+00	0.000000000000000000e+00
0.000000000000000000e+00	0.000000000000000000e+00	0.000000000000000000e+00	0.000000000000000000e+00	0.000000000000000000e+00
0.000000000000000000e+00	0.000000000000000000e+00	0.000000000000000000e+00	0.000000000000000000e+00	0.000000000000000000e+00
0.000000000000000000e+00	0.000000000000000000e+00	0.000000000000000000e+00	0.000000000000000000e+00	0.000000000000000000e+00
0.000000000000000000e+00	0.000000000000000000e+00	0.000000000000000000e+00	0.000000000000000000e+00	0.000000000000000000e+00
0.000000000000000000e+00	0.000000000000000000e+00	0.000000000000000000e+00	0.000000000000000000e+00	0.000000000000000000e+00
0.000000000000000000e+00	0.000000000000000000e+00	0.000000000000000000e+00	0.000000000000000000e+00	0.000000000000000000e+00
0.000000000000000000e+00	0.000000000000000000e+00	0.000000000000000000e+00	0.000000000000000000e+00	0.000000000000000000e+00
0.000000000000000000e+00	0.000000000000000000e+00	0.000000000000000000e+00	0.000000000000000000e+00	0.000000000000000000e+00
0.000000000000000000e+00	0.000000000000000000e+00	0.000000000000000000e+00	0.000000000000000000e+00	0.000000000000000000e+00
0.000000000000000000e+00	0.000000000000000000e+00	0.000000000000000000e+00	0.000000000000000000e+00	0.000000000000000000e+00
0.000000000000000000e+00	0.000000000000000000e+00	0.000000000000000000e+00	0.000000000000000000e+00	0.000000000000000000e+00
0.000000000000000000e+00	0.000000000000000000e+00	0.000000000000000000e+00	0.000000000000000000e+00	0.000000000000000000e+00
0.000000000000000000e+00	0.000000000000000000e+00	0.000000000000000000e+00	0.000000000000000000e+00	0.000000000000000000e+00
0.000000000000000000e+00	0.000000000000000000e+00	0.000000000000000000e+00	0.000000000000000000e+00	0.000000000000000000e+00
0.000000000000000000e+00	0.000000000000000000e+00	0.000000000000000000e+00	0.000000000000000000e+00	0.000000000000000000e+00
0.000000000000000000e+00	0.000000000000000000e+00	0.000000000000000000e+00	0.000000000000000000e+00	0.000000000000000000e+00
0.000000000000000000e+00	0.000000000000000000e+00	0.000000000000000000e+00	0.000000000000000000e+00	0.000000000000000000e+00
0.000000000000000000e+00	0.000000000000000000e+00	0.000000000000000000e+00	0.000000000000000000e+00	0.000000000000000000e+00
0.000000000000000000e+00	0.000000000000000000e+00	0.000000000000000000e+00	0.000000000000000000e+00	0.000000000000000000e+00
0.000000000000000000e+00	0.000000000000000000e+00	0.000000000000000000e+00	0.000000000000000000e+00	0.000000000000000000e+00
0.000000000000000000e+00	0.000000000000000000e+00	0.000000000000000000e+00	0.000000000000000000e+00	0.000000000000000000e+00
0.000000000000000000e+00	0.000000000000000000e+00	0.000000000000000000e+00	0.000000000000000000e+00	0.000000000000000000e+00
0.000000000000000000e+00	0.000000000000000000e+00	0.000000000000000000e+00	0.000000000000000000e+00	0.000000000000000000e+00
0.000000000000000000e+00	0.000000000000000000e+00	0.000000000000000000e+00	0.000000000000000000e+00	0.000000000000000000e+00
0.000000000000000000e+00	0.000000000000000000e+00	0.000000000000000000e+00	0.000000000000000000e+00	0.000000000000000000e+00
0.000000000000000000e+00	0.000000000000000000e+00	0.000000000000000000e+00	0.000000000000000000e+00	0.000000000000000000e+00
0.000000000000000000e+00	0.000000000000000000e+00	0.000000000000000000e+00	0.000000000000000000e+00	0.000000000000000000e+00
0.000000000000000000e+00	0.000000000000000000e+00	0.000000000000000000e+00	0.000000000000000000e+00	0.000000000000000000e+00
0.000000000000000000e+00	0.000000000000000000e+00	0.000000000000000000e+00	0.000000000000000000e+00	0.000000000000000000e+00
0.000000000000000000e+00	0.000000000000000000e+00	0.000000000000000000e+00	0.000000000000000000e+00	0.000000000000000000e+00
0.000000000000000000e+00	0.000000000000000000e+00	0.000000000000000000e+00	0.000000000000000000e+00	0.000000000000000000e+00
0.000000000000000000e+00	0.000000000000000000e+00	0.000000000000000000e+00	0.000000000000000000e+00	0.000000000000000000e+00
0.000000000000000000e+00	0.000000000000000000e+00	0.000000000000000000e+00	0.000000000000000000e+00	0.000000000000000000e+00
0.000000000000000000e+00	0.000000000000000000e+00	0.000000000000000000e+00	0.000000000000000000e+00	0.000000000000000000e+00
0.000000000000000000e+00	0.000000000000000000e+00	0.000000000000000000e+00	0.000000000000000000e+00	0.000000000000000000e+00
0.000000000000000000e+00	0.000000000000000000e+00	0.000000000000000000e+00	0.000000000000000000e+00	0.000000000000000000e+00
0.000000000000000000e+00	0.000000000000000000e+00	0.000000000000000000e+00	0.000000000000000000e+00	0.000000000000000000e+00
0.000000000000000000e+00	0.000000000000000000e+00	0.000000000000000000e+00	0.000000000000000000e+00	0.000000000000000000e+00
0.000000000000000000e+00	0.000000000000000000e+00	0.000000000000000000e+00	0.000000000000000000e+00	0.000000000000000000e+00
0.000000000000000000e+00	0.000000000000000000e+00	0.000000000000000000e+00	0.000000000000000000e+00	0.000000000000000000e+00
0.000000000000000000e+00	0.000000000000000000e+00	0.000000000000000000e+00	0.000000000000000000e+00	0.000000000000000000e+00
0.000000000000000000e+00	0.000000000000000000e+00	0.000000000000000000e+00	0.000000000000000000e+00	0.000000000000000000e+00
0.000000000000000000e+00	0.000000000000000000e+00	0.000000000000000000e+00	0.000000000000000000e+00	0.000000000000000000e+00
0.000000000000000000e+00	0.000000000000000000e+00	0.000000000000000000e+00	0.000000000000000000e+00	0.000000000000000000e+00
0.000000000000000000e+00	0.000000000000000000e+00	0.000000000000000000e+00	0.000000000000000000e+00	0.000000000000000000e+00
0.000000000000000000e+00	0.000000000000000000e+00	0.000000000000000000e+00	0.000000000000000000e+00	0.000000000000000000e+00
0.000000000000000000e+00	0.000000000000000000e+00	0.000000000000000000e+00	0.000000000000000000e+00	0.000000000000000000e+00
0.000000000000000000e+00	0.000000000000000000e+00	0.000000000000000000e+00	0.000000000000000000e+00	0.000000000000000000e+00
0.000000000000000000e+00	0.000000000000000000e+00	0.000000000000000000e+00	0.000000000000000000e+00	0.000000000000000000e+00
0.000000000000000000e+00	0.000000000000000000e+00	0.000000000000000000e+00	0.000000000000000000e+00	0.000000000000000000e+00
0.000000000000000000e+00	0.000000000000000000e+00	0.000000000000000000e+00	0.000000000000000000e+00	0.000000000000000000e+00
0.000000000000000000e+00	0.000000000000000000e+00	0.000000000000000000e+00	0.000000000000000000e+00	0.000000000000000000e+00
0.000000000000000000e+00	0.000000000000000000e+00	0.000000000000000000e+00	0.000000000000000000e+00	0.000000000000000000e+00
0.000000000000000000e+00	0.000000000000000000e+00	0.000000000000000000e+00	0.000000000000000000e+00	0.000000000000000000e+00
0.000000000000000000e+00	0.000000000000000000e+00	0.000000000000000000e+00	0.000000000000000000e+00	0.000000000000000000e+00
0.000000000000000000e+00	0.000000000000000000e+00	0.000000000000000000e+00	0.000000000000000000e+00	0.000000000000000000e+00
0.000000000000000000e+00	0.000000000000000000e+00	0.000000000000000000e+00	0.000000000000000000e+00	0.000000000000000000e+00
0.000000000000000000e+00	0.000000000000000000e+00	0.000000000000000000e+00	0.000000000000000000e+00	0.000000000000000000e+00
0.000000000000000000e+00	0.000000000000000000e+00	0.000000000000000000e+00	0.000000000000000000e+00	0.000000000000000000e+00
0.000000000000000000e+00	0.000000000000000000e+00	0.000000000000000000e+00	0.000000000000000000e+00	0.000000000000000000e+00
0.000000000000000000e+00	0.000000000000000000e+00	0.000000000000000000e+00	0.000000000000000000e+00	0.000000000000000000e+00
0.000000000000000000e+00	0.000000000000000000e+00	0.000000000000000000e+00	0.000000000000000000e+00	0.000000000000000000e+00
0.000000000000000000e+00	0.000000000000000000e+00	0.000000000000000000e+00	0.000000000000000000e+00	0.000000000000000000e+00
0.000000000000000000e+00	0.000000000000000000e+00	0.000000000000000000e+00	0.000000000000000000e+00	0.000000000000000000e+00
0.000000000000000000e+00	0.000000000000000000e+00	0.000000000000000000e+00	0.000000000000000000e+00	0.000000000000000000e+00
0.000000000000000000e+00	0.000000000000000000e+00	0.000000000000000000e+00	0.000000000000000000e+00	0.000000000000000000e+00
0.000000000000000000e+00	0.000000000000000000e+00	0.000000000000000000e+00	0.000000000000000000e+00	0.000000000000000000e+00
0.000000000000000000e+00	0.000000000000000000e+00	0.000000000000000000e+00	0.000000000000000000e+00	0.000000000000000000e+00
0.000000000000000000e+00	0.000000000000000000e+00	0.000000000000000000e+00	0.000000000000000000e+00	0.000000000000000000e+00
0.000000000000000000e+00	0.000000000000000000e+00	0.000000000000000000e+00	0.000000000000000000e+00	0.000000000000000000e+00
0.000000000000000000e+00	0.000000000000000000e+00	0.000000000000000000e+00	0.000000000000000000e+00	0.000000000000000000e+00
0.000000000000000000e+00	0.000000000000000000e+00	0.000000000000000000e+00	0.000000000000000000e+00	0.000000000000000000e+00
0.000000000000000000e+00	0.000000000000000000e+00	0.000000000000000000e+00	0.000000000000000000e+00	0.000000000000000000e+00
0.000000000000000000e+00	0.000000000000000000e+00	0.000000000000000000e+00	0.000000000000000000e+00	0.000000000000000000e+00
0.000000000000000000e+00	0.000000000000000000e+00	0.000000000000000000e+00	0.000000000000000000e+00	0.000000000000000000e+00
0.000000000000000000e+00	0.000000000000000000e+00	0.000000000000000000e+00	0.000000000000000000e+00	0.000000000000000000e+00
0.000000000000000000e+00	0.000000000000000000e+00	0.000000000000000000e+00	0.000000000000000000e+00	0.000000000000000000e+00
0.000000000000000000e+00	0.000000000000000000e+00	0.000000000000000000e+00	0.000000000000000000e+00	0.000000000000000000e+00
0.000000000000000000e+00	0.000000000000000000e+00	0.000000000000000000e+00	0.000000000000000000e+00	0.000000000000000000e+00
0.000000000000000000e+00	0.000000000000000000e+00	0.000000000000000000e+00	0.000000000000000000e+00	0.000000000000000000e+00
0.000000000000000000e+00	0.000000000000000000e+00	0.000000000000000000e+00	0.000000000000000000e+00	0.000000000000000000e+00
0.000000000000000000e+00	0.000000000000000000e+00	0.000000000000000000e+00	0.000000000000000000e+00	0.000000000000000000e+00
0.000000000000000000e+00	0.000000000000000000e+00	0.000000000000000000e+00	0.000000000000000000e+00	0.000000000000000000e+00
0.000000000000000000e+00	0.000000000000000000e+00	0.000000000000000000e+00	0.000000000000000000e+00	0.000000000000000000e+00
0.000000000000000000e+00	0.000000000000000000e+00	0.000000000000000000e+00	0.000000000000000000e+00	0.000000000000000000e+00
0.000000000000000000e+00	0.000000000000000000e+00	0.000000000000000000e+00	0.000000000000000000e+00	0.000000000000000000e+00
0.000000000000000000e+00	0.000000000000000000e+00	0.000000000000000000e+00	0.000000000000000000e+00	0.000000000000000000e+00
0.000000000000000000e+00	0.000000000000000000e+00	0.000000000000000000e+00	0.000000000000000000e+00	0.000000000000000000e+00
0.000000000000000000e+00	0.000000000000000000e+00	0.000000000000000000e+00	0.000000000000000000e+00	0.000000000000000000e+00
0.000000000000000000e+00	0.000000000000000000e+00	0.000000000000000000e+00	0.000000000000000000e+00	0.000000000000000000e+00
0.000000000000000000e+00	0.000000000000000000e+00	0.000000000000000000e+00	0.000000000000000000e+00	0.000000000000000000e+00
0.000000000000000000e+00	0.000000000000000000e+00	0.000000000000000000e+00	0.000000000000000000e+00	0.000000000000000000e+00
0.000000000000000000e+00	0.000000000000000000e+00	0.000000000000000000e+00	0.000000000000000000e+00	0.000000000000000000e+00
0.000000000000000000e+00	0.000000000000000000e+00	0.000000000000000000e+00	0.000000000000000000e+00	0.000000000000000000e+00
0.000000000000000000e+00	0.000000000000000000e+00	0.000000000000000000e+00	0.000000000000000000e+00	0.000000000000000000e+00
-3.000841999999999825e+04	0.000000000000000000e+00	0.000000000000000000e+00	3.387554551835688516e-02	0.000000000000000000e+00
-3.000840999999999985e+04	0.000000000000000000e+00	0.000000000000000000e+00	2.594073305459761516e-02	0.000000000000000000e+00
-3.000840000000000146e+04	0.000000000000000000e+00	0.000000000000000000e+00	2.410962248603778363e-02	0.000000000000000000e+00
-3.000838999999999942e+04	0.000000000000000000e+00	0.000000000000000000e+00	2.380443739127780997e-02	0.000000000000000000e+00
-3.000836999999999898e+04	0.000000000000000000e+00	0.000000000000000000e+00	1.953184606463820305e-02	0.000000000000000000e+00
-3.000836999999999898e+04	0.000000000000000000e+00	0.000000000000000000e+00	2.166814172795800825e-02	0.000000000000000000e+00
-3.000836000000000058e+04	0.000000000000000000e+00	0.000000000000000000e+00	2.227851191747795209e-02	0.000000000000000000e+00
-3.000834999999999854e+04	0.000000000000000000e+00	0.000000000000000000e+00	2.105777153843806440e-02	0.000000000000000000e+00
-3.000834999999999854e+04	0.000000000000000000e+00	0.000000000000000000e+00	2.227851191747795209e-02	0.000000000000000000e+00
-3.000834000000000015e+04	0.000000000000000000e+00	0.000000000000000000e+00	2.258369701223792228e-02	0.000000000000000000e+00
-3.000834000000000015e+04	0.000000000000000000e+00	0.000000000000000000e+00	1.831110568559831536e-02	0.000000000000000000e+00
-3.000833000000000175e+04	0.000000000000000000e+00	0.000000000000000000e+00	1.586962492751853998e-02	0.000000000000000000e+00
-3.000833000000000175e+04	0.000000000000000000e+00	0.000000000000000000e+00	3.204443494979705015e-02	0.000000000000000000e+00
-3.000831999999999971e+04	0.000000000000000000e+00	0.000000000000000000e+00	2.838221381267739055e-02	0.000000000000000000e+00
-3.000831000000000131e+04	0.000000000000000000e+00	0.000000000000000000e+00	2.410962248603778363e-02	0.000000000000000000e+00
-3.000829999999999927e+04	0.000000000000000000e+00	0.000000000000000000e+00	1.983703115939817671e-02	0.000000000000000000e+00
-3.000829000000000087e+04	0.000000000000000000e+00	0.000000000000000000e+00	2.349925229651783978e-02	0.000000000000000000e+00
-3.000827999999999884e+04	0.000000000000000000e+00	0.000000000000000000e+00	2.899258400219733439e-02	0.000000000000000000e+00
-3.000827000000000044e+04	0.000000000000000000e+00	0.000000000000000000e+00	3.326517532883693784e-02	0.000000000000000000e+00
-3.000825999999999840e+04	0.000000000000000000e+00	0.000000000000000000e+00	2.624591814935758535e-02	0.000000000000000000e+00
-3.000825000000000000e+04	0.000000000000000000e+00	0.000000000000000000e+00	2.838221381267739055e-02	0.000000000000000000e+00
-3.000822999999999956e+04	0.000000000000000000e+00	0.000000000000000000e+00	2.685628833887752920e-02	0.000000000000000000e+00
-3.000822000000000116e+04	0.000000000000000000e+00	0.000000000000000000e+00	2.471999267555772747e-02	0.000000000000000000e+00
-3.000820999999999913e+04	0.000000000000000000e+00	0.000000000000000000e+00	2.288888210699789594e-02	0.000000000000000000e+00
-3.000820000000000073e+04	0.000000000000000000e+00	0.000000000000000000e+00	2.136295663319803459e-02	0.000000000000000000e+00
-3.000820000000000073e+04	0.000000000000000000e+00	0.000000000000000000e+00	2.716147343363750286e-02	0.000000000000000000e+00
-3.000818999999999869e+04	0.000000000000000000e+00	0.000000000000000000e+00	2.807702871791741689e-02	0.000000000000000000e+00
-3.000818999999999869e+04	0.000000000000000000e+00	0.000000000000000000e+00	2.868739890743736073e-02	0.000000000000000000e+00
-3.000818000000000029e+04	0.000000000000000000e+00	0.000000000000000000e+00	1.983703115939817671e-02	0.000000000000000000e+00
-3.000816999999999825e+04	0.000000000000000000e+00	0.000000000000000000e+00	3.051850947599719227e-02	0.000000000000000000e+00
-3.000815999999999985e+04	0.000000000000000000e+00	0.000000000000000000e+00	2.594073305459761516e-02	0.000000000000000000e+00
-3.000815999999999985e+04	0.000000000000000000e+00	0.000000000000000000e+00	2.685628833887752920e-02	0.000000000000000000e+00
-3.000815000000000146e+04	0.000000000000000000e+00	0.000000000000000000e+00	3.662221137119663072e-02	0.000000000000000000e+00
-3.000813999999999942e+04	0.000000000000000000e+00	0.000000000000000000e+00	2.838221381267739055e-02	0.000000000000000000e+00
-3.000813999999999942e+04	0.000000000000000000e+00	0.000000000000000000e+00	2.166814172795800825e-02	0.000000000000000000e+00
-3.000813000000000102e+04	0.000000000000000000e+00	0.000000000000000000e+00	1.953184606463820305e-02	0.000000000000000000e+00
-3.000811999999999898e+04	0.000000000000000000e+00	0.000000000000000000e+00	1.892147587511825921e-02	0.000000000000000000e+00
-3.000811999999999898e+04	0.000000000000000000e+00	0.000000000000000000e+00	2.746665852839747304e-02	0.000000000000000000e+00
-3.000811999999999898e+04	0.000000000000000000e+00	0.000000000000000000e+00	3.570665608691671322e-02	0.000000000000000000e+00
-3.000809999999999854e+04	0.000000000000000000e+00	0.000000000000000000e+00	2.258369701223792228e-02	0.000000000000000000e+00
-3.000809000000000015e+04	0.000000000000000000e+00	0.000000000000000000e+00	3.784295175023651842e-02	0.000000000000000000e+00
-3.000809000000000015e+04	0.000000000000000000e+00	0.000000000000000000e+00	2.929776909695730458e-02	0.000000000000000000e+00
-3.000808000000000175e+04	0.000000000000000000e+00	0.000000000000000000e+00	2.899258400219733439e-02	0.000000000000000000e+00
-3.000806000000000131e+04	0.000000000000000000e+00	0.000000000000000000e+00	2.838221381267739055e-02	0.000000000000000000e+00
-3.000806000000000131e+04	0.000000000000000000e+00	0.000000000000000000e+00	2.197332682271797843e-02	0.000000000000000000e+00
-3.000804999999999927e+04	0.000000000000000000e+00	0.000000000000000000e+00	2.624591814935758535e-02	0.000000000000000000e+00
-3.000804000000000087e+04	0.000000000000000000e+00	0.000000000000000000e+00	2.502517777031769766e-02	0.000000000000000000e+00
-3.000804000000000087e+04	0.000000000000000000e+00	0.000000000000000000e+00	3.295999023407696765e-02	0.000000000000000000e+00
-3.000802999999999884e+04	0.000000000000000000e+00	0.000000000000000000e+00	2.533036286507767132e-02	0.000000000000000000e+00
-3.000802000000000044e+04	0.000000000000000000e+00	0.000000000000000000e+00	5.188146610919522686e-03	0.000000000000000000e+00
-3.000800999999999840e+04	0.000000000000000000e+00	0.000000000000000000e+00	3.204443494979705015e-02	0.000000000000000000e+00
-3.000800000000000000e+04	0.000000000000000000e+00	0.000000000000000000e+00	2.655110324411755901e-02	0.000000000000000000e+00
-3.000800000000000000e+04	0.000000000000000000e+00	0.000000000000000000e+00	2.838221381267739055e-02	0.000000000000000000e+00
-3.000799000000000160e+04	0.000000000000000000e+00	0.000000000000000000e+00	2.014221625415814690e-02	0.000000000000000000e+00
-3.000797999999999956e+04	0.000000000000000000e+00	0.000000000000000000e+00	1.953184606463820305e-02	0.000000000000000000e+00
-3.000797000000000116e+04	0.000000000000000000e+00	0.000000000000000000e+00	1.556443983275856806e-02	0.000000000000000000e+00
-3.000795999999999913e+04	0.000000000000000000e+00	0.000000000000000000e+00	2.380443739127780997e-02	0.000000000000000000e+00
-3.000795000000000073e+04	0.000000000000000000e+00	0.000000000000000000e+00	3.082369457075716593e-02	0.000000000000000000e+00
-3.000795000000000073e+04	0.000000000000000000e+00	0.000000000000000000e+00	2.380443739127780997e-02	0.000000000000000000e+00
-3.000793999999999869e+04	0.000000000000000000e+00	0.000000000000000000e+00	2.258369701223792228e-02	0.000000000000000000e+00
-3.000793000000000029e+04	0.000000000000000000e+00	0.000000000000000000e+00	2.502517777031769766e-02	0.000000000000000000e+00
-3.000791999999999825e+04	0.000000000000000000e+00	0.000000000000000000e+00	2.410962248603778363e-02	0.000000000000000000e+00
-3.000791999999999825e+04	0.000000000000000000e+00	0.000000000000000000e+00	2.685628833887752920e-02	0.000000000000000000e+00
-3.000790999999999985e+04	0.000000000000000000e+00	0.000000000000000000e+00	2.288888210699789594e-02	0.000000000000000000e+00
-3.000790000000000146e+04	0.000000000000000000e+00	0.000000000000000000e+00	2.990813928647724843e-02	0.000000000000000000e+00
-3.000788999999999942e+04	0.000000000000000000e+00	0.000000000000000000e+00	2.471999267555772747e-02	0.000000000000000000e+00
-3.000788000000000102e+04	0.000000000000000000e+00	0.000000000000000000e+00	2.685628833887752920e-02	0.000000000000000000e+00
-3.000786999999999898e+04	0.000000000000000000e+00	0.000000000000000000e+00	3.295999023407696765e-02	0.000000000000000000e+00
-3.000786000000000058e+04	0.000000000000000000e+00	0.000000000000000000e+00	3.662221137119663072e-02	0.000000000000000000e+00
-3.000784999999999854e+04	0.000000000000000000e+00	0.000000000000000000e+00	2.380443739127780997e-02	0.000000000000000000e+00
-3.000784000000000015e+04	0.000000000000000000e+00	0.000000000000000000e+00	2.410962248603778363e-02	0.000000000000000000e+00
-3.000783000000000175e+04	0.000000000000000000e+00	0.000000000000000000e+00	2.716147343363750286e-02	0.000000000000000000e+00
-3.000781999999999971e+04	0.000000000000000000e+00	0.000000000000000000e+00	2.868739890743736073e-02	0.000000000000000000e+00
-3.000781000000000131e+04	0.000000000000000000e+00	0.000000000000000000e+00	2.685628833887752920e-02	0.000000000000000000e+00
-3.000779999999999927e+04	0.000000000000000000e+00	0.000000000000000000e+00	2.929776909695730458e-02	0.000000000000000000e+00
-3.000779000000000087e+04	0.000000000000000000e+00	0.000000000000000000e+00	2.594073305459761516e-02	0.000000000000000000e+00
-3.000777999999999884e+04	0.000000000000000000e+00	0.000000000000000000e+00	3.692739646595660091e-02	0.000000000000000000e+00
-3.000777000000000044e+04	0.000000000000000000e+00	0.000000000000000000e+00	2.746665852839747304e-02	0.000000000000000000e+00
-3.000775999999999840e+04	0.000000000000000000e+00	0.000000000000000000e+00	2.533036286507767132e-02	0.000000000000000000e+00
-3.000775000000000000e+04	0.000000000000000000e+00	0.000000000000000000e+00	1.770073549607837152e-02	0.000000000000000000e+00
-3.000775000000000000e+04	0.000000000000000000e+00	0.000000000000000000e+00	1.922666096987823287e-02	0.000000000000000000e+00
-3.000774000000000160e+04	0.000000000000000000e+00	0.000000000000000000e+00	2.960295419171727824e-02	0.000000000000000000e+00
-3.000772999999999956e+04	0.000000000000000000e+00	0.000000000000000000e+00	3.601184118167669035e-02	0.000000000000000000e+00
-3.000772999999999956e+04	0.000000000000000000e+00	0.000000000000000000e+00	3.173924985503707996e-02	0.000000000000000000e+00
-3.000772000000000116e+04	0.000000000000000000e+00	0.000000000000000000e+00	1.739555040131840133e-02	0.000000000000000000e+00
-3.000770999999999913e+04	0.000000000000000000e+00	0.000000000000000000e+00	2.441480758079775382e-02	0.000000000000000000e+00
-3.000770000000000073e+04	0.000000000000000000e+00	0.000000000000000000e+00	1.922666096987823287e-02	0.000000000000000000e+00
-3.000770000000000073e+04	0.000000000000000000e+00	0.000000000000000000e+00	2.197332682271797843e-02	0.000000000000000000e+00
-3.000768999999999869e+04	0.000000000000000000e+00	0.000000000000000000e+00	2.685628833887752920e-02	0.000000000000000000e+00
-3.000768000000000029e+04	0.000000000000000000e+00	0.000000000000000000e+00	2.197332682271797843e-02	0.000000000000000000e+00
-3.000766999999999825e+04	0.000000000000000000e+00	0.000000000000000000e+00	2.105777153843806440e-02	0.000000000000000000e+00
-3.000765999999999985e+04	0.000000000000000000e+00	0.000000000000000000e+00	3.357036042359691497e-02	0.000000000000000000e+00
-3.000765000000000146e+04	0.000000000000000000e+00	0.000000000000000000e+00	2.410962248603778363e-02	0.000000000000000000e+00
-3.000763000000000102e+04	0.000000000000000000e+00	0.000000000000000000e+00	2.685628833887752920e-02	0.000000000000000000e+00
-3.000763000000000102e+04	0.000000000000000000e+00	0.000000000000000000e+00	2.746665852839747304e-02	0.000000000000000000e+00
-3.000761999999999898e+04	0.000000000000000000e+00	0.000000000000000000e+00	3.112887966551713612e-02	0.000000000000000000e+00
-3.000761000000000058e+04	0.000000000000000000e+00	0.000000000000000000e+00	3.570665608691671322e-02	0.000000000000000000e+00
-3.000759999999999854e+04	0.000000000000000000e+00	0.000000000000000000e+00	3.173924985503707996e-02	0.000000000000000000e+00
-3.000759000000000015e+04	0.000000000000000000e+00	0.000000000000000000e+00	2.471999267555772747e-02	0.000000000000000000e+00
-3.000758000000000175e+04	0.000000000000000000e+00	0.000000000000000000e+00	2.990813928647724843e-02	0.000000000000000000e+00
-3.000756999999999971e+04	0.000000000000000000e+00	0.000000000000000000e+00	2.899258400219733439e-02	0.000000000000000000e+00
-3.000756000000000131e+04	0.000000000000000000e+00	0.000000000000000000e+00	2.594073305459761516e-02	0.000000000000000000e+00
-3.000756000000000131e+04	0.000000000000000000e+00	0.000000000000000000e+00	3.204443494979705015e-02	0.000000000000000000e+00
-3.000754999999999927e+04	0.000000000000000000e+00	0.000000000000000000e+00	3.143406476027710977e-02	0.000000000000000000e+00
-3.000754000000000087e+04	0.000000000000000000e+00	0.000000000000000000e+00	2.746665852839747304e-02	0.000000000000000000e+00
-3.000752999999999884e+04	0.000000000000000000e+00	0.000000000000000000e+00	3.540147099215674303e-02	0.000000000000000000e+00
-3.000752999999999884e+04	0.000000000000000000e+00	0.000000000000000000e+00	2.044740134891812056e-02	0.000000000000000000e+00
-3.000750999999999840e+04	0.000000000000000000e+00	0.000000000000000000e+00	2.227851191747795209e-02	0.000000000000000000e+00
-3.000750000000000000e+04	0.000000000000000000e+00	0.000000000000000000e+00	2.685628833887752920e-02	0.000000000000000000e+00
-3.000749000000000160e+04	0.000000000000000000e+00	0.000000000000000000e+00	2.136295663319803459e-02	0.000000000000000000e+00
-3.000747999999999956e+04	0.000000000000000000e+00	0.000000000000000000e+00	2.899258400219733439e-02	0.000000000000000000e+00
-3.000745999999999913e+04	0.000000000000000000e+00	0.000000000000000000e+00	2.533036286507767132e-02	0.000000000000000000e+00
-3.000743999999999869e+04	0.000000000000000000e+00	0.000000000000000000e+00	2.594073305459761516e-02	0.000000000000000000e+00
-3.000743000000000029e+04	0.000000000000000000e+00	0.000000000000000000e+00	1.983703115939817671e-02	0.000000000000000000e+00
-3.000743000000000029e+04	0.000000000000000000e+00	0.000000000000000000e+00	2.990813928647724843e-02	0.000000000000000000e+00
-3.000740999999999985e+04	0.000000000000000000e+00	0.000000000000000000e+00	3.173924985503707996e-02	0.000000000000000000e+00
-3.000740000000000146e+04	0.000000000000000000e+00	0.000000000000000000e+00	3.357036042359691497e-02	0.000000000000000000e+00
-3.000738999999999942e+04	0.000000000000000000e+00	0.000000000000000000e+00	3.234962004455702728e-02	0.000000000000000000e+00
-3.000738000000000102e+04	0.000000000000000000e+00	0.000000000000000000e+00	2.868739890743736073e-02	0.000000000000000000e+00
-3.000736000000000058e+04	0.000000000000000000e+00	0.000000000000000000e+00	1.892147587511825921e-02	0.000000000000000000e+00
-3.000734999999999854e+04	0.000000000000000000e+00	0.000000000000000000e+00	3.784295175023651842e-02	0.000000000000000000e+00
-3.000734000000000015e+04	0.000000000000000000e+00	0.000000000000000000e+00	3.051850947599719227e-02	0.000000000000000000e+00
-3.000731999999999971e+04	0.000000000000000000e+00	0.000000000000000000e+00	2.594073305459761516e-02	0.000000000000000000e+00
-3.000731999999999971e+04	0.000000000000000000e+00	0.000000000000000000e+00	2.594073305459761516e-02	0.000000000000000000e+00
-3.000729999999999927e+04	0.000000000000000000e+00	0.000000000000000000e+00	2.533036286507767132e-02	0.000000000000000000e+00
-3.000729000000000087e+04	0.000000000000000000e+00	0.000000000000000000e+00	2.655110324411755901e-02	0.000000000000000000e+00
-3.000727999999999884e+04	0.000000000000000000e+00	0.000000000000000000e+00	2.166814172795800825e-02	0.000000000000000000e+00
-3.000727999999999884e+04	0.000000000000000000e+00	0.000000000000000000e+00	2.533036286507767132e-02	0.000000000000000000e+00
-3.000725999999999840e+04	0.000000000000000000e+00	0.000000000000000000e+00	2.716147343363750286e-02	0.000000000000000000e+00
-3.000725000000000000e+04	0.000000000000000000e+00	0.000000000000000000e+00	2.655110324411755901e-02	0.000000000000000000e+00
-3.000724000000000160e+04	0.000000000000000000e+00	0.000000000000000000e+00	2.960295419171727824e-02	0.000000000000000000e+00
-3.000722000000000116e+04	0.000000000000000000e+00	0.000000000000000000e+00	2.380443739127780997e-02	0.000000000000000000e+00
-3.000720000000000073e+04	0.000000000000000000e+00	0.000000000000000000e+00	2.227851191747795209e-02	0.000000000000000000e+00
-3.000718999999999869e+04	0.000000000000000000e+00	0.000000000000000000e+00	2.410962248603778363e-02	0.000000000000000000e+00
-3.000716999999999825e+04	0.000000000000000000e+00	0.000000000000000000e+00	2.197332682271797843e-02	0.000000000000000000e+00
-3.000715999999999985e+04	0.000000000000000000e+00	0.000000000000000000e+00	2.471999267555772747e-02	0.000000000000000000e+00
-3.000713999999999942e+04	0.000000000000000000e+00	0.000000000000000000e+00	4.821924497207556726e-02	0.000000000000000000e+00
-3.000713000000000102e+04	0.000000000000000000e+00	0.000000000000000000e+00	3.540147099215674303e-02	0.000000000000000000e+00
-3.000711000000000058e+04	0.000000000000000000e+00	0.000000000000000000e+00	2.807702871791741689e-02	0.000000000000000000e+00
-3.000709999999999854e+04	0.000000000000000000e+00	0.000000000000000000e+00	2.197332682271797843e-02	0.000000000000000000e+00
-3.000709000000000015e+04	0.000000000000000000e+00	0.000000000000000000e+00	2.624591814935758535e-02	0.000000000000000000e+00
-3.000708000000000175e+04	0.000000000000000000e+00	0.000000000000000000e+00	2.929776909695730458e-02	0.000000000000000000e+00
-3.000706999999999971e+04	0.000000000000000000e+00	0.000000000000000000e+00	3.051850947599719227e-02	0.000000000000000000e+00
-3.000706000000000131e+04	0.000000000000000000e+00	0.000000000000000000e+00	3.814813684499648860e-02	0.000000000000000000e+00
-3.000704000000000087e+04	0.000000000000000000e+00	0.000000000000000000e+00	3.601184118167669035e-02	0.000000000000000000e+00
-3.000704000000000087e+04	0.000000000000000000e+00	0.000000000000000000e+00	3.082369457075716593e-02	0.000000000000000000e+00
-3.000702000000000044e+04	0.000000000000000000e+00	0.000000000000000000e+00	3.082369457075716593e-02	0.000000000000000000e+00
-3.000700999999999840e+04	0.000000000000000000e+00	0.000000000000000000e+00	2.716147343363750286e-02	0.000000000000000000e+00
-3.000699000000000160e+04	0.000000000000000000e+00	0.000000000000000000e+00	3.112887966551713612e-02	0.000000000000000000e+00
-3.000697000000000116e+04	0.000000000000000000e+00	0.000000000000000000e+00	2.533036286507767132e-02	0.000000000000000000e+00
-3.000695999999999913e+04	0.000000000000000000e+00	0.000000000000000000e+00	2.929776909695730458e-02	0.000000000000000000e+00
-3.000695000000000073e+04	0.000000000000000000e+00	0.000000000000000000e+00	2.960295419171727824e-02	0.000000000000000000e+00
-3.000693999999999869e+04	0.000000000000000000e+00	0.000000000000000000e+00	2.990813928647724843e-02	0.000000000000000000e+00
-3.000691999999999825e+04	0.000000000000000000e+00	0.000000000000000000e+00	2.746665852839747304e-02	0.000000000000000000e+00
-3.000690999999999985e+04	0.000000000000000000e+00	0.000000000000000000e+00	1.739555040131840133e-02	0.000000000000000000e+00
-3.000690000000000146e+04	0.000000000000000000e+00	0.000000000000000000e+00	2.716147343363750286e-02	0.000000000000000000e+00
-3.000688999999999942e+04	0.000000000000000000e+00	0.000000000000000000e+00	2.471999267555772747e-02	0.000000000000000000e+00
-3.000688000000000102e+04	0.000000000000000000e+00	0.000000000000000000e+00	3.173924985503707996e-02	0.000000000000000000e+00
-3.000686999999999898e+04	0.000000000000000000e+00	0.000000000000000000e+00	3.357036042359691497e-02	0.000000000000000000e+00
-3.000684999999999854e+04	0.000000000000000000e+00	0.000000000000000000e+00	2.380443739127780997e-02	0.000000000000000000e+00
-3.000684000000000015e+04	0.000000000000000000e+00	0.000000000000000000e+00	2.868739890743736073e-02	0.000000000000000000e+00
-3.000681999999999971e+04	0.000000000000000000e+00	0.000000000000000000e+00	2.716147343363750286e-02	0.000000000000000000e+00
-3.000681000000000131e+04	0.000000000000000000e+00	0.000000000000000000e+00	2.380443739127780997e-02	0.000000000000000000e+00
-3.000679000000000087e+04	0.000000000000000000e+00	0.000000000000000000e+00	2.471999267555772747e-02	0.000000000000000000e+00
-3.000677000000000044e+04	0.000000000000000000e+00	0.000000000000000000e+00	2.899258400219733439e-02	0.000000000000000000e+00
-3.000675999999999840e+04	0.000000000000000000e+00	0.000000000000000000e+00	3.936887722403637629e-02	0.000000000000000000e+00
-3.000674000000000160e+04	0.000000000000000000e+00	0.000000000000000000e+00	3.326517532883693784e-02	0.000000000000000000e+00
-3.000672999999999956e+04	0.000000000000000000e+00	0.000000000000000000e+00	3.418073061311685534e-02	0.000000000000000000e+00
-3.000672000000000116e+04	0.000000000000000000e+00	0.000000000000000000e+00	3.662221137119663072e-02	0.000000000000000000e+00
-3.000670000000000073e+04	0.000000000000000000e+00	0.000000000000000000e+00	2.746665852839747304e-02	0.000000000000000000e+00
-3.000668999999999869e+04	0.000000000000000000e+00	0.000000000000000000e+00	3.234962004455702728e-02	0.000000000000000000e+00
-3.000668000000000029e+04	0.000000000000000000e+00	0.000000000000000000e+00	4.058961760307626399e-02	0.000000000000000000e+00
-3.000666999999999825e+04	0.000000000000000000e+00	0.000000000000000000e+00	3.692739646595660091e-02	0.000000000000000000e+00
-3.000665000000000146e+04	0.000000000000000000e+00	0.000000000000000000e+00	3.112887966551713612e-02	0.000000000000000000e+00
-3.000663000000000102e+04	0.000000000000000000e+00	0.000000000000000000e+00	2.838221381267739055e-02	0.000000000000000000e+00
-3.000661000000000058e+04	0.000000000000000000e+00	0.000000000000000000e+00	2.746665852839747304e-02	0.000000000000000000e+00
-3.000659999999999854e+04	0.000000000000000000e+00	0.000000000000000000e+00	3.601184118167669035e-02	0.000000000000000000e+00
-3.000658000000000175e+04	0.000000000000000000e+00	0.000000000000000000e+00	3.540147099215674303e-02	0.000000000000000000e+00
-3.000656000000000131e+04	0.000000000000000000e+00	0.000000000000000000e+00	3.875850703451643592e-02	0.000000000000000000e+00
-3.000654999999999927e+04	0.000000000000000000e+00	0.000000000000000000e+00	3.112887966551713612e-02	0.000000000000000000e+00
-3.000654000000000087e+04	0.000000000000000000e+00	0.000000000000000000e+00	3.204443494979705015e-02	0.000000000000000000e+00
-3.000652000000000044e+04	0.000000000000000000e+00	0.000000000000000000e+00	2.929776909695730458e-02	0.000000000000000000e+00
-3.000650999999999840e+04	0.000000000000000000e+00	0.000000000000000000e+00	2.594073305459761516e-02	0.000000000000000000e+00
-3.000650000000000000e+04	0.000000000000000000e+00	0.000000000000000000e+00	3.418073061311685534e-02	0.000000000000000000e+00
-3.000647000000000116e+04	0.000000000000000000e+00	0.000000000000000000e+00	3.143406476027710977e-02	0.000000000000000000e+00
-3.000645000000000073e+04	0.000000000000000000e+00	0.000000000000000000e+00	2.349925229651783978e-02	0.000000000000000000e+00
-3.000643999999999869e+04	0.000000000000000000e+00	0.000000000000000000e+00	2.960295419171727824e-02	0.000000000000000000e+00
-3.000643000000000029e+04	0.000000000000000000e+00	0.000000000000000000e+00	2.807702871791741689e-02	0.000000000000000000e+00
-3.000640000000000146e+04	0.000000000000000000e+00	0.000000000000000000e+00	1.709036530655842767e-02	0.000000000000000000e+00
-3.000638000000000102e+04	0.000000000000000000e+00	0.000000000000000000e+00	3.234962004455702728e-02	0.000000000000000000e+00
-3.000634999999999854e+04	0.000000000000000000e+00	0.000000000000000000e+00	3.601184118167669035e-02	0.000000000000000000e+00
-3.000633000000000175e+04	0.000000000000000000e+00	0.000000000000000000e+00	2.533036286507767132e-02	0.000000000000000000e+00
-3.000631000000000131e+04	0.000000000000000000e+00	0.000000000000000000e+00	2.960295419171727824e-02	0.000000000000000000e+00
-3.000629000000000087e+04	0.000000000000000000e+00	0.000000000000000000e+00	2.960295419171727824e-02	0.000000000000000000e+00
-3.000627000000000044e+04	0.000000000000000000e+00	0.000000000000000000e+00	4.089480269783624111e-02	0.000000000000000000e+00
-3.000625000000000000e+04	0.000000000000000000e+00	0.000000000000000000e+00	3.509628589739677285e-02	0.000000000000000000e+00
-3.000624000000000160e+04	0.000000000000000000e+00	0.000000000000000000e+00	4.058961760307626399e-02	0.000000000000000000e+00
-3.000622000000000116e+04	0.000000000000000000e+00	0.000000000000000000e+00	2.960295419171727824e-02	0.000000000000000000e+00
-3.000620999999999913e+04	0.000000000000000000e+00	0.000000000000000000e+00	3.418073061311685534e-02	0.000000000000000000e+00
-3.000618999999999869e+04	0.000000000000000000e+00	0.000000000000000000e+00	3.845332193975646573e-02	0.000000000000000000e+00
-3.000616999999999825e+04	0.000000000000000000e+00	0.000000000000000000e+00	3.662221137119663072e-02	0.000000000000000000e+00
-3.000613999999999942e+04	0.000000000000000000e+00	0.000000000000000000e+00	3.753776665547654823e-02	0.000000000000000000e+00
-3.000611999999999898e+04	0.000000000000000000e+00	0.000000000000000000e+00	3.326517532883693784e-02	0.000000000000000000e+00
-3.000609999999999854e+04	0.000000000000000000e+00	0.000000000000000000e+00	4.119998779259621130e-02	0.000000000000000000e+00
-3.000608000000000175e+04	0.000000000000000000e+00	0.000000000000000000e+00	3.326517532883693784e-02	0.000000000000000000e+00
-3.000604999999999927e+04	0.000000000000000000e+00	0.000000000000000000e+00	2.685628833887752920e-02	0.000000000000000000e+00
-3.000602999999999884e+04	0.000000000000000000e+00	0.000000000000000000e+00	3.601184118167669035e-02	0.000000000000000000e+00
-3.000600999999999840e+04	0.000000000000000000e+00	0.000000000000000000e+00	2.960295419171727824e-02	0.000000000000000000e+00
-3.000599000000000160e+04	0.000000000000000000e+00	0.000000000000000000e+00	3.753776665547654823e-02	0.000000000000000000e+00
-3.000597999999999956e+04	0.000000000000000000e+00	0.000000000000000000e+00	3.509628589739677285e-02	0.000000000000000000e+00
-3.000595999999999913e+04	0.000000000000000000e+00	0.000000000000000000e+00	3.570665608691671322e-02	0.000000000000000000e+00
-3.000593999999999869e+04	0.000000000000000000e+00	0.000000000000000000e+00	3.051850947599719227e-02	0.000000000000000000e+00
-3.000591999999999825e+04	0.000000000000000000e+00	0.000000000000000000e+00	3.692739646595660091e-02	0.000000000000000000e+00
-3.000590000000000146e+04	0.000000000000000000e+00	0.000000000000000000e+00	3.173924985503707996e-02	0.000000000000000000e+00
-3.000588999999999942e+04	0.000000000000000000e+00	0.000000000000000000e+00	4.028443250831629380e-02	0.000000000000000000e+00
-3.000586000000000058e+04	0.000000000000000000e+00	0.000000000000000000e+00	3.875850703451643592e-02	0.000000000000000000e+00
-3.000583000000000175e+04	0.000000000000000000e+00	0.000000000000000000e+00	3.601184118167669035e-02	0.000000000000000000e+00
-3.000579000000000087e+04	0.000000000000000000e+00	0.000000000000000000e+00	4.058961760307626399e-02	0.000000000000000000e+00
-3.000575999999999840e+04	0.000000000000000000e+00	0.000000000000000000e+00	3.875850703451643592e-02	0.000000000000000000e+00
-3.000574000000000160e+04	0.000000000000000000e+00	0.000000000000000000e+00	3.326517532883693784e-02	0.000000000000000000e+00
-3.000572999999999956e+04	0.000000000000000000e+00	0.000000000000000000e+00	3.540147099215674303e-02	0.000000000000000000e+00
-3.000570999999999913e+04	0.000000000000000000e+00	0.000000000000000000e+00	3.845332193975646573e-02	0.000000000000000000e+00
-3.000568000000000029e+04	0.000000000000000000e+00	0.000000000000000000e+00	3.845332193975646573e-02	0.000000000000000000e+00
-3.000565000000000146e+04	0.000000000000000000e+00	0.000000000000000000e+00	2.441480758079775382e-02	0.000000000000000000e+00
-3.000561999999999898e+04	0.000000000000000000e+00	0.000000000000000000e+00	3.845332193975646573e-02	0.000000000000000000e+00
-3.000558000000000175e+04	0.000000000000000000e+00	0.000000000000000000e+00	3.509628589739677285e-02	0.000000000000000000e+00
-3.000554999999999927e+04	0.000000000000000000e+00	0.000000000000000000e+00	3.601184118167669035e-02	0.000000000000000000e+00
-3.000554000000000087e+04	0.000000000000000000e+00	0.000000000000000000e+00	3.540147099215674303e-02	0.000000000000000000e+00
-3.000550999999999840e+04	0.000000000000000000e+00	0.000000000000000000e+00	3.784295175023651842e-02	0.000000000000000000e+00
-3.000547999999999956e+04	0.000000000000000000e+00	0.000000000000000000e+00	3.906369212927640611e-02	0.000000000000000000e+00
-3.000545000000000073e+04	0.000000000000000000e+00	0.000000000000000000e+00	3.692739646595660091e-02	0.000000000000000000e+00
-3.000540999999999985e+04	0.000000000000000000e+00	0.000000000000000000e+00	3.387554551835688516e-02	0.000000000000000000e+00
-3.000538000000000102e+04	0.000000000000000000e+00	0.000000000000000000e+00	3.082369457075716593e-02	0.000000000000000000e+00
-3.000536999999999898e+04	0.000000000000000000e+00	0.000000000000000000e+00	3.326517532883693784e-02	0.000000000000000000e+00
-3.000534000000000015e+04	0.000000000000000000e+00	0.000000000000000000e+00	3.387554551835688516e-02	0.000000000000000000e+00
-3.000531000000000131e+04	0.000000000000000000e+00	0.000000000000000000e+00	3.509628589739677285e-02	0.000000000000000000e+00
-3.000527999999999884e+04	0.000000000000000000e+00	0.000000000000000000e+00	3.753776665547654823e-02	0.000000000000000000e+00
-3.000525000000000000e+04	0.000000000000000000e+00	0.000000000000000000e+00	3.448591570787682553e-02	0.000000000000000000e+00
-3.000522000000000116e+04	0.000000000000000000e+00	0.000000000000000000e+00	3.784295175023651842e-02	0.000000000000000000e+00
-3.000518999999999869e+04	0.000000000000000000e+00	0.000000000000000000e+00	3.509628589739677285e-02	0.000000000000000000e+00
-3.000516999999999825e+04	0.000000000000000000e+00	0.000000000000000000e+00	3.326517532883693784e-02	0.000000000000000000e+00
-3.000513999999999942e+04	0.000000000000000000e+00	0.000000000000000000e+00	4.058961760307626399e-02	0.000000000000000000e+00
-3.000509999999999854e+04	0.000000000000000000e+00	0.000000000000000000e+00	4.211554307687612880e-02	0.000000000000000000e+00
-3.000506000000000131e+04	0.000000000000000000e+00	0.000000000000000000e+00	3.814813684499648860e-02	0.000000000000000000e+00
-3.000502999999999884e+04	0.000000000000000000e+00	0.000000000000000000e+00	4.211554307687612880e-02	0.000000000000000000e+00
-3.000500000000000000e+04	0.000000000000000000e+00	0.000000000000000000e+00	4.028443250831629380e-02	0.000000000000000000e+00
-3.000497000000000116e+04	0.000000000000000000e+00	0.000000000000000000e+00	4.699850459303567957e-02	0.000000000000000000e+00
-3.000493999999999869e+04	0.000000000000000000e+00	0.000000000000000000e+00	4.577776421399579188e-02	0.000000000000000000e+00
-3.000490999999999985e+04	0.000000000000000000e+00	0.000000000000000000e+00	4.303109836115603937e-02	0.000000000000000000e+00
-3.000488000000000102e+04	0.000000000000000000e+00	0.000000000000000000e+00	4.852443006683553745e-02	0.000000000000000000e+00
-3.000484000000000015e+04	0.000000000000000000e+00	0.000000000000000000e+00	3.936887722403637629e-02	0.000000000000000000e+00
-3.000481000000000131e+04	0.000000000000000000e+00	0.000000000000000000e+00	3.662221137119663072e-02	0.000000000000000000e+00
-3.000477000000000044e+04	0.000000000000000000e+00	0.000000000000000000e+00	4.058961760307626399e-02	0.000000000000000000e+00
-3.000472999999999956e+04	0.000000000000000000e+00	0.000000000000000000e+00	4.577776421399579188e-02	0.000000000000000000e+00
-3.000470000000000073e+04	0.000000000000000000e+00	0.000000000000000000e+00	5.157628101443525320e-02	0.000000000000000000e+00
-3.000468000000000029e+04	0.000000000000000000e+00	0.000000000000000000e+00	4.852443006683553745e-02	0.000000000000000000e+00
-3.000465000000000146e+04	0.000000000000000000e+00	0.000000000000000000e+00	4.852443006683553745e-02	0.000000000000000000e+00
-3.000461999999999898e+04	0.000000000000000000e+00	0.000000000000000000e+00	4.119998779259621130e-02	0.000000000000000000e+00
-3.000459000000000015e+04	0.000000000000000000e+00	0.000000000000000000e+00	3.692739646595660091e-02	0.000000000000000000e+00
-3.000456000000000131e+04	0.000000000000000000e+00	0.000000000000000000e+00	4.638813440351573225e-02	0.000000000000000000e+00
-3.000452000000000044e+04	0.000000000000000000e+00	0.000000000000000000e+00	4.638813440351573225e-02	0.000000000000000000e+00
-3.000449000000000160e+04	0.000000000000000000e+00	0.000000000000000000e+00	4.089480269783624111e-02	0.000000000000000000e+00
-3.000445000000000073e+04	0.000000000000000000e+00	0.000000000000000000e+00	4.119998779259621130e-02	0.000000000000000000e+00
-3.000441999999999825e+04	0.000000000000000000e+00	0.000000000000000000e+00	4.455702383495590418e-02	0.000000000000000000e+00
-3.000438000000000102e+04	0.000000000000000000e+00	0.000000000000000000e+00	3.875850703451643592e-02	0.000000000000000000e+00
-3.000434000000000015e+04	0.000000000000000000e+00	0.000000000000000000e+00	4.058961760307626399e-02	0.000000000000000000e+00
-3.000429000000000087e+04	0.000000000000000000e+00	0.000000000000000000e+00	3.570665608691671322e-02	0.000000000000000000e+00
-3.000425999999999840e+04	0.000000000000000000e+00	0.000000000000000000e+00	5.554368724631489340e-02	0.000000000000000000e+00
-3.000422000000000116e+04	0.000000000000000000e+00	0.000000000000000000e+00	4.852443006683553745e-02	0.000000000000000000e+00
-3.000418000000000029e+04	0.000000000000000000e+00	0.000000000000000000e+00	5.401776177251502858e-02	0.000000000000000000e+00
-3.000411999999999898e+04	0.000000000000000000e+00	0.000000000000000000e+00	4.303109836115603937e-02	0.000000000000000000e+00
-3.000408000000000175e+04	0.000000000000000000e+00	0.000000000000000000e+00	5.615405743583483378e-02	0.000000000000000000e+00
-3.000404000000000087e+04	0.000000000000000000e+00	0.000000000000000000e+00	5.645924253059480397e-02	0.000000000000000000e+00
-3.000400999999999840e+04	0.000000000000000000e+00	0.000000000000000000e+00	4.638813440351573225e-02	0.000000000000000000e+00
-3.000397000000000116e+04	0.000000000000000000e+00	0.000000000000000000e+00	4.577776421399579188e-02	0.000000000000000000e+00
-3.000393000000000029e+04	0.000000000000000000e+00	0.000000000000000000e+00	5.981627857295449685e-02	0.000000000000000000e+00
-3.000390000000000146e+04	0.000000000000000000e+00	0.000000000000000000e+00	4.699850459303567957e-02	0.000000000000000000e+00
-3.000386999999999898e+04	0.000000000000000000e+00	0.000000000000000000e+00	4.547257911923581475e-02	0.000000000000000000e+00
-3.000384999999999854e+04	0.000000000000000000e+00	0.000000000000000000e+00	4.577776421399579188e-02	0.000000000000000000e+00
-3.000383000000000175e+04	0.000000000000000000e+00	0.000000000000000000e+00	5.310220648823511802e-02	0.000000000000000000e+00
-3.000381000000000131e+04	0.000000000000000000e+00	0.000000000000000000e+00	4.303109836115603937e-02	0.000000000000000000e+00
-3.000377999999999884e+04	0.000000000000000000e+00	0.000000000000000000e+00	4.699850459303567957e-02	0.000000000000000000e+00
-3.000375000000000000e+04	0.000000000000000000e+00	0.000000000000000000e+00	5.005035554063539532e-02	0.000000000000000000e+00
-3.000372999999999956e+04	0.000000000000000000e+00	0.000000000000000000e+00	5.005035554063539532e-02	0.000000000000000000e+00
-3.000370999999999913e+04	0.000000000000000000e+00	0.000000000000000000e+00	4.547257911923581475e-02	0.000000000000000000e+00
-3.000368000000000029e+04	0.000000000000000000e+00	0.000000000000000000e+00	5.432294686727500571e-02	0.000000000000000000e+00
-3.000365000000000146e+04	0.000000000000000000e+00	0.000000000000000000e+00	5.005035554063539532e-02	0.000000000000000000e+00
-3.000361999999999898e+04	0.000000000000000000e+00	0.000000000000000000e+00	4.089480269783624111e-02	0.000000000000000000e+00
-3.000359000000000015e+04	0.000000000000000000e+00	0.000000000000000000e+00	4.638813440351573225e-02	0.000000000000000000e+00
-3.000356000000000131e+04	0.000000000000000000e+00	0.000000000000000000e+00	4.303109836115603937e-02	0.000000000000000000e+00
-3.000352999999999884e+04	0.000000000000000000e+00	0.000000000000000000e+00	4.394665364543595687e-02	0.000000000000000000e+00
-3.000350000000000000e+04	0.000000000000000000e+00	0.000000000000000000e+00	4.821924497207556726e-02	0.000000000000000000e+00
-3.000349000000000160e+04	0.000000000000000000e+00	0.000000000000000000e+00	4.303109836115603937e-02	0.000000000000000000e+00
-3.000347999999999956e+04	0.000000000000000000e+00	0.000000000000000000e+00	4.547257911923581475e-02	0.000000000000000000e+00
-3.000345000000000073e+04	0.000000000000000000e+00	0.000000000000000000e+00	4.791405987731559013e-02	0.000000000000000000e+00
-3.000343000000000029e+04	0.000000000000000000e+00	0.000000000000000000e+00	5.096591082491531283e-02	0.000000000000000000e+00
-3.000340999999999985e+04	0.000000000000000000e+00	0.000000000000000000e+00	5.218665120395520052e-02	0.000000000000000000e+00
-3.000338999999999942e+04	0.000000000000000000e+00	0.000000000000000000e+00	5.340739158299508821e-02	0.000000000000000000e+00
-3.000336999999999898e+04	0.000000000000000000e+00	0.000000000000000000e+00	4.821924497207556726e-02	0.000000000000000000e+00
-3.000334000000000015e+04	0.000000000000000000e+00	0.000000000000000000e+00	4.730368968779564975e-02	0.000000000000000000e+00
-3.000333000000000175e+04	0.000000000000000000e+00	0.000000000000000000e+00	5.218665120395520052e-02	0.000000000000000000e+00
-3.000331999999999971e+04	0.000000000000000000e+00	0.000000000000000000e+00	4.943998535111545495e-02	0.000000000000000000e+00
-3.000329999999999927e+04	0.000000000000000000e+00	0.000000000000000000e+00	5.493331705679494609e-02	0.000000000000000000e+00
-3.000327999999999884e+04	0.000000000000000000e+00	0.000000000000000000e+00	5.279702139347514089e-02	0.000000000000000000e+00
-3.000325000000000000e+04	0.000000000000000000e+00	0.000000000000000000e+00	5.676442762535478109e-02	0.000000000000000000e+00
-3.000322999999999956e+04	0.000000000000000000e+00	0.000000000000000000e+00	5.432294686727500571e-02	0.000000000000000000e+00
-3.000320999999999913e+04	0.000000000000000000e+00	0.000000000000000000e+00	5.249183629871517071e-02	0.000000000000000000e+00
-3.000320000000000073e+04	0.000000000000000000e+00	0.000000000000000000e+00	5.645924253059480397e-02	0.000000000000000000e+00
-3.000316999999999825e+04	0.000000000000000000e+00	0.000000000000000000e+00	5.920590838343455647e-02	0.000000000000000000e+00
-3.000315000000000146e+04	0.000000000000000000e+00	0.000000000000000000e+00	5.401776177251502858e-02	0.000000000000000000e+00
-3.000313999999999942e+04	0.000000000000000000e+00	0.000000000000000000e+00	6.744590594195379318e-02	0.000000000000000000e+00
-3.000311999999999898e+04	0.000000000000000000e+00	0.000000000000000000e+00	5.218665120395520052e-02	0.000000000000000000e+00
-3.000308000000000175e+04	0.000000000000000000e+00	0.000000000000000000e+00	4.821924497207556726e-02	0.000000000000000000e+00
-3.000304000000000087e+04	0.000000000000000000e+00	0.000000000000000000e+00	4.974517044587542514e-02	0.000000000000000000e+00
-3.000302000000000044e+04	0.000000000000000000e+00	0.000000000000000000e+00	5.890072328867457935e-02	0.000000000000000000e+00
-3.000300999999999840e+04	0.000000000000000000e+00	0.000000000000000000e+00	5.279702139347514089e-02	0.000000000000000000e+00
-3.000299000000000160e+04	0.000000000000000000e+00	0.000000000000000000e+00	4.852443006683553745e-02	0.000000000000000000e+00
-3.000297999999999956e+04	0.000000000000000000e+00	0.000000000000000000e+00	5.218665120395520052e-02	0.000000000000000000e+00
-3.000295000000000073e+04	0.000000000000000000e+00	0.000000000000000000e+00	5.401776177251502858e-02	0.000000000000000000e+00
-3.000291999999999825e+04	0.000000000000000000e+00	0.000000000000000000e+00	5.554368724631489340e-02	0.000000000000000000e+00
-3.000290999999999985e+04	0.000000000000000000e+00	0.000000000000000000e+00	6.408886989959410030e-02	0.000000000000000000e+00
-3.000290000000000146e+04	0.000000000000000000e+00	0.000000000000000000e+00	6.622516556291391243e-02	0.000000000000000000e+00
-3.000288999999999942e+04	0.000000000000000000e+00	0.000000000000000000e+00	6.042664876247444417e-02	0.000000000000000000e+00
-3.000286000000000058e+04	0.000000000000000000e+00	0.000000000000000000e+00	5.615405743583483378e-02	0.000000000000000000e+00
-3.000281999999999971e+04	0.000000000000000000e+00	0.000000000000000000e+00	5.462813196203497590e-02	0.000000000000000000e+00
-3.000279000000000087e+04	0.000000000000000000e+00	0.000000000000000000e+00	6.714072084719382993e-02	0.000000000000000000e+00
-3.000277999999999884e+04	0.000000000000000000e+00	0.000000000000000000e+00	5.767998290963469166e-02	0.000000000000000000e+00
-3.000277000000000044e+04	0.000000000000000000e+00	0.000000000000000000e+00	6.042664876247444417e-02	0.000000000000000000e+00
-3.000274000000000160e+04	0.000000000000000000e+00	0.000000000000000000e+00	5.615405743583483378e-02	0.000000000000000000e+00
-3.000272000000000116e+04	0.000000000000000000e+00	0.000000000000000000e+00	5.920590838343455647e-02	0.000000000000000000e+00
-3.000270000000000073e+04	0.000000000000000000e+00	0.000000000000000000e+00	5.676442762535478109e-02	0.000000000000000000e+00
-3.000268000000000029e+04	0.000000000000000000e+00	0.000000000000000000e+00	5.188146610919523033e-02	0.000000000000000000e+00
-3.000265999999999985e+04	0.000000000000000000e+00	0.000000000000000000e+00	5.859553819391460916e-02	0.000000000000000000e+00
-3.000263000000000102e+04	0.000000000000000000e+00	0.000000000000000000e+00	5.066072573015534264e-02	0.000000000000000000e+00
-3.000261000000000058e+04	0.000000000000000000e+00	0.000000000000000000e+00	5.920590838343455647e-02	0.000000000000000000e+00
-3.000259000000000015e+04	0.000000000000000000e+00	0.000000000000000000e+00	6.469924008911405455e-02	0.000000000000000000e+00
-3.000256999999999971e+04	0.000000000000000000e+00	0.000000000000000000e+00	5.249183629871517071e-02	0.000000000000000000e+00
-3.000256000000000131e+04	0.000000000000000000e+00	0.000000000000000000e+00	6.225775933103427223e-02	0.000000000000000000e+00
-3.000252999999999884e+04	0.000000000000000000e+00	0.000000000000000000e+00	5.676442762535478109e-02	0.000000000000000000e+00
-3.000250999999999840e+04	0.000000000000000000e+00	0.000000000000000000e+00	5.676442762535478109e-02	0.000000000000000000e+00
-3.000249000000000160e+04	0.000000000000000000e+00	0.000000000000000000e+00	5.493331705679494609e-02	0.000000000000000000e+00
-3.000247999999999956e+04	0.000000000000000000e+00	0.000000000000000000e+00	5.951109347819452666e-02	0.000000000000000000e+00
-3.000245999999999913e+04	0.000000000000000000e+00	0.000000000000000000e+00	5.340739158299508821e-02	0.000000000000000000e+00
-3.000243999999999869e+04	0.000000000000000000e+00	0.000000000000000000e+00	5.523850215155491628e-02	0.000000000000000000e+00
-3.000241999999999825e+04	0.000000000000000000e+00	0.000000000000000000e+00	6.927701651051362819e-02	0.000000000000000000e+00
-3.000240999999999985e+04	0.000000000000000000e+00	0.000000000000000000e+00	6.836146122623371069e-02	0.000000000000000000e+00
-3.000238999999999942e+04	0.000000000000000000e+00	0.000000000000000000e+00	7.019257179479354569e-02	0.000000000000000000e+00
-3.000238000000000102e+04	0.000000000000000000e+00	0.000000000000000000e+00	6.256294442579424242e-02	0.000000000000000000e+00
-3.000236000000000058e+04	0.000000000000000000e+00	0.000000000000000000e+00	6.164738914151433186e-02	0.000000000000000000e+00
-3.000234000000000015e+04	0.000000000000000000e+00	0.000000000000000000e+00	7.049775688955350894e-02	0.000000000000000000e+00
-3.000231000000000131e+04	0.000000000000000000e+00	0.000000000000000000e+00	5.951109347819452666e-02	0.000000000000000000e+00
-3.000229000000000087e+04	0.000000000000000000e+00	0.000000000000000000e+00	5.951109347819452666e-02	0.000000000000000000e+00
-3.000227999999999884e+04	0.000000000000000000e+00	0.000000000000000000e+00	6.225775933103427223e-02	0.000000000000000000e+00
-3.000225999999999840e+04	0.000000000000000000e+00	0.000000000000000000e+00	5.981627857295449685e-02	0.000000000000000000e+00
-3.000224000000000160e+04	0.000000000000000000e+00	0.000000000000000000e+00	7.324442274239326145e-02	0.000000000000000000e+00
-3.000222999999999956e+04	0.000000000000000000e+00	0.000000000000000000e+00	7.293923764763328432e-02	0.000000000000000000e+00
-3.000220999999999913e+04	0.000000000000000000e+00	0.000000000000000000e+00	5.798516800439466878e-02	0.000000000000000000e+00
-3.000218000000000029e+04	0.000000000000000000e+00	0.000000000000000000e+00	7.202368236335338070e-02	0.000000000000000000e+00
-3.000215999999999985e+04	0.000000000000000000e+00	0.000000000000000000e+00	6.805627613147373356e-02	0.000000000000000000e+00
-3.000213999999999942e+04	0.000000000000000000e+00	0.000000000000000000e+00	6.225775933103427223e-02	0.000000000000000000e+00
-3.000213000000000102e+04	0.000000000000000000e+00	0.000000000000000000e+00	6.134220404675435473e-02	0.000000000000000000e+00
-3.000209999999999854e+04	0.000000000000000000e+00	0.000000000000000000e+00	6.256294442579424242e-02	0.000000000000000000e+00
-3.000208000000000175e+04	0.000000000000000000e+00	0.000000000000000000e+00	5.523850215155491628e-02	0.000000000000000000e+00
-3.000206000000000131e+04	0.000000000000000000e+00	0.000000000000000000e+00	5.676442762535478109e-02	0.000000000000000000e+00
-3.000202999999999884e+04	0.000000000000000000e+00	0.000000000000000000e+00	5.951109347819452666e-02	0.000000000000000000e+00
-3.000200000000000000e+04	0.000000000000000000e+00	0.000000000000000000e+00	5.890072328867457935e-02	0.000000000000000000e+00
-3.000197000000000116e+04	0.000000000000000000e+00	0.000000000000000000e+00	6.317331461531418280e-02	0.000000000000000000e+00
-3.000195000000000073e+04	0.000000000000000000e+00	0.000000000000000000e+00	7.202368236335338070e-02	0.000000000000000000e+00
-3.000191999999999825e+04	0.000000000000000000e+00	0.000000000000000000e+00	5.737479781487472147e-02	0.000000000000000000e+00
-3.000190000000000146e+04	0.000000000000000000e+00	0.000000000000000000e+00	6.042664876247444417e-02	0.000000000000000000e+00
-3.000188000000000102e+04	0.000000000000000000e+00	0.000000000000000000e+00	6.469924008911405455e-02	0.000000000000000000e+00
-3.000184999999999854e+04	0.000000000000000000e+00	0.000000000000000000e+00	7.049775688955350894e-02	0.000000000000000000e+00
-3.000183000000000175e+04	0.000000000000000000e+00	0.000000000000000000e+00	7.629627368999297721e-02	0.000000000000000000e+00
-3.000181000000000131e+04	0.000000000000000000e+00	0.000000000000000000e+00	6.591998046815393530e-02	0.000000000000000000e+00
-3.000179000000000087e+04	0.000000000000000000e+00	0.000000000000000000e+00	7.354960783715323858e-02	0.000000000000000000e+00
-3.000177000000000044e+04	0.000000000000000000e+00	0.000000000000000000e+00	6.500442518387401780e-02	0.000000000000000000e+00
-3.000175000000000000e+04	0.000000000000000000e+00	0.000000000000000000e+00	7.171849726859340357e-02	0.000000000000000000e+00
-3.000172999999999956e+04	0.000000000000000000e+00	0.000000000000000000e+00	6.683553575243385281e-02	0.000000000000000000e+00
-3.000172000000000116e+04	0.000000000000000000e+00	0.000000000000000000e+00	7.721182897427289471e-02	0.000000000000000000e+00
-3.000170000000000073e+04	0.000000000000000000e+00	0.000000000000000000e+00	6.561479537339395818e-02	0.000000000000000000e+00
-3.000168000000000029e+04	0.000000000000000000e+00	0.000000000000000000e+00	7.324442274239326145e-02	0.000000000000000000e+00
-3.000165000000000146e+04	0.000000000000000000e+00	0.000000000000000000e+00	6.836146122623371069e-02	0.000000000000000000e+00
-3.000163000000000102e+04	0.000000000000000000e+00	0.000000000000000000e+00	7.080294198431348607e-02	0.000000000000000000e+00
-3.000159999999999854e+04	0.000000000000000000e+00	0.000000000000000000e+00	6.714072084719382993e-02	0.000000000000000000e+00
-3.000156000000000131e+04	0.000000000000000000e+00	0.000000000000000000e+00	7.293923764763328432e-02	0.000000000000000000e+00
-3.000152999999999884e+04	0.000000000000000000e+00	0.000000000000000000e+00	6.805627613147373356e-02	0.000000000000000000e+00
-3.000150999999999840e+04	0.000000000000000000e+00	0.000000000000000000e+00	7.293923764763328432e-02	0.000000000000000000e+00
-3.000149000000000160e+04	0.000000000000000000e+00	0.000000000000000000e+00	7.141331217383342644e-02	0.000000000000000000e+00
-3.000147000000000116e+04	0.000000000000000000e+00	0.000000000000000000e+00	6.897183141575365106e-02	0.000000000000000000e+00
-3.000143999999999869e+04	0.000000000000000000e+00	0.000000000000000000e+00	7.782219916379283509e-02	0.000000000000000000e+00
-3.000140999999999985e+04	0.000000000000000000e+00	0.000000000000000000e+00	7.751701406903287184e-02	0.000000000000000000e+00
-3.000138000000000102e+04	0.000000000000000000e+00	0.000000000000000000e+00	6.866664632099368781e-02	0.000000000000000000e+00
-3.000134999999999854e+04	0.000000000000000000e+00	0.000000000000000000e+00	7.263405255287332107e-02	0.000000000000000000e+00
-3.000133000000000175e+04	0.000000000000000000e+00	0.000000000000000000e+00	6.836146122623371069e-02	0.000000000000000000e+00
-3.000131000000000131e+04	0.000000000000000000e+00	0.000000000000000000e+00	6.622516556291391243e-02	0.000000000000000000e+00
-3.000127000000000044e+04	0.000000000000000000e+00	0.000000000000000000e+00	7.599108859523301396e-02	0.000000000000000000e+00
-3.000125000000000000e+04	0.000000000000000000e+00	0.000000000000000000e+00	6.683553575243385281e-02	0.000000000000000000e+00
-3.000124000000000160e+04	0.000000000000000000e+00	0.000000000000000000e+00	6.347849971007415992e-02	0.000000000000000000e+00
-3.000120999999999913e+04	0.000000000000000000e+00	0.000000000000000000e+00	7.324442274239326145e-02	0.000000000000000000e+00
-3.000118000000000029e+04	0.000000000000000000e+00	0.000000000000000000e+00	7.782219916379283509e-02	0.000000000000000000e+00
-3.000115000000000146e+04	0.000000000000000000e+00	0.000000000000000000e+00	7.965330973235267009e-02	0.000000000000000000e+00
-3.000111999999999898e+04	0.000000000000000000e+00	0.000000000000000000e+00	7.538071840571305970e-02	0.000000000000000000e+00
-3.000109000000000015e+04	0.000000000000000000e+00	0.000000000000000000e+00	7.202368236335338070e-02	0.000000000000000000e+00
-3.000106999999999971e+04	0.000000000000000000e+00	0.000000000000000000e+00	7.354960783715323858e-02	0.000000000000000000e+00
-3.000104000000000087e+04	0.000000000000000000e+00	0.000000000000000000e+00	8.209479049043244547e-02	0.000000000000000000e+00
-3.000102000000000044e+04	0.000000000000000000e+00	0.000000000000000000e+00	7.629627368999297721e-02	0.000000000000000000e+00
-3.000100000000000000e+04	0.000000000000000000e+00	0.000000000000000000e+00	8.575701162755211548e-02	0.000000000000000000e+00
-3.000097000000000116e+04	0.000000000000000000e+00	0.000000000000000000e+00	8.026367992187261047e-02	0.000000000000000000e+00
-3.000095000000000073e+04	0.000000000000000000e+00	0.000000000000000000e+00	7.263405255287332107e-02	0.000000000000000000e+00
-3.000093000000000029e+04	0.000000000000000000e+00	0.000000000000000000e+00	7.995849482711264722e-02	0.000000000000000000e+00
-3.000090000000000146e+04	0.000000000000000000e+00	0.000000000000000000e+00	8.484145634327219798e-02	0.000000000000000000e+00
-3.000088000000000102e+04	0.000000000000000000e+00	0.000000000000000000e+00	8.148442030091250510e-02	0.000000000000000000e+00
-3.000086000000000058e+04	0.000000000000000000e+00	0.000000000000000000e+00	8.209479049043244547e-02	0.000000000000000000e+00
-3.000084000000000015e+04	0.000000000000000000e+00	0.000000000000000000e+00	8.209479049043244547e-02	0.000000000000000000e+00
-3.000083000000000175e+04	0.000000000000000000e+00	0.000000000000000000e+00	1.001007110812707906e-01	0.000000000000000000e+00
-3.000079999999999927e+04	0.000000000000000000e+00	0.000000000000000000e+00	8.056886501663258759e-02	0.000000000000000000e+00
-3.000075000000000000e+04	0.000000000000000000e+00	0.000000000000000000e+00	7.599108859523301396e-02	0.000000000000000000e+00
-3.000072000000000116e+04	0.000000000000000000e+00	0.000000000000000000e+00	7.904293954283272972e-02	0.000000000000000000e+00
-3.000068999999999869e+04	0.000000000000000000e+00	0.000000000000000000e+00	8.056886501663258759e-02	0.000000000000000000e+00
-3.000066999999999825e+04	0.000000000000000000e+00	0.000000000000000000e+00	7.995849482711264722e-02	0.000000000000000000e+00
-3.000065000000000146e+04	0.000000000000000000e+00	0.000000000000000000e+00	7.873775444807275259e-02	0.000000000000000000e+00
-3.000063999999999942e+04	0.000000000000000000e+00	0.000000000000000000e+00	8.362071596423230335e-02	0.000000000000000000e+00
-3.000061000000000058e+04	0.000000000000000000e+00	0.000000000000000000e+00	8.362071596423230335e-02	0.000000000000000000e+00
-3.000058000000000175e+04	0.000000000000000000e+00	0.000000000000000000e+00	9.063997314371166625e-02	0.000000000000000000e+00
-3.000054000000000087e+04	0.000000000000000000e+00	0.000000000000000000e+00	8.606219672231207873e-02	0.000000000000000000e+00
-3.000050000000000000e+04	0.000000000000000000e+00	0.000000000000000000e+00	8.575701162755211548e-02	0.000000000000000000e+00
-3.000047000000000116e+04	0.000000000000000000e+00	0.000000000000000000e+00	9.735404522843103814e-02	0.000000000000000000e+00
-3.000043999999999869e+04	0.000000000000000000e+00	0.000000000000000000e+00	8.545182653279213836e-02	0.000000000000000000e+00
-3.000040999999999985e+04	0.000000000000000000e+00	0.000000000000000000e+00	8.789330729087191374e-02	0.000000000000000000e+00
-3.000038999999999942e+04	0.000000000000000000e+00	0.000000000000000000e+00	8.606219672231207873e-02	0.000000000000000000e+00
-3.000036000000000058e+04	0.000000000000000000e+00	0.000000000000000000e+00	8.453627124851222085e-02	0.000000000000000000e+00
-3.000034000000000015e+04	0.000000000000000000e+00	0.000000000000000000e+00	8.148442030091250510e-02	0.000000000000000000e+00
-3.000031999999999971e+04	0.000000000000000000e+00	0.000000000000000000e+00	7.873775444807275259e-02	0.000000000000000000e+00
-3.000029000000000087e+04	0.000000000000000000e+00	0.000000000000000000e+00	8.972441785943174875e-02	0.000000000000000000e+00
-3.000027000000000044e+04	0.000000000000000000e+00	0.000000000000000000e+00	9.216589861751152413e-02	0.000000000000000000e+00
-3.000025000000000000e+04	0.000000000000000000e+00	0.000000000000000000e+00	8.758812219611193661e-02	0.000000000000000000e+00
-3.000022999999999956e+04	0.000000000000000000e+00	0.000000000000000000e+00	9.216589861751152413e-02	0.000000000000000000e+00
-3.000018999999999869e+04	0.000000000000000000e+00	0.000000000000000000e+00	9.674367503891109776e-02	0.000000000000000000e+00
-3.000015000000000146e+04	0.000000000000000000e+00	0.000000000000000000e+00	8.301034577471236298e-02	0.000000000000000000e+00
-3.000011000000000058e+04	0.000000000000000000e+00	0.000000000000000000e+00	9.155552842799158375e-02	0.000000000000000000e+00
-3.000008000000000175e+04	0.000000000000000000e+00	0.000000000000000000e+00	9.308145390179144163e-02	0.000000000000000000e+00
-3.000006000000000131e+04	0.000000000000000000e+00	0.000000000000000000e+00	8.728293710135197336e-02	0.000000000000000000e+00
-3.000002999999999884e+04	0.000000000000000000e+00	0.000000000000000000e+00	9.552293465987121701e-02	0.000000000000000000e+00
-3.000000000000000000e+04	0.000000000000000000e+00	0.000000000000000000e+00	9.125034333323160662e-02	0.000000000000000000e+00
-2.999995999999999913e+04	0.000000000000000000e+00	0.000000000000000000e+00	9.460737937559129951e-02	0.000000000000000000e+00
-2.999991999999999825e+04	0.000000000000000000e+00	0.000000000000000000e+00	9.399700918607135913e-02	0.000000000000000000e+00
-2.999988000000000102e+04	0.000000000000000000e+00	0.000000000000000000e+00	9.704886013367107489e-02	0.000000000000000000e+00
-2.999984000000000015e+04	0.000000000000000000e+00	0.000000000000000000e+00	9.704886013367107489e-02	0.000000000000000000e+00
-2.999981000000000131e+04	0.000000000000000000e+00	0.000000000000000000e+00	9.643848994415113451e-02	0.000000000000000000e+00
-2.999979000000000087e+04	0.000000000000000000e+00	0.000000000000000000e+00	1.025421918393505660e-01	0.000000000000000000e+00
-2.999975000000000000e+04	0.000000000000000000e+00	0.000000000000000000e+00	9.613330484939115739e-02	0.000000000000000000e+00
-2.999970999999999913e+04	0.000000000000000000e+00	0.000000000000000000e+00	1.062044129764702360e-01	0.000000000000000000e+00
-2.999966999999999825e+04	0.000000000000000000e+00	0.000000000000000000e+00	9.460737937559129951e-02	0.000000000000000000e+00
-2.999963999999999942e+04	0.000000000000000000e+00	0.000000000000000000e+00	9.399700918607135913e-02	0.000000000000000000e+00
-2.999959999999999854e+04	0.000000000000000000e+00	0.000000000000000000e+00	9.704886013367107489e-02	0.000000000000000000e+00
-2.999956000000000131e+04	0.000000000000000000e+00	0.000000000000000000e+00	1.019318216498306257e-01	0.000000000000000000e+00
-2.999954000000000087e+04	0.000000000000000000e+00	0.000000000000000000e+00	9.826960051271095564e-02	0.000000000000000000e+00
-2.999952000000000044e+04	0.000000000000000000e+00	0.000000000000000000e+00	9.765923032319101527e-02	0.000000000000000000e+00
-2.999947999999999956e+04	0.000000000000000000e+00	0.000000000000000000e+00	1.101718192083498693e-01	0.000000000000000000e+00
-2.999945999999999913e+04	0.000000000000000000e+00	0.000000000000000000e+00	1.083407086397900343e-01	0.000000000000000000e+00
-2.999943000000000029e+04	0.000000000000000000e+00	0.000000000000000000e+00	9.491256447035126276e-02	0.000000000000000000e+00
-2.999940000000000146e+04	0.000000000000000000e+00	0.000000000000000000e+00	9.887997070223090990e-02	0.000000000000000000e+00
-2.999936999999999898e+04	0.000000000000000000e+00	0.000000000000000000e+00	9.765923032319101527e-02	0.000000000000000000e+00
-2.999934000000000015e+04	0.000000000000000000e+00	0.000000000000000000e+00	9.491256447035126276e-02	0.000000000000000000e+00
-2.999931000000000131e+04	0.000000000000000000e+00	0.000000000000000000e+00	9.460737937559129951e-02	0.000000000000000000e+00
-2.999927999999999884e+04	0.000000000000000000e+00	0.000000000000000000e+00	9.277626880703146450e-02	0.000000000000000000e+00
-2.999925000000000000e+04	0.000000000000000000e+00	0.000000000000000000e+00	9.826960051271095564e-02	0.000000000000000000e+00
-2.999922000000000116e+04	0.000000000000000000e+00	0.000000000000000000e+00	9.430219428083132238e-02	0.000000000000000000e+00
-2.999918000000000029e+04	0.000000000000000000e+00	0.000000000000000000e+00	1.019318216498306257e-01	0.000000000000000000e+00
-2.999915000000000146e+04	0.000000000000000000e+00	0.000000000000000000e+00	9.979552598651081352e-02	0.000000000000000000e+00
-2.999911999999999898e+04	0.000000000000000000e+00	0.000000000000000000e+00	1.101718192083498693e-01	0.000000000000000000e+00
-2.999908000000000175e+04	0.000000000000000000e+00	0.000000000000000000e+00	9.918515579699087314e-02	0.000000000000000000e+00
-2.999906000000000131e+04	0.000000000000000000e+00	0.000000000000000000e+00	1.007110812707907310e-01	0.000000000000000000e+00
-2.999904000000000087e+04	0.000000000000000000e+00	0.000000000000000000e+00	1.162755211035493008e-01	0.000000000000000000e+00
-2.999900999999999840e+04	0.000000000000000000e+00	0.000000000000000000e+00	1.092562639240699518e-01	0.000000000000000000e+00
-2.999899000000000160e+04	0.000000000000000000e+00	0.000000000000000000e+00	1.132236701559495851e-01	0.000000000000000000e+00
-2.999895999999999913e+04	0.000000000000000000e+00	0.000000000000000000e+00	1.141392254402295026e-01	0.000000000000000000e+00
-2.999891999999999825e+04	0.000000000000000000e+00	0.000000000000000000e+00	1.159703360087893376e-01	0.000000000000000000e+00
-2.999888999999999942e+04	0.000000000000000000e+00	0.000000000000000000e+00	1.123081148716696676e-01	0.000000000000000000e+00
-2.999884999999999854e+04	0.000000000000000000e+00	0.000000000000000000e+00	1.092562639240699518e-01	0.000000000000000000e+00
-2.999881000000000131e+04	0.000000000000000000e+00	0.000000000000000000e+00	1.129184850611896079e-01	0.000000000000000000e+00
-2.999879000000000087e+04	0.000000000000000000e+00	0.000000000000000000e+00	1.095614490188299150e-01	0.000000000000000000e+00
-2.999877000000000044e+04	0.000000000000000000e+00	0.000000000000000000e+00	1.089510788293099747e-01	0.000000000000000000e+00
-2.999875000000000000e+04	0.000000000000000000e+00	0.000000000000000000e+00	1.138340403454695254e-01	0.000000000000000000e+00
-2.999872999999999956e+04	0.000000000000000000e+00	0.000000000000000000e+00	1.178014465773491587e-01	0.000000000000000000e+00
-2.999870999999999913e+04	0.000000000000000000e+00	0.000000000000000000e+00	1.132236701559495851e-01	0.000000000000000000e+00
-2.999868999999999869e+04	0.000000000000000000e+00	0.000000000000000000e+00	1.113925595873897501e-01	0.000000000000000000e+00
-2.999866999999999825e+04	0.000000000000000000e+00	0.000000000000000000e+00	1.178014465773491587e-01	0.000000000000000000e+00
-2.999865000000000146e+04	0.000000000000000000e+00	0.000000000000000000e+00	1.132236701559495851e-01	0.000000000000000000e+00
-2.999863000000000102e+04	0.000000000000000000e+00	0.000000000000000000e+00	1.089510788293099747e-01	0.000000000000000000e+00
-2.999859999999999854e+04	0.000000000000000000e+00	0.000000000000000000e+00	1.208532975249488883e-01	0.000000000000000000e+00
-2.999858000000000175e+04	0.000000000000000000e+00	0.000000000000000000e+00	1.178014465773491587e-01	0.000000000000000000e+00
-2.999854000000000087e+04	0.000000000000000000e+00	0.000000000000000000e+00	1.184118167668691129e-01	0.000000000000000000e+00
-2.999852000000000044e+04	0.000000000000000000e+00	0.000000000000000000e+00	1.113925595873897501e-01	0.000000000000000000e+00
-2.999849000000000160e+04	0.000000000000000000e+00	0.000000000000000000e+00	1.193273720511490166e-01	0.000000000000000000e+00
-2.999847000000000116e+04	0.000000000000000000e+00	0.000000000000000000e+00	1.202429273354289341e-01	0.000000000000000000e+00
-2.999843999999999869e+04	0.000000000000000000e+00	0.000000000000000000e+00	1.199377422406689708e-01	0.000000000000000000e+00
-2.999840999999999985e+04	0.000000000000000000e+00	0.000000000000000000e+00	1.181066316721091358e-01	0.000000000000000000e+00
-2.999836999999999898e+04	0.000000000000000000e+00	0.000000000000000000e+00	1.275673696096682741e-01	0.000000000000000000e+00
-2.999833000000000175e+04	0.000000000000000000e+00	0.000000000000000000e+00	1.193273720511490166e-01	0.000000000000000000e+00
-2.999831000000000131e+04	0.000000000000000000e+00	0.000000000000000000e+00	1.229895931882686866e-01	0.000000000000000000e+00
-2.999827999999999884e+04	0.000000000000000000e+00	0.000000000000000000e+00	1.113925595873897501e-01	0.000000000000000000e+00
-2.999825000000000000e+04	0.000000000000000000e+00	0.000000000000000000e+00	1.257362590411084391e-01	0.000000000000000000e+00
-2.999822999999999956e+04	0.000000000000000000e+00	0.000000000000000000e+00	1.303140354625079989e-01	0.000000000000000000e+00
-2.999820999999999913e+04	0.000000000000000000e+00	0.000000000000000000e+00	1.251258888515884848e-01	0.000000000000000000e+00
-2.999818999999999869e+04	0.000000000000000000e+00	0.000000000000000000e+00	1.229895931882686866e-01	0.000000000000000000e+00
-2.999816999999999825e+04	0.000000000000000000e+00	0.000000000000000000e+00	1.242103335673085673e-01	0.000000000000000000e+00
-2.999813999999999942e+04	0.000000000000000000e+00	0.000000000000000000e+00	1.229895931882686866e-01	0.000000000000000000e+00
-2.999811999999999898e+04	0.000000000000000000e+00	0.000000000000000000e+00	1.272621845149082831e-01	0.000000000000000000e+00
-2.999809000000000015e+04	0.000000000000000000e+00	0.000000000000000000e+00	1.287881099887081549e-01	0.000000000000000000e+00
-2.999806000000000131e+04	0.000000000000000000e+00	0.000000000000000000e+00	1.297036652729880724e-01	0.000000000000000000e+00
-2.999804000000000087e+04	0.000000000000000000e+00	0.000000000000000000e+00	1.327555162205877881e-01	0.000000000000000000e+00
-2.999800999999999840e+04	0.000000000000000000e+00	0.000000000000000000e+00	1.318399609363078706e-01	0.000000000000000000e+00
-2.999799000000000160e+04	0.000000000000000000e+00	0.000000000000000000e+00	1.358073671681875039e-01	0.000000000000000000e+00
-2.999797999999999956e+04	0.000000000000000000e+00	0.000000000000000000e+00	1.318399609363078706e-01	0.000000000000000000e+00
-2.999795999999999913e+04	0.000000000000000000e+00	0.000000000000000000e+00	1.303140354625079989e-01	0.000000000000000000e+00
-2.999793000000000029e+04	0.000000000000000000e+00	0.000000000000000000e+00	1.290932950834681181e-01	0.000000000000000000e+00
-2.999790000000000146e+04	0.000000000000000000e+00	0.000000000000000000e+00	1.327555162205877881e-01	0.000000000000000000e+00
-2.999788000000000102e+04	0.000000000000000000e+00	0.000000000000000000e+00	1.287881099887081549e-01	0.000000000000000000e+00
-2.999786000000000058e+04	0.000000000000000000e+00	0.000000000000000000e+00	1.336710715048677056e-01	0.000000000000000000e+00
-2.999783000000000175e+04	0.000000000000000000e+00	0.000000000000000000e+00	1.278725547044282373e-01	0.000000000000000000e+00
-2.999781000000000131e+04	0.000000000000000000e+00	0.000000000000000000e+00	1.339762565996276689e-01	0.000000000000000000e+00
-2.999779000000000087e+04	0.000000000000000000e+00	0.000000000000000000e+00	1.281777397991882006e-01	0.000000000000000000e+00
-2.999777000000000044e+04	0.000000000000000000e+00	0.000000000000000000e+00	1.428266243476668529e-01	0.000000000000000000e+00
-2.999774000000000160e+04	0.000000000000000000e+00	0.000000000000000000e+00	1.351969969786675496e-01	0.000000000000000000e+00
-2.999772000000000116e+04	0.000000000000000000e+00	0.000000000000000000e+00	1.251258888515884848e-01	0.000000000000000000e+00
-2.999770000000000073e+04	0.000000000000000000e+00	0.000000000000000000e+00	1.321451460310678339e-01	0.000000000000000000e+00
-2.999770000000000073e+04	0.000000000000000000e+00	0.000000000000000000e+00	1.446577349162266879e-01	0.000000000000000000e+00
-2.999768000000000029e+04	0.000000000000000000e+00	0.000000000000000000e+00	1.312295907467879164e-01	0.000000000000000000e+00
-2.999765000000000146e+04	0.000000000000000000e+00	0.000000000000000000e+00	1.409955137791070179e-01	0.000000000000000000e+00
-2.999763000000000102e+04	0.000000000000000000e+00	0.000000000000000000e+00	1.364177373577074581e-01	0.000000000000000000e+00
-2.999759999999999854e+04	0.000000000000000000e+00	0.000000000000000000e+00	1.367229224524674214e-01	0.000000000000000000e+00
-2.999758000000000175e+04	0.000000000000000000e+00	0.000000000000000000e+00	1.382488479262672931e-01	0.000000000000000000e+00
-2.999756000000000131e+04	0.000000000000000000e+00	0.000000000000000000e+00	1.394695883053071739e-01	0.000000000000000000e+00
-2.999754000000000087e+04	0.000000000000000000e+00	0.000000000000000000e+00	1.385540330210272564e-01	0.000000000000000000e+00
-2.999750999999999840e+04	0.000000000000000000e+00	0.000000000000000000e+00	1.443525498214667246e-01	0.000000000000000000e+00
-2.999750000000000000e+04	0.000000000000000000e+00	0.000000000000000000e+00	1.251258888515884848e-01	0.000000000000000000e+00
-2.999747999999999956e+04	0.000000000000000000e+00	0.000000000000000000e+00	1.351969969786675496e-01	0.000000000000000000e+00
-2.999745999999999913e+04	0.000000000000000000e+00	0.000000000000000000e+00	1.358073671681875039e-01	0.000000000000000000e+00
-2.999743999999999869e+04	0.000000000000000000e+00	0.000000000000000000e+00	1.394695883053071739e-01	0.000000000000000000e+00
-2.999741999999999825e+04	0.000000000000000000e+00	0.000000000000000000e+00	1.397747734000671371e-01	0.000000000000000000e+00
-2.999738999999999942e+04	0.000000000000000000e+00	0.000000000000000000e+00	1.370281075472273846e-01	0.000000000000000000e+00
-2.999736999999999898e+04	0.000000000000000000e+00	0.000000000000000000e+00	1.419110690633869354e-01	0.000000000000000000e+00
-2.999734000000000015e+04	0.000000000000000000e+00	0.000000000000000000e+00	1.431318094424268439e-01	0.000000000000000000e+00
-2.999731000000000131e+04	0.000000000000000000e+00	0.000000000000000000e+00	1.431318094424268439e-01	0.000000000000000000e+00
-2.999729000000000087e+04	0.000000000000000000e+00	0.000000000000000000e+00	1.351969969786675496e-01	0.000000000000000000e+00
-2.999729000000000087e+04	0.000000000000000000e+00	0.000000000000000000e+00	1.367229224524674214e-01	0.000000000000000000e+00
-2.999725999999999840e+04	0.000000000000000000e+00	0.000000000000000000e+00	1.358073671681875039e-01	0.000000000000000000e+00
-2.999724000000000160e+04	0.000000000000000000e+00	0.000000000000000000e+00	1.376384777367473389e-01	0.000000000000000000e+00
-2.999722000000000116e+04	0.000000000000000000e+00	0.000000000000000000e+00	1.406903286843470546e-01	0.000000000000000000e+00
-2.999720000000000073e+04	0.000000000000000000e+00	0.000000000000000000e+00	1.385540330210272564e-01	0.000000000000000000e+00
-2.999716999999999825e+04	0.000000000000000000e+00	0.000000000000000000e+00	1.568651387066255787e-01	0.000000000000000000e+00
-2.999713999999999942e+04	0.000000000000000000e+00	0.000000000000000000e+00	1.538132877590258629e-01	0.000000000000000000e+00
-2.999711999999999898e+04	0.000000000000000000e+00	0.000000000000000000e+00	1.754814294869838642e-01	0.000000000000000000e+00
-2.999709999999999854e+04	0.000000000000000000e+00	0.000000000000000000e+00	1.522873622852259912e-01	0.000000000000000000e+00
-2.999708000000000175e+04	0.000000000000000000e+00	0.000000000000000000e+00	1.516769920957060369e-01	0.000000000000000000e+00
-2.999706000000000131e+04	0.000000000000000000e+00	0.000000000000000000e+00	1.492355113376262754e-01	0.000000000000000000e+00
-2.999704000000000087e+04	0.000000000000000000e+00	0.000000000000000000e+00	1.486251411481063212e-01	0.000000000000000000e+00
-2.999702000000000044e+04	0.000000000000000000e+00	0.000000000000000000e+00	1.532029175695059087e-01	0.000000000000000000e+00
-2.999700000000000000e+04	0.000000000000000000e+00	0.000000000000000000e+00	1.580858790856654594e-01	0.000000000000000000e+00
-2.999697999999999956e+04	0.000000000000000000e+00	0.000000000000000000e+00	1.525925473799859544e-01	0.000000000000000000e+00
-2.999695999999999913e+04	0.000000000000000000e+00	0.000000000000000000e+00	1.480147709585863947e-01	0.000000000000000000e+00
-2.999693999999999869e+04	0.000000000000000000e+00	0.000000000000000000e+00	1.461836603900265597e-01	0.000000000000000000e+00
-2.999691999999999825e+04	0.000000000000000000e+00	0.000000000000000000e+00	1.538132877590258629e-01	0.000000000000000000e+00
-2.999688999999999942e+04	0.000000000000000000e+00	0.000000000000000000e+00	1.489303262428663122e-01	0.000000000000000000e+00
-2.999686999999999898e+04	0.000000000000000000e+00	0.000000000000000000e+00	1.440473647267067614e-01	0.000000000000000000e+00
-2.999684999999999854e+04	0.000000000000000000e+00	0.000000000000000000e+00	1.409955137791070179e-01	0.000000000000000000e+00
-2.999684000000000015e+04	0.000000000000000000e+00	0.000000000000000000e+00	1.498458815271462019e-01	0.000000000000000000e+00
-2.999681999999999971e+04	0.000000000000000000e+00	0.000000000000000000e+00	1.413006988738670089e-01	0.000000000000000000e+00
-2.999681000000000131e+04	0.000000000000000000e+00	0.000000000000000000e+00	1.559495834223456612e-01	0.000000000000000000e+00
-2.999679000000000087e+04	0.000000000000000000e+00	0.000000000000000000e+00	1.464888454847865229e-01	0.000000000000000000e+00
-2.999677999999999884e+04	0.000000000000000000e+00	0.000000000000000000e+00	1.397747734000671371e-01	0.000000000000000000e+00
-2.999675000000000000e+04	0.000000000000000000e+00	0.000000000000000000e+00	1.516769920957060369e-01	0.000000000000000000e+00
-2.999672000000000116e+04	0.000000000000000000e+00	0.000000000000000000e+00	1.498458815271462019e-01	0.000000000000000000e+00
-2.999670000000000073e+04	0.000000000000000000e+00	0.000000000000000000e+00	1.608325449385052119e-01	0.000000000000000000e+00
-2.999668999999999869e+04	0.000000000000000000e+00	0.000000000000000000e+00	1.556443983275856702e-01	0.000000000000000000e+00
-2.999666999999999825e+04	0.000000000000000000e+00	0.000000000000000000e+00	1.608325449385052119e-01	0.000000000000000000e+00
-2.999663999999999942e+04	0.000000000000000000e+00	0.000000000000000000e+00	1.608325449385052119e-01	0.000000000000000000e+00
-2.999661000000000058e+04	0.000000000000000000e+00	0.000000000000000000e+00	1.553392132328257069e-01	0.000000000000000000e+00
-2.999656999999999971e+04	0.000000000000000000e+00	0.000000000000000000e+00	1.577806939909054962e-01	0.000000000000000000e+00
-2.999654999999999927e+04	0.000000000000000000e+00	0.000000000000000000e+00	1.617481002227851294e-01	0.000000000000000000e+00
-2.999652999999999884e+04	0.000000000000000000e+00	0.000000000000000000e+00	1.605273598437452209e-01	0.000000000000000000e+00
-2.999650000000000000e+04	0.000000000000000000e+00	0.000000000000000000e+00	1.644947660756248542e-01	0.000000000000000000e+00
-2.999647999999999956e+04	0.000000000000000000e+00	0.000000000000000000e+00	1.632740256965849734e-01	0.000000000000000000e+00
-2.999645000000000073e+04	0.000000000000000000e+00	0.000000000000000000e+00	1.626636555070650469e-01	0.000000000000000000e+00
-2.999643000000000029e+04	0.000000000000000000e+00	0.000000000000000000e+00	1.599169896542252944e-01	0.000000000000000000e+00
-2.999640000000000146e+04	0.000000000000000000e+00	0.000000000000000000e+00	1.614429151280251384e-01	0.000000000000000000e+00
-2.999636999999999898e+04	0.000000000000000000e+00	0.000000000000000000e+00	1.586962492751854137e-01	0.000000000000000000e+00
-2.999634999999999854e+04	0.000000000000000000e+00	0.000000000000000000e+00	1.724295785393841485e-01	0.000000000000000000e+00
-2.999633000000000175e+04	0.000000000000000000e+00	0.000000000000000000e+00	1.684621723075045152e-01	0.000000000000000000e+00
-2.999631000000000131e+04	0.000000000000000000e+00	0.000000000000000000e+00	1.556443983275856702e-01	0.000000000000000000e+00
-2.999629000000000087e+04	0.000000000000000000e+00	0.000000000000000000e+00	1.602221747489852577e-01	0.000000000000000000e+00
-2.999627000000000044e+04	0.000000000000000000e+00	0.000000000000000000e+00	1.608325449385052119e-01	0.000000000000000000e+00
-2.999625000000000000e+04	0.000000000000000000e+00	0.000000000000000000e+00	1.672414319284646067e-01	0.000000000000000000e+00
-2.999622999999999956e+04	0.000000000000000000e+00	0.000000000000000000e+00	1.736503189184240292e-01	0.000000000000000000e+00
-2.999622000000000116e+04	0.000000000000000000e+00	0.000000000000000000e+00	1.754814294869838642e-01	0.000000000000000000e+00
-2.999620000000000073e+04	0.000000000000000000e+00	0.000000000000000000e+00	1.779229102450636257e-01	0.000000000000000000e+00
-2.999618000000000029e+04	0.000000000000000000e+00	0.000000000000000000e+00	1.672414319284646067e-01	0.000000000000000000e+00
-2.999616999999999825e+04	0.000000000000000000e+00	0.000000000000000000e+00	1.672414319284646067e-01	0.000000000000000000e+00
-2.999613999999999942e+04	0.000000000000000000e+00	0.000000000000000000e+00	1.702932828760643225e-01	0.000000000000000000e+00
-2.999611999999999898e+04	0.000000000000000000e+00	0.000000000000000000e+00	1.742606891079439557e-01	0.000000000000000000e+00
-2.999611000000000058e+04	0.000000000000000000e+00	0.000000000000000000e+00	1.745658742027039467e-01	0.000000000000000000e+00
-2.999609999999999854e+04	0.000000000000000000e+00	0.000000000000000000e+00	1.690725424970244417e-01	0.000000000000000000e+00
-2.999606999999999971e+04	0.000000000000000000e+00	0.000000000000000000e+00	1.745658742027039467e-01	0.000000000000000000e+00
-2.999602999999999884e+04	0.000000000000000000e+00	0.000000000000000000e+00	1.690725424970244417e-01	0.000000000000000000e+00
-2.999600000000000000e+04	0.000000000000000000e+00	0.000000000000000000e+00	1.699880977813043592e-01	0.000000000000000000e+00
-2.999595999999999913e+04	0.000000000000000000e+00	0.000000000000000000e+00	1.647999511703848452e-01	0.000000000000000000e+00
-2.999593000000000029e+04	0.000000000000000000e+00	0.000000000000000000e+00	1.693777275917844050e-01	0.000000000000000000e+00
-2.999591999999999825e+04	0.000000000000000000e+00	0.000000000000000000e+00	1.757866145817438275e-01	0.000000000000000000e+00
-2.999590999999999985e+04	0.000000000000000000e+00	0.000000000000000000e+00	1.702932828760643225e-01	0.000000000000000000e+00
-2.999588000000000102e+04	0.000000000000000000e+00	0.000000000000000000e+00	1.825006866664632132e-01	0.000000000000000000e+00
-2.999586000000000058e+04	0.000000000000000000e+00	0.000000000000000000e+00	1.910458693197424340e-01	0.000000000000000000e+00
-2.999583000000000175e+04	0.000000000000000000e+00	0.000000000000000000e+00	1.864680928983428465e-01	0.000000000000000000e+00
-2.999581000000000131e+04	0.000000000000000000e+00	0.000000000000000000e+00	1.861629078035828833e-01	0.000000000000000000e+00
-2.999577999999999884e+04	0.000000000000000000e+00	0.000000000000000000e+00	1.840266121402630572e-01	0.000000000000000000e+00
-2.999575999999999840e+04	0.000000000000000000e+00	0.000000000000000000e+00	1.882992034669026815e-01	0.000000000000000000e+00
-2.999574000000000160e+04	0.000000000000000000e+00	0.000000000000000000e+00	1.904354991302224798e-01	0.000000000000000000e+00
-2.999570999999999913e+04	0.000000000000000000e+00	0.000000000000000000e+00	1.837214270455030940e-01	0.000000000000000000e+00
-2.999568999999999869e+04	0.000000000000000000e+00	0.000000000000000000e+00	1.950132755516220673e-01	0.000000000000000000e+00
-2.999566999999999825e+04	0.000000000000000000e+00	0.000000000000000000e+00	1.864680928983428465e-01	0.000000000000000000e+00
-2.999565999999999985e+04	0.000000000000000000e+00	0.000000000000000000e+00	1.910458693197424340e-01	0.000000000000000000e+00
-2.999563000000000102e+04	0.000000000000000000e+00	0.000000000000000000e+00	1.889095736564226080e-01	0.000000000000000000e+00
-2.999561999999999898e+04	0.000000000000000000e+00	0.000000000000000000e+00	1.779229102450636257e-01	0.000000000000000000e+00
-2.999558000000000175e+04	0.000000000000000000e+00	0.000000000000000000e+00	1.928769798883022690e-01	0.000000000000000000e+00
-2.999554999999999927e+04	0.000000000000000000e+00	0.000000000000000000e+00	1.879940183721427183e-01	0.000000000000000000e+00
-2.999552999999999884e+04	0.000000000000000000e+00	0.000000000000000000e+00	1.858577227088228923e-01	0.000000000000000000e+00
-2.999550000000000000e+04	0.000000000000000000e+00	0.000000000000000000e+00	1.831110568559831675e-01	0.000000000000000000e+00
-2.999547000000000116e+04	0.000000000000000000e+00	0.000000000000000000e+00	1.867732779931028098e-01	0.000000000000000000e+00
-2.999545000000000073e+04	0.000000000000000000e+00	0.000000000000000000e+00	1.928769798883022690e-01	0.000000000000000000e+00
-2.999543000000000029e+04	0.000000000000000000e+00	0.000000000000000000e+00	1.840266121402630572e-01	0.000000000000000000e+00
-2.999538999999999942e+04	0.000000000000000000e+00	0.000000000000000000e+00	1.876888332773827273e-01	0.000000000000000000e+00
-2.999536000000000058e+04	0.000000000000000000e+00	0.000000000000000000e+00	1.950132755516220673e-01	0.000000000000000000e+00
-2.999534999999999854e+04	0.000000000000000000e+00	0.000000000000000000e+00	1.864680928983428465e-01	0.000000000000000000e+00
-2.999531999999999971e+04	0.000000000000000000e+00	0.000000000000000000e+00	1.889095736564226080e-01	0.000000000000000000e+00
-2.999529000000000087e+04	0.000000000000000000e+00	0.000000000000000000e+00	1.879940183721427183e-01	0.000000000000000000e+00
-2.999525000000000000e+04	0.000000000000000000e+00	0.000000000000000000e+00	1.953184606463820305e-01	0.000000000000000000e+00
-2.999522000000000116e+04	0.000000000000000000e+00	0.000000000000000000e+00	1.950132755516220673e-01	0.000000000000000000e+00
-2.999520999999999913e+04	0.000000000000000000e+00	0.000000000000000000e+00	1.925717947935422780e-01	0.000000000000000000e+00
-2.999518000000000029e+04	0.000000000000000000e+00	0.000000000000000000e+00	1.992858668782616638e-01	0.000000000000000000e+00
-2.999515999999999985e+04	0.000000000000000000e+00	0.000000000000000000e+00	2.002014221625415813e-01	0.000000000000000000e+00
-2.999513000000000102e+04	0.000000000000000000e+00	0.000000000000000000e+00	1.831110568559831675e-01	0.000000000000000000e+00
-2.999509999999999854e+04	0.000000000000000000e+00	0.000000000000000000e+00	2.023377178258613796e-01	0.000000000000000000e+00
-2.999508000000000175e+04	0.000000000000000000e+00	0.000000000000000000e+00	1.947080904568620763e-01	0.000000000000000000e+00
-2.999506000000000131e+04	0.000000000000000000e+00	0.000000000000000000e+00	1.992858668782616638e-01	0.000000000000000000e+00
-2.999504000000000087e+04	0.000000000000000000e+00	0.000000000000000000e+00	2.026429029206213706e-01	0.000000000000000000e+00
-2.999500999999999840e+04	0.000000000000000000e+00	0.000000000000000000e+00	1.998962370677816180e-01	0.000000000000000000e+00
-2.999499000000000160e+04	0.000000000000000000e+00	0.000000000000000000e+00	1.971495712149418655e-01	0.000000000000000000e+00
-2.999497000000000116e+04	0.000000000000000000e+00	0.000000000000000000e+00	1.901303140354625165e-01	0.000000000000000000e+00
-2.999495000000000073e+04	0.000000000000000000e+00	0.000000000000000000e+00	1.913510544145023973e-01	0.000000000000000000e+00
-2.999493000000000029e+04	0.000000000000000000e+00	0.000000000000000000e+00	1.934873500778221955e-01	0.000000000000000000e+00
-2.999490999999999985e+04	0.000000000000000000e+00	0.000000000000000000e+00	1.944029053621021130e-01	0.000000000000000000e+00
-2.999490000000000146e+04	0.000000000000000000e+00	0.000000000000000000e+00	1.953184606463820305e-01	0.000000000000000000e+00
-2.999486999999999898e+04	0.000000000000000000e+00	0.000000000000000000e+00	2.038636432996612513e-01	0.000000000000000000e+00
-2.999484999999999854e+04	0.000000000000000000e+00	0.000000000000000000e+00	2.044740134891811778e-01	0.000000000000000000e+00
-2.999483000000000175e+04	0.000000000000000000e+00	0.000000000000000000e+00	2.044740134891811778e-01	0.000000000000000000e+00
-2.999479000000000087e+04	0.000000000000000000e+00	0.000000000000000000e+00	2.114932706686605546e-01	0.000000000000000000e+00
-2.999477000000000044e+04	0.000000000000000000e+00	0.000000000000000000e+00	2.096621601001007196e-01	0.000000000000000000e+00
-2.999475000000000000e+04	0.000000000000000000e+00	0.000000000000000000e+00	2.090517899105807653e-01	0.000000000000000000e+00
-2.999472000000000116e+04	0.000000000000000000e+00	0.000000000000000000e+00	2.179021576586199493e-01	0.000000000000000000e+00
-2.999468000000000029e+04	0.000000000000000000e+00	0.000000000000000000e+00	2.163762321848201053e-01	0.000000000000000000e+00
-2.999465000000000146e+04	0.000000000000000000e+00	0.000000000000000000e+00	2.121036408581804811e-01	0.000000000000000000e+00
-2.999463000000000102e+04	0.000000000000000000e+00	0.000000000000000000e+00	2.145451216162602703e-01	0.000000000000000000e+00
-2.999461000000000058e+04	0.000000000000000000e+00	0.000000000000000000e+00	2.130191961424603986e-01	0.000000000000000000e+00
-2.999458000000000175e+04	0.000000000000000000e+00	0.000000000000000000e+00	2.145451216162602703e-01	0.000000000000000000e+00
-2.999454000000000087e+04	0.000000000000000000e+00	0.000000000000000000e+00	2.108829004791406003e-01	0.000000000000000000e+00
-2.999452000000000044e+04	0.000000000000000000e+00	0.000000000000000000e+00	2.154606769005401878e-01	0.000000000000000000e+00
-2.999450000000000000e+04	0.000000000000000000e+00	0.000000000000000000e+00	2.017273476363414531e-01	0.000000000000000000e+00
-2.999447000000000116e+04	0.000000000000000000e+00	0.000000000000000000e+00	2.090517899105807653e-01	0.000000000000000000e+00
-2.999443999999999869e+04	0.000000000000000000e+00	0.000000000000000000e+00	2.139347514267403161e-01	0.000000000000000000e+00
-2.999441999999999825e+04	0.000000000000000000e+00	0.000000000000000000e+00	2.093569750053407286e-01	0.000000000000000000e+00
-2.999438999999999942e+04	0.000000000000000000e+00	0.000000000000000000e+00	2.044740134891811778e-01	0.000000000000000000e+00
-2.999436000000000058e+04	0.000000000000000000e+00	0.000000000000000000e+00	2.169866023743400318e-01	0.000000000000000000e+00
-2.999431999999999971e+04	0.000000000000000000e+00	0.000000000000000000e+00	2.212591937009796561e-01	0.000000000000000000e+00
-2.999429999999999927e+04	0.000000000000000000e+00	0.000000000000000000e+00	2.252265999328592894e-01	0.000000000000000000e+00
-2.999427000000000044e+04	0.000000000000000000e+00	0.000000000000000000e+00	2.206488235114597019e-01	0.000000000000000000e+00
-2.999425000000000000e+04	0.000000000000000000e+00	0.000000000000000000e+00	2.111880855739005636e-01	0.000000000000000000e+00
-2.999422999999999956e+04	0.000000000000000000e+00	0.000000000000000000e+00	2.252265999328592894e-01	0.000000000000000000e+00
-2.999420000000000073e+04	0.000000000000000000e+00	0.000000000000000000e+00	2.252265999328592894e-01	0.000000000000000000e+00
-2.999416999999999825e+04	0.000000000000000000e+00	0.000000000000000000e+00	2.298043763542588491e-01	0.000000000000000000e+00
-2.999413999999999942e+04	0.000000000000000000e+00	0.000000000000000000e+00	2.298043763542588491e-01	0.000000000000000000e+00
-2.999411000000000058e+04	0.000000000000000000e+00	0.000000000000000000e+00	2.374340037232581524e-01	0.000000000000000000e+00
-2.999409000000000015e+04	0.000000000000000000e+00	0.000000000000000000e+00	2.310251167332987576e-01	0.000000000000000000e+00
-2.999406999999999971e+04	0.000000000000000000e+00	0.000000000000000000e+00	2.340769676808984734e-01	0.000000000000000000e+00
-2.999402999999999884e+04	0.000000000000000000e+00	0.000000000000000000e+00	2.261421552171392069e-01	0.000000000000000000e+00
-2.999400999999999840e+04	0.000000000000000000e+00	0.000000000000000000e+00	2.279732657856990141e-01	0.000000000000000000e+00
-2.999397999999999956e+04	0.000000000000000000e+00	0.000000000000000000e+00	2.279732657856990141e-01	0.000000000000000000e+00
-2.999393999999999869e+04	0.000000000000000000e+00	0.000000000000000000e+00	2.282784508804590051e-01	0.000000000000000000e+00
-2.999390999999999985e+04	0.000000000000000000e+00	0.000000000000000000e+00	2.334665974913785191e-01	0.000000000000000000e+00
-2.999390000000000146e+04	0.000000000000000000e+00	0.000000000000000000e+00	2.304147465437788034e-01	0.000000000000000000e+00
-2.999386999999999898e+04	0.000000000000000000e+00	0.000000000000000000e+00	2.307199316385387666e-01	0.000000000000000000e+00
-2.999384000000000015e+04	0.000000000000000000e+00	0.000000000000000000e+00	2.368236335337382259e-01	0.000000000000000000e+00
-2.999381000000000131e+04	0.000000000000000000e+00	0.000000000000000000e+00	2.316354869228186841e-01	0.000000000000000000e+00
-2.999379000000000087e+04	0.000000000000000000e+00	0.000000000000000000e+00	2.514725180822168782e-01	0.000000000000000000e+00
-2.999377000000000044e+04	0.000000000000000000e+00	0.000000000000000000e+00	2.462843714712973364e-01	0.000000000000000000e+00
-2.999374000000000160e+04	0.000000000000000000e+00	0.000000000000000000e+00	2.349925229651783909e-01	0.000000000000000000e+00
-2.999370000000000073e+04	0.000000000000000000e+00	0.000000000000000000e+00	2.377391888180181156e-01	0.000000000000000000e+00
-2.999366999999999825e+04	0.000000000000000000e+00	0.000000000000000000e+00	2.490310373241370889e-01	0.000000000000000000e+00
-2.999363999999999942e+04	0.000000000000000000e+00	0.000000000000000000e+00	2.557451094088564747e-01	0.000000000000000000e+00
-2.999361999999999898e+04	0.000000000000000000e+00	0.000000000000000000e+00	2.536088137455366764e-01	0.000000000000000000e+00
-2.999359999999999854e+04	0.000000000000000000e+00	0.000000000000000000e+00	2.505569627979369329e-01	0.000000000000000000e+00
-2.999356999999999971e+04	0.000000000000000000e+00	0.000000000000000000e+00	2.475051118503372172e-01	0.000000000000000000e+00
-2.999354000000000087e+04	0.000000000000000000e+00	0.000000000000000000e+00	2.508621478926968962e-01	0.000000000000000000e+00
-2.999350999999999840e+04	0.000000000000000000e+00	0.000000000000000000e+00	2.539139988402966397e-01	0.000000000000000000e+00
-2.999349000000000160e+04	0.000000000000000000e+00	0.000000000000000000e+00	2.566606646931363644e-01	0.000000000000000000e+00
-2.999347000000000116e+04	0.000000000000000000e+00	0.000000000000000000e+00	2.499465926084170064e-01	0.000000000000000000e+00
-2.999343999999999869e+04	0.000000000000000000e+00	0.000000000000000000e+00	2.545243690298165662e-01	0.000000000000000000e+00
-2.999343000000000029e+04	0.000000000000000000e+00	0.000000000000000000e+00	2.481154820398571714e-01	0.000000000000000000e+00
-2.999340999999999985e+04	0.000000000000000000e+00	0.000000000000000000e+00	2.450636310922574557e-01	0.000000000000000000e+00
-2.999336999999999898e+04	0.000000000000000000e+00	0.000000000000000000e+00	2.536088137455366764e-01	0.000000000000000000e+00
-2.999334000000000015e+04	0.000000000000000000e+00	0.000000000000000000e+00	2.557451094088564747e-01	0.000000000000000000e+00
-2.999331999999999971e+04	0.000000000000000000e+00	0.000000000000000000e+00	2.404858546708578682e-01	0.000000000000000000e+00
-2.999329000000000087e+04	0.000000000000000000e+00	0.000000000000000000e+00	2.438428907132175749e-01	0.000000000000000000e+00
-2.999327000000000044e+04	0.000000000000000000e+00	0.000000000000000000e+00	2.517777031769768414e-01	0.000000000000000000e+00
-2.999324000000000160e+04	0.000000000000000000e+00	0.000000000000000000e+00	2.490310373241370889e-01	0.000000000000000000e+00
-2.999320000000000073e+04	0.000000000000000000e+00	0.000000000000000000e+00	2.520828882717368047e-01	0.000000000000000000e+00
-2.999318000000000029e+04	0.000000000000000000e+00	0.000000000000000000e+00	2.569658497878963832e-01	0.000000000000000000e+00
-2.999315000000000146e+04	0.000000000000000000e+00	0.000000000000000000e+00	2.578814050721762730e-01	0.000000000000000000e+00
-2.999313000000000102e+04	0.000000000000000000e+00	0.000000000000000000e+00	2.557451094088564747e-01	0.000000000000000000e+00
-2.999311000000000058e+04	0.000000000000000000e+00	0.000000000000000000e+00	2.755821405682546410e-01	0.000000000000000000e+00
-2.999309000000000015e+04	0.000000000000000000e+00	0.000000000000000000e+00	2.691732535782952462e-01	0.000000000000000000e+00
-2.999306000000000131e+04	0.000000000000000000e+00	0.000000000000000000e+00	2.645954771568956310e-01	0.000000000000000000e+00
-2.999302999999999884e+04	0.000000000000000000e+00	0.000000000000000000e+00	2.679525131992553377e-01	0.000000000000000000e+00
-2.999300999999999840e+04	0.000000000000000000e+00	0.000000000000000000e+00	2.606280709250159977e-01	0.000000000000000000e+00
-2.999299000000000160e+04	0.000000000000000000e+00	0.000000000000000000e+00	2.578814050721762730e-01	0.000000000000000000e+00
-2.999297000000000116e+04	0.000000000000000000e+00	0.000000000000000000e+00	2.609332560197760165e-01	0.000000000000000000e+00
-2.999293999999999869e+04	0.000000000000000000e+00	0.000000000000000000e+00	2.563554795983764012e-01	0.000000000000000000e+00
-2.999290000000000146e+04	0.000000000000000000e+00	0.000000000000000000e+00	2.545243690298165662e-01	0.000000000000000000e+00
-2.999286000000000058e+04	0.000000000000000000e+00	0.000000000000000000e+00	2.771080660420545128e-01	0.000000000000000000e+00
-2.999283000000000175e+04	0.000000000000000000e+00	0.000000000000000000e+00	2.584917752616961995e-01	0.000000000000000000e+00
-2.999281999999999971e+04	0.000000000000000000e+00	0.000000000000000000e+00	2.633747367778557780e-01	0.000000000000000000e+00
-2.999279000000000087e+04	0.000000000000000000e+00	0.000000000000000000e+00	2.771080660420545128e-01	0.000000000000000000e+00
-2.999277000000000044e+04	0.000000000000000000e+00	0.000000000000000000e+00	2.771080660420545128e-01	0.000000000000000000e+00
-2.999275000000000000e+04	0.000000000000000000e+00	0.000000000000000000e+00	2.667317728202154847e-01	0.000000000000000000e+00
-2.999272999999999956e+04	0.000000000000000000e+00	0.000000000000000000e+00	2.722251045258949342e-01	0.000000000000000000e+00
-2.999270999999999913e+04	0.000000000000000000e+00	0.000000000000000000e+00	2.832117679372539443e-01	0.000000000000000000e+00
-2.999266999999999825e+04	0.000000000000000000e+00	0.000000000000000000e+00	2.725302896206549530e-01	0.000000000000000000e+00
-2.999265000000000146e+04	0.000000000000000000e+00	0.000000000000000000e+00	2.746665852839747513e-01	0.000000000000000000e+00
-2.999263000000000102e+04	0.000000000000000000e+00	0.000000000000000000e+00	2.798547318948942375e-01	0.000000000000000000e+00
-2.999261000000000058e+04	0.000000000000000000e+00	0.000000000000000000e+00	2.813806573686941093e-01	0.000000000000000000e+00
-2.999258000000000175e+04	0.000000000000000000e+00	0.000000000000000000e+00	2.880947294534135228e-01	0.000000000000000000e+00
-2.999254999999999927e+04	0.000000000000000000e+00	0.000000000000000000e+00	2.810754722739341460e-01	0.000000000000000000e+00
-2.999252999999999884e+04	0.000000000000000000e+00	0.000000000000000000e+00	2.819910275582140358e-01	0.000000000000000000e+00
-2.999250000000000000e+04	0.000000000000000000e+00	0.000000000000000000e+00	2.795495468001342743e-01	0.000000000000000000e+00
-2.999247999999999956e+04	0.000000000000000000e+00	0.000000000000000000e+00	2.838221381267738708e-01	0.000000000000000000e+00
-2.999245999999999913e+04	0.000000000000000000e+00	0.000000000000000000e+00	2.798547318948942375e-01	0.000000000000000000e+00
-2.999243000000000029e+04	0.000000000000000000e+00	0.000000000000000000e+00	2.700888088625751360e-01	0.000000000000000000e+00
-2.999238999999999942e+04	0.000000000000000000e+00	0.000000000000000000e+00	2.752769554734946778e-01	0.000000000000000000e+00
-2.999236999999999898e+04	0.000000000000000000e+00	0.000000000000000000e+00	2.826013977477340178e-01	0.000000000000000000e+00
-2.999234999999999854e+04	0.000000000000000000e+00	0.000000000000000000e+00	2.755821405682546410e-01	0.000000000000000000e+00
-2.999231999999999971e+04	0.000000000000000000e+00	0.000000000000000000e+00	2.752769554734946778e-01	0.000000000000000000e+00
-2.999229000000000087e+04	0.000000000000000000e+00	0.000000000000000000e+00	2.728354747154149162e-01	0.000000000000000000e+00
-2.999227999999999884e+04	0.000000000000000000e+00	0.000000000000000000e+00	2.789391766106143478e-01	0.000000000000000000e+00
-2.999225999999999840e+04	0.000000000000000000e+00	0.000000000000000000e+00	2.798547318948942375e-01	0.000000000000000000e+00
-2.999224000000000160e+04	0.000000000000000000e+00	0.000000000000000000e+00	2.911465804010132108e-01	0.000000000000000000e+00
-2.999220999999999913e+04	0.000000000000000000e+00	0.000000000000000000e+00	2.957243568224127706e-01	0.000000000000000000e+00
-2.999218000000000029e+04	0.000000000000000000e+00	0.000000000000000000e+00	2.978606524857326243e-01	0.000000000000000000e+00
-2.999215000000000146e+04	0.000000000000000000e+00	0.000000000000000000e+00	3.030487990966521106e-01	0.000000000000000000e+00
-2.999213999999999942e+04	0.000000000000000000e+00	0.000000000000000000e+00	3.070162053285317438e-01	0.000000000000000000e+00
-2.999211999999999898e+04	0.000000000000000000e+00	0.000000000000000000e+00	3.070162053285317438e-01	0.000000000000000000e+00
-2.999209000000000015e+04	0.000000000000000000e+00	0.000000000000000000e+00	3.030487990966521106e-01	0.000000000000000000e+00
-2.999206999999999971e+04	0.000000000000000000e+00	0.000000000000000000e+00	3.079317606128116891e-01	0.000000000000000000e+00
-2.999204000000000087e+04	0.000000000000000000e+00	0.000000000000000000e+00	3.076265755180517258e-01	0.000000000000000000e+00
-2.999202000000000044e+04	0.000000000000000000e+00	0.000000000000000000e+00	3.125095370342112489e-01	0.000000000000000000e+00
-2.999199000000000160e+04	0.000000000000000000e+00	0.000000000000000000e+00	3.048799096652119456e-01	0.000000000000000000e+00
-2.999197000000000116e+04	0.000000000000000000e+00	0.000000000000000000e+00	3.115939817499313591e-01	0.000000000000000000e+00
-2.999193999999999869e+04	0.000000000000000000e+00	0.000000000000000000e+00	3.021332438123722208e-01	0.000000000000000000e+00
-2.999191999999999825e+04	0.000000000000000000e+00	0.000000000000000000e+00	2.996917630542924038e-01	0.000000000000000000e+00
-2.999188999999999942e+04	0.000000000000000000e+00	0.000000000000000000e+00	2.963347270119327526e-01	0.000000000000000000e+00
-2.999186999999999898e+04	0.000000000000000000e+00	0.000000000000000000e+00	3.021332438123722208e-01	0.000000000000000000e+00
-2.999184000000000015e+04	0.000000000000000000e+00	0.000000000000000000e+00	2.951139866328928441e-01	0.000000000000000000e+00
-2.999181999999999971e+04	0.000000000000000000e+00	0.000000000000000000e+00	2.935880611590929723e-01	0.000000000000000000e+00
-2.999179000000000087e+04	0.000000000000000000e+00	0.000000000000000000e+00	2.951139866328928441e-01	0.000000000000000000e+00
-2.999177000000000044e+04	0.000000000000000000e+00	0.000000000000000000e+00	3.027436140018921473e-01	0.000000000000000000e+00
-2.999175000000000000e+04	0.000000000000000000e+00	0.000000000000000000e+00	3.027436140018921473e-01	0.000000000000000000e+00
-2.999170999999999913e+04	0.000000000000000000e+00	0.000000000000000000e+00	3.054902798547318721e-01	0.000000000000000000e+00
-2.999168999999999869e+04	0.000000000000000000e+00	0.000000000000000000e+00	3.112887966551713403e-01	0.000000000000000000e+00
-2.999166999999999825e+04	0.000000000000000000e+00	0.000000000000000000e+00	3.161717581713309189e-01	0.000000000000000000e+00
-2.999165000000000146e+04	0.000000000000000000e+00	0.000000000000000000e+00	3.256324961088900571e-01	0.000000000000000000e+00
-2.999163000000000102e+04	0.000000000000000000e+00	0.000000000000000000e+00	3.146458326975310471e-01	0.000000000000000000e+00
-2.999159999999999854e+04	0.000000000000000000e+00	0.000000000000000000e+00	3.033539841914120738e-01	0.000000000000000000e+00
-2.999158000000000175e+04	0.000000000000000000e+00	0.000000000000000000e+00	3.277687917722098554e-01	0.000000000000000000e+00
-2.999154999999999927e+04	0.000000000000000000e+00	0.000000000000000000e+00	3.277687917722098554e-01	0.000000000000000000e+00
-2.999152999999999884e+04	0.000000000000000000e+00	0.000000000000000000e+00	3.207495345927304786e-01	0.000000000000000000e+00
-2.999150999999999840e+04	0.000000000000000000e+00	0.000000000000000000e+00	3.216650898770104239e-01	0.000000000000000000e+00
-2.999150000000000000e+04	0.000000000000000000e+00	0.000000000000000000e+00	3.299050874355296536e-01	0.000000000000000000e+00
-2.999147999999999956e+04	0.000000000000000000e+00	0.000000000000000000e+00	3.247169408246101119e-01	0.000000000000000000e+00
-2.999145999999999913e+04	0.000000000000000000e+00	0.000000000000000000e+00	3.234962004455702589e-01	0.000000000000000000e+00
-2.999143999999999869e+04	0.000000000000000000e+00	0.000000000000000000e+00	3.128147221289712121e-01	0.000000000000000000e+00
-2.999141999999999825e+04	0.000000000000000000e+00	0.000000000000000000e+00	3.189184240241706436e-01	0.000000000000000000e+00
-2.999138999999999942e+04	0.000000000000000000e+00	0.000000000000000000e+00	3.161717581713309189e-01	0.000000000000000000e+00
-2.999134999999999854e+04	0.000000000000000000e+00	0.000000000000000000e+00	3.115939817499313591e-01	0.000000000000000000e+00
-2.999131999999999971e+04	0.000000000000000000e+00	0.000000000000000000e+00	3.137302774132511574e-01	0.000000000000000000e+00
-2.999129999999999927e+04	0.000000000000000000e+00	0.000000000000000000e+00	3.314310129093295254e-01	0.000000000000000000e+00
-2.999127999999999884e+04	0.000000000000000000e+00	0.000000000000000000e+00	3.256324961088900571e-01	0.000000000000000000e+00
-2.999125000000000000e+04	0.000000000000000000e+00	0.000000000000000000e+00	3.241065706350901854e-01	0.000000000000000000e+00
-2.999122000000000116e+04	0.000000000000000000e+00	0.000000000000000000e+00	3.247169408246101119e-01	0.000000000000000000e+00
-2.999120000000000073e+04	0.000000000000000000e+00	0.000000000000000000e+00	3.326517532883693784e-01	0.000000000000000000e+00
-2.999118000000000029e+04	0.000000000000000000e+00	0.000000000000000000e+00	3.454695272682882234e-01	0.000000000000000000e+00
-2.999115000000000146e+04	0.000000000000000000e+00	0.000000000000000000e+00	3.445539719840082782e-01	0.000000000000000000e+00
-2.999111999999999898e+04	0.000000000000000000e+00	0.000000000000000000e+00	3.491317484054078935e-01	0.000000000000000000e+00
-2.999109000000000015e+04	0.000000000000000000e+00	0.000000000000000000e+00	3.427228614154484432e-01	0.000000000000000000e+00
-2.999106999999999971e+04	0.000000000000000000e+00	0.000000000000000000e+00	3.384502700888088467e-01	0.000000000000000000e+00
-2.999104000000000087e+04	0.000000000000000000e+00	0.000000000000000000e+00	3.482161931211279482e-01	0.000000000000000000e+00
-2.999102999999999884e+04	0.000000000000000000e+00	0.000000000000000000e+00	3.473006378368480584e-01	0.000000000000000000e+00
-2.999100999999999840e+04	0.000000000000000000e+00	0.000000000000000000e+00	3.469954527420880952e-01	0.000000000000000000e+00
-2.999097999999999956e+04	0.000000000000000000e+00	0.000000000000000000e+00	3.372295297097689937e-01	0.000000000000000000e+00
-2.999095000000000073e+04	0.000000000000000000e+00	0.000000000000000000e+00	3.317361980040894887e-01	0.000000000000000000e+00
-2.999091999999999825e+04	0.000000000000000000e+00	0.000000000000000000e+00	3.378398998992889202e-01	0.000000000000000000e+00
-2.999088999999999942e+04	0.000000000000000000e+00	0.000000000000000000e+00	3.286843470564897451e-01	0.000000000000000000e+00
-2.999086999999999898e+04	0.000000000000000000e+00	0.000000000000000000e+00	3.262428662984099836e-01	0.000000000000000000e+00
-2.999084000000000015e+04	0.000000000000000000e+00	0.000000000000000000e+00	3.329569383831293417e-01	0.000000000000000000e+00
-2.999081999999999971e+04	0.000000000000000000e+00	0.000000000000000000e+00	3.317361980040894887e-01	0.000000000000000000e+00
-2.999077999999999884e+04	0.000000000000000000e+00	0.000000000000000000e+00	3.314310129093295254e-01	0.000000000000000000e+00
-2.999075999999999840e+04	0.000000000000000000e+00	0.000000000000000000e+00	3.405865657521286449e-01	0.000000000000000000e+00
-2.999074000000000160e+04	0.000000000000000000e+00	0.000000000000000000e+00	3.253273110141300939e-01	0.000000000000000000e+00
-2.999070999999999913e+04	0.000000000000000000e+00	0.000000000000000000e+00	3.421124912259285167e-01	0.000000000000000000e+00
-2.999066999999999825e+04	0.000000000000000000e+00	0.000000000000000000e+00	3.534043397320474900e-01	0.000000000000000000e+00
-2.999065000000000146e+04	0.000000000000000000e+00	0.000000000000000000e+00	3.534043397320474900e-01	0.000000000000000000e+00
-2.999063000000000102e+04	0.000000000000000000e+00	0.000000000000000000e+00	3.451643421735282602e-01	0.000000000000000000e+00
-2.999061000000000058e+04	0.000000000000000000e+00	0.000000000000000000e+00	3.592028565324869582e-01	0.000000000000000000e+00
-2.999058000000000175e+04	0.000000000000000000e+00	0.000000000000000000e+00	3.613391521958067565e-01	0.000000000000000000e+00
-2.999056000000000131e+04	0.000000000000000000e+00	0.000000000000000000e+00	3.573717459639271232e-01	0.000000000000000000e+00
-2.999054000000000087e+04	0.000000000000000000e+00	0.000000000000000000e+00	3.552354503006073250e-01	0.000000000000000000e+00
-2.999050999999999840e+04	0.000000000000000000e+00	0.000000000000000000e+00	3.515732291634876550e-01	0.000000000000000000e+00
-2.999047999999999956e+04	0.000000000000000000e+00	0.000000000000000000e+00	3.524887844477675447e-01	0.000000000000000000e+00
-2.999045999999999913e+04	0.000000000000000000e+00	0.000000000000000000e+00	3.616443372905667197e-01	0.000000000000000000e+00
-2.999043000000000029e+04	0.000000000000000000e+00	0.000000000000000000e+00	3.534043397320474900e-01	0.000000000000000000e+00
-2.999040000000000146e+04	0.000000000000000000e+00	0.000000000000000000e+00	3.457747123630481867e-01	0.000000000000000000e+00
-2.999036999999999898e+04	0.000000000000000000e+00	0.000000000000000000e+00	3.497421185949278200e-01	0.000000000000000000e+00
-2.999034000000000015e+04	0.000000000000000000e+00	0.000000000000000000e+00	3.534043397320474900e-01	0.000000000000000000e+00
-2.999031000000000131e+04	0.000000000000000000e+00	0.000000000000000000e+00	3.543198950163273797e-01	0.000000000000000000e+00
-2.999029000000000087e+04	0.000000000000000000e+00	0.000000000000000000e+00	3.756828516495254178e-01	0.000000000000000000e+00
-2.999025999999999840e+04	0.000000000000000000e+00	0.000000000000000000e+00	3.628650776696066282e-01	0.000000000000000000e+00
-2.999024000000000160e+04	0.000000000000000000e+00	0.000000000000000000e+00	3.549302652058473617e-01	0.000000000000000000e+00
-2.999022000000000116e+04	0.000000000000000000e+00	0.000000000000000000e+00	3.588976714377269950e-01	0.000000000000000000e+00
-2.999020000000000073e+04	0.000000000000000000e+00	0.000000000000000000e+00	3.622547074800866462e-01	0.000000000000000000e+00
-2.999016999999999825e+04	0.000000000000000000e+00	0.000000000000000000e+00	3.704947050386059315e-01	0.000000000000000000e+00
-2.999013000000000102e+04	0.000000000000000000e+00	0.000000000000000000e+00	3.732413708914456563e-01	0.000000000000000000e+00
-2.999009999999999854e+04	0.000000000000000000e+00	0.000000000000000000e+00	3.698843348490859495e-01	0.000000000000000000e+00
-2.999008000000000175e+04	0.000000000000000000e+00	0.000000000000000000e+00	3.796502578814050510e-01	0.000000000000000000e+00
-2.999004999999999927e+04	0.000000000000000000e+00	0.000000000000000000e+00	3.738517410809655828e-01	0.000000000000000000e+00
-2.999002000000000044e+04	0.000000000000000000e+00	0.000000000000000000e+00	3.799554429761650698e-01	0.000000000000000000e+00
-2.998999000000000160e+04	0.000000000000000000e+00	0.000000000000000000e+00	3.912472914822839876e-01	0.000000000000000000e+00
-2.998997000000000116e+04	0.000000000000000000e+00	0.000000000000000000e+00	3.897213660084841713e-01	0.000000000000000000e+00
-2.998993999999999869e+04	0.000000000000000000e+00	0.000000000000000000e+00	3.863643299661244646e-01	0.000000000000000000e+00
-2.998991999999999825e+04	0.000000000000000000e+00	0.000000000000000000e+00	3.866695150608844278e-01	0.000000000000000000e+00
-2.998988999999999942e+04	0.000000000000000000e+00	0.000000000000000000e+00	3.723258156071657665e-01	0.000000000000000000e+00
-2.998986999999999898e+04	0.000000000000000000e+00	0.000000000000000000e+00	3.729361857966856930e-01	0.000000000000000000e+00
-2.998984999999999854e+04	0.000000000000000000e+00	0.000000000000000000e+00	3.659169286172063162e-01	0.000000000000000000e+00
-2.998981999999999971e+04	0.000000000000000000e+00	0.000000000000000000e+00	3.659169286172063162e-01	0.000000000000000000e+00
-2.998979000000000087e+04	0.000000000000000000e+00	0.000000000000000000e+00	3.659169286172063162e-01	0.000000000000000000e+00
-2.998975999999999840e+04	0.000000000000000000e+00	0.000000000000000000e+00	3.704947050386059315e-01	0.000000000000000000e+00
-2.998974000000000160e+04	0.000000000000000000e+00	0.000000000000000000e+00	3.738517410809655828e-01	0.000000000000000000e+00
-2.998972000000000116e+04	0.000000000000000000e+00	0.000000000000000000e+00	3.689687795648060598e-01	0.000000000000000000e+00
-2.998968999999999869e+04	0.000000000000000000e+00	0.000000000000000000e+00	3.674428540910061880e-01	0.000000000000000000e+00
-2.998965999999999985e+04	0.000000000000000000e+00	0.000000000000000000e+00	3.830072939237647578e-01	0.000000000000000000e+00
-2.998963999999999942e+04	0.000000000000000000e+00	0.000000000000000000e+00	3.784295175023651980e-01	0.000000000000000000e+00
-2.998959999999999854e+04	0.000000000000000000e+00	0.000000000000000000e+00	3.854487746818445193e-01	0.000000000000000000e+00
-2.998956999999999971e+04	0.000000000000000000e+00	0.000000000000000000e+00	3.955198828089236396e-01	0.000000000000000000e+00
-2.998954000000000087e+04	0.000000000000000000e+00	0.000000000000000000e+00	4.037598803674428694e-01	0.000000000000000000e+00
-2.998952000000000044e+04	0.000000000000000000e+00	0.000000000000000000e+00	4.077272865993225026e-01	0.000000000000000000e+00
-2.998949000000000160e+04	0.000000000000000000e+00	0.000000000000000000e+00	4.074221015045625394e-01	0.000000000000000000e+00
-2.998945999999999913e+04	0.000000000000000000e+00	0.000000000000000000e+00	4.074221015045625394e-01	0.000000000000000000e+00
-2.998943999999999869e+04	0.000000000000000000e+00	0.000000000000000000e+00	4.080324716940824659e-01	0.000000000000000000e+00
-2.998940999999999985e+04	0.000000000000000000e+00	0.000000000000000000e+00	4.049806207464827223e-01	0.000000000000000000e+00
-2.998936999999999898e+04	0.000000000000000000e+00	0.000000000000000000e+00	3.994872890408032728e-01	0.000000000000000000e+00
-2.998934000000000015e+04	0.000000000000000000e+00	0.000000000000000000e+00	4.129154332102419889e-01	0.000000000000000000e+00
-2.998929999999999927e+04	0.000000000000000000e+00	0.000000000000000000e+00	4.049806207464827223e-01	0.000000000000000000e+00
-2.998925999999999840e+04	0.000000000000000000e+00	0.000000000000000000e+00	4.000976592303231993e-01	0.000000000000000000e+00
-2.998922000000000116e+04	0.000000000000000000e+00	0.000000000000000000e+00	3.964354380932035293e-01	0.000000000000000000e+00
-2.998920000000000073e+04	0.000000000000000000e+00	0.000000000000000000e+00	3.933835871456037858e-01	0.000000000000000000e+00
-2.998918000000000029e+04	0.000000000000000000e+00	0.000000000000000000e+00	3.924680318613238961e-01	0.000000000000000000e+00
-2.998915000000000146e+04	0.000000000000000000e+00	0.000000000000000000e+00	4.043702505569627959e-01	0.000000000000000000e+00
-2.998911999999999898e+04	0.000000000000000000e+00	0.000000000000000000e+00	4.077272865993225026e-01	0.000000000000000000e+00
-2.998909000000000015e+04	0.000000000000000000e+00	0.000000000000000000e+00	3.994872890408032728e-01	0.000000000000000000e+00
-2.998906000000000131e+04	0.000000000000000000e+00	0.000000000000000000e+00	4.080324716940824659e-01	0.000000000000000000e+00
-2.998904000000000087e+04	0.000000000000000000e+00	0.000000000000000000e+00	4.077272865993225026e-01	0.000000000000000000e+00
-2.998900000000000000e+04	0.000000000000000000e+00	0.000000000000000000e+00	4.089480269783623556e-01	0.000000000000000000e+00
-2.998897999999999956e+04	0.000000000000000000e+00	0.000000000000000000e+00	4.193243202002014391e-01	0.000000000000000000e+00
-2.998895000000000073e+04	0.000000000000000000e+00	0.000000000000000000e+00	4.135258033997619709e-01	0.000000000000000000e+00
-2.998891999999999825e+04	0.000000000000000000e+00	0.000000000000000000e+00	4.205450605792412921e-01	0.000000000000000000e+00
-2.998888999999999942e+04	0.000000000000000000e+00	0.000000000000000000e+00	4.275643177587206689e-01	0.000000000000000000e+00
-2.998886000000000058e+04	0.000000000000000000e+00	0.000000000000000000e+00	4.293954283272805039e-01	0.000000000000000000e+00
-2.998883000000000175e+04	0.000000000000000000e+00	0.000000000000000000e+00	4.330576494644001739e-01	0.000000000000000000e+00
-2.998879000000000087e+04	0.000000000000000000e+00	0.000000000000000000e+00	4.315317239906003022e-01	0.000000000000000000e+00
-2.998875999999999840e+04	0.000000000000000000e+00	0.000000000000000000e+00	4.376354258857997337e-01	0.000000000000000000e+00
-2.998874000000000160e+04	0.000000000000000000e+00	0.000000000000000000e+00	4.263435773796807604e-01	0.000000000000000000e+00
-2.998872999999999956e+04	0.000000000000000000e+00	0.000000000000000000e+00	4.290902432325205407e-01	0.000000000000000000e+00
-2.998870999999999913e+04	0.000000000000000000e+00	0.000000000000000000e+00	4.275643177587206689e-01	0.000000000000000000e+00
-2.998866999999999825e+04	0.000000000000000000e+00	0.000000000000000000e+00	4.126102481154820256e-01	0.000000000000000000e+00
-2.998863999999999942e+04	0.000000000000000000e+00	0.000000000000000000e+00	4.062013611255226309e-01	0.000000000000000000e+00
-2.998861999999999898e+04	0.000000000000000000e+00	0.000000000000000000e+00	4.074221015045625394e-01	0.000000000000000000e+00
-2.998859999999999854e+04	0.000000000000000000e+00	0.000000000000000000e+00	4.086428418836023924e-01	0.000000000000000000e+00
-2.998858000000000175e+04	0.000000000000000000e+00	0.000000000000000000e+00	4.147465437788018239e-01	0.000000000000000000e+00
-2.998856999999999971e+04	0.000000000000000000e+00	0.000000000000000000e+00	4.113895077364421726e-01	0.000000000000000000e+00
-2.998854000000000087e+04	0.000000000000000000e+00	0.000000000000000000e+00	4.098635822626423009e-01	0.000000000000000000e+00
-2.998850999999999840e+04	0.000000000000000000e+00	0.000000000000000000e+00	4.193243202002014391e-01	0.000000000000000000e+00
-2.998849000000000160e+04	0.000000000000000000e+00	0.000000000000000000e+00	4.229865413373211092e-01	0.000000000000000000e+00
-2.998847000000000116e+04	0.000000000000000000e+00	0.000000000000000000e+00	4.290902432325205407e-01	0.000000000000000000e+00
-2.998845000000000073e+04	0.000000000000000000e+00	0.000000000000000000e+00	4.284798730430005587e-01	0.000000000000000000e+00
-2.998843000000000029e+04	0.000000000000000000e+00	0.000000000000000000e+00	4.412976470229194037e-01	0.000000000000000000e+00
-2.998840999999999985e+04	0.000000000000000000e+00	0.000000000000000000e+00	4.541154210028382487e-01	0.000000000000000000e+00
-2.998838999999999942e+04	0.000000000000000000e+00	0.000000000000000000e+00	4.458754234443189635e-01	0.000000000000000000e+00
-2.998836999999999898e+04	0.000000000000000000e+00	0.000000000000000000e+00	4.510635700552385052e-01	0.000000000000000000e+00
-2.998834000000000015e+04	0.000000000000000000e+00	0.000000000000000000e+00	4.474013489181188352e-01	0.000000000000000000e+00
-2.998831000000000131e+04	0.000000000000000000e+00	0.000000000000000000e+00	4.342783898434400269e-01	0.000000000000000000e+00
-2.998827999999999884e+04	0.000000000000000000e+00	0.000000000000000000e+00	4.370250556962798072e-01	0.000000000000000000e+00
-2.998825999999999840e+04	0.000000000000000000e+00	0.000000000000000000e+00	4.300057985168004304e-01	0.000000000000000000e+00
-2.998824000000000160e+04	0.000000000000000000e+00	0.000000000000000000e+00	4.339732047486800637e-01	0.000000000000000000e+00
-2.998820999999999913e+04	0.000000000000000000e+00	0.000000000000000000e+00	4.339732047486800637e-01	0.000000000000000000e+00
-2.998818999999999869e+04	0.000000000000000000e+00	0.000000000000000000e+00	4.309213538010803757e-01	0.000000000000000000e+00
-2.998815999999999985e+04	0.000000000000000000e+00	0.000000000000000000e+00	4.223761711478011271e-01	0.000000000000000000e+00
-2.998813000000000102e+04	0.000000000000000000e+00	0.000000000000000000e+00	4.245124668111209254e-01	0.000000000000000000e+00
-2.998809999999999854e+04	0.000000000000000000e+00	0.000000000000000000e+00	4.272591326639607057e-01	0.000000000000000000e+00
-2.998808000000000175e+04	0.000000000000000000e+00	0.000000000000000000e+00	4.300057985168004304e-01	0.000000000000000000e+00
-2.998804999999999927e+04	0.000000000000000000e+00	0.000000000000000000e+00	4.367198706015198439e-01	0.000000000000000000e+00
-2.998802999999999884e+04	0.000000000000000000e+00	0.000000000000000000e+00	4.498428296761985967e-01	0.000000000000000000e+00
-2.998800000000000000e+04	0.000000000000000000e+00	0.000000000000000000e+00	4.477065340128787985e-01	0.000000000000000000e+00
-2.998797999999999956e+04	0.000000000000000000e+00	0.000000000000000000e+00	4.376354258857997337e-01	0.000000000000000000e+00
-2.998795000000000073e+04	0.000000000000000000e+00	0.000000000000000000e+00	4.547257911923581752e-01	0.000000000000000000e+00
-2.998793000000000029e+04	0.000000000000000000e+00	0.000000000000000000e+00	4.657124546037171298e-01	0.000000000000000000e+00
-2.998790999999999985e+04	0.000000000000000000e+00	0.000000000000000000e+00	4.544206060975982120e-01	0.000000000000000000e+00
-2.998788999999999942e+04	0.000000000000000000e+00	0.000000000000000000e+00	4.623554185613574785e-01	0.000000000000000000e+00
-2.998786999999999898e+04	0.000000000000000000e+00	0.000000000000000000e+00	4.733420819727164330e-01	0.000000000000000000e+00
-2.998784999999999854e+04	0.000000000000000000e+00	0.000000000000000000e+00	4.589983825189977718e-01	0.000000000000000000e+00
-2.998781999999999971e+04	0.000000000000000000e+00	0.000000000000000000e+00	4.632709738456373683e-01	0.000000000000000000e+00
-2.998779999999999927e+04	0.000000000000000000e+00	0.000000000000000000e+00	4.660176396984771485e-01	0.000000000000000000e+00
-2.998777999999999884e+04	0.000000000000000000e+00	0.000000000000000000e+00	4.647968993194372400e-01	0.000000000000000000e+00
-2.998775999999999840e+04	0.000000000000000000e+00	0.000000000000000000e+00	4.486220892971587437e-01	0.000000000000000000e+00
-2.998774000000000160e+04	0.000000000000000000e+00	0.000000000000000000e+00	4.577776421399578632e-01	0.000000000000000000e+00
-2.998772000000000116e+04	0.000000000000000000e+00	0.000000000000000000e+00	4.446546830652791105e-01	0.000000000000000000e+00
-2.998770000000000073e+04	0.000000000000000000e+00	0.000000000000000000e+00	4.416028321176793670e-01	0.000000000000000000e+00
-2.998768000000000029e+04	0.000000000000000000e+00	0.000000000000000000e+00	4.440443128757591285e-01	0.000000000000000000e+00
-2.998766999999999825e+04	0.000000000000000000e+00	0.000000000000000000e+00	4.351939451277199722e-01	0.000000000000000000e+00
-2.998765000000000146e+04	0.000000000000000000e+00	0.000000000000000000e+00	4.431287575914792387e-01	0.000000000000000000e+00
-2.998763000000000102e+04	0.000000000000000000e+00	0.000000000000000000e+00	4.416028321176793670e-01	0.000000000000000000e+00
-2.998761999999999898e+04	0.000000000000000000e+00	0.000000000000000000e+00	4.605243079927976435e-01	0.000000000000000000e+00
-2.998759000000000015e+04	0.000000000000000000e+00	0.000000000000000000e+00	4.571672719504379367e-01	0.000000000000000000e+00
-2.998756000000000131e+04	0.000000000000000000e+00	0.000000000000000000e+00	4.593035676137577350e-01	0.000000000000000000e+00
-2.998754000000000087e+04	0.000000000000000000e+00	0.000000000000000000e+00	4.577776421399578632e-01	0.000000000000000000e+00
-2.998752000000000044e+04	0.000000000000000000e+00	0.000000000000000000e+00	4.641865291299173135e-01	0.000000000000000000e+00
-2.998747999999999956e+04	0.000000000000000000e+00	0.000000000000000000e+00	4.739524521622364150e-01	0.000000000000000000e+00
-2.998745000000000073e+04	0.000000000000000000e+00	0.000000000000000000e+00	4.742576372569963783e-01	0.000000000000000000e+00
-2.998743000000000029e+04	0.000000000000000000e+00	0.000000000000000000e+00	4.849391155735953696e-01	0.000000000000000000e+00
-2.998741999999999825e+04	0.000000000000000000e+00	0.000000000000000000e+00	4.913480025635548198e-01	0.000000000000000000e+00
-2.998740000000000146e+04	0.000000000000000000e+00	0.000000000000000000e+00	4.800561540574358466e-01	0.000000000000000000e+00
-2.998736999999999898e+04	0.000000000000000000e+00	0.000000000000000000e+00	4.779198583941160483e-01	0.000000000000000000e+00
-2.998734000000000015e+04	0.000000000000000000e+00	0.000000000000000000e+00	4.751731925412762680e-01	0.000000000000000000e+00
-2.998731000000000131e+04	0.000000000000000000e+00	0.000000000000000000e+00	4.715109714041565980e-01	0.000000000000000000e+00
-2.998729000000000087e+04	0.000000000000000000e+00	0.000000000000000000e+00	4.690694906460768365e-01	0.000000000000000000e+00
-2.998727999999999884e+04	0.000000000000000000e+00	0.000000000000000000e+00	4.736472670674764518e-01	0.000000000000000000e+00
-2.998725999999999840e+04	0.000000000000000000e+00	0.000000000000000000e+00	4.641865291299173135e-01	0.000000000000000000e+00
-2.998722999999999956e+04	0.000000000000000000e+00	0.000000000000000000e+00	4.626606036561174418e-01	0.000000000000000000e+00
-2.998720000000000073e+04	0.000000000000000000e+00	0.000000000000000000e+00	4.550309762871181385e-01	0.000000000000000000e+00
-2.998715999999999985e+04	0.000000000000000000e+00	0.000000000000000000e+00	4.550309762871181385e-01	0.000000000000000000e+00
-2.998713999999999942e+04	0.000000000000000000e+00	0.000000000000000000e+00	4.626606036561174418e-01	0.000000000000000000e+00
-2.998713000000000102e+04	0.000000000000000000e+00	0.000000000000000000e+00	4.712057863093966348e-01	0.000000000000000000e+00
-2.998711000000000058e+04	0.000000000000000000e+00	0.000000000000000000e+00	4.824976348155156081e-01	0.000000000000000000e+00
-2.998709000000000015e+04	0.000000000000000000e+00	0.000000000000000000e+00	4.766991180150761398e-01	0.000000000000000000e+00
-2.998706000000000131e+04	0.000000000000000000e+00	0.000000000000000000e+00	4.809717093417157363e-01	0.000000000000000000e+00
-2.998702999999999884e+04	0.000000000000000000e+00	0.000000000000000000e+00	4.992828150273140864e-01	0.000000000000000000e+00
-2.998700000000000000e+04	0.000000000000000000e+00	0.000000000000000000e+00	4.971465193639942881e-01	0.000000000000000000e+00
-2.998697999999999956e+04	0.000000000000000000e+00	0.000000000000000000e+00	5.020294808801538666e-01	0.000000000000000000e+00
-2.998695000000000073e+04	0.000000000000000000e+00	0.000000000000000000e+00	5.011139255958738659e-01	0.000000000000000000e+00
-2.998691999999999825e+04	0.000000000000000000e+00	0.000000000000000000e+00	5.014191106906338291e-01	0.000000000000000000e+00
-2.998690000000000146e+04	0.000000000000000000e+00	0.000000000000000000e+00	4.956205938901944164e-01	0.000000000000000000e+00
-2.998688999999999942e+04	0.000000000000000000e+00	0.000000000000000000e+00	4.968413342692342693e-01	0.000000000000000000e+00
-2.998686000000000058e+04	0.000000000000000000e+00	0.000000000000000000e+00	4.922635578478347096e-01	0.000000000000000000e+00
-2.998684000000000015e+04	0.000000000000000000e+00	0.000000000000000000e+00	4.886013367107150396e-01	0.000000000000000000e+00
-2.998681000000000131e+04	0.000000000000000000e+00	0.000000000000000000e+00	4.834131900997955533e-01	0.000000000000000000e+00
-2.998679000000000087e+04	0.000000000000000000e+00	0.000000000000000000e+00	4.745628223517563415e-01	0.000000000000000000e+00
-2.998677000000000044e+04	0.000000000000000000e+00	0.000000000000000000e+00	4.950102237006744343e-01	0.000000000000000000e+00
-2.998675000000000000e+04	0.000000000000000000e+00	0.000000000000000000e+00	4.907376323740348378e-01	0.000000000000000000e+00
-2.998672999999999956e+04	0.000000000000000000e+00	0.000000000000000000e+00	4.846339304788354063e-01	0.000000000000000000e+00
-2.998670000000000073e+04	0.000000000000000000e+00	0.000000000000000000e+00	4.806665242469557731e-01	0.000000000000000000e+00
-2.998668000000000029e+04	0.000000000000000000e+00	0.000000000000000000e+00	4.773094882045960663e-01	0.000000000000000000e+00
-2.998666999999999825e+04	0.000000000000000000e+00	0.000000000000000000e+00	4.788354136783959381e-01	0.000000000000000000e+00
-2.998665000000000146e+04	0.000000000000000000e+00	0.000000000000000000e+00	4.812768944364756996e-01	0.000000000000000000e+00
-2.998663000000000102e+04	0.000000000000000000e+00	0.000000000000000000e+00	4.849391155735953696e-01	0.000000000000000000e+00
-2.998661000000000058e+04	0.000000000000000000e+00	0.000000000000000000e+00	4.919583727530747463e-01	0.000000000000000000e+00
-2.998659000000000015e+04	0.000000000000000000e+00	0.000000000000000000e+00	4.953154087954344531e-01	0.000000000000000000e+00
-2.998658000000000175e+04	0.000000000000000000e+00	0.000000000000000000e+00	4.956205938901944164e-01	0.000000000000000000e+00
-2.998654999999999927e+04	0.000000000000000000e+00	0.000000000000000000e+00	4.977568895535142146e-01	0.000000000000000000e+00
-2.998652999999999884e+04	0.000000000000000000e+00	0.000000000000000000e+00	5.038605914487136461e-01	0.000000000000000000e+00
-2.998650999999999840e+04	0.000000000000000000e+00	0.000000000000000000e+00	5.111850337229529861e-01	0.000000000000000000e+00
-2.998647999999999956e+04	0.000000000000000000e+00	0.000000000000000000e+00	5.130161442915127656e-01	0.000000000000000000e+00
-2.998643999999999869e+04	0.000000000000000000e+00	0.000000000000000000e+00	5.081331827753532426e-01	0.000000000000000000e+00
-2.998640999999999985e+04	0.000000000000000000e+00	0.000000000000000000e+00	5.087435529648731691e-01	0.000000000000000000e+00
-2.998640000000000146e+04	0.000000000000000000e+00	0.000000000000000000e+00	5.044709616382335726e-01	0.000000000000000000e+00
-2.998638000000000102e+04	0.000000000000000000e+00	0.000000000000000000e+00	5.059968871120334999e-01	0.000000000000000000e+00
-2.998634000000000015e+04	0.000000000000000000e+00	0.000000000000000000e+00	5.026398510696737931e-01	0.000000000000000000e+00
-2.998631999999999971e+04	0.000000000000000000e+00	0.000000000000000000e+00	4.965361491744743061e-01	0.000000000000000000e+00
-2.998629000000000087e+04	0.000000000000000000e+00	0.000000000000000000e+00	4.916531876583147831e-01	0.000000000000000000e+00
-2.998627000000000044e+04	0.000000000000000000e+00	0.000000000000000000e+00	4.913480025635548198e-01	0.000000000000000000e+00
-2.998625000000000000e+04	0.000000000000000000e+00	0.000000000000000000e+00	4.928739280373546361e-01	0.000000000000000000e+00
-2.998622999999999956e+04	0.000000000000000000e+00	0.000000000000000000e+00	4.916531876583147831e-01	0.000000000000000000e+00
-2.998620000000000073e+04	0.000000000000000000e+00	0.000000000000000000e+00	4.992828150273140864e-01	0.000000000000000000e+00
-2.998616999999999825e+04	0.000000000000000000e+00	0.000000000000000000e+00	5.047761467329935359e-01	0.000000000000000000e+00
-2.998615000000000146e+04	0.000000000000000000e+00	0.000000000000000000e+00	4.977568895535142146e-01	0.000000000000000000e+00
-2.998611999999999898e+04	0.000000000000000000e+00	0.000000000000000000e+00	5.093539231543930956e-01	0.000000000000000000e+00
-2.998609999999999854e+04	0.000000000000000000e+00	0.000000000000000000e+00	5.166783654286324357e-01	0.000000000000000000e+00
-2.998606999999999971e+04	0.000000000000000000e+00	0.000000000000000000e+00	5.218665120395520329e-01	0.000000000000000000e+00
-2.998604000000000087e+04	0.000000000000000000e+00	0.000000000000000000e+00	5.227820673238319227e-01	0.000000000000000000e+00
-2.998602999999999884e+04	0.000000000000000000e+00	0.000000000000000000e+00	5.282753990295113722e-01	0.000000000000000000e+00
-2.998600000000000000e+04	0.000000000000000000e+00	0.000000000000000000e+00	5.267494735557115559e-01	0.000000000000000000e+00
-2.998597999999999956e+04	0.000000000000000000e+00	0.000000000000000000e+00	5.453657643360698692e-01	0.000000000000000000e+00
-2.998595999999999913e+04	0.000000000000000000e+00	0.000000000000000000e+00	5.453657643360698692e-01	0.000000000000000000e+00
-2.998595000000000073e+04	0.000000000000000000e+00	0.000000000000000000e+00	5.319376201666310422e-01	0.000000000000000000e+00
-2.998593000000000029e+04	0.000000000000000000e+00	0.000000000000000000e+00	5.117954039124729126e-01	0.000000000000000000e+00
-2.998590999999999985e+04	0.000000000000000000e+00	0.000000000000000000e+00	5.136265144810326921e-01	0.000000000000000000e+00
-2.998588999999999942e+04	0.000000000000000000e+00	0.000000000000000000e+00	5.084383678701132059e-01	0.000000000000000000e+00
-2.998586999999999898e+04	0.000000000000000000e+00	0.000000000000000000e+00	5.053865169225134624e-01	0.000000000000000000e+00
-2.998584999999999854e+04	0.000000000000000000e+00	0.000000000000000000e+00	4.971465193639942881e-01	0.000000000000000000e+00
-2.998584000000000015e+04	0.000000000000000000e+00	0.000000000000000000e+00	5.047761467329935359e-01	0.000000000000000000e+00
-2.998581999999999971e+04	0.000000000000000000e+00	0.000000000000000000e+00	4.916531876583147831e-01	0.000000000000000000e+00
-2.998579000000000087e+04	0.000000000000000000e+00	0.000000000000000000e+00	5.014191106906338291e-01	0.000000000000000000e+00
-2.998574000000000160e+04	0.000000000000000000e+00	0.000000000000000000e+00	4.989776299325540676e-01	0.000000000000000000e+00
-2.998570999999999913e+04	0.000000000000000000e+00	0.000000000000000000e+00	5.011139255958738659e-01	0.000000000000000000e+00
-2.998568999999999869e+04	0.000000000000000000e+00	0.000000000000000000e+00	5.154576250495925827e-01	0.000000000000000000e+00
-2.998565999999999985e+04	0.000000000000000000e+00	0.000000000000000000e+00	5.160679952391125092e-01	0.000000000000000000e+00
-2.998561999999999898e+04	0.000000000000000000e+00	0.000000000000000000e+00	5.258339182714316662e-01	0.000000000000000000e+00
-2.998559000000000015e+04	0.000000000000000000e+00	0.000000000000000000e+00	5.316324350718710789e-01	0.000000000000000000e+00
-2.998556999999999971e+04	0.000000000000000000e+00	0.000000000000000000e+00	5.413983581041902360e-01	0.000000000000000000e+00
-2.998554999999999927e+04	0.000000000000000000e+00	0.000000000000000000e+00	5.359050263985106755e-01	0.000000000000000000e+00
-2.998552000000000044e+04	0.000000000000000000e+00	0.000000000000000000e+00	5.447553941465498317e-01	0.000000000000000000e+00
-2.998549000000000160e+04	0.000000000000000000e+00	0.000000000000000000e+00	5.435346537675099787e-01	0.000000000000000000e+00
-2.998547999999999956e+04	0.000000000000000000e+00	0.000000000000000000e+00	5.490279854731895393e-01	0.000000000000000000e+00
-2.998545999999999913e+04	0.000000000000000000e+00	0.000000000000000000e+00	5.346842860194708225e-01	0.000000000000000000e+00
-2.998543000000000029e+04	0.000000000000000000e+00	0.000000000000000000e+00	5.386516922513504557e-01	0.000000000000000000e+00
-2.998540000000000146e+04	0.000000000000000000e+00	0.000000000000000000e+00	5.291909543137912619e-01	0.000000000000000000e+00
-2.998536999999999898e+04	0.000000000000000000e+00	0.000000000000000000e+00	5.236976226081118124e-01	0.000000000000000000e+00
-2.998533000000000175e+04	0.000000000000000000e+00	0.000000000000000000e+00	5.243079927976317389e-01	0.000000000000000000e+00
-2.998531000000000131e+04	0.000000000000000000e+00	0.000000000000000000e+00	5.218665120395520329e-01	0.000000000000000000e+00
-2.998529000000000087e+04	0.000000000000000000e+00	0.000000000000000000e+00	5.175939207129124364e-01	0.000000000000000000e+00
-2.998525999999999840e+04	0.000000000000000000e+00	0.000000000000000000e+00	5.230872524185918859e-01	0.000000000000000000e+00
-2.998522000000000116e+04	0.000000000000000000e+00	0.000000000000000000e+00	5.175939207129124364e-01	0.000000000000000000e+00
-2.998518000000000029e+04	0.000000000000000000e+00	0.000000000000000000e+00	5.236976226081118124e-01	0.000000000000000000e+00
-2.998515999999999985e+04	0.000000000000000000e+00	0.000000000000000000e+00	5.294961394085513362e-01	0.000000000000000000e+00
-2.998513000000000102e+04	0.000000000000000000e+00	0.000000000000000000e+00	5.307168797875911892e-01	0.000000000000000000e+00
-2.998511000000000058e+04	0.000000000000000000e+00	0.000000000000000000e+00	5.386516922513504557e-01	0.000000000000000000e+00
-2.998509000000000015e+04	0.000000000000000000e+00	0.000000000000000000e+00	5.447553941465498317e-01	0.000000000000000000e+00
-2.998508000000000175e+04	0.000000000000000000e+00	0.000000000000000000e+00	5.413983581041902360e-01	0.000000000000000000e+00
-2.998504999999999927e+04	0.000000000000000000e+00	0.000000000000000000e+00	5.462813196203497590e-01	0.000000000000000000e+00
-2.998500999999999840e+04	0.000000000000000000e+00	0.000000000000000000e+00	5.435346537675099787e-01	0.000000000000000000e+00
-2.998497000000000116e+04	0.000000000000000000e+00	0.000000000000000000e+00	5.490279854731895393e-01	0.000000000000000000e+00
-2.998493999999999869e+04	0.000000000000000000e+00	0.000000000000000000e+00	5.533005767998291358e-01	0.000000000000000000e+00
-2.998491999999999825e+04	0.000000000000000000e+00	0.000000000000000000e+00	5.484176152836695017e-01	0.000000000000000000e+00
-2.998490999999999985e+04	0.000000000000000000e+00	0.000000000000000000e+00	5.481124301889095385e-01	0.000000000000000000e+00
-2.998488000000000102e+04	0.000000000000000000e+00	0.000000000000000000e+00	5.526902066103090982e-01	0.000000000000000000e+00
-2.998484000000000015e+04	0.000000000000000000e+00	0.000000000000000000e+00	5.447553941465498317e-01	0.000000000000000000e+00
-2.998481000000000131e+04	0.000000000000000000e+00	0.000000000000000000e+00	5.404828028199102352e-01	0.000000000000000000e+00
-2.998479000000000087e+04	0.000000000000000000e+00	0.000000000000000000e+00	5.413983581041902360e-01	0.000000000000000000e+00
-2.998475999999999840e+04	0.000000000000000000e+00	0.000000000000000000e+00	5.459761345255897957e-01	0.000000000000000000e+00
-2.998474000000000160e+04	0.000000000000000000e+00	0.000000000000000000e+00	5.352946562089907490e-01	0.000000000000000000e+00
-2.998470999999999913e+04	0.000000000000000000e+00	0.000000000000000000e+00	5.429242835779900522e-01	0.000000000000000000e+00
-2.998466999999999825e+04	0.000000000000000000e+00	0.000000000000000000e+00	5.291909543137912619e-01	0.000000000000000000e+00
-2.998463999999999942e+04	0.000000000000000000e+00	0.000000000000000000e+00	5.276650288399914457e-01	0.000000000000000000e+00
-2.998459999999999854e+04	0.000000000000000000e+00	0.000000000000000000e+00	5.117954039124729126e-01	0.000000000000000000e+00
-2.998456000000000131e+04	0.000000000000000000e+00	0.000000000000000000e+00	5.417035431989501992e-01	0.000000000000000000e+00
-2.998452000000000044e+04	0.000000000000000000e+00	0.000000000000000000e+00	5.349894711142307857e-01	0.000000000000000000e+00
-2.998447000000000116e+04	0.000000000000000000e+00	0.000000000000000000e+00	5.468916898098696855e-01	0.000000000000000000e+00
-2.998443999999999869e+04	0.000000000000000000e+00	0.000000000000000000e+00	5.499435407574694290e-01	0.000000000000000000e+00
-2.998440999999999985e+04	0.000000000000000000e+00	0.000000000000000000e+00	5.575731681264687323e-01	0.000000000000000000e+00
-2.998440000000000146e+04	0.000000000000000000e+00	0.000000000000000000e+00	5.658131656849879620e-01	0.000000000000000000e+00
-2.998438000000000102e+04	0.000000000000000000e+00	0.000000000000000000e+00	5.719168675801873380e-01	0.000000000000000000e+00
-2.998434999999999854e+04	0.000000000000000000e+00	0.000000000000000000e+00	5.786309396649067516e-01	0.000000000000000000e+00
-2.998431999999999971e+04	0.000000000000000000e+00	0.000000000000000000e+00	5.743583483382671551e-01	0.000000000000000000e+00
-2.998429999999999927e+04	0.000000000000000000e+00	0.000000000000000000e+00	5.664235358745078885e-01	0.000000000000000000e+00
-2.998427999999999884e+04	0.000000000000000000e+00	0.000000000000000000e+00	5.719168675801873380e-01	0.000000000000000000e+00
-2.998425000000000000e+04	0.000000000000000000e+00	0.000000000000000000e+00	5.624561296426282553e-01	0.000000000000000000e+00
-2.998422999999999956e+04	0.000000000000000000e+00	0.000000000000000000e+00	5.526902066103090982e-01	0.000000000000000000e+00
-2.998420000000000073e+04	0.000000000000000000e+00	0.000000000000000000e+00	5.526902066103090982e-01	0.000000000000000000e+00
-2.998416999999999825e+04	0.000000000000000000e+00	0.000000000000000000e+00	5.548265022736289520e-01	0.000000000000000000e+00
-2.998413999999999942e+04	0.000000000000000000e+00	0.000000000000000000e+00	5.410931730094302727e-01	0.000000000000000000e+00
-2.998411000000000058e+04	0.000000000000000000e+00	0.000000000000000000e+00	5.508590960417493188e-01	0.000000000000000000e+00
-2.998408000000000175e+04	0.000000000000000000e+00	0.000000000000000000e+00	5.505539109469893555e-01	0.000000000000000000e+00
-2.998406000000000131e+04	0.000000000000000000e+00	0.000000000000000000e+00	5.438398388622699420e-01	0.000000000000000000e+00
-2.998402999999999884e+04	0.000000000000000000e+00	0.000000000000000000e+00	5.511642811365092820e-01	0.000000000000000000e+00
-2.998400999999999840e+04	0.000000000000000000e+00	0.000000000000000000e+00	5.578783532212286955e-01	0.000000000000000000e+00
-2.998397999999999956e+04	0.000000000000000000e+00	0.000000000000000000e+00	5.536057618945890990e-01	0.000000000000000000e+00
-2.998395999999999913e+04	0.000000000000000000e+00	0.000000000000000000e+00	5.584887234107486220e-01	0.000000000000000000e+00
-2.998393000000000029e+04	0.000000000000000000e+00	0.000000000000000000e+00	5.584887234107486220e-01	0.000000000000000000e+00
-2.998390999999999985e+04	0.000000000000000000e+00	0.000000000000000000e+00	5.594042786950285118e-01	0.000000000000000000e+00
-2.998388999999999942e+04	0.000000000000000000e+00	0.000000000000000000e+00	5.618457594531083288e-01	0.000000000000000000e+00
-2.998386000000000058e+04	0.000000000000000000e+00	0.000000000000000000e+00	5.630664998321481818e-01	0.000000000000000000e+00
-2.998383000000000175e+04	0.000000000000000000e+00	0.000000000000000000e+00	5.722220526749473013e-01	0.000000000000000000e+00
-2.998379999999999927e+04	0.000000000000000000e+00	0.000000000000000000e+00	5.755790887173070081e-01	0.000000000000000000e+00
-2.998375999999999840e+04	0.000000000000000000e+00	0.000000000000000000e+00	5.685598315378277423e-01	0.000000000000000000e+00
-2.998374000000000160e+04	0.000000000000000000e+00	0.000000000000000000e+00	5.655079805902279988e-01	0.000000000000000000e+00
-2.998372000000000116e+04	0.000000000000000000e+00	0.000000000000000000e+00	5.710013122959074483e-01	0.000000000000000000e+00
-2.998370000000000073e+04	0.000000000000000000e+00	0.000000000000000000e+00	5.691702017273476688e-01	0.000000000000000000e+00
-2.998368000000000029e+04	0.000000000000000000e+00	0.000000000000000000e+00	5.694753868221076321e-01	0.000000000000000000e+00
-2.998365999999999985e+04	0.000000000000000000e+00	0.000000000000000000e+00	5.435346537675099787e-01	0.000000000000000000e+00
-2.998363000000000102e+04	0.000000000000000000e+00	0.000000000000000000e+00	5.493331705679495025e-01	0.000000000000000000e+00
-2.998359999999999854e+04	0.000000000000000000e+00	0.000000000000000000e+00	5.575731681264687323e-01	0.000000000000000000e+00
-2.998356000000000131e+04	0.000000000000000000e+00	0.000000000000000000e+00	5.606250190740684758e-01	0.000000000000000000e+00
-2.998352999999999884e+04	0.000000000000000000e+00	0.000000000000000000e+00	5.578783532212286955e-01	0.000000000000000000e+00
-2.998350000000000000e+04	0.000000000000000000e+00	0.000000000000000000e+00	5.508590960417493188e-01	0.000000000000000000e+00
-2.998349000000000160e+04	0.000000000000000000e+00	0.000000000000000000e+00	5.529953917050691725e-01	0.000000000000000000e+00
-2.998347999999999956e+04	0.000000000000000000e+00	0.000000000000000000e+00	5.597094637897884750e-01	0.000000000000000000e+00
-2.998345999999999913e+04	0.000000000000000000e+00	0.000000000000000000e+00	5.642872402111880348e-01	0.000000000000000000e+00
-2.998341999999999825e+04	0.000000000000000000e+00	0.000000000000000000e+00	5.615405743583483655e-01	0.000000000000000000e+00
-2.998338999999999942e+04	0.000000000000000000e+00	0.000000000000000000e+00	5.679494613483077048e-01	0.000000000000000000e+00
-2.998336999999999898e+04	0.000000000000000000e+00	0.000000000000000000e+00	5.813776055177465318e-01	0.000000000000000000e+00
-2.998336000000000058e+04	0.000000000000000000e+00	0.000000000000000000e+00	5.764946440015870088e-01	0.000000000000000000e+00
-2.998333000000000175e+04	0.000000000000000000e+00	0.000000000000000000e+00	5.807672353282266053e-01	0.000000000000000000e+00
-2.998331000000000131e+04	0.000000000000000000e+00	0.000000000000000000e+00	5.844294564653462754e-01	0.000000000000000000e+00
-2.998329999999999927e+04	0.000000000000000000e+00	0.000000000000000000e+00	5.835139011810662746e-01	0.000000000000000000e+00
-2.998327999999999884e+04	0.000000000000000000e+00	0.000000000000000000e+00	5.749687185277870816e-01	0.000000000000000000e+00
-2.998324000000000160e+04	0.000000000000000000e+00	0.000000000000000000e+00	5.780205694753868251e-01	0.000000000000000000e+00
-2.998322000000000116e+04	0.000000000000000000e+00	0.000000000000000000e+00	5.792413098544266781e-01	0.000000000000000000e+00
-2.998320000000000073e+04	0.000000000000000000e+00	0.000000000000000000e+00	5.746635334330271183e-01	0.000000000000000000e+00
-2.998316999999999825e+04	0.000000000000000000e+00	0.000000000000000000e+00	5.652027954954680355e-01	0.000000000000000000e+00
-2.998315000000000146e+04	0.000000000000000000e+00	0.000000000000000000e+00	5.575731681264687323e-01	0.000000000000000000e+00
-2.998313000000000102e+04	0.000000000000000000e+00	0.000000000000000000e+00	5.545213171788689888e-01	0.000000000000000000e+00
-2.998311000000000058e+04	0.000000000000000000e+00	0.000000000000000000e+00	5.465865047151097222e-01	0.000000000000000000e+00
-2.998309000000000015e+04	0.000000000000000000e+00	0.000000000000000000e+00	5.468916898098696855e-01	0.000000000000000000e+00
-2.998306000000000131e+04	0.000000000000000000e+00	0.000000000000000000e+00	5.508590960417493188e-01	0.000000000000000000e+00
-2.998302999999999884e+04	0.000000000000000000e+00	0.000000000000000000e+00	5.447553941465498317e-01	0.000000000000000000e+00
-2.998300999999999840e+04	0.000000000000000000e+00	0.000000000000000000e+00	5.539109469893490623e-01	0.000000000000000000e+00
-2.998299000000000160e+04	0.000000000000000000e+00	0.000000000000000000e+00	5.578783532212286955e-01	0.000000000000000000e+00
-2.998295999999999913e+04	0.000000000000000000e+00	0.000000000000000000e+00	5.630664998321481818e-01	0.000000000000000000e+00
-2.998295000000000073e+04	0.000000000000000000e+00	0.000000000000000000e+00	5.722220526749473013e-01	0.000000000000000000e+00
-2.998293000000000029e+04	0.000000000000000000e+00	0.000000000000000000e+00	5.767998290963469721e-01	0.000000000000000000e+00
-2.998290999999999985e+04	0.000000000000000000e+00	0.000000000000000000e+00	5.792413098544266781e-01	0.000000000000000000e+00
-2.998290000000000146e+04	0.000000000000000000e+00	0.000000000000000000e+00	5.890072328867458351e-01	0.000000000000000000e+00
-2.998288000000000102e+04	0.000000000000000000e+00	0.000000000000000000e+00	5.874813074129459078e-01	0.000000000000000000e+00
-2.998284999999999854e+04	0.000000000000000000e+00	0.000000000000000000e+00	5.835139011810662746e-01	0.000000000000000000e+00
-2.998281999999999971e+04	0.000000000000000000e+00	0.000000000000000000e+00	5.902279732657856881e-01	0.000000000000000000e+00
-2.998279000000000087e+04	0.000000000000000000e+00	0.000000000000000000e+00	5.902279732657856881e-01	0.000000000000000000e+00
-2.998277000000000044e+04	0.000000000000000000e+00	0.000000000000000000e+00	5.819879757072664583e-01	0.000000000000000000e+00
-2.998275000000000000e+04	0.000000000000000000e+00	0.000000000000000000e+00	5.819879757072664583e-01	0.000000000000000000e+00
-2.998272999999999956e+04	0.000000000000000000e+00	0.000000000000000000e+00	5.758842738120669713e-01	0.000000000000000000e+00
-2.998272000000000116e+04	0.000000000000000000e+00	0.000000000000000000e+00	5.664235358745078885e-01	0.000000000000000000e+00
-2.998270000000000073e+04	0.000000000000000000e+00	0.000000000000000000e+00	5.700857570116275586e-01	0.000000000000000000e+00
-2.998268999999999869e+04	0.000000000000000000e+00	0.000000000000000000e+00	5.621509445478682920e-01	0.000000000000000000e+00
-2.998266999999999825e+04	0.000000000000000000e+00	0.000000000000000000e+00	5.667287209692678518e-01	0.000000000000000000e+00
-2.998265000000000146e+04	0.000000000000000000e+00	0.000000000000000000e+00	5.667287209692678518e-01	0.000000000000000000e+00
-2.998263999999999942e+04	0.000000000000000000e+00	0.000000000000000000e+00	5.713064973906674116e-01	0.000000000000000000e+00
-2.998261999999999898e+04	0.000000000000000000e+00	0.000000000000000000e+00	5.645924253059481090e-01	0.000000000000000000e+00
-2.998259000000000015e+04	0.000000000000000000e+00	0.000000000000000000e+00	5.639820551164280715e-01	0.000000000000000000e+00
-2.998256000000000131e+04	0.000000000000000000e+00	0.000000000000000000e+00	5.688650166325877056e-01	0.000000000000000000e+00
-2.998254000000000087e+04	0.000000000000000000e+00	0.000000000000000000e+00	5.764946440015870088e-01	0.000000000000000000e+00
-2.998250999999999840e+04	0.000000000000000000e+00	0.000000000000000000e+00	5.813776055177465318e-01	0.000000000000000000e+00
-2.998249000000000160e+04	0.000000000000000000e+00	0.000000000000000000e+00	6.039613025299844784e-01	0.000000000000000000e+00
-2.998245999999999913e+04	0.000000000000000000e+00	0.000000000000000000e+00	5.999938962981048451e-01	0.000000000000000000e+00
-2.998243000000000029e+04	0.000000000000000000e+00	0.000000000000000000e+00	6.006042664876247716e-01	0.000000000000000000e+00
-2.998240000000000146e+04	0.000000000000000000e+00	0.000000000000000000e+00	6.024353770561845511e-01	0.000000000000000000e+00
-2.998236999999999898e+04	0.000000000000000000e+00	0.000000000000000000e+00	5.975524155400250281e-01	0.000000000000000000e+00
-2.998236000000000058e+04	0.000000000000000000e+00	0.000000000000000000e+00	5.975524155400250281e-01	0.000000000000000000e+00
-2.998234999999999854e+04	0.000000000000000000e+00	0.000000000000000000e+00	5.923642689291055419e-01	0.000000000000000000e+00
-2.998231999999999971e+04	0.000000000000000000e+00	0.000000000000000000e+00	5.835139011810662746e-01	0.000000000000000000e+00
-2.998229999999999927e+04	0.000000000000000000e+00	0.000000000000000000e+00	5.795464949491866413e-01	0.000000000000000000e+00
-2.998227999999999884e+04	0.000000000000000000e+00	0.000000000000000000e+00	5.676442762535477415e-01	0.000000000000000000e+00
-2.998227000000000044e+04	0.000000000000000000e+00	0.000000000000000000e+00	5.615405743583483655e-01	0.000000000000000000e+00
-2.998225000000000000e+04	0.000000000000000000e+00	0.000000000000000000e+00	5.505539109469893555e-01	0.000000000000000000e+00
-2.998222999999999956e+04	0.000000000000000000e+00	0.000000000000000000e+00	5.484176152836695017e-01	0.000000000000000000e+00
-2.998220999999999913e+04	0.000000000000000000e+00	0.000000000000000000e+00	5.481124301889095385e-01	0.000000000000000000e+00
-2.998220000000000073e+04	0.000000000000000000e+00	0.000000000000000000e+00	5.493331705679495025e-01	0.000000000000000000e+00
-2.998216999999999825e+04	0.000000000000000000e+00	0.000000000000000000e+00	5.539109469893490623e-01	0.000000000000000000e+00
-2.998213000000000102e+04	0.000000000000000000e+00	0.000000000000000000e+00	5.587939085055085853e-01	0.000000000000000000e+00
-2.998211000000000058e+04	0.000000000000000000e+00	0.000000000000000000e+00	5.633716849269081450e-01	0.000000000000000000e+00
-2.998208000000000175e+04	0.000000000000000000e+00	0.000000000000000000e+00	5.673390911587877783e-01	0.000000000000000000e+00
-2.998206000000000131e+04	0.000000000000000000e+00	0.000000000000000000e+00	5.932798242133854316e-01	0.000000000000000000e+00
-2.998204000000000087e+04	0.000000000000000000e+00	0.000000000000000000e+00	5.999938962981048451e-01	0.000000000000000000e+00
-2.998200000000000000e+04	0.000000000000000000e+00	0.000000000000000000e+00	6.036561174352245152e-01	0.000000000000000000e+00
-2.998197000000000116e+04	0.000000000000000000e+00	0.000000000000000000e+00	6.060975981933042211e-01	0.000000000000000000e+00
-2.998195999999999913e+04	0.000000000000000000e+00	0.000000000000000000e+00	6.167790765099032679e-01	0.000000000000000000e+00
-2.998193999999999869e+04	0.000000000000000000e+00	0.000000000000000000e+00	6.167790765099032679e-01	0.000000000000000000e+00
-2.998190999999999985e+04	0.000000000000000000e+00	0.000000000000000000e+00	6.183050019837030842e-01	0.000000000000000000e+00
-2.998188000000000102e+04	0.000000000000000000e+00	0.000000000000000000e+00	6.076235236671041484e-01	0.000000000000000000e+00
-2.998184000000000015e+04	0.000000000000000000e+00	0.000000000000000000e+00	5.948057496871852479e-01	0.000000000000000000e+00
-2.998181000000000131e+04	0.000000000000000000e+00	0.000000000000000000e+00	5.926694540238655051e-01	0.000000000000000000e+00
-2.998177999999999884e+04	0.000000000000000000e+00	0.000000000000000000e+00	5.841242713705863121e-01	0.000000000000000000e+00
-2.998175999999999840e+04	0.000000000000000000e+00	0.000000000000000000e+00	5.813776055177465318e-01	0.000000000000000000e+00
-2.998175000000000000e+04	0.000000000000000000e+00	0.000000000000000000e+00	5.783257545701467883e-01	0.000000000000000000e+00
-2.998172999999999956e+04	0.000000000000000000e+00	0.000000000000000000e+00	5.642872402111880348e-01	0.000000000000000000e+00
-2.998170999999999913e+04	0.000000000000000000e+00	0.000000000000000000e+00	5.658131656849879620e-01	0.000000000000000000e+00
-2.998168000000000029e+04	0.000000000000000000e+00	0.000000000000000000e+00	5.676442762535477415e-01	0.000000000000000000e+00
-2.998163999999999942e+04	0.000000000000000000e+00	0.000000000000000000e+00	5.737479781487472286e-01	0.000000000000000000e+00
-2.998161000000000058e+04	0.000000000000000000e+00	0.000000000000000000e+00	5.703909421063875218e-01	0.000000000000000000e+00
-2.998158000000000175e+04	0.000000000000000000e+00	0.000000000000000000e+00	5.734427930539872653e-01	0.000000000000000000e+00
-2.998156000000000131e+04	0.000000000000000000e+00	0.000000000000000000e+00	5.703909421063875218e-01	0.000000000000000000e+00
-2.998152999999999884e+04	0.000000000000000000e+00	0.000000000000000000e+00	5.697805719168675953e-01	0.000000000000000000e+00
-2.998150000000000000e+04	0.000000000000000000e+00	0.000000000000000000e+00	5.835139011810662746e-01	0.000000000000000000e+00
-2.998147000000000116e+04	0.000000000000000000e+00	0.000000000000000000e+00	5.789361247596667148e-01	0.000000000000000000e+00
-2.998143000000000029e+04	0.000000000000000000e+00	0.000000000000000000e+00	5.783257545701467883e-01	0.000000000000000000e+00
-2.998140999999999985e+04	0.000000000000000000e+00	0.000000000000000000e+00	5.929746391186254684e-01	0.000000000000000000e+00
-2.998138999999999942e+04	0.000000000000000000e+00	0.000000000000000000e+00	5.832087160863063113e-01	0.000000000000000000e+00
-2.998136999999999898e+04	0.000000000000000000e+00	0.000000000000000000e+00	5.877864925077058711e-01	0.000000000000000000e+00
-2.998134999999999854e+04	0.000000000000000000e+00	0.000000000000000000e+00	5.926694540238655051e-01	0.000000000000000000e+00
-2.998131999999999971e+04	0.000000000000000000e+00	0.000000000000000000e+00	5.905331583605456514e-01	0.000000000000000000e+00
-2.998129999999999927e+04	0.000000000000000000e+00	0.000000000000000000e+00	5.819879757072664583e-01	0.000000000000000000e+00
-2.998127000000000044e+04	0.000000000000000000e+00	0.000000000000000000e+00	5.716116824854273748e-01	0.000000000000000000e+00
-2.998125000000000000e+04	0.000000000000000000e+00	0.000000000000000000e+00	5.780205694753868251e-01	0.000000000000000000e+00
-2.998122000000000116e+04	0.000000000000000000e+00	0.000000000000000000e+00	5.639820551164280715e-01	0.000000000000000000e+00
-2.998118999999999869e+04	0.000000000000000000e+00	0.000000000000000000e+00	5.410931730094302727e-01	0.000000000000000000e+00
-2.998115999999999985e+04	0.000000000000000000e+00	0.000000000000000000e+00	5.508590960417493188e-01	0.000000000000000000e+00
-2.998113000000000102e+04	0.000000000000000000e+00	0.000000000000000000e+00	5.508590960417493188e-01	0.000000000000000000e+00
-2.998109999999999854e+04	0.000000000000000000e+00	0.000000000000000000e+00	5.529953917050691725e-01	0.000000000000000000e+00
-2.998106000000000131e+04	0.000000000000000000e+00	0.000000000000000000e+00	5.609302041688284390e-01	0.000000000000000000e+00
-2.998102999999999884e+04	0.000000000000000000e+00	0.000000000000000000e+00	5.597094637897884750e-01	0.000000000000000000e+00
-2.998102000000000044e+04	0.000000000000000000e+00	0.000000000000000000e+00	5.664235358745078885e-01	0.000000000000000000e+00
-2.998100000000000000e+04	0.000000000000000000e+00	0.000000000000000000e+00	5.719168675801873380e-01	0.000000000000000000e+00
-2.998097000000000116e+04	0.000000000000000000e+00	0.000000000000000000e+00	5.792413098544266781e-01	0.000000000000000000e+00
-2.998095999999999913e+04	0.000000000000000000e+00	0.000000000000000000e+00	5.890072328867458351e-01	0.000000000000000000e+00
-2.998093999999999869e+04	0.000000000000000000e+00	0.000000000000000000e+00	5.887020477919858719e-01	0.000000000000000000e+00
-2.998090999999999985e+04	0.000000000000000000e+00	0.000000000000000000e+00	6.027405621509445144e-01	0.000000000000000000e+00
-2.998088000000000102e+04	0.000000000000000000e+00	0.000000000000000000e+00	6.027405621509445144e-01	0.000000000000000000e+00
-2.998084999999999854e+04	0.000000000000000000e+00	0.000000000000000000e+00	6.039613025299844784e-01	0.000000000000000000e+00
-2.998083000000000175e+04	0.000000000000000000e+00	0.000000000000000000e+00	6.036561174352245152e-01	0.000000000000000000e+00
-2.998079999999999927e+04	0.000000000000000000e+00	0.000000000000000000e+00	5.938901944029053581e-01	0.000000000000000000e+00
-2.998077000000000044e+04	0.000000000000000000e+00	0.000000000000000000e+00	5.841242713705863121e-01	0.000000000000000000e+00
-2.998075000000000000e+04	0.000000000000000000e+00	0.000000000000000000e+00	5.911435285500655779e-01	0.000000000000000000e+00
-2.998072000000000116e+04	0.000000000000000000e+00	0.000000000000000000e+00	5.920590838343455786e-01	0.000000000000000000e+00
-2.998068999999999869e+04	0.000000000000000000e+00	0.000000000000000000e+00	5.868709372234259813e-01	0.000000000000000000e+00
-2.998065000000000146e+04	0.000000000000000000e+00	0.000000000000000000e+00	5.710013122959074483e-01	0.000000000000000000e+00
-2.998063000000000102e+04	0.000000000000000000e+00	0.000000000000000000e+00	5.716116824854273748e-01	0.000000000000000000e+00
-2.998061000000000058e+04	0.000000000000000000e+00	0.000000000000000000e+00	5.618457594531083288e-01	0.000000000000000000e+00
-2.998058000000000175e+04	0.000000000000000000e+00	0.000000000000000000e+00	5.597094637897884750e-01	0.000000000000000000e+00
-2.998054999999999927e+04	0.000000000000000000e+00	0.000000000000000000e+00	5.618457594531083288e-01	0.000000000000000000e+00
-2.998052999999999884e+04	0.000000000000000000e+00	0.000000000000000000e+00	5.563524277474287683e-01	0.000000000000000000e+00
-2.998050999999999840e+04	0.000000000000000000e+00	0.000000000000000000e+00	5.584887234107486220e-01	0.000000000000000000e+00
-2.998047999999999956e+04	0.000000000000000000e+00	0.000000000000000000e+00	5.670339060640278150e-01	0.000000000000000000e+00
-2.998043999999999869e+04	0.000000000000000000e+00	0.000000000000000000e+00	5.667287209692678518e-01	0.000000000000000000e+00
-2.998041999999999825e+04	0.000000000000000000e+00	0.000000000000000000e+00	5.673390911587877783e-01	0.000000000000000000e+00
-2.998040000000000146e+04	0.000000000000000000e+00	0.000000000000000000e+00	5.767998290963469721e-01	0.000000000000000000e+00
-2.998038999999999942e+04	0.000000000000000000e+00	0.000000000000000000e+00	5.880916776024659454e-01	0.000000000000000000e+00
-2.998036000000000058e+04	0.000000000000000000e+00	0.000000000000000000e+00	5.853450117496261651e-01	0.000000000000000000e+00
-2.998033000000000175e+04	0.000000000000000000e+00	0.000000000000000000e+00	5.908383434553056146e-01	0.000000000000000000e+00
-2.998029000000000087e+04	0.000000000000000000e+00	0.000000000000000000e+00	5.874813074129459078e-01	0.000000000000000000e+00
-2.998025999999999840e+04	0.000000000000000000e+00	0.000000000000000000e+00	5.780205694753868251e-01	0.000000000000000000e+00
-2.998024000000000160e+04	0.000000000000000000e+00	0.000000000000000000e+00	5.755790887173070081e-01	0.000000000000000000e+00
-2.998022000000000116e+04	0.000000000000000000e+00	0.000000000000000000e+00	5.713064973906674116e-01	0.000000000000000000e+00
-2.998020000000000073e+04	0.000000000000000000e+00	0.000000000000000000e+00	5.716116824854273748e-01	0.000000000000000000e+00
-2.998015000000000146e+04	0.000000000000000000e+00	0.000000000000000000e+00	5.606250190740684758e-01	0.000000000000000000e+00
-2.998011999999999898e+04	0.000000000000000000e+00	0.000000000000000000e+00	5.587939085055085853e-01	0.000000000000000000e+00
-2.998008000000000175e+04	0.000000000000000000e+00	0.000000000000000000e+00	5.563524277474287683e-01	0.000000000000000000e+00
-2.998004999999999927e+04	0.000000000000000000e+00	0.000000000000000000e+00	5.523850215155491350e-01	0.000000000000000000e+00
-2.998002000000000044e+04	0.000000000000000000e+00	0.000000000000000000e+00	5.523850215155491350e-01	0.000000000000000000e+00
-2.997997999999999956e+04	0.000000000000000000e+00	0.000000000000000000e+00	5.523850215155491350e-01	0.000000000000000000e+00
-2.997995000000000073e+04	0.000000000000000000e+00	0.000000000000000000e+00	5.575731681264687323e-01	0.000000000000000000e+00
-2.997991999999999825e+04	0.000000000000000000e+00	0.000000000000000000e+00	5.703909421063875218e-01	0.000000000000000000e+00
-2.997988000000000102e+04	0.000000000000000000e+00	0.000000000000000000e+00	5.758842738120669713e-01	0.000000000000000000e+00
-2.997984999999999854e+04	0.000000000000000000e+00	0.000000000000000000e+00	5.853450117496261651e-01	0.000000000000000000e+00
-2.997984000000000015e+04	0.000000000000000000e+00	0.000000000000000000e+00	5.795464949491866413e-01	0.000000000000000000e+00
-2.997981000000000131e+04	0.000000000000000000e+00	0.000000000000000000e+00	5.929746391186254684e-01	0.000000000000000000e+00
-2.997977999999999884e+04	0.000000000000000000e+00	0.000000000000000000e+00	5.856501968443861283e-01	0.000000000000000000e+00
-2.997975999999999840e+04	0.000000000000000000e+00	0.000000000000000000e+00	5.984679708243049179e-01	0.000000000000000000e+00
-2.997974000000000160e+04	0.000000000000000000e+00	0.000000000000000000e+00	6.048768578142643682e-01	0.000000000000000000e+00
-2.997970999999999913e+04	0.000000000000000000e+00	0.000000000000000000e+00	5.951109347819452111e-01	0.000000000000000000e+00
-2.997966999999999825e+04	0.000000000000000000e+00	0.000000000000000000e+00	5.932798242133854316e-01	0.000000000000000000e+00
-2.997965000000000146e+04	0.000000000000000000e+00	0.000000000000000000e+00	5.853450117496261651e-01	0.000000000000000000e+00
-2.997961999999999898e+04	0.000000000000000000e+00	0.000000000000000000e+00	5.789361247596667148e-01	0.000000000000000000e+00
-2.997959000000000015e+04	0.000000000000000000e+00	0.000000000000000000e+00	5.804620502334666421e-01	0.000000000000000000e+00
-2.997956999999999971e+04	0.000000000000000000e+00	0.000000000000000000e+00	5.755790887173070081e-01	0.000000000000000000e+00
-2.997954000000000087e+04	0.000000000000000000e+00	0.000000000000000000e+00	5.630664998321481818e-01	0.000000000000000000e+00
-2.997950000000000000e+04	0.000000000000000000e+00	0.000000000000000000e+00	5.435346537675099787e-01	0.000000000000000000e+00
-2.997947000000000116e+04	0.000000000000000000e+00	0.000000000000000000e+00	5.383465071565904925e-01	0.000000000000000000e+00
-2.997943999999999869e+04	0.000000000000000000e+00	0.000000000000000000e+00	5.383465071565904925e-01	0.000000000000000000e+00
-2.997940000000000146e+04	0.000000000000000000e+00	0.000000000000000000e+00	5.505539109469893555e-01	0.000000000000000000e+00
-2.997936000000000058e+04	0.000000000000000000e+00	0.000000000000000000e+00	5.514694662312692452e-01	0.000000000000000000e+00
-2.997934000000000015e+04	0.000000000000000000e+00	0.000000000000000000e+00	5.371257667775506395e-01	0.000000000000000000e+00
-2.997931999999999971e+04	0.000000000000000000e+00	0.000000000000000000e+00	5.468916898098696855e-01	0.000000000000000000e+00
-2.997929999999999927e+04	0.000000000000000000e+00	0.000000000000000000e+00	5.624561296426282553e-01	0.000000000000000000e+00
-2.997927999999999884e+04	0.000000000000000000e+00	0.000000000000000000e+00	5.560472426526688050e-01	0.000000000000000000e+00
-2.997925999999999840e+04	0.000000000000000000e+00	0.000000000000000000e+00	5.618457594531083288e-01	0.000000000000000000e+00
-2.997922999999999956e+04	0.000000000000000000e+00	0.000000000000000000e+00	5.737479781487472286e-01	0.000000000000000000e+00
-2.997920000000000073e+04	0.000000000000000000e+00	0.000000000000000000e+00	5.691702017273476688e-01	0.000000000000000000e+00
-2.997915999999999985e+04	0.000000000000000000e+00	0.000000000000000000e+00	5.743583483382671551e-01	0.000000000000000000e+00
-2.997913999999999942e+04	0.000000000000000000e+00	0.000000000000000000e+00	5.710013122959074483e-01	0.000000000000000000e+00
-2.997909999999999854e+04	0.000000000000000000e+00	0.000000000000000000e+00	5.771050141911069353e-01	0.000000000000000000e+00
-2.997906000000000131e+04	0.000000000000000000e+00	0.000000000000000000e+00	5.734427930539872653e-01	0.000000000000000000e+00
-2.997902000000000044e+04	0.000000000000000000e+00	0.000000000000000000e+00	5.679494613483077048e-01	0.000000000000000000e+00
-2.997899000000000160e+04	0.000000000000000000e+00	0.000000000000000000e+00	5.670339060640278150e-01	0.000000000000000000e+00
-2.997897000000000116e+04	0.000000000000000000e+00	0.000000000000000000e+00	5.584887234107486220e-01	0.000000000000000000e+00
-2.997895000000000073e+04	0.000000000000000000e+00	0.000000000000000000e+00	5.563524277474287683e-01	0.000000000000000000e+00
-2.997893999999999869e+04	0.000000000000000000e+00	0.000000000000000000e+00	5.475020599993896120e-01	0.000000000000000000e+00
-2.997890999999999985e+04	0.000000000000000000e+00	0.000000000000000000e+00	5.423139133884701257e-01	0.000000000000000000e+00
-2.997888999999999942e+04	0.000000000000000000e+00	0.000000000000000000e+00	5.346842860194708225e-01	0.000000000000000000e+00
-2.997886000000000058e+04	0.000000000000000000e+00	0.000000000000000000e+00	5.270546586504715192e-01	0.000000000000000000e+00
-2.997883000000000175e+04	0.000000000000000000e+00	0.000000000000000000e+00	5.319376201666310422e-01	0.000000000000000000e+00
-2.997879999999999927e+04	0.000000000000000000e+00	0.000000000000000000e+00	5.365153965880306020e-01	0.000000000000000000e+00
-2.997877000000000044e+04	0.000000000000000000e+00	0.000000000000000000e+00	5.563524277474287683e-01	0.000000000000000000e+00
-2.997874000000000160e+04	0.000000000000000000e+00	0.000000000000000000e+00	5.407879879146701985e-01	0.000000000000000000e+00
-2.997870000000000073e+04	0.000000000000000000e+00	0.000000000000000000e+00	5.487228003784294650e-01	0.000000000000000000e+00
-2.997866999999999825e+04	0.000000000000000000e+00	0.000000000000000000e+00	5.490279854731895393e-01	0.000000000000000000e+00
-2.997863000000000102e+04	0.000000000000000000e+00	0.000000000000000000e+00	5.627613147373882185e-01	0.000000000000000000e+00
-2.997861000000000058e+04	0.000000000000000000e+00	0.000000000000000000e+00	5.594042786950285118e-01	0.000000000000000000e+00
-2.997859000000000015e+04	0.000000000000000000e+00	0.000000000000000000e+00	5.642872402111880348e-01	0.000000000000000000e+00
-2.997858000000000175e+04	0.000000000000000000e+00	0.000000000000000000e+00	5.716116824854273748e-01	0.000000000000000000e+00
-2.997856000000000131e+04	0.000000000000000000e+00	0.000000000000000000e+00	5.609302041688284390e-01	0.000000000000000000e+00
-2.997852999999999884e+04	0.000000000000000000e+00	0.000000000000000000e+00	5.621509445478682920e-01	0.000000000000000000e+00
-2.997850000000000000e+04	0.000000000000000000e+00	0.000000000000000000e+00	5.618457594531083288e-01	0.000000000000000000e+00
-2.997847999999999956e+04	0.000000000000000000e+00	0.000000000000000000e+00	5.545213171788689888e-01	0.000000000000000000e+00
-2.997845999999999913e+04	0.000000000000000000e+00	0.000000000000000000e+00	5.462813196203497590e-01	0.000000000000000000e+00
-2.997843999999999869e+04	0.000000000000000000e+00	0.000000000000000000e+00	5.423139133884701257e-01	0.000000000000000000e+00
-2.997841999999999825e+04	0.000000000000000000e+00	0.000000000000000000e+00	5.340739158299508960e-01	0.000000000000000000e+00
-2.997840000000000146e+04	0.000000000000000000e+00	0.000000000000000000e+00	5.252235480819116287e-01	0.000000000000000000e+00
-2.997838000000000102e+04	0.000000000000000000e+00	0.000000000000000000e+00	5.182042909024323629e-01	0.000000000000000000e+00
-2.997836000000000058e+04	0.000000000000000000e+00	0.000000000000000000e+00	5.212561418500319954e-01	0.000000000000000000e+00
-2.997834000000000015e+04	0.000000000000000000e+00	0.000000000000000000e+00	5.157628101443525459e-01	0.000000000000000000e+00
-2.997833000000000175e+04	0.000000000000000000e+00	0.000000000000000000e+00	5.148472548600726562e-01	0.000000000000000000e+00
-2.997829999999999927e+04	0.000000000000000000e+00	0.000000000000000000e+00	5.264442884609515927e-01	0.000000000000000000e+00
-2.997827000000000044e+04	0.000000000000000000e+00	0.000000000000000000e+00	5.258339182714316662e-01	0.000000000000000000e+00
-2.997824000000000160e+04	0.000000000000000000e+00	0.000000000000000000e+00	5.349894711142307857e-01	0.000000000000000000e+00
-2.997822000000000116e+04	0.000000000000000000e+00	0.000000000000000000e+00	5.453657643360698692e-01	0.000000000000000000e+00
-2.997820000000000073e+04	0.000000000000000000e+00	0.000000000000000000e+00	5.508590960417493188e-01	0.000000000000000000e+00
-2.997818000000000029e+04	0.000000000000000000e+00	0.000000000000000000e+00	5.499435407574694290e-01	0.000000000000000000e+00
-2.997815999999999985e+04	0.000000000000000000e+00	0.000000000000000000e+00	5.438398388622699420e-01	0.000000000000000000e+00
-2.997813999999999942e+04	0.000000000000000000e+00	0.000000000000000000e+00	5.441450239570299052e-01	0.000000000000000000e+00
-2.997813000000000102e+04	0.000000000000000000e+00	0.000000000000000000e+00	5.462813196203497590e-01	0.000000000000000000e+00
-2.997809999999999854e+04	0.000000000000000000e+00	0.000000000000000000e+00	5.484176152836695017e-01	0.000000000000000000e+00
-2.997808000000000175e+04	0.000000000000000000e+00	0.000000000000000000e+00	5.465865047151097222e-01	0.000000000000000000e+00
-2.997806000000000131e+04	0.000000000000000000e+00	0.000000000000000000e+00	5.413983581041902360e-01	0.000000000000000000e+00
-2.997804000000000087e+04	0.000000000000000000e+00	0.000000000000000000e+00	5.371257667775506395e-01	0.000000000000000000e+00
-2.997802000000000044e+04	0.000000000000000000e+00	0.000000000000000000e+00	5.316324350718710789e-01	0.000000000000000000e+00
-2.997800000000000000e+04	0.000000000000000000e+00	0.000000000000000000e+00	5.236976226081118124e-01	0.000000000000000000e+00
-2.997797999999999956e+04	0.000000000000000000e+00	0.000000000000000000e+00	5.377361369670705660e-01	0.000000000000000000e+00
-2.997795000000000073e+04	0.000000000000000000e+00	0.000000000000000000e+00	5.233924375133518492e-01	0.000000000000000000e+00
-2.997793999999999869e+04	0.000000000000000000e+00	0.000000000000000000e+00	5.200354014709921424e-01	0.000000000000000000e+00
-2.997790999999999985e+04	0.000000000000000000e+00	0.000000000000000000e+00	5.148472548600726562e-01	0.000000000000000000e+00
-2.997786999999999898e+04	0.000000000000000000e+00	0.000000000000000000e+00	5.175939207129124364e-01	0.000000000000000000e+00
-2.997784000000000015e+04	0.000000000000000000e+00	0.000000000000000000e+00	5.270546586504715192e-01	0.000000000000000000e+00
-2.997781000000000131e+04	0.000000000000000000e+00	0.000000000000000000e+00	5.264442884609515927e-01	0.000000000000000000e+00
-2.997779000000000087e+04	0.000000000000000000e+00	0.000000000000000000e+00	5.230872524185918859e-01	0.000000000000000000e+00
-2.997775999999999840e+04	0.000000000000000000e+00	0.000000000000000000e+00	5.258339182714316662e-01	0.000000000000000000e+00
-2.997774000000000160e+04	0.000000000000000000e+00	0.000000000000000000e+00	5.337687307351909327e-01	0.000000000000000000e+00
-2.997772000000000116e+04	0.000000000000000000e+00	0.000000000000000000e+00	5.352946562089907490e-01	0.000000000000000000e+00
-2.997770000000000073e+04	0.000000000000000000e+00	0.000000000000000000e+00	5.386516922513504557e-01	0.000000000000000000e+00
-2.997768000000000029e+04	0.000000000000000000e+00	0.000000000000000000e+00	5.368205816827905652e-01	0.000000000000000000e+00
-2.997765999999999985e+04	0.000000000000000000e+00	0.000000000000000000e+00	5.465865047151097222e-01	0.000000000000000000e+00
-2.997763999999999942e+04	0.000000000000000000e+00	0.000000000000000000e+00	5.420087282937101625e-01	0.000000000000000000e+00
-2.997761999999999898e+04	0.000000000000000000e+00	0.000000000000000000e+00	5.386516922513504557e-01	0.000000000000000000e+00
-2.997761000000000058e+04	0.000000000000000000e+00	0.000000000000000000e+00	5.346842860194708225e-01	0.000000000000000000e+00
-2.997759000000000015e+04	0.000000000000000000e+00	0.000000000000000000e+00	5.117954039124729126e-01	0.000000000000000000e+00
-2.997758000000000175e+04	0.000000000000000000e+00	0.000000000000000000e+00	5.212561418500319954e-01	0.000000000000000000e+00
-2.997756000000000131e+04	0.000000000000000000e+00	0.000000000000000000e+00	5.200354014709921424e-01	0.000000000000000000e+00
-2.997752000000000044e+04	0.000000000000000000e+00	0.000000000000000000e+00	5.142368846705527297e-01	0.000000000000000000e+00
-2.997749000000000160e+04	0.000000000000000000e+00	0.000000000000000000e+00	5.130161442915127656e-01	0.000000000000000000e+00
-2.997747000000000116e+04	0.000000000000000000e+00	0.000000000000000000e+00	5.038605914487136461e-01	0.000000000000000000e+00
-2.997745000000000073e+04	0.000000000000000000e+00	0.000000000000000000e+00	5.035554063539536829e-01	0.000000000000000000e+00
-2.997743000000000029e+04	0.000000000000000000e+00	0.000000000000000000e+00	5.209509567552720322e-01	0.000000000000000000e+00
-2.997741999999999825e+04	0.000000000000000000e+00	0.000000000000000000e+00	5.117954039124729126e-01	0.000000000000000000e+00
-2.997740000000000146e+04	0.000000000000000000e+00	0.000000000000000000e+00	5.066072573015534264e-01	0.000000000000000000e+00
-2.997736999999999898e+04	0.000000000000000000e+00	0.000000000000000000e+00	5.203405865657521057e-01	0.000000000000000000e+00
-2.997733000000000175e+04	0.000000000000000000e+00	0.000000000000000000e+00	5.175939207129124364e-01	0.000000000000000000e+00
-2.997729999999999927e+04	0.000000000000000000e+00	0.000000000000000000e+00	5.340739158299508960e-01	0.000000000000000000e+00
-2.997727999999999884e+04	0.000000000000000000e+00	0.000000000000000000e+00	5.282753990295113722e-01	0.000000000000000000e+00
-2.997727000000000044e+04	0.000000000000000000e+00	0.000000000000000000e+00	5.362102114932706387e-01	0.000000000000000000e+00
-2.997725999999999840e+04	0.000000000000000000e+00	0.000000000000000000e+00	5.349894711142307857e-01	0.000000000000000000e+00
-2.997722999999999956e+04	0.000000000000000000e+00	0.000000000000000000e+00	5.291909543137912619e-01	0.000000000000000000e+00
-2.997720000000000073e+04	0.000000000000000000e+00	0.000000000000000000e+00	5.255287331766717029e-01	0.000000000000000000e+00
-2.997716999999999825e+04	0.000000000000000000e+00	0.000000000000000000e+00	5.359050263985106755e-01	0.000000000000000000e+00
-2.997715999999999985e+04	0.000000000000000000e+00	0.000000000000000000e+00	5.340739158299508960e-01	0.000000000000000000e+00
-2.997713999999999942e+04	0.000000000000000000e+00	0.000000000000000000e+00	5.172887356181523622e-01	0.000000000000000000e+00
-2.997709999999999854e+04	0.000000000000000000e+00	0.000000000000000000e+00	5.090487380596331324e-01	0.000000000000000000e+00
-2.997708000000000175e+04	0.000000000000000000e+00	0.000000000000000000e+00	5.020294808801538666e-01	0.000000000000000000e+00
-2.997704999999999927e+04	0.000000000000000000e+00	0.000000000000000000e+00	4.962309640797143429e-01	0.000000000000000000e+00
-2.997702999999999884e+04	0.000000000000000000e+00	0.000000000000000000e+00	4.947050386059144711e-01	0.000000000000000000e+00
-2.997702000000000044e+04	0.000000000000000000e+00	0.000000000000000000e+00	4.861598559526352781e-01	0.000000000000000000e+00
-2.997700000000000000e+04	0.000000000000000000e+00	0.000000000000000000e+00	4.858546708578753148e-01	0.000000000000000000e+00
-2.997697999999999956e+04	0.000000000000000000e+00	0.000000000000000000e+00	4.791405987731559013e-01	0.000000000000000000e+00
-2.997695000000000073e+04	0.000000000000000000e+00	0.000000000000000000e+00	4.831080050050355346e-01	0.000000000000000000e+00
-2.997691999999999825e+04	0.000000000000000000e+00	0.000000000000000000e+00	4.977568895535142146e-01	0.000000000000000000e+00
-2.997690000000000146e+04	0.000000000000000000e+00	0.000000000000000000e+00	4.995880001220740496e-01	0.000000000000000000e+00
-2.997686999999999898e+04	0.000000000000000000e+00	0.000000000000000000e+00	5.069124423963133896e-01	0.000000000000000000e+00
-2.997684999999999854e+04	0.000000000000000000e+00	0.000000000000000000e+00	5.130161442915127656e-01	0.000000000000000000e+00
-2.997681999999999971e+04	0.000000000000000000e+00	0.000000000000000000e+00	5.175939207129124364e-01	0.000000000000000000e+00
-2.997679999999999927e+04	0.000000000000000000e+00	0.000000000000000000e+00	5.227820673238319227e-01	0.000000000000000000e+00
-2.997677999999999884e+04	0.000000000000000000e+00	0.000000000000000000e+00	5.038605914487136461e-01	0.000000000000000000e+00
-2.997675999999999840e+04	0.000000000000000000e+00	0.000000000000000000e+00	5.203405865657521057e-01	0.000000000000000000e+00
-2.997674000000000160e+04	0.000000000000000000e+00	0.000000000000000000e+00	5.255287331766717029e-01	0.000000000000000000e+00
-2.997672000000000116e+04	0.000000000000000000e+00	0.000000000000000000e+00	5.133213293862727289e-01	0.000000000000000000e+00
-2.997670000000000073e+04	0.000000000000000000e+00	0.000000000000000000e+00	5.117954039124729126e-01	0.000000000000000000e+00
-2.997668000000000029e+04	0.000000000000000000e+00	0.000000000000000000e+00	5.114902188177129494e-01	0.000000000000000000e+00
-2.997665999999999985e+04	0.000000000000000000e+00	0.000000000000000000e+00	5.056917020172734256e-01	0.000000000000000000e+00
-2.997663999999999942e+04	0.000000000000000000e+00	0.000000000000000000e+00	5.001983703115939761e-01	0.000000000000000000e+00
-2.997661999999999898e+04	0.000000000000000000e+00	0.000000000000000000e+00	4.947050386059144711e-01	0.000000000000000000e+00
-2.997661000000000058e+04	0.000000000000000000e+00	0.000000000000000000e+00	4.849391155735953696e-01	0.000000000000000000e+00
-2.997658000000000175e+04	0.000000000000000000e+00	0.000000000000000000e+00	4.739524521622364150e-01	0.000000000000000000e+00
-2.997654999999999927e+04	0.000000000000000000e+00	0.000000000000000000e+00	4.763939329203161765e-01	0.000000000000000000e+00
-2.997654000000000087e+04	0.000000000000000000e+00	0.000000000000000000e+00	4.733420819727164330e-01	0.000000000000000000e+00
-2.997652000000000044e+04	0.000000000000000000e+00	0.000000000000000000e+00	4.736472670674764518e-01	0.000000000000000000e+00
-2.997649000000000160e+04	0.000000000000000000e+00	0.000000000000000000e+00	4.675435651722769648e-01	0.000000000000000000e+00
-2.997647000000000116e+04	0.000000000000000000e+00	0.000000000000000000e+00	4.760887478255562133e-01	0.000000000000000000e+00
-2.997645000000000073e+04	0.000000000000000000e+00	0.000000000000000000e+00	4.721213415936765800e-01	0.000000000000000000e+00
-2.997640999999999985e+04	0.000000000000000000e+00	0.000000000000000000e+00	4.791405987731559013e-01	0.000000000000000000e+00
-2.997638999999999942e+04	0.000000000000000000e+00	0.000000000000000000e+00	5.001983703115939761e-01	0.000000000000000000e+00
-2.997636999999999898e+04	0.000000000000000000e+00	0.000000000000000000e+00	4.852443006683553328e-01	0.000000000000000000e+00
-2.997634000000000015e+04	0.000000000000000000e+00	0.000000000000000000e+00	4.876857814264351498e-01	0.000000000000000000e+00
-2.997631000000000131e+04	0.000000000000000000e+00	0.000000000000000000e+00	4.989776299325540676e-01	0.000000000000000000e+00
-2.997627999999999884e+04	0.000000000000000000e+00	0.000000000000000000e+00	4.998931852168340129e-01	0.000000000000000000e+00
-2.997625999999999840e+04	0.000000000000000000e+00	0.000000000000000000e+00	4.943998535111545078e-01	0.000000000000000000e+00
-2.997624000000000160e+04	0.000000000000000000e+00	0.000000000000000000e+00	4.998931852168340129e-01	0.000000000000000000e+00
-2.997622000000000116e+04	0.000000000000000000e+00	0.000000000000000000e+00	4.824976348155156081e-01	0.000000000000000000e+00
-2.997618999999999869e+04	0.000000000000000000e+00	0.000000000000000000e+00	4.763939329203161765e-01	0.000000000000000000e+00
-2.997615999999999985e+04	0.000000000000000000e+00	0.000000000000000000e+00	4.712057863093966348e-01	0.000000000000000000e+00
-2.997613999999999942e+04	0.000000000000000000e+00	0.000000000000000000e+00	4.693746757408367998e-01	0.000000000000000000e+00
-2.997611000000000058e+04	0.000000000000000000e+00	0.000000000000000000e+00	4.663228247932371118e-01	0.000000000000000000e+00
-2.997608000000000175e+04	0.000000000000000000e+00	0.000000000000000000e+00	4.565569017609180102e-01	0.000000000000000000e+00
-2.997604999999999927e+04	0.000000000000000000e+00	0.000000000000000000e+00	4.507583849604785420e-01	0.000000000000000000e+00
-2.997600999999999840e+04	0.000000000000000000e+00	0.000000000000000000e+00	4.483169042023987805e-01	0.000000000000000000e+00
-2.997599000000000160e+04	0.000000000000000000e+00	0.000000000000000000e+00	4.531998657185583035e-01	0.000000000000000000e+00
-2.997597999999999956e+04	0.000000000000000000e+00	0.000000000000000000e+00	4.498428296761985967e-01	0.000000000000000000e+00
-2.997595000000000073e+04	0.000000000000000000e+00	0.000000000000000000e+00	4.528946806237983402e-01	0.000000000000000000e+00
-2.997593000000000029e+04	0.000000000000000000e+00	0.000000000000000000e+00	4.568620868556779735e-01	0.000000000000000000e+00
-2.997590999999999985e+04	0.000000000000000000e+00	0.000000000000000000e+00	4.647968993194372400e-01	0.000000000000000000e+00
-2.997588000000000102e+04	0.000000000000000000e+00	0.000000000000000000e+00	4.727317117831965065e-01	0.000000000000000000e+00
-2.997586000000000058e+04	0.000000000000000000e+00	0.000000000000000000e+00	4.846339304788354063e-01	0.000000000000000000e+00
-2.997583000000000175e+04	0.000000000000000000e+00	0.000000000000000000e+00	4.779198583941160483e-01	0.000000000000000000e+00
-2.997581000000000131e+04	0.000000000000000000e+00	0.000000000000000000e+00	4.867702261421552046e-01	0.000000000000000000e+00
-2.997579000000000087e+04	0.000000000000000000e+00	0.000000000000000000e+00	4.843287453840754431e-01	0.000000000000000000e+00
-2.997577999999999884e+04	0.000000000000000000e+00	0.000000000000000000e+00	4.843287453840754431e-01	0.000000000000000000e+00
-2.997575999999999840e+04	0.000000000000000000e+00	0.000000000000000000e+00	4.797509689626758833e-01	0.000000000000000000e+00
-2.997574000000000160e+04	0.000000000000000000e+00	0.000000000000000000e+00	4.867702261421552046e-01	0.000000000000000000e+00
-2.997572000000000116e+04	0.000000000000000000e+00	0.000000000000000000e+00	4.846339304788354063e-01	0.000000000000000000e+00
-2.997570000000000073e+04	0.000000000000000000e+00	0.000000000000000000e+00	4.779198583941160483e-01	0.000000000000000000e+00
-2.997566999999999825e+04	0.000000000000000000e+00	0.000000000000000000e+00	4.651020844141972033e-01	0.000000000000000000e+00
-2.997565000000000146e+04	0.000000000000000000e+00	0.000000000000000000e+00	4.635761589403973315e-01	0.000000000000000000e+00
-2.997563000000000102e+04	0.000000000000000000e+00	0.000000000000000000e+00	4.568620868556779735e-01	0.000000000000000000e+00
-2.997561000000000058e+04	0.000000000000000000e+00	0.000000000000000000e+00	4.498428296761985967e-01	0.000000000000000000e+00
-2.997558000000000175e+04	0.000000000000000000e+00	0.000000000000000000e+00	4.574724570451979000e-01	0.000000000000000000e+00
-2.997554999999999927e+04	0.000000000000000000e+00	0.000000000000000000e+00	4.409924619281594405e-01	0.000000000000000000e+00
-2.997552000000000044e+04	0.000000000000000000e+00	0.000000000000000000e+00	4.379406109805596969e-01	0.000000000000000000e+00
-2.997550000000000000e+04	0.000000000000000000e+00	0.000000000000000000e+00	4.330576494644001739e-01	0.000000000000000000e+00
-2.997547999999999956e+04	0.000000000000000000e+00	0.000000000000000000e+00	4.370250556962798072e-01	0.000000000000000000e+00
-2.997543999999999869e+04	0.000000000000000000e+00	0.000000000000000000e+00	4.425183874019593122e-01	0.000000000000000000e+00
-2.997540999999999985e+04	0.000000000000000000e+00	0.000000000000000000e+00	4.446546830652791105e-01	0.000000000000000000e+00
-2.997538000000000102e+04	0.000000000000000000e+00	0.000000000000000000e+00	4.452650532547990370e-01	0.000000000000000000e+00
-2.997534999999999854e+04	0.000000000000000000e+00	0.000000000000000000e+00	4.486220892971587437e-01	0.000000000000000000e+00
-2.997531999999999971e+04	0.000000000000000000e+00	0.000000000000000000e+00	4.553361613818781017e-01	0.000000000000000000e+00
-2.997529000000000087e+04	0.000000000000000000e+00	0.000000000000000000e+00	4.657124546037171298e-01	0.000000000000000000e+00
-2.997527000000000044e+04	0.000000000000000000e+00	0.000000000000000000e+00	4.651020844141972033e-01	0.000000000000000000e+00
-2.997525000000000000e+04	0.000000000000000000e+00	0.000000000000000000e+00	4.556413464766380650e-01	0.000000000000000000e+00
-2.997522000000000116e+04	0.000000000000000000e+00	0.000000000000000000e+00	4.574724570451979000e-01	0.000000000000000000e+00
-2.997518999999999869e+04	0.000000000000000000e+00	0.000000000000000000e+00	4.568620868556779735e-01	0.000000000000000000e+00
-2.997515999999999985e+04	0.000000000000000000e+00	0.000000000000000000e+00	4.556413464766380650e-01	0.000000000000000000e+00
-2.997513000000000102e+04	0.000000000000000000e+00	0.000000000000000000e+00	4.483169042023987805e-01	0.000000000000000000e+00
-2.997509999999999854e+04	0.000000000000000000e+00	0.000000000000000000e+00	4.434339426862392020e-01	0.000000000000000000e+00
-2.997506999999999971e+04	0.000000000000000000e+00	0.000000000000000000e+00	4.245124668111209254e-01	0.000000000000000000e+00
-2.997504000000000087e+04	0.000000000000000000e+00	0.000000000000000000e+00	4.251228370006409074e-01	0.000000000000000000e+00
-2.997500000000000000e+04	0.000000000000000000e+00	0.000000000000000000e+00	4.220709860530411639e-01	0.000000000000000000e+00
-2.997497000000000116e+04	0.000000000000000000e+00	0.000000000000000000e+00	4.110843226416821539e-01	0.000000000000000000e+00
-2.997493999999999869e+04	0.000000000000000000e+00	0.000000000000000000e+00	4.126102481154820256e-01	0.000000000000000000e+00
-2.997488999999999942e+04	0.000000000000000000e+00	0.000000000000000000e+00	4.223761711478011271e-01	0.000000000000000000e+00
-2.997486000000000058e+04	0.000000000000000000e+00	0.000000000000000000e+00	4.318369090853602654e-01	0.000000000000000000e+00
-2.997481999999999971e+04	0.000000000000000000e+00	0.000000000000000000e+00	4.361095004119998619e-01	0.000000000000000000e+00
-2.997479000000000087e+04	0.000000000000000000e+00	0.000000000000000000e+00	4.306161687063203569e-01	0.000000000000000000e+00
-2.997477999999999884e+04	0.000000000000000000e+00	0.000000000000000000e+00	4.394665364543595687e-01	0.000000000000000000e+00
-2.997475000000000000e+04	0.000000000000000000e+00	0.000000000000000000e+00	4.428235724967192755e-01	0.000000000000000000e+00
-2.997472000000000116e+04	0.000000000000000000e+00	0.000000000000000000e+00	4.519791253395183950e-01	0.000000000000000000e+00
-2.997470000000000073e+04	0.000000000000000000e+00	0.000000000000000000e+00	4.535050508133182667e-01	0.000000000000000000e+00
-2.997468000000000029e+04	0.000000000000000000e+00	0.000000000000000000e+00	4.480117191076387617e-01	0.000000000000000000e+00
-2.997465000000000146e+04	0.000000000000000000e+00	0.000000000000000000e+00	4.409924619281594405e-01	0.000000000000000000e+00
-2.997463000000000102e+04	0.000000000000000000e+00	0.000000000000000000e+00	4.498428296761985967e-01	0.000000000000000000e+00
-2.997461000000000058e+04	0.000000000000000000e+00	0.000000000000000000e+00	4.431287575914792387e-01	0.000000000000000000e+00
-2.997459000000000015e+04	0.000000000000000000e+00	0.000000000000000000e+00	4.480117191076387617e-01	0.000000000000000000e+00
-2.997456000000000131e+04	0.000000000000000000e+00	0.000000000000000000e+00	4.263435773796807604e-01	0.000000000000000000e+00
-2.997452999999999884e+04	0.000000000000000000e+00	0.000000000000000000e+00	4.214606158635212374e-01	0.000000000000000000e+00
-2.997450000000000000e+04	0.000000000000000000e+00	0.000000000000000000e+00	4.214606158635212374e-01	0.000000000000000000e+00
-2.997447999999999956e+04	0.000000000000000000e+00	0.000000000000000000e+00	4.031495101779228873e-01	0.000000000000000000e+00
-2.997445999999999913e+04	0.000000000000000000e+00	0.000000000000000000e+00	4.019287697988830343e-01	0.000000000000000000e+00
-2.997443000000000029e+04	0.000000000000000000e+00	0.000000000000000000e+00	4.055909909360027044e-01	0.000000000000000000e+00
-2.997440999999999985e+04	0.000000000000000000e+00	0.000000000000000000e+00	3.930784020508438226e-01	0.000000000000000000e+00
-2.997436999999999898e+04	0.000000000000000000e+00	0.000000000000000000e+00	3.918576616718039696e-01	0.000000000000000000e+00
-2.997434000000000015e+04	0.000000000000000000e+00	0.000000000000000000e+00	3.842280343028046663e-01	0.000000000000000000e+00
-2.997431000000000131e+04	0.000000000000000000e+00	0.000000000000000000e+00	3.903317361980040978e-01	0.000000000000000000e+00
-2.997427000000000044e+04	0.000000000000000000e+00	0.000000000000000000e+00	3.939939573351237678e-01	0.000000000000000000e+00
-2.997424000000000160e+04	0.000000000000000000e+00	0.000000000000000000e+00	3.900265511032441346e-01	0.000000000000000000e+00
-2.997422000000000116e+04	0.000000000000000000e+00	0.000000000000000000e+00	4.004028443250831626e-01	0.000000000000000000e+00
-2.997418999999999869e+04	0.000000000000000000e+00	0.000000000000000000e+00	4.007080294198431258e-01	0.000000000000000000e+00
-2.997415999999999985e+04	0.000000000000000000e+00	0.000000000000000000e+00	4.052858058412427411e-01	0.000000000000000000e+00
-2.997413000000000102e+04	0.000000000000000000e+00	0.000000000000000000e+00	4.058961760307626676e-01	0.000000000000000000e+00
-2.997409999999999854e+04	0.000000000000000000e+00	0.000000000000000000e+00	4.080324716940824659e-01	0.000000000000000000e+00
-2.997406000000000131e+04	0.000000000000000000e+00	0.000000000000000000e+00	4.034546952726829061e-01	0.000000000000000000e+00
-2.997402000000000044e+04	0.000000000000000000e+00	0.000000000000000000e+00	4.016235847041230711e-01	0.000000000000000000e+00
-2.997400000000000000e+04	0.000000000000000000e+00	0.000000000000000000e+00	3.955198828089236396e-01	0.000000000000000000e+00
-2.997397999999999956e+04	0.000000000000000000e+00	0.000000000000000000e+00	3.900265511032441346e-01	0.000000000000000000e+00
-2.997395999999999913e+04	0.000000000000000000e+00	0.000000000000000000e+00	3.863643299661244646e-01	0.000000000000000000e+00
-2.997395000000000073e+04	0.000000000000000000e+00	0.000000000000000000e+00	3.778191473128452160e-01	0.000000000000000000e+00
-2.997393000000000029e+04	0.000000000000000000e+00	0.000000000000000000e+00	3.790398876918851245e-01	0.000000000000000000e+00
-2.997390000000000146e+04	0.000000000000000000e+00	0.000000000000000000e+00	3.732413708914456563e-01	0.000000000000000000e+00
-2.997386000000000058e+04	0.000000000000000000e+00	0.000000000000000000e+00	3.674428540910061880e-01	0.000000000000000000e+00
-2.997384000000000015e+04	0.000000000000000000e+00	0.000000000000000000e+00	3.772087771233252895e-01	0.000000000000000000e+00
-2.997381999999999971e+04	0.000000000000000000e+00	0.000000000000000000e+00	3.643910031434065000e-01	0.000000000000000000e+00
-2.997379999999999927e+04	0.000000000000000000e+00	0.000000000000000000e+00	3.772087771233252895e-01	0.000000000000000000e+00
-2.997377999999999884e+04	0.000000000000000000e+00	0.000000000000000000e+00	3.769035920285653263e-01	0.000000000000000000e+00
-2.997375999999999840e+04	0.000000000000000000e+00	0.000000000000000000e+00	3.796502578814050510e-01	0.000000000000000000e+00
-2.997372999999999956e+04	0.000000000000000000e+00	0.000000000000000000e+00	3.796502578814050510e-01	0.000000000000000000e+00
-2.997370999999999913e+04	0.000000000000000000e+00	0.000000000000000000e+00	3.900265511032441346e-01	0.000000000000000000e+00
-2.997368000000000029e+04	0.000000000000000000e+00	0.000000000000000000e+00	3.946043275246436943e-01	0.000000000000000000e+00
-2.997365999999999985e+04	0.000000000000000000e+00	0.000000000000000000e+00	4.013183996093630523e-01	0.000000000000000000e+00
-2.997363000000000102e+04	0.000000000000000000e+00	0.000000000000000000e+00	3.964354380932035293e-01	0.000000000000000000e+00
-2.997359999999999854e+04	0.000000000000000000e+00	0.000000000000000000e+00	3.994872890408032728e-01	0.000000000000000000e+00
-2.997356999999999971e+04	0.000000000000000000e+00	0.000000000000000000e+00	4.031495101779228873e-01	0.000000000000000000e+00
-2.997354999999999927e+04	0.000000000000000000e+00	0.000000000000000000e+00	3.924680318613238961e-01	0.000000000000000000e+00
-2.997352000000000044e+04	0.000000000000000000e+00	0.000000000000000000e+00	3.924680318613238961e-01	0.000000000000000000e+00
-2.997350000000000000e+04	0.000000000000000000e+00	0.000000000000000000e+00	3.885006256294442628e-01	0.000000000000000000e+00
-2.997347000000000116e+04	0.000000000000000000e+00	0.000000000000000000e+00	3.683584093752861333e-01	0.000000000000000000e+00
-2.997343999999999869e+04	0.000000000000000000e+00	0.000000000000000000e+00	3.680532242805261145e-01	0.000000000000000000e+00
-2.997340000000000146e+04	0.000000000000000000e+00	0.000000000000000000e+00	3.598132267220068847e-01	0.000000000000000000e+00
-2.997336999999999898e+04	0.000000000000000000e+00	0.000000000000000000e+00	3.546250801110873985e-01	0.000000000000000000e+00
-2.997333000000000175e+04	0.000000000000000000e+00	0.000000000000000000e+00	3.488265633106479302e-01	0.000000000000000000e+00
-2.997331000000000131e+04	0.000000000000000000e+00	0.000000000000000000e+00	3.491317484054078935e-01	0.000000000000000000e+00
-2.997329000000000087e+04	0.000000000000000000e+00	0.000000000000000000e+00	3.442487868892483149e-01	0.000000000000000000e+00
-2.997325999999999840e+04	0.000000000000000000e+00	0.000000000000000000e+00	3.430280465102084619e-01	0.000000000000000000e+00
-2.997324000000000160e+04	0.000000000000000000e+00	0.000000000000000000e+00	3.451643421735282602e-01	0.000000000000000000e+00
-2.997322000000000116e+04	0.000000000000000000e+00	0.000000000000000000e+00	3.527939695425275635e-01	0.000000000000000000e+00
-2.997318999999999869e+04	0.000000000000000000e+00	0.000000000000000000e+00	3.430280465102084619e-01	0.000000000000000000e+00
-2.997316999999999825e+04	0.000000000000000000e+00	0.000000000000000000e+00	3.598132267220068847e-01	0.000000000000000000e+00
-2.997315000000000146e+04	0.000000000000000000e+00	0.000000000000000000e+00	3.686635944700460965e-01	0.000000000000000000e+00
-2.997311999999999898e+04	0.000000000000000000e+00	0.000000000000000000e+00	3.698843348490859495e-01	0.000000000000000000e+00
-2.997311000000000058e+04	0.000000000000000000e+00	0.000000000000000000e+00	3.692739646595660230e-01	0.000000000000000000e+00
-2.997309000000000015e+04	0.000000000000000000e+00	0.000000000000000000e+00	3.732413708914456563e-01	0.000000000000000000e+00
-2.997306999999999971e+04	0.000000000000000000e+00	0.000000000000000000e+00	3.677480391857661512e-01	0.000000000000000000e+00
-2.997304000000000087e+04	0.000000000000000000e+00	0.000000000000000000e+00	3.650013733329264265e-01	0.000000000000000000e+00
-2.997302000000000044e+04	0.000000000000000000e+00	0.000000000000000000e+00	3.674428540910061880e-01	0.000000000000000000e+00
-2.997300000000000000e+04	0.000000000000000000e+00	0.000000000000000000e+00	3.656117435224463530e-01	0.000000000000000000e+00
-2.997297999999999956e+04	0.000000000000000000e+00	0.000000000000000000e+00	3.723258156071657665e-01	0.000000000000000000e+00
-2.997295000000000073e+04	0.000000000000000000e+00	0.000000000000000000e+00	3.631702627643665915e-01	0.000000000000000000e+00
-2.997291999999999825e+04	0.000000000000000000e+00	0.000000000000000000e+00	3.509628589739677285e-01	0.000000000000000000e+00
-2.997290000000000146e+04	0.000000000000000000e+00	0.000000000000000000e+00	3.463850825525681132e-01	0.000000000000000000e+00
-2.997288000000000102e+04	0.000000000000000000e+00	0.000000000000000000e+00	3.357036042359691219e-01	0.000000000000000000e+00
-2.997286000000000058e+04	0.000000000000000000e+00	0.000000000000000000e+00	3.381450849940488834e-01	0.000000000000000000e+00
-2.997284000000000015e+04	0.000000000000000000e+00	0.000000000000000000e+00	3.311258278145695622e-01	0.000000000000000000e+00
-2.997281999999999971e+04	0.000000000000000000e+00	0.000000000000000000e+00	3.299050874355296536e-01	0.000000000000000000e+00
-2.997281000000000131e+04	0.000000000000000000e+00	0.000000000000000000e+00	3.433332316049684252e-01	0.000000000000000000e+00
-2.997279000000000087e+04	0.000000000000000000e+00	0.000000000000000000e+00	3.405865657521286449e-01	0.000000000000000000e+00
-2.997277999999999884e+04	0.000000000000000000e+00	0.000000000000000000e+00	3.381450849940488834e-01	0.000000000000000000e+00
-2.997275000000000000e+04	0.000000000000000000e+00	0.000000000000000000e+00	3.445539719840082782e-01	0.000000000000000000e+00
-2.997274000000000160e+04	0.000000000000000000e+00	0.000000000000000000e+00	3.457747123630481867e-01	0.000000000000000000e+00
-2.997272000000000116e+04	0.000000000000000000e+00	0.000000000000000000e+00	3.534043397320474900e-01	0.000000000000000000e+00
-2.997270000000000073e+04	0.000000000000000000e+00	0.000000000000000000e+00	3.561510055848872147e-01	0.000000000000000000e+00
-2.997268000000000029e+04	0.000000000000000000e+00	0.000000000000000000e+00	3.588976714377269950e-01	0.000000000000000000e+00
-2.997265999999999985e+04	0.000000000000000000e+00	0.000000000000000000e+00	3.604235969115268667e-01	0.000000000000000000e+00
-2.997265999999999985e+04	0.000000000000000000e+00	0.000000000000000000e+00	3.558458204901272515e-01	0.000000000000000000e+00
-2.997263999999999942e+04	0.000000000000000000e+00	0.000000000000000000e+00	3.540147099215674165e-01	0.000000000000000000e+00
-2.997261000000000058e+04	0.000000000000000000e+00	0.000000000000000000e+00	3.521835993530075815e-01	0.000000000000000000e+00
-2.997258000000000175e+04	0.000000000000000000e+00	0.000000000000000000e+00	3.451643421735282602e-01	0.000000000000000000e+00
-2.997254999999999927e+04	0.000000000000000000e+00	0.000000000000000000e+00	3.430280465102084619e-01	0.000000000000000000e+00
-2.997252999999999884e+04	0.000000000000000000e+00	0.000000000000000000e+00	3.457747123630481867e-01	0.000000000000000000e+00
-2.997252000000000044e+04	0.000000000000000000e+00	0.000000000000000000e+00	3.332621234778893604e-01	0.000000000000000000e+00
-2.997249000000000160e+04	0.000000000000000000e+00	0.000000000000000000e+00	3.231910153508102401e-01	0.000000000000000000e+00
-2.997245999999999913e+04	0.000000000000000000e+00	0.000000000000000000e+00	3.091525009918515421e-01	0.000000000000000000e+00
-2.997243000000000029e+04	0.000000000000000000e+00	0.000000000000000000e+00	3.115939817499313591e-01	0.000000000000000000e+00
-2.997240999999999985e+04	0.000000000000000000e+00	0.000000000000000000e+00	3.173924985503708274e-01	0.000000000000000000e+00
-2.997238000000000102e+04	0.000000000000000000e+00	0.000000000000000000e+00	3.125095370342112489e-01	0.000000000000000000e+00
-2.997236000000000058e+04	0.000000000000000000e+00	0.000000000000000000e+00	3.219702749717703871e-01	0.000000000000000000e+00
-2.997234000000000015e+04	0.000000000000000000e+00	0.000000000000000000e+00	3.176976836451307906e-01	0.000000000000000000e+00
-2.997231999999999971e+04	0.000000000000000000e+00	0.000000000000000000e+00	3.189184240241706436e-01	0.000000000000000000e+00
-2.997229999999999927e+04	0.000000000000000000e+00	0.000000000000000000e+00	3.219702749717703871e-01	0.000000000000000000e+00
-2.997227999999999884e+04	0.000000000000000000e+00	0.000000000000000000e+00	3.268532364879299101e-01	0.000000000000000000e+00
-2.997227000000000044e+04	0.000000000000000000e+00	0.000000000000000000e+00	3.338724936674092869e-01	0.000000000000000000e+00
-2.997225000000000000e+04	0.000000000000000000e+00	0.000000000000000000e+00	3.375347148045289569e-01	0.000000000000000000e+00
-2.997222999999999956e+04	0.000000000000000000e+00	0.000000000000000000e+00	3.399761955626087184e-01	0.000000000000000000e+00
-2.997222000000000116e+04	0.000000000000000000e+00	0.000000000000000000e+00	3.338724936674092869e-01	0.000000000000000000e+00
-2.997220000000000073e+04	0.000000000000000000e+00	0.000000000000000000e+00	3.411969359416486269e-01	0.000000000000000000e+00
-2.997218000000000029e+04	0.000000000000000000e+00	0.000000000000000000e+00	3.314310129093295254e-01	0.000000000000000000e+00
-2.997215000000000146e+04	0.000000000000000000e+00	0.000000000000000000e+00	3.317361980040894887e-01	0.000000000000000000e+00
-2.997211999999999898e+04	0.000000000000000000e+00	0.000000000000000000e+00	3.231910153508102401e-01	0.000000000000000000e+00
-2.997211000000000058e+04	0.000000000000000000e+00	0.000000000000000000e+00	3.372295297097689937e-01	0.000000000000000000e+00
-2.997208000000000175e+04	0.000000000000000000e+00	0.000000000000000000e+00	3.122043519394512856e-01	0.000000000000000000e+00
-2.997204000000000087e+04	0.000000000000000000e+00	0.000000000000000000e+00	3.036591692861720371e-01	0.000000000000000000e+00
-2.997200000000000000e+04	0.000000000000000000e+00	0.000000000000000000e+00	3.006073183385723491e-01	0.000000000000000000e+00
-2.997197999999999956e+04	0.000000000000000000e+00	0.000000000000000000e+00	2.981658375804925876e-01	0.000000000000000000e+00
-2.997197999999999956e+04	0.000000000000000000e+00	0.000000000000000000e+00	2.908413953062532475e-01	0.000000000000000000e+00
-2.997195999999999913e+04	0.000000000000000000e+00	0.000000000000000000e+00	3.021332438123722208e-01	0.000000000000000000e+00
-2.997191999999999825e+04	0.000000000000000000e+00	0.000000000000000000e+00	2.941984313486129543e-01	0.000000000000000000e+00
-2.997190000000000146e+04	0.000000000000000000e+00	0.000000000000000000e+00	2.890102847376934125e-01	0.000000000000000000e+00
-2.997186999999999898e+04	0.000000000000000000e+00	0.000000000000000000e+00	2.926725058748130825e-01	0.000000000000000000e+00
-2.997183000000000175e+04	0.000000000000000000e+00	0.000000000000000000e+00	3.012176885280922756e-01	0.000000000000000000e+00
-2.997181000000000131e+04	0.000000000000000000e+00	0.000000000000000000e+00	3.042695394756920191e-01	0.000000000000000000e+00
-2.997179000000000087e+04	0.000000000000000000e+00	0.000000000000000000e+00	3.094576860866115053e-01	0.000000000000000000e+00
-2.997175999999999840e+04	0.000000000000000000e+00	0.000000000000000000e+00	3.219702749717703871e-01	0.000000000000000000e+00
-2.997172999999999956e+04	0.000000000000000000e+00	0.000000000000000000e+00	3.268532364879299101e-01	0.000000000000000000e+00
-2.997170000000000073e+04	0.000000000000000000e+00	0.000000000000000000e+00	3.219702749717703871e-01	0.000000000000000000e+00
-2.997166999999999825e+04	0.000000000000000000e+00	0.000000000000000000e+00	3.198339793084505889e-01	0.000000000000000000e+00
-2.997163999999999942e+04	0.000000000000000000e+00	0.000000000000000000e+00	3.161717581713309189e-01	0.000000000000000000e+00
-2.997161999999999898e+04	0.000000000000000000e+00	0.000000000000000000e+00	3.048799096652119456e-01	0.000000000000000000e+00
-2.997159999999999854e+04	0.000000000000000000e+00	0.000000000000000000e+00	3.012176885280922756e-01	0.000000000000000000e+00
-2.997158000000000175e+04	0.000000000000000000e+00	0.000000000000000000e+00	2.987762077700125141e-01	0.000000000000000000e+00
-2.997154000000000087e+04	0.000000000000000000e+00	0.000000000000000000e+00	2.877895443586535040e-01	0.000000000000000000e+00
-2.997152000000000044e+04	0.000000000000000000e+00	0.000000000000000000e+00	2.813806573686941093e-01	0.000000000000000000e+00
-2.997150000000000000e+04	0.000000000000000000e+00	0.000000000000000000e+00	2.780236213263344025e-01	0.000000000000000000e+00
-2.997147999999999956e+04	0.000000000000000000e+00	0.000000000000000000e+00	2.847376934110538160e-01	0.000000000000000000e+00
-2.997145000000000073e+04	0.000000000000000000e+00	0.000000000000000000e+00	2.719199194311349710e-01	0.000000000000000000e+00
-2.997141999999999825e+04	0.000000000000000000e+00	0.000000000000000000e+00	2.789391766106143478e-01	0.000000000000000000e+00
-2.997140000000000146e+04	0.000000000000000000e+00	0.000000000000000000e+00	2.752769554734946778e-01	0.000000000000000000e+00
-2.997136000000000058e+04	0.000000000000000000e+00	0.000000000000000000e+00	2.789391766106143478e-01	0.000000000000000000e+00
-2.997131999999999971e+04	0.000000000000000000e+00	0.000000000000000000e+00	2.871791741691335775e-01	0.000000000000000000e+00
-2.997129999999999927e+04	0.000000000000000000e+00	0.000000000000000000e+00	2.771080660420545128e-01	0.000000000000000000e+00
-2.997127999999999884e+04	0.000000000000000000e+00	0.000000000000000000e+00	2.777184362315744393e-01	0.000000000000000000e+00
-2.997125000000000000e+04	0.000000000000000000e+00	0.000000000000000000e+00	2.868739890743736143e-01	0.000000000000000000e+00
-2.997122000000000116e+04	0.000000000000000000e+00	0.000000000000000000e+00	2.844325083162938528e-01	0.000000000000000000e+00
-2.997120000000000073e+04	0.000000000000000000e+00	0.000000000000000000e+00	2.954191717276528073e-01	0.000000000000000000e+00
-2.997118000000000029e+04	0.000000000000000000e+00	0.000000000000000000e+00	3.030487990966521106e-01	0.000000000000000000e+00
-2.997115000000000146e+04	0.000000000000000000e+00	0.000000000000000000e+00	2.957243568224127706e-01	0.000000000000000000e+00
-2.997111999999999898e+04	0.000000000000000000e+00	0.000000000000000000e+00	2.938932462538529355e-01	0.000000000000000000e+00
-2.997109000000000015e+04	0.000000000000000000e+00	0.000000000000000000e+00	2.972502822962126423e-01	0.000000000000000000e+00
-2.997106000000000131e+04	0.000000000000000000e+00	0.000000000000000000e+00	2.813806573686941093e-01	0.000000000000000000e+00
-2.997104000000000087e+04	0.000000000000000000e+00	0.000000000000000000e+00	2.862636188848536878e-01	0.000000000000000000e+00
-2.997102000000000044e+04	0.000000000000000000e+00	0.000000000000000000e+00	2.710043641468550812e-01	0.000000000000000000e+00
-2.997099000000000160e+04	0.000000000000000000e+00	0.000000000000000000e+00	2.615436262092959430e-01	0.000000000000000000e+00
-2.997095999999999913e+04	0.000000000000000000e+00	0.000000000000000000e+00	2.600177007354960712e-01	0.000000000000000000e+00
-2.997093999999999869e+04	0.000000000000000000e+00	0.000000000000000000e+00	2.563554795983764012e-01	0.000000000000000000e+00
-2.997090999999999985e+04	0.000000000000000000e+00	0.000000000000000000e+00	2.591021454512161815e-01	0.000000000000000000e+00
-2.997088999999999942e+04	0.000000000000000000e+00	0.000000000000000000e+00	2.621539963988158695e-01	0.000000000000000000e+00
-2.997086000000000058e+04	0.000000000000000000e+00	0.000000000000000000e+00	2.587969603564562182e-01	0.000000000000000000e+00
-2.997083000000000175e+04	0.000000000000000000e+00	0.000000000000000000e+00	2.670369579149754480e-01	0.000000000000000000e+00
-2.997079999999999927e+04	0.000000000000000000e+00	0.000000000000000000e+00	2.597125156407361080e-01	0.000000000000000000e+00
-2.997077999999999884e+04	0.000000000000000000e+00	0.000000000000000000e+00	2.649006622516556497e-01	0.000000000000000000e+00
-2.997075000000000000e+04	0.000000000000000000e+00	0.000000000000000000e+00	2.621539963988158695e-01	0.000000000000000000e+00
-2.997072000000000116e+04	0.000000000000000000e+00	0.000000000000000000e+00	2.685628833887753197e-01	0.000000000000000000e+00
-2.997070000000000073e+04	0.000000000000000000e+00	0.000000000000000000e+00	2.761925107577745675e-01	0.000000000000000000e+00
-2.997068000000000029e+04	0.000000000000000000e+00	0.000000000000000000e+00	2.777184362315744393e-01	0.000000000000000000e+00
-2.997065999999999985e+04	0.000000000000000000e+00	0.000000000000000000e+00	2.682576982940153010e-01	0.000000000000000000e+00
-2.997063000000000102e+04	0.000000000000000000e+00	0.000000000000000000e+00	2.710043641468550812e-01	0.000000000000000000e+00
-2.997059000000000015e+04	0.000000000000000000e+00	0.000000000000000000e+00	2.832117679372539443e-01	0.000000000000000000e+00
-2.997056000000000131e+04	0.000000000000000000e+00	0.000000000000000000e+00	2.691732535782952462e-01	0.000000000000000000e+00
-2.997054000000000087e+04	0.000000000000000000e+00	0.000000000000000000e+00	2.722251045258949342e-01	0.000000000000000000e+00
-2.997052000000000044e+04	0.000000000000000000e+00	0.000000000000000000e+00	2.645954771568956310e-01	0.000000000000000000e+00
-2.997050000000000000e+04	0.000000000000000000e+00	0.000000000000000000e+00	2.655110324411755762e-01	0.000000000000000000e+00
-2.997047000000000116e+04	0.000000000000000000e+00	0.000000000000000000e+00	2.600177007354960712e-01	0.000000000000000000e+00
-2.997043000000000029e+04	0.000000000000000000e+00	0.000000000000000000e+00	2.468947416608172907e-01	0.000000000000000000e+00
-2.997040000000000146e+04	0.000000000000000000e+00	0.000000000000000000e+00	2.374340037232581524e-01	0.000000000000000000e+00
-2.997036999999999898e+04	0.000000000000000000e+00	0.000000000000000000e+00	2.471999267555772539e-01	0.000000000000000000e+00
-2.997034000000000015e+04	0.000000000000000000e+00	0.000000000000000000e+00	2.404858546708578682e-01	0.000000000000000000e+00
-2.997031000000000131e+04	0.000000000000000000e+00	0.000000000000000000e+00	2.334665974913785191e-01	0.000000000000000000e+00
-2.997029000000000087e+04	0.000000000000000000e+00	0.000000000000000000e+00	2.371288186284981891e-01	0.000000000000000000e+00
-2.997025999999999840e+04	0.000000000000000000e+00	0.000000000000000000e+00	2.401806695760979049e-01	0.000000000000000000e+00
-2.997022000000000116e+04	0.000000000000000000e+00	0.000000000000000000e+00	2.465895565660573274e-01	0.000000000000000000e+00
-2.997018999999999869e+04	0.000000000000000000e+00	0.000000000000000000e+00	2.499465926084170064e-01	0.000000000000000000e+00
-2.997015000000000146e+04	0.000000000000000000e+00	0.000000000000000000e+00	2.526932584612567312e-01	0.000000000000000000e+00
-2.997011999999999898e+04	0.000000000000000000e+00	0.000000000000000000e+00	2.487258522293771257e-01	0.000000000000000000e+00
-2.997008000000000175e+04	0.000000000000000000e+00	0.000000000000000000e+00	2.514725180822168782e-01	0.000000000000000000e+00
-2.997006000000000131e+04	0.000000000000000000e+00	0.000000000000000000e+00	2.533036286507767132e-01	0.000000000000000000e+00
-2.997004999999999927e+04	0.000000000000000000e+00	0.000000000000000000e+00	2.471999267555772539e-01	0.000000000000000000e+00
-2.997002999999999884e+04	0.000000000000000000e+00	0.000000000000000000e+00	2.462843714712973364e-01	0.000000000000000000e+00
-2.997000000000000000e+04	0.000000000000000000e+00	0.000000000000000000e+00	2.423169652394177032e-01	0.000000000000000000e+00
-2.996997000000000116e+04	0.000000000000000000e+00	0.000000000000000000e+00	2.410962248603778224e-01	0.000000000000000000e+00
-2.996995000000000073e+04	0.000000000000000000e+00	0.000000000000000000e+00	2.349925229651783909e-01	0.000000000000000000e+00
-2.996993000000000029e+04	0.000000000000000000e+00	0.000000000000000000e+00	2.459791863765373732e-01	0.000000000000000000e+00
-2.996990000000000146e+04	0.000000000000000000e+00	0.000000000000000000e+00	2.285836359752189684e-01	0.000000000000000000e+00
-2.996986000000000058e+04	0.000000000000000000e+00	0.000000000000000000e+00	2.249214148380992984e-01	0.000000000000000000e+00
-2.996983000000000175e+04	0.000000000000000000e+00	0.000000000000000000e+00	2.200384533219397476e-01	0.000000000000000000e+00
-2.996981000000000131e+04	0.000000000000000000e+00	0.000000000000000000e+00	2.142399365215002793e-01	0.000000000000000000e+00
-2.996979999999999927e+04	0.000000000000000000e+00	0.000000000000000000e+00	2.185125278481399036e-01	0.000000000000000000e+00
-2.996977000000000044e+04	0.000000000000000000e+00	0.000000000000000000e+00	2.017273476363414531e-01	0.000000000000000000e+00
-2.996972999999999956e+04	0.000000000000000000e+00	0.000000000000000000e+00	2.072206793420209303e-01	0.000000000000000000e+00
-2.996970999999999913e+04	0.000000000000000000e+00	0.000000000000000000e+00	2.249214148380992984e-01	0.000000000000000000e+00
-2.996968000000000029e+04	0.000000000000000000e+00	0.000000000000000000e+00	2.218695638904995826e-01	0.000000000000000000e+00
-2.996963999999999942e+04	0.000000000000000000e+00	0.000000000000000000e+00	2.200384533219397476e-01	0.000000000000000000e+00
-2.996961000000000058e+04	0.000000000000000000e+00	0.000000000000000000e+00	2.273628955961790876e-01	0.000000000000000000e+00
-2.996958000000000175e+04	0.000000000000000000e+00	0.000000000000000000e+00	2.389599291970580242e-01	0.000000000000000000e+00
-2.996954999999999927e+04	0.000000000000000000e+00	0.000000000000000000e+00	2.282784508804590051e-01	0.000000000000000000e+00
-2.996950999999999840e+04	0.000000000000000000e+00	0.000000000000000000e+00	2.270577105014191244e-01	0.000000000000000000e+00
-2.996947999999999956e+04	0.000000000000000000e+00	0.000000000000000000e+00	2.276680806909390509e-01	0.000000000000000000e+00
-2.996943999999999869e+04	0.000000000000000000e+00	0.000000000000000000e+00	2.264473403118991701e-01	0.000000000000000000e+00
-2.996940999999999985e+04	0.000000000000000000e+00	0.000000000000000000e+00	2.322458571123386384e-01	0.000000000000000000e+00
-2.996938999999999942e+04	0.000000000000000000e+00	0.000000000000000000e+00	2.285836359752189684e-01	0.000000000000000000e+00
-2.996936000000000058e+04	0.000000000000000000e+00	0.000000000000000000e+00	2.090517899105807653e-01	0.000000000000000000e+00
-2.996934000000000015e+04	0.000000000000000000e+00	0.000000000000000000e+00	2.090517899105807653e-01	0.000000000000000000e+00
-2.996931999999999971e+04	0.000000000000000000e+00	0.000000000000000000e+00	2.038636432996612513e-01	0.000000000000000000e+00
-2.996931000000000131e+04	0.000000000000000000e+00	0.000000000000000000e+00	2.111880855739005636e-01	0.000000000000000000e+00
-2.996929000000000087e+04	0.000000000000000000e+00	0.000000000000000000e+00	2.108829004791406003e-01	0.000000000000000000e+00
-2.996927000000000044e+04	0.000000000000000000e+00	0.000000000000000000e+00	2.121036408581804811e-01	0.000000000000000000e+00
-2.996925000000000000e+04	0.000000000000000000e+00	0.000000000000000000e+00	1.956236457411419938e-01	0.000000000000000000e+00
-2.996922999999999956e+04	0.000000000000000000e+00	0.000000000000000000e+00	2.026429029206213706e-01	0.000000000000000000e+00
-2.996920999999999913e+04	0.000000000000000000e+00	0.000000000000000000e+00	1.950132755516220673e-01	0.000000000000000000e+00
-2.996918000000000029e+04	0.000000000000000000e+00	0.000000000000000000e+00	2.041688283944212146e-01	0.000000000000000000e+00
-2.996915000000000146e+04	0.000000000000000000e+00	0.000000000000000000e+00	1.922666096987823148e-01	0.000000000000000000e+00
-2.996911000000000058e+04	0.000000000000000000e+00	0.000000000000000000e+00	2.087466048158208021e-01	0.000000000000000000e+00
-2.996908000000000175e+04	0.000000000000000000e+00	0.000000000000000000e+00	2.002014221625415813e-01	0.000000000000000000e+00
-2.996904999999999927e+04	0.000000000000000000e+00	0.000000000000000000e+00	2.078310495315408846e-01	0.000000000000000000e+00
-2.996902000000000044e+04	0.000000000000000000e+00	0.000000000000000000e+00	2.105777153843806371e-01	0.000000000000000000e+00
-2.996899000000000160e+04	0.000000000000000000e+00	0.000000000000000000e+00	2.133243812372203618e-01	0.000000000000000000e+00
-2.996895000000000073e+04	0.000000000000000000e+00	0.000000000000000000e+00	2.136295663319803528e-01	0.000000000000000000e+00
-2.996891999999999825e+04	0.000000000000000000e+00	0.000000000000000000e+00	2.215643787957396194e-01	0.000000000000000000e+00
-2.996890000000000146e+04	0.000000000000000000e+00	0.000000000000000000e+00	2.206488235114597019e-01	0.000000000000000000e+00
-2.996886999999999898e+04	0.000000000000000000e+00	0.000000000000000000e+00	2.185125278481399036e-01	0.000000000000000000e+00
-2.996884000000000015e+04	0.000000000000000000e+00	0.000000000000000000e+00	2.072206793420209303e-01	0.000000000000000000e+00
-2.996881999999999971e+04	0.000000000000000000e+00	0.000000000000000000e+00	2.002014221625415813e-01	0.000000000000000000e+00
-2.996881000000000131e+04	0.000000000000000000e+00	0.000000000000000000e+00	1.806695760979033782e-01	0.000000000000000000e+00
-2.996879000000000087e+04	0.000000000000000000e+00	0.000000000000000000e+00	1.882992034669026815e-01	0.000000000000000000e+00
-2.996877000000000044e+04	0.000000000000000000e+00	0.000000000000000000e+00	1.889095736564226080e-01	0.000000000000000000e+00
-2.996874000000000160e+04	0.000000000000000000e+00	0.000000000000000000e+00	1.855525376140629290e-01	0.000000000000000000e+00
-2.996870999999999913e+04	0.000000000000000000e+00	0.000000000000000000e+00	1.904354991302224798e-01	0.000000000000000000e+00
-2.996870000000000073e+04	0.000000000000000000e+00	0.000000000000000000e+00	1.849421674245429748e-01	0.000000000000000000e+00
-2.996866999999999825e+04	0.000000000000000000e+00	0.000000000000000000e+00	1.815851313821832957e-01	0.000000000000000000e+00
-2.996863999999999942e+04	0.000000000000000000e+00	0.000000000000000000e+00	1.785332804345835800e-01	0.000000000000000000e+00
-2.996861999999999898e+04	0.000000000000000000e+00	0.000000000000000000e+00	1.834162419507431308e-01	0.000000000000000000e+00
-2.996859999999999854e+04	0.000000000000000000e+00	0.000000000000000000e+00	1.834162419507431308e-01	0.000000000000000000e+00
-2.996859000000000015e+04	0.000000000000000000e+00	0.000000000000000000e+00	1.950132755516220673e-01	0.000000000000000000e+00
-2.996856999999999971e+04	0.000000000000000000e+00	0.000000000000000000e+00	1.934873500778221955e-01	0.000000000000000000e+00
-2.996854000000000087e+04	0.000000000000000000e+00	0.000000000000000000e+00	1.889095736564226080e-01	0.000000000000000000e+00
-2.996850999999999840e+04	0.000000000000000000e+00	0.000000000000000000e+00	1.904354991302224798e-01	0.000000000000000000e+00
-2.996850000000000000e+04	0.000000000000000000e+00	0.000000000000000000e+00	1.855525376140629290e-01	0.000000000000000000e+00
-2.996847999999999956e+04	0.000000000000000000e+00	0.000000000000000000e+00	1.849421674245429748e-01	0.000000000000000000e+00
-2.996845999999999913e+04	0.000000000000000000e+00	0.000000000000000000e+00	1.904354991302224798e-01	0.000000000000000000e+00
-2.996843999999999869e+04	0.000000000000000000e+00	0.000000000000000000e+00	2.182073427533799126e-01	0.000000000000000000e+00
-2.996841999999999825e+04	0.000000000000000000e+00	0.000000000000000000e+00	2.014221625415814620e-01	0.000000000000000000e+00
-2.996840000000000146e+04	0.000000000000000000e+00	0.000000000000000000e+00	1.889095736564226080e-01	0.000000000000000000e+00
-2.996836999999999898e+04	0.000000000000000000e+00	0.000000000000000000e+00	1.791436506241035065e-01	0.000000000000000000e+00
-2.996834000000000015e+04	0.000000000000000000e+00	0.000000000000000000e+00	1.788384655293435432e-01	0.000000000000000000e+00
-2.996831999999999971e+04	0.000000000000000000e+00	0.000000000000000000e+00	1.767021698660237450e-01	0.000000000000000000e+00
-2.996831000000000131e+04	0.000000000000000000e+00	0.000000000000000000e+00	1.712088381603442400e-01	0.000000000000000000e+00
-2.996829000000000087e+04	0.000000000000000000e+00	0.000000000000000000e+00	1.773125400555436992e-01	0.000000000000000000e+00
-2.996825999999999840e+04	0.000000000000000000e+00	0.000000000000000000e+00	1.712088381603442400e-01	0.000000000000000000e+00
-2.996822999999999956e+04	0.000000000000000000e+00	0.000000000000000000e+00	1.709036530655842767e-01	0.000000000000000000e+00
-2.996822000000000116e+04	0.000000000000000000e+00	0.000000000000000000e+00	1.690725424970244417e-01	0.000000000000000000e+00
-2.996818999999999869e+04	0.000000000000000000e+00	0.000000000000000000e+00	1.767021698660237450e-01	0.000000000000000000e+00
-2.996815000000000146e+04	0.000000000000000000e+00	0.000000000000000000e+00	1.684621723075045152e-01	0.000000000000000000e+00
-2.996811999999999898e+04	0.000000000000000000e+00	0.000000000000000000e+00	1.757866145817438275e-01	0.000000000000000000e+00
-2.996809999999999854e+04	0.000000000000000000e+00	0.000000000000000000e+00	1.782280953398236167e-01	0.000000000000000000e+00
-2.996809000000000015e+04	0.000000000000000000e+00	0.000000000000000000e+00	1.843317972350230483e-01	0.000000000000000000e+00
-2.996806999999999971e+04	0.000000000000000000e+00	0.000000000000000000e+00	1.831110568559831675e-01	0.000000000000000000e+00
-2.996804999999999927e+04	0.000000000000000000e+00	0.000000000000000000e+00	1.834162419507431308e-01	0.000000000000000000e+00
-2.996802999999999884e+04	0.000000000000000000e+00	0.000000000000000000e+00	1.739555040131839925e-01	0.000000000000000000e+00
-2.996800999999999840e+04	0.000000000000000000e+00	0.000000000000000000e+00	1.779229102450636257e-01	0.000000000000000000e+00
-2.996797999999999956e+04	0.000000000000000000e+00	0.000000000000000000e+00	1.739555040131839925e-01	0.000000000000000000e+00
-2.996795999999999913e+04	0.000000000000000000e+00	0.000000000000000000e+00	1.770073549607837082e-01	0.000000000000000000e+00
-2.996793000000000029e+04	0.000000000000000000e+00	0.000000000000000000e+00	1.757866145817438275e-01	0.000000000000000000e+00
-2.996790999999999985e+04	0.000000000000000000e+00	0.000000000000000000e+00	1.779229102450636257e-01	0.000000000000000000e+00
-2.996788999999999942e+04	0.000000000000000000e+00	0.000000000000000000e+00	1.739555040131839925e-01	0.000000000000000000e+00
-2.996786999999999898e+04	0.000000000000000000e+00	0.000000000000000000e+00	1.763969847712637817e-01	0.000000000000000000e+00
-2.996784000000000015e+04	0.000000000000000000e+00	0.000000000000000000e+00	1.651051362651448084e-01	0.000000000000000000e+00
-2.996781999999999971e+04	0.000000000000000000e+00	0.000000000000000000e+00	1.669362468337046435e-01	0.000000000000000000e+00
-2.996779999999999927e+04	0.000000000000000000e+00	0.000000000000000000e+00	1.593066194647053402e-01	0.000000000000000000e+00
-2.996779000000000087e+04	0.000000000000000000e+00	0.000000000000000000e+00	1.593066194647053402e-01	0.000000000000000000e+00
-2.996777000000000044e+04	0.000000000000000000e+00	0.000000000000000000e+00	1.602221747489852577e-01	0.000000000000000000e+00
-2.996775000000000000e+04	0.000000000000000000e+00	0.000000000000000000e+00	1.556443983275856702e-01	0.000000000000000000e+00
-2.996772999999999956e+04	0.000000000000000000e+00	0.000000000000000000e+00	1.602221747489852577e-01	0.000000000000000000e+00
-2.996770000000000073e+04	0.000000000000000000e+00	0.000000000000000000e+00	1.617481002227851294e-01	0.000000000000000000e+00
-2.996768000000000029e+04	0.000000000000000000e+00	0.000000000000000000e+00	1.657155064546647627e-01	0.000000000000000000e+00
-2.996765000000000146e+04	0.000000000000000000e+00	0.000000000000000000e+00	1.757866145817438275e-01	0.000000000000000000e+00
-2.996763000000000102e+04	0.000000000000000000e+00	0.000000000000000000e+00	1.696829126865443960e-01	0.000000000000000000e+00
-2.996761000000000058e+04	0.000000000000000000e+00	0.000000000000000000e+00	1.647999511703848452e-01	0.000000000000000000e+00
-2.996759999999999854e+04	0.000000000000000000e+00	0.000000000000000000e+00	1.654103213599047717e-01	0.000000000000000000e+00
-2.996758000000000175e+04	0.000000000000000000e+00	0.000000000000000000e+00	1.632740256965849734e-01	0.000000000000000000e+00
-2.996756000000000131e+04	0.000000000000000000e+00	0.000000000000000000e+00	1.654103213599047717e-01	0.000000000000000000e+00
-2.996754999999999927e+04	0.000000000000000000e+00	0.000000000000000000e+00	1.586962492751854137e-01	0.000000000000000000e+00
-2.996752999999999884e+04	0.000000000000000000e+00	0.000000000000000000e+00	1.641895809808648909e-01	0.000000000000000000e+00
-2.996750999999999840e+04	0.000000000000000000e+00	0.000000000000000000e+00	1.580858790856654594e-01	0.000000000000000000e+00
-2.996747999999999956e+04	0.000000000000000000e+00	0.000000000000000000e+00	1.535081026642658719e-01	0.000000000000000000e+00
-2.996745999999999913e+04	0.000000000000000000e+00	0.000000000000000000e+00	1.477095858638264037e-01	0.000000000000000000e+00
-2.996745000000000073e+04	0.000000000000000000e+00	0.000000000000000000e+00	1.532029175695059087e-01	0.000000000000000000e+00
-2.996743000000000029e+04	0.000000000000000000e+00	0.000000000000000000e+00	1.486251411481063212e-01	0.000000000000000000e+00
-2.996740000000000146e+04	0.000000000000000000e+00	0.000000000000000000e+00	1.419110690633869354e-01	0.000000000000000000e+00
-2.996736999999999898e+04	0.000000000000000000e+00	0.000000000000000000e+00	1.397747734000671371e-01	0.000000000000000000e+00
-2.996734999999999854e+04	0.000000000000000000e+00	0.000000000000000000e+00	1.416058839686269721e-01	0.000000000000000000e+00
-2.996733000000000175e+04	0.000000000000000000e+00	0.000000000000000000e+00	1.419110690633869354e-01	0.000000000000000000e+00
-2.996731000000000131e+04	0.000000000000000000e+00	0.000000000000000000e+00	1.251258888515884848e-01	0.000000000000000000e+00
-2.996729000000000087e+04	0.000000000000000000e+00	0.000000000000000000e+00	1.370281075472273846e-01	0.000000000000000000e+00
-2.996727000000000044e+04	0.000000000000000000e+00	0.000000000000000000e+00	1.577806939909054962e-01	0.000000000000000000e+00
-2.996725000000000000e+04	0.000000000000000000e+00	0.000000000000000000e+00	1.489303262428663122e-01	0.000000000000000000e+00
-2.996722999999999956e+04	0.000000000000000000e+00	0.000000000000000000e+00	1.489303262428663122e-01	0.000000000000000000e+00
-2.996720999999999913e+04	0.000000000000000000e+00	0.000000000000000000e+00	1.568651387066255787e-01	0.000000000000000000e+00
-2.996718999999999869e+04	0.000000000000000000e+00	0.000000000000000000e+00	1.525925473799859544e-01	0.000000000000000000e+00
-2.996716999999999825e+04	0.000000000000000000e+00	0.000000000000000000e+00	1.556443983275856702e-01	0.000000000000000000e+00
-2.996715000000000146e+04	0.000000000000000000e+00	0.000000000000000000e+00	1.586962492751854137e-01	0.000000000000000000e+00
-2.996711999999999898e+04	0.000000000000000000e+00	0.000000000000000000e+00	1.516769920957060369e-01	0.000000000000000000e+00
-2.996709000000000015e+04	0.000000000000000000e+00	0.000000000000000000e+00	1.513718070009460737e-01	0.000000000000000000e+00
-2.996706000000000131e+04	0.000000000000000000e+00	0.000000000000000000e+00	1.498458815271462019e-01	0.000000000000000000e+00
-2.996704999999999927e+04	0.000000000000000000e+00	0.000000000000000000e+00	1.437421796319467704e-01	0.000000000000000000e+00
-2.996702999999999884e+04	0.000000000000000000e+00	0.000000000000000000e+00	1.342814416943876599e-01	0.000000000000000000e+00
-2.996700000000000000e+04	0.000000000000000000e+00	0.000000000000000000e+00	1.437421796319467704e-01	0.000000000000000000e+00
-2.996697999999999956e+04	0.000000000000000000e+00	0.000000000000000000e+00	1.342814416943876599e-01	0.000000000000000000e+00
-2.996695000000000073e+04	0.000000000000000000e+00	0.000000000000000000e+00	1.434369945371868071e-01	0.000000000000000000e+00
-2.996693000000000029e+04	0.000000000000000000e+00	0.000000000000000000e+00	1.321451460310678339e-01	0.000000000000000000e+00
-2.996690000000000146e+04	0.000000000000000000e+00	0.000000000000000000e+00	1.342814416943876599e-01	0.000000000000000000e+00
-2.996688000000000102e+04	0.000000000000000000e+00	0.000000000000000000e+00	1.367229224524674214e-01	0.000000000000000000e+00
-2.996686000000000058e+04	0.000000000000000000e+00	0.000000000000000000e+00	1.281777397991882006e-01	0.000000000000000000e+00
-2.996684000000000015e+04	0.000000000000000000e+00	0.000000000000000000e+00	1.315347758415479074e-01	0.000000000000000000e+00
-2.996681000000000131e+04	0.000000000000000000e+00	0.000000000000000000e+00	1.290932950834681181e-01	0.000000000000000000e+00
-2.996679000000000087e+04	0.000000000000000000e+00	0.000000000000000000e+00	1.312295907467879164e-01	0.000000000000000000e+00
-2.996677000000000044e+04	0.000000000000000000e+00	0.000000000000000000e+00	1.382488479262672931e-01	0.000000000000000000e+00
-2.996675999999999840e+04	0.000000000000000000e+00	0.000000000000000000e+00	1.461836603900265597e-01	0.000000000000000000e+00
-2.996674000000000160e+04	0.000000000000000000e+00	0.000000000000000000e+00	1.351969969786675496e-01	0.000000000000000000e+00
-2.996670999999999913e+04	0.000000000000000000e+00	0.000000000000000000e+00	1.498458815271462019e-01	0.000000000000000000e+00
-2.996666999999999825e+04	0.000000000000000000e+00	0.000000000000000000e+00	1.452681051057466421e-01	0.000000000000000000e+00
-2.996665000000000146e+04	0.000000000000000000e+00	0.000000000000000000e+00	1.492355113376262754e-01	0.000000000000000000e+00
-2.996661999999999898e+04	0.000000000000000000e+00	0.000000000000000000e+00	1.458784752952665686e-01	0.000000000000000000e+00
-2.996659999999999854e+04	0.000000000000000000e+00	0.000000000000000000e+00	1.443525498214667246e-01	0.000000000000000000e+00
-2.996659000000000015e+04	0.000000000000000000e+00	0.000000000000000000e+00	1.434369945371868071e-01	0.000000000000000000e+00
-2.996656999999999971e+04	0.000000000000000000e+00	0.000000000000000000e+00	1.318399609363078706e-01	0.000000000000000000e+00
-2.996654999999999927e+04	0.000000000000000000e+00	0.000000000000000000e+00	1.297036652729880724e-01	0.000000000000000000e+00
-2.996652000000000044e+04	0.000000000000000000e+00	0.000000000000000000e+00	1.138340403454695254e-01	0.000000000000000000e+00
-2.996649000000000160e+04	0.000000000000000000e+00	0.000000000000000000e+00	1.184118167668691129e-01	0.000000000000000000e+00
-2.996647000000000116e+04	0.000000000000000000e+00	0.000000000000000000e+00	1.211584826197088516e-01	0.000000000000000000e+00
-2.996643999999999869e+04	0.000000000000000000e+00	0.000000000000000000e+00	1.220740379039887691e-01	0.000000000000000000e+00
-2.996641999999999825e+04	0.000000000000000000e+00	0.000000000000000000e+00	1.181066316721091358e-01	0.000000000000000000e+00
-2.996640000000000146e+04	0.000000000000000000e+00	0.000000000000000000e+00	1.220740379039887691e-01	0.000000000000000000e+00
-2.996636999999999898e+04	0.000000000000000000e+00	0.000000000000000000e+00	1.312295907467879164e-01	0.000000000000000000e+00
-2.996634999999999854e+04	0.000000000000000000e+00	0.000000000000000000e+00	1.251258888515884848e-01	0.000000000000000000e+00
-2.996633000000000175e+04	0.000000000000000000e+00	0.000000000000000000e+00	1.229895931882686866e-01	0.000000000000000000e+00
-2.996631999999999971e+04	0.000000000000000000e+00	0.000000000000000000e+00	1.232947782830286637e-01	0.000000000000000000e+00
-2.996629000000000087e+04	0.000000000000000000e+00	0.000000000000000000e+00	1.345866267891476231e-01	0.000000000000000000e+00
-2.996625999999999840e+04	0.000000000000000000e+00	0.000000000000000000e+00	1.318399609363078706e-01	0.000000000000000000e+00
-2.996622999999999956e+04	0.000000000000000000e+00	0.000000000000000000e+00	1.229895931882686866e-01	0.000000000000000000e+00
-2.996620000000000073e+04	0.000000000000000000e+00	0.000000000000000000e+00	1.229895931882686866e-01	0.000000000000000000e+00
-2.996618000000000029e+04	0.000000000000000000e+00	0.000000000000000000e+00	1.248207037568285216e-01	0.000000000000000000e+00
-2.996615999999999985e+04	0.000000000000000000e+00	0.000000000000000000e+00	1.281777397991882006e-01	0.000000000000000000e+00
-2.996611999999999898e+04	0.000000000000000000e+00	0.000000000000000000e+00	1.293984801782281091e-01	0.000000000000000000e+00
-2.996609000000000015e+04	0.000000000000000000e+00	0.000000000000000000e+00	1.269569994201483198e-01	0.000000000000000000e+00
-2.996606999999999971e+04	0.000000000000000000e+00	0.000000000000000000e+00	1.293984801782281091e-01	0.000000000000000000e+00
-2.996604000000000087e+04	0.000000000000000000e+00	0.000000000000000000e+00	1.269569994201483198e-01	0.000000000000000000e+00
-2.996600999999999840e+04	0.000000000000000000e+00	0.000000000000000000e+00	1.141392254402295026e-01	0.000000000000000000e+00
-2.996597999999999956e+04	0.000000000000000000e+00	0.000000000000000000e+00	1.269569994201483198e-01	0.000000000000000000e+00
-2.996593999999999869e+04	0.000000000000000000e+00	0.000000000000000000e+00	1.116977446821497272e-01	0.000000000000000000e+00
-2.996591999999999825e+04	0.000000000000000000e+00	0.000000000000000000e+00	1.159703360087893376e-01	0.000000000000000000e+00
-2.996590000000000146e+04	0.000000000000000000e+00	0.000000000000000000e+00	1.101718192083498693e-01	0.000000000000000000e+00
-2.996586999999999898e+04	0.000000000000000000e+00	0.000000000000000000e+00	1.171910763878292183e-01	0.000000000000000000e+00
-2.996584000000000015e+04	0.000000000000000000e+00	0.000000000000000000e+00	1.095614490188299150e-01	0.000000000000000000e+00
-2.996581000000000131e+04	0.000000000000000000e+00	0.000000000000000000e+00	1.107821893978698097e-01	0.000000000000000000e+00
-2.996577999999999884e+04	0.000000000000000000e+00	0.000000000000000000e+00	1.068147831659901764e-01	0.000000000000000000e+00
-2.996575000000000000e+04	0.000000000000000000e+00	0.000000000000000000e+00	1.126132999664296447e-01	0.000000000000000000e+00
-2.996572000000000116e+04	0.000000000000000000e+00	0.000000000000000000e+00	1.196325571459089937e-01	0.000000000000000000e+00
-2.996568999999999869e+04	0.000000000000000000e+00	0.000000000000000000e+00	1.113925595873897501e-01	0.000000000000000000e+00
-2.996566999999999825e+04	0.000000000000000000e+00	0.000000000000000000e+00	1.113925595873897501e-01	0.000000000000000000e+00
-2.996565999999999985e+04	0.000000000000000000e+00	0.000000000000000000e+00	1.116977446821497272e-01	0.000000000000000000e+00
-2.996563000000000102e+04	0.000000000000000000e+00	0.000000000000000000e+00	1.184118167668691129e-01	0.000000000000000000e+00
-2.996561000000000058e+04	0.000000000000000000e+00	0.000000000000000000e+00	1.068147831659901764e-01	0.000000000000000000e+00
-2.996559000000000015e+04	0.000000000000000000e+00	0.000000000000000000e+00	1.153599658192693833e-01	0.000000000000000000e+00
-2.996556999999999971e+04	0.000000000000000000e+00	0.000000000000000000e+00	1.147495956297494429e-01	0.000000000000000000e+00
-2.996554000000000087e+04	0.000000000000000000e+00	0.000000000000000000e+00	1.162755211035493008e-01	0.000000000000000000e+00
-2.996552000000000044e+04	0.000000000000000000e+00	0.000000000000000000e+00	1.083407086397900343e-01	0.000000000000000000e+00
-2.996549000000000160e+04	0.000000000000000000e+00	0.000000000000000000e+00	1.043733024079104010e-01	0.000000000000000000e+00
-2.996545999999999913e+04	0.000000000000000000e+00	0.000000000000000000e+00	1.077303384502700939e-01	0.000000000000000000e+00
-2.996543000000000029e+04	0.000000000000000000e+00	0.000000000000000000e+00	1.001007110812707906e-01	0.000000000000000000e+00
-2.996540000000000146e+04	0.000000000000000000e+00	0.000000000000000000e+00	1.034577471236304835e-01	0.000000000000000000e+00
-2.996538000000000102e+04	0.000000000000000000e+00	0.000000000000000000e+00	1.065095980712301993e-01	0.000000000000000000e+00
-2.996536000000000058e+04	0.000000000000000000e+00	0.000000000000000000e+00	1.031525620288705064e-01	0.000000000000000000e+00
-2.996534000000000015e+04	0.000000000000000000e+00	0.000000000000000000e+00	9.826960051271095564e-02	0.000000000000000000e+00
-2.996531000000000131e+04	0.000000000000000000e+00	0.000000000000000000e+00	9.918515579699087314e-02	0.000000000000000000e+00
-2.996527999999999884e+04	0.000000000000000000e+00	0.000000000000000000e+00	9.674367503891109776e-02	0.000000000000000000e+00
-2.996525999999999840e+04	0.000000000000000000e+00	0.000000000000000000e+00	1.025421918393505660e-01	0.000000000000000000e+00
-2.996522999999999956e+04	0.000000000000000000e+00	0.000000000000000000e+00	1.058992278817102589e-01	0.000000000000000000e+00
-2.996520999999999913e+04	0.000000000000000000e+00	0.000000000000000000e+00	1.055940427869502818e-01	0.000000000000000000e+00
-2.996518999999999869e+04	0.000000000000000000e+00	0.000000000000000000e+00	1.232947782830286637e-01	0.000000000000000000e+00
-2.996515000000000146e+04	0.000000000000000000e+00	0.000000000000000000e+00	1.071199682607501397e-01	0.000000000000000000e+00
-2.996511999999999898e+04	0.000000000000000000e+00	0.000000000000000000e+00	9.979552598651081352e-02	0.000000000000000000e+00
-2.996509000000000015e+04	0.000000000000000000e+00	0.000000000000000000e+00	1.001007110812707906e-01	0.000000000000000000e+00
-2.996506999999999971e+04	0.000000000000000000e+00	0.000000000000000000e+00	9.643848994415113451e-02	0.000000000000000000e+00
-2.996504999999999927e+04	0.000000000000000000e+00	0.000000000000000000e+00	1.037629322183904607e-01	0.000000000000000000e+00
-2.996502000000000044e+04	0.000000000000000000e+00	0.000000000000000000e+00	1.055940427869502818e-01	0.000000000000000000e+00
-2.996500000000000000e+04	0.000000000000000000e+00	0.000000000000000000e+00	9.186071352275154700e-02	0.000000000000000000e+00
-2.996497000000000116e+04	0.000000000000000000e+00	0.000000000000000000e+00	9.216589861751152413e-02	0.000000000000000000e+00
-2.996493999999999869e+04	0.000000000000000000e+00	0.000000000000000000e+00	8.758812219611193661e-02	0.000000000000000000e+00
-2.996491999999999825e+04	0.000000000000000000e+00	0.000000000000000000e+00	9.552293465987121701e-02	0.000000000000000000e+00
-2.996488000000000102e+04	0.000000000000000000e+00	0.000000000000000000e+00	9.674367503891109776e-02	0.000000000000000000e+00
-2.996484000000000015e+04	0.000000000000000000e+00	0.000000000000000000e+00	9.155552842799158375e-02	0.000000000000000000e+00
-2.996479999999999927e+04	0.000000000000000000e+00	0.000000000000000000e+00	8.697775200659199624e-02	0.000000000000000000e+00
-2.996475999999999840e+04	0.000000000000000000e+00	0.000000000000000000e+00	8.850367748039185412e-02	0.000000000000000000e+00
-2.996472999999999956e+04	0.000000000000000000e+00	0.000000000000000000e+00	8.941923276467177162e-02	0.000000000000000000e+00
-2.996468999999999869e+04	0.000000000000000000e+00	0.000000000000000000e+00	8.606219672231207873e-02	0.000000000000000000e+00
-2.996465999999999985e+04	0.000000000000000000e+00	0.000000000000000000e+00	9.155552842799158375e-02	0.000000000000000000e+00
-2.996461999999999898e+04	0.000000000000000000e+00	0.000000000000000000e+00	9.399700918607135913e-02	0.000000000000000000e+00
-2.996458000000000175e+04	0.000000000000000000e+00	0.000000000000000000e+00	8.789330729087191374e-02	0.000000000000000000e+00
-2.996454999999999927e+04	0.000000000000000000e+00	0.000000000000000000e+00	9.247108371227148738e-02	0.000000000000000000e+00
-2.996452999999999884e+04	0.000000000000000000e+00	0.000000000000000000e+00	9.460737937559129951e-02	0.000000000000000000e+00
-2.996450999999999840e+04	0.000000000000000000e+00	0.000000000000000000e+00	9.552293465987121701e-02	0.000000000000000000e+00
-2.996449000000000160e+04	0.000000000000000000e+00	0.000000000000000000e+00	9.186071352275154700e-02	0.000000000000000000e+00
-2.996445999999999913e+04	0.000000000000000000e+00	0.000000000000000000e+00	9.247108371227148738e-02	0.000000000000000000e+00
-2.996441999999999825e+04	0.000000000000000000e+00	0.000000000000000000e+00	8.667256691183203299e-02	0.000000000000000000e+00
-2.996438999999999942e+04	0.000000000000000000e+00	0.000000000000000000e+00	8.728293710135197336e-02	0.000000000000000000e+00
-2.996436000000000058e+04	0.000000000000000000e+00	0.000000000000000000e+00	8.484145634327219798e-02	0.000000000000000000e+00
-2.996433000000000175e+04	0.000000000000000000e+00	0.000000000000000000e+00	9.308145390179144163e-02	0.000000000000000000e+00
-2.996431000000000131e+04	0.000000000000000000e+00	0.000000000000000000e+00	9.033478804895168912e-02	0.000000000000000000e+00
-2.996429000000000087e+04	0.000000000000000000e+00	0.000000000000000000e+00	8.758812219611193661e-02	0.000000000000000000e+00
-2.996427999999999884e+04	0.000000000000000000e+00	0.000000000000000000e+00	7.782219916379283509e-02	0.000000000000000000e+00
-2.996424000000000160e+04	0.000000000000000000e+00	0.000000000000000000e+00	7.446516312143315608e-02	0.000000000000000000e+00
-2.996420000000000073e+04	0.000000000000000000e+00	0.000000000000000000e+00	7.599108859523301396e-02	0.000000000000000000e+00
-2.996415999999999985e+04	0.000000000000000000e+00	0.000000000000000000e+00	7.812738425855281221e-02	0.000000000000000000e+00
-2.996413000000000102e+04	0.000000000000000000e+00	0.000000000000000000e+00	9.186071352275154700e-02	0.000000000000000000e+00
-2.996411000000000058e+04	0.000000000000000000e+00	0.000000000000000000e+00	9.277626880703146450e-02	0.000000000000000000e+00
-2.996409000000000015e+04	0.000000000000000000e+00	0.000000000000000000e+00	8.758812219611193661e-02	0.000000000000000000e+00
-2.996406000000000131e+04	0.000000000000000000e+00	0.000000000000000000e+00	8.148442030091250510e-02	0.000000000000000000e+00
-2.996404000000000087e+04	0.000000000000000000e+00	0.000000000000000000e+00	7.660145878475295433e-02	0.000000000000000000e+00
-2.996400999999999840e+04	0.000000000000000000e+00	0.000000000000000000e+00	9.277626880703146450e-02	0.000000000000000000e+00
-2.996399000000000160e+04	0.000000000000000000e+00	0.000000000000000000e+00	8.087405011139256472e-02	0.000000000000000000e+00
-2.996395999999999913e+04	0.000000000000000000e+00	0.000000000000000000e+00	8.087405011139256472e-02	0.000000000000000000e+00
-2.996393999999999869e+04	0.000000000000000000e+00	0.000000000000000000e+00	8.789330729087191374e-02	0.000000000000000000e+00
-2.996391999999999825e+04	0.000000000000000000e+00	0.000000000000000000e+00	8.453627124851222085e-02	0.000000000000000000e+00
-2.996390000000000146e+04	0.000000000000000000e+00	0.000000000000000000e+00	8.056886501663258759e-02	0.000000000000000000e+00
-2.996386999999999898e+04	0.000000000000000000e+00	0.000000000000000000e+00	9.155552842799158375e-02	0.000000000000000000e+00
-2.996384000000000015e+04	0.000000000000000000e+00	0.000000000000000000e+00	9.552293465987121701e-02	0.000000000000000000e+00
-2.996381999999999971e+04	0.000000000000000000e+00	0.000000000000000000e+00	8.911404766991180837e-02	0.000000000000000000e+00
-2.996379000000000087e+04	0.000000000000000000e+00	0.000000000000000000e+00	7.415997802667317895e-02	0.000000000000000000e+00
-2.996377000000000044e+04	0.000000000000000000e+00	0.000000000000000000e+00	7.629627368999297721e-02	0.000000000000000000e+00
-2.996374000000000160e+04	0.000000000000000000e+00	0.000000000000000000e+00	7.629627368999297721e-02	0.000000000000000000e+00
-2.996372000000000116e+04	0.000000000000000000e+00	0.000000000000000000e+00	6.805627613147373356e-02	0.000000000000000000e+00
-2.996368999999999869e+04	0.000000000000000000e+00	0.000000000000000000e+00	6.805627613147373356e-02	0.000000000000000000e+00
-2.996366999999999825e+04	0.000000000000000000e+00	0.000000000000000000e+00	7.812738425855281221e-02	0.000000000000000000e+00
-2.996363999999999942e+04	0.000000000000000000e+00	0.000000000000000000e+00	6.866664632099368781e-02	0.000000000000000000e+00
-2.996361000000000058e+04	0.000000000000000000e+00	0.000000000000000000e+00	7.415997802667317895e-02	0.000000000000000000e+00
-2.996359000000000015e+04	0.000000000000000000e+00	0.000000000000000000e+00	7.782219916379283509e-02	0.000000000000000000e+00
-2.996356000000000131e+04	0.000000000000000000e+00	0.000000000000000000e+00	8.148442030091250510e-02	0.000000000000000000e+00
-2.996354000000000087e+04	0.000000000000000000e+00	0.000000000000000000e+00	7.019257179479354569e-02	0.000000000000000000e+00
-2.996350999999999840e+04	0.000000000000000000e+00	0.000000000000000000e+00	8.545182653279213836e-02	0.000000000000000000e+00
-2.996347000000000116e+04	0.000000000000000000e+00	0.000000000000000000e+00	7.629627368999297721e-02	0.000000000000000000e+00
-2.996345000000000073e+04	0.000000000000000000e+00	0.000000000000000000e+00	7.446516312143315608e-02	0.000000000000000000e+00
-2.996343999999999869e+04	0.000000000000000000e+00	0.000000000000000000e+00	7.202368236335338070e-02	0.000000000000000000e+00
-2.996340999999999985e+04	0.000000000000000000e+00	0.000000000000000000e+00	7.110812707907346319e-02	0.000000000000000000e+00
-2.996336999999999898e+04	0.000000000000000000e+00	0.000000000000000000e+00	7.660145878475295433e-02	0.000000000000000000e+00
-2.996334999999999854e+04	0.000000000000000000e+00	0.000000000000000000e+00	7.751701406903287184e-02	0.000000000000000000e+00
-2.996333000000000175e+04	0.000000000000000000e+00	0.000000000000000000e+00	7.415997802667317895e-02	0.000000000000000000e+00
-2.996331000000000131e+04	0.000000000000000000e+00	0.000000000000000000e+00	7.415997802667317895e-02	0.000000000000000000e+00
-2.996327999999999884e+04	0.000000000000000000e+00	0.000000000000000000e+00	7.538071840571305970e-02	0.000000000000000000e+00
-2.996327000000000044e+04	0.000000000000000000e+00	0.000000000000000000e+00	8.239997558519242260e-02	0.000000000000000000e+00
-2.996325000000000000e+04	0.000000000000000000e+00	0.000000000000000000e+00	6.866664632099368781e-02	0.000000000000000000e+00
-2.996324000000000160e+04	0.000000000000000000e+00	0.000000000000000000e+00	6.683553575243385281e-02	0.000000000000000000e+00
-2.996320999999999913e+04	0.000000000000000000e+00	0.000000000000000000e+00	6.805627613147373356e-02	0.000000000000000000e+00
-2.996318000000000029e+04	0.000000000000000000e+00	0.000000000000000000e+00	6.317331461531418280e-02	0.000000000000000000e+00
-2.996315999999999985e+04	0.000000000000000000e+00	0.000000000000000000e+00	6.897183141575365106e-02	0.000000000000000000e+00
-2.996313999999999942e+04	0.000000000000000000e+00	0.000000000000000000e+00	6.683553575243385281e-02	0.000000000000000000e+00
-2.996311999999999898e+04	0.000000000000000000e+00	0.000000000000000000e+00	7.019257179479354569e-02	0.000000000000000000e+00
-2.996309000000000015e+04	0.000000000000000000e+00	0.000000000000000000e+00	6.958220160527360532e-02	0.000000000000000000e+00
-2.996306999999999971e+04	0.000000000000000000e+00	0.000000000000000000e+00	6.958220160527360532e-02	0.000000000000000000e+00
-2.996304000000000087e+04	0.000000000000000000e+00	0.000000000000000000e+00	7.263405255287332107e-02	0.000000000000000000e+00
-2.996302000000000044e+04	0.000000000000000000e+00	0.000000000000000000e+00	7.965330973235267009e-02	0.000000000000000000e+00
-2.996300000000000000e+04	0.000000000000000000e+00	0.000000000000000000e+00	7.171849726859340357e-02	0.000000000000000000e+00
-2.996297000000000116e+04	0.000000000000000000e+00	0.000000000000000000e+00	7.202368236335338070e-02	0.000000000000000000e+00
-2.996295999999999913e+04	0.000000000000000000e+00	0.000000000000000000e+00	7.019257179479354569e-02	0.000000000000000000e+00
-2.996293999999999869e+04	0.000000000000000000e+00	0.000000000000000000e+00	6.469924008911405455e-02	0.000000000000000000e+00
-2.996291999999999825e+04	0.000000000000000000e+00	0.000000000000000000e+00	6.164738914151433186e-02	0.000000000000000000e+00
-2.996290000000000146e+04	0.000000000000000000e+00	0.000000000000000000e+00	5.249183629871517071e-02	0.000000000000000000e+00
-2.996288999999999942e+04	0.000000000000000000e+00	0.000000000000000000e+00	6.744590594195379318e-02	0.000000000000000000e+00
-2.996286000000000058e+04	0.000000000000000000e+00	0.000000000000000000e+00	6.195257423627430204e-02	0.000000000000000000e+00
-2.996284000000000015e+04	0.000000000000000000e+00	0.000000000000000000e+00	6.317331461531418280e-02	0.000000000000000000e+00
-2.996283000000000175e+04	0.000000000000000000e+00	0.000000000000000000e+00	6.256294442579424242e-02	0.000000000000000000e+00
-2.996279999999999927e+04	0.000000000000000000e+00	0.000000000000000000e+00	6.317331461531418280e-02	0.000000000000000000e+00
-2.996275999999999840e+04	0.000000000000000000e+00	0.000000000000000000e+00	6.378368480483413705e-02	0.000000000000000000e+00
-2.996272999999999956e+04	0.000000000000000000e+00	0.000000000000000000e+00	6.439405499435407743e-02	0.000000000000000000e+00
-2.996270999999999913e+04	0.000000000000000000e+00	0.000000000000000000e+00	5.981627857295449685e-02	0.000000000000000000e+00
-2.996270000000000073e+04	0.000000000000000000e+00	0.000000000000000000e+00	6.439405499435407743e-02	0.000000000000000000e+00
-2.996268000000000029e+04	0.000000000000000000e+00	0.000000000000000000e+00	6.347849971007415992e-02	0.000000000000000000e+00
-2.996265000000000146e+04	0.000000000000000000e+00	0.000000000000000000e+00	5.920590838343455647e-02	0.000000000000000000e+00
-2.996263000000000102e+04	0.000000000000000000e+00	0.000000000000000000e+00	6.042664876247444417e-02	0.000000000000000000e+00
-2.996259999999999854e+04	0.000000000000000000e+00	0.000000000000000000e+00	6.897183141575365106e-02	0.000000000000000000e+00
-2.996256999999999971e+04	0.000000000000000000e+00	0.000000000000000000e+00	6.225775933103427223e-02	0.000000000000000000e+00
-2.996254999999999927e+04	0.000000000000000000e+00	0.000000000000000000e+00	7.324442274239326145e-02	0.000000000000000000e+00
-2.996254000000000087e+04	0.000000000000000000e+00	0.000000000000000000e+00	6.225775933103427223e-02	0.000000000000000000e+00
-2.996252000000000044e+04	0.000000000000000000e+00	0.000000000000000000e+00	6.500442518387401780e-02	0.000000000000000000e+00
-2.996250000000000000e+04	0.000000000000000000e+00	0.000000000000000000e+00	7.568590350047303683e-02	0.000000000000000000e+00
-2.996247000000000116e+04	0.000000000000000000e+00	0.000000000000000000e+00	6.897183141575365106e-02	0.000000000000000000e+00
-2.996243999999999869e+04	0.000000000000000000e+00	0.000000000000000000e+00	6.378368480483413705e-02	0.000000000000000000e+00
-2.996241999999999825e+04	0.000000000000000000e+00	0.000000000000000000e+00	6.805627613147373356e-02	0.000000000000000000e+00
-2.996240000000000146e+04	0.000000000000000000e+00	0.000000000000000000e+00	5.645924253059480397e-02	0.000000000000000000e+00
-2.996238999999999942e+04	0.000000000000000000e+00	0.000000000000000000e+00	6.012146366771446704e-02	0.000000000000000000e+00
-2.996236999999999898e+04	0.000000000000000000e+00	0.000000000000000000e+00	5.005035554063539532e-02	0.000000000000000000e+00
-2.996234999999999854e+04	0.000000000000000000e+00	0.000000000000000000e+00	5.188146610919523033e-02	0.000000000000000000e+00
-2.996233000000000175e+04	0.000000000000000000e+00	0.000000000000000000e+00	5.920590838343455647e-02	0.000000000000000000e+00
-2.996231999999999971e+04	0.000000000000000000e+00	0.000000000000000000e+00	5.096591082491531283e-02	0.000000000000000000e+00
-2.996229999999999927e+04	0.000000000000000000e+00	0.000000000000000000e+00	5.157628101443525320e-02	0.000000000000000000e+00
-2.996227000000000044e+04	0.000000000000000000e+00	0.000000000000000000e+00	5.981627857295449685e-02	0.000000000000000000e+00
-2.996224000000000160e+04	0.000000000000000000e+00	0.000000000000000000e+00	5.920590838343455647e-02	0.000000000000000000e+00
-2.996222000000000116e+04	0.000000000000000000e+00	0.000000000000000000e+00	5.706961272011475128e-02	0.000000000000000000e+00
-2.996220000000000073e+04	0.000000000000000000e+00	0.000000000000000000e+00	5.493331705679494609e-02	0.000000000000000000e+00
-2.996218000000000029e+04	0.000000000000000000e+00	0.000000000000000000e+00	5.676442762535478109e-02	0.000000000000000000e+00
-2.996215000000000146e+04	0.000000000000000000e+00	0.000000000000000000e+00	5.737479781487472147e-02	0.000000000000000000e+00
-2.996211999999999898e+04	0.000000000000000000e+00	0.000000000000000000e+00	5.066072573015534264e-02	0.000000000000000000e+00
-2.996208000000000175e+04	0.000000000000000000e+00	0.000000000000000000e+00	6.042664876247444417e-02	0.000000000000000000e+00
-2.996206000000000131e+04	0.000000000000000000e+00	0.000000000000000000e+00	6.591998046815393530e-02	0.000000000000000000e+00
-2.996204000000000087e+04	0.000000000000000000e+00	0.000000000000000000e+00	5.767998290963469166e-02	0.000000000000000000e+00
-2.996202000000000044e+04	0.000000000000000000e+00	0.000000000000000000e+00	7.141331217383342644e-02	0.000000000000000000e+00
-2.996200000000000000e+04	0.000000000000000000e+00	0.000000000000000000e+00	5.798516800439466878e-02	0.000000000000000000e+00
-2.996197000000000116e+04	0.000000000000000000e+00	0.000000000000000000e+00	5.157628101443525320e-02	0.000000000000000000e+00
-2.996195000000000073e+04	0.000000000000000000e+00	0.000000000000000000e+00	6.225775933103427223e-02	0.000000000000000000e+00
-2.996193000000000029e+04	0.000000000000000000e+00	0.000000000000000000e+00	5.981627857295449685e-02	0.000000000000000000e+00
-2.996191999999999825e+04	0.000000000000000000e+00	0.000000000000000000e+00	6.103701895199438454e-02	0.000000000000000000e+00
-2.996188999999999942e+04	0.000000000000000000e+00	0.000000000000000000e+00	4.821924497207556726e-02	0.000000000000000000e+00
-2.996186999999999898e+04	0.000000000000000000e+00	0.000000000000000000e+00	4.699850459303567957e-02	0.000000000000000000e+00
-2.996184999999999854e+04	0.000000000000000000e+00	0.000000000000000000e+00	4.577776421399579188e-02	0.000000000000000000e+00
-2.996183000000000175e+04	0.000000000000000000e+00	0.000000000000000000e+00	5.676442762535478109e-02	0.000000000000000000e+00
-2.996181000000000131e+04	0.000000000000000000e+00	0.000000000000000000e+00	4.974517044587542514e-02	0.000000000000000000e+00
-2.996179999999999927e+04	0.000000000000000000e+00	0.000000000000000000e+00	5.218665120395520052e-02	0.000000000000000000e+00
-2.996177000000000044e+04	0.000000000000000000e+00	0.000000000000000000e+00	5.005035554063539532e-02	0.000000000000000000e+00
-2.996174000000000160e+04	0.000000000000000000e+00	0.000000000000000000e+00	7.721182897427289471e-02	0.000000000000000000e+00
-2.996172000000000116e+04	0.000000000000000000e+00	0.000000000000000000e+00	5.462813196203497590e-02	0.000000000000000000e+00
-2.996168999999999869e+04	0.000000000000000000e+00	0.000000000000000000e+00	5.249183629871517071e-02	0.000000000000000000e+00
-2.996165000000000146e+04	0.000000000000000000e+00	0.000000000000000000e+00	5.249183629871517071e-02	0.000000000000000000e+00
-2.996161999999999898e+04	0.000000000000000000e+00	0.000000000000000000e+00	6.225775933103427223e-02	0.000000000000000000e+00
-2.996159000000000015e+04	0.000000000000000000e+00	0.000000000000000000e+00	6.622516556291391243e-02	0.000000000000000000e+00
-2.996156000000000131e+04	0.000000000000000000e+00	0.000000000000000000e+00	5.554368724631489340e-02	0.000000000000000000e+00
-2.996154000000000087e+04	0.000000000000000000e+00	0.000000000000000000e+00	6.134220404675435473e-02	0.000000000000000000e+00
-2.996152000000000044e+04	0.000000000000000000e+00	0.000000000000000000e+00	6.500442518387401780e-02	0.000000000000000000e+00
-2.996149000000000160e+04	0.000000000000000000e+00	0.000000000000000000e+00	5.157628101443525320e-02	0.000000000000000000e+00
-2.996147999999999956e+04	0.000000000000000000e+00	0.000000000000000000e+00	6.500442518387401780e-02	0.000000000000000000e+00
-2.996145000000000073e+04	0.000000000000000000e+00	0.000000000000000000e+00	5.340739158299508821e-02	0.000000000000000000e+00
-2.996143000000000029e+04	0.000000000000000000e+00	0.000000000000000000e+00	4.821924497207556726e-02	0.000000000000000000e+00
-2.996140999999999985e+04	0.000000000000000000e+00	0.000000000000000000e+00	5.188146610919523033e-02	0.000000000000000000e+00
-2.996138000000000102e+04	0.000000000000000000e+00	0.000000000000000000e+00	4.913480025635547782e-02	0.000000000000000000e+00
-2.996136000000000058e+04	0.000000000000000000e+00	0.000000000000000000e+00	4.943998535111545495e-02	0.000000000000000000e+00
-2.996133000000000175e+04	0.000000000000000000e+00	0.000000000000000000e+00	4.608294930875576206e-02	0.000000000000000000e+00
-2.996131000000000131e+04	0.000000000000000000e+00	0.000000000000000000e+00	4.455702383495590418e-02	0.000000000000000000e+00
-2.996129000000000087e+04	0.000000000000000000e+00	0.000000000000000000e+00	3.814813684499648860e-02	0.000000000000000000e+00
-2.996127000000000044e+04	0.000000000000000000e+00	0.000000000000000000e+00	5.279702139347514089e-02	0.000000000000000000e+00
-2.996124000000000160e+04	0.000000000000000000e+00	0.000000000000000000e+00	4.791405987731559013e-02	0.000000000000000000e+00
-2.996120999999999913e+04	0.000000000000000000e+00	0.000000000000000000e+00	5.005035554063539532e-02	0.000000000000000000e+00
