# Profile: 048
# Date: 2026-08-03 14:03:09
# Center X: -24930.760 um
# Center Z: -29982.790 um
# Scan axis: x2
# Profile axis: z2
# Profile range: 50 um
# Profile speed: 25 um/s
# 
# main_position	sub1_position	sub2_position	signal1	signal2
0.000000000000000000e+00	0.000000000000000000e+00	0.000000000000000000e+00	0.000000000000000000e+00	0.000000000000000000e+00
0.000000000000000000e+00	0.000000000000000000e+00	0.000000000000000000e+00	0.000000000000000000e+00	0.000000000000000000e+00
0.000000000000000000e+00	0.000000000000000000e+00	0.000000000000000000e+00	0.000000000000000000e+00	0.000000000000000000e+00
0.000000000000000000e+00	0.000000000000000000e+00	0.000000000000000000e+00	0.000000000000000000e+00	0.000000000000000000e+00
0.000000000000000000e+00	0.000000000000000000e+00	0.000000000000000000e+00	0.000000000000000000e+00	0.000000000000000000e+00
0.000000000000000000e+00	0.000000000000000000e+00	0.000000000000000000e+00	0.000000000000000000e+00	0.000000000000000000e+00
0.000000000000000000e+00	0.000000000000000000e+00	0.000000000000000000e+00	0.000000000000000000e+00	0.000000000000000000e+00
0.000000000000000000e+00	0.000000000000000000e+00	0.000000000000000000e+00	0.000000000000000000e+00	0.000000000000000000e+00
0.000000000000000000e+00	0.000000000000000000e+00	0.000000000000000000e+00	0.000000000000000000e+00	0.000000000000000000e+00
0.000000000000000000e+00	0.000000000000000000e+00	0.000000000000000000e+00	0.000000000000000000e+00	0.000000000000000000e+00
0.000000000000000000e+00	0.000000000000000000e+00	0.000000000000000000e+00	0.000000000000000000e+00	0.000000000000000000e+00
0.000000000000000000e+00	0.000000000000000000e+00	0.000000000000000000e+00	0.000000000000000000e+00	0.000000000000000000e+00
0.000000000000000000e+00	0.000000000000000000e+00	0.000000000000000000e+00	0.000000000000000000e+00	0.000000000000000000e+00
0.000000000000000000e+00	0.000000000000000000e+00	0.000000000000000000e+00	0.000000000000000000e+00	0.000000000000000000e+00
0.000000000000000000e+00	0.000000000000000000e+00	0.000000000000000000e+00	0.000000000000000000e+00	0.000000000000000000e+00
0.000000000000000000e+00	0.000000000000000000e+00	0.000000000000000000e+00	0.000000000000000000e+00	0.000000000000000000e+00
0.000000000000000000e+00	0.000000000000000000e+00	0.000000000000000000e+00	0.000000000000000000e+00	0.000000000000000000e+00
0.000000000000000000e+00	0.000000000000000000e+00	0.000000000000000000e+00	0.000000000000000000e+00	0.000000000000000000e+00
0.000000000000000000e+00	0.000000000000000000e+00	0.000000000000000000e+00	0.000000000000000000e+00	0.000000000000000000e+00
0.000000000000000000e+00	0.000000000000000000e+00	0.000000000000000000e+00	0.000000000000000000e+00	0.000000000000000000e+00
0.000000000000000000e+00	0.000000000000000000e+00	0.000000000000000000e+00	0.000000000000000000e+00	0.000000000000000000e+00
0.000000000000000000e+00	0.000000000000000000e+00	0.000000000000000000e+00	0.000000000000000000e+00	0.000000000000000000e+00
0.000000000000000000e+00	0.000000000000000000e+00	0.000000000000000000e+00	0.000000000000000000e+00	0.000000000000000000e+00
0.000000000000000000e+00	0.000000000000000000e+00	0.000000000000000000e+00	0.000000000000000000e+00	0.000000000000000000e+00
0.000000000000000000e+00	0.000000000000000000e+00	0.000000000000000000e+00	0.000000000000000000e+00	0.000000000000000000e+00
0.000000000000000000e+00	0.000000000000000000e+00	0.000000000000000000e+00	0.000000000000000000e+00	0.000000000000000000e+00
0.000000000000000000e+00	0.000000000000000000e+00	0.000000000000000000e+00	0.000000000000000000e+00	0.000000000000000000e+00
0.000000000000000000e+00	0.000000000000000000e+00	0.000000000000000000e+00	0.000000000000000000e+00	0.000000000000000000e+00
0.000000000000000000e+00	0.000000000000000000e+00	0.000000000000000000e+00	0.000000000000000000e+00	0.000000000000000000e+00
0.000000000000000000e+00	0.000000000000000000e+00	0.000000000000000000e+00	0.000000000000000000e+00	0.000000000000000000e+00
0.000000000000000000e+00	0.000000000000000000e+00	0.000000000000000000e+00	0.000000000000000000e+00	0.000000000000000000e+00
0.000000000000000000e+00	0.000000000000000000e+00	0.000000000000000000e+00	0.000000000000000000e+00	0.000000000000000000e+00
0.000000000000000000e+00	0.000000000000000000e+00	0.000000000000000000e+00	0.000000000000000000e+00	0.000000000000000000e+00
0.000000000000000000e+00	0.000000000000000000e+00	0.000000000000000000e+00	0.000000000000000000e+00	0.000000000000000000e+00
0.000000000000000000e+00	0.000000000000000000e+00	0.000000000000000000e+00	0.000000000000000000e+00	0.000000000000000000e+00
0.000000000000000000e+00	0.000000000000000000e+00	0.000000000000000000e+00	0.000000000000000000e+00	0.000000000000000000e+00
0.000000000000000000e+00	0.000000000000000000e+00	0.000000000000000000e+00	0.000000000000000000e+00	0.000000000000000000e+00
0.000000000000000000e+00	0.000000000000000000e+00	0.000000000000000000e+00	0.000000000000000000e+00	0.000000000000000000e+00
0.000000000000000000e+00	0.000000000000000000e+00	0.000000000000000000e+00	0.000000000000000000e+00	0.000000000000000000e+00
0.000000000000000000e+00	0.000000000000000000e+00	0.000000000000000000e+00	0.000000000000000000e+00	0.000000000000000000e+00
0.000000000000000000e+00	0.000000000000000000e+00	0.000000000000000000e+00	0.000000000000000000e+00	0.000000000000000000e+00
0.000000000000000000e+00	0.000000000000000000e+00	0.000000000000000000e+00	0.000000000000000000e+00	0.000000000000000000e+00
0.000000000000000000e+00	0.000000000000000000e+00	0.000000000000000000e+00	0.000000000000000000e+00	0.000000000000000000e+00
0.000000000000000000e+00	0.000000000000000000e+00	0.000000000000000000e+00	0.000000000000000000e+00	0.000000000000000000e+00
0.000000000000000000e+00	0.000000000000000000e+00	0.000000000000000000e+00	0.000000000000000000e+00	0.000000000000000000e+00
0.000000000000000000e+00	0.000000000000000000e+00	0.000000000000000000e+00	0.000000000000000000e+00	0.000000000000000000e+00
0.000000000000000000e+00	0.000000000000000000e+00	0.000000000000000000e+00	0.000000000000000000e+00	0.000000000000000000e+00
0.000000000000000000e+00	0.000000000000000000e+00	0.000000000000000000e+00	0.000000000000000000e+00	0.000000000000000000e+00
0.000000000000000000e+00	0.000000000000000000e+00	0.000000000000000000e+00	0.000000000000000000e+00	0.000000000000000000e+00
0.000000000000000000e+00	0.000000000000000000e+00	0.000000000000000000e+00	0.000000000000000000e+00	0.000000000000000000e+00
0.000000000000000000e+00	0.000000000000000000e+00	0.000000000000000000e+00	0.000000000000000000e+00	0.000000000000000000e+00
0.000000000000000000e+00	0.000000000000000000e+00	0.000000000000000000e+00	0.000000000000000000e+00	0.000000000000000000e+00
0.000000000000000000e+00	0.000000000000000000e+00	0.000000000000000000e+00	0.000000000000000000e+00	0.000000000000000000e+00
0.000000000000000000e+00	0.000000000000000000e+00	0.000000000000000000e+00	0.000000000000000000e+00	0.000000000000000000e+00
0.000000000000000000e+00	0.000000000000000000e+00	0.000000000000000000e+00	0.000000000000000000e+00	0.000000000000000000e+00
0.000000000000000000e+00	0.000000000000000000e+00	0.000000000000000000e+00	0.000000000000000000e+00	0.000000000000000000e+00
0.000000000000000000e+00	0.000000000000000000e+00	0.000000000000000000e+00	0.000000000000000000e+00	0.000000000000000000e+00
0.000000000000000000e+00	0.000000000000000000e+00	0.000000000000000000e+00	0.000000000000000000e+00	0.000000000000000000e+00
0.000000000000000000e+00	0.000000000000000000e+00	0.000000000000000000e+00	0.000000000000000000e+00	0.000000000000000000e+00
0.000000000000000000e+00	0.000000000000000000e+00	0.000000000000000000e+00	0.000000000000000000e+00	0.000000000000000000e+00
0.000000000000000000e+00	0.000000000000000000e+00	0.000000000000000000e+00	0.000000000000000000e+00	0.000000000000000000e+00
0.000000000000000000e+00	0.000000000000000000e+00	0.000000000000000000e+00	0.000000000000000000e+00	0.000000000000000000e+00
0.000000000000000000e+00	0.000000000000000000e+00	0.000000000000000000e+00	0.000000000000000000e+00	0.000000000000000000e+00
0.000000000000000000e+00	0.000000000000000000e+00	0.000000000000000000e+00	0.000000000000000000e+00	0.000000000000000000e+00
0.000000000000000000e+00	0.000000000000000000e+00	0.000000000000000000e+00	0.000000000000000000e+00	0.000000000000000000e+00
0.000000000000000000e+00	0.000000000000000000e+00	0.000000000000000000e+00	0.000000000000000000e+00	0.000000000000000000e+00
0.000000000000000000e+00	0.000000000000000000e+00	0.000000000000000000e+00	0.000000000000000000e+00	0.000000000000000000e+00
0.000000000000000000e+00	0.000000000000000000e+00	0.000000000000000000e+00	0.000000000000000000e+00	0.000000000000000000e+00
0.000000000000000000e+00	0.000000000000000000e+00	0.000000000000000000e+00	0.000000000000000000e+00	0.000000000000000000e+00
0.000000000000000000e+00	0.000000000000000000e+00	0.000000000000000000e+00	0.000000000000000000e+00	0.000000000000000000e+00
0.000000000000000000e+00	0.000000000000000000e+00	0.000000000000000000e+00	0.000000000000000000e+00	0.000000000000000000e+00
0.000000000000000000e+00	0.000000000000000000e+00	0.000000000000000000e+00	0.000000000000000000e+00	0.000000000000000000e+00
0.000000000000000000e+00	0.000000000000000000e+00	0.000000000000000000e+00	0.000000000000000000e+00	0.000000000000000000e+00
0.000000000000000000e+00	0.000000000000000000e+00	0.000000000000000000e+00	0.000000000000000000e+00	0.000000000000000000e+00
0.000000000000000000e+00	0.000000000000000000e+00	0.000000000000000000e+00	0.000000000000000000e+00	0.000000000000000000e+00
0.000000000000000000e+00	0.000000000000000000e+00	0.000000000000000000e+00	0.000000000000000000e+00	0.000000000000000000e+00
0.000000000000000000e+00	0.000000000000000000e+00	0.000000000000000000e+00	0.000000000000000000e+00	0.000000000000000000e+00
0.000000000000000000e+00	0.000000000000000000e+00	0.000000000000000000e+00	0.000000000000000000e+00	0.000000000000000000e+00
0.000000000000000000e+00	0.000000000000000000e+00	0.000000000000000000e+00	0.000000000000000000e+00	0.000000000000000000e+00
0.000000000000000000e+00	0.000000000000000000e+00	0.000000000000000000e+00	0.000000000000000000e+00	0.000000000000000000e+00
0.000000000000000000e+00	0.000000000000000000e+00	0.000000000000000000e+00	0.000000000000000000e+00	0.000000000000000000e+00
0.000000000000000000e+00	0.000000000000000000e+00	0.000000000000000000e+00	0.000000000000000000e+00	0.000000000000000000e+00
0.000000000000000000e+00	0.000000000000000000e+00	0.000000000000000000e+00	0.000000000000000000e+00	0.000000000000000000e+00
0.000000000000000000e+00	0.000000000000000000e+00	0.000000000000000000e+00	0.000000000000000000e+00	0.000000000000000000e+00
0.000000000000000000e+00	0.000000000000000000e+00	0.000000000000000000e+00	0.000000000000000000e+00	0.000000000000000000e+00
0.000000000000000000e+00	0.000000000000000000e+00	0.000000000000000000e+00	0.000000000000000000e+00	0.000000000000000000e+00
0.000000000000000000e+00	0.000000000000000000e+00	0.000000000000000000e+00	0.000000000000000000e+00	0.000000000000000000e+00
0.000000000000000000e+00	0.000000000000000000e+00	0.000000000000000000e+00	0.000000000000000000e+00	0.000000000000000000e+00
0.000000000000000000e+00	0.000000000000000000e+00	0.000000000000000000e+00	0.000000000000000000e+00	0.000000000000000000e+00
0.000000000000000000e+00	0.000000000000000000e+00	0.000000000000000000e+00	0.000000000000000000e+00	0.000000000000000000e+00
0.000000000000000000e+00	0.000000000000000000e+00	0.000000000000000000e+00	0.000000000000000000e+00	0.000000000000000000e+00
0.000000000000000000e+00	0.000000000000000000e+00	0.000000000000000000e+00	0.000000000000000000e+00	0.000000000000000000e+00
0.000000000000000000e+00	0.000000000000000000e+00	0.000000000000000000e+00	0.000000000000000000e+00	0.000000000000000000e+00
0.000000000000000000e+00	0.000000000000000000e+00	0.000000000000000000e+00	0.000000000000000000e+00	0.000000000000000000e+00
0.000000000000000000e+00	0.000000000000000000e+00	0.000000000000000000e+00	0.000000000000000000e+00	0.000000000000000000e+00
0.000000000000000000e+00	0.000000000000000000e+00	0.000000000000000000e+00	0.000000000000000000e+00	0.000000000000000000e+00
0.000000000000000000e+00	0.000000000000000000e+00	0.000000000000000000e+00	0.000000000000000000e+00	0.000000000000000000e+00
0.000000000000000000e+00	0.000000000000000000e+00	0.000000000000000000e+00	0.000000000000000000e+00	0.000000000000000000e+00
0.000000000000000000e+00	0.000000000000000000e+00	0.000000000000000000e+00	0.000000000000000000e+00	0.000000000000000000e+00
0.000000000000000000e+00	0.000000000000000000e+00	0.000000000000000000e+00	0.000000000000000000e+00	0.000000000000000000e+00
0.000000000000000000e+00	0.000000000000000000e+00	0.000000000000000000e+00	0.000000000000000000e+00	0.000000000000000000e+00
0.000000000000000000e+00	0.000000000000000000e+00	0.000000000000000000e+00	0.000000000000000000e+00	0.000000000000000000e+00
0.000000000000000000e+00	0.000000000000000000e+00	0.000000000000000000e+00	0.000000000000000000e+00	0.000000000000000000e+00
0.000000000000000000e+00	0.000000000000000000e+00	0.000000000000000000e+00	0.000000000000000000e+00	0.000000000000000000e+00
0.000000000000000000e+00	0.000000000000000000e+00	0.000000000000000000e+00	0.000000000000000000e+00	0.000000000000000000e+00
0.000000000000000000e+00	0.000000000000000000e+00	0.000000000000000000e+00	0.000000000000000000e+00	0.000000000000000000e+00
0.000000000000000000e+00	0.000000000000000000e+00	0.000000000000000000e+00	0.000000000000000000e+00	0.000000000000000000e+00
0.000000000000000000e+00	0.000000000000000000e+00	0.000000000000000000e+00	0.000000000000000000e+00	0.000000000000000000e+00
0.000000000000000000e+00	0.000000000000000000e+00	0.000000000000000000e+00	0.000000000000000000e+00	0.000000000000000000e+00
0.000000000000000000e+00	0.000000000000000000e+00	0.000000000000000000e+00	0.000000000000000000e+00	0.000000000000000000e+00
0.000000000000000000e+00	0.000000000000000000e+00	0.000000000000000000e+00	0.000000000000000000e+00	0.000000000000000000e+00
0.000000000000000000e+00	0.000000000000000000e+00	0.000000000000000000e+00	0.000000000000000000e+00	0.000000000000000000e+00
0.000000000000000000e+00	0.000000000000000000e+00	0.000000000000000000e+00	0.000000000000000000e+00	0.000000000000000000e+00
0.000000000000000000e+00	0.000000000000000000e+00	0.000000000000000000e+00	0.000000000000000000e+00	0.000000000000000000e+00
0.000000000000000000e+00	0.000000000000000000e+00	0.000000000000000000e+00	0.000000000000000000e+00	0.000000000000000000e+00
0.000000000000000000e+00	0.000000000000000000e+00	0.000000000000000000e+00	0.000000000000000000e+00	0.000000000000000000e+00
0.000000000000000000e+00	0.000000000000000000e+00	0.000000000000000000e+00	0.000000000000000000e+00	0.000000000000000000e+00
0.000000000000000000e+00	0.000000000000000000e+00	0.000000000000000000e+00	0.000000000000000000e+00	0.000000000000000000e+00
0.000000000000000000e+00	0.000000000000000000e+00	0.000000000000000000e+00	0.000000000000000000e+00	0.000000000000000000e+00
0.000000000000000000e+00	0.000000000000000000e+00	0.000000000000000000e+00	0.000000000000000000e+00	0.000000000000000000e+00
0.000000000000000000e+00	0.000000000000000000e+00	0.000000000000000000e+00	0.000000000000000000e+00	0.000000000000000000e+00
0.000000000000000000e+00	0.000000000000000000e+00	0.000000000000000000e+00	0.000000000000000000e+00	0.000000000000000000e+00
0.000000000000000000e+00	0.000000000000000000e+00	0.000000000000000000e+00	0.000000000000000000e+00	0.000000000000000000e+00
0.000000000000000000e+00	0.000000000000000000e+00	0.000000000000000000e+00	0.000000000000000000e+00	0.000000000000000000e+00
0.000000000000000000e+00	0.000000000000000000e+00	0.000000000000000000e+00	0.000000000000000000e+00	0.000000000000000000e+00
0.000000000000000000e+00	0.000000000000000000e+00	0.000000000000000000e+00	0.000000000000000000e+00	0.000000000000000000e+00
0.000000000000000000e+00	0.000000000000000000e+00	0.000000000000000000e+00	0.000000000000000000e+00	0.000000000000000000e+00
0.000000000000000000e+00	0.000000000000000000e+00	0.000000000000000000e+00	0.000000000000000000e+00	0.000000000000000000e+00
0.000000000000000000e+00	0.000000000000000000e+00	0.000000000000000000e+00	0.000000000000000000e+00	0.000000000000000000e+00
0.000000000000000000e+00	0.000000000000000000e+00	0.000000000000000000e+00	0.000000000000000000e+00	0.000000000000000000e+00
0.000000000000000000e+00	0.000000000000000000e+00	0.000000000000000000e+00	0.000000000000000000e+00	0.000000000000000000e+00
0.000000000000000000e+00	0.000000000000000000e+00	0.000000000000000000e+00	0.000000000000000000e+00	0.000000000000000000e+00
0.000000000000000000e+00	0.000000000000000000e+00	0.000000000000000000e+00	0.000000000000000000e+00	0.000000000000000000e+00
0.000000000000000000e+00	0.000000000000000000e+00	0.000000000000000000e+00	0.000000000000000000e+00	0.000000000000000000e+00
0.000000000000000000e+00	0.000000000000000000e+00	0.000000000000000000e+00	0.000000000000000000e+00	0.000000000000000000e+00
0.000000000000000000e+00	0.000000000000000000e+00	0.000000000000000000e+00	0.000000000000000000e+00	0.000000000000000000e+00
0.000000000000000000e+00	0.000000000000000000e+00	0.000000000000000000e+00	0.000000000000000000e+00	0.000000000000000000e+00
0.000000000000000000e+00	0.000000000000000000e+00	0.000000000000000000e+00	0.000000000000000000e+00	0.000000000000000000e+00
0.000000000000000000e+00	0.000000000000000000e+00	0.000000000000000000e+00	0.000000000000000000e+00	0.000000000000000000e+00
0.000000000000000000e+00	0.000000000000000000e+00	0.000000000000000000e+00	0.000000000000000000e+00	0.000000000000000000e+00
0.000000000000000000e+00	0.000000000000000000e+00	0.000000000000000000e+00	0.000000000000000000e+00	0.000000000000000000e+00
0.000000000000000000e+00	0.000000000000000000e+00	0.000000000000000000e+00	0.000000000000000000e+00	0.000000000000000000e+00
0.000000000000000000e+00	0.000000000000000000e+00	0.000000000000000000e+00	0.000000000000000000e+00	0.000000000000000000e+00
0.000000000000000000e+00	0.000000000000000000e+00	0.000000000000000000e+00	0.000000000000000000e+00	0.000000000000000000e+00
0.000000000000000000e+00	0.000000000000000000e+00	0.000000000000000000e+00	0.000000000000000000e+00	0.000000000000000000e+00
0.000000000000000000e+00	0.000000000000000000e+00	0.000000000000000000e+00	0.000000000000000000e+00	0.000000000000000000e+00
0.000000000000000000e+00	0.000000000000000000e+00	0.000000000000000000e+00	0.000000000000000000e+00	0.000000000000000000e+00
0.000000000000000000e+00	0.000000000000000000e+00	0.000000000000000000e+00	0.000000000000000000e+00	0.000000000000000000e+00
0.000000000000000000e+00	0.000000000000000000e+00	0.000000000000000000e+00	0.000000000000000000e+00	0.000000000000000000e+00
0.000000000000000000e+00	0.000000000000000000e+00	0.000000000000000000e+00	0.000000000000000000e+00	0.000000000000000000e+00
0.000000000000000000e+00	0.000000000000000000e+00	0.000000000000000000e+00	0.000000000000000000e+00	0.000000000000000000e+00
0.000000000000000000e+00	0.000000000000000000e+00	0.000000000000000000e+00	0.000000000000000000e+00	0.000000000000000000e+00
0.000000000000000000e+00	0.000000000000000000e+00	0.000000000000000000e+00	0.000000000000000000e+00	0.000000000000000000e+00
0.000000000000000000e+00	0.000000000000000000e+00	0.000000000000000000e+00	0.000000000000000000e+00	0.000000000000000000e+00
0.000000000000000000e+00	0.000000000000000000e+00	0.000000000000000000e+00	0.000000000000000000e+00	0.000000000000000000e+00
0.000000000000000000e+00	0.000000000000000000e+00	0.000000000000000000e+00	0.000000000000000000e+00	0.000000000000000000e+00
0.000000000000000000e+00	0.000000000000000000e+00	0.000000000000000000e+00	0.000000000000000000e+00	0.000000000000000000e+00
0.000000000000000000e+00	0.000000000000000000e+00	0.000000000000000000e+00	0.000000000000000000e+00	0.000000000000000000e+00
0.000000000000000000e+00	0.000000000000000000e+00	0.000000000000000000e+00	0.000000000000000000e+00	0.000000000000000000e+00
0.000000000000000000e+00	0.000000000000000000e+00	0.000000000000000000e+00	0.000000000000000000e+00	0.000000000000000000e+00
0.000000000000000000e+00	0.000000000000000000e+00	0.000000000000000000e+00	0.000000000000000000e+00	0.000000000000000000e+00
0.000000000000000000e+00	0.000000000000000000e+00	0.000000000000000000e+00	0.000000000000000000e+00	0.000000000000000000e+00
0.000000000000000000e+00	0.000000000000000000e+00	0.000000000000000000e+00	0.000000000000000000e+00	0.000000000000000000e+00
0.000000000000000000e+00	0.000000000000000000e+00	0.000000000000000000e+00	0.000000000000000000e+00	0.000000000000000000e+00
0.000000000000000000e+00	0.000000000000000000e+00	0.000000000000000000e+00	0.000000000000000000e+00	0.000000000000000000e+00
0.000000000000000000e+00	0.000000000000000000e+00	0.000000000000000000e+00	0.000000000000000000e+00	0.000000000000000000e+00
0.000000000000000000e+00	0.000000000000000000e+00	0.000000000000000000e+00	0.000000000000000000e+00	0.000000000000000000e+00
0.000000000000000000e+00	0.000000000000000000e+00	0.000000000000000000e+00	0.000000000000000000e+00	0.000000000000000000e+00
0.000000000000000000e+00	0.000000000000000000e+00	0.000000000000000000e+00	0.000000000000000000e+00	0.000000000000000000e+00
0.000000000000000000e+00	0.000000000000000000e+00	0.000000000000000000e+00	0.000000000000000000e+00	0.000000000000000000e+00
0.000000000000000000e+00	0.000000000000000000e+00	0.000000000000000000e+00	0.000000000000000000e+00	0.000000000000000000e+00
0.000000000000000000e+00	0.000000000000000000e+00	0.000000000000000000e+00	0.000000000000000000e+00	0.000000000000000000e+00
0.000000000000000000e+00	0.000000000000000000e+00	0.000000000000000000e+00	0.000000000000000000e+00	0.000000000000000000e+00
0.000000000000000000e+00	0.000000000000000000e+00	0.000000000000000000e+00	0.000000000000000000e+00	0.000000000000000000e+00
0.000000000000000000e+00	0.000000000000000000e+00	0.000000000000000000e+00	0.000000000000000000e+00	0.000000000000000000e+00
0.000000000000000000e+00	0.000000000000000000e+00	0.000000000000000000e+00	0.000000000000000000e+00	0.000000000000000000e+00
0.000000000000000000e+00	0.000000000000000000e+00	0.000000000000000000e+00	0.000000000000000000e+00	0.000000000000000000e+00
0.000000000000000000e+00	0.000000000000000000e+00	0.000000000000000000e+00	0.000000000000000000e+00	0.000000000000000000e+00
0.000000000000000000e+00	0.000000000000000000e+00	0.000000000000000000e+00	0.000000000000000000e+00	0.000000000000000000e+00
0.000000000000000000e+00	0.000000000000000000e+00	0.000000000000000000e+00	0.000000000000000000e+00	0.000000000000000000e+00
0.000000000000000000e+00	0.000000000000000000e+00	0.000000000000000000e+00	0.000000000000000000e+00	0.000000000000000000e+00
0.000000000000000000e+00	0.000000000000000000e+00	0.000000000000000000e+00	0.000000000000000000e+00	0.000000000000000000e+00
0.000000000000000000e+00	0.000000000000000000e+00	0.000000000000000000e+00	0.000000000000000000e+00	0.000000000000000000e+00
0.000000000000000000e+00	0.000000000000000000e+00	0.000000000000000000e+00	0.000000000000000000e+00	0.000000000000000000e+00
0.000000000000000000e+00	0.000000000000000000e+00	0.000000000000000000e+00	0.000000000000000000e+00	0.000000000000000000e+00
0.000000000000000000e+00	0.000000000000000000e+00	0.000000000000000000e+00	0.000000000000000000e+00	0.000000000000000000e+00
0.000000000000000000e+00	0.000000000000000000e+00	0.000000000000000000e+00	0.000000000000000000e+00	0.000000000000000000e+00
0.000000000000000000e+00	0.000000000000000000e+00	0.000000000000000000e+00	0.000000000000000000e+00	0.000000000000000000e+00
0.000000000000000000e+00	0.000000000000000000e+00	0.000000000000000000e+00	0.000000000000000000e+00	0.000000000000000000e+00
0.000000000000000000e+00	0.000000000000000000e+00	0.000000000000000000e+00	0.000000000000000000e+00	0.000000000000000000e+00
0.000000000000000000e+00	0.000000000000000000e+00	0.000000000000000000e+00	0.000000000000000000e+00	0.000000000000000000e+00
0.000000000000000000e+00	0.000000000000000000e+00	0.000000000000000000e+00	0.000000000000000000e+00	0.000000000000000000e+00
0.000000000000000000e+00	0.000000000000000000e+00	0.000000000000000000e+00	0.000000000000000000e+00	0.000000000000000000e+00
0.000000000000000000e+00	0.000000000000000000e+00	0.000000000000000000e+00	0.000000000000000000e+00	0.000000000000000000e+00
0.000000000000000000e+00	0.000000000000000000e+00	0.000000000000000000e+00	0.000000000000000000e+00	0.000000000000000000e+00
0.000000000000000000e+00	0.000000000000000000e+00	0.000000000000000000e+00	0.000000000000000000e+00	0.000000000000000000e+00
0.000000000000000000e+00	0.000000000000000000e+00	0.000000000000000000e+00	0.000000000000000000e+00	0.000000000000000000e+00
0.000000000000000000e+00	0.000000000000000000e+00	0.000000000000000000e+00	0.000000000000000000e+00	0.000000000000000000e+00
0.000000000000000000e+00	0.000000000000000000e+00	0.000000000000000000e+00	0.000000000000000000e+00	0.000000000000000000e+00
0.000000000000000000e+00	0.000000000000000000e+00	0.000000000000000000e+00	0.000000000000000000e+00	0.000000000000000000e+00
0.000000000000000000e+00	0.000000000000000000e+00	0.000000000000000000e+00	0.000000000000000000e+00	0.000000000000000000e+00
0.000000000000000000e+00	0.000000000000000000e+00	0.000000000000000000e+00	0.000000000000000000e+00	0.000000000000000000e+00
0.000000000000000000e+00	0.000000000000000000e+00	0.000000000000000000e+00	0.000000000000000000e+00	0.000000000000000000e+00
0.000000000000000000e+00	0.000000000000000000e+00	0.000000000000000000e+00	0.000000000000000000e+00	0.000000000000000000e+00
0.000000000000000000e+00	0.000000000000000000e+00	0.000000000000000000e+00	0.000000000000000000e+00	0.000000000000000000e+00
0.000000000000000000e+00	0.000000000000000000e+00	0.000000000000000000e+00	0.000000000000000000e+00	0.000000000000000000e+00
0.000000000000000000e+00	0.000000000000000000e+00	0.000000000000000000e+00	0.000000000000000000e+00	0.000000000000000000e+00
0.000000000000000000e+00	0.000000000000000000e+00	0.000000000000000000e+00	0.000000000000000000e+00	0.000000000000000000e+00
0.000000000000000000e+00	0.000000000000000000e+00	0.000000000000000000e+00	0.000000000000000000e+00	0.000000000000000000e+00
0.000000000000000000e+00	0.000000000000000000e+00	0.000000000000000000e+00	0.000000000000000000e+00	0.000000000000000000e+00
0.000000000000000000e+00	0.000000000000000000e+00	0.000000000000000000e+00	0.000000000000000000e+00	0.000000000000000000e+00
0.000000000000000000e+00	0.000000000000000000e+00	0.000000000000000000e+00	0.000000000000000000e+00	0.000000000000000000e+00
0.000000000000000000e+00	0.000000000000000000e+00	0.000000000000000000e+00	0.000000000000000000e+00	0.000000000000000000e+00
0.000000000000000000e+00	0.000000000000000000e+00	0.000000000000000000e+00	0.000000000000000000e+00	0.000000000000000000e+00
0.000000000000000000e+00	0.000000000000000000e+00	0.000000000000000000e+00	0.000000000000000000e+00	0.000000000000000000e+00
0.000000000000000000e+00	0.000000000000000000e+00	0.000000000000000000e+00	0.000000000000000000e+00	0.000000000000000000e+00
0.000000000000000000e+00	0.000000000000000000e+00	0.000000000000000000e+00	0.000000000000000000e+00	0.000000000000000000e+00
0.000000000000000000e+00	0.000000000000000000e+00	0.000000000000000000e+00	0.000000000000000000e+00	0.000000000000000000e+00
0.000000000000000000e+00	0.000000000000000000e+00	0.000000000000000000e+00	0.000000000000000000e+00	0.000000000000000000e+00
0.000000000000000000e+00	0.000000000000000000e+00	0.000000000000000000e+00	0.000000000000000000e+00	0.000000000000000000e+00
0.000000000000000000e+00	0.000000000000000000e+00	0.000000000000000000e+00	0.000000000000000000e+00	0.000000000000000000e+00
0.000000000000000000e+00	0.000000000000000000e+00	0.000000000000000000e+00	0.000000000000000000e+00	0.000000000000000000e+00
0.000000000000000000e+00	0.000000000000000000e+00	0.000000000000000000e+00	0.000000000000000000e+00	0.000000000000000000e+00
0.000000000000000000e+00	0.000000000000000000e+00	0.000000000000000000e+00	0.000000000000000000e+00	0.000000000000000000e+00
0.000000000000000000e+00	0.000000000000000000e+00	0.000000000000000000e+00	0.000000000000000000e+00	0.000000000000000000e+00
0.000000000000000000e+00	0.000000000000000000e+00	0.000000000000000000e+00	0.000000000000000000e+00	0.000000000000000000e+00
0.000000000000000000e+00	0.000000000000000000e+00	0.000000000000000000e+00	0.000000000000000000e+00	0.000000000000000000e+00
0.000000000000000000e+00	0.000000000000000000e+00	0.000000000000000000e+00	0.000000000000000000e+00	0.000000000000000000e+00
0.000000000000000000e+00	0.000000000000000000e+00	0.000000000000000000e+00	0.000000000000000000e+00	0.000000000000000000e+00
0.000000000000000000e+00	0.000000000000000000e+00	0.000000000000000000e+00	0.000000000000000000e+00	0.000000000000000000e+00
0.000000000000000000e+00	0.000000000000000000e+00	0.000000000000000000e+00	0.000000000000000000e+00	0.000000000000000000e+00
0.000000000000000000e+00	0.000000000000000000e+00	0.000000000000000000e+00	0.000000000000000000e+00	0.000000000000000000e+00
0.000000000000000000e+00	0.000000000000000000e+00	0.000000000000000000e+00	0.000000000000000000e+00	0.000000000000000000e+00
0.000000000000000000e+00	0.000000000000000000e+00	0.000000000000000000e+00	0.000000000000000000e+00	0.000000000000000000e+00
0.000000000000000000e+00	0.000000000000000000e+00	0.000000000000000000e+00	0.000000000000000000e+00	0.000000000000000000e+00
0.000000000000000000e+00	0.000000000000000000e+00	0.000000000000000000e+00	0.000000000000000000e+00	0.000000000000000000e+00
0.000000000000000000e+00	0.000000000000000000e+00	0.000000000000000000e+00	0.000000000000000000e+00	0.000000000000000000e+00
0.000000000000000000e+00	0.000000000000000000e+00	0.000000000000000000e+00	0.000000000000000000e+00	0.000000000000000000e+00
0.000000000000000000e+00	0.000000000000000000e+00	0.000000000000000000e+00	0.000000000000000000e+00	0.000000000000000000e+00
0.000000000000000000e+00	0.000000000000000000e+00	0.000000000000000000e+00	0.000000000000000000e+00	0.000000000000000000e+00
0.000000000000000000e+00	0.000000000000000000e+00	0.000000000000000000e+00	0.000000000000000000e+00	0.000000000000000000e+00
0.000000000000000000e+00	0.000000000000000000e+00	0.000000000000000000e+00	0.000000000000000000e+00	0.000000000000000000e+00
0.000000000000000000e+00	0.000000000000000000e+00	0.000000000000000000e+00	0.000000000000000000e+00	0.000000000000000000e+00
0.000000000000000000e+00	0.000000000000000000e+00	0.000000000000000000e+00	0.000000000000000000e+00	0.000000000000000000e+00
0.000000000000000000e+00	0.000000000000000000e+00	0.000000000000000000e+00	0.000000000000000000e+00	0.000000000000000000e+00
0.000000000000000000e+00	0.000000000000000000e+00	0.000000000000000000e+00	0.000000000000000000e+00	0.000000000000000000e+00
0.000000000000000000e+00	0.000000000000000000e+00	0.000000000000000000e+00	0.000000000000000000e+00	0.000000000000000000e+00
0.000000000000000000e+00	0.000000000000000000e+00	0.000000000000000000e+00	0.000000000000000000e+00	0.000000000000000000e+00
0.000000000000000000e+00	0.000000000000000000e+00	0.000000000000000000e+00	0.000000000000000000e+00	0.000000000000000000e+00
0.000000000000000000e+00	0.000000000000000000e+00	0.000000000000000000e+00	0.000000000000000000e+00	0.000000000000000000e+00
0.000000000000000000e+00	0.000000000000000000e+00	0.000000000000000000e+00	0.000000000000000000e+00	0.000000000000000000e+00
0.000000000000000000e+00	0.000000000000000000e+00	0.000000000000000000e+00	0.000000000000000000e+00	0.000000000000000000e+00
0.000000000000000000e+00	0.000000000000000000e+00	0.000000000000000000e+00	0.000000000000000000e+00	0.000000000000000000e+00
0.000000000000000000e+00	0.000000000000000000e+00	0.000000000000000000e+00	0.000000000000000000e+00	0.000000000000000000e+00
0.000000000000000000e+00	0.000000000000000000e+00	0.000000000000000000e+00	0.000000000000000000e+00	0.000000000000000000e+00
0.000000000000000000e+00	0.000000000000000000e+00	0.000000000000000000e+00	0.000000000000000000e+00	0.000000000000000000e+00
0.000000000000000000e+00	0.000000000000000000e+00	0.000000000000000000e+00	0.000000000000000000e+00	0.000000000000000000e+00
0.000000000000000000e+00	0.000000000000000000e+00	0.000000000000000000e+00	0.000000000000000000e+00	0.000000000000000000e+00
0.000000000000000000e+00	0.000000000000000000e+00	0.000000000000000000e+00	0.000000000000000000e+00	0.000000000000000000e+00
0.000000000000000000e+00	0.000000000000000000e+00	0.000000000000000000e+00	0.000000000000000000e+00	0.000000000000000000e+00
0.000000000000000000e+00	0.000000000000000000e+00	0.000000000000000000e+00	0.000000000000000000e+00	0.000000000000000000e+00
0.000000000000000000e+00	0.000000000000000000e+00	0.000000000000000000e+00	0.000000000000000000e+00	0.000000000000000000e+00
0.000000000000000000e+00	0.000000000000000000e+00	0.000000000000000000e+00	0.000000000000000000e+00	0.000000000000000000e+00
0.000000000000000000e+00	0.000000000000000000e+00	0.000000000000000000e+00	0.000000000000000000e+00	0.000000000000000000e+00
0.000000000000000000e+00	0.000000000000000000e+00	0.000000000000000000e+00	0.000000000000000000e+00	0.000000000000000000e+00
0.000000000000000000e+00	0.000000000000000000e+00	0.000000000000000000e+00	0.000000000000000000e+00	0.000000000000000000e+00
0.000000000000000000e+00	0.000000000000000000e+00	0.000000000000000000e+00	0.000000000000000000e+00	0.000000000000000000e+00
0.000000000000000000e+00	0.000000000000000000e+00	0.000000000000000000e+00	0.000000000000000000e+00	0.000000000000000000e+00
0.000000000000000000e+00	0.000000000000000000e+00	0.000000000000000000e+00	0.000000000000000000e+00	0.000000000000000000e+00
0.000000000000000000e+00	0.000000000000000000e+00	0.000000000000000000e+00	0.000000000000000000e+00	0.000000000000000000e+00
0.000000000000000000e+00	0.000000000000000000e+00	0.000000000000000000e+00	0.000000000000000000e+00	0.000000000000000000e+00
0.000000000000000000e+00	0.000000000000000000e+00	0.000000000000000000e+00	0.000000000000000000e+00	0.000000000000000000e+00
0.000000000000000000e+00	0.000000000000000000e+00	0.000000000000000000e+00	0.000000000000000000e+00	0.000000000000000000e+00
0.000000000000000000e+00	0.000000000000000000e+00	0.000000000000000000e+00	0.000000000000000000e+00	0.000000000000000000e+00
0.000000000000000000e+00	0.000000000000000000e+00	0.000000000000000000e+00	0.000000000000000000e+00	0.000000000000000000e+00
0.000000000000000000e+00	0.000000000000000000e+00	0.000000000000000000e+00	0.000000000000000000e+00	0.000000000000000000e+00
0.000000000000000000e+00	0.000000000000000000e+00	0.000000000000000000e+00	0.000000000000000000e+00	0.000000000000000000e+00
0.000000000000000000e+00	0.000000000000000000e+00	0.000000000000000000e+00	0.000000000000000000e+00	0.000000000000000000e+00
0.000000000000000000e+00	0.000000000000000000e+00	0.000000000000000000e+00	0.000000000000000000e+00	0.000000000000000000e+00
0.000000000000000000e+00	0.000000000000000000e+00	0.000000000000000000e+00	0.000000000000000000e+00	0.000000000000000000e+00
0.000000000000000000e+00	0.000000000000000000e+00	0.000000000000000000e+00	0.000000000000000000e+00	0.000000000000000000e+00
0.000000000000000000e+00	0.000000000000000000e+00	0.000000000000000000e+00	0.000000000000000000e+00	0.000000000000000000e+00
0.000000000000000000e+00	0.000000000000000000e+00	0.000000000000000000e+00	0.000000000000000000e+00	0.000000000000000000e+00
0.000000000000000000e+00	0.000000000000000000e+00	0.000000000000000000e+00	0.000000000000000000e+00	0.000000000000000000e+00
0.000000000000000000e+00	0.000000000000000000e+00	0.000000000000000000e+00	0.000000000000000000e+00	0.000000000000000000e+00
0.000000000000000000e+00	0.000000000000000000e+00	0.000000000000000000e+00	0.000000000000000000e+00	0.000000000000000000e+00
0.000000000000000000e+00	0.000000000000000000e+00	0.000000000000000000e+00	0.000000000000000000e+00	0.000000000000000000e+00
0.000000000000000000e+00	0.000000000000000000e+00	0.000000000000000000e+00	0.000000000000000000e+00	0.000000000000000000e+00
0.000000000000000000e+00	0.000000000000000000e+00	0.000000000000000000e+00	0.000000000000000000e+00	0.000000000000000000e+00
0.000000000000000000e+00	0.000000000000000000e+00	0.000000000000000000e+00	0.000000000000000000e+00	0.000000000000000000e+00
0.000000000000000000e+00	0.000000000000000000e+00	0.000000000000000000e+00	0.000000000000000000e+00	0.000000000000000000e+00
0.000000000000000000e+00	0.000000000000000000e+00	0.000000000000000000e+00	0.000000000000000000e+00	0.000000000000000000e+00
0.000000000000000000e+00	0.000000000000000000e+00	0.000000000000000000e+00	0.000000000000000000e+00	0.000000000000000000e+00
0.000000000000000000e+00	0.000000000000000000e+00	0.000000000000000000e+00	0.000000000000000000e+00	0.000000000000000000e+00
0.000000000000000000e+00	0.000000000000000000e+00	0.000000000000000000e+00	0.000000000000000000e+00	0.000000000000000000e+00
0.000000000000000000e+00	0.000000000000000000e+00	0.000000000000000000e+00	0.000000000000000000e+00	0.000000000000000000e+00
0.000000000000000000e+00	0.000000000000000000e+00	0.000000000000000000e+00	0.000000000000000000e+00	0.000000000000000000e+00
0.000000000000000000e+00	0.000000000000000000e+00	0.000000000000000000e+00	0.000000000000000000e+00	0.000000000000000000e+00
0.000000000000000000e+00	0.000000000000000000e+00	0.000000000000000000e+00	0.000000000000000000e+00	0.000000000000000000e+00
0.000000000000000000e+00	0.000000000000000000e+00	0.000000000000000000e+00	0.000000000000000000e+00	0.000000000000000000e+00
0.000000000000000000e+00	0.000000000000000000e+00	0.000000000000000000e+00	0.000000000000000000e+00	0.000000000000000000e+00
0.000000000000000000e+00	0.000000000000000000e+00	0.000000000000000000e+00	0.000000000000000000e+00	0.000000000000000000e+00
0.000000000000000000e+00	0.000000000000000000e+00	0.000000000000000000e+00	0.000000000000000000e+00	0.000000000000000000e+00
0.000000000000000000e+00	0.000000000000000000e+00	0.000000000000000000e+00	0.000000000000000000e+00	0.000000000000000000e+00
0.000000000000000000e+00	0.000000000000000000e+00	0.000000000000000000e+00	0.000000000000000000e+00	0.000000000000000000e+00
0.000000000000000000e+00	0.000000000000000000e+00	0.000000000000000000e+00	0.000000000000000000e+00	0.000000000000000000e+00
0.000000000000000000e+00	0.000000000000000000e+00	0.000000000000000000e+00	0.000000000000000000e+00	0.000000000000000000e+00
0.000000000000000000e+00	0.000000000000000000e+00	0.000000000000000000e+00	0.000000000000000000e+00	0.000000000000000000e+00
0.000000000000000000e+00	0.000000000000000000e+00	0.000000000000000000e+00	0.000000000000000000e+00	0.000000000000000000e+00
0.000000000000000000e+00	0.000000000000000000e+00	0.000000000000000000e+00	0.000000000000000000e+00	0.000000000000000000e+00
0.000000000000000000e+00	0.000000000000000000e+00	0.000000000000000000e+00	0.000000000000000000e+00	0.000000000000000000e+00
0.000000000000000000e+00	0.000000000000000000e+00	0.000000000000000000e+00	0.000000000000000000e+00	0.000000000000000000e+00
0.000000000000000000e+00	0.000000000000000000e+00	0.000000000000000000e+00	0.000000000000000000e+00	0.000000000000000000e+00
0.000000000000000000e+00	0.000000000000000000e+00	0.000000000000000000e+00	0.000000000000000000e+00	0.000000000000000000e+00
0.000000000000000000e+00	0.000000000000000000e+00	0.000000000000000000e+00	0.000000000000000000e+00	0.000000000000000000e+00
0.000000000000000000e+00	0.000000000000000000e+00	0.000000000000000000e+00	0.000000000000000000e+00	0.000000000000000000e+00
0.000000000000000000e+00	0.000000000000000000e+00	0.000000000000000000e+00	0.000000000000000000e+00	0.000000000000000000e+00
0.000000000000000000e+00	0.000000000000000000e+00	0.000000000000000000e+00	0.000000000000000000e+00	0.000000000000000000e+00
0.000000000000000000e+00	0.000000000000000000e+00	0.000000000000000000e+00	0.000000000000000000e+00	0.000000000000000000e+00
0.000000000000000000e+00	0.000000000000000000e+00	0.000000000000000000e+00	0.000000000000000000e+00	0.000000000000000000e+00
0.000000000000000000e+00	0.000000000000000000e+00	0.000000000000000000e+00	0.000000000000000000e+00	0.000000000000000000e+00
0.000000000000000000e+00	0.000000000000000000e+00	0.000000000000000000e+00	0.000000000000000000e+00	0.000000000000000000e+00
0.000000000000000000e+00	0.000000000000000000e+00	0.000000000000000000e+00	0.000000000000000000e+00	0.000000000000000000e+00
0.000000000000000000e+00	0.000000000000000000e+00	0.000000000000000000e+00	0.000000000000000000e+00	0.000000000000000000e+00
0.000000000000000000e+00	0.000000000000000000e+00	0.000000000000000000e+00	0.000000000000000000e+00	0.000000000000000000e+00
0.000000000000000000e+00	0.000000000000000000e+00	0.000000000000000000e+00	0.000000000000000000e+00	0.000000000000000000e+00
0.000000000000000000e+00	0.000000000000000000e+00	0.000000000000000000e+00	0.000000000000000000e+00	0.000000000000000000e+00
0.000000000000000000e+00	0.000000000000000000e+00	0.000000000000000000e+00	0.000000000000000000e+00	0.000000000000000000e+00
0.000000000000000000e+00	0.000000000000000000e+00	0.000000000000000000e+00	0.000000000000000000e+00	0.000000000000000000e+00
0.000000000000000000e+00	0.000000000000000000e+00	0.000000000000000000e+00	0.000000000000000000e+00	0.000000000000000000e+00
0.000000000000000000e+00	0.000000000000000000e+00	0.000000000000000000e+00	0.000000000000000000e+00	0.000000000000000000e+00
0.000000000000000000e+00	0.000000000000000000e+00	0.000000000000000000e+00	0.000000000000000000e+00	0.000000000000000000e+00
0.000000000000000000e+00	0.000000000000000000e+00	0.000000000000000000e+00	0.000000000000000000e+00	0.000000000000000000e+00
0.000000000000000000e+00	0.000000000000000000e+00	0.000000000000000000e+00	0.000000000000000000e+00	0.000000000000000000e+00
0.000000000000000000e+00	0.000000000000000000e+00	0.000000000000000000e+00	0.000000000000000000e+00	0.000000000000000000e+00
0.000000000000000000e+00	0.000000000000000000e+00	0.000000000000000000e+00	0.000000000000000000e+00	0.000000000000000000e+00
0.000000000000000000e+00	0.000000000000000000e+00	0.000000000000000000e+00	0.000000000000000000e+00	0.000000000000000000e+00
0.000000000000000000e+00	0.000000000000000000e+00	0.000000000000000000e+00	0.000000000000000000e+00	0.000000000000000000e+00
0.000000000000000000e+00	0.000000000000000000e+00	0.000000000000000000e+00	0.000000000000000000e+00	0.000000000000000000e+00
0.000000000000000000e+00	0.000000000000000000e+00	0.000000000000000000e+00	0.000000000000000000e+00	0.000000000000000000e+00
0.000000000000000000e+00	0.000000000000000000e+00	0.000000000000000000e+00	0.000000000000000000e+00	0.000000000000000000e+00
0.000000000000000000e+00	0.000000000000000000e+00	0.000000000000000000e+00	0.000000000000000000e+00	0.000000000000000000e+00
0.000000000000000000e+00	0.000000000000000000e+00	0.000000000000000000e+00	0.000000000000000000e+00	0.000000000000000000e+00
0.000000000000000000e+00	0.000000000000000000e+00	0.000000000000000000e+00	0.000000000000000000e+00	0.000000000000000000e+00
0.000000000000000000e+00	0.000000000000000000e+00	0.000000000000000000e+00	0.000000000000000000e+00	0.000000000000000000e+00
0.000000000000000000e+00	0.000000000000000000e+00	0.000000000000000000e+00	0.000000000000000000e+00	0.000000000000000000e+00
0.000000000000000000e+00	0.000000000000000000e+00	0.000000000000000000e+00	0.000000000000000000e+00	0.000000000000000000e+00
0.000000000000000000e+00	0.000000000000000000e+00	0.000000000000000000e+00	0.000000000000000000e+00	0.000000000000000000e+00
0.000000000000000000e+00	0.000000000000000000e+00	0.000000000000000000e+00	0.000000000000000000e+00	0.000000000000000000e+00
0.000000000000000000e+00	0.000000000000000000e+00	0.000000000000000000e+00	0.000000000000000000e+00	0.000000000000000000e+00
0.000000000000000000e+00	0.000000000000000000e+00	0.000000000000000000e+00	0.000000000000000000e+00	0.000000000000000000e+00
0.000000000000000000e+00	0.000000000000000000e+00	0.000000000000000000e+00	0.000000000000000000e+00	0.000000000000000000e+00
0.000000000000000000e+00	0.000000000000000000e+00	0.000000000000000000e+00	0.000000000000000000e+00	0.000000000000000000e+00
0.000000000000000000e+00	0.000000000000000000e+00	0.000000000000000000e+00	0.000000000000000000e+00	0.000000000000000000e+00
0.000000000000000000e+00	0.000000000000000000e+00	0.000000000000000000e+00	0.000000000000000000e+00	0.000000000000000000e+00
0.000000000000000000e+00	0.000000000000000000e+00	0.000000000000000000e+00	0.000000000000000000e+00	0.000000000000000000e+00
0.000000000000000000e+00	0.000000000000000000e+00	0.000000000000000000e+00	0.000000000000000000e+00	0.000000000000000000e+00
0.000000000000000000e+00	0.000000000000000000e+00	0.000000000000000000e+00	0.000000000000000000e+00	0.000000000000000000e+00
0.000000000000000000e+00	0.000000000000000000e+00	0.000000000000000000e+00	0.000000000000000000e+00	0.000000000000000000e+00
0.000000000000000000e+00	0.000000000000000000e+00	0.000000000000000000e+00	0.000000000000000000e+00	0.000000000000000000e+00
0.000000000000000000e+00	0.000000000000000000e+00	0.000000000000000000e+00	0.000000000000000000e+00	0.000000000000000000e+00
0.000000000000000000e+00	0.000000000000000000e+00	0.000000000000000000e+00	0.000000000000000000e+00	0.000000000000000000e+00
0.000000000000000000e+00	0.000000000000000000e+00	0.000000000000000000e+00	0.000000000000000000e+00	0.000000000000000000e+00
0.000000000000000000e+00	0.000000000000000000e+00	0.000000000000000000e+00	0.000000000000000000e+00	0.000000000000000000e+00
0.000000000000000000e+00	0.000000000000000000e+00	0.000000000000000000e+00	0.000000000000000000e+00	0.000000000000000000e+00
0.000000000000000000e+00	0.000000000000000000e+00	0.000000000000000000e+00	0.000000000000000000e+00	0.000000000000000000e+00
0.000000000000000000e+00	0.000000000000000000e+00	0.000000000000000000e+00	0.000000000000000000e+00	0.000000000000000000e+00
0.000000000000000000e+00	0.000000000000000000e+00	0.000000000000000000e+00	0.000000000000000000e+00	0.000000000000000000e+00
0.000000000000000000e+00	0.000000000000000000e+00	0.000000000000000000e+00	0.000000000000000000e+00	0.000000000000000000e+00
0.000000000000000000e+00	0.000000000000000000e+00	0.000000000000000000e+00	0.000000000000000000e+00	0.000000000000000000e+00
0.000000000000000000e+00	0.000000000000000000e+00	0.000000000000000000e+00	0.000000000000000000e+00	0.000000000000000000e+00
0.000000000000000000e+00	0.000000000000000000e+00	0.000000000000000000e+00	0.000000000000000000e+00	0.000000000000000000e+00
0.000000000000000000e+00	0.000000000000000000e+00	0.000000000000000000e+00	0.000000000000000000e+00	0.000000000000000000e+00
0.000000000000000000e+00	0.000000000000000000e+00	0.000000000000000000e+00	0.000000000000000000e+00	0.000000000000000000e+00
0.000000000000000000e+00	0.000000000000000000e+00	0.000000000000000000e+00	0.000000000000000000e+00	0.000000000000000000e+00
0.000000000000000000e+00	0.000000000000000000e+00	0.000000000000000000e+00	0.000000000000000000e+00	0.000000000000000000e+00
0.000000000000000000e+00	0.000000000000000000e+00	0.000000000000000000e+00	0.000000000000000000e+00	0.000000000000000000e+00
0.000000000000000000e+00	0.000000000000000000e+00	0.000000000000000000e+00	0.000000000000000000e+00	0.000000000000000000e+00
0.000000000000000000e+00	0.000000000000000000e+00	0.000000000000000000e+00	0.000000000000000000e+00	0.000000000000000000e+00
0.000000000000000000e+00	0.000000000000000000e+00	0.000000000000000000e+00	0.000000000000000000e+00	0.000000000000000000e+00
0.000000000000000000e+00	0.000000000000000000e+00	0.000000000000000000e+00	0.000000000000000000e+00	0.000000000000000000e+00
0.000000000000000000e+00	0.000000000000000000e+00	0.000000000000000000e+00	0.000000000000000000e+00	0.000000000000000000e+00
0.000000000000000000e+00	0.000000000000000000e+00	0.000000000000000000e+00	0.000000000000000000e+00	0.000000000000000000e+00
0.000000000000000000e+00	0.000000000000000000e+00	0.000000000000000000e+00	0.000000000000000000e+00	0.000000000000000000e+00
0.000000000000000000e+00	0.000000000000000000e+00	0.000000000000000000e+00	0.000000000000000000e+00	0.000000000000000000e+00
0.000000000000000000e+00	0.000000000000000000e+00	0.000000000000000000e+00	0.000000000000000000e+00	0.000000000000000000e+00
0.000000000000000000e+00	0.000000000000000000e+00	0.000000000000000000e+00	0.000000000000000000e+00	0.000000000000000000e+00
0.000000000000000000e+00	0.000000000000000000e+00	0.000000000000000000e+00	0.000000000000000000e+00	0.000000000000000000e+00
0.000000000000000000e+00	0.000000000000000000e+00	0.000000000000000000e+00	0.000000000000000000e+00	0.000000000000000000e+00
0.000000000000000000e+00	0.000000000000000000e+00	0.000000000000000000e+00	0.000000000000000000e+00	0.000000000000000000e+00
0.000000000000000000e+00	0.000000000000000000e+00	0.000000000000000000e+00	0.000000000000000000e+00	0.000000000000000000e+00
0.000000000000000000e+00	0.000000000000000000e+00	0.000000000000000000e+00	0.000000000000000000e+00	0.000000000000000000e+00
0.000000000000000000e+00	0.000000000000000000e+00	0.000000000000000000e+00	0.000000000000000000e+00	0.000000000000000000e+00
0.000000000000000000e+00	0.000000000000000000e+00	0.000000000000000000e+00	0.000000000000000000e+00	0.000000000000000000e+00
0.000000000000000000e+00	0.000000000000000000e+00	0.000000000000000000e+00	0.000000000000000000e+00	0.000000000000000000e+00
0.000000000000000000e+00	0.000000000000000000e+00	0.000000000000000000e+00	0.000000000000000000e+00	0.000000000000000000e+00
0.000000000000000000e+00	0.000000000000000000e+00	0.000000000000000000e+00	0.000000000000000000e+00	0.000000000000000000e+00
0.000000000000000000e+00	0.000000000000000000e+00	0.000000000000000000e+00	0.000000000000000000e+00	0.000000000000000000e+00
0.000000000000000000e+00	0.000000000000000000e+00	0.000000000000000000e+00	0.000000000000000000e+00	0.000000000000000000e+00
0.000000000000000000e+00	0.000000000000000000e+00	0.000000000000000000e+00	0.000000000000000000e+00	0.000000000000000000e+00
0.000000000000000000e+00	0.000000000000000000e+00	0.000000000000000000e+00	0.000000000000000000e+00	0.000000000000000000e+00
0.000000000000000000e+00	0.000000000000000000e+00	0.000000000000000000e+00	0.000000000000000000e+00	0.000000000000000000e+00
0.000000000000000000e+00	0.000000000000000000e+00	0.000000000000000000e+00	0.000000000000000000e+00	0.000000000000000000e+00
0.000000000000000000e+00	0.000000000000000000e+00	0.000000000000000000e+00	0.000000000000000000e+00	0.000000000000000000e+00
0.000000000000000000e+00	0.000000000000000000e+00	0.000000000000000000e+00	0.000000000000000000e+00	0.000000000000000000e+00
0.000000000000000000e+00	0.000000000000000000e+00	0.000000000000000000e+00	0.000000000000000000e+00	0.000000000000000000e+00
0.000000000000000000e+00	0.000000000000000000e+00	0.000000000000000000e+00	0.000000000000000000e+00	0.000000000000000000e+00
0.000000000000000000e+00	0.000000000000000000e+00	0.000000000000000000e+00	0.000000000000000000e+00	0.000000000000000000e+00
0.000000000000000000e+00	0.000000000000000000e+00	0.000000000000000000e+00	0.000000000000000000e+00	0.000000000000000000e+00
0.000000000000000000e+00	0.000000000000000000e+00	0.000000000000000000e+00	0.000000000000000000e+00	0.000000000000000000e+00
0.000000000000000000e+00	0.000000000000000000e+00	0.000000000000000000e+00	0.000000000000000000e+00	0.000000000000000000e+00
0.000000000000000000e+00	0.000000000000000000e+00	0.000000000000000000e+00	0.000000000000000000e+00	0.000000000000000000e+00
0.000000000000000000e+00	0.000000000000000000e+00	0.000000000000000000e+00	0.000000000000000000e+00	0.000000000000000000e+00
0.000000000000000000e+00	0.000000000000000000e+00	0.000000000000000000e+00	0.000000000000000000e+00	0.000000000000000000e+00
0.000000000000000000e+00	0.000000000000000000e+00	0.000000000000000000e+00	0.000000000000000000e+00	0.000000000000000000e+00
0.000000000000000000e+00	0.000000000000000000e+00	0.000000000000000000e+00	0.000000000000000000e+00	0.000000000000000000e+00
0.000000000000000000e+00	0.000000000000000000e+00	0.000000000000000000e+00	0.000000000000000000e+00	0.000000000000000000e+00
0.000000000000000000e+00	0.000000000000000000e+00	0.000000000000000000e+00	0.000000000000000000e+00	0.000000000000000000e+00
0.000000000000000000e+00	0.000000000000000000e+00	0.000000000000000000e+00	0.000000000000000000e+00	0.000000000000000000e+00
0.000000000000000000e+00	0.000000000000000000e+00	0.000000000000000000e+00	0.000000000000000000e+00	0.000000000000000000e+00
0.000000000000000000e+00	0.000000000000000000e+00	0.000000000000000000e+00	0.000000000000000000e+00	0.000000000000000000e+00
0.000000000000000000e+00	0.000000000000000000e+00	0.000000000000000000e+00	0.000000000000000000e+00	0.000000000000000000e+00
0.000000000000000000e+00	0.000000000000000000e+00	0.000000000000000000e+00	0.000000000000000000e+00	0.000000000000000000e+00
0.000000000000000000e+00	0.000000000000000000e+00	0.000000000000000000e+00	0.000000000000000000e+00	0.000000000000000000e+00
0.000000000000000000e+00	0.000000000000000000e+00	0.000000000000000000e+00	0.000000000000000000e+00	0.000000000000000000e+00
0.000000000000000000e+00	0.000000000000000000e+00	0.000000000000000000e+00	0.000000000000000000e+00	0.000000000000000000e+00
0.000000000000000000e+00	0.000000000000000000e+00	0.000000000000000000e+00	0.000000000000000000e+00	0.000000000000000000e+00
0.000000000000000000e+00	0.000000000000000000e+00	0.000000000000000000e+00	0.000000000000000000e+00	0.000000000000000000e+00
0.000000000000000000e+00	0.000000000000000000e+00	0.000000000000000000e+00	0.000000000000000000e+00	0.000000000000000000e+00
0.000000000000000000e+00	0.000000000000000000e+00	0.000000000000000000e+00	0.000000000000000000e+00	0.000000000000000000e+00
0.000000000000000000e+00	0.000000000000000000e+00	0.000000000000000000e+00	0.000000000000000000e+00	0.000000000000000000e+00
0.000000000000000000e+00	0.000000000000000000e+00	0.000000000000000000e+00	0.000000000000000000e+00	0.000000000000000000e+00
0.000000000000000000e+00	0.000000000000000000e+00	0.000000000000000000e+00	0.000000000000000000e+00	0.000000000000000000e+00
0.000000000000000000e+00	0.000000000000000000e+00	0.000000000000000000e+00	0.000000000000000000e+00	0.000000000000000000e+00
0.000000000000000000e+00	0.000000000000000000e+00	0.000000000000000000e+00	0.000000000000000000e+00	0.000000000000000000e+00
0.000000000000000000e+00	0.000000000000000000e+00	0.000000000000000000e+00	0.000000000000000000e+00	0.000000000000000000e+00
0.000000000000000000e+00	0.000000000000000000e+00	0.000000000000000000e+00	0.000000000000000000e+00	0.000000000000000000e+00
0.000000000000000000e+00	0.000000000000000000e+00	0.000000000000000000e+00	0.000000000000000000e+00	0.000000000000000000e+00
0.000000000000000000e+00	0.000000000000000000e+00	0.000000000000000000e+00	0.000000000000000000e+00	0.000000000000000000e+00
0.000000000000000000e+00	0.000000000000000000e+00	0.000000000000000000e+00	0.000000000000000000e+00	0.000000000000000000e+00
0.000000000000000000e+00	0.000000000000000000e+00	0.000000000000000000e+00	0.000000000000000000e+00	0.000000000000000000e+00
0.000000000000000000e+00	0.000000000000000000e+00	0.000000000000000000e+00	0.000000000000000000e+00	0.000000000000000000e+00
0.000000000000000000e+00	0.000000000000000000e+00	0.000000000000000000e+00	0.000000000000000000e+00	0.000000000000000000e+00
0.000000000000000000e+00	0.000000000000000000e+00	0.000000000000000000e+00	0.000000000000000000e+00	0.000000000000000000e+00
0.000000000000000000e+00	0.000000000000000000e+00	0.000000000000000000e+00	0.000000000000000000e+00	0.000000000000000000e+00
0.000000000000000000e+00	0.000000000000000000e+00	0.000000000000000000e+00	0.000000000000000000e+00	0.000000000000000000e+00
0.000000000000000000e+00	0.000000000000000000e+00	0.000000000000000000e+00	0.000000000000000000e+00	0.000000000000000000e+00
0.000000000000000000e+00	0.000000000000000000e+00	0.000000000000000000e+00	0.000000000000000000e+00	0.000000000000000000e+00
0.000000000000000000e+00	0.000000000000000000e+00	0.000000000000000000e+00	0.000000000000000000e+00	0.000000000000000000e+00
0.000000000000000000e+00	0.000000000000000000e+00	0.000000000000000000e+00	0.000000000000000000e+00	0.000000000000000000e+00
0.000000000000000000e+00	0.000000000000000000e+00	0.000000000000000000e+00	0.000000000000000000e+00	0.000000000000000000e+00
0.000000000000000000e+00	0.000000000000000000e+00	0.000000000000000000e+00	0.000000000000000000e+00	0.000000000000000000e+00
0.000000000000000000e+00	0.000000000000000000e+00	0.000000000000000000e+00	0.000000000000000000e+00	0.000000000000000000e+00
0.000000000000000000e+00	0.000000000000000000e+00	0.000000000000000000e+00	0.000000000000000000e+00	0.000000000000000000e+00
0.000000000000000000e+00	0.000000000000000000e+00	0.000000000000000000e+00	0.000000000000000000e+00	0.000000000000000000e+00
0.000000000000000000e+00	0.000000000000000000e+00	0.000000000000000000e+00	0.000000000000000000e+00	0.000000000000000000e+00
0.000000000000000000e+00	0.000000000000000000e+00	0.000000000000000000e+00	0.000000000000000000e+00	0.000000000000000000e+00
0.000000000000000000e+00	0.000000000000000000e+00	0.000000000000000000e+00	0.000000000000000000e+00	0.000000000000000000e+00
0.000000000000000000e+00	0.000000000000000000e+00	0.000000000000000000e+00	0.000000000000000000e+00	0.000000000000000000e+00
0.000000000000000000e+00	0.000000000000000000e+00	0.000000000000000000e+00	0.000000000000000000e+00	0.000000000000000000e+00
0.000000000000000000e+00	0.000000000000000000e+00	0.000000000000000000e+00	0.000000000000000000e+00	0.000000000000000000e+00
0.000000000000000000e+00	0.000000000000000000e+00	0.000000000000000000e+00	0.000000000000000000e+00	0.000000000000000000e+00
0.000000000000000000e+00	0.000000000000000000e+00	0.000000000000000000e+00	0.000000000000000000e+00	0.000000000000000000e+00
0.000000000000000000e+00	0.000000000000000000e+00	0.000000000000000000e+00	0.000000000000000000e+00	0.000000000000000000e+00
0.000000000000000000e+00	0.000000000000000000e+00	0.000000000000000000e+00	0.000000000000000000e+00	0.000000000000000000e+00
0.000000000000000000e+00	0.000000000000000000e+00	0.000000000000000000e+00	0.000000000000000000e+00	0.000000000000000000e+00
0.000000000000000000e+00	0.000000000000000000e+00	0.000000000000000000e+00	0.000000000000000000e+00	0.000000000000000000e+00
0.000000000000000000e+00	0.000000000000000000e+00	0.000000000000000000e+00	0.000000000000000000e+00	0.000000000000000000e+00
0.000000000000000000e+00	0.000000000000000000e+00	0.000000000000000000e+00	0.000000000000000000e+00	0.000000000000000000e+00
0.000000000000000000e+00	0.000000000000000000e+00	0.000000000000000000e+00	0.000000000000000000e+00	0.000000000000000000e+00
0.000000000000000000e+00	0.000000000000000000e+00	0.000000000000000000e+00	0.000000000000000000e+00	0.000000000000000000e+00
0.000000000000000000e+00	0.000000000000000000e+00	0.000000000000000000e+00	0.000000000000000000e+00	0.000000000000000000e+00
0.000000000000000000e+00	0.000000000000000000e+00	0.000000000000000000e+00	0.000000000000000000e+00	0.000000000000000000e+00
0.000000000000000000e+00	0.000000000000000000e+00	0.000000000000000000e+00	0.000000000000000000e+00	0.000000000000000000e+00
0.000000000000000000e+00	0.000000000000000000e+00	0.000000000000000000e+00	0.000000000000000000e+00	0.000000000000000000e+00
0.000000000000000000e+00	0.000000000000000000e+00	0.000000000000000000e+00	0.000000000000000000e+00	0.000000000000000000e+00
0.000000000000000000e+00	0.000000000000000000e+00	0.000000000000000000e+00	0.000000000000000000e+00	0.000000000000000000e+00
0.000000000000000000e+00	0.000000000000000000e+00	0.000000000000000000e+00	0.000000000000000000e+00	0.000000000000000000e+00
0.000000000000000000e+00	0.000000000000000000e+00	0.000000000000000000e+00	0.000000000000000000e+00	0.000000000000000000e+00
0.000000000000000000e+00	0.000000000000000000e+00	0.000000000000000000e+00	0.000000000000000000e+00	0.000000000000000000e+00
0.000000000000000000e+00	0.000000000000000000e+00	0.000000000000000000e+00	0.000000000000000000e+00	0.000000000000000000e+00
0.000000000000000000e+00	0.000000000000000000e+00	0.000000000000000000e+00	0.000000000000000000e+00	0.000000000000000000e+00
0.000000000000000000e+00	0.000000000000000000e+00	0.000000000000000000e+00	0.000000000000000000e+00	0.000000000000000000e+00
0.000000000000000000e+00	0.000000000000000000e+00	0.000000000000000000e+00	0.000000000000000000e+00	0.000000000000000000e+00
0.000000000000000000e+00	0.000000000000000000e+00	0.000000000000000000e+00	0.000000000000000000e+00	0.000000000000000000e+00
0.000000000000000000e+00	0.000000000000000000e+00	0.000000000000000000e+00	0.000000000000000000e+00	0.000000000000000000e+00
0.000000000000000000e+00	0.000000000000000000e+00	0.000000000000000000e+00	0.000000000000000000e+00	0.000000000000000000e+00
0.000000000000000000e+00	0.000000000000000000e+00	0.000000000000000000e+00	0.000000000000000000e+00	0.000000000000000000e+00
0.000000000000000000e+00	0.000000000000000000e+00	0.000000000000000000e+00	0.000000000000000000e+00	0.000000000000000000e+00
0.000000000000000000e+00	0.000000000000000000e+00	0.000000000000000000e+00	0.000000000000000000e+00	0.000000000000000000e+00
0.000000000000000000e+00	0.000000000000000000e+00	0.000000000000000000e+00	0.000000000000000000e+00	0.000000000000000000e+00
0.000000000000000000e+00	0.000000000000000000e+00	0.000000000000000000e+00	0.000000000000000000e+00	0.000000000000000000e+00
0.000000000000000000e+00	0.000000000000000000e+00	0.000000000000000000e+00	0.000000000000000000e+00	0.000000000000000000e+00
0.000000000000000000e+00	0.000000000000000000e+00	0.000000000000000000e+00	0.000000000000000000e+00	0.000000000000000000e+00
0.000000000000000000e+00	0.000000000000000000e+00	0.000000000000000000e+00	0.000000000000000000e+00	0.000000000000000000e+00
0.000000000000000000e+00	0.000000000000000000e+00	0.000000000000000000e+00	0.000000000000000000e+00	0.000000000000000000e+00
0.000000000000000000e+00	0.000000000000000000e+00	0.000000000000000000e+00	0.000000000000000000e+00	0.000000000000000000e+00
0.000000000000000000e+00	0.000000000000000000e+00	0.000000000000000000e+00	0.000000000000000000e+00	0.000000000000000000e+00
0.000000000000000000e+00	0.000000000000000000e+00	0.000000000000000000e+00	0.000000000000000000e+00	0.000000000000000000e+00
0.000000000000000000e+00	0.000000000000000000e+00	0.000000000000000000e+00	0.000000000000000000e+00	0.000000000000000000e+00
0.000000000000000000e+00	0.000000000000000000e+00	0.000000000000000000e+00	0.000000000000000000e+00	0.000000000000000000e+00
0.000000000000000000e+00	0.000000000000000000e+00	0.000000000000000000e+00	0.000000000000000000e+00	0.000000000000000000e+00
0.000000000000000000e+00	0.000000000000000000e+00	0.000000000000000000e+00	0.000000000000000000e+00	0.000000000000000000e+00
0.000000000000000000e+00	0.000000000000000000e+00	0.000000000000000000e+00	0.000000000000000000e+00	0.000000000000000000e+00
0.000000000000000000e+00	0.000000000000000000e+00	0.000000000000000000e+00	0.000000000000000000e+00	0.000000000000000000e+00
0.000000000000000000e+00	0.000000000000000000e+00	0.000000000000000000e+00	0.000000000000000000e+00	0.000000000000000000e+00
0.000000000000000000e+00	0.000000000000000000e+00	0.000000000000000000e+00	0.000000000000000000e+00	0.000000000000000000e+00
0.000000000000000000e+00	0.000000000000000000e+00	0.000000000000000000e+00	0.000000000000000000e+00	0.000000000000000000e+00
0.000000000000000000e+00	0.000000000000000000e+00	0.000000000000000000e+00	0.000000000000000000e+00	0.000000000000000000e+00
0.000000000000000000e+00	0.000000000000000000e+00	0.000000000000000000e+00	0.000000000000000000e+00	0.000000000000000000e+00
0.000000000000000000e+00	0.000000000000000000e+00	0.000000000000000000e+00	0.000000000000000000e+00	0.000000000000000000e+00
0.000000000000000000e+00	0.000000000000000000e+00	0.000000000000000000e+00	0.000000000000000000e+00	0.000000000000000000e+00
0.000000000000000000e+00	0.000000000000000000e+00	0.000000000000000000e+00	0.000000000000000000e+00	0.000000000000000000e+00
0.000000000000000000e+00	0.000000000000000000e+00	0.000000000000000000e+00	0.000000000000000000e+00	0.000000000000000000e+00
0.000000000000000000e+00	0.000000000000000000e+00	0.000000000000000000e+00	0.000000000000000000e+00	0.000000000000000000e+00
0.000000000000000000e+00	0.000000000000000000e+00	0.000000000000000000e+00	0.000000000000000000e+00	0.000000000000000000e+00
0.000000000000000000e+00	0.000000000000000000e+00	0.000000000000000000e+00	0.000000000000000000e+00	0.000000000000000000e+00
0.000000000000000000e+00	0.000000000000000000e+00	0.000000000000000000e+00	0.000000000000000000e+00	0.000000000000000000e+00
0.000000000000000000e+00	0.000000000000000000e+00	0.000000000000000000e+00	0.000000000000000000e+00	0.000000000000000000e+00
0.000000000000000000e+00	0.000000000000000000e+00	0.000000000000000000e+00	0.000000000000000000e+00	0.000000000000000000e+00
0.000000000000000000e+00	0.000000000000000000e+00	0.000000000000000000e+00	0.000000000000000000e+00	0.000000000000000000e+00
0.000000000000000000e+00	0.000000000000000000e+00	0.000000000000000000e+00	0.000000000000000000e+00	0.000000000000000000e+00
0.000000000000000000e+00	0.000000000000000000e+00	0.000000000000000000e+00	0.000000000000000000e+00	0.000000000000000000e+00
0.000000000000000000e+00	0.000000000000000000e+00	0.000000000000000000e+00	0.000000000000000000e+00	0.000000000000000000e+00
0.000000000000000000e+00	0.000000000000000000e+00	0.000000000000000000e+00	0.000000000000000000e+00	0.000000000000000000e+00
0.000000000000000000e+00	0.000000000000000000e+00	0.000000000000000000e+00	0.000000000000000000e+00	0.000000000000000000e+00
0.000000000000000000e+00	0.000000000000000000e+00	0.000000000000000000e+00	0.000000000000000000e+00	0.000000000000000000e+00
0.000000000000000000e+00	0.000000000000000000e+00	0.000000000000000000e+00	0.000000000000000000e+00	0.000000000000000000e+00
0.000000000000000000e+00	0.000000000000000000e+00	0.000000000000000000e+00	0.000000000000000000e+00	0.000000000000000000e+00
0.000000000000000000e+00	0.000000000000000000e+00	0.000000000000000000e+00	0.000000000000000000e+00	0.000000000000000000e+00
0.000000000000000000e+00	0.000000000000000000e+00	0.000000000000000000e+00	0.000000000000000000e+00	0.000000000000000000e+00
0.000000000000000000e+00	0.000000000000000000e+00	0.000000000000000000e+00	0.000000000000000000e+00	0.000000000000000000e+00
0.000000000000000000e+00	0.000000000000000000e+00	0.000000000000000000e+00	0.000000000000000000e+00	0.000000000000000000e+00
0.000000000000000000e+00	0.000000000000000000e+00	0.000000000000000000e+00	0.000000000000000000e+00	0.000000000000000000e+00
0.000000000000000000e+00	0.000000000000000000e+00	0.000000000000000000e+00	0.000000000000000000e+00	0.000000000000000000e+00
0.000000000000000000e+00	0.000000000000000000e+00	0.000000000000000000e+00	0.000000000000000000e+00	0.000000000000000000e+00
0.000000000000000000e+00	0.000000000000000000e+00	0.000000000000000000e+00	0.000000000000000000e+00	0.000000000000000000e+00
0.000000000000000000e+00	0.000000000000000000e+00	0.000000000000000000e+00	0.000000000000000000e+00	0.000000000000000000e+00
0.000000000000000000e+00	0.000000000000000000e+00	0.000000000000000000e+00	0.000000000000000000e+00	0.000000000000000000e+00
0.000000000000000000e+00	0.000000000000000000e+00	0.000000000000000000e+00	0.000000000000000000e+00	0.000000000000000000e+00
0.000000000000000000e+00	0.000000000000000000e+00	0.000000000000000000e+00	0.000000000000000000e+00	0.000000000000000000e+00
0.000000000000000000e+00	0.000000000000000000e+00	0.000000000000000000e+00	0.000000000000000000e+00	0.000000000000000000e+00
0.000000000000000000e+00	0.000000000000000000e+00	0.000000000000000000e+00	0.000000000000000000e+00	0.000000000000000000e+00
0.000000000000000000e+00	0.000000000000000000e+00	0.000000000000000000e+00	0.000000000000000000e+00	0.000000000000000000e+00
0.000000000000000000e+00	0.000000000000000000e+00	0.000000000000000000e+00	0.000000000000000000e+00	0.000000000000000000e+00
0.000000000000000000e+00	0.000000000000000000e+00	0.000000000000000000e+00	0.000000000000000000e+00	0.000000000000000000e+00
0.000000000000000000e+00	0.000000000000000000e+00	0.000000000000000000e+00	0.000000000000000000e+00	0.000000000000000000e+00
0.000000000000000000e+00	0.000000000000000000e+00	0.000000000000000000e+00	0.000000000000000000e+00	0.000000000000000000e+00
0.000000000000000000e+00	0.000000000000000000e+00	0.000000000000000000e+00	0.000000000000000000e+00	0.000000000000000000e+00
0.000000000000000000e+00	0.000000000000000000e+00	0.000000000000000000e+00	0.000000000000000000e+00	0.000000000000000000e+00
0.000000000000000000e+00	0.000000000000000000e+00	0.000000000000000000e+00	0.000000000000000000e+00	0.000000000000000000e+00
0.000000000000000000e+00	0.000000000000000000e+00	0.000000000000000000e+00	0.000000000000000000e+00	0.000000000000000000e+00
0.000000000000000000e+00	0.000000000000000000e+00	0.000000000000000000e+00	0.000000000000000000e+00	0.000000000000000000e+00
0.000000000000000000e+00	0.000000000000000000e+00	0.000000000000000000e+00	0.000000000000000000e+00	0.000000000000000000e+00
0.000000000000000000e+00	0.000000000000000000e+00	0.000000000000000000e+00	0.000000000000000000e+00	0.000000000000000000e+00
0.000000000000000000e+00	0.000000000000000000e+00	0.000000000000000000e+00	0.000000000000000000e+00	0.000000000000000000e+00
0.000000000000000000e+00	0.000000000000000000e+00	0.000000000000000000e+00	0.000000000000000000e+00	0.000000000000000000e+00
0.000000000000000000e+00	0.000000000000000000e+00	0.000000000000000000e+00	0.000000000000000000e+00	0.000000000000000000e+00
0.000000000000000000e+00	0.000000000000000000e+00	0.000000000000000000e+00	0.000000000000000000e+00	0.000000000000000000e+00
0.000000000000000000e+00	0.000000000000000000e+00	0.000000000000000000e+00	0.000000000000000000e+00	0.000000000000000000e+00
0.000000000000000000e+00	0.000000000000000000e+00	0.000000000000000000e+00	0.000000000000000000e+00	0.000000000000000000e+00
0.000000000000000000e+00	0.000000000000000000e+00	0.000000000000000000e+00	0.000000000000000000e+00	0.000000000000000000e+00
0.000000000000000000e+00	0.000000000000000000e+00	0.000000000000000000e+00	0.000000000000000000e+00	0.000000000000000000e+00
0.000000000000000000e+00	0.000000000000000000e+00	0.000000000000000000e+00	0.000000000000000000e+00	0.000000000000000000e+00
0.000000000000000000e+00	0.000000000000000000e+00	0.000000000000000000e+00	0.000000000000000000e+00	0.000000000000000000e+00
0.000000000000000000e+00	0.000000000000000000e+00	0.000000000000000000e+00	0.000000000000000000e+00	0.000000000000000000e+00
0.000000000000000000e+00	0.000000000000000000e+00	0.000000000000000000e+00	0.000000000000000000e+00	0.000000000000000000e+00
0.000000000000000000e+00	0.000000000000000000e+00	0.000000000000000000e+00	0.000000000000000000e+00	0.000000000000000000e+00
0.000000000000000000e+00	0.000000000000000000e+00	0.000000000000000000e+00	0.000000000000000000e+00	0.000000000000000000e+00
0.000000000000000000e+00	0.000000000000000000e+00	0.000000000000000000e+00	0.000000000000000000e+00	0.000000000000000000e+00
0.000000000000000000e+00	0.000000000000000000e+00	0.000000000000000000e+00	0.000000000000000000e+00	0.000000000000000000e+00
0.000000000000000000e+00	0.000000000000000000e+00	0.000000000000000000e+00	0.000000000000000000e+00	0.000000000000000000e+00
0.000000000000000000e+00	0.000000000000000000e+00	0.000000000000000000e+00	0.000000000000000000e+00	0.000000000000000000e+00
0.000000000000000000e+00	0.000000000000000000e+00	0.000000000000000000e+00	0.000000000000000000e+00	0.000000000000000000e+00
0.000000000000000000e+00	0.000000000000000000e+00	0.000000000000000000e+00	0.000000000000000000e+00	0.000000000000000000e+00
0.000000000000000000e+00	0.000000000000000000e+00	0.000000000000000000e+00	0.000000000000000000e+00	0.000000000000000000e+00
0.000000000000000000e+00	0.000000000000000000e+00	0.000000000000000000e+00	0.000000000000000000e+00	0.000000000000000000e+00
0.000000000000000000e+00	0.000000000000000000e+00	0.000000000000000000e+00	0.000000000000000000e+00	0.000000000000000000e+00
0.000000000000000000e+00	0.000000000000000000e+00	0.000000000000000000e+00	0.000000000000000000e+00	0.000000000000000000e+00
0.000000000000000000e+00	0.000000000000000000e+00	0.000000000000000000e+00	0.000000000000000000e+00	0.000000000000000000e+00
0.000000000000000000e+00	0.000000000000000000e+00	0.000000000000000000e+00	0.000000000000000000e+00	0.000000000000000000e+00
0.000000000000000000e+00	0.000000000000000000e+00	0.000000000000000000e+00	0.000000000000000000e+00	0.000000000000000000e+00
0.000000000000000000e+00	0.000000000000000000e+00	0.000000000000000000e+00	0.000000000000000000e+00	0.000000000000000000e+00
0.000000000000000000e+00	0.000000000000000000e+00	0.000000000000000000e+00	0.000000000000000000e+00	0.000000000000000000e+00
0.000000000000000000e+00	0.000000000000000000e+00	0.000000000000000000e+00	0.000000000000000000e+00	0.000000000000000000e+00
0.000000000000000000e+00	0.000000000000000000e+00	0.000000000000000000e+00	0.000000000000000000e+00	0.000000000000000000e+00
0.000000000000000000e+00	0.000000000000000000e+00	0.000000000000000000e+00	0.000000000000000000e+00	0.000000000000000000e+00
0.000000000000000000e+00	0.000000000000000000e+00	0.000000000000000000e+00	0.000000000000000000e+00	0.000000000000000000e+00
0.000000000000000000e+00	0.000000000000000000e+00	0.000000000000000000e+00	0.000000000000000000e+00	0.000000000000000000e+00
0.000000000000000000e+00	0.000000000000000000e+00	0.000000000000000000e+00	0.000000000000000000e+00	0.000000000000000000e+00
0.000000000000000000e+00	0.000000000000000000e+00	0.000000000000000000e+00	0.000000000000000000e+00	0.000000000000000000e+00
0.000000000000000000e+00	0.000000000000000000e+00	0.000000000000000000e+00	0.000000000000000000e+00	0.000000000000000000e+00
0.000000000000000000e+00	0.000000000000000000e+00	0.000000000000000000e+00	0.000000000000000000e+00	0.000000000000000000e+00
0.000000000000000000e+00	0.000000000000000000e+00	0.000000000000000000e+00	0.000000000000000000e+00	0.000000000000000000e+00
0.000000000000000000e+00	0.000000000000000000e+00	0.000000000000000000e+00	0.000000000000000000e+00	0.000000000000000000e+00
0.000000000000000000e+00	0.000000000000000000e+00	0.000000000000000000e+00	0.000000000000000000e+00	0.000000000000000000e+00
0.000000000000000000e+00	0.000000000000000000e+00	0.000000000000000000e+00	0.000000000000000000e+00	0.000000000000000000e+00
0.000000000000000000e+00	0.000000000000000000e+00	0.000000000000000000e+00	0.000000000000000000e+00	0.000000000000000000e+00
0.000000000000000000e+00	0.000000000000000000e+00	0.000000000000000000e+00	0.000000000000000000e+00	0.000000000000000000e+00
0.000000000000000000e+00	0.000000000000000000e+00	0.000000000000000000e+00	0.000000000000000000e+00	0.000000000000000000e+00
0.000000000000000000e+00	0.000000000000000000e+00	0.000000000000000000e+00	0.000000000000000000e+00	0.000000000000000000e+00
0.000000000000000000e+00	0.000000000000000000e+00	0.000000000000000000e+00	0.000000000000000000e+00	0.000000000000000000e+00
0.000000000000000000e+00	0.000000000000000000e+00	0.000000000000000000e+00	0.000000000000000000e+00	0.000000000000000000e+00
0.000000000000000000e+00	0.000000000000000000e+00	0.000000000000000000e+00	0.000000000000000000e+00	0.000000000000000000e+00
0.000000000000000000e+00	0.000000000000000000e+00	0.000000000000000000e+00	0.000000000000000000e+00	0.000000000000000000e+00
0.000000000000000000e+00	0.000000000000000000e+00	0.000000000000000000e+00	0.000000000000000000e+00	0.000000000000000000e+00
0.000000000000000000e+00	0.000000000000000000e+00	0.000000000000000000e+00	0.000000000000000000e+00	0.000000000000000000e+00
0.000000000000000000e+00	0.000000000000000000e+00	0.000000000000000000e+00	0.000000000000000000e+00	0.000000000000000000e+00
0.000000000000000000e+00	0.000000000000000000e+00	0.000000000000000000e+00	0.000000000000000000e+00	0.000000000000000000e+00
0.000000000000000000e+00	0.000000000000000000e+00	0.000000000000000000e+00	0.000000000000000000e+00	0.000000000000000000e+00
0.000000000000000000e+00	0.000000000000000000e+00	0.000000000000000000e+00	0.000000000000000000e+00	0.000000000000000000e+00
0.000000000000000000e+00	0.000000000000000000e+00	0.000000000000000000e+00	0.000000000000000000e+00	0.000000000000000000e+00
0.000000000000000000e+00	0.000000000000000000e+00	0.000000000000000000e+00	0.000000000000000000e+00	0.000000000000000000e+00
0.000000000000000000e+00	0.000000000000000000e+00	0.000000000000000000e+00	0.000000000000000000e+00	0.000000000000000000e+00
0.000000000000000000e+00	0.000000000000000000e+00	0.000000000000000000e+00	0.000000000000000000e+00	0.000000000000000000e+00
0.000000000000000000e+00	0.000000000000000000e+00	0.000000000000000000e+00	0.000000000000000000e+00	0.000000000000000000e+00
0.000000000000000000e+00	0.000000000000000000e+00	0.000000000000000000e+00	0.000000000000000000e+00	0.000000000000000000e+00
0.000000000000000000e+00	0.000000000000000000e+00	0.000000000000000000e+00	0.000000000000000000e+00	0.000000000000000000e+00
0.000000000000000000e+00	0.000000000000000000e+00	0.000000000000000000e+00	0.000000000000000000e+00	0.000000000000000000e+00
0.000000000000000000e+00	0.000000000000000000e+00	0.000000000000000000e+00	0.000000000000000000e+00	0.000000000000000000e+00
0.000000000000000000e+00	0.000000000000000000e+00	0.000000000000000000e+00	0.000000000000000000e+00	0.000000000000000000e+00
0.000000000000000000e+00	0.000000000000000000e+00	0.000000000000000000e+00	0.000000000000000000e+00	0.000000000000000000e+00
0.000000000000000000e+00	0.000000000000000000e+00	0.000000000000000000e+00	0.000000000000000000e+00	0.000000000000000000e+00
0.000000000000000000e+00	0.000000000000000000e+00	0.000000000000000000e+00	0.000000000000000000e+00	0.000000000000000000e+00
0.000000000000000000e+00	0.000000000000000000e+00	0.000000000000000000e+00	0.000000000000000000e+00	0.000000000000000000e+00
0.000000000000000000e+00	0.000000000000000000e+00	0.000000000000000000e+00	0.000000000000000000e+00	0.000000000000000000e+00
0.000000000000000000e+00	0.000000000000000000e+00	0.000000000000000000e+00	0.000000000000000000e+00	0.000000000000000000e+00
0.000000000000000000e+00	0.000000000000000000e+00	0.000000000000000000e+00	0.000000000000000000e+00	0.000000000000000000e+00
0.000000000000000000e+00	0.000000000000000000e+00	0.000000000000000000e+00	0.000000000000000000e+00	0.000000000000000000e+00
0.000000000000000000e+00	0.000000000000000000e+00	0.000000000000000000e+00	0.000000000000000000e+00	0.000000000000000000e+00
0.000000000000000000e+00	0.000000000000000000e+00	0.000000000000000000e+00	0.000000000000000000e+00	0.000000000000000000e+00
0.000000000000000000e+00	0.000000000000000000e+00	0.000000000000000000e+00	0.000000000000000000e+00	0.000000000000000000e+00
0.000000000000000000e+00	0.000000000000000000e+00	0.000000000000000000e+00	0.000000000000000000e+00	0.000000000000000000e+00
0.000000000000000000e+00	0.000000000000000000e+00	0.000000000000000000e+00	0.000000000000000000e+00	0.000000000000000000e+00
0.000000000000000000e+00	0.000000000000000000e+00	0.000000000000000000e+00	0.000000000000000000e+00	0.000000000000000000e+00
0.000000000000000000e+00	0.000000000000000000e+00	0.000000000000000000e+00	0.000000000000000000e+00	0.000000000000000000e+00
0.000000000000000000e+00	0.000000000000000000e+00	0.000000000000000000e+00	0.000000000000000000e+00	0.000000000000000000e+00
0.000000000000000000e+00	0.000000000000000000e+00	0.000000000000000000e+00	0.000000000000000000e+00	0.000000000000000000e+00
0.000000000000000000e+00	0.000000000000000000e+00	0.000000000000000000e+00	0.000000000000000000e+00	0.000000000000000000e+00
0.000000000000000000e+00	0.000000000000000000e+00	0.000000000000000000e+00	0.000000000000000000e+00	0.000000000000000000e+00
0.000000000000000000e+00	0.000000000000000000e+00	0.000000000000000000e+00	0.000000000000000000e+00	0.000000000000000000e+00
0.000000000000000000e+00	0.000000000000000000e+00	0.000000000000000000e+00	0.000000000000000000e+00	0.000000000000000000e+00
0.000000000000000000e+00	0.000000000000000000e+00	0.000000000000000000e+00	0.000000000000000000e+00	0.000000000000000000e+00
0.000000000000000000e+00	0.000000000000000000e+00	0.000000000000000000e+00	0.000000000000000000e+00	0.000000000000000000e+00
0.000000000000000000e+00	0.000000000000000000e+00	0.000000000000000000e+00	0.000000000000000000e+00	0.000000000000000000e+00
0.000000000000000000e+00	0.000000000000000000e+00	0.000000000000000000e+00	0.000000000000000000e+00	0.000000000000000000e+00
0.000000000000000000e+00	0.000000000000000000e+00	0.000000000000000000e+00	0.000000000000000000e+00	0.000000000000000000e+00
0.000000000000000000e+00	0.000000000000000000e+00	0.000000000000000000e+00	0.000000000000000000e+00	0.000000000000000000e+00
0.000000000000000000e+00	0.000000000000000000e+00	0.000000000000000000e+00	0.000000000000000000e+00	0.000000000000000000e+00
0.000000000000000000e+00	0.000000000000000000e+00	0.000000000000000000e+00	0.000000000000000000e+00	0.000000000000000000e+00
0.000000000000000000e+00	0.000000000000000000e+00	0.000000000000000000e+00	0.000000000000000000e+00	0.000000000000000000e+00
0.000000000000000000e+00	0.000000000000000000e+00	0.000000000000000000e+00	0.000000000000000000e+00	0.000000000000000000e+00
0.000000000000000000e+00	0.000000000000000000e+00	0.000000000000000000e+00	0.000000000000000000e+00	0.000000000000000000e+00
0.000000000000000000e+00	0.000000000000000000e+00	0.000000000000000000e+00	0.000000000000000000e+00	0.000000000000000000e+00
0.000000000000000000e+00	0.000000000000000000e+00	0.000000000000000000e+00	0.000000000000000000e+00	0.000000000000000000e+00
0.000000000000000000e+00	0.000000000000000000e+00	0.000000000000000000e+00	0.000000000000000000e+00	0.000000000000000000e+00
0.000000000000000000e+00	0.000000000000000000e+00	0.000000000000000000e+00	0.000000000000000000e+00	0.000000000000000000e+00
0.000000000000000000e+00	0.000000000000000000e+00	0.000000000000000000e+00	0.000000000000000000e+00	0.000000000000000000e+00
0.000000000000000000e+00	0.000000000000000000e+00	0.000000000000000000e+00	0.000000000000000000e+00	0.000000000000000000e+00
0.000000000000000000e+00	0.000000000000000000e+00	0.000000000000000000e+00	0.000000000000000000e+00	0.000000000000000000e+00
0.000000000000000000e+00	0.000000000000000000e+00	0.000000000000000000e+00	0.000000000000000000e+00	0.000000000000000000e+00
0.000000000000000000e+00	0.000000000000000000e+00	0.000000000000000000e+00	0.000000000000000000e+00	0.000000000000000000e+00
0.000000000000000000e+00	0.000000000000000000e+00	0.000000000000000000e+00	0.000000000000000000e+00	0.000000000000000000e+00
0.000000000000000000e+00	0.000000000000000000e+00	0.000000000000000000e+00	0.000000000000000000e+00	0.000000000000000000e+00
0.000000000000000000e+00	0.000000000000000000e+00	0.000000000000000000e+00	0.000000000000000000e+00	0.000000000000000000e+00
0.000000000000000000e+00	0.000000000000000000e+00	0.000000000000000000e+00	0.000000000000000000e+00	0.000000000000000000e+00
0.000000000000000000e+00	0.000000000000000000e+00	0.000000000000000000e+00	0.000000000000000000e+00	0.000000000000000000e+00
0.000000000000000000e+00	0.000000000000000000e+00	0.000000000000000000e+00	0.000000000000000000e+00	0.000000000000000000e+00
0.000000000000000000e+00	0.000000000000000000e+00	0.000000000000000000e+00	0.000000000000000000e+00	0.000000000000000000e+00
0.000000000000000000e+00	0.000000000000000000e+00	0.000000000000000000e+00	0.000000000000000000e+00	0.000000000000000000e+00
0.000000000000000000e+00	0.000000000000000000e+00	0.000000000000000000e+00	0.000000000000000000e+00	0.000000000000000000e+00
0.000000000000000000e+00	0.000000000000000000e+00	0.000000000000000000e+00	0.000000000000000000e+00	0.000000000000000000e+00
0.000000000000000000e+00	0.000000000000000000e+00	0.000000000000000000e+00	0.000000000000000000e+00	0.000000000000000000e+00
0.000000000000000000e+00	0.000000000000000000e+00	0.000000000000000000e+00	0.000000000000000000e+00	0.000000000000000000e+00
0.000000000000000000e+00	0.000000000000000000e+00	0.000000000000000000e+00	0.000000000000000000e+00	0.000000000000000000e+00
0.000000000000000000e+00	0.000000000000000000e+00	0.000000000000000000e+00	0.000000000000000000e+00	0.000000000000000000e+00
0.000000000000000000e+00	0.000000000000000000e+00	0.000000000000000000e+00	0.000000000000000000e+00	0.000000000000000000e+00
0.000000000000000000e+00	0.000000000000000000e+00	0.000000000000000000e+00	0.000000000000000000e+00	0.000000000000000000e+00
0.000000000000000000e+00	0.000000000000000000e+00	0.000000000000000000e+00	0.000000000000000000e+00	0.000000000000000000e+00
0.000000000000000000e+00	0.000000000000000000e+00	0.000000000000000000e+00	0.000000000000000000e+00	0.000000000000000000e+00
0.000000000000000000e+00	0.000000000000000000e+00	0.000000000000000000e+00	0.000000000000000000e+00	0.000000000000000000e+00
0.000000000000000000e+00	0.000000000000000000e+00	0.000000000000000000e+00	0.000000000000000000e+00	0.000000000000000000e+00
0.000000000000000000e+00	0.000000000000000000e+00	0.000000000000000000e+00	0.000000000000000000e+00	0.000000000000000000e+00
0.000000000000000000e+00	0.000000000000000000e+00	0.000000000000000000e+00	0.000000000000000000e+00	0.000000000000000000e+00
0.000000000000000000e+00	0.000000000000000000e+00	0.000000000000000000e+00	0.000000000000000000e+00	0.000000000000000000e+00
0.000000000000000000e+00	0.000000000000000000e+00	0.000000000000000000e+00	0.000000000000000000e+00	0.000000000000000000e+00
0.000000000000000000e+00	0.000000000000000000e+00	0.000000000000000000e+00	0.000000000000000000e+00	0.000000000000000000e+00
0.000000000000000000e+00	0.000000000000000000e+00	0.000000000000000000e+00	0.000000000000000000e+00	0.000000000000000000e+00
0.000000000000000000e+00	0.000000000000000000e+00	0.000000000000000000e+00	0.000000000000000000e+00	0.000000000000000000e+00
0.000000000000000000e+00	0.000000000000000000e+00	0.000000000000000000e+00	0.000000000000000000e+00	0.000000000000000000e+00
0.000000000000000000e+00	0.000000000000000000e+00	0.000000000000000000e+00	0.000000000000000000e+00	0.000000000000000000e+00
0.000000000000000000e+00	0.000000000000000000e+00	0.000000000000000000e+00	0.000000000000000000e+00	0.000000000000000000e+00
0.000000000000000000e+00	0.000000000000000000e+00	0.000000000000000000e+00	0.000000000000000000e+00	0.000000000000000000e+00
0.000000000000000000e+00	0.000000000000000000e+00	0.000000000000000000e+00	0.000000000000000000e+00	0.000000000000000000e+00
0.000000000000000000e+00	0.000000000000000000e+00	0.000000000000000000e+00	0.000000000000000000e+00	0.000000000000000000e+00
0.000000000000000000e+00	0.000000000000000000e+00	0.000000000000000000e+00	0.000000000000000000e+00	0.000000000000000000e+00
0.000000000000000000e+00	0.000000000000000000e+00	0.000000000000000000e+00	0.000000000000000000e+00	0.000000000000000000e+00
0.000000000000000000e+00	0.000000000000000000e+00	0.000000000000000000e+00	0.000000000000000000e+00	0.000000000000000000e+00
0.000000000000000000e+00	0.000000000000000000e+00	0.000000000000000000e+00	0.000000000000000000e+00	0.000000000000000000e+00
0.000000000000000000e+00	0.000000000000000000e+00	0.000000000000000000e+00	0.000000000000000000e+00	0.000000000000000000e+00
0.000000000000000000e+00	0.000000000000000000e+00	0.000000000000000000e+00	0.000000000000000000e+00	0.000000000000000000e+00
0.000000000000000000e+00	0.000000000000000000e+00	0.000000000000000000e+00	0.000000000000000000e+00	0.000000000000000000e+00
0.000000000000000000e+00	0.000000000000000000e+00	0.000000000000000000e+00	0.000000000000000000e+00	0.000000000000000000e+00
0.000000000000000000e+00	0.000000000000000000e+00	0.000000000000000000e+00	0.000000000000000000e+00	0.000000000000000000e+00
0.000000000000000000e+00	0.000000000000000000e+00	0.000000000000000000e+00	0.000000000000000000e+00	0.000000000000000000e+00
0.000000000000000000e+00	0.000000000000000000e+00	0.000000000000000000e+00	0.000000000000000000e+00	0.000000000000000000e+00
0.000000000000000000e+00	0.000000000000000000e+00	0.000000000000000000e+00	0.000000000000000000e+00	0.000000000000000000e+00
0.000000000000000000e+00	0.000000000000000000e+00	0.000000000000000000e+00	0.000000000000000000e+00	0.000000000000000000e+00
0.000000000000000000e+00	0.000000000000000000e+00	0.000000000000000000e+00	0.000000000000000000e+00	0.000000000000000000e+00
0.000000000000000000e+00	0.000000000000000000e+00	0.000000000000000000e+00	0.000000000000000000e+00	0.000000000000000000e+00
0.000000000000000000e+00	0.000000000000000000e+00	0.000000000000000000e+00	0.000000000000000000e+00	0.000000000000000000e+00
0.000000000000000000e+00	0.000000000000000000e+00	0.000000000000000000e+00	0.000000000000000000e+00	0.000000000000000000e+00
0.000000000000000000e+00	0.000000000000000000e+00	0.000000000000000000e+00	0.000000000000000000e+00	0.000000000000000000e+00
0.000000000000000000e+00	0.000000000000000000e+00	0.000000000000000000e+00	0.000000000000000000e+00	0.000000000000000000e+00
0.000000000000000000e+00	0.000000000000000000e+00	0.000000000000000000e+00	0.000000000000000000e+00	0.000000000000000000e+00
0.000000000000000000e+00	0.000000000000000000e+00	0.000000000000000000e+00	0.000000000000000000e+00	0.000000000000000000e+00
0.000000000000000000e+00	0.000000000000000000e+00	0.000000000000000000e+00	0.000000000000000000e+00	0.000000000000000000e+00
0.000000000000000000e+00	0.000000000000000000e+00	0.000000000000000000e+00	0.000000000000000000e+00	0.000000000000000000e+00
0.000000000000000000e+00	0.000000000000000000e+00	0.000000000000000000e+00	0.000000000000000000e+00	0.000000000000000000e+00
0.000000000000000000e+00	0.000000000000000000e+00	0.000000000000000000e+00	0.000000000000000000e+00	0.000000000000000000e+00
0.000000000000000000e+00	0.000000000000000000e+00	0.000000000000000000e+00	0.000000000000000000e+00	0.000000000000000000e+00
0.000000000000000000e+00	0.000000000000000000e+00	0.000000000000000000e+00	0.000000000000000000e+00	0.000000000000000000e+00
0.000000000000000000e+00	0.000000000000000000e+00	0.000000000000000000e+00	0.000000000000000000e+00	0.000000000000000000e+00
0.000000000000000000e+00	0.000000000000000000e+00	0.000000000000000000e+00	0.000000000000000000e+00	0.000000000000000000e+00
0.000000000000000000e+00	0.000000000000000000e+00	0.000000000000000000e+00	0.000000000000000000e+00	0.000000000000000000e+00
0.000000000000000000e+00	0.000000000000000000e+00	0.000000000000000000e+00	0.000000000000000000e+00	0.000000000000000000e+00
0.000000000000000000e+00	0.000000000000000000e+00	0.000000000000000000e+00	0.000000000000000000e+00	0.000000000000000000e+00
0.000000000000000000e+00	0.000000000000000000e+00	0.000000000000000000e+00	0.000000000000000000e+00	0.000000000000000000e+00
0.000000000000000000e+00	0.000000000000000000e+00	0.000000000000000000e+00	0.000000000000000000e+00	0.000000000000000000e+00
0.000000000000000000e+00	0.000000000000000000e+00	0.000000000000000000e+00	0.000000000000000000e+00	0.000000000000000000e+00
0.000000000000000000e+00	0.000000000000000000e+00	0.000000000000000000e+00	0.000000000000000000e+00	0.000000000000000000e+00
0.000000000000000000e+00	0.000000000000000000e+00	0.000000000000000000e+00	0.000000000000000000e+00	0.000000000000000000e+00
0.000000000000000000e+00	0.000000000000000000e+00	0.000000000000000000e+00	0.000000000000000000e+00	0.000000000000000000e+00
0.000000000000000000e+00	0.000000000000000000e+00	0.000000000000000000e+00	0.000000000000000000e+00	0.000000000000000000e+00
0.000000000000000000e+00	0.000000000000000000e+00	0.000000000000000000e+00	0.000000000000000000e+00	0.000000000000000000e+00
0.000000000000000000e+00	0.000000000000000000e+00	0.000000000000000000e+00	0.000000000000000000e+00	0.000000000000000000e+00
0.000000000000000000e+00	0.000000000000000000e+00	0.000000000000000000e+00	0.000000000000000000e+00	0.000000000000000000e+00
0.000000000000000000e+00	0.000000000000000000e+00	0.000000000000000000e+00	0.000000000000000000e+00	0.000000000000000000e+00
0.000000000000000000e+00	0.000000000000000000e+00	0.000000000000000000e+00	0.000000000000000000e+00	0.000000000000000000e+00
0.000000000000000000e+00	0.000000000000000000e+00	0.000000000000000000e+00	0.000000000000000000e+00	0.000000000000000000e+00
0.000000000000000000e+00	0.000000000000000000e+00	0.000000000000000000e+00	0.000000000000000000e+00	0.000000000000000000e+00
0.000000000000000000e+00	0.000000000000000000e+00	0.000000000000000000e+00	0.000000000000000000e+00	0.000000000000000000e+00
0.000000000000000000e+00	0.000000000000000000e+00	0.000000000000000000e+00	0.000000000000000000e+00	0.000000000000000000e+00
0.000000000000000000e+00	0.000000000000000000e+00	0.000000000000000000e+00	0.000000000000000000e+00	0.000000000000000000e+00
0.000000000000000000e+00	0.000000000000000000e+00	0.000000000000000000e+00	0.000000000000000000e+00	0.000000000000000000e+00
0.000000000000000000e+00	0.000000000000000000e+00	0.000000000000000000e+00	0.000000000000000000e+00	0.000000000000000000e+00
0.000000000000000000e+00	0.000000000000000000e+00	0.000000000000000000e+00	0.000000000000000000e+00	0.000000000000000000e+00
0.000000000000000000e+00	0.000000000000000000e+00	0.000000000000000000e+00	0.000000000000000000e+00	0.000000000000000000e+00
0.000000000000000000e+00	0.000000000000000000e+00	0.000000000000000000e+00	0.000000000000000000e+00	0.000000000000000000e+00
0.000000000000000000e+00	0.000000000000000000e+00	0.000000000000000000e+00	0.000000000000000000e+00	0.000000000000000000e+00
0.000000000000000000e+00	0.000000000000000000e+00	0.000000000000000000e+00	0.000000000000000000e+00	0.000000000000000000e+00
0.000000000000000000e+00	0.000000000000000000e+00	0.000000000000000000e+00	0.000000000000000000e+00	0.000000000000000000e+00
0.000000000000000000e+00	0.000000000000000000e+00	0.000000000000000000e+00	0.000000000000000000e+00	0.000000000000000000e+00
0.000000000000000000e+00	0.000000000000000000e+00	0.000000000000000000e+00	0.000000000000000000e+00	0.000000000000000000e+00
0.000000000000000000e+00	0.000000000000000000e+00	0.000000000000000000e+00	0.000000000000000000e+00	0.000000000000000000e+00
0.000000000000000000e+00	0.000000000000000000e+00	0.000000000000000000e+00	0.000000000000000000e+00	0.000000000000000000e+00
0.000000000000000000e+00	0.000000000000000000e+00	0.000000000000000000e+00	0.000000000000000000e+00	0.000000000000000000e+00
0.000000000000000000e+00	0.000000000000000000e+00	0.000000000000000000e+00	0.000000000000000000e+00	0.000000000000000000e+00
0.000000000000000000e+00	0.000000000000000000e+00	0.000000000000000000e+00	0.000000000000000000e+00	0.000000000000000000e+00
0.000000000000000000e+00	0.000000000000000000e+00	0.000000000000000000e+00	0.000000000000000000e+00	0.000000000000000000e+00
0.000000000000000000e+00	0.000000000000000000e+00	0.000000000000000000e+00	0.000000000000000000e+00	0.000000000000000000e+00
0.000000000000000000e+00	0.000000000000000000e+00	0.000000000000000000e+00	0.000000000000000000e+00	0.000000000000000000e+00
0.000000000000000000e+00	0.000000000000000000e+00	0.000000000000000000e+00	0.000000000000000000e+00	0.000000000000000000e+00
0.000000000000000000e+00	0.000000000000000000e+00	0.000000000000000000e+00	0.000000000000000000e+00	0.000000000000000000e+00
0.000000000000000000e+00	0.000000000000000000e+00	0.000000000000000000e+00	0.000000000000000000e+00	0.000000000000000000e+00
0.000000000000000000e+00	0.000000000000000000e+00	0.000000000000000000e+00	0.000000000000000000e+00	0.000000000000000000e+00
0.000000000000000000e+00	0.000000000000000000e+00	0.000000000000000000e+00	0.000000000000000000e+00	0.000000000000000000e+00
0.000000000000000000e+00	0.000000000000000000e+00	0.000000000000000000e+00	0.000000000000000000e+00	0.000000000000000000e+00
0.000000000000000000e+00	0.000000000000000000e+00	0.000000000000000000e+00	0.000000000000000000e+00	0.000000000000000000e+00
0.000000000000000000e+00	0.000000000000000000e+00	0.000000000000000000e+00	0.000000000000000000e+00	0.000000000000000000e+00
0.000000000000000000e+00	0.000000000000000000e+00	0.000000000000000000e+00	0.000000000000000000e+00	0.000000000000000000e+00
0.000000000000000000e+00	0.000000000000000000e+00	0.000000000000000000e+00	0.000000000000000000e+00	0.000000000000000000e+00
0.000000000000000000e+00	0.000000000000000000e+00	0.000000000000000000e+00	0.000000000000000000e+00	0.000000000000000000e+00
0.000000000000000000e+00	0.000000000000000000e+00	0.000000000000000000e+00	0.000000000000000000e+00	0.000000000000000000e+00
0.000000000000000000e+00	0.000000000000000000e+00	0.000000000000000000e+00	0.000000000000000000e+00	0.000000000000000000e+00
0.000000000000000000e+00	0.000000000000000000e+00	0.000000000000000000e+00	0.000000000000000000e+00	0.000000000000000000e+00
0.000000000000000000e+00	0.000000000000000000e+00	0.000000000000000000e+00	0.000000000000000000e+00	0.000000000000000000e+00
0.000000000000000000e+00	0.000000000000000000e+00	0.000000000000000000e+00	0.000000000000000000e+00	0.000000000000000000e+00
0.000000000000000000e+00	0.000000000000000000e+00	0.000000000000000000e+00	0.000000000000000000e+00	0.000000000000000000e+00
0.000000000000000000e+00	0.000000000000000000e+00	0.000000000000000000e+00	0.000000000000000000e+00	0.000000000000000000e+00
0.000000000000000000e+00	0.000000000000000000e+00	0.000000000000000000e+00	0.000000000000000000e+00	0.000000000000000000e+00
0.000000000000000000e+00	0.000000000000000000e+00	0.000000000000000000e+00	0.000000000000000000e+00	0.000000000000000000e+00
0.000000000000000000e+00	0.000000000000000000e+00	0.000000000000000000e+00	0.000000000000000000e+00	0.000000000000000000e+00
0.000000000000000000e+00	0.000000000000000000e+00	0.000000000000000000e+00	0.000000000000000000e+00	0.000000000000000000e+00
0.000000000000000000e+00	0.000000000000000000e+00	0.000000000000000000e+00	0.000000000000000000e+00	0.000000000000000000e+00
0.000000000000000000e+00	0.000000000000000000e+00	0.000000000000000000e+00	0.000000000000000000e+00	0.000000000000000000e+00
0.000000000000000000e+00	0.000000000000000000e+00	0.000000000000000000e+00	0.000000000000000000e+00	0.000000000000000000e+00
0.000000000000000000e+00	0.000000000000000000e+00	0.000000000000000000e+00	0.000000000000000000e+00	0.000000000000000000e+00
0.000000000000000000e+00	0.000000000000000000e+00	0.000000000000000000e+00	0.000000000000000000e+00	0.000000000000000000e+00
0.000000000000000000e+00	0.000000000000000000e+00	0.000000000000000000e+00	0.000000000000000000e+00	0.000000000000000000e+00
0.000000000000000000e+00	0.000000000000000000e+00	0.000000000000000000e+00	0.000000000000000000e+00	0.000000000000000000e+00
0.000000000000000000e+00	0.000000000000000000e+00	0.000000000000000000e+00	0.000000000000000000e+00	0.000000000000000000e+00
0.000000000000000000e+00	0.000000000000000000e+00	0.000000000000000000e+00	0.000000000000000000e+00	0.000000000000000000e+00
0.000000000000000000e+00	0.000000000000000000e+00	0.000000000000000000e+00	0.000000000000000000e+00	0.000000000000000000e+00
0.000000000000000000e+00	0.000000000000000000e+00	0.000000000000000000e+00	0.000000000000000000e+00	0.000000000000000000e+00
0.000000000000000000e+00	0.000000000000000000e+00	0.000000000000000000e+00	0.000000000000000000e+00	0.000000000000000000e+00
0.000000000000000000e+00	0.000000000000000000e+00	0.000000000000000000e+00	0.000000000000000000e+00	0.000000000000000000e+00
0.000000000000000000e+00	0.000000000000000000e+00	0.000000000000000000e+00	0.000000000000000000e+00	0.000000000000000000e+00
0.000000000000000000e+00	0.000000000000000000e+00	0.000000000000000000e+00	0.000000000000000000e+00	0.000000000000000000e+00
0.000000000000000000e+00	0.000000000000000000e+00	0.000000000000000000e+00	0.000000000000000000e+00	0.000000000000000000e+00
0.000000000000000000e+00	0.000000000000000000e+00	0.000000000000000000e+00	0.000000000000000000e+00	0.000000000000000000e+00
0.000000000000000000e+00	0.000000000000000000e+00	0.000000000000000000e+00	0.000000000000000000e+00	0.000000000000000000e+00
0.000000000000000000e+00	0.000000000000000000e+00	0.000000000000000000e+00	0.000000000000000000e+00	0.000000000000000000e+00
0.000000000000000000e+00	0.000000000000000000e+00	0.000000000000000000e+00	0.000000000000000000e+00	0.000000000000000000e+00
0.000000000000000000e+00	0.000000000000000000e+00	0.000000000000000000e+00	0.000000000000000000e+00	0.000000000000000000e+00
0.000000000000000000e+00	0.000000000000000000e+00	0.000000000000000000e+00	0.000000000000000000e+00	0.000000000000000000e+00
0.000000000000000000e+00	0.000000000000000000e+00	0.000000000000000000e+00	0.000000000000000000e+00	0.000000000000000000e+00
0.000000000000000000e+00	0.000000000000000000e+00	0.000000000000000000e+00	0.000000000000000000e+00	0.000000000000000000e+00
0.000000000000000000e+00	0.000000000000000000e+00	0.000000000000000000e+00	0.000000000000000000e+00	0.000000000000000000e+00
0.000000000000000000e+00	0.000000000000000000e+00	0.000000000000000000e+00	0.000000000000000000e+00	0.000000000000000000e+00
0.000000000000000000e+00	0.000000000000000000e+00	0.000000000000000000e+00	0.000000000000000000e+00	0.000000000000000000e+00
0.000000000000000000e+00	0.000000000000000000e+00	0.000000000000000000e+00	0.000000000000000000e+00	0.000000000000000000e+00
0.000000000000000000e+00	0.000000000000000000e+00	0.000000000000000000e+00	0.000000000000000000e+00	0.000000000000000000e+00
0.000000000000000000e+00	0.000000000000000000e+00	0.000000000000000000e+00	0.000000000000000000e+00	0.000000000000000000e+00
0.000000000000000000e+00	0.000000000000000000e+00	0.000000000000000000e+00	0.000000000000000000e+00	0.000000000000000000e+00
0.000000000000000000e+00	0.000000000000000000e+00	0.000000000000000000e+00	0.000000000000000000e+00	0.000000000000000000e+00
0.000000000000000000e+00	0.000000000000000000e+00	0.000000000000000000e+00	0.000000000000000000e+00	0.000000000000000000e+00
0.000000000000000000e+00	0.000000000000000000e+00	0.000000000000000000e+00	0.000000000000000000e+00	0.000000000000000000e+00
0.000000000000000000e+00	0.000000000000000000e+00	0.000000000000000000e+00	0.000000000000000000e+00	0.000000000000000000e+00
0.000000000000000000e+00	0.000000000000000000e+00	0.000000000000000000e+00	0.000000000000000000e+00	0.000000000000000000e+00
0.000000000000000000e+00	0.000000000000000000e+00	0.000000000000000000e+00	0.000000000000000000e+00	0.000000000000000000e+00
0.000000000000000000e+00	0.000000000000000000e+00	0.000000000000000000e+00	0.000000000000000000e+00	0.000000000000000000e+00
0.000000000000000000e+00	0.000000000000000000e+00	0.000000000000000000e+00	0.000000000000000000e+00	0.000000000000000000e+00
0.000000000000000000e+00	0.000000000000000000e+00	0.000000000000000000e+00	0.000000000000000000e+00	0.000000000000000000e+00
0.000000000000000000e+00	0.000000000000000000e+00	0.000000000000000000e+00	0.000000000000000000e+00	0.000000000000000000e+00
0.000000000000000000e+00	0.000000000000000000e+00	0.000000000000000000e+00	0.000000000000000000e+00	0.000000000000000000e+00
0.000000000000000000e+00	0.000000000000000000e+00	0.000000000000000000e+00	0.000000000000000000e+00	0.000000000000000000e+00
0.000000000000000000e+00	0.000000000000000000e+00	0.000000000000000000e+00	0.000000000000000000e+00	0.000000000000000000e+00
0.000000000000000000e+00	0.000000000000000000e+00	0.000000000000000000e+00	0.000000000000000000e+00	0.000000000000000000e+00
0.000000000000000000e+00	0.000000000000000000e+00	0.000000000000000000e+00	0.000000000000000000e+00	0.000000000000000000e+00
0.000000000000000000e+00	0.000000000000000000e+00	0.000000000000000000e+00	0.000000000000000000e+00	0.000000000000000000e+00
0.000000000000000000e+00	0.000000000000000000e+00	0.000000000000000000e+00	0.000000000000000000e+00	0.000000000000000000e+00
0.000000000000000000e+00	0.000000000000000000e+00	0.000000000000000000e+00	0.000000000000000000e+00	0.000000000000000000e+00
0.000000000000000000e+00	0.000000000000000000e+00	0.000000000000000000e+00	0.000000000000000000e+00	0.000000000000000000e+00
0.000000000000000000e+00	0.000000000000000000e+00	0.000000000000000000e+00	0.000000000000000000e+00	0.000000000000000000e+00
0.000000000000000000e+00	0.000000000000000000e+00	0.000000000000000000e+00	0.000000000000000000e+00	0.000000000000000000e+00
0.000000000000000000e+00	0.000000000000000000e+00	0.000000000000000000e+00	0.000000000000000000e+00	0.000000000000000000e+00
0.000000000000000000e+00	0.000000000000000000e+00	0.000000000000000000e+00	0.000000000000000000e+00	0.000000000000000000e+00
0.000000000000000000e+00	0.000000000000000000e+00	0.000000000000000000e+00	0.000000000000000000e+00	0.000000000000000000e+00
0.000000000000000000e+00	0.000000000000000000e+00	0.000000000000000000e+00	0.000000000000000000e+00	0.000000000000000000e+00
0.000000000000000000e+00	0.000000000000000000e+00	0.000000000000000000e+00	0.000000000000000000e+00	0.000000000000000000e+00
0.000000000000000000e+00	0.000000000000000000e+00	0.000000000000000000e+00	0.000000000000000000e+00	0.000000000000000000e+00
0.000000000000000000e+00	0.000000000000000000e+00	0.000000000000000000e+00	0.000000000000000000e+00	0.000000000000000000e+00
0.000000000000000000e+00	0.000000000000000000e+00	0.000000000000000000e+00	0.000000000000000000e+00	0.000000000000000000e+00
0.000000000000000000e+00	0.000000000000000000e+00	0.000000000000000000e+00	0.000000000000000000e+00	0.000000000000000000e+00
0.000000000000000000e+00	0.000000000000000000e+00	0.000000000000000000e+00	0.000000000000000000e+00	0.000000000000000000e+00
0.000000000000000000e+00	0.000000000000000000e+00	0.000000000000000000e+00	0.000000000000000000e+00	0.000000000000000000e+00
0.000000000000000000e+00	0.000000000000000000e+00	0.000000000000000000e+00	0.000000000000000000e+00	0.000000000000000000e+00
0.000000000000000000e+00	0.000000000000000000e+00	0.000000000000000000e+00	0.000000000000000000e+00	0.000000000000000000e+00
0.000000000000000000e+00	0.000000000000000000e+00	0.000000000000000000e+00	0.000000000000000000e+00	0.000000000000000000e+00
0.000000000000000000e+00	0.000000000000000000e+00	0.000000000000000000e+00	0.000000000000000000e+00	0.000000000000000000e+00
0.000000000000000000e+00	0.000000000000000000e+00	0.000000000000000000e+00	0.000000000000000000e+00	0.000000000000000000e+00
0.000000000000000000e+00	0.000000000000000000e+00	0.000000000000000000e+00	0.000000000000000000e+00	0.000000000000000000e+00
0.000000000000000000e+00	0.000000000000000000e+00	0.000000000000000000e+00	0.000000000000000000e+00	0.000000000000000000e+00
0.000000000000000000e+00	0.000000000000000000e+00	0.000000000000000000e+00	0.000000000000000000e+00	0.000000000000000000e+00
0.000000000000000000e+00	0.000000000000000000e+00	0.000000000000000000e+00	0.000000000000000000e+00	0.000000000000000000e+00
0.000000000000000000e+00	0.000000000000000000e+00	0.000000000000000000e+00	0.000000000000000000e+00	0.000000000000000000e+00
0.000000000000000000e+00	0.000000000000000000e+00	0.000000000000000000e+00	0.000000000000000000e+00	0.000000000000000000e+00
0.000000000000000000e+00	0.000000000000000000e+00	0.000000000000000000e+00	0.000000000000000000e+00	0.000000000000000000e+00
0.000000000000000000e+00	0.000000000000000000e+00	0.000000000000000000e+00	0.000000000000000000e+00	0.000000000000000000e+00
0.000000000000000000e+00	0.000000000000000000e+00	0.000000000000000000e+00	0.000000000000000000e+00	0.000000000000000000e+00
0.000000000000000000e+00	0.000000000000000000e+00	0.000000000000000000e+00	0.000000000000000000e+00	0.000000000000000000e+00
0.000000000000000000e+00	0.000000000000000000e+00	0.000000000000000000e+00	0.000000000000000000e+00	0.000000000000000000e+00
0.000000000000000000e+00	0.000000000000000000e+00	0.000000000000000000e+00	0.000000000000000000e+00	0.000000000000000000e+00
0.000000000000000000e+00	0.000000000000000000e+00	0.000000000000000000e+00	0.000000000000000000e+00	0.000000000000000000e+00
0.000000000000000000e+00	0.000000000000000000e+00	0.000000000000000000e+00	0.000000000000000000e+00	0.000000000000000000e+00
0.000000000000000000e+00	0.000000000000000000e+00	0.000000000000000000e+00	0.000000000000000000e+00	0.000000000000000000e+00
0.000000000000000000e+00	0.000000000000000000e+00	0.000000000000000000e+00	0.000000000000000000e+00	0.000000000000000000e+00
0.000000000000000000e+00	0.000000000000000000e+00	0.000000000000000000e+00	0.000000000000000000e+00	0.000000000000000000e+00
0.000000000000000000e+00	0.000000000000000000e+00	0.000000000000000000e+00	0.000000000000000000e+00	0.000000000000000000e+00
0.000000000000000000e+00	0.000000000000000000e+00	0.000000000000000000e+00	0.000000000000000000e+00	0.000000000000000000e+00
0.000000000000000000e+00	0.000000000000000000e+00	0.000000000000000000e+00	0.000000000000000000e+00	0.000000000000000000e+00
0.000000000000000000e+00	0.000000000000000000e+00	0.000000000000000000e+00	0.000000000000000000e+00	0.000000000000000000e+00
0.000000000000000000e+00	0.000000000000000000e+00	0.000000000000000000e+00	0.000000000000000000e+00	0.000000000000000000e+00
0.000000000000000000e+00	0.000000000000000000e+00	0.000000000000000000e+00	0.000000000000000000e+00	0.000000000000000000e+00
0.000000000000000000e+00	0.000000000000000000e+00	0.000000000000000000e+00	0.000000000000000000e+00	0.000000000000000000e+00
0.000000000000000000e+00	0.000000000000000000e+00	0.000000000000000000e+00	0.000000000000000000e+00	0.000000000000000000e+00
0.000000000000000000e+00	0.000000000000000000e+00	0.000000000000000000e+00	0.000000000000000000e+00	0.000000000000000000e+00
0.000000000000000000e+00	0.000000000000000000e+00	0.000000000000000000e+00	0.000000000000000000e+00	0.000000000000000000e+00
0.000000000000000000e+00	0.000000000000000000e+00	0.000000000000000000e+00	0.000000000000000000e+00	0.000000000000000000e+00
0.000000000000000000e+00	0.000000000000000000e+00	0.000000000000000000e+00	0.000000000000000000e+00	0.000000000000000000e+00
0.000000000000000000e+00	0.000000000000000000e+00	0.000000000000000000e+00	0.000000000000000000e+00	0.000000000000000000e+00
0.000000000000000000e+00	0.000000000000000000e+00	0.000000000000000000e+00	0.000000000000000000e+00	0.000000000000000000e+00
0.000000000000000000e+00	0.000000000000000000e+00	0.000000000000000000e+00	0.000000000000000000e+00	0.000000000000000000e+00
0.000000000000000000e+00	0.000000000000000000e+00	0.000000000000000000e+00	0.000000000000000000e+00	0.000000000000000000e+00
0.000000000000000000e+00	0.000000000000000000e+00	0.000000000000000000e+00	0.000000000000000000e+00	0.000000000000000000e+00
0.000000000000000000e+00	0.000000000000000000e+00	0.000000000000000000e+00	0.000000000000000000e+00	0.000000000000000000e+00
0.000000000000000000e+00	0.000000000000000000e+00	0.000000000000000000e+00	0.000000000000000000e+00	0.000000000000000000e+00
0.000000000000000000e+00	0.000000000000000000e+00	0.000000000000000000e+00	0.000000000000000000e+00	0.000000000000000000e+00
0.000000000000000000e+00	0.000000000000000000e+00	0.000000000000000000e+00	0.000000000000000000e+00	0.000000000000000000e+00
0.000000000000000000e+00	0.000000000000000000e+00	0.000000000000000000e+00	0.000000000000000000e+00	0.000000000000000000e+00
0.000000000000000000e+00	0.000000000000000000e+00	0.000000000000000000e+00	0.000000000000000000e+00	0.000000000000000000e+00
0.000000000000000000e+00	0.000000000000000000e+00	0.000000000000000000e+00	0.000000000000000000e+00	0.000000000000000000e+00
0.000000000000000000e+00	0.000000000000000000e+00	0.000000000000000000e+00	0.000000000000000000e+00	0.000000000000000000e+00
0.000000000000000000e+00	0.000000000000000000e+00	0.000000000000000000e+00	0.000000000000000000e+00	0.000000000000000000e+00
0.000000000000000000e+00	0.000000000000000000e+00	0.000000000000000000e+00	0.000000000000000000e+00	0.000000000000000000e+00
0.000000000000000000e+00	0.000000000000000000e+00	0.000000000000000000e+00	0.000000000000000000e+00	0.000000000000000000e+00
0.000000000000000000e+00	0.000000000000000000e+00	0.000000000000000000e+00	0.000000000000000000e+00	0.000000000000000000e+00
0.000000000000000000e+00	0.000000000000000000e+00	0.000000000000000000e+00	0.000000000000000000e+00	0.000000000000000000e+00
0.000000000000000000e+00	0.000000000000000000e+00	0.000000000000000000e+00	0.000000000000000000e+00	0.000000000000000000e+00
0.000000000000000000e+00	0.000000000000000000e+00	0.000000000000000000e+00	0.000000000000000000e+00	0.000000000000000000e+00
0.000000000000000000e+00	0.000000000000000000e+00	0.000000000000000000e+00	0.000000000000000000e+00	0.000000000000000000e+00
0.000000000000000000e+00	0.000000000000000000e+00	0.000000000000000000e+00	0.000000000000000000e+00	0.000000000000000000e+00
0.000000000000000000e+00	0.000000000000000000e+00	0.000000000000000000e+00	0.000000000000000000e+00	0.000000000000000000e+00
0.000000000000000000e+00	0.000000000000000000e+00	0.000000000000000000e+00	0.000000000000000000e+00	0.000000000000000000e+00
0.000000000000000000e+00	0.000000000000000000e+00	0.000000000000000000e+00	0.000000000000000000e+00	0.000000000000000000e+00
0.000000000000000000e+00	0.000000000000000000e+00	0.000000000000000000e+00	0.000000000000000000e+00	0.000000000000000000e+00
0.000000000000000000e+00	0.000000000000000000e+00	0.000000000000000000e+00	0.000000000000000000e+00	0.000000000000000000e+00
0.000000000000000000e+00	0.000000000000000000e+00	0.000000000000000000e+00	0.000000000000000000e+00	0.000000000000000000e+00
0.000000000000000000e+00	0.000000000000000000e+00	0.000000000000000000e+00	0.000000000000000000e+00	0.000000000000000000e+00
0.000000000000000000e+00	0.000000000000000000e+00	0.000000000000000000e+00	0.000000000000000000e+00	0.000000000000000000e+00
0.000000000000000000e+00	0.000000000000000000e+00	0.000000000000000000e+00	0.000000000000000000e+00	0.000000000000000000e+00
0.000000000000000000e+00	0.000000000000000000e+00	0.000000000000000000e+00	0.000000000000000000e+00	0.000000000000000000e+00
0.000000000000000000e+00	0.000000000000000000e+00	0.000000000000000000e+00	0.000000000000000000e+00	0.000000000000000000e+00
0.000000000000000000e+00	0.000000000000000000e+00	0.000000000000000000e+00	0.000000000000000000e+00	0.000000000000000000e+00
0.000000000000000000e+00	0.000000000000000000e+00	0.000000000000000000e+00	0.000000000000000000e+00	0.000000000000000000e+00
0.000000000000000000e+00	0.000000000000000000e+00	0.000000000000000000e+00	0.000000000000000000e+00	0.000000000000000000e+00
0.000000000000000000e+00	0.000000000000000000e+00	0.000000000000000000e+00	0.000000000000000000e+00	0.000000000000000000e+00
0.000000000000000000e+00	0.000000000000000000e+00	0.000000000000000000e+00	0.000000000000000000e+00	0.000000000000000000e+00
0.000000000000000000e+00	0.000000000000000000e+00	0.000000000000000000e+00	0.000000000000000000e+00	0.000000000000000000e+00
0.000000000000000000e+00	0.000000000000000000e+00	0.000000000000000000e+00	0.000000000000000000e+00	0.000000000000000000e+00
0.000000000000000000e+00	0.000000000000000000e+00	0.000000000000000000e+00	0.000000000000000000e+00	0.000000000000000000e+00
0.000000000000000000e+00	0.000000000000000000e+00	0.000000000000000000e+00	0.000000000000000000e+00	0.000000000000000000e+00
0.000000000000000000e+00	0.000000000000000000e+00	0.000000000000000000e+00	0.000000000000000000e+00	0.000000000000000000e+00
0.000000000000000000e+00	0.000000000000000000e+00	0.000000000000000000e+00	0.000000000000000000e+00	0.000000000000000000e+00
0.000000000000000000e+00	0.000000000000000000e+00	0.000000000000000000e+00	0.000000000000000000e+00	0.000000000000000000e+00
0.000000000000000000e+00	0.000000000000000000e+00	0.000000000000000000e+00	0.000000000000000000e+00	0.000000000000000000e+00
0.000000000000000000e+00	0.000000000000000000e+00	0.000000000000000000e+00	0.000000000000000000e+00	0.000000000000000000e+00
0.000000000000000000e+00	0.000000000000000000e+00	0.000000000000000000e+00	0.000000000000000000e+00	0.000000000000000000e+00
0.000000000000000000e+00	0.000000000000000000e+00	0.000000000000000000e+00	0.000000000000000000e+00	0.000000000000000000e+00
0.000000000000000000e+00	0.000000000000000000e+00	0.000000000000000000e+00	0.000000000000000000e+00	0.000000000000000000e+00
0.000000000000000000e+00	0.000000000000000000e+00	0.000000000000000000e+00	0.000000000000000000e+00	0.000000000000000000e+00
0.000000000000000000e+00	0.000000000000000000e+00	0.000000000000000000e+00	0.000000000000000000e+00	0.000000000000000000e+00
0.000000000000000000e+00	0.000000000000000000e+00	0.000000000000000000e+00	0.000000000000000000e+00	0.000000000000000000e+00
0.000000000000000000e+00	0.000000000000000000e+00	0.000000000000000000e+00	0.000000000000000000e+00	0.000000000000000000e+00
0.000000000000000000e+00	0.000000000000000000e+00	0.000000000000000000e+00	0.000000000000000000e+00	0.000000000000000000e+00
0.000000000000000000e+00	0.000000000000000000e+00	0.000000000000000000e+00	0.000000000000000000e+00	0.000000000000000000e+00
0.000000000000000000e+00	0.000000000000000000e+00	0.000000000000000000e+00	0.000000000000000000e+00	0.000000000000000000e+00
0.000000000000000000e+00	0.000000000000000000e+00	0.000000000000000000e+00	0.000000000000000000e+00	0.000000000000000000e+00
0.000000000000000000e+00	0.000000000000000000e+00	0.000000000000000000e+00	0.000000000000000000e+00	0.000000000000000000e+00
0.000000000000000000e+00	0.000000000000000000e+00	0.000000000000000000e+00	0.000000000000000000e+00	0.000000000000000000e+00
0.000000000000000000e+00	0.000000000000000000e+00	0.000000000000000000e+00	0.000000000000000000e+00	0.000000000000000000e+00
0.000000000000000000e+00	0.000000000000000000e+00	0.000000000000000000e+00	0.000000000000000000e+00	0.000000000000000000e+00
0.000000000000000000e+00	0.000000000000000000e+00	0.000000000000000000e+00	0.000000000000000000e+00	0.000000000000000000e+00
0.000000000000000000e+00	0.000000000000000000e+00	0.000000000000000000e+00	0.000000000000000000e+00	0.000000000000000000e+00
0.000000000000000000e+00	0.000000000000000000e+00	0.000000000000000000e+00	0.000000000000000000e+00	0.000000000000000000e+00
0.000000000000000000e+00	0.000000000000000000e+00	0.000000000000000000e+00	0.000000000000000000e+00	0.000000000000000000e+00
0.000000000000000000e+00	0.000000000000000000e+00	0.000000000000000000e+00	0.000000000000000000e+00	0.000000000000000000e+00
0.000000000000000000e+00	0.000000000000000000e+00	0.000000000000000000e+00	0.000000000000000000e+00	0.000000000000000000e+00
0.000000000000000000e+00	0.000000000000000000e+00	0.000000000000000000e+00	0.000000000000000000e+00	0.000000000000000000e+00
0.000000000000000000e+00	0.000000000000000000e+00	0.000000000000000000e+00	0.000000000000000000e+00	0.000000000000000000e+00
0.000000000000000000e+00	0.000000000000000000e+00	0.000000000000000000e+00	0.000000000000000000e+00	0.000000000000000000e+00
0.000000000000000000e+00	0.000000000000000000e+00	0.000000000000000000e+00	0.000000000000000000e+00	0.000000000000000000e+00
0.000000000000000000e+00	0.000000000000000000e+00	0.000000000000000000e+00	0.000000000000000000e+00	0.000000000000000000e+00
0.000000000000000000e+00	0.000000000000000000e+00	0.000000000000000000e+00	0.000000000000000000e+00	0.000000000000000000e+00
0.000000000000000000e+00	0.000000000000000000e+00	0.000000000000000000e+00	0.000000000000000000e+00	0.000000000000000000e+00
0.000000000000000000e+00	0.000000000000000000e+00	0.000000000000000000e+00	0.000000000000000000e+00	0.000000000000000000e+00
0.000000000000000000e+00	0.000000000000000000e+00	0.000000000000000000e+00	0.000000000000000000e+00	0.000000000000000000e+00
0.000000000000000000e+00	0.000000000000000000e+00	0.000000000000000000e+00	0.000000000000000000e+00	0.000000000000000000e+00
0.000000000000000000e+00	0.000000000000000000e+00	0.000000000000000000e+00	0.000000000000000000e+00	0.000000000000000000e+00
0.000000000000000000e+00	0.000000000000000000e+00	0.000000000000000000e+00	0.000000000000000000e+00	0.000000000000000000e+00
0.000000000000000000e+00	0.000000000000000000e+00	0.000000000000000000e+00	0.000000000000000000e+00	0.000000000000000000e+00
0.000000000000000000e+00	0.000000000000000000e+00	0.000000000000000000e+00	0.000000000000000000e+00	0.000000000000000000e+00
0.000000000000000000e+00	0.000000000000000000e+00	0.000000000000000000e+00	0.000000000000000000e+00	0.000000000000000000e+00
0.000000000000000000e+00	0.000000000000000000e+00	0.000000000000000000e+00	0.000000000000000000e+00	0.000000000000000000e+00
0.000000000000000000e+00	0.000000000000000000e+00	0.000000000000000000e+00	0.000000000000000000e+00	0.000000000000000000e+00
0.000000000000000000e+00	0.000000000000000000e+00	0.000000000000000000e+00	0.000000000000000000e+00	0.000000000000000000e+00
0.000000000000000000e+00	0.000000000000000000e+00	0.000000000000000000e+00	0.000000000000000000e+00	0.000000000000000000e+00
0.000000000000000000e+00	0.000000000000000000e+00	0.000000000000000000e+00	0.000000000000000000e+00	0.000000000000000000e+00
0.000000000000000000e+00	0.000000000000000000e+00	0.000000000000000000e+00	0.000000000000000000e+00	0.000000000000000000e+00
0.000000000000000000e+00	0.000000000000000000e+00	0.000000000000000000e+00	0.000000000000000000e+00	0.000000000000000000e+00
0.000000000000000000e+00	0.000000000000000000e+00	0.000000000000000000e+00	0.000000000000000000e+00	0.000000000000000000e+00
0.000000000000000000e+00	0.000000000000000000e+00	0.000000000000000000e+00	0.000000000000000000e+00	0.000000000000000000e+00
0.000000000000000000e+00	0.000000000000000000e+00	0.000000000000000000e+00	0.000000000000000000e+00	0.000000000000000000e+00
0.000000000000000000e+00	0.000000000000000000e+00	0.000000000000000000e+00	0.000000000000000000e+00	0.000000000000000000e+00
0.000000000000000000e+00	0.000000000000000000e+00	0.000000000000000000e+00	0.000000000000000000e+00	0.000000000000000000e+00
0.000000000000000000e+00	0.000000000000000000e+00	0.000000000000000000e+00	0.000000000000000000e+00	0.000000000000000000e+00
0.000000000000000000e+00	0.000000000000000000e+00	0.000000000000000000e+00	0.000000000000000000e+00	0.000000000000000000e+00
0.000000000000000000e+00	0.000000000000000000e+00	0.000000000000000000e+00	0.000000000000000000e+00	0.000000000000000000e+00
0.000000000000000000e+00	0.000000000000000000e+00	0.000000000000000000e+00	0.000000000000000000e+00	0.000000000000000000e+00
0.000000000000000000e+00	0.000000000000000000e+00	0.000000000000000000e+00	0.000000000000000000e+00	0.000000000000000000e+00
0.000000000000000000e+00	0.000000000000000000e+00	0.000000000000000000e+00	0.000000000000000000e+00	0.000000000000000000e+00
0.000000000000000000e+00	0.000000000000000000e+00	0.000000000000000000e+00	0.000000000000000000e+00	0.000000000000000000e+00
0.000000000000000000e+00	0.000000000000000000e+00	0.000000000000000000e+00	0.000000000000000000e+00	0.000000000000000000e+00
0.000000000000000000e+00	0.000000000000000000e+00	0.000000000000000000e+00	0.000000000000000000e+00	0.000000000000000000e+00
0.000000000000000000e+00	0.000000000000000000e+00	0.000000000000000000e+00	0.000000000000000000e+00	0.000000000000000000e+00
0.000000000000000000e+00	0.000000000000000000e+00	0.000000000000000000e+00	0.000000000000000000e+00	0.000000000000000000e+00
0.000000000000000000e+00	0.000000000000000000e+00	0.000000000000000000e+00	0.000000000000000000e+00	0.000000000000000000e+00
0.000000000000000000e+00	0.000000000000000000e+00	0.000000000000000000e+00	0.000000000000000000e+00	0.000000000000000000e+00
0.000000000000000000e+00	0.000000000000000000e+00	0.000000000000000000e+00	0.000000000000000000e+00	0.000000000000000000e+00
0.000000000000000000e+00	0.000000000000000000e+00	0.000000000000000000e+00	0.000000000000000000e+00	0.000000000000000000e+00
0.000000000000000000e+00	0.000000000000000000e+00	0.000000000000000000e+00	0.000000000000000000e+00	0.000000000000000000e+00
0.000000000000000000e+00	0.000000000000000000e+00	0.000000000000000000e+00	0.000000000000000000e+00	0.000000000000000000e+00
0.000000000000000000e+00	0.000000000000000000e+00	0.000000000000000000e+00	0.000000000000000000e+00	0.000000000000000000e+00
0.000000000000000000e+00	0.000000000000000000e+00	0.000000000000000000e+00	0.000000000000000000e+00	0.000000000000000000e+00
0.000000000000000000e+00	0.000000000000000000e+00	0.000000000000000000e+00	0.000000000000000000e+00	0.000000000000000000e+00
0.000000000000000000e+00	0.000000000000000000e+00	0.000000000000000000e+00	0.000000000000000000e+00	0.000000000000000000e+00
0.000000000000000000e+00	0.000000000000000000e+00	0.000000000000000000e+00	0.000000000000000000e+00	0.000000000000000000e+00
0.000000000000000000e+00	0.000000000000000000e+00	0.000000000000000000e+00	0.000000000000000000e+00	0.000000000000000000e+00
0.000000000000000000e+00	0.000000000000000000e+00	0.000000000000000000e+00	0.000000000000000000e+00	0.000000000000000000e+00
-3.000843999999999869e+04	0.000000000000000000e+00	0.000000000000000000e+00	1.281777397991882075e-02	0.000000000000000000e+00
-3.000843000000000029e+04	0.000000000000000000e+00	0.000000000000000000e+00	1.403851435895870844e-02	0.000000000000000000e+00
-3.000841999999999825e+04	0.000000000000000000e+00	0.000000000000000000e+00	1.678518021179845748e-02	0.000000000000000000e+00
-3.000840999999999985e+04	0.000000000000000000e+00	0.000000000000000000e+00	1.647999511703848383e-02	0.000000000000000000e+00
-3.000840000000000146e+04	0.000000000000000000e+00	0.000000000000000000e+00	1.892147587511825921e-02	0.000000000000000000e+00
-3.000838999999999942e+04	0.000000000000000000e+00	0.000000000000000000e+00	1.983703115939817671e-02	0.000000000000000000e+00
-3.000838000000000102e+04	0.000000000000000000e+00	0.000000000000000000e+00	1.190221869563890499e-02	0.000000000000000000e+00
-3.000836999999999898e+04	0.000000000000000000e+00	0.000000000000000000e+00	1.007110812707907345e-02	0.000000000000000000e+00
-3.000836000000000058e+04	0.000000000000000000e+00	0.000000000000000000e+00	1.739555040131840133e-02	0.000000000000000000e+00
-3.000834999999999854e+04	0.000000000000000000e+00	0.000000000000000000e+00	1.403851435895870844e-02	0.000000000000000000e+00
-3.000834000000000015e+04	0.000000000000000000e+00	0.000000000000000000e+00	2.136295663319803459e-02	0.000000000000000000e+00
-3.000833000000000175e+04	0.000000000000000000e+00	0.000000000000000000e+00	1.831110568559831536e-02	0.000000000000000000e+00
-3.000831999999999971e+04	0.000000000000000000e+00	0.000000000000000000e+00	1.312295907467879268e-02	0.000000000000000000e+00
-3.000831999999999971e+04	0.000000000000000000e+00	0.000000000000000000e+00	1.434369945371868037e-02	0.000000000000000000e+00
-3.000831000000000131e+04	0.000000000000000000e+00	0.000000000000000000e+00	1.464888454847865229e-02	0.000000000000000000e+00
-3.000831000000000131e+04	0.000000000000000000e+00	0.000000000000000000e+00	1.342814416943876460e-02	0.000000000000000000e+00
-3.000829999999999927e+04	0.000000000000000000e+00	0.000000000000000000e+00	6.103701895199438454e-03	0.000000000000000000e+00
-3.000829000000000087e+04	0.000000000000000000e+00	0.000000000000000000e+00	1.251258888515884883e-02	0.000000000000000000e+00
-3.000829000000000087e+04	0.000000000000000000e+00	0.000000000000000000e+00	1.312295907467879268e-02	0.000000000000000000e+00
-3.000829000000000087e+04	0.000000000000000000e+00	0.000000000000000000e+00	1.495406964323862421e-02	0.000000000000000000e+00
-3.000827999999999884e+04	0.000000000000000000e+00	0.000000000000000000e+00	1.342814416943876460e-02	0.000000000000000000e+00
-3.000825999999999840e+04	0.000000000000000000e+00	0.000000000000000000e+00	1.251258888515884883e-02	0.000000000000000000e+00
-3.000825000000000000e+04	0.000000000000000000e+00	0.000000000000000000e+00	1.678518021179845748e-02	0.000000000000000000e+00
-3.000824000000000160e+04	0.000000000000000000e+00	0.000000000000000000e+00	1.922666096987823287e-02	0.000000000000000000e+00
-3.000822999999999956e+04	0.000000000000000000e+00	0.000000000000000000e+00	2.044740134891812056e-02	0.000000000000000000e+00
-3.000822000000000116e+04	0.000000000000000000e+00	0.000000000000000000e+00	1.525925473799859614e-02	0.000000000000000000e+00
-3.000820999999999913e+04	0.000000000000000000e+00	0.000000000000000000e+00	2.349925229651783978e-02	0.000000000000000000e+00
-3.000820000000000073e+04	0.000000000000000000e+00	0.000000000000000000e+00	5.188146610919522686e-03	0.000000000000000000e+00
-3.000818999999999869e+04	0.000000000000000000e+00	0.000000000000000000e+00	9.460737937559129604e-03	0.000000000000000000e+00
-3.000818000000000029e+04	0.000000000000000000e+00	0.000000000000000000e+00	1.068147831659901729e-02	0.000000000000000000e+00
-3.000816999999999825e+04	0.000000000000000000e+00	0.000000000000000000e+00	1.037629322183904537e-02	0.000000000000000000e+00
-3.000815999999999985e+04	0.000000000000000000e+00	0.000000000000000000e+00	2.410962248603778363e-02	0.000000000000000000e+00
-3.000815000000000146e+04	0.000000000000000000e+00	0.000000000000000000e+00	1.709036530655842767e-02	0.000000000000000000e+00
-3.000813999999999942e+04	0.000000000000000000e+00	0.000000000000000000e+00	1.434369945371868037e-02	0.000000000000000000e+00
-3.000813999999999942e+04	0.000000000000000000e+00	0.000000000000000000e+00	1.892147587511825921e-02	0.000000000000000000e+00
-3.000813999999999942e+04	0.000000000000000000e+00	0.000000000000000000e+00	1.647999511703848383e-02	0.000000000000000000e+00
-3.000813000000000102e+04	0.000000000000000000e+00	0.000000000000000000e+00	1.525925473799859614e-02	0.000000000000000000e+00
-3.000811999999999898e+04	0.000000000000000000e+00	0.000000000000000000e+00	1.342814416943876460e-02	0.000000000000000000e+00
-3.000811000000000058e+04	0.000000000000000000e+00	0.000000000000000000e+00	9.460737937559129604e-03	0.000000000000000000e+00
-3.000811000000000058e+04	0.000000000000000000e+00	0.000000000000000000e+00	1.281777397991882075e-02	0.000000000000000000e+00
-3.000809999999999854e+04	0.000000000000000000e+00	0.000000000000000000e+00	1.220740379039887691e-02	0.000000000000000000e+00
-3.000809999999999854e+04	0.000000000000000000e+00	0.000000000000000000e+00	1.312295907467879268e-02	0.000000000000000000e+00
-3.000809000000000015e+04	0.000000000000000000e+00	0.000000000000000000e+00	8.850367748039185758e-03	0.000000000000000000e+00
-3.000809000000000015e+04	0.000000000000000000e+00	0.000000000000000000e+00	2.471999267555772747e-02	0.000000000000000000e+00
-3.000808000000000175e+04	0.000000000000000000e+00	0.000000000000000000e+00	2.685628833887752920e-02	0.000000000000000000e+00
-3.000806999999999971e+04	0.000000000000000000e+00	0.000000000000000000e+00	2.929776909695730458e-02	0.000000000000000000e+00
-3.000806000000000131e+04	0.000000000000000000e+00	0.000000000000000000e+00	2.624591814935758535e-02	0.000000000000000000e+00
-3.000804999999999927e+04	0.000000000000000000e+00	0.000000000000000000e+00	1.647999511703848383e-02	0.000000000000000000e+00
-3.000804000000000087e+04	0.000000000000000000e+00	0.000000000000000000e+00	2.349925229651783978e-02	0.000000000000000000e+00
-3.000802999999999884e+04	0.000000000000000000e+00	0.000000000000000000e+00	1.464888454847865229e-02	0.000000000000000000e+00
-3.000802000000000044e+04	0.000000000000000000e+00	0.000000000000000000e+00	1.037629322183904537e-02	0.000000000000000000e+00
-3.000802000000000044e+04	0.000000000000000000e+00	0.000000000000000000e+00	1.434369945371868037e-02	0.000000000000000000e+00
-3.000800000000000000e+04	0.000000000000000000e+00	0.000000000000000000e+00	1.342814416943876460e-02	0.000000000000000000e+00
-3.000799000000000160e+04	0.000000000000000000e+00	0.000000000000000000e+00	1.098666341135898922e-02	0.000000000000000000e+00
-3.000797999999999956e+04	0.000000000000000000e+00	0.000000000000000000e+00	1.709036530655842767e-02	0.000000000000000000e+00
-3.000797000000000116e+04	0.000000000000000000e+00	0.000000000000000000e+00	2.136295663319803459e-02	0.000000000000000000e+00
-3.000797000000000116e+04	0.000000000000000000e+00	0.000000000000000000e+00	1.770073549607837152e-02	0.000000000000000000e+00
-3.000795999999999913e+04	0.000000000000000000e+00	0.000000000000000000e+00	1.831110568559831536e-02	0.000000000000000000e+00
-3.000795999999999913e+04	0.000000000000000000e+00	0.000000000000000000e+00	1.281777397991882075e-02	0.000000000000000000e+00
-3.000795000000000073e+04	0.000000000000000000e+00	0.000000000000000000e+00	1.678518021179845748e-02	0.000000000000000000e+00
-3.000793999999999869e+04	0.000000000000000000e+00	0.000000000000000000e+00	1.892147587511825921e-02	0.000000000000000000e+00
-3.000793000000000029e+04	0.000000000000000000e+00	0.000000000000000000e+00	1.586962492751853998e-02	0.000000000000000000e+00
-3.000791999999999825e+04	0.000000000000000000e+00	0.000000000000000000e+00	8.545182653279213836e-03	0.000000000000000000e+00
-3.000791999999999825e+04	0.000000000000000000e+00	0.000000000000000000e+00	1.464888454847865229e-02	0.000000000000000000e+00
-3.000790999999999985e+04	0.000000000000000000e+00	0.000000000000000000e+00	1.800592059083834517e-02	0.000000000000000000e+00
-3.000790000000000146e+04	0.000000000000000000e+00	0.000000000000000000e+00	2.197332682271797843e-02	0.000000000000000000e+00
-3.000788999999999942e+04	0.000000000000000000e+00	0.000000000000000000e+00	1.586962492751853998e-02	0.000000000000000000e+00
-3.000788999999999942e+04	0.000000000000000000e+00	0.000000000000000000e+00	7.934812463759269990e-03	0.000000000000000000e+00
-3.000788000000000102e+04	0.000000000000000000e+00	0.000000000000000000e+00	2.105777153843806440e-02	0.000000000000000000e+00
-3.000786999999999898e+04	0.000000000000000000e+00	0.000000000000000000e+00	2.136295663319803459e-02	0.000000000000000000e+00
-3.000786000000000058e+04	0.000000000000000000e+00	0.000000000000000000e+00	1.739555040131840133e-02	0.000000000000000000e+00
-3.000784999999999854e+04	0.000000000000000000e+00	0.000000000000000000e+00	1.068147831659901729e-02	0.000000000000000000e+00
-3.000783000000000175e+04	0.000000000000000000e+00	0.000000000000000000e+00	1.525925473799859614e-02	0.000000000000000000e+00
-3.000783000000000175e+04	0.000000000000000000e+00	0.000000000000000000e+00	1.739555040131840133e-02	0.000000000000000000e+00
-3.000781999999999971e+04	0.000000000000000000e+00	0.000000000000000000e+00	1.129184850611896114e-02	0.000000000000000000e+00
-3.000781000000000131e+04	0.000000000000000000e+00	0.000000000000000000e+00	1.556443983275856806e-02	0.000000000000000000e+00
-3.000779999999999927e+04	0.000000000000000000e+00	0.000000000000000000e+00	1.709036530655842767e-02	0.000000000000000000e+00
-3.000779000000000087e+04	0.000000000000000000e+00	0.000000000000000000e+00	1.495406964323862421e-02	0.000000000000000000e+00
-3.000777999999999884e+04	0.000000000000000000e+00	0.000000000000000000e+00	1.342814416943876460e-02	0.000000000000000000e+00
-3.000777000000000044e+04	0.000000000000000000e+00	0.000000000000000000e+00	2.838221381267739055e-02	0.000000000000000000e+00
-3.000775999999999840e+04	0.000000000000000000e+00	0.000000000000000000e+00	2.624591814935758535e-02	0.000000000000000000e+00
-3.000775000000000000e+04	0.000000000000000000e+00	0.000000000000000000e+00	2.197332682271797843e-02	0.000000000000000000e+00
-3.000774000000000160e+04	0.000000000000000000e+00	0.000000000000000000e+00	2.197332682271797843e-02	0.000000000000000000e+00
-3.000774000000000160e+04	0.000000000000000000e+00	0.000000000000000000e+00	6.408886989959410377e-03	0.000000000000000000e+00
-3.000772999999999956e+04	0.000000000000000000e+00	0.000000000000000000e+00	8.850367748039185758e-03	0.000000000000000000e+00
-3.000772000000000116e+04	0.000000000000000000e+00	0.000000000000000000e+00	8.850367748039185758e-03	0.000000000000000000e+00
-3.000772000000000116e+04	0.000000000000000000e+00	0.000000000000000000e+00	1.556443983275856806e-02	0.000000000000000000e+00
-3.000770999999999913e+04	0.000000000000000000e+00	0.000000000000000000e+00	1.220740379039887691e-02	0.000000000000000000e+00
-3.000770000000000073e+04	0.000000000000000000e+00	0.000000000000000000e+00	1.495406964323862421e-02	0.000000000000000000e+00
-3.000770000000000073e+04	0.000000000000000000e+00	0.000000000000000000e+00	1.983703115939817671e-02	0.000000000000000000e+00
-3.000768000000000029e+04	0.000000000000000000e+00	0.000000000000000000e+00	1.434369945371868037e-02	0.000000000000000000e+00
-3.000766999999999825e+04	0.000000000000000000e+00	0.000000000000000000e+00	1.007110812707907345e-02	0.000000000000000000e+00
-3.000765999999999985e+04	0.000000000000000000e+00	0.000000000000000000e+00	1.403851435895870844e-02	0.000000000000000000e+00
-3.000765000000000146e+04	0.000000000000000000e+00	0.000000000000000000e+00	1.495406964323862421e-02	0.000000000000000000e+00
-3.000763999999999942e+04	0.000000000000000000e+00	0.000000000000000000e+00	2.197332682271797843e-02	0.000000000000000000e+00
-3.000763000000000102e+04	0.000000000000000000e+00	0.000000000000000000e+00	1.007110812707907345e-02	0.000000000000000000e+00
-3.000761999999999898e+04	0.000000000000000000e+00	0.000000000000000000e+00	2.044740134891812056e-02	0.000000000000000000e+00
-3.000761000000000058e+04	0.000000000000000000e+00	0.000000000000000000e+00	5.798516800439466531e-03	0.000000000000000000e+00
-3.000759999999999854e+04	0.000000000000000000e+00	0.000000000000000000e+00	1.068147831659901729e-02	0.000000000000000000e+00
-3.000759000000000015e+04	0.000000000000000000e+00	0.000000000000000000e+00	1.739555040131840133e-02	0.000000000000000000e+00
-3.000758000000000175e+04	0.000000000000000000e+00	0.000000000000000000e+00	2.594073305459761516e-02	0.000000000000000000e+00
-3.000756999999999971e+04	0.000000000000000000e+00	0.000000000000000000e+00	1.800592059083834517e-02	0.000000000000000000e+00
-3.000756000000000131e+04	0.000000000000000000e+00	0.000000000000000000e+00	1.739555040131840133e-02	0.000000000000000000e+00
-3.000754999999999927e+04	0.000000000000000000e+00	0.000000000000000000e+00	1.495406964323862421e-02	0.000000000000000000e+00
-3.000754000000000087e+04	0.000000000000000000e+00	0.000000000000000000e+00	1.342814416943876460e-02	0.000000000000000000e+00
-3.000752999999999884e+04	0.000000000000000000e+00	0.000000000000000000e+00	8.239997558519241913e-03	0.000000000000000000e+00
-3.000752000000000044e+04	0.000000000000000000e+00	0.000000000000000000e+00	1.403851435895870844e-02	0.000000000000000000e+00
-3.000750999999999840e+04	0.000000000000000000e+00	0.000000000000000000e+00	1.831110568559831536e-02	0.000000000000000000e+00
-3.000750999999999840e+04	0.000000000000000000e+00	0.000000000000000000e+00	1.403851435895870844e-02	0.000000000000000000e+00
-3.000749000000000160e+04	0.000000000000000000e+00	0.000000000000000000e+00	1.800592059083834517e-02	0.000000000000000000e+00
-3.000747999999999956e+04	0.000000000000000000e+00	0.000000000000000000e+00	1.281777397991882075e-02	0.000000000000000000e+00
-3.000747000000000116e+04	0.000000000000000000e+00	0.000000000000000000e+00	1.953184606463820305e-02	0.000000000000000000e+00
-3.000745999999999913e+04	0.000000000000000000e+00	0.000000000000000000e+00	1.312295907467879268e-02	0.000000000000000000e+00
-3.000743999999999869e+04	0.000000000000000000e+00	0.000000000000000000e+00	1.251258888515884883e-02	0.000000000000000000e+00
-3.000743000000000029e+04	0.000000000000000000e+00	0.000000000000000000e+00	2.014221625415814690e-02	0.000000000000000000e+00
-3.000740999999999985e+04	0.000000000000000000e+00	0.000000000000000000e+00	2.014221625415814690e-02	0.000000000000000000e+00
-3.000740999999999985e+04	0.000000000000000000e+00	0.000000000000000000e+00	8.545182653279213836e-03	0.000000000000000000e+00
-3.000738999999999942e+04	0.000000000000000000e+00	0.000000000000000000e+00	2.349925229651783978e-02	0.000000000000000000e+00
-3.000738000000000102e+04	0.000000000000000000e+00	0.000000000000000000e+00	9.765923032319101527e-03	0.000000000000000000e+00
-3.000736999999999898e+04	0.000000000000000000e+00	0.000000000000000000e+00	1.464888454847865229e-02	0.000000000000000000e+00
-3.000736000000000058e+04	0.000000000000000000e+00	0.000000000000000000e+00	7.629627368999298068e-03	0.000000000000000000e+00
-3.000734999999999854e+04	0.000000000000000000e+00	0.000000000000000000e+00	1.739555040131840133e-02	0.000000000000000000e+00
-3.000734000000000015e+04	0.000000000000000000e+00	0.000000000000000000e+00	1.922666096987823287e-02	0.000000000000000000e+00
-3.000733000000000175e+04	0.000000000000000000e+00	0.000000000000000000e+00	1.922666096987823287e-02	0.000000000000000000e+00
-3.000731999999999971e+04	0.000000000000000000e+00	0.000000000000000000e+00	1.831110568559831536e-02	0.000000000000000000e+00
-3.000731999999999971e+04	0.000000000000000000e+00	0.000000000000000000e+00	1.525925473799859614e-02	0.000000000000000000e+00
-3.000731000000000131e+04	0.000000000000000000e+00	0.000000000000000000e+00	1.495406964323862421e-02	0.000000000000000000e+00
-3.000729000000000087e+04	0.000000000000000000e+00	0.000000000000000000e+00	1.007110812707907345e-02	0.000000000000000000e+00
-3.000727999999999884e+04	0.000000000000000000e+00	0.000000000000000000e+00	1.403851435895870844e-02	0.000000000000000000e+00
-3.000725999999999840e+04	0.000000000000000000e+00	0.000000000000000000e+00	2.380443739127780997e-02	0.000000000000000000e+00
-3.000724000000000160e+04	0.000000000000000000e+00	0.000000000000000000e+00	1.678518021179845748e-02	0.000000000000000000e+00
-3.000722999999999956e+04	0.000000000000000000e+00	0.000000000000000000e+00	-1.220740379039887691e-03	0.000000000000000000e+00
-3.000720999999999913e+04	0.000000000000000000e+00	0.000000000000000000e+00	1.556443983275856806e-02	0.000000000000000000e+00
-3.000720000000000073e+04	0.000000000000000000e+00	0.000000000000000000e+00	2.380443739127780997e-02	0.000000000000000000e+00
-3.000718000000000029e+04	0.000000000000000000e+00	0.000000000000000000e+00	2.136295663319803459e-02	0.000000000000000000e+00
-3.000715999999999985e+04	0.000000000000000000e+00	0.000000000000000000e+00	1.342814416943876460e-02	0.000000000000000000e+00
-3.000715000000000146e+04	0.000000000000000000e+00	0.000000000000000000e+00	8.239997558519241913e-03	0.000000000000000000e+00
-3.000713999999999942e+04	0.000000000000000000e+00	0.000000000000000000e+00	1.892147587511825921e-02	0.000000000000000000e+00
-3.000711999999999898e+04	0.000000000000000000e+00	0.000000000000000000e+00	1.342814416943876460e-02	0.000000000000000000e+00
-3.000711000000000058e+04	0.000000000000000000e+00	0.000000000000000000e+00	1.281777397991882075e-02	0.000000000000000000e+00
-3.000709999999999854e+04	0.000000000000000000e+00	0.000000000000000000e+00	1.129184850611896114e-02	0.000000000000000000e+00
-3.000709000000000015e+04	0.000000000000000000e+00	0.000000000000000000e+00	1.220740379039887691e-02	0.000000000000000000e+00
-3.000708000000000175e+04	0.000000000000000000e+00	0.000000000000000000e+00	1.037629322183904537e-02	0.000000000000000000e+00
-3.000708000000000175e+04	0.000000000000000000e+00	0.000000000000000000e+00	1.709036530655842767e-02	0.000000000000000000e+00
-3.000706999999999971e+04	0.000000000000000000e+00	0.000000000000000000e+00	2.502517777031769766e-02	0.000000000000000000e+00
-3.000706000000000131e+04	0.000000000000000000e+00	0.000000000000000000e+00	2.410962248603778363e-02	0.000000000000000000e+00
-3.000704000000000087e+04	0.000000000000000000e+00	0.000000000000000000e+00	1.342814416943876460e-02	0.000000000000000000e+00
-3.000702000000000044e+04	0.000000000000000000e+00	0.000000000000000000e+00	1.647999511703848383e-02	0.000000000000000000e+00
-3.000700000000000000e+04	0.000000000000000000e+00	0.000000000000000000e+00	1.342814416943876460e-02	0.000000000000000000e+00
-3.000699000000000160e+04	0.000000000000000000e+00	0.000000000000000000e+00	1.922666096987823287e-02	0.000000000000000000e+00
-3.000697999999999956e+04	0.000000000000000000e+00	0.000000000000000000e+00	2.624591814935758535e-02	0.000000000000000000e+00
-3.000697000000000116e+04	0.000000000000000000e+00	0.000000000000000000e+00	1.770073549607837152e-02	0.000000000000000000e+00
-3.000695999999999913e+04	0.000000000000000000e+00	0.000000000000000000e+00	1.586962492751853998e-02	0.000000000000000000e+00
-3.000695000000000073e+04	0.000000000000000000e+00	0.000000000000000000e+00	1.403851435895870844e-02	0.000000000000000000e+00
-3.000693999999999869e+04	0.000000000000000000e+00	0.000000000000000000e+00	1.342814416943876460e-02	0.000000000000000000e+00
-3.000693000000000029e+04	0.000000000000000000e+00	0.000000000000000000e+00	1.251258888515884883e-02	0.000000000000000000e+00
-3.000691999999999825e+04	0.000000000000000000e+00	0.000000000000000000e+00	1.922666096987823287e-02	0.000000000000000000e+00
-3.000690999999999985e+04	0.000000000000000000e+00	0.000000000000000000e+00	1.556443983275856806e-02	0.000000000000000000e+00
-3.000688999999999942e+04	0.000000000000000000e+00	0.000000000000000000e+00	9.765923032319101527e-03	0.000000000000000000e+00
-3.000686000000000058e+04	0.000000000000000000e+00	0.000000000000000000e+00	1.190221869563890499e-02	0.000000000000000000e+00
-3.000684999999999854e+04	0.000000000000000000e+00	0.000000000000000000e+00	1.068147831659901729e-02	0.000000000000000000e+00
-3.000683000000000175e+04	0.000000000000000000e+00	0.000000000000000000e+00	1.556443983275856806e-02	0.000000000000000000e+00
-3.000681000000000131e+04	0.000000000000000000e+00	0.000000000000000000e+00	1.312295907467879268e-02	0.000000000000000000e+00
-3.000679000000000087e+04	0.000000000000000000e+00	0.000000000000000000e+00	2.166814172795800825e-02	0.000000000000000000e+00
-3.000677000000000044e+04	0.000000000000000000e+00	0.000000000000000000e+00	2.136295663319803459e-02	0.000000000000000000e+00
-3.000675999999999840e+04	0.000000000000000000e+00	0.000000000000000000e+00	1.678518021179845748e-02	0.000000000000000000e+00
-3.000675000000000000e+04	0.000000000000000000e+00	0.000000000000000000e+00	1.525925473799859614e-03	0.000000000000000000e+00
-3.000674000000000160e+04	0.000000000000000000e+00	0.000000000000000000e+00	5.798516800439466531e-03	0.000000000000000000e+00
-3.000672000000000116e+04	0.000000000000000000e+00	0.000000000000000000e+00	1.770073549607837152e-02	0.000000000000000000e+00
-3.000670000000000073e+04	0.000000000000000000e+00	0.000000000000000000e+00	1.037629322183904537e-02	0.000000000000000000e+00
-3.000668999999999869e+04	0.000000000000000000e+00	0.000000000000000000e+00	1.464888454847865229e-02	0.000000000000000000e+00
-3.000668000000000029e+04	0.000000000000000000e+00	0.000000000000000000e+00	1.770073549607837152e-02	0.000000000000000000e+00
-3.000666999999999825e+04	0.000000000000000000e+00	0.000000000000000000e+00	1.281777397991882075e-02	0.000000000000000000e+00
-3.000665000000000146e+04	0.000000000000000000e+00	0.000000000000000000e+00	1.647999511703848383e-02	0.000000000000000000e+00
-3.000661999999999898e+04	0.000000000000000000e+00	0.000000000000000000e+00	2.227851191747795209e-02	0.000000000000000000e+00
-3.000661000000000058e+04	0.000000000000000000e+00	0.000000000000000000e+00	1.739555040131840133e-02	0.000000000000000000e+00
-3.000659999999999854e+04	0.000000000000000000e+00	0.000000000000000000e+00	1.068147831659901729e-02	0.000000000000000000e+00
-3.000658000000000175e+04	0.000000000000000000e+00	0.000000000000000000e+00	1.190221869563890499e-02	0.000000000000000000e+00
-3.000656999999999971e+04	0.000000000000000000e+00	0.000000000000000000e+00	1.068147831659901729e-02	0.000000000000000000e+00
-3.000656000000000131e+04	0.000000000000000000e+00	0.000000000000000000e+00	1.953184606463820305e-02	0.000000000000000000e+00
-3.000654999999999927e+04	0.000000000000000000e+00	0.000000000000000000e+00	1.342814416943876460e-02	0.000000000000000000e+00
-3.000652999999999884e+04	0.000000000000000000e+00	0.000000000000000000e+00	1.342814416943876460e-02	0.000000000000000000e+00
-3.000652000000000044e+04	0.000000000000000000e+00	0.000000000000000000e+00	1.586962492751853998e-02	0.000000000000000000e+00
-3.000650000000000000e+04	0.000000000000000000e+00	0.000000000000000000e+00	3.357036042359691497e-02	0.000000000000000000e+00
-3.000647000000000116e+04	0.000000000000000000e+00	0.000000000000000000e+00	2.014221625415814690e-02	0.000000000000000000e+00
-3.000643999999999869e+04	0.000000000000000000e+00	0.000000000000000000e+00	1.983703115939817671e-02	0.000000000000000000e+00
-3.000643000000000029e+04	0.000000000000000000e+00	0.000000000000000000e+00	1.892147587511825921e-02	0.000000000000000000e+00
-3.000640999999999985e+04	0.000000000000000000e+00	0.000000000000000000e+00	8.850367748039185758e-03	0.000000000000000000e+00
-3.000638000000000102e+04	0.000000000000000000e+00	0.000000000000000000e+00	1.678518021179845748e-02	0.000000000000000000e+00
-3.000636000000000058e+04	0.000000000000000000e+00	0.000000000000000000e+00	1.129184850611896114e-02	0.000000000000000000e+00
-3.000634000000000015e+04	0.000000000000000000e+00	0.000000000000000000e+00	8.239997558519241913e-03	0.000000000000000000e+00
-3.000631999999999971e+04	0.000000000000000000e+00	0.000000000000000000e+00	7.629627368999298068e-03	0.000000000000000000e+00
-3.000629999999999927e+04	0.000000000000000000e+00	0.000000000000000000e+00	1.403851435895870844e-02	0.000000000000000000e+00
-3.000629000000000087e+04	0.000000000000000000e+00	0.000000000000000000e+00	1.586962492751853998e-02	0.000000000000000000e+00
-3.000627999999999884e+04	0.000000000000000000e+00	0.000000000000000000e+00	1.037629322183904537e-02	0.000000000000000000e+00
-3.000625999999999840e+04	0.000000000000000000e+00	0.000000000000000000e+00	2.838221381267739055e-02	0.000000000000000000e+00
-3.000625000000000000e+04	0.000000000000000000e+00	0.000000000000000000e+00	1.831110568559831536e-02	0.000000000000000000e+00
-3.000622999999999956e+04	0.000000000000000000e+00	0.000000000000000000e+00	1.464888454847865229e-02	0.000000000000000000e+00
-3.000622000000000116e+04	0.000000000000000000e+00	0.000000000000000000e+00	1.800592059083834517e-02	0.000000000000000000e+00
-3.000618999999999869e+04	0.000000000000000000e+00	0.000000000000000000e+00	1.037629322183904537e-02	0.000000000000000000e+00
-3.000616999999999825e+04	0.000000000000000000e+00	0.000000000000000000e+00	1.434369945371868037e-02	0.000000000000000000e+00
-3.000615000000000146e+04	0.000000000000000000e+00	0.000000000000000000e+00	9.765923032319101527e-03	0.000000000000000000e+00
-3.000611999999999898e+04	0.000000000000000000e+00	0.000000000000000000e+00	1.007110812707907345e-02	0.000000000000000000e+00
-3.000609000000000015e+04	0.000000000000000000e+00	0.000000000000000000e+00	1.495406964323862421e-02	0.000000000000000000e+00
-3.000606999999999971e+04	0.000000000000000000e+00	0.000000000000000000e+00	1.525925473799859614e-02	0.000000000000000000e+00
-3.000604000000000087e+04	0.000000000000000000e+00	0.000000000000000000e+00	1.251258888515884883e-02	0.000000000000000000e+00
-3.000602000000000044e+04	0.000000000000000000e+00	0.000000000000000000e+00	1.342814416943876460e-02	0.000000000000000000e+00
-3.000600000000000000e+04	0.000000000000000000e+00	0.000000000000000000e+00	1.800592059083834517e-02	0.000000000000000000e+00
-3.000597000000000116e+04	0.000000000000000000e+00	0.000000000000000000e+00	1.129184850611896114e-02	0.000000000000000000e+00
-3.000593999999999869e+04	0.000000000000000000e+00	0.000000000000000000e+00	2.044740134891812056e-02	0.000000000000000000e+00
-3.000591999999999825e+04	0.000000000000000000e+00	0.000000000000000000e+00	2.044740134891812056e-02	0.000000000000000000e+00
-3.000588999999999942e+04	0.000000000000000000e+00	0.000000000000000000e+00	2.136295663319803459e-02	0.000000000000000000e+00
-3.000586000000000058e+04	0.000000000000000000e+00	0.000000000000000000e+00	1.007110812707907345e-02	0.000000000000000000e+00
-3.000584000000000015e+04	0.000000000000000000e+00	0.000000000000000000e+00	1.434369945371868037e-02	0.000000000000000000e+00
-3.000581000000000131e+04	0.000000000000000000e+00	0.000000000000000000e+00	1.647999511703848383e-02	0.000000000000000000e+00
-3.000579000000000087e+04	0.000000000000000000e+00	0.000000000000000000e+00	1.129184850611896114e-02	0.000000000000000000e+00
-3.000575999999999840e+04	0.000000000000000000e+00	0.000000000000000000e+00	1.434369945371868037e-02	0.000000000000000000e+00
-3.000574000000000160e+04	0.000000000000000000e+00	0.000000000000000000e+00	1.709036530655842767e-02	0.000000000000000000e+00
-3.000570999999999913e+04	0.000000000000000000e+00	0.000000000000000000e+00	2.929776909695730458e-02	0.000000000000000000e+00
-3.000568999999999869e+04	0.000000000000000000e+00	0.000000000000000000e+00	1.983703115939817671e-02	0.000000000000000000e+00
-3.000565999999999985e+04	0.000000000000000000e+00	0.000000000000000000e+00	1.556443983275856806e-02	0.000000000000000000e+00
-3.000561999999999898e+04	0.000000000000000000e+00	0.000000000000000000e+00	1.342814416943876460e-02	0.000000000000000000e+00
-3.000559999999999854e+04	0.000000000000000000e+00	0.000000000000000000e+00	1.281777397991882075e-02	0.000000000000000000e+00
-3.000556999999999971e+04	0.000000000000000000e+00	0.000000000000000000e+00	2.288888210699789594e-02	0.000000000000000000e+00
-3.000554999999999927e+04	0.000000000000000000e+00	0.000000000000000000e+00	1.983703115939817671e-02	0.000000000000000000e+00
-3.000552999999999884e+04	0.000000000000000000e+00	0.000000000000000000e+00	1.190221869563890499e-02	0.000000000000000000e+00
-3.000550999999999840e+04	0.000000000000000000e+00	0.000000000000000000e+00	1.220740379039887691e-02	0.000000000000000000e+00
-3.000549000000000160e+04	0.000000000000000000e+00	0.000000000000000000e+00	1.800592059083834517e-02	0.000000000000000000e+00
-3.000547000000000116e+04	0.000000000000000000e+00	0.000000000000000000e+00	1.556443983275856806e-02	0.000000000000000000e+00
-3.000545000000000073e+04	0.000000000000000000e+00	0.000000000000000000e+00	1.709036530655842767e-02	0.000000000000000000e+00
-3.000543000000000029e+04	0.000000000000000000e+00	0.000000000000000000e+00	1.800592059083834517e-02	0.000000000000000000e+00
-3.000540999999999985e+04	0.000000000000000000e+00	0.000000000000000000e+00	1.312295907467879268e-02	0.000000000000000000e+00
-3.000538999999999942e+04	0.000000000000000000e+00	0.000000000000000000e+00	1.434369945371868037e-02	0.000000000000000000e+00
-3.000536000000000058e+04	0.000000000000000000e+00	0.000000000000000000e+00	1.281777397991882075e-02	0.000000000000000000e+00
-3.000534000000000015e+04	0.000000000000000000e+00	0.000000000000000000e+00	1.342814416943876460e-02	0.000000000000000000e+00
-3.000531000000000131e+04	0.000000000000000000e+00	0.000000000000000000e+00	1.586962492751853998e-02	0.000000000000000000e+00
-3.000529000000000087e+04	0.000000000000000000e+00	0.000000000000000000e+00	5.188146610919522686e-03	0.000000000000000000e+00
-3.000527000000000044e+04	0.000000000000000000e+00	0.000000000000000000e+00	1.678518021179845748e-02	0.000000000000000000e+00
-3.000525000000000000e+04	0.000000000000000000e+00	0.000000000000000000e+00	1.831110568559831536e-02	0.000000000000000000e+00
-3.000522000000000116e+04	0.000000000000000000e+00	0.000000000000000000e+00	1.800592059083834517e-02	0.000000000000000000e+00
-3.000520999999999913e+04	0.000000000000000000e+00	0.000000000000000000e+00	2.136295663319803459e-02	0.000000000000000000e+00
-3.000518999999999869e+04	0.000000000000000000e+00	0.000000000000000000e+00	1.800592059083834517e-02	0.000000000000000000e+00
-3.000515000000000146e+04	0.000000000000000000e+00	0.000000000000000000e+00	1.495406964323862421e-02	0.000000000000000000e+00
-3.000511000000000058e+04	0.000000000000000000e+00	0.000000000000000000e+00	1.220740379039887691e-02	0.000000000000000000e+00
-3.000506999999999971e+04	0.000000000000000000e+00	0.000000000000000000e+00	8.239997558519241913e-03	0.000000000000000000e+00
-3.000504999999999927e+04	0.000000000000000000e+00	0.000000000000000000e+00	1.434369945371868037e-02	0.000000000000000000e+00
-3.000502000000000044e+04	0.000000000000000000e+00	0.000000000000000000e+00	1.342814416943876460e-02	0.000000000000000000e+00
-3.000500000000000000e+04	0.000000000000000000e+00	0.000000000000000000e+00	1.709036530655842767e-02	0.000000000000000000e+00
-3.000497000000000116e+04	0.000000000000000000e+00	0.000000000000000000e+00	2.441480758079775382e-02	0.000000000000000000e+00
-3.000491999999999825e+04	0.000000000000000000e+00	0.000000000000000000e+00	2.197332682271797843e-02	0.000000000000000000e+00
-3.000488000000000102e+04	0.000000000000000000e+00	0.000000000000000000e+00	2.624591814935758535e-02	0.000000000000000000e+00
-3.000484000000000015e+04	0.000000000000000000e+00	0.000000000000000000e+00	1.800592059083834517e-02	0.000000000000000000e+00
-3.000479999999999927e+04	0.000000000000000000e+00	0.000000000000000000e+00	1.129184850611896114e-02	0.000000000000000000e+00
-3.000475999999999840e+04	0.000000000000000000e+00	0.000000000000000000e+00	2.410962248603778363e-02	0.000000000000000000e+00
-3.000472000000000116e+04	0.000000000000000000e+00	0.000000000000000000e+00	1.434369945371868037e-02	0.000000000000000000e+00
-3.000468000000000029e+04	0.000000000000000000e+00	0.000000000000000000e+00	1.403851435895870844e-02	0.000000000000000000e+00
-3.000465000000000146e+04	0.000000000000000000e+00	0.000000000000000000e+00	1.403851435895870844e-02	0.000000000000000000e+00
-3.000461999999999898e+04	0.000000000000000000e+00	0.000000000000000000e+00	1.403851435895870844e-02	0.000000000000000000e+00
-3.000459000000000015e+04	0.000000000000000000e+00	0.000000000000000000e+00	1.464888454847865229e-02	0.000000000000000000e+00
-3.000456000000000131e+04	0.000000000000000000e+00	0.000000000000000000e+00	1.281777397991882075e-02	0.000000000000000000e+00
-3.000452000000000044e+04	0.000000000000000000e+00	0.000000000000000000e+00	1.220740379039887691e-02	0.000000000000000000e+00
-3.000449000000000160e+04	0.000000000000000000e+00	0.000000000000000000e+00	1.495406964323862421e-02	0.000000000000000000e+00
-3.000443999999999869e+04	0.000000000000000000e+00	0.000000000000000000e+00	1.312295907467879268e-02	0.000000000000000000e+00
-3.000440000000000146e+04	0.000000000000000000e+00	0.000000000000000000e+00	1.770073549607837152e-02	0.000000000000000000e+00
-3.000436999999999898e+04	0.000000000000000000e+00	0.000000000000000000e+00	1.556443983275856806e-02	0.000000000000000000e+00
-3.000434999999999854e+04	0.000000000000000000e+00	0.000000000000000000e+00	1.434369945371868037e-02	0.000000000000000000e+00
-3.000431999999999971e+04	0.000000000000000000e+00	0.000000000000000000e+00	2.349925229651783978e-02	0.000000000000000000e+00
-3.000427999999999884e+04	0.000000000000000000e+00	0.000000000000000000e+00	1.342814416943876460e-02	0.000000000000000000e+00
-3.000425000000000000e+04	0.000000000000000000e+00	0.000000000000000000e+00	8.545182653279213836e-03	0.000000000000000000e+00
-3.000420999999999913e+04	0.000000000000000000e+00	0.000000000000000000e+00	1.922666096987823287e-02	0.000000000000000000e+00
-3.000416999999999825e+04	0.000000000000000000e+00	0.000000000000000000e+00	3.051850947599719227e-04	0.000000000000000000e+00
-3.000411999999999898e+04	0.000000000000000000e+00	0.000000000000000000e+00	7.629627368999298068e-03	0.000000000000000000e+00
-3.000409000000000015e+04	0.000000000000000000e+00	0.000000000000000000e+00	1.709036530655842767e-02	0.000000000000000000e+00
-3.000406000000000131e+04	0.000000000000000000e+00	0.000000000000000000e+00	1.342814416943876460e-02	0.000000000000000000e+00
-3.000402999999999884e+04	0.000000000000000000e+00	0.000000000000000000e+00	1.922666096987823287e-02	0.000000000000000000e+00
-3.000400000000000000e+04	0.000000000000000000e+00	0.000000000000000000e+00	2.197332682271797843e-02	0.000000000000000000e+00
-3.000395999999999913e+04	0.000000000000000000e+00	0.000000000000000000e+00	1.739555040131840133e-02	0.000000000000000000e+00
-3.000391999999999825e+04	0.000000000000000000e+00	0.000000000000000000e+00	1.739555040131840133e-02	0.000000000000000000e+00
-3.000388999999999942e+04	0.000000000000000000e+00	0.000000000000000000e+00	1.403851435895870844e-02	0.000000000000000000e+00
-3.000384999999999854e+04	0.000000000000000000e+00	0.000000000000000000e+00	1.739555040131840133e-02	0.000000000000000000e+00
-3.000383000000000175e+04	0.000000000000000000e+00	0.000000000000000000e+00	1.709036530655842767e-02	0.000000000000000000e+00
-3.000379999999999927e+04	0.000000000000000000e+00	0.000000000000000000e+00	1.739555040131840133e-02	0.000000000000000000e+00
-3.000377999999999884e+04	0.000000000000000000e+00	0.000000000000000000e+00	1.342814416943876460e-02	0.000000000000000000e+00
-3.000375999999999840e+04	0.000000000000000000e+00	0.000000000000000000e+00	1.647999511703848383e-02	0.000000000000000000e+00
-3.000375000000000000e+04	0.000000000000000000e+00	0.000000000000000000e+00	1.312295907467879268e-02	0.000000000000000000e+00
-3.000372999999999956e+04	0.000000000000000000e+00	0.000000000000000000e+00	1.525925473799859614e-02	0.000000000000000000e+00
-3.000368999999999869e+04	0.000000000000000000e+00	0.000000000000000000e+00	1.495406964323862421e-02	0.000000000000000000e+00
-3.000365999999999985e+04	0.000000000000000000e+00	0.000000000000000000e+00	1.312295907467879268e-02	0.000000000000000000e+00
-3.000363999999999942e+04	0.000000000000000000e+00	0.000000000000000000e+00	2.044740134891812056e-02	0.000000000000000000e+00
-3.000361999999999898e+04	0.000000000000000000e+00	0.000000000000000000e+00	2.014221625415814690e-02	0.000000000000000000e+00
-3.000359000000000015e+04	0.000000000000000000e+00	0.000000000000000000e+00	1.190221869563890499e-02	0.000000000000000000e+00
-3.000356999999999971e+04	0.000000000000000000e+00	0.000000000000000000e+00	1.098666341135898922e-02	0.000000000000000000e+00
-3.000354000000000087e+04	0.000000000000000000e+00	0.000000000000000000e+00	1.739555040131840133e-02	0.000000000000000000e+00
-3.000350999999999840e+04	0.000000000000000000e+00	0.000000000000000000e+00	1.251258888515884883e-02	0.000000000000000000e+00
-3.000349000000000160e+04	0.000000000000000000e+00	0.000000000000000000e+00	1.129184850611896114e-02	0.000000000000000000e+00
-3.000347000000000116e+04	0.000000000000000000e+00	0.000000000000000000e+00	9.765923032319101527e-03	0.000000000000000000e+00
-3.000345000000000073e+04	0.000000000000000000e+00	0.000000000000000000e+00	9.765923032319101527e-03	0.000000000000000000e+00
-3.000343999999999869e+04	0.000000000000000000e+00	0.000000000000000000e+00	1.739555040131840133e-02	0.000000000000000000e+00
-3.000341999999999825e+04	0.000000000000000000e+00	0.000000000000000000e+00	1.098666341135898922e-02	0.000000000000000000e+00
-3.000340000000000146e+04	0.000000000000000000e+00	0.000000000000000000e+00	1.953184606463820305e-02	0.000000000000000000e+00
-3.000336999999999898e+04	0.000000000000000000e+00	0.000000000000000000e+00	1.190221869563890499e-02	0.000000000000000000e+00
-3.000334999999999854e+04	0.000000000000000000e+00	0.000000000000000000e+00	1.312295907467879268e-02	0.000000000000000000e+00
-3.000331999999999971e+04	0.000000000000000000e+00	0.000000000000000000e+00	1.495406964323862421e-02	0.000000000000000000e+00
-3.000331000000000131e+04	0.000000000000000000e+00	0.000000000000000000e+00	1.220740379039887691e-02	0.000000000000000000e+00
-3.000329000000000087e+04	0.000000000000000000e+00	0.000000000000000000e+00	1.251258888515884883e-02	0.000000000000000000e+00
-3.000327999999999884e+04	0.000000000000000000e+00	0.000000000000000000e+00	1.220740379039887691e-03	0.000000000000000000e+00
-3.000325999999999840e+04	0.000000000000000000e+00	0.000000000000000000e+00	1.342814416943876460e-02	0.000000000000000000e+00
-3.000325000000000000e+04	0.000000000000000000e+00	0.000000000000000000e+00	1.922666096987823287e-02	0.000000000000000000e+00
-3.000324000000000160e+04	0.000000000000000000e+00	0.000000000000000000e+00	1.556443983275856806e-02	0.000000000000000000e+00
-3.000320999999999913e+04	0.000000000000000000e+00	0.000000000000000000e+00	1.770073549607837152e-02	0.000000000000000000e+00
-3.000318999999999869e+04	0.000000000000000000e+00	0.000000000000000000e+00	1.831110568559831536e-02	0.000000000000000000e+00
-3.000316999999999825e+04	0.000000000000000000e+00	0.000000000000000000e+00	1.220740379039887691e-02	0.000000000000000000e+00
-3.000315000000000146e+04	0.000000000000000000e+00	0.000000000000000000e+00	7.934812463759269990e-03	0.000000000000000000e+00
-3.000313999999999942e+04	0.000000000000000000e+00	0.000000000000000000e+00	7.934812463759269990e-03	0.000000000000000000e+00
-3.000311999999999898e+04	0.000000000000000000e+00	0.000000000000000000e+00	1.495406964323862421e-02	0.000000000000000000e+00
-3.000309000000000015e+04	0.000000000000000000e+00	0.000000000000000000e+00	1.709036530655842767e-02	0.000000000000000000e+00
-3.000306999999999971e+04	0.000000000000000000e+00	0.000000000000000000e+00	2.105777153843806440e-02	0.000000000000000000e+00
-3.000304999999999927e+04	0.000000000000000000e+00	0.000000000000000000e+00	7.629627368999298068e-03	0.000000000000000000e+00
-3.000302999999999884e+04	0.000000000000000000e+00	0.000000000000000000e+00	1.892147587511825921e-02	0.000000000000000000e+00
-3.000300999999999840e+04	0.000000000000000000e+00	0.000000000000000000e+00	7.934812463759269990e-03	0.000000000000000000e+00
-3.000299000000000160e+04	0.000000000000000000e+00	0.000000000000000000e+00	1.129184850611896114e-02	0.000000000000000000e+00
-3.000295999999999913e+04	0.000000000000000000e+00	0.000000000000000000e+00	1.434369945371868037e-02	0.000000000000000000e+00
-3.000293000000000029e+04	0.000000000000000000e+00	0.000000000000000000e+00	2.899258400219733439e-02	0.000000000000000000e+00
-3.000290999999999985e+04	0.000000000000000000e+00	0.000000000000000000e+00	2.471999267555772747e-02	0.000000000000000000e+00
-3.000288999999999942e+04	0.000000000000000000e+00	0.000000000000000000e+00	2.746665852839747304e-02	0.000000000000000000e+00
-3.000286999999999898e+04	0.000000000000000000e+00	0.000000000000000000e+00	2.502517777031769766e-02	0.000000000000000000e+00
-3.000286000000000058e+04	0.000000000000000000e+00	0.000000000000000000e+00	1.892147587511825921e-02	0.000000000000000000e+00
-3.000284000000000015e+04	0.000000000000000000e+00	0.000000000000000000e+00	2.197332682271797843e-02	0.000000000000000000e+00
-3.000281999999999971e+04	0.000000000000000000e+00	0.000000000000000000e+00	1.953184606463820305e-02	0.000000000000000000e+00
-3.000279999999999927e+04	0.000000000000000000e+00	0.000000000000000000e+00	2.105777153843806440e-02	0.000000000000000000e+00
-3.000279000000000087e+04	0.000000000000000000e+00	0.000000000000000000e+00	1.709036530655842767e-02	0.000000000000000000e+00
-3.000277999999999884e+04	0.000000000000000000e+00	0.000000000000000000e+00	1.281777397991882075e-02	0.000000000000000000e+00
-3.000275999999999840e+04	0.000000000000000000e+00	0.000000000000000000e+00	1.312295907467879268e-02	0.000000000000000000e+00
-3.000272999999999956e+04	0.000000000000000000e+00	0.000000000000000000e+00	1.831110568559831536e-02	0.000000000000000000e+00
-3.000270999999999913e+04	0.000000000000000000e+00	0.000000000000000000e+00	1.983703115939817671e-02	0.000000000000000000e+00
-3.000270000000000073e+04	0.000000000000000000e+00	0.000000000000000000e+00	2.441480758079775382e-02	0.000000000000000000e+00
-3.000268999999999869e+04	0.000000000000000000e+00	0.000000000000000000e+00	1.007110812707907345e-02	0.000000000000000000e+00
-3.000265999999999985e+04	0.000000000000000000e+00	0.000000000000000000e+00	1.800592059083834517e-02	0.000000000000000000e+00
-3.000263000000000102e+04	0.000000000000000000e+00	0.000000000000000000e+00	1.892147587511825921e-02	0.000000000000000000e+00
-3.000259999999999854e+04	0.000000000000000000e+00	0.000000000000000000e+00	1.739555040131840133e-02	0.000000000000000000e+00
-3.000258000000000175e+04	0.000000000000000000e+00	0.000000000000000000e+00	1.037629322183904537e-02	0.000000000000000000e+00
-3.000256000000000131e+04	0.000000000000000000e+00	0.000000000000000000e+00	1.770073549607837152e-02	0.000000000000000000e+00
-3.000254000000000087e+04	0.000000000000000000e+00	0.000000000000000000e+00	1.098666341135898922e-02	0.000000000000000000e+00
-3.000252000000000044e+04	0.000000000000000000e+00	0.000000000000000000e+00	1.068147831659901729e-02	0.000000000000000000e+00
-3.000249000000000160e+04	0.000000000000000000e+00	0.000000000000000000e+00	2.044740134891812056e-02	0.000000000000000000e+00
-3.000247000000000116e+04	0.000000000000000000e+00	0.000000000000000000e+00	1.129184850611896114e-02	0.000000000000000000e+00
-3.000243999999999869e+04	0.000000000000000000e+00	0.000000000000000000e+00	1.251258888515884883e-02	0.000000000000000000e+00
-3.000241999999999825e+04	0.000000000000000000e+00	0.000000000000000000e+00	9.460737937559129604e-03	0.000000000000000000e+00
-3.000240000000000146e+04	0.000000000000000000e+00	0.000000000000000000e+00	1.342814416943876460e-02	0.000000000000000000e+00
-3.000238000000000102e+04	0.000000000000000000e+00	0.000000000000000000e+00	8.850367748039185758e-03	0.000000000000000000e+00
-3.000234999999999854e+04	0.000000000000000000e+00	0.000000000000000000e+00	2.288888210699789594e-02	0.000000000000000000e+00
-3.000233000000000175e+04	0.000000000000000000e+00	0.000000000000000000e+00	1.709036530655842767e-02	0.000000000000000000e+00
-3.000231000000000131e+04	0.000000000000000000e+00	0.000000000000000000e+00	1.647999511703848383e-02	0.000000000000000000e+00
-3.000229000000000087e+04	0.000000000000000000e+00	0.000000000000000000e+00	1.068147831659901729e-02	0.000000000000000000e+00
-3.000229000000000087e+04	0.000000000000000000e+00	0.000000000000000000e+00	2.502517777031769766e-02	0.000000000000000000e+00
-3.000227000000000044e+04	0.000000000000000000e+00	0.000000000000000000e+00	1.556443983275856806e-02	0.000000000000000000e+00
-3.000224000000000160e+04	0.000000000000000000e+00	0.000000000000000000e+00	1.892147587511825921e-02	0.000000000000000000e+00
-3.000220999999999913e+04	0.000000000000000000e+00	0.000000000000000000e+00	3.448591570787682553e-02	0.000000000000000000e+00
-3.000218000000000029e+04	0.000000000000000000e+00	0.000000000000000000e+00	2.533036286507767132e-02	0.000000000000000000e+00
-3.000215000000000146e+04	0.000000000000000000e+00	0.000000000000000000e+00	1.281777397991882075e-02	0.000000000000000000e+00
-3.000211999999999898e+04	0.000000000000000000e+00	0.000000000000000000e+00	1.647999511703848383e-02	0.000000000000000000e+00
-3.000209999999999854e+04	0.000000000000000000e+00	0.000000000000000000e+00	1.953184606463820305e-02	0.000000000000000000e+00
-3.000209000000000015e+04	0.000000000000000000e+00	0.000000000000000000e+00	1.556443983275856806e-02	0.000000000000000000e+00
-3.000206000000000131e+04	0.000000000000000000e+00	0.000000000000000000e+00	1.190221869563890499e-02	0.000000000000000000e+00
-3.000204000000000087e+04	0.000000000000000000e+00	0.000000000000000000e+00	1.586962492751853998e-02	0.000000000000000000e+00
-3.000200999999999840e+04	0.000000000000000000e+00	0.000000000000000000e+00	1.586962492751853998e-02	0.000000000000000000e+00
-3.000199000000000160e+04	0.000000000000000000e+00	0.000000000000000000e+00	1.251258888515884883e-02	0.000000000000000000e+00
-3.000197000000000116e+04	0.000000000000000000e+00	0.000000000000000000e+00	1.678518021179845748e-02	0.000000000000000000e+00
-3.000193999999999869e+04	0.000000000000000000e+00	0.000000000000000000e+00	9.765923032319101527e-03	0.000000000000000000e+00
-3.000193000000000029e+04	0.000000000000000000e+00	0.000000000000000000e+00	2.197332682271797843e-02	0.000000000000000000e+00
-3.000190999999999985e+04	0.000000000000000000e+00	0.000000000000000000e+00	8.850367748039185758e-03	0.000000000000000000e+00
-3.000188999999999942e+04	0.000000000000000000e+00	0.000000000000000000e+00	1.251258888515884883e-02	0.000000000000000000e+00
-3.000186999999999898e+04	0.000000000000000000e+00	0.000000000000000000e+00	2.136295663319803459e-02	0.000000000000000000e+00
-3.000186000000000058e+04	0.000000000000000000e+00	0.000000000000000000e+00	1.007110812707907345e-02	0.000000000000000000e+00
-3.000184000000000015e+04	0.000000000000000000e+00	0.000000000000000000e+00	7.629627368999298068e-03	0.000000000000000000e+00
-3.000181999999999971e+04	0.000000000000000000e+00	0.000000000000000000e+00	8.850367748039185758e-03	0.000000000000000000e+00
-3.000179000000000087e+04	0.000000000000000000e+00	0.000000000000000000e+00	1.770073549607837152e-02	0.000000000000000000e+00
-3.000175999999999840e+04	0.000000000000000000e+00	0.000000000000000000e+00	1.922666096987823287e-02	0.000000000000000000e+00
-3.000172999999999956e+04	0.000000000000000000e+00	0.000000000000000000e+00	2.471999267555772747e-02	0.000000000000000000e+00
-3.000170999999999913e+04	0.000000000000000000e+00	0.000000000000000000e+00	1.739555040131840133e-02	0.000000000000000000e+00
-3.000168000000000029e+04	0.000000000000000000e+00	0.000000000000000000e+00	1.647999511703848383e-02	0.000000000000000000e+00
-3.000165999999999985e+04	0.000000000000000000e+00	0.000000000000000000e+00	1.831110568559831536e-02	0.000000000000000000e+00
-3.000163000000000102e+04	0.000000000000000000e+00	0.000000000000000000e+00	1.800592059083834517e-02	0.000000000000000000e+00
-3.000159999999999854e+04	0.000000000000000000e+00	0.000000000000000000e+00	1.464888454847865229e-02	0.000000000000000000e+00
-3.000156999999999971e+04	0.000000000000000000e+00	0.000000000000000000e+00	1.892147587511825921e-02	0.000000000000000000e+00
-3.000154999999999927e+04	0.000000000000000000e+00	0.000000000000000000e+00	1.831110568559831536e-02	0.000000000000000000e+00
-3.000152999999999884e+04	0.000000000000000000e+00	0.000000000000000000e+00	1.739555040131840133e-02	0.000000000000000000e+00
-3.000152000000000044e+04	0.000000000000000000e+00	0.000000000000000000e+00	1.770073549607837152e-02	0.000000000000000000e+00
-3.000150000000000000e+04	0.000000000000000000e+00	0.000000000000000000e+00	1.220740379039887691e-02	0.000000000000000000e+00
-3.000149000000000160e+04	0.000000000000000000e+00	0.000000000000000000e+00	1.281777397991882075e-02	0.000000000000000000e+00
-3.000145999999999913e+04	0.000000000000000000e+00	0.000000000000000000e+00	2.044740134891812056e-02	0.000000000000000000e+00
-3.000143000000000029e+04	0.000000000000000000e+00	0.000000000000000000e+00	1.434369945371868037e-02	0.000000000000000000e+00
-3.000140999999999985e+04	0.000000000000000000e+00	0.000000000000000000e+00	3.418073061311685534e-02	0.000000000000000000e+00
-3.000138000000000102e+04	0.000000000000000000e+00	0.000000000000000000e+00	2.014221625415814690e-02	0.000000000000000000e+00
-3.000134000000000015e+04	0.000000000000000000e+00	0.000000000000000000e+00	2.136295663319803459e-02	0.000000000000000000e+00
-3.000131000000000131e+04	0.000000000000000000e+00	0.000000000000000000e+00	8.850367748039185758e-03	0.000000000000000000e+00
-3.000129000000000087e+04	0.000000000000000000e+00	0.000000000000000000e+00	2.014221625415814690e-02	0.000000000000000000e+00
-3.000125999999999840e+04	0.000000000000000000e+00	0.000000000000000000e+00	1.647999511703848383e-02	0.000000000000000000e+00
-3.000122999999999956e+04	0.000000000000000000e+00	0.000000000000000000e+00	1.068147831659901729e-02	0.000000000000000000e+00
-3.000120000000000073e+04	0.000000000000000000e+00	0.000000000000000000e+00	8.545182653279213836e-03	0.000000000000000000e+00
-3.000118000000000029e+04	0.000000000000000000e+00	0.000000000000000000e+00	2.014221625415814690e-02	0.000000000000000000e+00
-3.000115999999999985e+04	0.000000000000000000e+00	0.000000000000000000e+00	2.899258400219733439e-02	0.000000000000000000e+00
-3.000113000000000102e+04	0.000000000000000000e+00	0.000000000000000000e+00	2.105777153843806440e-02	0.000000000000000000e+00
-3.000109999999999854e+04	0.000000000000000000e+00	0.000000000000000000e+00	2.380443739127780997e-02	0.000000000000000000e+00
-3.000106999999999971e+04	0.000000000000000000e+00	0.000000000000000000e+00	2.746665852839747304e-02	0.000000000000000000e+00
-3.000104000000000087e+04	0.000000000000000000e+00	0.000000000000000000e+00	2.533036286507767132e-02	0.000000000000000000e+00
-3.000100000000000000e+04	0.000000000000000000e+00	0.000000000000000000e+00	1.739555040131840133e-02	0.000000000000000000e+00
-3.000097999999999956e+04	0.000000000000000000e+00	0.000000000000000000e+00	1.464888454847865229e-02	0.000000000000000000e+00
-3.000095000000000073e+04	0.000000000000000000e+00	0.000000000000000000e+00	1.464888454847865229e-02	0.000000000000000000e+00
-3.000091999999999825e+04	0.000000000000000000e+00	0.000000000000000000e+00	3.662221137119663072e-03	0.000000000000000000e+00
-3.000088999999999942e+04	0.000000000000000000e+00	0.000000000000000000e+00	8.545182653279213836e-03	0.000000000000000000e+00
-3.000086999999999898e+04	0.000000000000000000e+00	0.000000000000000000e+00	2.594073305459761516e-02	0.000000000000000000e+00
-3.000084000000000015e+04	0.000000000000000000e+00	0.000000000000000000e+00	1.647999511703848383e-02	0.000000000000000000e+00
-3.000081000000000131e+04	0.000000000000000000e+00	0.000000000000000000e+00	1.586962492751853998e-02	0.000000000000000000e+00
-3.000077999999999884e+04	0.000000000000000000e+00	0.000000000000000000e+00	1.831110568559831536e-02	0.000000000000000000e+00
-3.000074000000000160e+04	0.000000000000000000e+00	0.000000000000000000e+00	1.678518021179845748e-02	0.000000000000000000e+00
-3.000070999999999913e+04	0.000000000000000000e+00	0.000000000000000000e+00	1.892147587511825921e-02	0.000000000000000000e+00
-3.000068999999999869e+04	0.000000000000000000e+00	0.000000000000000000e+00	1.403851435895870844e-02	0.000000000000000000e+00
-3.000066999999999825e+04	0.000000000000000000e+00	0.000000000000000000e+00	1.464888454847865229e-02	0.000000000000000000e+00
-3.000065000000000146e+04	0.000000000000000000e+00	0.000000000000000000e+00	2.258369701223792228e-02	0.000000000000000000e+00
-3.000061999999999898e+04	0.000000000000000000e+00	0.000000000000000000e+00	1.739555040131840133e-02	0.000000000000000000e+00
-3.000059000000000015e+04	0.000000000000000000e+00	0.000000000000000000e+00	9.460737937559129604e-03	0.000000000000000000e+00
-3.000056000000000131e+04	0.000000000000000000e+00	0.000000000000000000e+00	1.678518021179845748e-02	0.000000000000000000e+00
-3.000052999999999884e+04	0.000000000000000000e+00	0.000000000000000000e+00	2.929776909695730458e-02	0.000000000000000000e+00
-3.000050999999999840e+04	0.000000000000000000e+00	0.000000000000000000e+00	2.441480758079775382e-02	0.000000000000000000e+00
-3.000049000000000160e+04	0.000000000000000000e+00	0.000000000000000000e+00	2.014221625415814690e-02	0.000000000000000000e+00
-3.000045000000000073e+04	0.000000000000000000e+00	0.000000000000000000e+00	1.922666096987823287e-02	0.000000000000000000e+00
-3.000041999999999825e+04	0.000000000000000000e+00	0.000000000000000000e+00	3.357036042359691497e-02	0.000000000000000000e+00
-3.000038999999999942e+04	0.000000000000000000e+00	0.000000000000000000e+00	2.655110324411755901e-02	0.000000000000000000e+00
-3.000036000000000058e+04	0.000000000000000000e+00	0.000000000000000000e+00	1.739555040131840133e-02	0.000000000000000000e+00
-3.000033000000000175e+04	0.000000000000000000e+00	0.000000000000000000e+00	1.953184606463820305e-02	0.000000000000000000e+00
-3.000029999999999927e+04	0.000000000000000000e+00	0.000000000000000000e+00	2.471999267555772747e-02	0.000000000000000000e+00
-3.000027000000000044e+04	0.000000000000000000e+00	0.000000000000000000e+00	1.525925473799859614e-02	0.000000000000000000e+00
-3.000024000000000160e+04	0.000000000000000000e+00	0.000000000000000000e+00	1.770073549607837152e-02	0.000000000000000000e+00
-3.000020000000000073e+04	0.000000000000000000e+00	0.000000000000000000e+00	1.709036530655842767e-02	0.000000000000000000e+00
-3.000015999999999985e+04	0.000000000000000000e+00	0.000000000000000000e+00	1.495406964323862421e-02	0.000000000000000000e+00
-3.000011000000000058e+04	0.000000000000000000e+00	0.000000000000000000e+00	1.831110568559831536e-02	0.000000000000000000e+00
-3.000008000000000175e+04	0.000000000000000000e+00	0.000000000000000000e+00	2.044740134891812056e-02	0.000000000000000000e+00
-3.000004999999999927e+04	0.000000000000000000e+00	0.000000000000000000e+00	2.410962248603778363e-02	0.000000000000000000e+00
-3.000000999999999840e+04	0.000000000000000000e+00	0.000000000000000000e+00	1.647999511703848383e-02	0.000000000000000000e+00
-2.999999000000000160e+04	0.000000000000000000e+00	0.000000000000000000e+00	1.586962492751853998e-02	0.000000000000000000e+00
-2.999995999999999913e+04	0.000000000000000000e+00	0.000000000000000000e+00	1.556443983275856806e-02	0.000000000000000000e+00
-2.999993999999999869e+04	0.000000000000000000e+00	0.000000000000000000e+00	2.655110324411755901e-02	0.000000000000000000e+00
-2.999991999999999825e+04	0.000000000000000000e+00	0.000000000000000000e+00	1.190221869563890499e-02	0.000000000000000000e+00
-2.999988999999999942e+04	0.000000000000000000e+00	0.000000000000000000e+00	1.831110568559831536e-03	0.000000000000000000e+00
-2.999986000000000058e+04	0.000000000000000000e+00	0.000000000000000000e+00	1.129184850611896114e-02	0.000000000000000000e+00
-2.999983000000000175e+04	0.000000000000000000e+00	0.000000000000000000e+00	1.709036530655842767e-02	0.000000000000000000e+00
-2.999979000000000087e+04	0.000000000000000000e+00	0.000000000000000000e+00	2.441480758079775382e-02	0.000000000000000000e+00
-2.999975999999999840e+04	0.000000000000000000e+00	0.000000000000000000e+00	1.739555040131840133e-02	0.000000000000000000e+00
-2.999972000000000116e+04	0.000000000000000000e+00	0.000000000000000000e+00	1.739555040131840133e-02	0.000000000000000000e+00
-2.999968000000000029e+04	0.000000000000000000e+00	0.000000000000000000e+00	2.258369701223792228e-02	0.000000000000000000e+00
-2.999963999999999942e+04	0.000000000000000000e+00	0.000000000000000000e+00	2.014221625415814690e-02	0.000000000000000000e+00
-2.999961000000000058e+04	0.000000000000000000e+00	0.000000000000000000e+00	2.258369701223792228e-02	0.000000000000000000e+00
-2.999959000000000015e+04	0.000000000000000000e+00	0.000000000000000000e+00	1.983703115939817671e-02	0.000000000000000000e+00
-2.999956000000000131e+04	0.000000000000000000e+00	0.000000000000000000e+00	2.624591814935758535e-02	0.000000000000000000e+00
-2.999952999999999884e+04	0.000000000000000000e+00	0.000000000000000000e+00	1.525925473799859614e-02	0.000000000000000000e+00
-2.999950000000000000e+04	0.000000000000000000e+00	0.000000000000000000e+00	1.281777397991882075e-02	0.000000000000000000e+00
-2.999947999999999956e+04	0.000000000000000000e+00	0.000000000000000000e+00	1.709036530655842767e-02	0.000000000000000000e+00
-2.999945000000000073e+04	0.000000000000000000e+00	0.000000000000000000e+00	1.525925473799859614e-02	0.000000000000000000e+00
-2.999941999999999825e+04	0.000000000000000000e+00	0.000000000000000000e+00	1.831110568559831536e-02	0.000000000000000000e+00
-2.999938000000000102e+04	0.000000000000000000e+00	0.000000000000000000e+00	2.014221625415814690e-02	0.000000000000000000e+00
-2.999934000000000015e+04	0.000000000000000000e+00	0.000000000000000000e+00	2.044740134891812056e-02	0.000000000000000000e+00
-2.999929999999999927e+04	0.000000000000000000e+00	0.000000000000000000e+00	2.533036286507767132e-02	0.000000000000000000e+00
-2.999927000000000044e+04	0.000000000000000000e+00	0.000000000000000000e+00	2.624591814935758535e-02	0.000000000000000000e+00
-2.999924000000000160e+04	0.000000000000000000e+00	0.000000000000000000e+00	1.800592059083834517e-02	0.000000000000000000e+00
-2.999920999999999913e+04	0.000000000000000000e+00	0.000000000000000000e+00	1.495406964323862421e-02	0.000000000000000000e+00
-2.999918000000000029e+04	0.000000000000000000e+00	0.000000000000000000e+00	1.220740379039887691e-02	0.000000000000000000e+00
-2.999915000000000146e+04	0.000000000000000000e+00	0.000000000000000000e+00	1.434369945371868037e-02	0.000000000000000000e+00
-2.999909999999999854e+04	0.000000000000000000e+00	0.000000000000000000e+00	8.239997558519241913e-03	0.000000000000000000e+00
-2.999906999999999971e+04	0.000000000000000000e+00	0.000000000000000000e+00	1.647999511703848383e-02	0.000000000000000000e+00
-2.999904000000000087e+04	0.000000000000000000e+00	0.000000000000000000e+00	2.410962248603778363e-02	0.000000000000000000e+00
-2.999902000000000044e+04	0.000000000000000000e+00	0.000000000000000000e+00	1.983703115939817671e-02	0.000000000000000000e+00
-2.999900000000000000e+04	0.000000000000000000e+00	0.000000000000000000e+00	1.434369945371868037e-02	0.000000000000000000e+00
-2.999897999999999956e+04	0.000000000000000000e+00	0.000000000000000000e+00	2.227851191747795209e-02	0.000000000000000000e+00
-2.999895000000000073e+04	0.000000000000000000e+00	0.000000000000000000e+00	1.037629322183904537e-02	0.000000000000000000e+00
-2.999891999999999825e+04	0.000000000000000000e+00	0.000000000000000000e+00	1.312295907467879268e-02	0.000000000000000000e+00
-2.999888000000000102e+04	0.000000000000000000e+00	0.000000000000000000e+00	1.342814416943876460e-02	0.000000000000000000e+00
-2.999884999999999854e+04	0.000000000000000000e+00	0.000000000000000000e+00	1.434369945371868037e-02	0.000000000000000000e+00
-2.999881999999999971e+04	0.000000000000000000e+00	0.000000000000000000e+00	1.709036530655842767e-02	0.000000000000000000e+00
-2.999879000000000087e+04	0.000000000000000000e+00	0.000000000000000000e+00	1.037629322183904537e-02	0.000000000000000000e+00
-2.999877000000000044e+04	0.000000000000000000e+00	0.000000000000000000e+00	2.014221625415814690e-02	0.000000000000000000e+00
-2.999875000000000000e+04	0.000000000000000000e+00	0.000000000000000000e+00	2.349925229651783978e-02	0.000000000000000000e+00
-2.999872000000000116e+04	0.000000000000000000e+00	0.000000000000000000e+00	2.502517777031769766e-02	0.000000000000000000e+00
-2.999868999999999869e+04	0.000000000000000000e+00	0.000000000000000000e+00	1.800592059083834517e-02	0.000000000000000000e+00
-2.999865999999999985e+04	0.000000000000000000e+00	0.000000000000000000e+00	1.709036530655842767e-02	0.000000000000000000e+00
-2.999863999999999942e+04	0.000000000000000000e+00	0.000000000000000000e+00	1.586962492751853998e-02	0.000000000000000000e+00
-2.999861999999999898e+04	0.000000000000000000e+00	0.000000000000000000e+00	1.464888454847865229e-02	0.000000000000000000e+00
-2.999859000000000015e+04	0.000000000000000000e+00	0.000000000000000000e+00	1.739555040131840133e-02	0.000000000000000000e+00
-2.999856000000000131e+04	0.000000000000000000e+00	0.000000000000000000e+00	1.953184606463820305e-02	0.000000000000000000e+00
-2.999854000000000087e+04	0.000000000000000000e+00	0.000000000000000000e+00	1.556443983275856806e-02	0.000000000000000000e+00
-2.999850999999999840e+04	0.000000000000000000e+00	0.000000000000000000e+00	1.892147587511825921e-02	0.000000000000000000e+00
-2.999849000000000160e+04	0.000000000000000000e+00	0.000000000000000000e+00	1.983703115939817671e-02	0.000000000000000000e+00
-2.999845999999999913e+04	0.000000000000000000e+00	0.000000000000000000e+00	2.197332682271797843e-02	0.000000000000000000e+00
-2.999843000000000029e+04	0.000000000000000000e+00	0.000000000000000000e+00	1.678518021179845748e-02	0.000000000000000000e+00
-2.999840000000000146e+04	0.000000000000000000e+00	0.000000000000000000e+00	2.349925229651783978e-02	0.000000000000000000e+00
-2.999838000000000102e+04	0.000000000000000000e+00	0.000000000000000000e+00	1.739555040131840133e-02	0.000000000000000000e+00
-2.999836999999999898e+04	0.000000000000000000e+00	0.000000000000000000e+00	4.028443250831629380e-02	0.000000000000000000e+00
-2.999834000000000015e+04	0.000000000000000000e+00	0.000000000000000000e+00	2.594073305459761516e-02	0.000000000000000000e+00
-2.999831999999999971e+04	0.000000000000000000e+00	0.000000000000000000e+00	2.227851191747795209e-02	0.000000000000000000e+00
-2.999829999999999927e+04	0.000000000000000000e+00	0.000000000000000000e+00	2.380443739127780997e-02	0.000000000000000000e+00
-2.999827999999999884e+04	0.000000000000000000e+00	0.000000000000000000e+00	2.014221625415814690e-02	0.000000000000000000e+00
-2.999825999999999840e+04	0.000000000000000000e+00	0.000000000000000000e+00	1.831110568559831536e-02	0.000000000000000000e+00
-2.999824000000000160e+04	0.000000000000000000e+00	0.000000000000000000e+00	2.044740134891812056e-02	0.000000000000000000e+00
-2.999822000000000116e+04	0.000000000000000000e+00	0.000000000000000000e+00	2.288888210699789594e-02	0.000000000000000000e+00
-2.999820999999999913e+04	0.000000000000000000e+00	0.000000000000000000e+00	2.227851191747795209e-02	0.000000000000000000e+00
-2.999818000000000029e+04	0.000000000000000000e+00	0.000000000000000000e+00	2.716147343363750286e-02	0.000000000000000000e+00
-2.999815999999999985e+04	0.000000000000000000e+00	0.000000000000000000e+00	1.892147587511825921e-02	0.000000000000000000e+00
-2.999813999999999942e+04	0.000000000000000000e+00	0.000000000000000000e+00	2.746665852839747304e-02	0.000000000000000000e+00
-2.999813000000000102e+04	0.000000000000000000e+00	0.000000000000000000e+00	1.831110568559831536e-02	0.000000000000000000e+00
-2.999811000000000058e+04	0.000000000000000000e+00	0.000000000000000000e+00	1.892147587511825921e-02	0.000000000000000000e+00
-2.999809000000000015e+04	0.000000000000000000e+00	0.000000000000000000e+00	1.800592059083834517e-02	0.000000000000000000e+00
-2.999806999999999971e+04	0.000000000000000000e+00	0.000000000000000000e+00	2.044740134891812056e-02	0.000000000000000000e+00
-2.999804000000000087e+04	0.000000000000000000e+00	0.000000000000000000e+00	1.556443983275856806e-02	0.000000000000000000e+00
-2.999802000000000044e+04	0.000000000000000000e+00	0.000000000000000000e+00	1.525925473799859614e-02	0.000000000000000000e+00
-2.999799000000000160e+04	0.000000000000000000e+00	0.000000000000000000e+00	1.220740379039887691e-02	0.000000000000000000e+00
-2.999797000000000116e+04	0.000000000000000000e+00	0.000000000000000000e+00	1.922666096987823287e-02	0.000000000000000000e+00
-2.999795000000000073e+04	0.000000000000000000e+00	0.000000000000000000e+00	1.770073549607837152e-02	0.000000000000000000e+00
-2.999793000000000029e+04	0.000000000000000000e+00	0.000000000000000000e+00	1.647999511703848383e-02	0.000000000000000000e+00
-2.999790999999999985e+04	0.000000000000000000e+00	0.000000000000000000e+00	2.014221625415814690e-02	0.000000000000000000e+00
-2.999788000000000102e+04	0.000000000000000000e+00	0.000000000000000000e+00	1.739555040131840133e-02	0.000000000000000000e+00
-2.999786000000000058e+04	0.000000000000000000e+00	0.000000000000000000e+00	1.403851435895870844e-02	0.000000000000000000e+00
-2.999783000000000175e+04	0.000000000000000000e+00	0.000000000000000000e+00	1.892147587511825921e-02	0.000000000000000000e+00
-2.999781000000000131e+04	0.000000000000000000e+00	0.000000000000000000e+00	1.831110568559831536e-02	0.000000000000000000e+00
-2.999779000000000087e+04	0.000000000000000000e+00	0.000000000000000000e+00	1.220740379039887691e-02	0.000000000000000000e+00
-2.999777000000000044e+04	0.000000000000000000e+00	0.000000000000000000e+00	1.342814416943876460e-02	0.000000000000000000e+00
-2.999774000000000160e+04	0.000000000000000000e+00	0.000000000000000000e+00	1.098666341135898922e-02	0.000000000000000000e+00
-2.999772000000000116e+04	0.000000000000000000e+00	0.000000000000000000e+00	1.464888454847865229e-02	0.000000000000000000e+00
-2.999770000000000073e+04	0.000000000000000000e+00	0.000000000000000000e+00	1.434369945371868037e-02	0.000000000000000000e+00
-2.999768000000000029e+04	0.000000000000000000e+00	0.000000000000000000e+00	1.068147831659901729e-02	0.000000000000000000e+00
-2.999766999999999825e+04	0.000000000000000000e+00	0.000000000000000000e+00	1.098666341135898922e-02	0.000000000000000000e+00
-2.999765000000000146e+04	0.000000000000000000e+00	0.000000000000000000e+00	1.647999511703848383e-02	0.000000000000000000e+00
-2.999763000000000102e+04	0.000000000000000000e+00	0.000000000000000000e+00	3.418073061311685534e-02	0.000000000000000000e+00
-2.999761000000000058e+04	0.000000000000000000e+00	0.000000000000000000e+00	2.288888210699789594e-02	0.000000000000000000e+00
-2.999759000000000015e+04	0.000000000000000000e+00	0.000000000000000000e+00	2.868739890743736073e-02	0.000000000000000000e+00
-2.999756999999999971e+04	0.000000000000000000e+00	0.000000000000000000e+00	1.739555040131840133e-02	0.000000000000000000e+00
-2.999754999999999927e+04	0.000000000000000000e+00	0.000000000000000000e+00	1.770073549607837152e-02	0.000000000000000000e+00
-2.999752999999999884e+04	0.000000000000000000e+00	0.000000000000000000e+00	1.922666096987823287e-02	0.000000000000000000e+00
-2.999750999999999840e+04	0.000000000000000000e+00	0.000000000000000000e+00	1.586962492751853998e-02	0.000000000000000000e+00
-2.999749000000000160e+04	0.000000000000000000e+00	0.000000000000000000e+00	2.136295663319803459e-02	0.000000000000000000e+00
-2.999747999999999956e+04	0.000000000000000000e+00	0.000000000000000000e+00	1.556443983275856806e-02	0.000000000000000000e+00
-2.999745000000000073e+04	0.000000000000000000e+00	0.000000000000000000e+00	3.112887966551713612e-02	0.000000000000000000e+00
-2.999743000000000029e+04	0.000000000000000000e+00	0.000000000000000000e+00	1.800592059083834517e-02	0.000000000000000000e+00
-2.999740999999999985e+04	0.000000000000000000e+00	0.000000000000000000e+00	1.495406964323862421e-02	0.000000000000000000e+00
-2.999738999999999942e+04	0.000000000000000000e+00	0.000000000000000000e+00	1.892147587511825921e-02	0.000000000000000000e+00
-2.999738000000000102e+04	0.000000000000000000e+00	0.000000000000000000e+00	1.342814416943876460e-02	0.000000000000000000e+00
-2.999736000000000058e+04	0.000000000000000000e+00	0.000000000000000000e+00	1.739555040131840133e-02	0.000000000000000000e+00
-2.999733000000000175e+04	0.000000000000000000e+00	0.000000000000000000e+00	1.831110568559831536e-02	0.000000000000000000e+00
-2.999729999999999927e+04	0.000000000000000000e+00	0.000000000000000000e+00	1.983703115939817671e-02	0.000000000000000000e+00
-2.999727999999999884e+04	0.000000000000000000e+00	0.000000000000000000e+00	-3.662221137119663072e-03	0.000000000000000000e+00
-2.999725999999999840e+04	0.000000000000000000e+00	0.000000000000000000e+00	7.019257179479354222e-03	0.000000000000000000e+00
-2.999724000000000160e+04	0.000000000000000000e+00	0.000000000000000000e+00	1.403851435895870844e-02	0.000000000000000000e+00
-2.999720999999999913e+04	0.000000000000000000e+00	0.000000000000000000e+00	1.739555040131840133e-02	0.000000000000000000e+00
-2.999716999999999825e+04	0.000000000000000000e+00	0.000000000000000000e+00	1.770073549607837152e-02	0.000000000000000000e+00
-2.999715000000000146e+04	0.000000000000000000e+00	0.000000000000000000e+00	2.410962248603778363e-02	0.000000000000000000e+00
-2.999713999999999942e+04	0.000000000000000000e+00	0.000000000000000000e+00	2.746665852839747304e-02	0.000000000000000000e+00
-2.999711999999999898e+04	0.000000000000000000e+00	0.000000000000000000e+00	1.647999511703848383e-02	0.000000000000000000e+00
-2.999709999999999854e+04	0.000000000000000000e+00	0.000000000000000000e+00	2.044740134891812056e-02	0.000000000000000000e+00
-2.999706999999999971e+04	0.000000000000000000e+00	0.000000000000000000e+00	1.464888454847865229e-02	0.000000000000000000e+00
-2.999704000000000087e+04	0.000000000000000000e+00	0.000000000000000000e+00	1.983703115939817671e-02	0.000000000000000000e+00
-2.999702999999999884e+04	0.000000000000000000e+00	0.000000000000000000e+00	2.471999267555772747e-02	0.000000000000000000e+00
-2.999700999999999840e+04	0.000000000000000000e+00	0.000000000000000000e+00	1.831110568559831536e-02	0.000000000000000000e+00
-2.999697999999999956e+04	0.000000000000000000e+00	0.000000000000000000e+00	2.349925229651783978e-02	0.000000000000000000e+00
-2.999695999999999913e+04	0.000000000000000000e+00	0.000000000000000000e+00	1.800592059083834517e-02	0.000000000000000000e+00
-2.999693999999999869e+04	0.000000000000000000e+00	0.000000000000000000e+00	1.495406964323862421e-02	0.000000000000000000e+00
-2.999690999999999985e+04	0.000000000000000000e+00	0.000000000000000000e+00	1.709036530655842767e-02	0.000000000000000000e+00
-2.999688000000000102e+04	0.000000000000000000e+00	0.000000000000000000e+00	2.136295663319803459e-02	0.000000000000000000e+00
-2.999686000000000058e+04	0.000000000000000000e+00	0.000000000000000000e+00	2.807702871791741689e-02	0.000000000000000000e+00
-2.999683000000000175e+04	0.000000000000000000e+00	0.000000000000000000e+00	1.831110568559831536e-02	0.000000000000000000e+00
-2.999681000000000131e+04	0.000000000000000000e+00	0.000000000000000000e+00	2.533036286507767132e-02	0.000000000000000000e+00
-2.999679000000000087e+04	0.000000000000000000e+00	0.000000000000000000e+00	1.678518021179845748e-02	0.000000000000000000e+00
-2.999675999999999840e+04	0.000000000000000000e+00	0.000000000000000000e+00	2.136295663319803459e-02	0.000000000000000000e+00
-2.999672999999999956e+04	0.000000000000000000e+00	0.000000000000000000e+00	2.166814172795800825e-02	0.000000000000000000e+00
-2.999670999999999913e+04	0.000000000000000000e+00	0.000000000000000000e+00	2.166814172795800825e-02	0.000000000000000000e+00
-2.999668999999999869e+04	0.000000000000000000e+00	0.000000000000000000e+00	2.441480758079775382e-02	0.000000000000000000e+00
-2.999666999999999825e+04	0.000000000000000000e+00	0.000000000000000000e+00	2.288888210699789594e-02	0.000000000000000000e+00
-2.999663999999999942e+04	0.000000000000000000e+00	0.000000000000000000e+00	1.922666096987823287e-02	0.000000000000000000e+00
-2.999661999999999898e+04	0.000000000000000000e+00	0.000000000000000000e+00	2.105777153843806440e-02	0.000000000000000000e+00
-2.999659999999999854e+04	0.000000000000000000e+00	0.000000000000000000e+00	2.349925229651783978e-02	0.000000000000000000e+00
-2.999658000000000175e+04	0.000000000000000000e+00	0.000000000000000000e+00	2.533036286507767132e-02	0.000000000000000000e+00
-2.999656000000000131e+04	0.000000000000000000e+00	0.000000000000000000e+00	1.953184606463820305e-02	0.000000000000000000e+00
-2.999654000000000087e+04	0.000000000000000000e+00	0.000000000000000000e+00	2.960295419171727824e-02	0.000000000000000000e+00
-2.999652000000000044e+04	0.000000000000000000e+00	0.000000000000000000e+00	1.312295907467879268e-02	0.000000000000000000e+00
-2.999650000000000000e+04	0.000000000000000000e+00	0.000000000000000000e+00	1.586962492751853998e-02	0.000000000000000000e+00
-2.999647999999999956e+04	0.000000000000000000e+00	0.000000000000000000e+00	5.188146610919522686e-03	0.000000000000000000e+00
-2.999645999999999913e+04	0.000000000000000000e+00	0.000000000000000000e+00	2.502517777031769766e-02	0.000000000000000000e+00
-2.999645000000000073e+04	0.000000000000000000e+00	0.000000000000000000e+00	1.953184606463820305e-02	0.000000000000000000e+00
-2.999641999999999825e+04	0.000000000000000000e+00	0.000000000000000000e+00	1.464888454847865229e-02	0.000000000000000000e+00
-2.999640999999999985e+04	0.000000000000000000e+00	0.000000000000000000e+00	2.014221625415814690e-02	0.000000000000000000e+00
-2.999638999999999942e+04	0.000000000000000000e+00	0.000000000000000000e+00	2.258369701223792228e-02	0.000000000000000000e+00
-2.999636999999999898e+04	0.000000000000000000e+00	0.000000000000000000e+00	1.770073549607837152e-02	0.000000000000000000e+00
-2.999634000000000015e+04	0.000000000000000000e+00	0.000000000000000000e+00	2.044740134891812056e-02	0.000000000000000000e+00
-2.999631999999999971e+04	0.000000000000000000e+00	0.000000000000000000e+00	2.166814172795800825e-02	0.000000000000000000e+00
-2.999629999999999927e+04	0.000000000000000000e+00	0.000000000000000000e+00	2.868739890743736073e-02	0.000000000000000000e+00
-2.999627000000000044e+04	0.000000000000000000e+00	0.000000000000000000e+00	2.197332682271797843e-02	0.000000000000000000e+00
-2.999625000000000000e+04	0.000000000000000000e+00	0.000000000000000000e+00	1.953184606463820305e-02	0.000000000000000000e+00
-2.999620999999999913e+04	0.000000000000000000e+00	0.000000000000000000e+00	1.190221869563890499e-02	0.000000000000000000e+00
-2.999620000000000073e+04	0.000000000000000000e+00	0.000000000000000000e+00	1.739555040131840133e-02	0.000000000000000000e+00
-2.999618000000000029e+04	0.000000000000000000e+00	0.000000000000000000e+00	1.770073549607837152e-02	0.000000000000000000e+00
-2.999615999999999985e+04	0.000000000000000000e+00	0.000000000000000000e+00	1.434369945371868037e-02	0.000000000000000000e+00
-2.999613000000000102e+04	0.000000000000000000e+00	0.000000000000000000e+00	2.685628833887752920e-02	0.000000000000000000e+00
-2.999609999999999854e+04	0.000000000000000000e+00	0.000000000000000000e+00	1.739555040131840133e-02	0.000000000000000000e+00
-2.999606999999999971e+04	0.000000000000000000e+00	0.000000000000000000e+00	2.716147343363750286e-02	0.000000000000000000e+00
-2.999604999999999927e+04	0.000000000000000000e+00	0.000000000000000000e+00	2.471999267555772747e-02	0.000000000000000000e+00
-2.999602000000000044e+04	0.000000000000000000e+00	0.000000000000000000e+00	2.288888210699789594e-02	0.000000000000000000e+00
-2.999599000000000160e+04	0.000000000000000000e+00	0.000000000000000000e+00	2.533036286507767132e-02	0.000000000000000000e+00
-2.999595999999999913e+04	0.000000000000000000e+00	0.000000000000000000e+00	2.624591814935758535e-02	0.000000000000000000e+00
-2.999593999999999869e+04	0.000000000000000000e+00	0.000000000000000000e+00	2.594073305459761516e-02	0.000000000000000000e+00
-2.999591999999999825e+04	0.000000000000000000e+00	0.000000000000000000e+00	1.709036530655842767e-02	0.000000000000000000e+00
-2.999588999999999942e+04	0.000000000000000000e+00	0.000000000000000000e+00	2.105777153843806440e-02	0.000000000000000000e+00
-2.999586999999999898e+04	0.000000000000000000e+00	0.000000000000000000e+00	1.831110568559831536e-02	0.000000000000000000e+00
-2.999584999999999854e+04	0.000000000000000000e+00	0.000000000000000000e+00	2.410962248603778363e-02	0.000000000000000000e+00
-2.999583000000000175e+04	0.000000000000000000e+00	0.000000000000000000e+00	2.166814172795800825e-02	0.000000000000000000e+00
-2.999581000000000131e+04	0.000000000000000000e+00	0.000000000000000000e+00	2.899258400219733439e-02	0.000000000000000000e+00
-2.999579000000000087e+04	0.000000000000000000e+00	0.000000000000000000e+00	2.014221625415814690e-02	0.000000000000000000e+00
-2.999577000000000044e+04	0.000000000000000000e+00	0.000000000000000000e+00	2.960295419171727824e-02	0.000000000000000000e+00
-2.999575000000000000e+04	0.000000000000000000e+00	0.000000000000000000e+00	2.044740134891812056e-02	0.000000000000000000e+00
-2.999572999999999956e+04	0.000000000000000000e+00	0.000000000000000000e+00	2.044740134891812056e-02	0.000000000000000000e+00
-2.999570999999999913e+04	0.000000000000000000e+00	0.000000000000000000e+00	2.105777153843806440e-02	0.000000000000000000e+00
-2.999568000000000029e+04	0.000000000000000000e+00	0.000000000000000000e+00	1.068147831659901729e-02	0.000000000000000000e+00
-2.999565000000000146e+04	0.000000000000000000e+00	0.000000000000000000e+00	1.831110568559831536e-02	0.000000000000000000e+00
-2.999561999999999898e+04	0.000000000000000000e+00	0.000000000000000000e+00	2.380443739127780997e-02	0.000000000000000000e+00
-2.999559999999999854e+04	0.000000000000000000e+00	0.000000000000000000e+00	2.105777153843806440e-02	0.000000000000000000e+00
-2.999558000000000175e+04	0.000000000000000000e+00	0.000000000000000000e+00	2.258369701223792228e-02	0.000000000000000000e+00
-2.999554999999999927e+04	0.000000000000000000e+00	0.000000000000000000e+00	2.227851191747795209e-02	0.000000000000000000e+00
-2.999552000000000044e+04	0.000000000000000000e+00	0.000000000000000000e+00	2.899258400219733439e-02	0.000000000000000000e+00
-2.999549000000000160e+04	0.000000000000000000e+00	0.000000000000000000e+00	2.716147343363750286e-02	0.000000000000000000e+00
-2.999547000000000116e+04	0.000000000000000000e+00	0.000000000000000000e+00	2.624591814935758535e-02	0.000000000000000000e+00
-2.999543999999999869e+04	0.000000000000000000e+00	0.000000000000000000e+00	1.800592059083834517e-02	0.000000000000000000e+00
-2.999540999999999985e+04	0.000000000000000000e+00	0.000000000000000000e+00	2.716147343363750286e-02	0.000000000000000000e+00
-2.999538999999999942e+04	0.000000000000000000e+00	0.000000000000000000e+00	1.800592059083834517e-02	0.000000000000000000e+00
-2.999534999999999854e+04	0.000000000000000000e+00	0.000000000000000000e+00	1.739555040131840133e-02	0.000000000000000000e+00
-2.999531000000000131e+04	0.000000000000000000e+00	0.000000000000000000e+00	1.739555040131840133e-02	0.000000000000000000e+00
-2.999527999999999884e+04	0.000000000000000000e+00	0.000000000000000000e+00	2.533036286507767132e-02	0.000000000000000000e+00
-2.999525000000000000e+04	0.000000000000000000e+00	0.000000000000000000e+00	2.533036286507767132e-02	0.000000000000000000e+00
-2.999522999999999956e+04	0.000000000000000000e+00	0.000000000000000000e+00	2.380443739127780997e-02	0.000000000000000000e+00
-2.999520000000000073e+04	0.000000000000000000e+00	0.000000000000000000e+00	3.509628589739677285e-02	0.000000000000000000e+00
-2.999516999999999825e+04	0.000000000000000000e+00	0.000000000000000000e+00	3.601184118167669035e-02	0.000000000000000000e+00
-2.999513999999999942e+04	0.000000000000000000e+00	0.000000000000000000e+00	1.800592059083834517e-02	0.000000000000000000e+00
-2.999511000000000058e+04	0.000000000000000000e+00	0.000000000000000000e+00	1.709036530655842767e-02	0.000000000000000000e+00
-2.999508000000000175e+04	0.000000000000000000e+00	0.000000000000000000e+00	2.288888210699789594e-02	0.000000000000000000e+00
-2.999504999999999927e+04	0.000000000000000000e+00	0.000000000000000000e+00	2.624591814935758535e-02	0.000000000000000000e+00
-2.999502000000000044e+04	0.000000000000000000e+00	0.000000000000000000e+00	1.831110568559831536e-02	0.000000000000000000e+00
-2.999499000000000160e+04	0.000000000000000000e+00	0.000000000000000000e+00	1.983703115939817671e-02	0.000000000000000000e+00
-2.999495999999999913e+04	0.000000000000000000e+00	0.000000000000000000e+00	1.770073549607837152e-02	0.000000000000000000e+00
-2.999491999999999825e+04	0.000000000000000000e+00	0.000000000000000000e+00	2.441480758079775382e-02	0.000000000000000000e+00
-2.999488999999999942e+04	0.000000000000000000e+00	0.000000000000000000e+00	2.014221625415814690e-02	0.000000000000000000e+00
-2.999484999999999854e+04	0.000000000000000000e+00	0.000000000000000000e+00	2.685628833887752920e-02	0.000000000000000000e+00
-2.999483000000000175e+04	0.000000000000000000e+00	0.000000000000000000e+00	1.709036530655842767e-02	0.000000000000000000e+00
-2.999481000000000131e+04	0.000000000000000000e+00	0.000000000000000000e+00	1.647999511703848383e-02	0.000000000000000000e+00
-2.999477000000000044e+04	0.000000000000000000e+00	0.000000000000000000e+00	1.922666096987823287e-02	0.000000000000000000e+00
-2.999475000000000000e+04	0.000000000000000000e+00	0.000000000000000000e+00	1.770073549607837152e-02	0.000000000000000000e+00
-2.999472999999999956e+04	0.000000000000000000e+00	0.000000000000000000e+00	2.197332682271797843e-02	0.000000000000000000e+00
-2.999470999999999913e+04	0.000000000000000000e+00	0.000000000000000000e+00	1.281777397991882075e-02	0.000000000000000000e+00
-2.999468999999999869e+04	0.000000000000000000e+00	0.000000000000000000e+00	1.037629322183904537e-02	0.000000000000000000e+00
-2.999465999999999985e+04	0.000000000000000000e+00	0.000000000000000000e+00	2.288888210699789594e-02	0.000000000000000000e+00
-2.999463000000000102e+04	0.000000000000000000e+00	0.000000000000000000e+00	1.190221869563890499e-02	0.000000000000000000e+00
-2.999461999999999898e+04	0.000000000000000000e+00	0.000000000000000000e+00	2.624591814935758535e-02	0.000000000000000000e+00
-2.999459999999999854e+04	0.000000000000000000e+00	0.000000000000000000e+00	2.624591814935758535e-02	0.000000000000000000e+00
-2.999456999999999971e+04	0.000000000000000000e+00	0.000000000000000000e+00	1.831110568559831536e-02	0.000000000000000000e+00
-2.999452999999999884e+04	0.000000000000000000e+00	0.000000000000000000e+00	2.410962248603778363e-02	0.000000000000000000e+00
-2.999450000000000000e+04	0.000000000000000000e+00	0.000000000000000000e+00	2.227851191747795209e-02	0.000000000000000000e+00
-2.999447999999999956e+04	0.000000000000000000e+00	0.000000000000000000e+00	2.227851191747795209e-02	0.000000000000000000e+00
-2.999447000000000116e+04	0.000000000000000000e+00	0.000000000000000000e+00	1.953184606463820305e-02	0.000000000000000000e+00
-2.999445000000000073e+04	0.000000000000000000e+00	0.000000000000000000e+00	2.044740134891812056e-02	0.000000000000000000e+00
-2.999441999999999825e+04	0.000000000000000000e+00	0.000000000000000000e+00	2.044740134891812056e-02	0.000000000000000000e+00
-2.999438999999999942e+04	0.000000000000000000e+00	0.000000000000000000e+00	2.166814172795800825e-02	0.000000000000000000e+00
-2.999436000000000058e+04	0.000000000000000000e+00	0.000000000000000000e+00	2.441480758079775382e-02	0.000000000000000000e+00
-2.999434999999999854e+04	0.000000000000000000e+00	0.000000000000000000e+00	2.105777153843806440e-02	0.000000000000000000e+00
-2.999431999999999971e+04	0.000000000000000000e+00	0.000000000000000000e+00	1.647999511703848383e-02	0.000000000000000000e+00
-2.999429000000000087e+04	0.000000000000000000e+00	0.000000000000000000e+00	1.525925473799859614e-02	0.000000000000000000e+00
-2.999427000000000044e+04	0.000000000000000000e+00	0.000000000000000000e+00	2.960295419171727824e-02	0.000000000000000000e+00
-2.999424000000000160e+04	0.000000000000000000e+00	0.000000000000000000e+00	2.044740134891812056e-02	0.000000000000000000e+00
-2.999420999999999913e+04	0.000000000000000000e+00	0.000000000000000000e+00	1.464888454847865229e-02	0.000000000000000000e+00
-2.999418999999999869e+04	0.000000000000000000e+00	0.000000000000000000e+00	2.044740134891812056e-02	0.000000000000000000e+00
-2.999415999999999985e+04	0.000000000000000000e+00	0.000000000000000000e+00	2.624591814935758535e-02	0.000000000000000000e+00
-2.999413000000000102e+04	0.000000000000000000e+00	0.000000000000000000e+00	2.380443739127780997e-02	0.000000000000000000e+00
-2.999411000000000058e+04	0.000000000000000000e+00	0.000000000000000000e+00	2.227851191747795209e-02	0.000000000000000000e+00
-2.999409000000000015e+04	0.000000000000000000e+00	0.000000000000000000e+00	1.770073549607837152e-02	0.000000000000000000e+00
-2.999406999999999971e+04	0.000000000000000000e+00	0.000000000000000000e+00	2.258369701223792228e-02	0.000000000000000000e+00
-2.999404999999999927e+04	0.000000000000000000e+00	0.000000000000000000e+00	1.953184606463820305e-02	0.000000000000000000e+00
-2.999402000000000044e+04	0.000000000000000000e+00	0.000000000000000000e+00	1.464888454847865229e-02	0.000000000000000000e+00
-2.999399000000000160e+04	0.000000000000000000e+00	0.000000000000000000e+00	2.624591814935758535e-02	0.000000000000000000e+00
-2.999397000000000116e+04	0.000000000000000000e+00	0.000000000000000000e+00	2.166814172795800825e-02	0.000000000000000000e+00
-2.999395000000000073e+04	0.000000000000000000e+00	0.000000000000000000e+00	3.143406476027710977e-02	0.000000000000000000e+00
-2.999391999999999825e+04	0.000000000000000000e+00	0.000000000000000000e+00	1.953184606463820305e-02	0.000000000000000000e+00
-2.999388999999999942e+04	0.000000000000000000e+00	0.000000000000000000e+00	3.143406476027710977e-02	0.000000000000000000e+00
-2.999386999999999898e+04	0.000000000000000000e+00	0.000000000000000000e+00	1.678518021179845748e-02	0.000000000000000000e+00
-2.999384000000000015e+04	0.000000000000000000e+00	0.000000000000000000e+00	3.357036042359691150e-03	0.000000000000000000e+00
-2.999381999999999971e+04	0.000000000000000000e+00	0.000000000000000000e+00	2.105777153843806440e-02	0.000000000000000000e+00
-2.999381000000000131e+04	0.000000000000000000e+00	0.000000000000000000e+00	2.960295419171727824e-02	0.000000000000000000e+00
-2.999377999999999884e+04	0.000000000000000000e+00	0.000000000000000000e+00	2.227851191747795209e-02	0.000000000000000000e+00
-2.999375000000000000e+04	0.000000000000000000e+00	0.000000000000000000e+00	1.678518021179845748e-02	0.000000000000000000e+00
-2.999372000000000116e+04	0.000000000000000000e+00	0.000000000000000000e+00	1.831110568559831536e-02	0.000000000000000000e+00
-2.999370000000000073e+04	0.000000000000000000e+00	0.000000000000000000e+00	1.770073549607837152e-02	0.000000000000000000e+00
-2.999368000000000029e+04	0.000000000000000000e+00	0.000000000000000000e+00	2.166814172795800825e-02	0.000000000000000000e+00
-2.999365000000000146e+04	0.000000000000000000e+00	0.000000000000000000e+00	1.800592059083834517e-02	0.000000000000000000e+00
-2.999361999999999898e+04	0.000000000000000000e+00	0.000000000000000000e+00	2.014221625415814690e-02	0.000000000000000000e+00
-2.999359999999999854e+04	0.000000000000000000e+00	0.000000000000000000e+00	2.868739890743736073e-02	0.000000000000000000e+00
-2.999358000000000175e+04	0.000000000000000000e+00	0.000000000000000000e+00	2.471999267555772747e-02	0.000000000000000000e+00
-2.999354000000000087e+04	0.000000000000000000e+00	0.000000000000000000e+00	2.594073305459761516e-02	0.000000000000000000e+00
-2.999350999999999840e+04	0.000000000000000000e+00	0.000000000000000000e+00	3.112887966551713612e-02	0.000000000000000000e+00
-2.999349000000000160e+04	0.000000000000000000e+00	0.000000000000000000e+00	2.044740134891812056e-02	0.000000000000000000e+00
-2.999347000000000116e+04	0.000000000000000000e+00	0.000000000000000000e+00	2.441480758079775382e-02	0.000000000000000000e+00
-2.999345000000000073e+04	0.000000000000000000e+00	0.000000000000000000e+00	2.929776909695730458e-02	0.000000000000000000e+00
-2.999341999999999825e+04	0.000000000000000000e+00	0.000000000000000000e+00	1.983703115939817671e-02	0.000000000000000000e+00
-2.999338999999999942e+04	0.000000000000000000e+00	0.000000000000000000e+00	3.784295175023651842e-02	0.000000000000000000e+00
-2.999336999999999898e+04	0.000000000000000000e+00	0.000000000000000000e+00	2.960295419171727824e-02	0.000000000000000000e+00
-2.999336000000000058e+04	0.000000000000000000e+00	0.000000000000000000e+00	2.716147343363750286e-02	0.000000000000000000e+00
-2.999334000000000015e+04	0.000000000000000000e+00	0.000000000000000000e+00	2.502517777031769766e-02	0.000000000000000000e+00
-2.999331000000000131e+04	0.000000000000000000e+00	0.000000000000000000e+00	2.136295663319803459e-02	0.000000000000000000e+00
-2.999327000000000044e+04	0.000000000000000000e+00	0.000000000000000000e+00	3.082369457075716593e-02	0.000000000000000000e+00
-2.999324000000000160e+04	0.000000000000000000e+00	0.000000000000000000e+00	2.258369701223792228e-02	0.000000000000000000e+00
-2.999322000000000116e+04	0.000000000000000000e+00	0.000000000000000000e+00	1.953184606463820305e-02	0.000000000000000000e+00
-2.999320000000000073e+04	0.000000000000000000e+00	0.000000000000000000e+00	2.014221625415814690e-02	0.000000000000000000e+00
-2.999318999999999869e+04	0.000000000000000000e+00	0.000000000000000000e+00	2.166814172795800825e-02	0.000000000000000000e+00
-2.999316999999999825e+04	0.000000000000000000e+00	0.000000000000000000e+00	2.410962248603778363e-02	0.000000000000000000e+00
-2.999313999999999942e+04	0.000000000000000000e+00	0.000000000000000000e+00	2.349925229651783978e-02	0.000000000000000000e+00
-2.999311000000000058e+04	0.000000000000000000e+00	0.000000000000000000e+00	2.197332682271797843e-02	0.000000000000000000e+00
-2.999306999999999971e+04	0.000000000000000000e+00	0.000000000000000000e+00	2.533036286507767132e-02	0.000000000000000000e+00
-2.999304000000000087e+04	0.000000000000000000e+00	0.000000000000000000e+00	2.441480758079775382e-02	0.000000000000000000e+00
-2.999302000000000044e+04	0.000000000000000000e+00	0.000000000000000000e+00	2.594073305459761516e-02	0.000000000000000000e+00
-2.999300999999999840e+04	0.000000000000000000e+00	0.000000000000000000e+00	2.746665852839747304e-02	0.000000000000000000e+00
-2.999299000000000160e+04	0.000000000000000000e+00	0.000000000000000000e+00	6.103701895199438454e-04	0.000000000000000000e+00
-2.999295999999999913e+04	0.000000000000000000e+00	0.000000000000000000e+00	2.655110324411755901e-02	0.000000000000000000e+00
-2.999293000000000029e+04	0.000000000000000000e+00	0.000000000000000000e+00	2.471999267555772747e-02	0.000000000000000000e+00
-2.999290999999999985e+04	0.000000000000000000e+00	0.000000000000000000e+00	2.044740134891812056e-02	0.000000000000000000e+00
-2.999288999999999942e+04	0.000000000000000000e+00	0.000000000000000000e+00	2.197332682271797843e-02	0.000000000000000000e+00
-2.999286999999999898e+04	0.000000000000000000e+00	0.000000000000000000e+00	2.166814172795800825e-02	0.000000000000000000e+00
-2.999284000000000015e+04	0.000000000000000000e+00	0.000000000000000000e+00	1.739555040131840133e-02	0.000000000000000000e+00
-2.999281999999999971e+04	0.000000000000000000e+00	0.000000000000000000e+00	2.136295663319803459e-02	0.000000000000000000e+00
-2.999279000000000087e+04	0.000000000000000000e+00	0.000000000000000000e+00	1.953184606463820305e-02	0.000000000000000000e+00
-2.999277000000000044e+04	0.000000000000000000e+00	0.000000000000000000e+00	2.288888210699789594e-02	0.000000000000000000e+00
-2.999275000000000000e+04	0.000000000000000000e+00	0.000000000000000000e+00	2.594073305459761516e-02	0.000000000000000000e+00
-2.999272999999999956e+04	0.000000000000000000e+00	0.000000000000000000e+00	1.678518021179845748e-02	0.000000000000000000e+00
-2.999272000000000116e+04	0.000000000000000000e+00	0.000000000000000000e+00	1.739555040131840133e-02	0.000000000000000000e+00
-2.999268999999999869e+04	0.000000000000000000e+00	0.000000000000000000e+00	1.953184606463820305e-02	0.000000000000000000e+00
-2.999266999999999825e+04	0.000000000000000000e+00	0.000000000000000000e+00	1.983703115939817671e-02	0.000000000000000000e+00
-2.999265999999999985e+04	0.000000000000000000e+00	0.000000000000000000e+00	2.502517777031769766e-02	0.000000000000000000e+00
-2.999263999999999942e+04	0.000000000000000000e+00	0.000000000000000000e+00	2.594073305459761516e-02	0.000000000000000000e+00
-2.999261999999999898e+04	0.000000000000000000e+00	0.000000000000000000e+00	3.173924985503707996e-02	0.000000000000000000e+00
-2.999259999999999854e+04	0.000000000000000000e+00	0.000000000000000000e+00	2.960295419171727824e-02	0.000000000000000000e+00
-2.999259000000000015e+04	0.000000000000000000e+00	0.000000000000000000e+00	2.716147343363750286e-02	0.000000000000000000e+00
-2.999256999999999971e+04	0.000000000000000000e+00	0.000000000000000000e+00	2.594073305459761516e-02	0.000000000000000000e+00
-2.999254000000000087e+04	0.000000000000000000e+00	0.000000000000000000e+00	2.471999267555772747e-02	0.000000000000000000e+00
-2.999250000000000000e+04	0.000000000000000000e+00	0.000000000000000000e+00	2.410962248603778363e-02	0.000000000000000000e+00
-2.999247999999999956e+04	0.000000000000000000e+00	0.000000000000000000e+00	2.288888210699789594e-02	0.000000000000000000e+00
-2.999245999999999913e+04	0.000000000000000000e+00	0.000000000000000000e+00	3.295999023407696765e-02	0.000000000000000000e+00
-2.999243999999999869e+04	0.000000000000000000e+00	0.000000000000000000e+00	2.868739890743736073e-02	0.000000000000000000e+00
-2.999240999999999985e+04	0.000000000000000000e+00	0.000000000000000000e+00	2.746665852839747304e-02	0.000000000000000000e+00
-2.999238000000000102e+04	0.000000000000000000e+00	0.000000000000000000e+00	3.204443494979705015e-02	0.000000000000000000e+00
-2.999236000000000058e+04	0.000000000000000000e+00	0.000000000000000000e+00	3.082369457075716593e-02	0.000000000000000000e+00
-2.999233000000000175e+04	0.000000000000000000e+00	0.000000000000000000e+00	1.709036530655842767e-02	0.000000000000000000e+00
-2.999231000000000131e+04	0.000000000000000000e+00	0.000000000000000000e+00	2.014221625415814690e-02	0.000000000000000000e+00
-2.999227999999999884e+04	0.000000000000000000e+00	0.000000000000000000e+00	1.922666096987823287e-02	0.000000000000000000e+00
-2.999225000000000000e+04	0.000000000000000000e+00	0.000000000000000000e+00	2.594073305459761516e-02	0.000000000000000000e+00
-2.999222999999999956e+04	0.000000000000000000e+00	0.000000000000000000e+00	2.044740134891812056e-02	0.000000000000000000e+00
-2.999220000000000073e+04	0.000000000000000000e+00	0.000000000000000000e+00	2.014221625415814690e-02	0.000000000000000000e+00
-2.999215999999999985e+04	0.000000000000000000e+00	0.000000000000000000e+00	1.464888454847865229e-02	0.000000000000000000e+00
-2.999213999999999942e+04	0.000000000000000000e+00	0.000000000000000000e+00	2.868739890743736073e-02	0.000000000000000000e+00
-2.999211999999999898e+04	0.000000000000000000e+00	0.000000000000000000e+00	2.838221381267739055e-02	0.000000000000000000e+00
-2.999209999999999854e+04	0.000000000000000000e+00	0.000000000000000000e+00	2.685628833887752920e-02	0.000000000000000000e+00
-2.999208000000000175e+04	0.000000000000000000e+00	0.000000000000000000e+00	2.441480758079775382e-02	0.000000000000000000e+00
-2.999204999999999927e+04	0.000000000000000000e+00	0.000000000000000000e+00	3.418073061311685534e-02	0.000000000000000000e+00
-2.999202000000000044e+04	0.000000000000000000e+00	0.000000000000000000e+00	3.051850947599719227e-02	0.000000000000000000e+00
-2.999199000000000160e+04	0.000000000000000000e+00	0.000000000000000000e+00	2.014221625415814690e-02	0.000000000000000000e+00
-2.999195999999999913e+04	0.000000000000000000e+00	0.000000000000000000e+00	2.410962248603778363e-02	0.000000000000000000e+00
-2.999193000000000029e+04	0.000000000000000000e+00	0.000000000000000000e+00	2.014221625415814690e-02	0.000000000000000000e+00
-2.999190000000000146e+04	0.000000000000000000e+00	0.000000000000000000e+00	1.953184606463820305e-02	0.000000000000000000e+00
-2.999186999999999898e+04	0.000000000000000000e+00	0.000000000000000000e+00	2.502517777031769766e-02	0.000000000000000000e+00
-2.999184999999999854e+04	0.000000000000000000e+00	0.000000000000000000e+00	2.410962248603778363e-02	0.000000000000000000e+00
-2.999183000000000175e+04	0.000000000000000000e+00	0.000000000000000000e+00	2.288888210699789594e-02	0.000000000000000000e+00
-2.999181000000000131e+04	0.000000000000000000e+00	0.000000000000000000e+00	2.288888210699789594e-02	0.000000000000000000e+00
-2.999177000000000044e+04	0.000000000000000000e+00	0.000000000000000000e+00	2.197332682271797843e-02	0.000000000000000000e+00
-2.999175000000000000e+04	0.000000000000000000e+00	0.000000000000000000e+00	1.831110568559831536e-02	0.000000000000000000e+00
-2.999174000000000160e+04	0.000000000000000000e+00	0.000000000000000000e+00	4.638813440351573225e-02	0.000000000000000000e+00
-2.999172000000000116e+04	0.000000000000000000e+00	0.000000000000000000e+00	2.197332682271797843e-02	0.000000000000000000e+00
-2.999168999999999869e+04	0.000000000000000000e+00	0.000000000000000000e+00	2.044740134891812056e-02	0.000000000000000000e+00
-2.999166999999999825e+04	0.000000000000000000e+00	0.000000000000000000e+00	2.136295663319803459e-02	0.000000000000000000e+00
-2.999165000000000146e+04	0.000000000000000000e+00	0.000000000000000000e+00	1.647999511703848383e-02	0.000000000000000000e+00
-2.999163000000000102e+04	0.000000000000000000e+00	0.000000000000000000e+00	1.525925473799859614e-02	0.000000000000000000e+00
-2.999161000000000058e+04	0.000000000000000000e+00	0.000000000000000000e+00	1.556443983275856806e-02	0.000000000000000000e+00
-2.999159000000000015e+04	0.000000000000000000e+00	0.000000000000000000e+00	1.983703115939817671e-02	0.000000000000000000e+00
-2.999158000000000175e+04	0.000000000000000000e+00	0.000000000000000000e+00	3.601184118167669035e-02	0.000000000000000000e+00
-2.999156000000000131e+04	0.000000000000000000e+00	0.000000000000000000e+00	2.929776909695730458e-02	0.000000000000000000e+00
-2.999154000000000087e+04	0.000000000000000000e+00	0.000000000000000000e+00	1.739555040131840133e-02	0.000000000000000000e+00
-2.999152999999999884e+04	0.000000000000000000e+00	0.000000000000000000e+00	2.441480758079775382e-02	0.000000000000000000e+00
-2.999150000000000000e+04	0.000000000000000000e+00	0.000000000000000000e+00	3.234962004455702728e-02	0.000000000000000000e+00
-2.999145999999999913e+04	0.000000000000000000e+00	0.000000000000000000e+00	2.044740134891812056e-02	0.000000000000000000e+00
-2.999143000000000029e+04	0.000000000000000000e+00	0.000000000000000000e+00	2.014221625415814690e-02	0.000000000000000000e+00
-2.999141999999999825e+04	0.000000000000000000e+00	0.000000000000000000e+00	2.166814172795800825e-02	0.000000000000000000e+00
-2.999140000000000146e+04	0.000000000000000000e+00	0.000000000000000000e+00	2.197332682271797843e-02	0.000000000000000000e+00
-2.999136999999999898e+04	0.000000000000000000e+00	0.000000000000000000e+00	2.471999267555772747e-02	0.000000000000000000e+00
-2.999134000000000015e+04	0.000000000000000000e+00	0.000000000000000000e+00	1.556443983275856806e-02	0.000000000000000000e+00
-2.999131000000000131e+04	0.000000000000000000e+00	0.000000000000000000e+00	2.441480758079775382e-02	0.000000000000000000e+00
-2.999127000000000044e+04	0.000000000000000000e+00	0.000000000000000000e+00	1.953184606463820305e-02	0.000000000000000000e+00
-2.999125000000000000e+04	0.000000000000000000e+00	0.000000000000000000e+00	2.471999267555772747e-02	0.000000000000000000e+00
-2.999122999999999956e+04	0.000000000000000000e+00	0.000000000000000000e+00	3.143406476027710977e-02	0.000000000000000000e+00
-2.999120000000000073e+04	0.000000000000000000e+00	0.000000000000000000e+00	2.471999267555772747e-02	0.000000000000000000e+00
-2.999116999999999825e+04	0.000000000000000000e+00	0.000000000000000000e+00	3.051850947599719227e-02	0.000000000000000000e+00
-2.999113999999999942e+04	0.000000000000000000e+00	0.000000000000000000e+00	3.112887966551713612e-02	0.000000000000000000e+00
-2.999111999999999898e+04	0.000000000000000000e+00	0.000000000000000000e+00	2.166814172795800825e-02	0.000000000000000000e+00
-2.999109999999999854e+04	0.000000000000000000e+00	0.000000000000000000e+00	1.831110568559831536e-02	0.000000000000000000e+00
-2.999106000000000131e+04	0.000000000000000000e+00	0.000000000000000000e+00	1.800592059083834517e-02	0.000000000000000000e+00
-2.999102999999999884e+04	0.000000000000000000e+00	0.000000000000000000e+00	2.258369701223792228e-02	0.000000000000000000e+00
-2.999100999999999840e+04	0.000000000000000000e+00	0.000000000000000000e+00	2.105777153843806440e-02	0.000000000000000000e+00
-2.999097999999999956e+04	0.000000000000000000e+00	0.000000000000000000e+00	3.234962004455702728e-02	0.000000000000000000e+00
-2.999095999999999913e+04	0.000000000000000000e+00	0.000000000000000000e+00	2.258369701223792228e-02	0.000000000000000000e+00
-2.999093000000000029e+04	0.000000000000000000e+00	0.000000000000000000e+00	2.624591814935758535e-02	0.000000000000000000e+00
-2.999090000000000146e+04	0.000000000000000000e+00	0.000000000000000000e+00	2.594073305459761516e-02	0.000000000000000000e+00
-2.999086999999999898e+04	0.000000000000000000e+00	0.000000000000000000e+00	3.418073061311685534e-02	0.000000000000000000e+00
-2.999083000000000175e+04	0.000000000000000000e+00	0.000000000000000000e+00	2.716147343363750286e-02	0.000000000000000000e+00
-2.999081000000000131e+04	0.000000000000000000e+00	0.000000000000000000e+00	2.655110324411755901e-02	0.000000000000000000e+00
-2.999079000000000087e+04	0.000000000000000000e+00	0.000000000000000000e+00	2.594073305459761516e-02	0.000000000000000000e+00
-2.999077000000000044e+04	0.000000000000000000e+00	0.000000000000000000e+00	3.387554551835688516e-02	0.000000000000000000e+00
-2.999074000000000160e+04	0.000000000000000000e+00	0.000000000000000000e+00	2.014221625415814690e-02	0.000000000000000000e+00
-2.999070999999999913e+04	0.000000000000000000e+00	0.000000000000000000e+00	2.166814172795800825e-02	0.000000000000000000e+00
-2.999066999999999825e+04	0.000000000000000000e+00	0.000000000000000000e+00	2.868739890743736073e-02	0.000000000000000000e+00
-2.999063999999999942e+04	0.000000000000000000e+00	0.000000000000000000e+00	2.868739890743736073e-02	0.000000000000000000e+00
-2.999061999999999898e+04	0.000000000000000000e+00	0.000000000000000000e+00	2.288888210699789594e-02	0.000000000000000000e+00
-2.999059999999999854e+04	0.000000000000000000e+00	0.000000000000000000e+00	2.288888210699789594e-02	0.000000000000000000e+00
-2.999058000000000175e+04	0.000000000000000000e+00	0.000000000000000000e+00	2.594073305459761516e-02	0.000000000000000000e+00
-2.999054999999999927e+04	0.000000000000000000e+00	0.000000000000000000e+00	2.380443739127780997e-02	0.000000000000000000e+00
-2.999052000000000044e+04	0.000000000000000000e+00	0.000000000000000000e+00	2.288888210699789594e-02	0.000000000000000000e+00
-2.999049000000000160e+04	0.000000000000000000e+00	0.000000000000000000e+00	1.983703115939817671e-02	0.000000000000000000e+00
-2.999047000000000116e+04	0.000000000000000000e+00	0.000000000000000000e+00	2.349925229651783978e-02	0.000000000000000000e+00
-2.999045000000000073e+04	0.000000000000000000e+00	0.000000000000000000e+00	2.441480758079775382e-02	0.000000000000000000e+00
-2.999041999999999825e+04	0.000000000000000000e+00	0.000000000000000000e+00	8.239997558519241913e-03	0.000000000000000000e+00
-2.999038999999999942e+04	0.000000000000000000e+00	0.000000000000000000e+00	2.380443739127780997e-02	0.000000000000000000e+00
-2.999038000000000102e+04	0.000000000000000000e+00	0.000000000000000000e+00	1.953184606463820305e-02	0.000000000000000000e+00
-2.999034999999999854e+04	0.000000000000000000e+00	0.000000000000000000e+00	2.136295663319803459e-02	0.000000000000000000e+00
-2.999031000000000131e+04	0.000000000000000000e+00	0.000000000000000000e+00	2.502517777031769766e-02	0.000000000000000000e+00
-2.999029000000000087e+04	0.000000000000000000e+00	0.000000000000000000e+00	2.471999267555772747e-02	0.000000000000000000e+00
-2.999027000000000044e+04	0.000000000000000000e+00	0.000000000000000000e+00	1.831110568559831536e-02	0.000000000000000000e+00
-2.999022999999999956e+04	0.000000000000000000e+00	0.000000000000000000e+00	2.136295663319803459e-02	0.000000000000000000e+00
-2.999020000000000073e+04	0.000000000000000000e+00	0.000000000000000000e+00	2.197332682271797843e-02	0.000000000000000000e+00
-2.999016999999999825e+04	0.000000000000000000e+00	0.000000000000000000e+00	2.136295663319803459e-02	0.000000000000000000e+00
-2.999015000000000146e+04	0.000000000000000000e+00	0.000000000000000000e+00	2.471999267555772747e-02	0.000000000000000000e+00
-2.999011999999999898e+04	0.000000000000000000e+00	0.000000000000000000e+00	2.410962248603778363e-02	0.000000000000000000e+00
-2.999009999999999854e+04	0.000000000000000000e+00	0.000000000000000000e+00	3.173924985503707996e-02	0.000000000000000000e+00
-2.999008000000000175e+04	0.000000000000000000e+00	0.000000000000000000e+00	3.112887966551713612e-02	0.000000000000000000e+00
-2.999006000000000131e+04	0.000000000000000000e+00	0.000000000000000000e+00	2.288888210699789594e-02	0.000000000000000000e+00
-2.999002000000000044e+04	0.000000000000000000e+00	0.000000000000000000e+00	2.807702871791741689e-02	0.000000000000000000e+00
-2.998997999999999956e+04	0.000000000000000000e+00	0.000000000000000000e+00	2.594073305459761516e-02	0.000000000000000000e+00
-2.998995000000000073e+04	0.000000000000000000e+00	0.000000000000000000e+00	2.471999267555772747e-02	0.000000000000000000e+00
-2.998991999999999825e+04	0.000000000000000000e+00	0.000000000000000000e+00	3.753776665547654823e-02	0.000000000000000000e+00
-2.998988999999999942e+04	0.000000000000000000e+00	0.000000000000000000e+00	2.716147343363750286e-02	0.000000000000000000e+00
-2.998986000000000058e+04	0.000000000000000000e+00	0.000000000000000000e+00	2.838221381267739055e-02	0.000000000000000000e+00
-2.998983000000000175e+04	0.000000000000000000e+00	0.000000000000000000e+00	3.082369457075716593e-02	0.000000000000000000e+00
-2.998979999999999927e+04	0.000000000000000000e+00	0.000000000000000000e+00	3.112887966551713612e-02	0.000000000000000000e+00
-2.998977000000000044e+04	0.000000000000000000e+00	0.000000000000000000e+00	2.044740134891812056e-02	0.000000000000000000e+00
-2.998974000000000160e+04	0.000000000000000000e+00	0.000000000000000000e+00	2.044740134891812056e-02	0.000000000000000000e+00
-2.998972000000000116e+04	0.000000000000000000e+00	0.000000000000000000e+00	2.197332682271797843e-02	0.000000000000000000e+00
-2.998968000000000029e+04	0.000000000000000000e+00	0.000000000000000000e+00	2.410962248603778363e-02	0.000000000000000000e+00
-2.998965000000000146e+04	0.000000000000000000e+00	0.000000000000000000e+00	2.349925229651783978e-02	0.000000000000000000e+00
-2.998963000000000102e+04	0.000000000000000000e+00	0.000000000000000000e+00	2.502517777031769766e-02	0.000000000000000000e+00
-2.998959999999999854e+04	0.000000000000000000e+00	0.000000000000000000e+00	2.471999267555772747e-02	0.000000000000000000e+00
-2.998956000000000131e+04	0.000000000000000000e+00	0.000000000000000000e+00	2.410962248603778363e-02	0.000000000000000000e+00
-2.998954000000000087e+04	0.000000000000000000e+00	0.000000000000000000e+00	2.746665852839747304e-02	0.000000000000000000e+00
-2.998952000000000044e+04	0.000000000000000000e+00	0.000000000000000000e+00	3.204443494979705015e-02	0.000000000000000000e+00
-2.998950000000000000e+04	0.000000000000000000e+00	0.000000000000000000e+00	2.807702871791741689e-02	0.000000000000000000e+00
-2.998947999999999956e+04	0.000000000000000000e+00	0.000000000000000000e+00	3.295999023407696765e-02	0.000000000000000000e+00
-2.998945000000000073e+04	0.000000000000000000e+00	0.000000000000000000e+00	5.188146610919522686e-03	0.000000000000000000e+00
-2.998941999999999825e+04	0.000000000000000000e+00	0.000000000000000000e+00	3.112887966551713612e-02	0.000000000000000000e+00
-2.998940000000000146e+04	0.000000000000000000e+00	0.000000000000000000e+00	3.234962004455702728e-02	0.000000000000000000e+00
-2.998936999999999898e+04	0.000000000000000000e+00	0.000000000000000000e+00	2.838221381267739055e-02	0.000000000000000000e+00
-2.998934999999999854e+04	0.000000000000000000e+00	0.000000000000000000e+00	3.143406476027710977e-02	0.000000000000000000e+00
-2.998933000000000175e+04	0.000000000000000000e+00	0.000000000000000000e+00	2.471999267555772747e-02	0.000000000000000000e+00
-2.998931000000000131e+04	0.000000000000000000e+00	0.000000000000000000e+00	2.990813928647724843e-02	0.000000000000000000e+00
-2.998929000000000087e+04	0.000000000000000000e+00	0.000000000000000000e+00	2.899258400219733439e-02	0.000000000000000000e+00
-2.998925999999999840e+04	0.000000000000000000e+00	0.000000000000000000e+00	2.502517777031769766e-02	0.000000000000000000e+00
-2.998922999999999956e+04	0.000000000000000000e+00	0.000000000000000000e+00	2.929776909695730458e-02	0.000000000000000000e+00
-2.998920999999999913e+04	0.000000000000000000e+00	0.000000000000000000e+00	2.349925229651783978e-02	0.000000000000000000e+00
-2.998918999999999869e+04	0.000000000000000000e+00	0.000000000000000000e+00	2.838221381267739055e-02	0.000000000000000000e+00
-2.998915999999999985e+04	0.000000000000000000e+00	0.000000000000000000e+00	2.197332682271797843e-02	0.000000000000000000e+00
-2.998913000000000102e+04	0.000000000000000000e+00	0.000000000000000000e+00	2.594073305459761516e-02	0.000000000000000000e+00
-2.998911000000000058e+04	0.000000000000000000e+00	0.000000000000000000e+00	2.288888210699789594e-02	0.000000000000000000e+00
-2.998906999999999971e+04	0.000000000000000000e+00	0.000000000000000000e+00	2.197332682271797843e-02	0.000000000000000000e+00
-2.998904000000000087e+04	0.000000000000000000e+00	0.000000000000000000e+00	1.983703115939817671e-02	0.000000000000000000e+00
-2.998900000000000000e+04	0.000000000000000000e+00	0.000000000000000000e+00	2.166814172795800825e-02	0.000000000000000000e+00
-2.998897000000000116e+04	0.000000000000000000e+00	0.000000000000000000e+00	3.814813684499648860e-02	0.000000000000000000e+00
-2.998893999999999869e+04	0.000000000000000000e+00	0.000000000000000000e+00	2.410962248603778363e-02	0.000000000000000000e+00
-2.998890000000000146e+04	0.000000000000000000e+00	0.000000000000000000e+00	1.922666096987823287e-02	0.000000000000000000e+00
-2.998886000000000058e+04	0.000000000000000000e+00	0.000000000000000000e+00	2.105777153843806440e-02	0.000000000000000000e+00
-2.998881999999999971e+04	0.000000000000000000e+00	0.000000000000000000e+00	2.258369701223792228e-02	0.000000000000000000e+00
-2.998879000000000087e+04	0.000000000000000000e+00	0.000000000000000000e+00	2.136295663319803459e-02	0.000000000000000000e+00
-2.998875999999999840e+04	0.000000000000000000e+00	0.000000000000000000e+00	2.502517777031769766e-02	0.000000000000000000e+00
-2.998874000000000160e+04	0.000000000000000000e+00	0.000000000000000000e+00	2.899258400219733439e-02	0.000000000000000000e+00
-2.998872000000000116e+04	0.000000000000000000e+00	0.000000000000000000e+00	3.387554551835688516e-02	0.000000000000000000e+00
-2.998868999999999869e+04	0.000000000000000000e+00	0.000000000000000000e+00	3.051850947599719227e-02	0.000000000000000000e+00
-2.998865999999999985e+04	0.000000000000000000e+00	0.000000000000000000e+00	3.662221137119663072e-02	0.000000000000000000e+00
-2.998863999999999942e+04	0.000000000000000000e+00	0.000000000000000000e+00	3.662221137119663072e-02	0.000000000000000000e+00
-2.998861000000000058e+04	0.000000000000000000e+00	0.000000000000000000e+00	2.868739890743736073e-02	0.000000000000000000e+00
-2.998858000000000175e+04	0.000000000000000000e+00	0.000000000000000000e+00	3.234962004455702728e-02	0.000000000000000000e+00
-2.998854999999999927e+04	0.000000000000000000e+00	0.000000000000000000e+00	2.624591814935758535e-02	0.000000000000000000e+00
-2.998852999999999884e+04	0.000000000000000000e+00	0.000000000000000000e+00	2.594073305459761516e-02	0.000000000000000000e+00
-2.998850000000000000e+04	0.000000000000000000e+00	0.000000000000000000e+00	2.349925229651783978e-02	0.000000000000000000e+00
-2.998847000000000116e+04	0.000000000000000000e+00	0.000000000000000000e+00	1.892147587511825921e-02	0.000000000000000000e+00
-2.998845000000000073e+04	0.000000000000000000e+00	0.000000000000000000e+00	2.960295419171727824e-02	0.000000000000000000e+00
-2.998841999999999825e+04	0.000000000000000000e+00	0.000000000000000000e+00	3.082369457075716593e-02	0.000000000000000000e+00
-2.998840000000000146e+04	0.000000000000000000e+00	0.000000000000000000e+00	2.746665852839747304e-02	0.000000000000000000e+00
-2.998838999999999942e+04	0.000000000000000000e+00	0.000000000000000000e+00	3.540147099215674303e-02	0.000000000000000000e+00
-2.998836999999999898e+04	0.000000000000000000e+00	0.000000000000000000e+00	3.418073061311685534e-02	0.000000000000000000e+00
-2.998833000000000175e+04	0.000000000000000000e+00	0.000000000000000000e+00	2.716147343363750286e-02	0.000000000000000000e+00
-2.998829999999999927e+04	0.000000000000000000e+00	0.000000000000000000e+00	3.051850947599719227e-02	0.000000000000000000e+00
-2.998829000000000087e+04	0.000000000000000000e+00	0.000000000000000000e+00	2.746665852839747304e-02	0.000000000000000000e+00
-2.998827000000000044e+04	0.000000000000000000e+00	0.000000000000000000e+00	2.380443739127780997e-02	0.000000000000000000e+00
-2.998825000000000000e+04	0.000000000000000000e+00	0.000000000000000000e+00	2.288888210699789594e-02	0.000000000000000000e+00
-2.998824000000000160e+04	0.000000000000000000e+00	0.000000000000000000e+00	2.746665852839747304e-02	0.000000000000000000e+00
-2.998822000000000116e+04	0.000000000000000000e+00	0.000000000000000000e+00	2.288888210699789594e-02	0.000000000000000000e+00
-2.998818999999999869e+04	0.000000000000000000e+00	0.000000000000000000e+00	2.349925229651783978e-02	0.000000000000000000e+00
-2.998816999999999825e+04	0.000000000000000000e+00	0.000000000000000000e+00	2.410962248603778363e-02	0.000000000000000000e+00
-2.998813000000000102e+04	0.000000000000000000e+00	0.000000000000000000e+00	2.471999267555772747e-02	0.000000000000000000e+00
-2.998809999999999854e+04	0.000000000000000000e+00	0.000000000000000000e+00	2.807702871791741689e-02	0.000000000000000000e+00
-2.998809000000000015e+04	0.000000000000000000e+00	0.000000000000000000e+00	4.486220892971587437e-02	0.000000000000000000e+00
-2.998808000000000175e+04	0.000000000000000000e+00	0.000000000000000000e+00	3.234962004455702728e-02	0.000000000000000000e+00
-2.998804999999999927e+04	0.000000000000000000e+00	0.000000000000000000e+00	2.838221381267739055e-02	0.000000000000000000e+00
-2.998802000000000044e+04	0.000000000000000000e+00	0.000000000000000000e+00	2.624591814935758535e-02	0.000000000000000000e+00
-2.998800000000000000e+04	0.000000000000000000e+00	0.000000000000000000e+00	2.533036286507767132e-02	0.000000000000000000e+00
-2.998799000000000160e+04	0.000000000000000000e+00	0.000000000000000000e+00	2.746665852839747304e-02	0.000000000000000000e+00
-2.998797999999999956e+04	0.000000000000000000e+00	0.000000000000000000e+00	3.082369457075716593e-02	0.000000000000000000e+00
-2.998795000000000073e+04	0.000000000000000000e+00	0.000000000000000000e+00	3.540147099215674303e-02	0.000000000000000000e+00
-2.998791999999999825e+04	0.000000000000000000e+00	0.000000000000000000e+00	2.624591814935758535e-02	0.000000000000000000e+00
-2.998788999999999942e+04	0.000000000000000000e+00	0.000000000000000000e+00	2.655110324411755901e-02	0.000000000000000000e+00
-2.998786999999999898e+04	0.000000000000000000e+00	0.000000000000000000e+00	3.326517532883693784e-02	0.000000000000000000e+00
-2.998784999999999854e+04	0.000000000000000000e+00	0.000000000000000000e+00	3.234962004455702728e-02	0.000000000000000000e+00
-2.998784000000000015e+04	0.000000000000000000e+00	0.000000000000000000e+00	2.502517777031769766e-02	0.000000000000000000e+00
-2.998783000000000175e+04	0.000000000000000000e+00	0.000000000000000000e+00	2.166814172795800825e-02	0.000000000000000000e+00
-2.998781000000000131e+04	0.000000000000000000e+00	0.000000000000000000e+00	2.807702871791741689e-02	0.000000000000000000e+00
-2.998779000000000087e+04	0.000000000000000000e+00	0.000000000000000000e+00	2.990813928647724843e-02	0.000000000000000000e+00
-2.998775999999999840e+04	0.000000000000000000e+00	0.000000000000000000e+00	3.143406476027710977e-02	0.000000000000000000e+00
-2.998774000000000160e+04	0.000000000000000000e+00	0.000000000000000000e+00	2.380443739127780997e-02	0.000000000000000000e+00
-2.998772000000000116e+04	0.000000000000000000e+00	0.000000000000000000e+00	2.533036286507767132e-02	0.000000000000000000e+00
-2.998770000000000073e+04	0.000000000000000000e+00	0.000000000000000000e+00	3.234962004455702728e-02	0.000000000000000000e+00
-2.998766999999999825e+04	0.000000000000000000e+00	0.000000000000000000e+00	2.197332682271797843e-02	0.000000000000000000e+00
-2.998765000000000146e+04	0.000000000000000000e+00	0.000000000000000000e+00	2.624591814935758535e-02	0.000000000000000000e+00
-2.998763000000000102e+04	0.000000000000000000e+00	0.000000000000000000e+00	2.655110324411755901e-02	0.000000000000000000e+00
-2.998759999999999854e+04	0.000000000000000000e+00	0.000000000000000000e+00	2.624591814935758535e-02	0.000000000000000000e+00
-2.998758000000000175e+04	0.000000000000000000e+00	0.000000000000000000e+00	2.227851191747795209e-02	0.000000000000000000e+00
-2.998756999999999971e+04	0.000000000000000000e+00	0.000000000000000000e+00	2.655110324411755901e-02	0.000000000000000000e+00
-2.998754999999999927e+04	0.000000000000000000e+00	0.000000000000000000e+00	3.753776665547654823e-02	0.000000000000000000e+00
-2.998754000000000087e+04	0.000000000000000000e+00	0.000000000000000000e+00	2.410962248603778363e-02	0.000000000000000000e+00
-2.998752999999999884e+04	0.000000000000000000e+00	0.000000000000000000e+00	2.471999267555772747e-02	0.000000000000000000e+00
-2.998750000000000000e+04	0.000000000000000000e+00	0.000000000000000000e+00	2.716147343363750286e-02	0.000000000000000000e+00
-2.998747999999999956e+04	0.000000000000000000e+00	0.000000000000000000e+00	4.333628345591601649e-02	0.000000000000000000e+00
-2.998747000000000116e+04	0.000000000000000000e+00	0.000000000000000000e+00	3.845332193975646573e-02	0.000000000000000000e+00
-2.998745000000000073e+04	0.000000000000000000e+00	0.000000000000000000e+00	3.234962004455702728e-02	0.000000000000000000e+00
-2.998743000000000029e+04	0.000000000000000000e+00	0.000000000000000000e+00	3.143406476027710977e-02	0.000000000000000000e+00
-2.998738999999999942e+04	0.000000000000000000e+00	0.000000000000000000e+00	2.929776909695730458e-02	0.000000000000000000e+00
-2.998736999999999898e+04	0.000000000000000000e+00	0.000000000000000000e+00	4.089480269783624111e-02	0.000000000000000000e+00
-2.998734000000000015e+04	0.000000000000000000e+00	0.000000000000000000e+00	3.814813684499648860e-02	0.000000000000000000e+00
-2.998731999999999971e+04	0.000000000000000000e+00	0.000000000000000000e+00	2.960295419171727824e-02	0.000000000000000000e+00
-2.998727999999999884e+04	0.000000000000000000e+00	0.000000000000000000e+00	2.197332682271797843e-02	0.000000000000000000e+00
-2.998725000000000000e+04	0.000000000000000000e+00	0.000000000000000000e+00	2.105777153843806440e-02	0.000000000000000000e+00
-2.998724000000000160e+04	0.000000000000000000e+00	0.000000000000000000e+00	2.197332682271797843e-02	0.000000000000000000e+00
-2.998722999999999956e+04	0.000000000000000000e+00	0.000000000000000000e+00	2.838221381267739055e-02	0.000000000000000000e+00
-2.998720000000000073e+04	0.000000000000000000e+00	0.000000000000000000e+00	2.899258400219733439e-02	0.000000000000000000e+00
-2.998718000000000029e+04	0.000000000000000000e+00	0.000000000000000000e+00	2.746665852839747304e-02	0.000000000000000000e+00
-2.998715000000000146e+04	0.000000000000000000e+00	0.000000000000000000e+00	2.288888210699789594e-02	0.000000000000000000e+00
-2.998711999999999898e+04	0.000000000000000000e+00	0.000000000000000000e+00	2.288888210699789594e-02	0.000000000000000000e+00
-2.998709999999999854e+04	0.000000000000000000e+00	0.000000000000000000e+00	3.570665608691671322e-02	0.000000000000000000e+00
-2.998706999999999971e+04	0.000000000000000000e+00	0.000000000000000000e+00	2.807702871791741689e-02	0.000000000000000000e+00
-2.998704999999999927e+04	0.000000000000000000e+00	0.000000000000000000e+00	2.471999267555772747e-02	0.000000000000000000e+00
-2.998702999999999884e+04	0.000000000000000000e+00	0.000000000000000000e+00	3.509628589739677285e-02	0.000000000000000000e+00
-2.998700000000000000e+04	0.000000000000000000e+00	0.000000000000000000e+00	3.540147099215674303e-02	0.000000000000000000e+00
-2.998697999999999956e+04	0.000000000000000000e+00	0.000000000000000000e+00	2.868739890743736073e-02	0.000000000000000000e+00
-2.998695999999999913e+04	0.000000000000000000e+00	0.000000000000000000e+00	8.239997558519241913e-03	0.000000000000000000e+00
-2.998693999999999869e+04	0.000000000000000000e+00	0.000000000000000000e+00	2.533036286507767132e-02	0.000000000000000000e+00
-2.998691999999999825e+04	0.000000000000000000e+00	0.000000000000000000e+00	3.173924985503707996e-02	0.000000000000000000e+00
-2.998690000000000146e+04	0.000000000000000000e+00	0.000000000000000000e+00	3.295999023407696765e-02	0.000000000000000000e+00
-2.998688999999999942e+04	0.000000000000000000e+00	0.000000000000000000e+00	2.960295419171727824e-02	0.000000000000000000e+00
-2.998686999999999898e+04	0.000000000000000000e+00	0.000000000000000000e+00	3.295999023407696765e-02	0.000000000000000000e+00
-2.998686000000000058e+04	0.000000000000000000e+00	0.000000000000000000e+00	3.051850947599719227e-02	0.000000000000000000e+00
-2.998684000000000015e+04	0.000000000000000000e+00	0.000000000000000000e+00	3.143406476027710977e-02	0.000000000000000000e+00
-2.998681000000000131e+04	0.000000000000000000e+00	0.000000000000000000e+00	2.471999267555772747e-02	0.000000000000000000e+00
-2.998677999999999884e+04	0.000000000000000000e+00	0.000000000000000000e+00	2.868739890743736073e-02	0.000000000000000000e+00
-2.998675000000000000e+04	0.000000000000000000e+00	0.000000000000000000e+00	3.540147099215674303e-02	0.000000000000000000e+00
-2.998670999999999913e+04	0.000000000000000000e+00	0.000000000000000000e+00	3.326517532883693784e-02	0.000000000000000000e+00
-2.998668999999999869e+04	0.000000000000000000e+00	0.000000000000000000e+00	3.204443494979705015e-02	0.000000000000000000e+00
-2.998666999999999825e+04	0.000000000000000000e+00	0.000000000000000000e+00	2.868739890743736073e-02	0.000000000000000000e+00
-2.998663999999999942e+04	0.000000000000000000e+00	0.000000000000000000e+00	3.112887966551713612e-02	0.000000000000000000e+00
-2.998661000000000058e+04	0.000000000000000000e+00	0.000000000000000000e+00	2.441480758079775382e-02	0.000000000000000000e+00
-2.998659000000000015e+04	0.000000000000000000e+00	0.000000000000000000e+00	2.838221381267739055e-02	0.000000000000000000e+00
-2.998656999999999971e+04	0.000000000000000000e+00	0.000000000000000000e+00	3.692739646595660091e-02	0.000000000000000000e+00
-2.998654000000000087e+04	0.000000000000000000e+00	0.000000000000000000e+00	4.303109836115603937e-02	0.000000000000000000e+00
-2.998650999999999840e+04	0.000000000000000000e+00	0.000000000000000000e+00	2.990813928647724843e-02	0.000000000000000000e+00
-2.998649000000000160e+04	0.000000000000000000e+00	0.000000000000000000e+00	2.288888210699789594e-02	0.000000000000000000e+00
-2.998645999999999913e+04	0.000000000000000000e+00	0.000000000000000000e+00	2.471999267555772747e-02	0.000000000000000000e+00
-2.998643999999999869e+04	0.000000000000000000e+00	0.000000000000000000e+00	3.204443494979705015e-02	0.000000000000000000e+00
-2.998640999999999985e+04	0.000000000000000000e+00	0.000000000000000000e+00	3.295999023407696765e-02	0.000000000000000000e+00
-2.998638999999999942e+04	0.000000000000000000e+00	0.000000000000000000e+00	2.746665852839747304e-02	0.000000000000000000e+00
-2.998636000000000058e+04	0.000000000000000000e+00	0.000000000000000000e+00	3.357036042359691497e-02	0.000000000000000000e+00
-2.998634000000000015e+04	0.000000000000000000e+00	0.000000000000000000e+00	2.929776909695730458e-02	0.000000000000000000e+00
-2.998631999999999971e+04	0.000000000000000000e+00	0.000000000000000000e+00	2.960295419171727824e-02	0.000000000000000000e+00
-2.998629999999999927e+04	0.000000000000000000e+00	0.000000000000000000e+00	2.685628833887752920e-02	0.000000000000000000e+00
-2.998627999999999884e+04	0.000000000000000000e+00	0.000000000000000000e+00	2.807702871791741689e-02	0.000000000000000000e+00
-2.998625999999999840e+04	0.000000000000000000e+00	0.000000000000000000e+00	2.655110324411755901e-02	0.000000000000000000e+00
-2.998624000000000160e+04	0.000000000000000000e+00	0.000000000000000000e+00	2.624591814935758535e-02	0.000000000000000000e+00
-2.998622000000000116e+04	0.000000000000000000e+00	0.000000000000000000e+00	2.716147343363750286e-02	0.000000000000000000e+00
-2.998620000000000073e+04	0.000000000000000000e+00	0.000000000000000000e+00	3.875850703451643592e-02	0.000000000000000000e+00
-2.998618000000000029e+04	0.000000000000000000e+00	0.000000000000000000e+00	2.838221381267739055e-02	0.000000000000000000e+00
-2.998615999999999985e+04	0.000000000000000000e+00	0.000000000000000000e+00	1.007110812707907345e-02	0.000000000000000000e+00
-2.998613000000000102e+04	0.000000000000000000e+00	0.000000000000000000e+00	2.288888210699789594e-02	0.000000000000000000e+00
-2.998609999999999854e+04	0.000000000000000000e+00	0.000000000000000000e+00	2.868739890743736073e-02	0.000000000000000000e+00
-2.998606999999999971e+04	0.000000000000000000e+00	0.000000000000000000e+00	2.838221381267739055e-02	0.000000000000000000e+00
-2.998606000000000131e+04	0.000000000000000000e+00	0.000000000000000000e+00	3.814813684499648860e-02	0.000000000000000000e+00
-2.998604000000000087e+04	0.000000000000000000e+00	0.000000000000000000e+00	3.692739646595660091e-02	0.000000000000000000e+00
-2.998600999999999840e+04	0.000000000000000000e+00	0.000000000000000000e+00	3.540147099215674303e-02	0.000000000000000000e+00
-2.998597000000000116e+04	0.000000000000000000e+00	0.000000000000000000e+00	2.960295419171727824e-02	0.000000000000000000e+00
-2.998595000000000073e+04	0.000000000000000000e+00	0.000000000000000000e+00	2.807702871791741689e-02	0.000000000000000000e+00
-2.998591999999999825e+04	0.000000000000000000e+00	0.000000000000000000e+00	2.899258400219733439e-02	0.000000000000000000e+00
-2.998588999999999942e+04	0.000000000000000000e+00	0.000000000000000000e+00	2.746665852839747304e-02	0.000000000000000000e+00
-2.998586000000000058e+04	0.000000000000000000e+00	0.000000000000000000e+00	3.112887966551713612e-02	0.000000000000000000e+00
-2.998581999999999971e+04	0.000000000000000000e+00	0.000000000000000000e+00	2.533036286507767132e-02	0.000000000000000000e+00
-2.998581000000000131e+04	0.000000000000000000e+00	0.000000000000000000e+00	3.845332193975646573e-02	0.000000000000000000e+00
-2.998579000000000087e+04	0.000000000000000000e+00	0.000000000000000000e+00	2.746665852839747304e-02	0.000000000000000000e+00
-2.998575999999999840e+04	0.000000000000000000e+00	0.000000000000000000e+00	3.204443494979705015e-02	0.000000000000000000e+00
-2.998572999999999956e+04	0.000000000000000000e+00	0.000000000000000000e+00	3.204443494979705015e-02	0.000000000000000000e+00
-2.998570000000000073e+04	0.000000000000000000e+00	0.000000000000000000e+00	3.051850947599719227e-02	0.000000000000000000e+00
-2.998566999999999825e+04	0.000000000000000000e+00	0.000000000000000000e+00	3.601184118167669035e-02	0.000000000000000000e+00
-2.998565000000000146e+04	0.000000000000000000e+00	0.000000000000000000e+00	3.173924985503707996e-02	0.000000000000000000e+00
-2.998561999999999898e+04	0.000000000000000000e+00	0.000000000000000000e+00	2.929776909695730458e-02	0.000000000000000000e+00
-2.998559000000000015e+04	0.000000000000000000e+00	0.000000000000000000e+00	2.838221381267739055e-02	0.000000000000000000e+00
-2.998556000000000131e+04	0.000000000000000000e+00	0.000000000000000000e+00	3.295999023407696765e-02	0.000000000000000000e+00
-2.998552999999999884e+04	0.000000000000000000e+00	0.000000000000000000e+00	3.997924741355632361e-02	0.000000000000000000e+00
-2.998550000000000000e+04	0.000000000000000000e+00	0.000000000000000000e+00	3.204443494979705015e-02	0.000000000000000000e+00
-2.998547999999999956e+04	0.000000000000000000e+00	0.000000000000000000e+00	3.295999023407696765e-02	0.000000000000000000e+00
-2.998545999999999913e+04	0.000000000000000000e+00	0.000000000000000000e+00	3.509628589739677285e-02	0.000000000000000000e+00
-2.998543999999999869e+04	0.000000000000000000e+00	0.000000000000000000e+00	3.662221137119663072e-02	0.000000000000000000e+00
-2.998540999999999985e+04	0.000000000000000000e+00	0.000000000000000000e+00	2.746665852839747304e-02	0.000000000000000000e+00
-2.998540000000000146e+04	0.000000000000000000e+00	0.000000000000000000e+00	3.997924741355632361e-02	0.000000000000000000e+00
-2.998536999999999898e+04	0.000000000000000000e+00	0.000000000000000000e+00	3.509628589739677285e-02	0.000000000000000000e+00
-2.998534999999999854e+04	0.000000000000000000e+00	0.000000000000000000e+00	3.357036042359691497e-02	0.000000000000000000e+00
-2.998533000000000175e+04	0.000000000000000000e+00	0.000000000000000000e+00	2.594073305459761516e-02	0.000000000000000000e+00
-2.998529999999999927e+04	0.000000000000000000e+00	0.000000000000000000e+00	2.929776909695730458e-02	0.000000000000000000e+00
-2.998527999999999884e+04	0.000000000000000000e+00	0.000000000000000000e+00	1.983703115939817671e-02	0.000000000000000000e+00
-2.998525999999999840e+04	0.000000000000000000e+00	0.000000000000000000e+00	1.312295907467879268e-02	0.000000000000000000e+00
-2.998524000000000160e+04	0.000000000000000000e+00	0.000000000000000000e+00	2.868739890743736073e-02	0.000000000000000000e+00
-2.998522000000000116e+04	0.000000000000000000e+00	0.000000000000000000e+00	2.746665852839747304e-02	0.000000000000000000e+00
-2.998520000000000073e+04	0.000000000000000000e+00	0.000000000000000000e+00	2.990813928647724843e-02	0.000000000000000000e+00
-2.998518000000000029e+04	0.000000000000000000e+00	0.000000000000000000e+00	2.868739890743736073e-02	0.000000000000000000e+00
-2.998516999999999825e+04	0.000000000000000000e+00	0.000000000000000000e+00	2.594073305459761516e-02	0.000000000000000000e+00
-2.998515000000000146e+04	0.000000000000000000e+00	0.000000000000000000e+00	3.051850947599719227e-02	0.000000000000000000e+00
-2.998511999999999898e+04	0.000000000000000000e+00	0.000000000000000000e+00	3.540147099215674303e-02	0.000000000000000000e+00
-2.998508000000000175e+04	0.000000000000000000e+00	0.000000000000000000e+00	3.295999023407696765e-02	0.000000000000000000e+00
-2.998504000000000087e+04	0.000000000000000000e+00	0.000000000000000000e+00	3.357036042359691497e-02	0.000000000000000000e+00
-2.998500999999999840e+04	0.000000000000000000e+00	0.000000000000000000e+00	3.357036042359691497e-02	0.000000000000000000e+00
-2.998500000000000000e+04	0.000000000000000000e+00	0.000000000000000000e+00	3.204443494979705015e-02	0.000000000000000000e+00
-2.998497999999999956e+04	0.000000000000000000e+00	0.000000000000000000e+00	3.540147099215674303e-02	0.000000000000000000e+00
-2.998493999999999869e+04	0.000000000000000000e+00	0.000000000000000000e+00	3.448591570787682553e-02	0.000000000000000000e+00
-2.998490000000000146e+04	0.000000000000000000e+00	0.000000000000000000e+00	2.929776909695730458e-02	0.000000000000000000e+00
-2.998488000000000102e+04	0.000000000000000000e+00	0.000000000000000000e+00	2.868739890743736073e-02	0.000000000000000000e+00
-2.998484999999999854e+04	0.000000000000000000e+00	0.000000000000000000e+00	2.655110324411755901e-02	0.000000000000000000e+00
-2.998481000000000131e+04	0.000000000000000000e+00	0.000000000000000000e+00	4.333628345591601649e-02	0.000000000000000000e+00
-2.998479000000000087e+04	0.000000000000000000e+00	0.000000000000000000e+00	3.997924741355632361e-02	0.000000000000000000e+00
-2.998477000000000044e+04	0.000000000000000000e+00	0.000000000000000000e+00	2.746665852839747304e-02	0.000000000000000000e+00
-2.998475000000000000e+04	0.000000000000000000e+00	0.000000000000000000e+00	2.868739890743736073e-02	0.000000000000000000e+00
-2.998472000000000116e+04	0.000000000000000000e+00	0.000000000000000000e+00	2.899258400219733439e-02	0.000000000000000000e+00
-2.998470000000000073e+04	0.000000000000000000e+00	0.000000000000000000e+00	2.624591814935758535e-02	0.000000000000000000e+00
-2.998466999999999825e+04	0.000000000000000000e+00	0.000000000000000000e+00	3.875850703451643592e-02	0.000000000000000000e+00
-2.998463999999999942e+04	0.000000000000000000e+00	0.000000000000000000e+00	2.746665852839747304e-02	0.000000000000000000e+00
-2.998459999999999854e+04	0.000000000000000000e+00	0.000000000000000000e+00	2.990813928647724843e-02	0.000000000000000000e+00
-2.998456999999999971e+04	0.000000000000000000e+00	0.000000000000000000e+00	2.807702871791741689e-02	0.000000000000000000e+00
-2.998454000000000087e+04	0.000000000000000000e+00	0.000000000000000000e+00	2.746665852839747304e-02	0.000000000000000000e+00
-2.998450999999999840e+04	0.000000000000000000e+00	0.000000000000000000e+00	2.868739890743736073e-02	0.000000000000000000e+00
-2.998449000000000160e+04	0.000000000000000000e+00	0.000000000000000000e+00	2.838221381267739055e-02	0.000000000000000000e+00
-2.998447000000000116e+04	0.000000000000000000e+00	0.000000000000000000e+00	3.051850947599719227e-02	0.000000000000000000e+00
-2.998445000000000073e+04	0.000000000000000000e+00	0.000000000000000000e+00	2.868739890743736073e-02	0.000000000000000000e+00
-2.998443000000000029e+04	0.000000000000000000e+00	0.000000000000000000e+00	3.204443494979705015e-02	0.000000000000000000e+00
-2.998438999999999942e+04	0.000000000000000000e+00	0.000000000000000000e+00	3.936887722403637629e-02	0.000000000000000000e+00
-2.998434999999999854e+04	0.000000000000000000e+00	0.000000000000000000e+00	3.540147099215674303e-02	0.000000000000000000e+00
-2.998431999999999971e+04	0.000000000000000000e+00	0.000000000000000000e+00	3.295999023407696765e-02	0.000000000000000000e+00
-2.998429000000000087e+04	0.000000000000000000e+00	0.000000000000000000e+00	4.242072817163609899e-02	0.000000000000000000e+00
-2.998425999999999840e+04	0.000000000000000000e+00	0.000000000000000000e+00	4.211554307687612880e-02	0.000000000000000000e+00
-2.998422999999999956e+04	0.000000000000000000e+00	0.000000000000000000e+00	3.784295175023651842e-02	0.000000000000000000e+00
-2.998420999999999913e+04	0.000000000000000000e+00	0.000000000000000000e+00	3.448591570787682553e-02	0.000000000000000000e+00
-2.998418999999999869e+04	0.000000000000000000e+00	0.000000000000000000e+00	3.204443494979705015e-02	0.000000000000000000e+00
-2.998418000000000029e+04	0.000000000000000000e+00	0.000000000000000000e+00	3.418073061311685534e-02	0.000000000000000000e+00
-2.998415999999999985e+04	0.000000000000000000e+00	0.000000000000000000e+00	2.929776909695730458e-02	0.000000000000000000e+00
-2.998413999999999942e+04	0.000000000000000000e+00	0.000000000000000000e+00	3.082369457075716593e-02	0.000000000000000000e+00
-2.998409999999999854e+04	0.000000000000000000e+00	0.000000000000000000e+00	2.594073305459761516e-02	0.000000000000000000e+00
-2.998406999999999971e+04	0.000000000000000000e+00	0.000000000000000000e+00	3.418073061311685534e-02	0.000000000000000000e+00
-2.998404000000000087e+04	0.000000000000000000e+00	0.000000000000000000e+00	3.662221137119663072e-02	0.000000000000000000e+00
-2.998402000000000044e+04	0.000000000000000000e+00	0.000000000000000000e+00	3.082369457075716593e-02	0.000000000000000000e+00
-2.998399000000000160e+04	0.000000000000000000e+00	0.000000000000000000e+00	3.234962004455702728e-02	0.000000000000000000e+00
-2.998397000000000116e+04	0.000000000000000000e+00	0.000000000000000000e+00	2.716147343363750286e-02	0.000000000000000000e+00
-2.998393999999999869e+04	0.000000000000000000e+00	0.000000000000000000e+00	2.868739890743736073e-02	0.000000000000000000e+00
-2.998391999999999825e+04	0.000000000000000000e+00	0.000000000000000000e+00	3.173924985503707996e-02	0.000000000000000000e+00
-2.998388999999999942e+04	0.000000000000000000e+00	0.000000000000000000e+00	4.089480269783624111e-02	0.000000000000000000e+00
-2.998386000000000058e+04	0.000000000000000000e+00	0.000000000000000000e+00	3.357036042359691497e-02	0.000000000000000000e+00
-2.998383000000000175e+04	0.000000000000000000e+00	0.000000000000000000e+00	2.594073305459761516e-02	0.000000000000000000e+00
-2.998379999999999927e+04	0.000000000000000000e+00	0.000000000000000000e+00	3.601184118167669035e-02	0.000000000000000000e+00
-2.998377000000000044e+04	0.000000000000000000e+00	0.000000000000000000e+00	4.058961760307626399e-02	0.000000000000000000e+00
-2.998374000000000160e+04	0.000000000000000000e+00	0.000000000000000000e+00	3.601184118167669035e-02	0.000000000000000000e+00
-2.998370999999999913e+04	0.000000000000000000e+00	0.000000000000000000e+00	3.051850947599719227e-02	0.000000000000000000e+00
-2.998366999999999825e+04	0.000000000000000000e+00	0.000000000000000000e+00	2.685628833887752920e-02	0.000000000000000000e+00
-2.998363999999999942e+04	0.000000000000000000e+00	0.000000000000000000e+00	2.929776909695730458e-02	0.000000000000000000e+00
-2.998361000000000058e+04	0.000000000000000000e+00	0.000000000000000000e+00	3.570665608691671322e-02	0.000000000000000000e+00
-2.998356999999999971e+04	0.000000000000000000e+00	0.000000000000000000e+00	3.204443494979705015e-02	0.000000000000000000e+00
-2.998354000000000087e+04	0.000000000000000000e+00	0.000000000000000000e+00	2.868739890743736073e-02	0.000000000000000000e+00
-2.998350999999999840e+04	0.000000000000000000e+00	0.000000000000000000e+00	3.418073061311685534e-02	0.000000000000000000e+00
-2.998347999999999956e+04	0.000000000000000000e+00	0.000000000000000000e+00	2.868739890743736073e-02	0.000000000000000000e+00
-2.998345000000000073e+04	0.000000000000000000e+00	0.000000000000000000e+00	3.234962004455702728e-02	0.000000000000000000e+00
-2.998343999999999869e+04	0.000000000000000000e+00	0.000000000000000000e+00	3.173924985503707996e-02	0.000000000000000000e+00
-2.998341999999999825e+04	0.000000000000000000e+00	0.000000000000000000e+00	3.173924985503707996e-02	0.000000000000000000e+00
-2.998338999999999942e+04	0.000000000000000000e+00	0.000000000000000000e+00	3.601184118167669035e-02	0.000000000000000000e+00
-2.998336000000000058e+04	0.000000000000000000e+00	0.000000000000000000e+00	2.746665852839747304e-02	0.000000000000000000e+00
-2.998334000000000015e+04	0.000000000000000000e+00	0.000000000000000000e+00	2.471999267555772747e-02	0.000000000000000000e+00
-2.998333000000000175e+04	0.000000000000000000e+00	0.000000000000000000e+00	2.960295419171727824e-02	0.000000000000000000e+00
-2.998331000000000131e+04	0.000000000000000000e+00	0.000000000000000000e+00	3.295999023407696765e-02	0.000000000000000000e+00
-2.998327000000000044e+04	0.000000000000000000e+00	0.000000000000000000e+00	2.624591814935758535e-02	0.000000000000000000e+00
-2.998325000000000000e+04	0.000000000000000000e+00	0.000000000000000000e+00	2.929776909695730458e-02	0.000000000000000000e+00
-2.998322999999999956e+04	0.000000000000000000e+00	0.000000000000000000e+00	2.960295419171727824e-02	0.000000000000000000e+00
-2.998320000000000073e+04	0.000000000000000000e+00	0.000000000000000000e+00	3.753776665547654823e-02	0.000000000000000000e+00
-2.998316999999999825e+04	0.000000000000000000e+00	0.000000000000000000e+00	2.502517777031769766e-02	0.000000000000000000e+00
-2.998315999999999985e+04	0.000000000000000000e+00	0.000000000000000000e+00	2.838221381267739055e-02	0.000000000000000000e+00
-2.998313999999999942e+04	0.000000000000000000e+00	0.000000000000000000e+00	2.716147343363750286e-02	0.000000000000000000e+00
-2.998311000000000058e+04	0.000000000000000000e+00	0.000000000000000000e+00	2.807702871791741689e-02	0.000000000000000000e+00
-2.998308000000000175e+04	0.000000000000000000e+00	0.000000000000000000e+00	3.601184118167669035e-02	0.000000000000000000e+00
-2.998304000000000087e+04	0.000000000000000000e+00	0.000000000000000000e+00	4.303109836115603937e-02	0.000000000000000000e+00
-2.998302000000000044e+04	0.000000000000000000e+00	0.000000000000000000e+00	3.234962004455702728e-02	0.000000000000000000e+00
-2.998300000000000000e+04	0.000000000000000000e+00	0.000000000000000000e+00	3.387554551835688516e-02	0.000000000000000000e+00
-2.998299000000000160e+04	0.000000000000000000e+00	0.000000000000000000e+00	3.082369457075716593e-02	0.000000000000000000e+00
-2.998297999999999956e+04	0.000000000000000000e+00	0.000000000000000000e+00	3.875850703451643592e-02	0.000000000000000000e+00
-2.998295000000000073e+04	0.000000000000000000e+00	0.000000000000000000e+00	3.326517532883693784e-02	0.000000000000000000e+00
-2.998290999999999985e+04	0.000000000000000000e+00	0.000000000000000000e+00	3.234962004455702728e-02	0.000000000000000000e+00
-2.998288000000000102e+04	0.000000000000000000e+00	0.000000000000000000e+00	3.173924985503707996e-02	0.000000000000000000e+00
-2.998284999999999854e+04	0.000000000000000000e+00	0.000000000000000000e+00	3.509628589739677285e-02	0.000000000000000000e+00
-2.998283000000000175e+04	0.000000000000000000e+00	0.000000000000000000e+00	3.845332193975646573e-02	0.000000000000000000e+00
-2.998279999999999927e+04	0.000000000000000000e+00	0.000000000000000000e+00	3.173924985503707996e-02	0.000000000000000000e+00
-2.998277999999999884e+04	0.000000000000000000e+00	0.000000000000000000e+00	3.753776665547654823e-02	0.000000000000000000e+00
-2.998275999999999840e+04	0.000000000000000000e+00	0.000000000000000000e+00	3.143406476027710977e-02	0.000000000000000000e+00
-2.998274000000000160e+04	0.000000000000000000e+00	0.000000000000000000e+00	3.326517532883693784e-02	0.000000000000000000e+00
-2.998272000000000116e+04	0.000000000000000000e+00	0.000000000000000000e+00	3.326517532883693784e-02	0.000000000000000000e+00
-2.998268999999999869e+04	0.000000000000000000e+00	0.000000000000000000e+00	3.234962004455702728e-02	0.000000000000000000e+00
-2.998265999999999985e+04	0.000000000000000000e+00	0.000000000000000000e+00	2.929776909695730458e-02	0.000000000000000000e+00
-2.998265000000000146e+04	0.000000000000000000e+00	0.000000000000000000e+00	3.448591570787682553e-02	0.000000000000000000e+00
-2.998263000000000102e+04	0.000000000000000000e+00	0.000000000000000000e+00	2.441480758079775382e-02	0.000000000000000000e+00
-2.998259999999999854e+04	0.000000000000000000e+00	0.000000000000000000e+00	2.868739890743736073e-02	0.000000000000000000e+00
-2.998258000000000175e+04	0.000000000000000000e+00	0.000000000000000000e+00	3.173924985503707996e-02	0.000000000000000000e+00
-2.998254999999999927e+04	0.000000000000000000e+00	0.000000000000000000e+00	1.220740379039887691e-02	0.000000000000000000e+00
-2.998252000000000044e+04	0.000000000000000000e+00	0.000000000000000000e+00	2.868739890743736073e-02	0.000000000000000000e+00
-2.998249000000000160e+04	0.000000000000000000e+00	0.000000000000000000e+00	2.685628833887752920e-02	0.000000000000000000e+00
-2.998245999999999913e+04	0.000000000000000000e+00	0.000000000000000000e+00	2.868739890743736073e-02	0.000000000000000000e+00
-2.998243999999999869e+04	0.000000000000000000e+00	0.000000000000000000e+00	4.028443250831629380e-02	0.000000000000000000e+00
-2.998240999999999985e+04	0.000000000000000000e+00	0.000000000000000000e+00	4.242072817163609899e-02	0.000000000000000000e+00
-2.998240000000000146e+04	0.000000000000000000e+00	0.000000000000000000e+00	3.326517532883693784e-02	0.000000000000000000e+00
-2.998238999999999942e+04	0.000000000000000000e+00	0.000000000000000000e+00	3.173924985503707996e-02	0.000000000000000000e+00
-2.998236000000000058e+04	0.000000000000000000e+00	0.000000000000000000e+00	3.326517532883693784e-02	0.000000000000000000e+00
-2.998233000000000175e+04	0.000000000000000000e+00	0.000000000000000000e+00	2.655110324411755901e-02	0.000000000000000000e+00
-2.998229000000000087e+04	0.000000000000000000e+00	0.000000000000000000e+00	2.960295419171727824e-02	0.000000000000000000e+00
-2.998227000000000044e+04	0.000000000000000000e+00	0.000000000000000000e+00	2.990813928647724843e-02	0.000000000000000000e+00
-2.998225999999999840e+04	0.000000000000000000e+00	0.000000000000000000e+00	3.326517532883693784e-02	0.000000000000000000e+00
-2.998225000000000000e+04	0.000000000000000000e+00	0.000000000000000000e+00	3.448591570787682553e-02	0.000000000000000000e+00
-2.998222999999999956e+04	0.000000000000000000e+00	0.000000000000000000e+00	2.960295419171727824e-02	0.000000000000000000e+00
-2.998220000000000073e+04	0.000000000000000000e+00	0.000000000000000000e+00	2.594073305459761516e-02	0.000000000000000000e+00
-2.998216999999999825e+04	0.000000000000000000e+00	0.000000000000000000e+00	3.418073061311685534e-02	0.000000000000000000e+00
-2.998213999999999942e+04	0.000000000000000000e+00	0.000000000000000000e+00	2.960295419171727824e-02	0.000000000000000000e+00
-2.998211000000000058e+04	0.000000000000000000e+00	0.000000000000000000e+00	3.601184118167669035e-02	0.000000000000000000e+00
-2.998208000000000175e+04	0.000000000000000000e+00	0.000000000000000000e+00	2.471999267555772747e-02	0.000000000000000000e+00
-2.998204999999999927e+04	0.000000000000000000e+00	0.000000000000000000e+00	2.746665852839747304e-02	0.000000000000000000e+00
-2.998202999999999884e+04	0.000000000000000000e+00	0.000000000000000000e+00	3.051850947599719227e-02	0.000000000000000000e+00
-2.998200999999999840e+04	0.000000000000000000e+00	0.000000000000000000e+00	3.357036042359691497e-02	0.000000000000000000e+00
-2.998197999999999956e+04	0.000000000000000000e+00	0.000000000000000000e+00	3.997924741355632361e-02	0.000000000000000000e+00
-2.998195999999999913e+04	0.000000000000000000e+00	0.000000000000000000e+00	2.838221381267739055e-02	0.000000000000000000e+00
-2.998191999999999825e+04	0.000000000000000000e+00	0.000000000000000000e+00	3.845332193975646573e-02	0.000000000000000000e+00
-2.998190000000000146e+04	0.000000000000000000e+00	0.000000000000000000e+00	3.326517532883693784e-02	0.000000000000000000e+00
-2.998188999999999942e+04	0.000000000000000000e+00	0.000000000000000000e+00	2.685628833887752920e-02	0.000000000000000000e+00
-2.998186000000000058e+04	0.000000000000000000e+00	0.000000000000000000e+00	2.533036286507767132e-02	0.000000000000000000e+00
-2.998184000000000015e+04	0.000000000000000000e+00	0.000000000000000000e+00	3.326517532883693784e-02	0.000000000000000000e+00
-2.998181999999999971e+04	0.000000000000000000e+00	0.000000000000000000e+00	3.570665608691671322e-02	0.000000000000000000e+00
-2.998179999999999927e+04	0.000000000000000000e+00	0.000000000000000000e+00	3.814813684499648860e-02	0.000000000000000000e+00
-2.998177999999999884e+04	0.000000000000000000e+00	0.000000000000000000e+00	3.570665608691671322e-02	0.000000000000000000e+00
-2.998175000000000000e+04	0.000000000000000000e+00	0.000000000000000000e+00	3.540147099215674303e-02	0.000000000000000000e+00
-2.998172999999999956e+04	0.000000000000000000e+00	0.000000000000000000e+00	3.906369212927640611e-02	0.000000000000000000e+00
-2.998172000000000116e+04	0.000000000000000000e+00	0.000000000000000000e+00	2.227851191747795209e-02	0.000000000000000000e+00
-2.998170000000000073e+04	0.000000000000000000e+00	0.000000000000000000e+00	3.234962004455702728e-02	0.000000000000000000e+00
-2.998168000000000029e+04	0.000000000000000000e+00	0.000000000000000000e+00	3.204443494979705015e-02	0.000000000000000000e+00
-2.998165999999999985e+04	0.000000000000000000e+00	0.000000000000000000e+00	3.509628589739677285e-02	0.000000000000000000e+00
-2.998163999999999942e+04	0.000000000000000000e+00	0.000000000000000000e+00	3.418073061311685534e-02	0.000000000000000000e+00
-2.998161999999999898e+04	0.000000000000000000e+00	0.000000000000000000e+00	3.936887722403637629e-02	0.000000000000000000e+00
-2.998159000000000015e+04	0.000000000000000000e+00	0.000000000000000000e+00	3.112887966551713612e-02	0.000000000000000000e+00
-2.998156000000000131e+04	0.000000000000000000e+00	0.000000000000000000e+00	3.357036042359691497e-02	0.000000000000000000e+00
-2.998154000000000087e+04	0.000000000000000000e+00	0.000000000000000000e+00	3.845332193975646573e-02	0.000000000000000000e+00
-2.998152000000000044e+04	0.000000000000000000e+00	0.000000000000000000e+00	3.387554551835688516e-02	0.000000000000000000e+00
-2.998149000000000160e+04	0.000000000000000000e+00	0.000000000000000000e+00	3.601184118167669035e-02	0.000000000000000000e+00
-2.998145000000000073e+04	0.000000000000000000e+00	0.000000000000000000e+00	2.838221381267739055e-02	0.000000000000000000e+00
-2.998143000000000029e+04	0.000000000000000000e+00	0.000000000000000000e+00	2.838221381267739055e-02	0.000000000000000000e+00
-2.998140999999999985e+04	0.000000000000000000e+00	0.000000000000000000e+00	3.387554551835688516e-02	0.000000000000000000e+00
-2.998138000000000102e+04	0.000000000000000000e+00	0.000000000000000000e+00	3.234962004455702728e-02	0.000000000000000000e+00
-2.998134999999999854e+04	0.000000000000000000e+00	0.000000000000000000e+00	3.082369457075716593e-02	0.000000000000000000e+00
-2.998133000000000175e+04	0.000000000000000000e+00	0.000000000000000000e+00	2.960295419171727824e-02	0.000000000000000000e+00
-2.998131000000000131e+04	0.000000000000000000e+00	0.000000000000000000e+00	4.455702383495590418e-02	0.000000000000000000e+00
-2.998129000000000087e+04	0.000000000000000000e+00	0.000000000000000000e+00	3.540147099215674303e-02	0.000000000000000000e+00
-2.998125999999999840e+04	0.000000000000000000e+00	0.000000000000000000e+00	2.990813928647724843e-02	0.000000000000000000e+00
-2.998122000000000116e+04	0.000000000000000000e+00	0.000000000000000000e+00	3.357036042359691497e-02	0.000000000000000000e+00
-2.998120000000000073e+04	0.000000000000000000e+00	0.000000000000000000e+00	3.601184118167669035e-02	0.000000000000000000e+00
-2.998118000000000029e+04	0.000000000000000000e+00	0.000000000000000000e+00	3.662221137119663072e-02	0.000000000000000000e+00
-2.998115000000000146e+04	0.000000000000000000e+00	0.000000000000000000e+00	3.204443494979705015e-02	0.000000000000000000e+00
-2.998111999999999898e+04	0.000000000000000000e+00	0.000000000000000000e+00	3.418073061311685534e-02	0.000000000000000000e+00
-2.998111000000000058e+04	0.000000000000000000e+00	0.000000000000000000e+00	3.326517532883693784e-02	0.000000000000000000e+00
-2.998109000000000015e+04	0.000000000000000000e+00	0.000000000000000000e+00	3.143406476027710977e-02	0.000000000000000000e+00
-2.998106000000000131e+04	0.000000000000000000e+00	0.000000000000000000e+00	3.204443494979705015e-02	0.000000000000000000e+00
-2.998102999999999884e+04	0.000000000000000000e+00	0.000000000000000000e+00	3.418073061311685534e-02	0.000000000000000000e+00
-2.998100000000000000e+04	0.000000000000000000e+00	0.000000000000000000e+00	3.509628589739677285e-02	0.000000000000000000e+00
-2.998095999999999913e+04	0.000000000000000000e+00	0.000000000000000000e+00	3.173924985503707996e-02	0.000000000000000000e+00
-2.998093999999999869e+04	0.000000000000000000e+00	0.000000000000000000e+00	3.570665608691671322e-02	0.000000000000000000e+00
-2.998091999999999825e+04	0.000000000000000000e+00	0.000000000000000000e+00	3.173924985503707996e-02	0.000000000000000000e+00
-2.998088999999999942e+04	0.000000000000000000e+00	0.000000000000000000e+00	3.906369212927640611e-02	0.000000000000000000e+00
-2.998086000000000058e+04	0.000000000000000000e+00	0.000000000000000000e+00	3.540147099215674303e-02	0.000000000000000000e+00
-2.998084999999999854e+04	0.000000000000000000e+00	0.000000000000000000e+00	1.922666096987823287e-02	0.000000000000000000e+00
-2.998083000000000175e+04	0.000000000000000000e+00	0.000000000000000000e+00	3.295999023407696765e-02	0.000000000000000000e+00
-2.998079999999999927e+04	0.000000000000000000e+00	0.000000000000000000e+00	2.960295419171727824e-02	0.000000000000000000e+00
-2.998077000000000044e+04	0.000000000000000000e+00	0.000000000000000000e+00	2.990813928647724843e-02	0.000000000000000000e+00
-2.998074000000000160e+04	0.000000000000000000e+00	0.000000000000000000e+00	3.448591570787682553e-02	0.000000000000000000e+00
-2.998070999999999913e+04	0.000000000000000000e+00	0.000000000000000000e+00	3.692739646595660091e-02	0.000000000000000000e+00
-2.998068000000000029e+04	0.000000000000000000e+00	0.000000000000000000e+00	2.716147343363750286e-02	0.000000000000000000e+00
-2.998065999999999985e+04	0.000000000000000000e+00	0.000000000000000000e+00	3.112887966551713612e-02	0.000000000000000000e+00
-2.998063999999999942e+04	0.000000000000000000e+00	0.000000000000000000e+00	2.990813928647724843e-02	0.000000000000000000e+00
-2.998059999999999854e+04	0.000000000000000000e+00	0.000000000000000000e+00	2.624591814935758535e-02	0.000000000000000000e+00
-2.998058000000000175e+04	0.000000000000000000e+00	0.000000000000000000e+00	3.631702627643666054e-02	0.000000000000000000e+00
-2.998054999999999927e+04	0.000000000000000000e+00	0.000000000000000000e+00	3.295999023407696765e-02	0.000000000000000000e+00
-2.998052999999999884e+04	0.000000000000000000e+00	0.000000000000000000e+00	4.028443250831629380e-02	0.000000000000000000e+00
-2.998052000000000044e+04	0.000000000000000000e+00	0.000000000000000000e+00	3.814813684499648860e-02	0.000000000000000000e+00
-2.998049000000000160e+04	0.000000000000000000e+00	0.000000000000000000e+00	3.082369457075716593e-02	0.000000000000000000e+00
-2.998045999999999913e+04	0.000000000000000000e+00	0.000000000000000000e+00	3.662221137119663072e-02	0.000000000000000000e+00
-2.998041999999999825e+04	0.000000000000000000e+00	0.000000000000000000e+00	3.387554551835688516e-02	0.000000000000000000e+00
-2.998040000000000146e+04	0.000000000000000000e+00	0.000000000000000000e+00	4.699850459303567957e-02	0.000000000000000000e+00
-2.998038000000000102e+04	0.000000000000000000e+00	0.000000000000000000e+00	3.753776665547654823e-02	0.000000000000000000e+00
-2.998036000000000058e+04	0.000000000000000000e+00	0.000000000000000000e+00	3.936887722403637629e-02	0.000000000000000000e+00
-2.998031999999999971e+04	0.000000000000000000e+00	0.000000000000000000e+00	3.418073061311685534e-02	0.000000000000000000e+00
-2.998029999999999927e+04	0.000000000000000000e+00	0.000000000000000000e+00	4.486220892971587437e-02	0.000000000000000000e+00
-2.998029000000000087e+04	0.000000000000000000e+00	0.000000000000000000e+00	2.868739890743736073e-02	0.000000000000000000e+00
-2.998025999999999840e+04	0.000000000000000000e+00	0.000000000000000000e+00	2.807702871791741689e-02	0.000000000000000000e+00
-2.998024000000000160e+04	0.000000000000000000e+00	0.000000000000000000e+00	3.173924985503707996e-02	0.000000000000000000e+00
-2.998020999999999913e+04	0.000000000000000000e+00	0.000000000000000000e+00	3.173924985503707996e-02	0.000000000000000000e+00
-2.998016999999999825e+04	0.000000000000000000e+00	0.000000000000000000e+00	2.990813928647724843e-02	0.000000000000000000e+00
-2.998013999999999942e+04	0.000000000000000000e+00	0.000000000000000000e+00	2.624591814935758535e-02	0.000000000000000000e+00
-2.998011999999999898e+04	0.000000000000000000e+00	0.000000000000000000e+00	3.082369457075716593e-02	0.000000000000000000e+00
-2.998009999999999854e+04	0.000000000000000000e+00	0.000000000000000000e+00	2.929776909695730458e-02	0.000000000000000000e+00
-2.998006000000000131e+04	0.000000000000000000e+00	0.000000000000000000e+00	3.814813684499648860e-02	0.000000000000000000e+00
-2.998002999999999884e+04	0.000000000000000000e+00	0.000000000000000000e+00	2.899258400219733439e-02	0.000000000000000000e+00
-2.998000000000000000e+04	0.000000000000000000e+00	0.000000000000000000e+00	2.685628833887752920e-02	0.000000000000000000e+00
-2.997997999999999956e+04	0.000000000000000000e+00	0.000000000000000000e+00	3.753776665547654823e-02	0.000000000000000000e+00
-2.997997000000000116e+04	0.000000000000000000e+00	0.000000000000000000e+00	3.509628589739677285e-02	0.000000000000000000e+00
-2.997993999999999869e+04	0.000000000000000000e+00	0.000000000000000000e+00	3.051850947599719227e-02	0.000000000000000000e+00
-2.997990999999999985e+04	0.000000000000000000e+00	0.000000000000000000e+00	3.173924985503707996e-02	0.000000000000000000e+00
-2.997988999999999942e+04	0.000000000000000000e+00	0.000000000000000000e+00	2.838221381267739055e-02	0.000000000000000000e+00
-2.997986000000000058e+04	0.000000000000000000e+00	0.000000000000000000e+00	2.868739890743736073e-02	0.000000000000000000e+00
-2.997983000000000175e+04	0.000000000000000000e+00	0.000000000000000000e+00	4.242072817163609899e-02	0.000000000000000000e+00
-2.997981000000000131e+04	0.000000000000000000e+00	0.000000000000000000e+00	3.387554551835688516e-02	0.000000000000000000e+00
-2.997977999999999884e+04	0.000000000000000000e+00	0.000000000000000000e+00	2.960295419171727824e-02	0.000000000000000000e+00
-2.997975999999999840e+04	0.000000000000000000e+00	0.000000000000000000e+00	3.204443494979705015e-02	0.000000000000000000e+00
-2.997972999999999956e+04	0.000000000000000000e+00	0.000000000000000000e+00	2.960295419171727824e-02	0.000000000000000000e+00
-2.997970999999999913e+04	0.000000000000000000e+00	0.000000000000000000e+00	2.716147343363750286e-02	0.000000000000000000e+00
-2.997968999999999869e+04	0.000000000000000000e+00	0.000000000000000000e+00	3.112887966551713612e-02	0.000000000000000000e+00
-2.997965999999999985e+04	0.000000000000000000e+00	0.000000000000000000e+00	3.875850703451643592e-02	0.000000000000000000e+00
-2.997963000000000102e+04	0.000000000000000000e+00	0.000000000000000000e+00	4.364146855067598668e-02	0.000000000000000000e+00
-2.997961000000000058e+04	0.000000000000000000e+00	0.000000000000000000e+00	3.936887722403637629e-02	0.000000000000000000e+00
-2.997958000000000175e+04	0.000000000000000000e+00	0.000000000000000000e+00	2.807702871791741689e-02	0.000000000000000000e+00
-2.997954999999999927e+04	0.000000000000000000e+00	0.000000000000000000e+00	2.990813928647724843e-02	0.000000000000000000e+00
-2.997952000000000044e+04	0.000000000000000000e+00	0.000000000000000000e+00	3.845332193975646573e-02	0.000000000000000000e+00
-2.997947999999999956e+04	0.000000000000000000e+00	0.000000000000000000e+00	4.760887478255561994e-02	0.000000000000000000e+00
-2.997945000000000073e+04	0.000000000000000000e+00	0.000000000000000000e+00	2.899258400219733439e-02	0.000000000000000000e+00
-2.997940999999999985e+04	0.000000000000000000e+00	0.000000000000000000e+00	2.716147343363750286e-02	0.000000000000000000e+00
-2.997936000000000058e+04	0.000000000000000000e+00	0.000000000000000000e+00	3.173924985503707996e-02	0.000000000000000000e+00
-2.997931999999999971e+04	0.000000000000000000e+00	0.000000000000000000e+00	2.410962248603778363e-02	0.000000000000000000e+00
-2.997929000000000087e+04	0.000000000000000000e+00	0.000000000000000000e+00	3.082369457075716593e-02	0.000000000000000000e+00
-2.997925999999999840e+04	0.000000000000000000e+00	0.000000000000000000e+00	2.349925229651783978e-02	0.000000000000000000e+00
-2.997924000000000160e+04	0.000000000000000000e+00	0.000000000000000000e+00	3.875850703451643592e-02	0.000000000000000000e+00
-2.997920999999999913e+04	0.000000000000000000e+00	0.000000000000000000e+00	2.624591814935758535e-02	0.000000000000000000e+00
-2.997918000000000029e+04	0.000000000000000000e+00	0.000000000000000000e+00	3.509628589739677285e-02	0.000000000000000000e+00
-2.997915000000000146e+04	0.000000000000000000e+00	0.000000000000000000e+00	4.058961760307626399e-02	0.000000000000000000e+00
-2.997911999999999898e+04	0.000000000000000000e+00	0.000000000000000000e+00	3.143406476027710977e-02	0.000000000000000000e+00
-2.997909000000000015e+04	0.000000000000000000e+00	0.000000000000000000e+00	2.990813928647724843e-02	0.000000000000000000e+00
-2.997904000000000087e+04	0.000000000000000000e+00	0.000000000000000000e+00	2.960295419171727824e-02	0.000000000000000000e+00
-2.997900000000000000e+04	0.000000000000000000e+00	0.000000000000000000e+00	2.929776909695730458e-02	0.000000000000000000e+00
-2.997897000000000116e+04	0.000000000000000000e+00	0.000000000000000000e+00	3.051850947599719227e-02	0.000000000000000000e+00
-2.997895000000000073e+04	0.000000000000000000e+00	0.000000000000000000e+00	3.631702627643666054e-02	0.000000000000000000e+00
-2.997891999999999825e+04	0.000000000000000000e+00	0.000000000000000000e+00	1.678518021179845748e-02	0.000000000000000000e+00
-2.997888999999999942e+04	0.000000000000000000e+00	0.000000000000000000e+00	2.929776909695730458e-02	0.000000000000000000e+00
-2.997886999999999898e+04	0.000000000000000000e+00	0.000000000000000000e+00	3.631702627643666054e-02	0.000000000000000000e+00
-2.997884999999999854e+04	0.000000000000000000e+00	0.000000000000000000e+00	3.509628589739677285e-02	0.000000000000000000e+00
-2.997881999999999971e+04	0.000000000000000000e+00	0.000000000000000000e+00	3.601184118167669035e-02	0.000000000000000000e+00
-2.997879000000000087e+04	0.000000000000000000e+00	0.000000000000000000e+00	3.082369457075716593e-02	0.000000000000000000e+00
-2.997875999999999840e+04	0.000000000000000000e+00	0.000000000000000000e+00	3.295999023407696765e-02	0.000000000000000000e+00
-2.997872999999999956e+04	0.000000000000000000e+00	0.000000000000000000e+00	3.295999023407696765e-02	0.000000000000000000e+00
-2.997868999999999869e+04	0.000000000000000000e+00	0.000000000000000000e+00	2.685628833887752920e-02	0.000000000000000000e+00
-2.997865999999999985e+04	0.000000000000000000e+00	0.000000000000000000e+00	2.380443739127780997e-02	0.000000000000000000e+00
-2.997863999999999942e+04	0.000000000000000000e+00	0.000000000000000000e+00	2.929776909695730458e-02	0.000000000000000000e+00
-2.997861999999999898e+04	0.000000000000000000e+00	0.000000000000000000e+00	3.082369457075716593e-02	0.000000000000000000e+00
-2.997859000000000015e+04	0.000000000000000000e+00	0.000000000000000000e+00	2.929776909695730458e-02	0.000000000000000000e+00
-2.997856000000000131e+04	0.000000000000000000e+00	0.000000000000000000e+00	2.929776909695730458e-02	0.000000000000000000e+00
-2.997854000000000087e+04	0.000000000000000000e+00	0.000000000000000000e+00	2.624591814935758535e-02	0.000000000000000000e+00
-2.997852000000000044e+04	0.000000000000000000e+00	0.000000000000000000e+00	2.807702871791741689e-02	0.000000000000000000e+00
-2.997850000000000000e+04	0.000000000000000000e+00	0.000000000000000000e+00	3.540147099215674303e-02	0.000000000000000000e+00
-2.997847000000000116e+04	0.000000000000000000e+00	0.000000000000000000e+00	3.082369457075716593e-02	0.000000000000000000e+00
-2.997843999999999869e+04	0.000000000000000000e+00	0.000000000000000000e+00	4.150517288735618149e-02	0.000000000000000000e+00
-2.997841999999999825e+04	0.000000000000000000e+00	0.000000000000000000e+00	3.051850947599719227e-02	0.000000000000000000e+00
-2.997840000000000146e+04	0.000000000000000000e+00	0.000000000000000000e+00	4.242072817163609899e-02	0.000000000000000000e+00
-2.997836999999999898e+04	0.000000000000000000e+00	0.000000000000000000e+00	3.082369457075716593e-02	0.000000000000000000e+00
-2.997834999999999854e+04	0.000000000000000000e+00	0.000000000000000000e+00	3.845332193975646573e-02	0.000000000000000000e+00
-2.997833000000000175e+04	0.000000000000000000e+00	0.000000000000000000e+00	3.295999023407696765e-02	0.000000000000000000e+00
-2.997829999999999927e+04	0.000000000000000000e+00	0.000000000000000000e+00	3.662221137119663072e-02	0.000000000000000000e+00
-2.997827999999999884e+04	0.000000000000000000e+00	0.000000000000000000e+00	3.143406476027710977e-02	0.000000000000000000e+00
-2.997825999999999840e+04	0.000000000000000000e+00	0.000000000000000000e+00	3.540147099215674303e-02	0.000000000000000000e+00
-2.997824000000000160e+04	0.000000000000000000e+00	0.000000000000000000e+00	4.303109836115603937e-02	0.000000000000000000e+00
-2.997822000000000116e+04	0.000000000000000000e+00	0.000000000000000000e+00	3.753776665547654823e-02	0.000000000000000000e+00
-2.997820000000000073e+04	0.000000000000000000e+00	0.000000000000000000e+00	2.441480758079775382e-02	0.000000000000000000e+00
-2.997818000000000029e+04	0.000000000000000000e+00	0.000000000000000000e+00	2.533036286507767132e-02	0.000000000000000000e+00
-2.997815000000000146e+04	0.000000000000000000e+00	0.000000000000000000e+00	2.533036286507767132e-02	0.000000000000000000e+00
-2.997813000000000102e+04	0.000000000000000000e+00	0.000000000000000000e+00	3.601184118167669035e-02	0.000000000000000000e+00
-2.997809999999999854e+04	0.000000000000000000e+00	0.000000000000000000e+00	4.242072817163609899e-02	0.000000000000000000e+00
-2.997808000000000175e+04	0.000000000000000000e+00	0.000000000000000000e+00	2.594073305459761516e-02	0.000000000000000000e+00
-2.997806000000000131e+04	0.000000000000000000e+00	0.000000000000000000e+00	1.464888454847865229e-02	0.000000000000000000e+00
-2.997804000000000087e+04	0.000000000000000000e+00	0.000000000000000000e+00	2.349925229651783978e-02	0.000000000000000000e+00
-2.997800999999999840e+04	0.000000000000000000e+00	0.000000000000000000e+00	3.570665608691671322e-02	0.000000000000000000e+00
-2.997797999999999956e+04	0.000000000000000000e+00	0.000000000000000000e+00	2.594073305459761516e-02	0.000000000000000000e+00
-2.997795999999999913e+04	0.000000000000000000e+00	0.000000000000000000e+00	3.173924985503707996e-02	0.000000000000000000e+00
-2.997793000000000029e+04	0.000000000000000000e+00	0.000000000000000000e+00	3.112887966551713612e-02	0.000000000000000000e+00
-2.997790000000000146e+04	0.000000000000000000e+00	0.000000000000000000e+00	2.746665852839747304e-02	0.000000000000000000e+00
-2.997786999999999898e+04	0.000000000000000000e+00	0.000000000000000000e+00	2.136295663319803459e-02	0.000000000000000000e+00
-2.997786000000000058e+04	0.000000000000000000e+00	0.000000000000000000e+00	3.875850703451643592e-02	0.000000000000000000e+00
-2.997784000000000015e+04	0.000000000000000000e+00	0.000000000000000000e+00	4.058961760307626399e-02	0.000000000000000000e+00
-2.997781000000000131e+04	0.000000000000000000e+00	0.000000000000000000e+00	3.845332193975646573e-02	0.000000000000000000e+00
-2.997779000000000087e+04	0.000000000000000000e+00	0.000000000000000000e+00	2.838221381267739055e-02	0.000000000000000000e+00
-2.997777999999999884e+04	0.000000000000000000e+00	0.000000000000000000e+00	3.326517532883693784e-02	0.000000000000000000e+00
-2.997775999999999840e+04	0.000000000000000000e+00	0.000000000000000000e+00	3.326517532883693784e-02	0.000000000000000000e+00
-2.997774000000000160e+04	0.000000000000000000e+00	0.000000000000000000e+00	2.807702871791741689e-02	0.000000000000000000e+00
-2.997770999999999913e+04	0.000000000000000000e+00	0.000000000000000000e+00	3.143406476027710977e-02	0.000000000000000000e+00
-2.997768999999999869e+04	0.000000000000000000e+00	0.000000000000000000e+00	3.326517532883693784e-02	0.000000000000000000e+00
-2.997765999999999985e+04	0.000000000000000000e+00	0.000000000000000000e+00	3.936887722403637629e-02	0.000000000000000000e+00
-2.997763999999999942e+04	0.000000000000000000e+00	0.000000000000000000e+00	4.028443250831629380e-02	0.000000000000000000e+00
-2.997761999999999898e+04	0.000000000000000000e+00	0.000000000000000000e+00	3.326517532883693784e-02	0.000000000000000000e+00
-2.997759999999999854e+04	0.000000000000000000e+00	0.000000000000000000e+00	2.960295419171727824e-02	0.000000000000000000e+00
-2.997756999999999971e+04	0.000000000000000000e+00	0.000000000000000000e+00	3.326517532883693784e-02	0.000000000000000000e+00
-2.997756000000000131e+04	0.000000000000000000e+00	0.000000000000000000e+00	3.814813684499648860e-02	0.000000000000000000e+00
-2.997754000000000087e+04	0.000000000000000000e+00	0.000000000000000000e+00	3.662221137119663072e-02	0.000000000000000000e+00
-2.997752000000000044e+04	0.000000000000000000e+00	0.000000000000000000e+00	3.540147099215674303e-02	0.000000000000000000e+00
-2.997750000000000000e+04	0.000000000000000000e+00	0.000000000000000000e+00	2.960295419171727824e-02	0.000000000000000000e+00
-2.997747999999999956e+04	0.000000000000000000e+00	0.000000000000000000e+00	2.838221381267739055e-02	0.000000000000000000e+00
-2.997745999999999913e+04	0.000000000000000000e+00	0.000000000000000000e+00	4.058961760307626399e-02	0.000000000000000000e+00
-2.997743999999999869e+04	0.000000000000000000e+00	0.000000000000000000e+00	2.868739890743736073e-02	0.000000000000000000e+00
-2.997740999999999985e+04	0.000000000000000000e+00	0.000000000000000000e+00	3.357036042359691497e-02	0.000000000000000000e+00
-2.997738999999999942e+04	0.000000000000000000e+00	0.000000000000000000e+00	2.960295419171727824e-02	0.000000000000000000e+00
-2.997736000000000058e+04	0.000000000000000000e+00	0.000000000000000000e+00	3.753776665547654823e-02	0.000000000000000000e+00
-2.997734000000000015e+04	0.000000000000000000e+00	0.000000000000000000e+00	3.875850703451643592e-02	0.000000000000000000e+00
-2.997731999999999971e+04	0.000000000000000000e+00	0.000000000000000000e+00	4.058961760307626399e-02	0.000000000000000000e+00
-2.997729000000000087e+04	0.000000000000000000e+00	0.000000000000000000e+00	3.662221137119663072e-02	0.000000000000000000e+00
-2.997725999999999840e+04	0.000000000000000000e+00	0.000000000000000000e+00	2.258369701223792228e-02	0.000000000000000000e+00
-2.997724000000000160e+04	0.000000000000000000e+00	0.000000000000000000e+00	3.387554551835688516e-02	0.000000000000000000e+00
-2.997722000000000116e+04	0.000000000000000000e+00	0.000000000000000000e+00	2.838221381267739055e-02	0.000000000000000000e+00
-2.997720000000000073e+04	0.000000000000000000e+00	0.000000000000000000e+00	3.143406476027710977e-02	0.000000000000000000e+00
-2.997718000000000029e+04	0.000000000000000000e+00	0.000000000000000000e+00	3.112887966551713612e-02	0.000000000000000000e+00
-2.997715000000000146e+04	0.000000000000000000e+00	0.000000000000000000e+00	2.807702871791741689e-02	0.000000000000000000e+00
-2.997713000000000102e+04	0.000000000000000000e+00	0.000000000000000000e+00	2.929776909695730458e-02	0.000000000000000000e+00
-2.997711000000000058e+04	0.000000000000000000e+00	0.000000000000000000e+00	2.655110324411755901e-02	0.000000000000000000e+00
-2.997709000000000015e+04	0.000000000000000000e+00	0.000000000000000000e+00	3.234962004455702728e-02	0.000000000000000000e+00
-2.997706000000000131e+04	0.000000000000000000e+00	0.000000000000000000e+00	3.234962004455702728e-02	0.000000000000000000e+00
-2.997704000000000087e+04	0.000000000000000000e+00	0.000000000000000000e+00	3.540147099215674303e-02	0.000000000000000000e+00
-2.997702000000000044e+04	0.000000000000000000e+00	0.000000000000000000e+00	3.997924741355632361e-02	0.000000000000000000e+00
-2.997700000000000000e+04	0.000000000000000000e+00	0.000000000000000000e+00	3.692739646595660091e-02	0.000000000000000000e+00
-2.997697999999999956e+04	0.000000000000000000e+00	0.000000000000000000e+00	3.692739646595660091e-02	0.000000000000000000e+00
-2.997695999999999913e+04	0.000000000000000000e+00	0.000000000000000000e+00	2.868739890743736073e-02	0.000000000000000000e+00
-2.997693999999999869e+04	0.000000000000000000e+00	0.000000000000000000e+00	3.601184118167669035e-02	0.000000000000000000e+00
-2.997691999999999825e+04	0.000000000000000000e+00	0.000000000000000000e+00	3.875850703451643592e-02	0.000000000000000000e+00
-2.997690000000000146e+04	0.000000000000000000e+00	0.000000000000000000e+00	4.089480269783624111e-02	0.000000000000000000e+00
-2.997688999999999942e+04	0.000000000000000000e+00	0.000000000000000000e+00	2.899258400219733439e-02	0.000000000000000000e+00
-2.997686999999999898e+04	0.000000000000000000e+00	0.000000000000000000e+00	2.594073305459761516e-02	0.000000000000000000e+00
-2.997686000000000058e+04	0.000000000000000000e+00	0.000000000000000000e+00	2.410962248603778363e-02	0.000000000000000000e+00
-2.997684000000000015e+04	0.000000000000000000e+00	0.000000000000000000e+00	3.082369457075716593e-02	0.000000000000000000e+00
-2.997679999999999927e+04	0.000000000000000000e+00	0.000000000000000000e+00	2.929776909695730458e-02	0.000000000000000000e+00
-2.997677999999999884e+04	0.000000000000000000e+00	0.000000000000000000e+00	3.601184118167669035e-02	0.000000000000000000e+00
-2.997675000000000000e+04	0.000000000000000000e+00	0.000000000000000000e+00	2.929776909695730458e-02	0.000000000000000000e+00
-2.997672999999999956e+04	0.000000000000000000e+00	0.000000000000000000e+00	3.143406476027710977e-02	0.000000000000000000e+00
-2.997670999999999913e+04	0.000000000000000000e+00	0.000000000000000000e+00	3.173924985503707996e-02	0.000000000000000000e+00
-2.997668999999999869e+04	0.000000000000000000e+00	0.000000000000000000e+00	3.418073061311685534e-02	0.000000000000000000e+00
-2.997665999999999985e+04	0.000000000000000000e+00	0.000000000000000000e+00	3.082369457075716593e-02	0.000000000000000000e+00
-2.997663999999999942e+04	0.000000000000000000e+00	0.000000000000000000e+00	3.692739646595660091e-02	0.000000000000000000e+00
-2.997661999999999898e+04	0.000000000000000000e+00	0.000000000000000000e+00	2.838221381267739055e-02	0.000000000000000000e+00
-2.997659000000000015e+04	0.000000000000000000e+00	0.000000000000000000e+00	3.295999023407696765e-02	0.000000000000000000e+00
-2.997656999999999971e+04	0.000000000000000000e+00	0.000000000000000000e+00	2.929776909695730458e-02	0.000000000000000000e+00
-2.997654000000000087e+04	0.000000000000000000e+00	0.000000000000000000e+00	2.960295419171727824e-02	0.000000000000000000e+00
-2.997650999999999840e+04	0.000000000000000000e+00	0.000000000000000000e+00	3.814813684499648860e-02	0.000000000000000000e+00
-2.997647999999999956e+04	0.000000000000000000e+00	0.000000000000000000e+00	2.899258400219733439e-02	0.000000000000000000e+00
-2.997645000000000073e+04	0.000000000000000000e+00	0.000000000000000000e+00	2.746665852839747304e-02	0.000000000000000000e+00
-2.997643999999999869e+04	0.000000000000000000e+00	0.000000000000000000e+00	2.685628833887752920e-02	0.000000000000000000e+00
-2.997641999999999825e+04	0.000000000000000000e+00	0.000000000000000000e+00	3.662221137119663072e-02	0.000000000000000000e+00
-2.997640000000000146e+04	0.000000000000000000e+00	0.000000000000000000e+00	2.197332682271797843e-02	0.000000000000000000e+00
-2.997638000000000102e+04	0.000000000000000000e+00	0.000000000000000000e+00	3.540147099215674303e-02	0.000000000000000000e+00
-2.997634999999999854e+04	0.000000000000000000e+00	0.000000000000000000e+00	3.173924985503707996e-02	0.000000000000000000e+00
-2.997633000000000175e+04	0.000000000000000000e+00	0.000000000000000000e+00	3.662221137119663072e-02	0.000000000000000000e+00
-2.997631000000000131e+04	0.000000000000000000e+00	0.000000000000000000e+00	2.929776909695730458e-02	0.000000000000000000e+00
-2.997629000000000087e+04	0.000000000000000000e+00	0.000000000000000000e+00	2.960295419171727824e-02	0.000000000000000000e+00
-2.997625999999999840e+04	0.000000000000000000e+00	0.000000000000000000e+00	3.051850947599719227e-02	0.000000000000000000e+00
-2.997622999999999956e+04	0.000000000000000000e+00	0.000000000000000000e+00	3.448591570787682553e-02	0.000000000000000000e+00
-2.997620999999999913e+04	0.000000000000000000e+00	0.000000000000000000e+00	3.448591570787682553e-02	0.000000000000000000e+00
-2.997618999999999869e+04	0.000000000000000000e+00	0.000000000000000000e+00	2.746665852839747304e-02	0.000000000000000000e+00
-2.997616999999999825e+04	0.000000000000000000e+00	0.000000000000000000e+00	3.631702627643666054e-02	0.000000000000000000e+00
-2.997615000000000146e+04	0.000000000000000000e+00	0.000000000000000000e+00	3.845332193975646573e-02	0.000000000000000000e+00
-2.997613000000000102e+04	0.000000000000000000e+00	0.000000000000000000e+00	4.394665364543595687e-02	0.000000000000000000e+00
-2.997611000000000058e+04	0.000000000000000000e+00	0.000000000000000000e+00	4.455702383495590418e-02	0.000000000000000000e+00
-2.997609000000000015e+04	0.000000000000000000e+00	0.000000000000000000e+00	3.448591570787682553e-02	0.000000000000000000e+00
-2.997608000000000175e+04	0.000000000000000000e+00	0.000000000000000000e+00	2.838221381267739055e-02	0.000000000000000000e+00
-2.997604999999999927e+04	0.000000000000000000e+00	0.000000000000000000e+00	3.051850947599719227e-02	0.000000000000000000e+00
-2.997602000000000044e+04	0.000000000000000000e+00	0.000000000000000000e+00	2.990813928647724843e-02	0.000000000000000000e+00
-2.997597999999999956e+04	0.000000000000000000e+00	0.000000000000000000e+00	3.418073061311685534e-02	0.000000000000000000e+00
-2.997597000000000116e+04	0.000000000000000000e+00	0.000000000000000000e+00	2.960295419171727824e-02	0.000000000000000000e+00
-2.997593999999999869e+04	0.000000000000000000e+00	0.000000000000000000e+00	2.868739890743736073e-02	0.000000000000000000e+00
-2.997590999999999985e+04	0.000000000000000000e+00	0.000000000000000000e+00	3.295999023407696765e-02	0.000000000000000000e+00
-2.997588000000000102e+04	0.000000000000000000e+00	0.000000000000000000e+00	4.089480269783624111e-02	0.000000000000000000e+00
-2.997586999999999898e+04	0.000000000000000000e+00	0.000000000000000000e+00	3.051850947599719227e-02	0.000000000000000000e+00
-2.997584000000000015e+04	0.000000000000000000e+00	0.000000000000000000e+00	3.631702627643666054e-02	0.000000000000000000e+00
-2.997581000000000131e+04	0.000000000000000000e+00	0.000000000000000000e+00	3.326517532883693784e-02	0.000000000000000000e+00
-2.997579000000000087e+04	0.000000000000000000e+00	0.000000000000000000e+00	2.502517777031769766e-02	0.000000000000000000e+00
-2.997575000000000000e+04	0.000000000000000000e+00	0.000000000000000000e+00	2.899258400219733439e-02	0.000000000000000000e+00
-2.997572999999999956e+04	0.000000000000000000e+00	0.000000000000000000e+00	2.929776909695730458e-02	0.000000000000000000e+00
-2.997570999999999913e+04	0.000000000000000000e+00	0.000000000000000000e+00	3.173924985503707996e-02	0.000000000000000000e+00
-2.997566999999999825e+04	0.000000000000000000e+00	0.000000000000000000e+00	7.934812463759269990e-03	0.000000000000000000e+00
-2.997565000000000146e+04	0.000000000000000000e+00	0.000000000000000000e+00	2.441480758079775382e-02	0.000000000000000000e+00
-2.997563000000000102e+04	0.000000000000000000e+00	0.000000000000000000e+00	3.753776665547654823e-02	0.000000000000000000e+00
-2.997559999999999854e+04	0.000000000000000000e+00	0.000000000000000000e+00	2.960295419171727824e-02	0.000000000000000000e+00
-2.997558000000000175e+04	0.000000000000000000e+00	0.000000000000000000e+00	3.112887966551713612e-02	0.000000000000000000e+00
-2.997554999999999927e+04	0.000000000000000000e+00	0.000000000000000000e+00	3.814813684499648860e-02	0.000000000000000000e+00
-2.997552000000000044e+04	0.000000000000000000e+00	0.000000000000000000e+00	3.082369457075716593e-02	0.000000000000000000e+00
-2.997550000000000000e+04	0.000000000000000000e+00	0.000000000000000000e+00	3.234962004455702728e-02	0.000000000000000000e+00
-2.997547000000000116e+04	0.000000000000000000e+00	0.000000000000000000e+00	2.899258400219733439e-02	0.000000000000000000e+00
-2.997543000000000029e+04	0.000000000000000000e+00	0.000000000000000000e+00	3.875850703451643592e-02	0.000000000000000000e+00
-2.997540999999999985e+04	0.000000000000000000e+00	0.000000000000000000e+00	3.418073061311685534e-02	0.000000000000000000e+00
-2.997538999999999942e+04	0.000000000000000000e+00	0.000000000000000000e+00	3.570665608691671322e-02	0.000000000000000000e+00
-2.997534999999999854e+04	0.000000000000000000e+00	0.000000000000000000e+00	3.051850947599719227e-02	0.000000000000000000e+00
-2.997533000000000175e+04	0.000000000000000000e+00	0.000000000000000000e+00	2.868739890743736073e-02	0.000000000000000000e+00
-2.997529999999999927e+04	0.000000000000000000e+00	0.000000000000000000e+00	2.929776909695730458e-02	0.000000000000000000e+00
-2.997527000000000044e+04	0.000000000000000000e+00	0.000000000000000000e+00	3.082369457075716593e-02	0.000000000000000000e+00
-2.997525000000000000e+04	0.000000000000000000e+00	0.000000000000000000e+00	2.624591814935758535e-02	0.000000000000000000e+00
-2.997522999999999956e+04	0.000000000000000000e+00	0.000000000000000000e+00	3.082369457075716593e-02	0.000000000000000000e+00
-2.997520000000000073e+04	0.000000000000000000e+00	0.000000000000000000e+00	3.570665608691671322e-02	0.000000000000000000e+00
-2.997516999999999825e+04	0.000000000000000000e+00	0.000000000000000000e+00	3.082369457075716593e-02	0.000000000000000000e+00
-2.997515000000000146e+04	0.000000000000000000e+00	0.000000000000000000e+00	3.326517532883693784e-02	0.000000000000000000e+00
-2.997511999999999898e+04	0.000000000000000000e+00	0.000000000000000000e+00	4.119998779259621130e-02	0.000000000000000000e+00
-2.997509999999999854e+04	0.000000000000000000e+00	0.000000000000000000e+00	3.601184118167669035e-02	0.000000000000000000e+00
-2.997508000000000175e+04	0.000000000000000000e+00	0.000000000000000000e+00	2.594073305459761516e-02	0.000000000000000000e+00
-2.997506000000000131e+04	0.000000000000000000e+00	0.000000000000000000e+00	2.410962248603778363e-02	0.000000000000000000e+00
-2.997504000000000087e+04	0.000000000000000000e+00	0.000000000000000000e+00	2.716147343363750286e-02	0.000000000000000000e+00
-2.997500999999999840e+04	0.000000000000000000e+00	0.000000000000000000e+00	2.441480758079775382e-02	0.000000000000000000e+00
-2.997497999999999956e+04	0.000000000000000000e+00	0.000000000000000000e+00	3.845332193975646573e-02	0.000000000000000000e+00
-2.997495000000000073e+04	0.000000000000000000e+00	0.000000000000000000e+00	2.899258400219733439e-02	0.000000000000000000e+00
-2.997491999999999825e+04	0.000000000000000000e+00	0.000000000000000000e+00	2.288888210699789594e-02	0.000000000000000000e+00
-2.997488999999999942e+04	0.000000000000000000e+00	0.000000000000000000e+00	2.410962248603778363e-02	0.000000000000000000e+00
-2.997486000000000058e+04	0.000000000000000000e+00	0.000000000000000000e+00	2.502517777031769766e-02	0.000000000000000000e+00
-2.997484000000000015e+04	0.000000000000000000e+00	0.000000000000000000e+00	2.838221381267739055e-02	0.000000000000000000e+00
-2.997481000000000131e+04	0.000000000000000000e+00	0.000000000000000000e+00	4.028443250831629380e-02	0.000000000000000000e+00
-2.997477999999999884e+04	0.000000000000000000e+00	0.000000000000000000e+00	4.150517288735618149e-02	0.000000000000000000e+00
-2.997475000000000000e+04	0.000000000000000000e+00	0.000000000000000000e+00	1.251258888515884883e-02	0.000000000000000000e+00
-2.997472999999999956e+04	0.000000000000000000e+00	0.000000000000000000e+00	2.227851191747795209e-02	0.000000000000000000e+00
-2.997470999999999913e+04	0.000000000000000000e+00	0.000000000000000000e+00	3.692739646595660091e-02	0.000000000000000000e+00
-2.997468000000000029e+04	0.000000000000000000e+00	0.000000000000000000e+00	3.234962004455702728e-02	0.000000000000000000e+00
-2.997465000000000146e+04	0.000000000000000000e+00	0.000000000000000000e+00	2.716147343363750286e-02	0.000000000000000000e+00
-2.997461999999999898e+04	0.000000000000000000e+00	0.000000000000000000e+00	2.868739890743736073e-02	0.000000000000000000e+00
-2.997461000000000058e+04	0.000000000000000000e+00	0.000000000000000000e+00	3.295999023407696765e-02	0.000000000000000000e+00
-2.997459000000000015e+04	0.000000000000000000e+00	0.000000000000000000e+00	2.868739890743736073e-02	0.000000000000000000e+00
-2.997456999999999971e+04	0.000000000000000000e+00	0.000000000000000000e+00	2.410962248603778363e-02	0.000000000000000000e+00
-2.997452999999999884e+04	0.000000000000000000e+00	0.000000000000000000e+00	3.448591570787682553e-02	0.000000000000000000e+00
-2.997450999999999840e+04	0.000000000000000000e+00	0.000000000000000000e+00	2.868739890743736073e-02	0.000000000000000000e+00
-2.997449000000000160e+04	0.000000000000000000e+00	0.000000000000000000e+00	3.570665608691671322e-02	0.000000000000000000e+00
-2.997445999999999913e+04	0.000000000000000000e+00	0.000000000000000000e+00	2.471999267555772747e-02	0.000000000000000000e+00
-2.997443000000000029e+04	0.000000000000000000e+00	0.000000000000000000e+00	2.929776909695730458e-02	0.000000000000000000e+00
-2.997440000000000146e+04	0.000000000000000000e+00	0.000000000000000000e+00	2.868739890743736073e-02	0.000000000000000000e+00
-2.997436000000000058e+04	0.000000000000000000e+00	0.000000000000000000e+00	3.357036042359691497e-02	0.000000000000000000e+00
-2.997434000000000015e+04	0.000000000000000000e+00	0.000000000000000000e+00	2.716147343363750286e-02	0.000000000000000000e+00
-2.997431000000000131e+04	0.000000000000000000e+00	0.000000000000000000e+00	4.333628345591601649e-02	0.000000000000000000e+00
-2.997429000000000087e+04	0.000000000000000000e+00	0.000000000000000000e+00	3.509628589739677285e-02	0.000000000000000000e+00
-2.997427000000000044e+04	0.000000000000000000e+00	0.000000000000000000e+00	2.014221625415814690e-02	0.000000000000000000e+00
-2.997424000000000160e+04	0.000000000000000000e+00	0.000000000000000000e+00	2.533036286507767132e-02	0.000000000000000000e+00
-2.997420000000000073e+04	0.000000000000000000e+00	0.000000000000000000e+00	3.112887966551713612e-02	0.000000000000000000e+00
-2.997418000000000029e+04	0.000000000000000000e+00	0.000000000000000000e+00	3.082369457075716593e-02	0.000000000000000000e+00
-2.997415999999999985e+04	0.000000000000000000e+00	0.000000000000000000e+00	3.326517532883693784e-02	0.000000000000000000e+00
-2.997413999999999942e+04	0.000000000000000000e+00	0.000000000000000000e+00	3.112887966551713612e-02	0.000000000000000000e+00
-2.997411999999999898e+04	0.000000000000000000e+00	0.000000000000000000e+00	3.692739646595660091e-02	0.000000000000000000e+00
-2.997409000000000015e+04	0.000000000000000000e+00	0.000000000000000000e+00	2.929776909695730458e-02	0.000000000000000000e+00
-2.997406999999999971e+04	0.000000000000000000e+00	0.000000000000000000e+00	3.173924985503707996e-02	0.000000000000000000e+00
-2.997404000000000087e+04	0.000000000000000000e+00	0.000000000000000000e+00	2.716147343363750286e-02	0.000000000000000000e+00
-2.997400999999999840e+04	0.000000000000000000e+00	0.000000000000000000e+00	3.326517532883693784e-02	0.000000000000000000e+00
-2.997399000000000160e+04	0.000000000000000000e+00	0.000000000000000000e+00	2.624591814935758535e-02	0.000000000000000000e+00
-2.997397999999999956e+04	0.000000000000000000e+00	0.000000000000000000e+00	3.173924985503707996e-02	0.000000000000000000e+00
-2.997395000000000073e+04	0.000000000000000000e+00	0.000000000000000000e+00	3.143406476027710977e-02	0.000000000000000000e+00
-2.997391999999999825e+04	0.000000000000000000e+00	0.000000000000000000e+00	2.838221381267739055e-02	0.000000000000000000e+00
-2.997386999999999898e+04	0.000000000000000000e+00	0.000000000000000000e+00	2.807702871791741689e-02	0.000000000000000000e+00
-2.997384000000000015e+04	0.000000000000000000e+00	0.000000000000000000e+00	2.807702871791741689e-02	0.000000000000000000e+00
-2.997381000000000131e+04	0.000000000000000000e+00	0.000000000000000000e+00	1.983703115939817671e-02	0.000000000000000000e+00
-2.997379000000000087e+04	0.000000000000000000e+00	0.000000000000000000e+00	2.471999267555772747e-02	0.000000000000000000e+00
-2.997377000000000044e+04	0.000000000000000000e+00	0.000000000000000000e+00	2.105777153843806440e-02	0.000000000000000000e+00
-2.997375000000000000e+04	0.000000000000000000e+00	0.000000000000000000e+00	2.044740134891812056e-02	0.000000000000000000e+00
-2.997372999999999956e+04	0.000000000000000000e+00	0.000000000000000000e+00	2.258369701223792228e-02	0.000000000000000000e+00
-2.997370999999999913e+04	0.000000000000000000e+00	0.000000000000000000e+00	2.166814172795800825e-02	0.000000000000000000e+00
-2.997368000000000029e+04	0.000000000000000000e+00	0.000000000000000000e+00	2.594073305459761516e-02	0.000000000000000000e+00
-2.997365999999999985e+04	0.000000000000000000e+00	0.000000000000000000e+00	2.533036286507767132e-02	0.000000000000000000e+00
-2.997363000000000102e+04	0.000000000000000000e+00	0.000000000000000000e+00	2.594073305459761516e-02	0.000000000000000000e+00
-2.997361000000000058e+04	0.000000000000000000e+00	0.000000000000000000e+00	3.448591570787682553e-02	0.000000000000000000e+00
-2.997359000000000015e+04	0.000000000000000000e+00	0.000000000000000000e+00	3.234962004455702728e-02	0.000000000000000000e+00
-2.997356999999999971e+04	0.000000000000000000e+00	0.000000000000000000e+00	3.326517532883693784e-02	0.000000000000000000e+00
-2.997354000000000087e+04	0.000000000000000000e+00	0.000000000000000000e+00	3.692739646595660091e-02	0.000000000000000000e+00
-2.997350999999999840e+04	0.000000000000000000e+00	0.000000000000000000e+00	3.753776665547654823e-02	0.000000000000000000e+00
-2.997349000000000160e+04	0.000000000000000000e+00	0.000000000000000000e+00	2.838221381267739055e-02	0.000000000000000000e+00
-2.997347000000000116e+04	0.000000000000000000e+00	0.000000000000000000e+00	3.051850947599719227e-02	0.000000000000000000e+00
-2.997343999999999869e+04	0.000000000000000000e+00	0.000000000000000000e+00	3.936887722403637629e-02	0.000000000000000000e+00
-2.997340999999999985e+04	0.000000000000000000e+00	0.000000000000000000e+00	3.387554551835688516e-02	0.000000000000000000e+00
-2.997338999999999942e+04	0.000000000000000000e+00	0.000000000000000000e+00	2.624591814935758535e-02	0.000000000000000000e+00
-2.997338000000000102e+04	0.000000000000000000e+00	0.000000000000000000e+00	3.173924985503707996e-02	0.000000000000000000e+00
-2.997334999999999854e+04	0.000000000000000000e+00	0.000000000000000000e+00	2.655110324411755901e-02	0.000000000000000000e+00
-2.997331000000000131e+04	0.000000000000000000e+00	0.000000000000000000e+00	2.868739890743736073e-02	0.000000000000000000e+00
-2.997327000000000044e+04	0.000000000000000000e+00	0.000000000000000000e+00	2.594073305459761516e-02	0.000000000000000000e+00
-2.997325000000000000e+04	0.000000000000000000e+00	0.000000000000000000e+00	2.227851191747795209e-02	0.000000000000000000e+00
-2.997322000000000116e+04	0.000000000000000000e+00	0.000000000000000000e+00	2.807702871791741689e-02	0.000000000000000000e+00
-2.997318999999999869e+04	0.000000000000000000e+00	0.000000000000000000e+00	2.990813928647724843e-02	0.000000000000000000e+00
-2.997316999999999825e+04	0.000000000000000000e+00	0.000000000000000000e+00	2.868739890743736073e-02	0.000000000000000000e+00
-2.997313999999999942e+04	0.000000000000000000e+00	0.000000000000000000e+00	2.044740134891812056e-02	0.000000000000000000e+00
-2.997311999999999898e+04	0.000000000000000000e+00	0.000000000000000000e+00	2.288888210699789594e-02	0.000000000000000000e+00
-2.997311000000000058e+04	0.000000000000000000e+00	0.000000000000000000e+00	3.234962004455702728e-02	0.000000000000000000e+00
-2.997306999999999971e+04	0.000000000000000000e+00	0.000000000000000000e+00	2.380443739127780997e-02	0.000000000000000000e+00
-2.997304000000000087e+04	0.000000000000000000e+00	0.000000000000000000e+00	2.838221381267739055e-02	0.000000000000000000e+00
-2.997300999999999840e+04	0.000000000000000000e+00	0.000000000000000000e+00	2.105777153843806440e-02	0.000000000000000000e+00
-2.997299000000000160e+04	0.000000000000000000e+00	0.000000000000000000e+00	3.418073061311685534e-02	0.000000000000000000e+00
-2.997297000000000116e+04	0.000000000000000000e+00	0.000000000000000000e+00	2.533036286507767132e-02	0.000000000000000000e+00
-2.997295000000000073e+04	0.000000000000000000e+00	0.000000000000000000e+00	3.204443494979705015e-02	0.000000000000000000e+00
-2.997293000000000029e+04	0.000000000000000000e+00	0.000000000000000000e+00	3.143406476027710977e-02	0.000000000000000000e+00
-2.997290999999999985e+04	0.000000000000000000e+00	0.000000000000000000e+00	3.295999023407696765e-02	0.000000000000000000e+00
-2.997290000000000146e+04	0.000000000000000000e+00	0.000000000000000000e+00	2.288888210699789594e-02	0.000000000000000000e+00
-2.997288000000000102e+04	0.000000000000000000e+00	0.000000000000000000e+00	3.143406476027710977e-02	0.000000000000000000e+00
-2.997284000000000015e+04	0.000000000000000000e+00	0.000000000000000000e+00	2.197332682271797843e-02	0.000000000000000000e+00
-2.997281000000000131e+04	0.000000000000000000e+00	0.000000000000000000e+00	2.166814172795800825e-02	0.000000000000000000e+00
-2.997279000000000087e+04	0.000000000000000000e+00	0.000000000000000000e+00	2.441480758079775382e-02	0.000000000000000000e+00
-2.997277000000000044e+04	0.000000000000000000e+00	0.000000000000000000e+00	2.899258400219733439e-02	0.000000000000000000e+00
-2.997274000000000160e+04	0.000000000000000000e+00	0.000000000000000000e+00	2.899258400219733439e-02	0.000000000000000000e+00
-2.997272000000000116e+04	0.000000000000000000e+00	0.000000000000000000e+00	2.838221381267739055e-02	0.000000000000000000e+00
-2.997268999999999869e+04	0.000000000000000000e+00	0.000000000000000000e+00	2.258369701223792228e-02	0.000000000000000000e+00
-2.997266999999999825e+04	0.000000000000000000e+00	0.000000000000000000e+00	2.288888210699789594e-02	0.000000000000000000e+00
-2.997265000000000146e+04	0.000000000000000000e+00	0.000000000000000000e+00	2.502517777031769766e-02	0.000000000000000000e+00
-2.997261000000000058e+04	0.000000000000000000e+00	0.000000000000000000e+00	2.868739890743736073e-02	0.000000000000000000e+00
-2.997258000000000175e+04	0.000000000000000000e+00	0.000000000000000000e+00	2.258369701223792228e-02	0.000000000000000000e+00
-2.997256999999999971e+04	0.000000000000000000e+00	0.000000000000000000e+00	4.303109836115603937e-02	0.000000000000000000e+00
-2.997254999999999927e+04	0.000000000000000000e+00	0.000000000000000000e+00	3.631702627643666054e-02	0.000000000000000000e+00
-2.997252000000000044e+04	0.000000000000000000e+00	0.000000000000000000e+00	2.960295419171727824e-02	0.000000000000000000e+00
-2.997249000000000160e+04	0.000000000000000000e+00	0.000000000000000000e+00	3.326517532883693784e-02	0.000000000000000000e+00
-2.997247000000000116e+04	0.000000000000000000e+00	0.000000000000000000e+00	2.258369701223792228e-02	0.000000000000000000e+00
-2.997245000000000073e+04	0.000000000000000000e+00	0.000000000000000000e+00	2.441480758079775382e-02	0.000000000000000000e+00
-2.997241999999999825e+04	0.000000000000000000e+00	0.000000000000000000e+00	2.258369701223792228e-02	0.000000000000000000e+00
-2.997238000000000102e+04	0.000000000000000000e+00	0.000000000000000000e+00	2.655110324411755901e-02	0.000000000000000000e+00
-2.997234999999999854e+04	0.000000000000000000e+00	0.000000000000000000e+00	3.387554551835688516e-02	0.000000000000000000e+00
-2.997234000000000015e+04	0.000000000000000000e+00	0.000000000000000000e+00	2.899258400219733439e-02	0.000000000000000000e+00
-2.997231999999999971e+04	0.000000000000000000e+00	0.000000000000000000e+00	1.953184606463820305e-02	0.000000000000000000e+00
-2.997229000000000087e+04	0.000000000000000000e+00	0.000000000000000000e+00	3.173924985503707996e-02	0.000000000000000000e+00
-2.997227000000000044e+04	0.000000000000000000e+00	0.000000000000000000e+00	2.166814172795800825e-02	0.000000000000000000e+00
-2.997225000000000000e+04	0.000000000000000000e+00	0.000000000000000000e+00	3.143406476027710977e-02	0.000000000000000000e+00
-2.997222000000000116e+04	0.000000000000000000e+00	0.000000000000000000e+00	2.044740134891812056e-02	0.000000000000000000e+00
-2.997218999999999869e+04	0.000000000000000000e+00	0.000000000000000000e+00	2.655110324411755901e-02	0.000000000000000000e+00
-2.997215999999999985e+04	0.000000000000000000e+00	0.000000000000000000e+00	2.746665852839747304e-02	0.000000000000000000e+00
-2.997215000000000146e+04	0.000000000000000000e+00	0.000000000000000000e+00	9.765923032319101527e-03	0.000000000000000000e+00
-2.997213999999999942e+04	0.000000000000000000e+00	0.000000000000000000e+00	2.227851191747795209e-02	0.000000000000000000e+00
-2.997209999999999854e+04	0.000000000000000000e+00	0.000000000000000000e+00	2.533036286507767132e-02	0.000000000000000000e+00
-2.997208000000000175e+04	0.000000000000000000e+00	0.000000000000000000e+00	2.533036286507767132e-02	0.000000000000000000e+00
-2.997206999999999971e+04	0.000000000000000000e+00	0.000000000000000000e+00	2.288888210699789594e-02	0.000000000000000000e+00
-2.997204000000000087e+04	0.000000000000000000e+00	0.000000000000000000e+00	2.349925229651783978e-02	0.000000000000000000e+00
-2.997202000000000044e+04	0.000000000000000000e+00	0.000000000000000000e+00	2.685628833887752920e-02	0.000000000000000000e+00
-2.997199000000000160e+04	0.000000000000000000e+00	0.000000000000000000e+00	2.868739890743736073e-02	0.000000000000000000e+00
-2.997195999999999913e+04	0.000000000000000000e+00	0.000000000000000000e+00	2.624591814935758535e-02	0.000000000000000000e+00
-2.997193999999999869e+04	0.000000000000000000e+00	0.000000000000000000e+00	2.380443739127780997e-02	0.000000000000000000e+00
-2.997191999999999825e+04	0.000000000000000000e+00	0.000000000000000000e+00	2.380443739127780997e-02	0.000000000000000000e+00
-2.997188999999999942e+04	0.000000000000000000e+00	0.000000000000000000e+00	3.143406476027710977e-02	0.000000000000000000e+00
-2.997186000000000058e+04	0.000000000000000000e+00	0.000000000000000000e+00	2.960295419171727824e-02	0.000000000000000000e+00
-2.997183000000000175e+04	0.000000000000000000e+00	0.000000000000000000e+00	2.838221381267739055e-02	0.000000000000000000e+00
-2.997179999999999927e+04	0.000000000000000000e+00	0.000000000000000000e+00	2.838221381267739055e-02	0.000000000000000000e+00
-2.997177999999999884e+04	0.000000000000000000e+00	0.000000000000000000e+00	2.655110324411755901e-02	0.000000000000000000e+00
-2.997175000000000000e+04	0.000000000000000000e+00	0.000000000000000000e+00	2.990813928647724843e-02	0.000000000000000000e+00
-2.997172999999999956e+04	0.000000000000000000e+00	0.000000000000000000e+00	2.166814172795800825e-02	0.000000000000000000e+00
-2.997172000000000116e+04	0.000000000000000000e+00	0.000000000000000000e+00	2.441480758079775382e-02	0.000000000000000000e+00
-2.997170000000000073e+04	0.000000000000000000e+00	0.000000000000000000e+00	2.380443739127780997e-02	0.000000000000000000e+00
-2.997168999999999869e+04	0.000000000000000000e+00	0.000000000000000000e+00	3.448591570787682553e-02	0.000000000000000000e+00
-2.997166999999999825e+04	0.000000000000000000e+00	0.000000000000000000e+00	2.014221625415814690e-02	0.000000000000000000e+00
-2.997165000000000146e+04	0.000000000000000000e+00	0.000000000000000000e+00	2.441480758079775382e-02	0.000000000000000000e+00
-2.997161999999999898e+04	0.000000000000000000e+00	0.000000000000000000e+00	2.349925229651783978e-02	0.000000000000000000e+00
-2.997159999999999854e+04	0.000000000000000000e+00	0.000000000000000000e+00	2.624591814935758535e-02	0.000000000000000000e+00
-2.997156999999999971e+04	0.000000000000000000e+00	0.000000000000000000e+00	2.410962248603778363e-02	0.000000000000000000e+00
-2.997154999999999927e+04	0.000000000000000000e+00	0.000000000000000000e+00	3.692739646595660091e-02	0.000000000000000000e+00
-2.997152999999999884e+04	0.000000000000000000e+00	0.000000000000000000e+00	3.143406476027710977e-02	0.000000000000000000e+00
-2.997150000000000000e+04	0.000000000000000000e+00	0.000000000000000000e+00	2.471999267555772747e-02	0.000000000000000000e+00
-2.997145999999999913e+04	0.000000000000000000e+00	0.000000000000000000e+00	2.380443739127780997e-02	0.000000000000000000e+00
-2.997143999999999869e+04	0.000000000000000000e+00	0.000000000000000000e+00	3.448591570787682553e-02	0.000000000000000000e+00
-2.997141999999999825e+04	0.000000000000000000e+00	0.000000000000000000e+00	2.288888210699789594e-02	0.000000000000000000e+00
-2.997140000000000146e+04	0.000000000000000000e+00	0.000000000000000000e+00	2.258369701223792228e-02	0.000000000000000000e+00
-2.997138000000000102e+04	0.000000000000000000e+00	0.000000000000000000e+00	2.533036286507767132e-02	0.000000000000000000e+00
-2.997134000000000015e+04	0.000000000000000000e+00	0.000000000000000000e+00	2.136295663319803459e-02	0.000000000000000000e+00
-2.997131000000000131e+04	0.000000000000000000e+00	0.000000000000000000e+00	1.709036530655842767e-02	0.000000000000000000e+00
-2.997129000000000087e+04	0.000000000000000000e+00	0.000000000000000000e+00	2.349925229651783978e-02	0.000000000000000000e+00
-2.997127000000000044e+04	0.000000000000000000e+00	0.000000000000000000e+00	2.227851191747795209e-02	0.000000000000000000e+00
-2.997122999999999956e+04	0.000000000000000000e+00	0.000000000000000000e+00	2.960295419171727824e-02	0.000000000000000000e+00
-2.997118999999999869e+04	0.000000000000000000e+00	0.000000000000000000e+00	1.800592059083834517e-02	0.000000000000000000e+00
-2.997115000000000146e+04	0.000000000000000000e+00	0.000000000000000000e+00	2.166814172795800825e-02	0.000000000000000000e+00
-2.997111999999999898e+04	0.000000000000000000e+00	0.000000000000000000e+00	2.197332682271797843e-02	0.000000000000000000e+00
-2.997109000000000015e+04	0.000000000000000000e+00	0.000000000000000000e+00	2.899258400219733439e-02	0.000000000000000000e+00
-2.997106000000000131e+04	0.000000000000000000e+00	0.000000000000000000e+00	3.112887966551713612e-02	0.000000000000000000e+00
-2.997104000000000087e+04	0.000000000000000000e+00	0.000000000000000000e+00	2.716147343363750286e-02	0.000000000000000000e+00
-2.997102000000000044e+04	0.000000000000000000e+00	0.000000000000000000e+00	3.387554551835688516e-02	0.000000000000000000e+00
-2.997100000000000000e+04	0.000000000000000000e+00	0.000000000000000000e+00	3.234962004455702728e-02	0.000000000000000000e+00
-2.997097999999999956e+04	0.000000000000000000e+00	0.000000000000000000e+00	3.387554551835688516e-02	0.000000000000000000e+00
-2.997095000000000073e+04	0.000000000000000000e+00	0.000000000000000000e+00	2.594073305459761516e-02	0.000000000000000000e+00
-2.997093000000000029e+04	0.000000000000000000e+00	0.000000000000000000e+00	2.624591814935758535e-02	0.000000000000000000e+00
-2.997090000000000146e+04	0.000000000000000000e+00	0.000000000000000000e+00	3.051850947599719227e-02	0.000000000000000000e+00
-2.997086999999999898e+04	0.000000000000000000e+00	0.000000000000000000e+00	2.197332682271797843e-02	0.000000000000000000e+00
-2.997084000000000015e+04	0.000000000000000000e+00	0.000000000000000000e+00	2.380443739127780997e-02	0.000000000000000000e+00
-2.997081000000000131e+04	0.000000000000000000e+00	0.000000000000000000e+00	3.540147099215674303e-02	0.000000000000000000e+00
-2.997077999999999884e+04	0.000000000000000000e+00	0.000000000000000000e+00	2.227851191747795209e-02	0.000000000000000000e+00
-2.997074000000000160e+04	0.000000000000000000e+00	0.000000000000000000e+00	2.014221625415814690e-02	0.000000000000000000e+00
-2.997070000000000073e+04	0.000000000000000000e+00	0.000000000000000000e+00	2.044740134891812056e-02	0.000000000000000000e+00
-2.997066999999999825e+04	0.000000000000000000e+00	0.000000000000000000e+00	2.594073305459761516e-02	0.000000000000000000e+00
-2.997063999999999942e+04	0.000000000000000000e+00	0.000000000000000000e+00	2.533036286507767132e-02	0.000000000000000000e+00
-2.997061000000000058e+04	0.000000000000000000e+00	0.000000000000000000e+00	2.349925229651783978e-02	0.000000000000000000e+00
-2.997059000000000015e+04	0.000000000000000000e+00	0.000000000000000000e+00	3.387554551835688516e-02	0.000000000000000000e+00
-2.997056999999999971e+04	0.000000000000000000e+00	0.000000000000000000e+00	2.441480758079775382e-02	0.000000000000000000e+00
-2.997054999999999927e+04	0.000000000000000000e+00	0.000000000000000000e+00	1.831110568559831536e-02	0.000000000000000000e+00
-2.997050999999999840e+04	0.000000000000000000e+00	0.000000000000000000e+00	1.831110568559831536e-02	0.000000000000000000e+00
-2.997049000000000160e+04	0.000000000000000000e+00	0.000000000000000000e+00	1.831110568559831536e-02	0.000000000000000000e+00
-2.997045999999999913e+04	0.000000000000000000e+00	0.000000000000000000e+00	2.166814172795800825e-02	0.000000000000000000e+00
-2.997043999999999869e+04	0.000000000000000000e+00	0.000000000000000000e+00	2.136295663319803459e-02	0.000000000000000000e+00
-2.997041999999999825e+04	0.000000000000000000e+00	0.000000000000000000e+00	1.678518021179845748e-02	0.000000000000000000e+00
-2.997040000000000146e+04	0.000000000000000000e+00	0.000000000000000000e+00	2.716147343363750286e-02	0.000000000000000000e+00
-2.997038999999999942e+04	0.000000000000000000e+00	0.000000000000000000e+00	2.990813928647724843e-02	0.000000000000000000e+00
-2.997036000000000058e+04	0.000000000000000000e+00	0.000000000000000000e+00	1.129184850611896114e-02	0.000000000000000000e+00
-2.997033000000000175e+04	0.000000000000000000e+00	0.000000000000000000e+00	1.739555040131840133e-02	0.000000000000000000e+00
-2.997029000000000087e+04	0.000000000000000000e+00	0.000000000000000000e+00	2.716147343363750286e-02	0.000000000000000000e+00
-2.997025999999999840e+04	0.000000000000000000e+00	0.000000000000000000e+00	2.624591814935758535e-02	0.000000000000000000e+00
-2.997022999999999956e+04	0.000000000000000000e+00	0.000000000000000000e+00	3.326517532883693784e-02	0.000000000000000000e+00
-2.997020999999999913e+04	0.000000000000000000e+00	0.000000000000000000e+00	2.594073305459761516e-02	0.000000000000000000e+00
-2.997018000000000029e+04	0.000000000000000000e+00	0.000000000000000000e+00	2.685628833887752920e-02	0.000000000000000000e+00
-2.997015999999999985e+04	0.000000000000000000e+00	0.000000000000000000e+00	1.983703115939817671e-02	0.000000000000000000e+00
-2.997013999999999942e+04	0.000000000000000000e+00	0.000000000000000000e+00	3.387554551835688516e-02	0.000000000000000000e+00
-2.997011000000000058e+04	0.000000000000000000e+00	0.000000000000000000e+00	2.380443739127780997e-02	0.000000000000000000e+00
-2.997009000000000015e+04	0.000000000000000000e+00	0.000000000000000000e+00	1.831110568559831536e-02	0.000000000000000000e+00
-2.997006000000000131e+04	0.000000000000000000e+00	0.000000000000000000e+00	2.349925229651783978e-02	0.000000000000000000e+00
-2.997004000000000087e+04	0.000000000000000000e+00	0.000000000000000000e+00	2.349925229651783978e-02	0.000000000000000000e+00
-2.997000999999999840e+04	0.000000000000000000e+00	0.000000000000000000e+00	2.960295419171727824e-02	0.000000000000000000e+00
-2.996997999999999956e+04	0.000000000000000000e+00	0.000000000000000000e+00	2.288888210699789594e-02	0.000000000000000000e+00
-2.996995000000000073e+04	0.000000000000000000e+00	0.000000000000000000e+00	1.831110568559831536e-02	0.000000000000000000e+00
-2.996991999999999825e+04	0.000000000000000000e+00	0.000000000000000000e+00	2.380443739127780997e-02	0.000000000000000000e+00
-2.996988999999999942e+04	0.000000000000000000e+00	0.000000000000000000e+00	4.364146855067598668e-02	0.000000000000000000e+00
-2.996984999999999854e+04	0.000000000000000000e+00	0.000000000000000000e+00	2.288888210699789594e-02	0.000000000000000000e+00
-2.996981999999999971e+04	0.000000000000000000e+00	0.000000000000000000e+00	1.770073549607837152e-02	0.000000000000000000e+00
-2.996977999999999884e+04	0.000000000000000000e+00	0.000000000000000000e+00	2.929776909695730458e-02	0.000000000000000000e+00
-2.996975999999999840e+04	0.000000000000000000e+00	0.000000000000000000e+00	2.685628833887752920e-02	0.000000000000000000e+00
-2.996972999999999956e+04	0.000000000000000000e+00	0.000000000000000000e+00	2.838221381267739055e-02	0.000000000000000000e+00
-2.996970000000000073e+04	0.000000000000000000e+00	0.000000000000000000e+00	2.807702871791741689e-02	0.000000000000000000e+00
-2.996968000000000029e+04	0.000000000000000000e+00	0.000000000000000000e+00	2.227851191747795209e-02	0.000000000000000000e+00
-2.996965999999999985e+04	0.000000000000000000e+00	0.000000000000000000e+00	2.197332682271797843e-02	0.000000000000000000e+00
-2.996963999999999942e+04	0.000000000000000000e+00	0.000000000000000000e+00	2.746665852839747304e-02	0.000000000000000000e+00
-2.996961999999999898e+04	0.000000000000000000e+00	0.000000000000000000e+00	3.143406476027710977e-02	0.000000000000000000e+00
-2.996959000000000015e+04	0.000000000000000000e+00	0.000000000000000000e+00	2.868739890743736073e-02	0.000000000000000000e+00
-2.996954999999999927e+04	0.000000000000000000e+00	0.000000000000000000e+00	1.922666096987823287e-02	0.000000000000000000e+00
-2.996952000000000044e+04	0.000000000000000000e+00	0.000000000000000000e+00	1.953184606463820305e-02	0.000000000000000000e+00
-2.996950000000000000e+04	0.000000000000000000e+00	0.000000000000000000e+00	2.014221625415814690e-02	0.000000000000000000e+00
-2.996947999999999956e+04	0.000000000000000000e+00	0.000000000000000000e+00	2.197332682271797843e-02	0.000000000000000000e+00
-2.996945000000000073e+04	0.000000000000000000e+00	0.000000000000000000e+00	2.471999267555772747e-02	0.000000000000000000e+00
-2.996941999999999825e+04	0.000000000000000000e+00	0.000000000000000000e+00	2.288888210699789594e-02	0.000000000000000000e+00
-2.996940000000000146e+04	0.000000000000000000e+00	0.000000000000000000e+00	2.258369701223792228e-02	0.000000000000000000e+00
-2.996936999999999898e+04	0.000000000000000000e+00	0.000000000000000000e+00	2.105777153843806440e-02	0.000000000000000000e+00
-2.996934999999999854e+04	0.000000000000000000e+00	0.000000000000000000e+00	2.746665852839747304e-02	0.000000000000000000e+00
-2.996931999999999971e+04	0.000000000000000000e+00	0.000000000000000000e+00	2.044740134891812056e-02	0.000000000000000000e+00
-2.996927999999999884e+04	0.000000000000000000e+00	0.000000000000000000e+00	2.227851191747795209e-02	0.000000000000000000e+00
-2.996924000000000160e+04	0.000000000000000000e+00	0.000000000000000000e+00	2.227851191747795209e-02	0.000000000000000000e+00
-2.996922000000000116e+04	0.000000000000000000e+00	0.000000000000000000e+00	2.166814172795800825e-02	0.000000000000000000e+00
-2.996918999999999869e+04	0.000000000000000000e+00	0.000000000000000000e+00	1.495406964323862421e-02	0.000000000000000000e+00
-2.996915999999999985e+04	0.000000000000000000e+00	0.000000000000000000e+00	2.014221625415814690e-02	0.000000000000000000e+00
-2.996913999999999942e+04	0.000000000000000000e+00	0.000000000000000000e+00	1.556443983275856806e-02	0.000000000000000000e+00
-2.996911999999999898e+04	0.000000000000000000e+00	0.000000000000000000e+00	2.868739890743736073e-02	0.000000000000000000e+00
-2.996909999999999854e+04	0.000000000000000000e+00	0.000000000000000000e+00	2.868739890743736073e-02	0.000000000000000000e+00
-2.996908000000000175e+04	0.000000000000000000e+00	0.000000000000000000e+00	2.807702871791741689e-02	0.000000000000000000e+00
-2.996906000000000131e+04	0.000000000000000000e+00	0.000000000000000000e+00	2.044740134891812056e-02	0.000000000000000000e+00
-2.996904000000000087e+04	0.000000000000000000e+00	0.000000000000000000e+00	1.831110568559831536e-02	0.000000000000000000e+00
-2.996900999999999840e+04	0.000000000000000000e+00	0.000000000000000000e+00	1.556443983275856806e-02	0.000000000000000000e+00
-2.996897999999999956e+04	0.000000000000000000e+00	0.000000000000000000e+00	2.258369701223792228e-02	0.000000000000000000e+00
-2.996895000000000073e+04	0.000000000000000000e+00	0.000000000000000000e+00	3.082369457075716593e-02	0.000000000000000000e+00
-2.996891999999999825e+04	0.000000000000000000e+00	0.000000000000000000e+00	3.082369457075716593e-02	0.000000000000000000e+00
-2.996890000000000146e+04	0.000000000000000000e+00	0.000000000000000000e+00	2.960295419171727824e-02	0.000000000000000000e+00
-2.996888000000000102e+04	0.000000000000000000e+00	0.000000000000000000e+00	2.380443739127780997e-02	0.000000000000000000e+00
-2.996884999999999854e+04	0.000000000000000000e+00	0.000000000000000000e+00	3.143406476027710977e-02	0.000000000000000000e+00
-2.996883000000000175e+04	0.000000000000000000e+00	0.000000000000000000e+00	3.387554551835688516e-02	0.000000000000000000e+00
-2.996879999999999927e+04	0.000000000000000000e+00	0.000000000000000000e+00	2.685628833887752920e-02	0.000000000000000000e+00
-2.996877999999999884e+04	0.000000000000000000e+00	0.000000000000000000e+00	3.112887966551713612e-02	0.000000000000000000e+00
-2.996875000000000000e+04	0.000000000000000000e+00	0.000000000000000000e+00	2.014221625415814690e-02	0.000000000000000000e+00
-2.996872999999999956e+04	0.000000000000000000e+00	0.000000000000000000e+00	2.258369701223792228e-02	0.000000000000000000e+00
-2.996870000000000073e+04	0.000000000000000000e+00	0.000000000000000000e+00	1.983703115939817671e-02	0.000000000000000000e+00
-2.996865999999999985e+04	0.000000000000000000e+00	0.000000000000000000e+00	2.380443739127780997e-02	0.000000000000000000e+00
-2.996863000000000102e+04	0.000000000000000000e+00	0.000000000000000000e+00	1.464888454847865229e-02	0.000000000000000000e+00
-2.996859999999999854e+04	0.000000000000000000e+00	0.000000000000000000e+00	2.594073305459761516e-02	0.000000000000000000e+00
-2.996856000000000131e+04	0.000000000000000000e+00	0.000000000000000000e+00	1.281777397991882075e-02	0.000000000000000000e+00
-2.996852999999999884e+04	0.000000000000000000e+00	0.000000000000000000e+00	2.441480758079775382e-02	0.000000000000000000e+00
-2.996850999999999840e+04	0.000000000000000000e+00	0.000000000000000000e+00	2.441480758079775382e-02	0.000000000000000000e+00
-2.996850000000000000e+04	0.000000000000000000e+00	0.000000000000000000e+00	1.098666341135898922e-02	0.000000000000000000e+00
-2.996847999999999956e+04	0.000000000000000000e+00	0.000000000000000000e+00	2.258369701223792228e-02	0.000000000000000000e+00
-2.996845999999999913e+04	0.000000000000000000e+00	0.000000000000000000e+00	2.868739890743736073e-02	0.000000000000000000e+00
-2.996845000000000073e+04	0.000000000000000000e+00	0.000000000000000000e+00	2.166814172795800825e-02	0.000000000000000000e+00
-2.996843000000000029e+04	0.000000000000000000e+00	0.000000000000000000e+00	1.922666096987823287e-02	0.000000000000000000e+00
-2.996840000000000146e+04	0.000000000000000000e+00	0.000000000000000000e+00	1.739555040131840133e-02	0.000000000000000000e+00
-2.996838000000000102e+04	0.000000000000000000e+00	0.000000000000000000e+00	2.899258400219733439e-02	0.000000000000000000e+00
-2.996836000000000058e+04	0.000000000000000000e+00	0.000000000000000000e+00	1.800592059083834517e-02	0.000000000000000000e+00
-2.996834000000000015e+04	0.000000000000000000e+00	0.000000000000000000e+00	1.770073549607837152e-02	0.000000000000000000e+00
-2.996831999999999971e+04	0.000000000000000000e+00	0.000000000000000000e+00	1.800592059083834517e-02	0.000000000000000000e+00
-2.996829000000000087e+04	0.000000000000000000e+00	0.000000000000000000e+00	2.868739890743736073e-02	0.000000000000000000e+00
-2.996825999999999840e+04	0.000000000000000000e+00	0.000000000000000000e+00	2.410962248603778363e-02	0.000000000000000000e+00
-2.996825000000000000e+04	0.000000000000000000e+00	0.000000000000000000e+00	2.502517777031769766e-02	0.000000000000000000e+00
-2.996822999999999956e+04	0.000000000000000000e+00	0.000000000000000000e+00	1.800592059083834517e-02	0.000000000000000000e+00
-2.996820999999999913e+04	0.000000000000000000e+00	0.000000000000000000e+00	2.471999267555772747e-02	0.000000000000000000e+00
-2.996818000000000029e+04	0.000000000000000000e+00	0.000000000000000000e+00	2.014221625415814690e-02	0.000000000000000000e+00
-2.996815999999999985e+04	0.000000000000000000e+00	0.000000000000000000e+00	2.044740134891812056e-02	0.000000000000000000e+00
-2.996815000000000146e+04	0.000000000000000000e+00	0.000000000000000000e+00	2.197332682271797843e-02	0.000000000000000000e+00
-2.996813000000000102e+04	0.000000000000000000e+00	0.000000000000000000e+00	2.685628833887752920e-02	0.000000000000000000e+00
-2.996811000000000058e+04	0.000000000000000000e+00	0.000000000000000000e+00	1.709036530655842767e-02	0.000000000000000000e+00
-2.996808000000000175e+04	0.000000000000000000e+00	0.000000000000000000e+00	2.410962248603778363e-02	0.000000000000000000e+00
-2.996804999999999927e+04	0.000000000000000000e+00	0.000000000000000000e+00	1.983703115939817671e-02	0.000000000000000000e+00
-2.996802000000000044e+04	0.000000000000000000e+00	0.000000000000000000e+00	2.502517777031769766e-02	0.000000000000000000e+00
-2.996800000000000000e+04	0.000000000000000000e+00	0.000000000000000000e+00	2.624591814935758535e-02	0.000000000000000000e+00
-2.996799000000000160e+04	0.000000000000000000e+00	0.000000000000000000e+00	2.410962248603778363e-02	0.000000000000000000e+00
-2.996797000000000116e+04	0.000000000000000000e+00	0.000000000000000000e+00	2.838221381267739055e-02	0.000000000000000000e+00
-2.996795000000000073e+04	0.000000000000000000e+00	0.000000000000000000e+00	2.807702871791741689e-02	0.000000000000000000e+00
-2.996793000000000029e+04	0.000000000000000000e+00	0.000000000000000000e+00	2.410962248603778363e-02	0.000000000000000000e+00
-2.996790999999999985e+04	0.000000000000000000e+00	0.000000000000000000e+00	2.288888210699789594e-02	0.000000000000000000e+00
-2.996788999999999942e+04	0.000000000000000000e+00	0.000000000000000000e+00	2.594073305459761516e-02	0.000000000000000000e+00
-2.996788000000000102e+04	0.000000000000000000e+00	0.000000000000000000e+00	1.831110568559831536e-02	0.000000000000000000e+00
-2.996786000000000058e+04	0.000000000000000000e+00	0.000000000000000000e+00	1.892147587511825921e-02	0.000000000000000000e+00
-2.996784999999999854e+04	0.000000000000000000e+00	0.000000000000000000e+00	1.709036530655842767e-02	0.000000000000000000e+00
-2.996783000000000175e+04	0.000000000000000000e+00	0.000000000000000000e+00	2.380443739127780997e-02	0.000000000000000000e+00
-2.996783000000000175e+04	0.000000000000000000e+00	0.000000000000000000e+00	2.380443739127780997e-02	0.000000000000000000e+00
-2.996781000000000131e+04	0.000000000000000000e+00	0.000000000000000000e+00	6.103701895199438454e-03	0.000000000000000000e+00
-2.996777999999999884e+04	0.000000000000000000e+00	0.000000000000000000e+00	2.746665852839747304e-02	0.000000000000000000e+00
-2.996774000000000160e+04	0.000000000000000000e+00	0.000000000000000000e+00	3.112887966551713612e-02	0.000000000000000000e+00
-2.996772000000000116e+04	0.000000000000000000e+00	0.000000000000000000e+00	1.922666096987823287e-02	0.000000000000000000e+00
-2.996770000000000073e+04	0.000000000000000000e+00	0.000000000000000000e+00	2.227851191747795209e-02	0.000000000000000000e+00
-2.996770000000000073e+04	0.000000000000000000e+00	0.000000000000000000e+00	1.800592059083834517e-02	0.000000000000000000e+00
-2.996768000000000029e+04	0.000000000000000000e+00	0.000000000000000000e+00	2.258369701223792228e-02	0.000000000000000000e+00
-2.996765000000000146e+04	0.000000000000000000e+00	0.000000000000000000e+00	1.922666096987823287e-02	0.000000000000000000e+00
-2.996761999999999898e+04	0.000000000000000000e+00	0.000000000000000000e+00	2.197332682271797843e-02	0.000000000000000000e+00
-2.996759000000000015e+04	0.000000000000000000e+00	0.000000000000000000e+00	1.800592059083834517e-02	0.000000000000000000e+00
-2.996756999999999971e+04	0.000000000000000000e+00	0.000000000000000000e+00	2.716147343363750286e-02	0.000000000000000000e+00
-2.996754000000000087e+04	0.000000000000000000e+00	0.000000000000000000e+00	2.441480758079775382e-02	0.000000000000000000e+00
-2.996752000000000044e+04	0.000000000000000000e+00	0.000000000000000000e+00	2.136295663319803459e-02	0.000000000000000000e+00
-2.996749000000000160e+04	0.000000000000000000e+00	0.000000000000000000e+00	2.716147343363750286e-02	0.000000000000000000e+00
-2.996745999999999913e+04	0.000000000000000000e+00	0.000000000000000000e+00	2.136295663319803459e-02	0.000000000000000000e+00
-2.996743999999999869e+04	0.000000000000000000e+00	0.000000000000000000e+00	1.709036530655842767e-02	0.000000000000000000e+00
-2.996741999999999825e+04	0.000000000000000000e+00	0.000000000000000000e+00	1.464888454847865229e-02	0.000000000000000000e+00
-2.996740000000000146e+04	0.000000000000000000e+00	0.000000000000000000e+00	1.495406964323862421e-02	0.000000000000000000e+00
-2.996738999999999942e+04	0.000000000000000000e+00	0.000000000000000000e+00	2.380443739127780997e-02	0.000000000000000000e+00
-2.996736999999999898e+04	0.000000000000000000e+00	0.000000000000000000e+00	1.831110568559831536e-02	0.000000000000000000e+00
-2.996734999999999854e+04	0.000000000000000000e+00	0.000000000000000000e+00	1.525925473799859614e-02	0.000000000000000000e+00
-2.996733000000000175e+04	0.000000000000000000e+00	0.000000000000000000e+00	1.831110568559831536e-02	0.000000000000000000e+00
-2.996731000000000131e+04	0.000000000000000000e+00	0.000000000000000000e+00	1.892147587511825921e-02	0.000000000000000000e+00
-2.996729000000000087e+04	0.000000000000000000e+00	0.000000000000000000e+00	2.166814172795800825e-02	0.000000000000000000e+00
-2.996727000000000044e+04	0.000000000000000000e+00	0.000000000000000000e+00	2.899258400219733439e-02	0.000000000000000000e+00
-2.996725999999999840e+04	0.000000000000000000e+00	0.000000000000000000e+00	3.112887966551713612e-02	0.000000000000000000e+00
-2.996724000000000160e+04	0.000000000000000000e+00	0.000000000000000000e+00	2.441480758079775382e-02	0.000000000000000000e+00
-2.996722000000000116e+04	0.000000000000000000e+00	0.000000000000000000e+00	3.143406476027710977e-02	0.000000000000000000e+00
-2.996718000000000029e+04	0.000000000000000000e+00	0.000000000000000000e+00	1.922666096987823287e-02	0.000000000000000000e+00
-2.996715999999999985e+04	0.000000000000000000e+00	0.000000000000000000e+00	1.770073549607837152e-02	0.000000000000000000e+00
-2.996713999999999942e+04	0.000000000000000000e+00	0.000000000000000000e+00	2.380443739127780997e-02	0.000000000000000000e+00
-2.996711999999999898e+04	0.000000000000000000e+00	0.000000000000000000e+00	1.953184606463820305e-02	0.000000000000000000e+00
-2.996709000000000015e+04	0.000000000000000000e+00	0.000000000000000000e+00	1.739555040131840133e-02	0.000000000000000000e+00
-2.996706999999999971e+04	0.000000000000000000e+00	0.000000000000000000e+00	2.349925229651783978e-02	0.000000000000000000e+00
-2.996704999999999927e+04	0.000000000000000000e+00	0.000000000000000000e+00	1.800592059083834517e-02	0.000000000000000000e+00
-2.996702000000000044e+04	0.000000000000000000e+00	0.000000000000000000e+00	1.495406964323862421e-02	0.000000000000000000e+00
-2.996700000000000000e+04	0.000000000000000000e+00	0.000000000000000000e+00	1.922666096987823287e-02	0.000000000000000000e+00
-2.996697000000000116e+04	0.000000000000000000e+00	0.000000000000000000e+00	1.739555040131840133e-02	0.000000000000000000e+00
-2.996693999999999869e+04	0.000000000000000000e+00	0.000000000000000000e+00	2.136295663319803459e-02	0.000000000000000000e+00
-2.996691999999999825e+04	0.000000000000000000e+00	0.000000000000000000e+00	1.403851435895870844e-02	0.000000000000000000e+00
-2.996690000000000146e+04	0.000000000000000000e+00	0.000000000000000000e+00	1.709036530655842767e-02	0.000000000000000000e+00
-2.996688000000000102e+04	0.000000000000000000e+00	0.000000000000000000e+00	1.770073549607837152e-02	0.000000000000000000e+00
-2.996686000000000058e+04	0.000000000000000000e+00	0.000000000000000000e+00	1.434369945371868037e-02	0.000000000000000000e+00
-2.996684000000000015e+04	0.000000000000000000e+00	0.000000000000000000e+00	1.251258888515884883e-02	0.000000000000000000e+00
-2.996681999999999971e+04	0.000000000000000000e+00	0.000000000000000000e+00	2.410962248603778363e-02	0.000000000000000000e+00
-2.996679000000000087e+04	0.000000000000000000e+00	0.000000000000000000e+00	1.342814416943876460e-02	0.000000000000000000e+00
-2.996677000000000044e+04	0.000000000000000000e+00	0.000000000000000000e+00	1.342814416943876460e-02	0.000000000000000000e+00
-2.996674000000000160e+04	0.000000000000000000e+00	0.000000000000000000e+00	1.922666096987823287e-02	0.000000000000000000e+00
-2.996670999999999913e+04	0.000000000000000000e+00	0.000000000000000000e+00	1.403851435895870844e-02	0.000000000000000000e+00
-2.996666999999999825e+04	0.000000000000000000e+00	0.000000000000000000e+00	1.678518021179845748e-02	0.000000000000000000e+00
-2.996665000000000146e+04	0.000000000000000000e+00	0.000000000000000000e+00	2.655110324411755901e-02	0.000000000000000000e+00
-2.996663000000000102e+04	0.000000000000000000e+00	0.000000000000000000e+00	2.899258400219733439e-02	0.000000000000000000e+00
-2.996659999999999854e+04	0.000000000000000000e+00	0.000000000000000000e+00	3.204443494979705015e-02	0.000000000000000000e+00
-2.996658000000000175e+04	0.000000000000000000e+00	0.000000000000000000e+00	2.716147343363750286e-02	0.000000000000000000e+00
-2.996654999999999927e+04	0.000000000000000000e+00	0.000000000000000000e+00	2.624591814935758535e-02	0.000000000000000000e+00
-2.996652000000000044e+04	0.000000000000000000e+00	0.000000000000000000e+00	1.922666096987823287e-02	0.000000000000000000e+00
-2.996650000000000000e+04	0.000000000000000000e+00	0.000000000000000000e+00	2.929776909695730458e-02	0.000000000000000000e+00
-2.996647000000000116e+04	0.000000000000000000e+00	0.000000000000000000e+00	2.349925229651783978e-02	0.000000000000000000e+00
-2.996645000000000073e+04	0.000000000000000000e+00	0.000000000000000000e+00	2.197332682271797843e-02	0.000000000000000000e+00
-2.996643000000000029e+04	0.000000000000000000e+00	0.000000000000000000e+00	1.922666096987823287e-02	0.000000000000000000e+00
-2.996640000000000146e+04	0.000000000000000000e+00	0.000000000000000000e+00	2.014221625415814690e-02	0.000000000000000000e+00
-2.996636999999999898e+04	0.000000000000000000e+00	0.000000000000000000e+00	2.227851191747795209e-02	0.000000000000000000e+00
-2.996634999999999854e+04	0.000000000000000000e+00	0.000000000000000000e+00	1.647999511703848383e-02	0.000000000000000000e+00
-2.996633000000000175e+04	0.000000000000000000e+00	0.000000000000000000e+00	1.892147587511825921e-02	0.000000000000000000e+00
-2.996631000000000131e+04	0.000000000000000000e+00	0.000000000000000000e+00	1.678518021179845748e-02	0.000000000000000000e+00
-2.996629000000000087e+04	0.000000000000000000e+00	0.000000000000000000e+00	2.380443739127780997e-02	0.000000000000000000e+00
-2.996627000000000044e+04	0.000000000000000000e+00	0.000000000000000000e+00	1.831110568559831536e-02	0.000000000000000000e+00
-2.996625000000000000e+04	0.000000000000000000e+00	0.000000000000000000e+00	1.312295907467879268e-02	0.000000000000000000e+00
-2.996624000000000160e+04	0.000000000000000000e+00	0.000000000000000000e+00	2.471999267555772747e-02	0.000000000000000000e+00
-2.996620999999999913e+04	0.000000000000000000e+00	0.000000000000000000e+00	2.349925229651783978e-02	0.000000000000000000e+00
-2.996618000000000029e+04	0.000000000000000000e+00	0.000000000000000000e+00	1.312295907467879268e-02	0.000000000000000000e+00
-2.996615999999999985e+04	0.000000000000000000e+00	0.000000000000000000e+00	2.624591814935758535e-02	0.000000000000000000e+00
-2.996613000000000102e+04	0.000000000000000000e+00	0.000000000000000000e+00	2.624591814935758535e-02	0.000000000000000000e+00
-2.996609999999999854e+04	0.000000000000000000e+00	0.000000000000000000e+00	2.136295663319803459e-02	0.000000000000000000e+00
-2.996609000000000015e+04	0.000000000000000000e+00	0.000000000000000000e+00	1.251258888515884883e-02	0.000000000000000000e+00
-2.996606999999999971e+04	0.000000000000000000e+00	0.000000000000000000e+00	2.136295663319803459e-02	0.000000000000000000e+00
-2.996602999999999884e+04	0.000000000000000000e+00	0.000000000000000000e+00	1.709036530655842767e-02	0.000000000000000000e+00
-2.996600000000000000e+04	0.000000000000000000e+00	0.000000000000000000e+00	2.380443739127780997e-02	0.000000000000000000e+00
-2.996597000000000116e+04	0.000000000000000000e+00	0.000000000000000000e+00	2.044740134891812056e-02	0.000000000000000000e+00
-2.996593999999999869e+04	0.000000000000000000e+00	0.000000000000000000e+00	2.471999267555772747e-02	0.000000000000000000e+00
-2.996590999999999985e+04	0.000000000000000000e+00	0.000000000000000000e+00	2.807702871791741689e-02	0.000000000000000000e+00
-2.996588000000000102e+04	0.000000000000000000e+00	0.000000000000000000e+00	2.014221625415814690e-02	0.000000000000000000e+00
-2.996584999999999854e+04	0.000000000000000000e+00	0.000000000000000000e+00	2.227851191747795209e-02	0.000000000000000000e+00
-2.996581999999999971e+04	0.000000000000000000e+00	0.000000000000000000e+00	1.739555040131840133e-02	0.000000000000000000e+00
-2.996579999999999927e+04	0.000000000000000000e+00	0.000000000000000000e+00	1.678518021179845748e-02	0.000000000000000000e+00
-2.996577000000000044e+04	0.000000000000000000e+00	0.000000000000000000e+00	2.288888210699789594e-02	0.000000000000000000e+00
-2.996574000000000160e+04	0.000000000000000000e+00	0.000000000000000000e+00	1.800592059083834517e-02	0.000000000000000000e+00
-2.996570000000000073e+04	0.000000000000000000e+00	0.000000000000000000e+00	2.746665852839747304e-02	0.000000000000000000e+00
-2.996568000000000029e+04	0.000000000000000000e+00	0.000000000000000000e+00	2.288888210699789594e-02	0.000000000000000000e+00
-2.996565999999999985e+04	0.000000000000000000e+00	0.000000000000000000e+00	1.312295907467879268e-02	0.000000000000000000e+00
-2.996563999999999942e+04	0.000000000000000000e+00	0.000000000000000000e+00	2.349925229651783978e-02	0.000000000000000000e+00
-2.996561000000000058e+04	0.000000000000000000e+00	0.000000000000000000e+00	1.464888454847865229e-02	0.000000000000000000e+00
-2.996558000000000175e+04	0.000000000000000000e+00	0.000000000000000000e+00	2.014221625415814690e-02	0.000000000000000000e+00
-2.996554999999999927e+04	0.000000000000000000e+00	0.000000000000000000e+00	2.624591814935758535e-02	0.000000000000000000e+00
-2.996552000000000044e+04	0.000000000000000000e+00	0.000000000000000000e+00	2.624591814935758535e-02	0.000000000000000000e+00
-2.996550000000000000e+04	0.000000000000000000e+00	0.000000000000000000e+00	1.800592059083834517e-02	0.000000000000000000e+00
-2.996547999999999956e+04	0.000000000000000000e+00	0.000000000000000000e+00	1.342814416943876460e-02	0.000000000000000000e+00
-2.996545999999999913e+04	0.000000000000000000e+00	0.000000000000000000e+00	2.136295663319803459e-02	0.000000000000000000e+00
-2.996543999999999869e+04	0.000000000000000000e+00	0.000000000000000000e+00	1.434369945371868037e-02	0.000000000000000000e+00
-2.996541999999999825e+04	0.000000000000000000e+00	0.000000000000000000e+00	1.525925473799859614e-02	0.000000000000000000e+00
-2.996540000000000146e+04	0.000000000000000000e+00	0.000000000000000000e+00	1.190221869563890499e-02	0.000000000000000000e+00
-2.996538000000000102e+04	0.000000000000000000e+00	0.000000000000000000e+00	1.342814416943876460e-02	0.000000000000000000e+00
-2.996536000000000058e+04	0.000000000000000000e+00	0.000000000000000000e+00	1.220740379039887691e-02	0.000000000000000000e+00
-2.996533000000000175e+04	0.000000000000000000e+00	0.000000000000000000e+00	1.770073549607837152e-02	0.000000000000000000e+00
-2.996531000000000131e+04	0.000000000000000000e+00	0.000000000000000000e+00	0.000000000000000000e+00	0.000000000000000000e+00
-2.996529000000000087e+04	0.000000000000000000e+00	0.000000000000000000e+00	1.007110812707907345e-02	0.000000000000000000e+00
-2.996527000000000044e+04	0.000000000000000000e+00	0.000000000000000000e+00	1.464888454847865229e-02	0.000000000000000000e+00
-2.996525000000000000e+04	0.000000000000000000e+00	0.000000000000000000e+00	2.197332682271797843e-02	0.000000000000000000e+00
-2.996522999999999956e+04	0.000000000000000000e+00	0.000000000000000000e+00	2.044740134891812056e-02	0.000000000000000000e+00
-2.996520000000000073e+04	0.000000000000000000e+00	0.000000000000000000e+00	1.434369945371868037e-02	0.000000000000000000e+00
-2.996515999999999985e+04	0.000000000000000000e+00	0.000000000000000000e+00	1.800592059083834517e-02	0.000000000000000000e+00
-2.996513999999999942e+04	0.000000000000000000e+00	0.000000000000000000e+00	2.868739890743736073e-02	0.000000000000000000e+00
-2.996511000000000058e+04	0.000000000000000000e+00	0.000000000000000000e+00	1.495406964323862421e-02	0.000000000000000000e+00
-2.996509000000000015e+04	0.000000000000000000e+00	0.000000000000000000e+00	2.288888210699789594e-02	0.000000000000000000e+00
-2.996506999999999971e+04	0.000000000000000000e+00	0.000000000000000000e+00	1.281777397991882075e-02	0.000000000000000000e+00
-2.996504000000000087e+04	0.000000000000000000e+00	0.000000000000000000e+00	1.922666096987823287e-02	0.000000000000000000e+00
-2.996500000000000000e+04	0.000000000000000000e+00	0.000000000000000000e+00	1.464888454847865229e-02	0.000000000000000000e+00
-2.996497999999999956e+04	0.000000000000000000e+00	0.000000000000000000e+00	1.342814416943876460e-02	0.000000000000000000e+00
-2.996495999999999913e+04	0.000000000000000000e+00	0.000000000000000000e+00	1.129184850611896114e-02	0.000000000000000000e+00
-2.996493000000000029e+04	0.000000000000000000e+00	0.000000000000000000e+00	2.227851191747795209e-02	0.000000000000000000e+00
-2.996488999999999942e+04	0.000000000000000000e+00	0.000000000000000000e+00	2.105777153843806440e-02	0.000000000000000000e+00
-2.996486999999999898e+04	0.000000000000000000e+00	0.000000000000000000e+00	1.922666096987823287e-02	0.000000000000000000e+00
-2.996484999999999854e+04	0.000000000000000000e+00	0.000000000000000000e+00	2.624591814935758535e-02	0.000000000000000000e+00
-2.996483000000000175e+04	0.000000000000000000e+00	0.000000000000000000e+00	1.342814416943876460e-02	0.000000000000000000e+00
-2.996479999999999927e+04	0.000000000000000000e+00	0.000000000000000000e+00	1.251258888515884883e-02	0.000000000000000000e+00
-2.996477999999999884e+04	0.000000000000000000e+00	0.000000000000000000e+00	1.953184606463820305e-02	0.000000000000000000e+00
-2.996475000000000000e+04	0.000000000000000000e+00	0.000000000000000000e+00	2.380443739127780997e-02	0.000000000000000000e+00
-2.996472000000000116e+04	0.000000000000000000e+00	0.000000000000000000e+00	1.495406964323862421e-02	0.000000000000000000e+00
-2.996468999999999869e+04	0.000000000000000000e+00	0.000000000000000000e+00	2.044740134891812056e-02	0.000000000000000000e+00
-2.996465999999999985e+04	0.000000000000000000e+00	0.000000000000000000e+00	1.586962492751853998e-02	0.000000000000000000e+00
-2.996463000000000102e+04	0.000000000000000000e+00	0.000000000000000000e+00	2.471999267555772747e-02	0.000000000000000000e+00
-2.996461000000000058e+04	0.000000000000000000e+00	0.000000000000000000e+00	1.495406964323862421e-02	0.000000000000000000e+00
-2.996458000000000175e+04	0.000000000000000000e+00	0.000000000000000000e+00	2.838221381267739055e-02	0.000000000000000000e+00
-2.996454999999999927e+04	0.000000000000000000e+00	0.000000000000000000e+00	1.922666096987823287e-02	0.000000000000000000e+00
-2.996450999999999840e+04	0.000000000000000000e+00	0.000000000000000000e+00	1.983703115939817671e-02	0.000000000000000000e+00
-2.996449000000000160e+04	0.000000000000000000e+00	0.000000000000000000e+00	1.647999511703848383e-02	0.000000000000000000e+00
-2.996447000000000116e+04	0.000000000000000000e+00	0.000000000000000000e+00	1.983703115939817671e-02	0.000000000000000000e+00
-2.996443000000000029e+04	0.000000000000000000e+00	0.000000000000000000e+00	2.624591814935758535e-02	0.000000000000000000e+00
-2.996440000000000146e+04	0.000000000000000000e+00	0.000000000000000000e+00	2.502517777031769766e-02	0.000000000000000000e+00
-2.996436999999999898e+04	0.000000000000000000e+00	0.000000000000000000e+00	7.324442274239326145e-03	0.000000000000000000e+00
-2.996434000000000015e+04	0.000000000000000000e+00	0.000000000000000000e+00	1.831110568559831536e-02	0.000000000000000000e+00
-2.996431000000000131e+04	0.000000000000000000e+00	0.000000000000000000e+00	1.831110568559831536e-02	0.000000000000000000e+00
-2.996429999999999927e+04	0.000000000000000000e+00	0.000000000000000000e+00	1.342814416943876460e-02	0.000000000000000000e+00
-2.996427000000000044e+04	0.000000000000000000e+00	0.000000000000000000e+00	8.239997558519241913e-03	0.000000000000000000e+00
-2.996424000000000160e+04	0.000000000000000000e+00	0.000000000000000000e+00	2.014221625415814690e-02	0.000000000000000000e+00
-2.996420000000000073e+04	0.000000000000000000e+00	0.000000000000000000e+00	1.190221869563890499e-02	0.000000000000000000e+00
-2.996416999999999825e+04	0.000000000000000000e+00	0.000000000000000000e+00	1.037629322183904537e-02	0.000000000000000000e+00
-2.996415000000000146e+04	0.000000000000000000e+00	0.000000000000000000e+00	1.037629322183904537e-02	0.000000000000000000e+00
-2.996411999999999898e+04	0.000000000000000000e+00	0.000000000000000000e+00	1.892147587511825921e-02	0.000000000000000000e+00
-2.996409999999999854e+04	0.000000000000000000e+00	0.000000000000000000e+00	2.105777153843806440e-02	0.000000000000000000e+00
-2.996406999999999971e+04	0.000000000000000000e+00	0.000000000000000000e+00	1.647999511703848383e-02	0.000000000000000000e+00
-2.996404999999999927e+04	0.000000000000000000e+00	0.000000000000000000e+00	1.678518021179845748e-02	0.000000000000000000e+00
-2.996402999999999884e+04	0.000000000000000000e+00	0.000000000000000000e+00	2.380443739127780997e-02	0.000000000000000000e+00
-2.996399000000000160e+04	0.000000000000000000e+00	0.000000000000000000e+00	1.983703115939817671e-02	0.000000000000000000e+00
-2.996395999999999913e+04	0.000000000000000000e+00	0.000000000000000000e+00	2.410962248603778363e-02	0.000000000000000000e+00
-2.996393000000000029e+04	0.000000000000000000e+00	0.000000000000000000e+00	2.502517777031769766e-02	0.000000000000000000e+00
-2.996390000000000146e+04	0.000000000000000000e+00	0.000000000000000000e+00	1.464888454847865229e-02	0.000000000000000000e+00
-2.996388000000000102e+04	0.000000000000000000e+00	0.000000000000000000e+00	1.800592059083834517e-02	0.000000000000000000e+00
-2.996386000000000058e+04	0.000000000000000000e+00	0.000000000000000000e+00	1.068147831659901729e-02	0.000000000000000000e+00
-2.996384000000000015e+04	0.000000000000000000e+00	0.000000000000000000e+00	2.044740134891812056e-02	0.000000000000000000e+00
-2.996381000000000131e+04	0.000000000000000000e+00	0.000000000000000000e+00	2.594073305459761516e-02	0.000000000000000000e+00
-2.996379000000000087e+04	0.000000000000000000e+00	0.000000000000000000e+00	1.831110568559831536e-02	0.000000000000000000e+00
-2.996375999999999840e+04	0.000000000000000000e+00	0.000000000000000000e+00	1.342814416943876460e-02	0.000000000000000000e+00
-2.996372999999999956e+04	0.000000000000000000e+00	0.000000000000000000e+00	1.312295907467879268e-02	0.000000000000000000e+00
-2.996370000000000073e+04	0.000000000000000000e+00	0.000000000000000000e+00	1.831110568559831536e-02	0.000000000000000000e+00
-2.996368000000000029e+04	0.000000000000000000e+00	0.000000000000000000e+00	1.190221869563890499e-02	0.000000000000000000e+00
-2.996365999999999985e+04	0.000000000000000000e+00	0.000000000000000000e+00	1.342814416943876460e-02	0.000000000000000000e+00
-2.996363999999999942e+04	0.000000000000000000e+00	0.000000000000000000e+00	1.495406964323862421e-02	0.000000000000000000e+00
-2.996361000000000058e+04	0.000000000000000000e+00	0.000000000000000000e+00	2.441480758079775382e-02	0.000000000000000000e+00
-2.996358000000000175e+04	0.000000000000000000e+00	0.000000000000000000e+00	1.831110568559831536e-02	0.000000000000000000e+00
-2.996356000000000131e+04	0.000000000000000000e+00	0.000000000000000000e+00	9.765923032319101527e-03	0.000000000000000000e+00
-2.996354000000000087e+04	0.000000000000000000e+00	0.000000000000000000e+00	2.533036286507767132e-02	0.000000000000000000e+00
-2.996350999999999840e+04	0.000000000000000000e+00	0.000000000000000000e+00	2.471999267555772747e-02	0.000000000000000000e+00
-2.996347999999999956e+04	0.000000000000000000e+00	0.000000000000000000e+00	2.594073305459761516e-02	0.000000000000000000e+00
-2.996345000000000073e+04	0.000000000000000000e+00	0.000000000000000000e+00	1.129184850611896114e-02	0.000000000000000000e+00
-2.996343000000000029e+04	0.000000000000000000e+00	0.000000000000000000e+00	1.098666341135898922e-02	0.000000000000000000e+00
-2.996340000000000146e+04	0.000000000000000000e+00	0.000000000000000000e+00	1.922666096987823287e-02	0.000000000000000000e+00
-2.996336999999999898e+04	0.000000000000000000e+00	0.000000000000000000e+00	2.197332682271797843e-02	0.000000000000000000e+00
-2.996334000000000015e+04	0.000000000000000000e+00	0.000000000000000000e+00	2.716147343363750286e-02	0.000000000000000000e+00
-2.996331999999999971e+04	0.000000000000000000e+00	0.000000000000000000e+00	2.716147343363750286e-02	0.000000000000000000e+00
-2.996329999999999927e+04	0.000000000000000000e+00	0.000000000000000000e+00	2.410962248603778363e-02	0.000000000000000000e+00
-2.996329000000000087e+04	0.000000000000000000e+00	0.000000000000000000e+00	1.220740379039887691e-02	0.000000000000000000e+00
-2.996325999999999840e+04	0.000000000000000000e+00	0.000000000000000000e+00	3.295999023407696765e-02	0.000000000000000000e+00
-2.996322999999999956e+04	0.000000000000000000e+00	0.000000000000000000e+00	2.288888210699789594e-02	0.000000000000000000e+00
-2.996320000000000073e+04	0.000000000000000000e+00	0.000000000000000000e+00	1.464888454847865229e-02	0.000000000000000000e+00
-2.996316999999999825e+04	0.000000000000000000e+00	0.000000000000000000e+00	2.044740134891812056e-02	0.000000000000000000e+00
-2.996315000000000146e+04	0.000000000000000000e+00	0.000000000000000000e+00	2.105777153843806440e-02	0.000000000000000000e+00
-2.996313999999999942e+04	0.000000000000000000e+00	0.000000000000000000e+00	1.495406964323862421e-02	0.000000000000000000e+00
-2.996311999999999898e+04	0.000000000000000000e+00	0.000000000000000000e+00	1.922666096987823287e-02	0.000000000000000000e+00
-2.996309000000000015e+04	0.000000000000000000e+00	0.000000000000000000e+00	1.434369945371868037e-02	0.000000000000000000e+00
-2.996306999999999971e+04	0.000000000000000000e+00	0.000000000000000000e+00	1.464888454847865229e-02	0.000000000000000000e+00
-2.996304000000000087e+04	0.000000000000000000e+00	0.000000000000000000e+00	4.303109836115603937e-02	0.000000000000000000e+00
-2.996300999999999840e+04	0.000000000000000000e+00	0.000000000000000000e+00	2.533036286507767132e-02	0.000000000000000000e+00
-2.996299000000000160e+04	0.000000000000000000e+00	0.000000000000000000e+00	7.629627368999298068e-03	0.000000000000000000e+00
-2.996295000000000073e+04	0.000000000000000000e+00	0.000000000000000000e+00	2.624591814935758535e-02	0.000000000000000000e+00
-2.996293000000000029e+04	0.000000000000000000e+00	0.000000000000000000e+00	2.441480758079775382e-02	0.000000000000000000e+00
-2.996290999999999985e+04	0.000000000000000000e+00	0.000000000000000000e+00	1.464888454847865229e-02	0.000000000000000000e+00
-2.996288000000000102e+04	0.000000000000000000e+00	0.000000000000000000e+00	1.190221869563890499e-02	0.000000000000000000e+00
-2.996284999999999854e+04	0.000000000000000000e+00	0.000000000000000000e+00	1.525925473799859614e-02	0.000000000000000000e+00
-2.996283000000000175e+04	0.000000000000000000e+00	0.000000000000000000e+00	1.098666341135898922e-02	0.000000000000000000e+00
-2.996281000000000131e+04	0.000000000000000000e+00	0.000000000000000000e+00	1.312295907467879268e-02	0.000000000000000000e+00
-2.996277000000000044e+04	0.000000000000000000e+00	0.000000000000000000e+00	1.342814416943876460e-02	0.000000000000000000e+00
-2.996274000000000160e+04	0.000000000000000000e+00	0.000000000000000000e+00	1.678518021179845748e-02	0.000000000000000000e+00
-2.996272000000000116e+04	0.000000000000000000e+00	0.000000000000000000e+00	1.403851435895870844e-02	0.000000000000000000e+00
-2.996270000000000073e+04	0.000000000000000000e+00	0.000000000000000000e+00	1.068147831659901729e-02	0.000000000000000000e+00
-2.996266999999999825e+04	0.000000000000000000e+00	0.000000000000000000e+00	2.136295663319803459e-02	0.000000000000000000e+00
-2.996261999999999898e+04	0.000000000000000000e+00	0.000000000000000000e+00	1.586962492751853998e-02	0.000000000000000000e+00
-2.996259000000000015e+04	0.000000000000000000e+00	0.000000000000000000e+00	1.770073549607837152e-02	0.000000000000000000e+00
-2.996258000000000175e+04	0.000000000000000000e+00	0.000000000000000000e+00	1.495406964323862421e-02	0.000000000000000000e+00
-2.996256999999999971e+04	0.000000000000000000e+00	0.000000000000000000e+00	1.647999511703848383e-02	0.000000000000000000e+00
-2.996256000000000131e+04	0.000000000000000000e+00	0.000000000000000000e+00	1.739555040131840133e-02	0.000000000000000000e+00
-2.996252999999999884e+04	0.000000000000000000e+00	0.000000000000000000e+00	1.770073549607837152e-02	0.000000000000000000e+00
-2.996250000000000000e+04	0.000000000000000000e+00	0.000000000000000000e+00	1.953184606463820305e-02	0.000000000000000000e+00
-2.996247000000000116e+04	0.000000000000000000e+00	0.000000000000000000e+00	1.647999511703848383e-02	0.000000000000000000e+00
-2.996243999999999869e+04	0.000000000000000000e+00	0.000000000000000000e+00	1.464888454847865229e-02	0.000000000000000000e+00
-2.996241999999999825e+04	0.000000000000000000e+00	0.000000000000000000e+00	1.495406964323862421e-02	0.000000000000000000e+00
-2.996240000000000146e+04	0.000000000000000000e+00	0.000000000000000000e+00	1.007110812707907345e-02	0.000000000000000000e+00
-2.996238000000000102e+04	0.000000000000000000e+00	0.000000000000000000e+00	1.709036530655842767e-02	0.000000000000000000e+00
-2.996234999999999854e+04	0.000000000000000000e+00	0.000000000000000000e+00	1.403851435895870844e-02	0.000000000000000000e+00
-2.996231999999999971e+04	0.000000000000000000e+00	0.000000000000000000e+00	2.288888210699789594e-02	0.000000000000000000e+00
-2.996229000000000087e+04	0.000000000000000000e+00	0.000000000000000000e+00	2.533036286507767132e-02	0.000000000000000000e+00
-2.996227999999999884e+04	0.000000000000000000e+00	0.000000000000000000e+00	2.044740134891812056e-02	0.000000000000000000e+00
-2.996225999999999840e+04	0.000000000000000000e+00	0.000000000000000000e+00	2.014221625415814690e-02	0.000000000000000000e+00
-2.996224000000000160e+04	0.000000000000000000e+00	0.000000000000000000e+00	1.953184606463820305e-02	0.000000000000000000e+00
-2.996222000000000116e+04	0.000000000000000000e+00	0.000000000000000000e+00	1.312295907467879268e-02	0.000000000000000000e+00
-2.996220000000000073e+04	0.000000000000000000e+00	0.000000000000000000e+00	1.251258888515884883e-02	0.000000000000000000e+00
-2.996216999999999825e+04	0.000000000000000000e+00	0.000000000000000000e+00	2.166814172795800825e-02	0.000000000000000000e+00
-2.996215000000000146e+04	0.000000000000000000e+00	0.000000000000000000e+00	1.647999511703848383e-02	0.000000000000000000e+00
-2.996213000000000102e+04	0.000000000000000000e+00	0.000000000000000000e+00	2.166814172795800825e-02	0.000000000000000000e+00
-2.996211000000000058e+04	0.000000000000000000e+00	0.000000000000000000e+00	1.647999511703848383e-02	0.000000000000000000e+00
-2.996209000000000015e+04	0.000000000000000000e+00	0.000000000000000000e+00	1.709036530655842767e-02	0.000000000000000000e+00
-2.996206000000000131e+04	0.000000000000000000e+00	0.000000000000000000e+00	1.983703115939817671e-02	0.000000000000000000e+00
-2.996204000000000087e+04	0.000000000000000000e+00	0.000000000000000000e+00	1.709036530655842767e-02	0.000000000000000000e+00
-2.996202999999999884e+04	0.000000000000000000e+00	0.000000000000000000e+00	1.770073549607837152e-02	0.000000000000000000e+00
-2.996200000000000000e+04	0.000000000000000000e+00	0.000000000000000000e+00	1.739555040131840133e-02	0.000000000000000000e+00
-2.996197999999999956e+04	0.000000000000000000e+00	0.000000000000000000e+00	2.197332682271797843e-02	0.000000000000000000e+00
-2.996195999999999913e+04	0.000000000000000000e+00	0.000000000000000000e+00	1.770073549607837152e-02	0.000000000000000000e+00
-2.996193999999999869e+04	0.000000000000000000e+00	0.000000000000000000e+00	1.831110568559831536e-02	0.000000000000000000e+00
-2.996191999999999825e+04	0.000000000000000000e+00	0.000000000000000000e+00	1.464888454847865229e-02	0.000000000000000000e+00
-2.996188000000000102e+04	0.000000000000000000e+00	0.000000000000000000e+00	1.831110568559831536e-02	0.000000000000000000e+00
-2.996184000000000015e+04	0.000000000000000000e+00	0.000000000000000000e+00	1.464888454847865229e-02	0.000000000000000000e+00
-2.996181999999999971e+04	0.000000000000000000e+00	0.000000000000000000e+00	2.380443739127780997e-02	0.000000000000000000e+00
-2.996181000000000131e+04	0.000000000000000000e+00	0.000000000000000000e+00	2.105777153843806440e-02	0.000000000000000000e+00
-2.996177999999999884e+04	0.000000000000000000e+00	0.000000000000000000e+00	5.188146610919522686e-03	0.000000000000000000e+00
-2.996174000000000160e+04	0.000000000000000000e+00	0.000000000000000000e+00	1.586962492751853998e-02	0.000000000000000000e+00
-2.996170999999999913e+04	0.000000000000000000e+00	0.000000000000000000e+00	1.007110812707907345e-02	0.000000000000000000e+00
-2.996170000000000073e+04	0.000000000000000000e+00	0.000000000000000000e+00	1.709036530655842767e-02	0.000000000000000000e+00
-2.996166999999999825e+04	0.000000000000000000e+00	0.000000000000000000e+00	9.460737937559129604e-03	0.000000000000000000e+00
-2.996165000000000146e+04	0.000000000000000000e+00	0.000000000000000000e+00	1.007110812707907345e-02	0.000000000000000000e+00
-2.996161999999999898e+04	0.000000000000000000e+00	0.000000000000000000e+00	8.545182653279213836e-03	0.000000000000000000e+00
-2.996159000000000015e+04	0.000000000000000000e+00	0.000000000000000000e+00	7.019257179479354222e-03	0.000000000000000000e+00
-2.996156999999999971e+04	0.000000000000000000e+00	0.000000000000000000e+00	1.495406964323862421e-02	0.000000000000000000e+00
-2.996154999999999927e+04	0.000000000000000000e+00	0.000000000000000000e+00	2.258369701223792228e-02	0.000000000000000000e+00
-2.996152000000000044e+04	0.000000000000000000e+00	0.000000000000000000e+00	2.227851191747795209e-02	0.000000000000000000e+00
-2.996149000000000160e+04	0.000000000000000000e+00	0.000000000000000000e+00	1.007110812707907345e-02	0.000000000000000000e+00
-2.996147000000000116e+04	0.000000000000000000e+00	0.000000000000000000e+00	1.983703115939817671e-02	0.000000000000000000e+00
-2.996145000000000073e+04	0.000000000000000000e+00	0.000000000000000000e+00	2.594073305459761516e-02	0.000000000000000000e+00
-2.996143000000000029e+04	0.000000000000000000e+00	0.000000000000000000e+00	2.014221625415814690e-02	0.000000000000000000e+00
-2.996140999999999985e+04	0.000000000000000000e+00	0.000000000000000000e+00	1.190221869563890499e-02	0.000000000000000000e+00
-2.996138000000000102e+04	0.000000000000000000e+00	0.000000000000000000e+00	1.556443983275856806e-02	0.000000000000000000e+00
-2.996136000000000058e+04	0.000000000000000000e+00	0.000000000000000000e+00	1.190221869563890499e-02	0.000000000000000000e+00
-2.996133000000000175e+04	0.000000000000000000e+00	0.000000000000000000e+00	2.807702871791741689e-02	0.000000000000000000e+00
-2.996131000000000131e+04	0.000000000000000000e+00	0.000000000000000000e+00	1.190221869563890499e-02	0.000000000000000000e+00
-2.996127999999999884e+04	0.000000000000000000e+00	0.000000000000000000e+00	1.586962492751853998e-02	0.000000000000000000e+00
-2.996125999999999840e+04	0.000000000000000000e+00	0.000000000000000000e+00	1.342814416943876460e-02	0.000000000000000000e+00
-2.996122999999999956e+04	0.000000000000000000e+00	0.000000000000000000e+00	2.166814172795800825e-02	0.000000000000000000e+00
-2.996120999999999913e+04	0.000000000000000000e+00	0.000000000000000000e+00	2.594073305459761516e-02	0.000000000000000000e+00
-2.996118000000000029e+04	0.000000000000000000e+00	0.000000000000000000e+00	1.007110812707907345e-02	0.000000000000000000e+00
-2.996115999999999985e+04	0.000000000000000000e+00	0.000000000000000000e+00	1.953184606463820305e-02	0.000000000000000000e+00
-2.996113000000000102e+04	0.000000000000000000e+00	0.000000000000000000e+00	1.525925473799859614e-02	0.000000000000000000e+00
