# Profile: 016
# Date: 2026-08-03 14:00:10
# Center X: -24962.750 um
# Center Z: -29982.790 um
# Scan axis: x2
# Profile axis: z2
# Profile range: 50 um
# Profile speed: 25 um/s
# 
# main_position	sub1_position	sub2_position	signal1	signal2
0.000000000000000000e+00	0.000000000000000000e+00	0.000000000000000000e+00	0.000000000000000000e+00	0.000000000000000000e+00
0.000000000000000000e+00	0.000000000000000000e+00	0.000000000000000000e+00	0.000000000000000000e+00	0.000000000000000000e+00
0.000000000000000000e+00	0.000000000000000000e+00	0.000000000000000000e+00	0.000000000000000000e+00	0.000000000000000000e+00
0.000000000000000000e+00	0.000000000000000000e+00	0.000000000000000000e+00	0.000000000000000000e+00	0.000000000000000000e+00
0.000000000000000000e+00	0.000000000000000000e+00	0.000000000000000000e+00	0.000000000000000000e+00	0.000000000000000000e+00
0.000000000000000000e+00	0.000000000000000000e+00	0.000000000000000000e+00	0.000000000000000000e+00	0.000000000000000000e+00
0.000000000000000000e+00	0.000000000000000000e+00	0.000000000000000000e+00	0.000000000000000000e+00	0.000000000000000000e+00
0.000000000000000000e+00	0.000000000000000000e+00	0.000000000000000000e+00	0.000000000000000000e+00	0.000000000000000000e+00
0.000000000000000000e+00	0.000000000000000000e+00	0.000000000000000000e+00	0.000000000000000000e+00	0.000000000000000000e+00
0.000000000000000000e+00	0.000000000000000000e+00	0.000000000000000000e+00	0.000000000000000000e+00	0.000000000000000000e+00
0.000000000000000000e+00	0.000000000000000000e+00	0.000000000000000000e+00	0.000000000000000000e+00	0.000000000000000000e+00
0.000000000000000000e+00	0.000000000000000000e+00	0.000000000000000000e+00	0.000000000000000000e+00	0.000000000000000000e+00
0.000000000000000000e+00	0.000000000000000000e+00	0.000000000000000000e+00	0.000000000000000000e+00	0.000000000000000000e+00
0.000000000000000000e+00	0.000000000000000000e+00	0.000000000000000000e+00	0.000000000000000000e+00	0.000000000000000000e+00
0.000000000000000000e+00	0.000000000000000000e+00	0.000000000000000000e+00	0.000000000000000000e+00	0.000000000000000000e+00
0.000000000000000000e+00	0.000000000000000000e+00	0.000000000000000000e+00	0.000000000000000000e+00	0.000000000000000000e+00
0.000000000000000000e+00	0.000000000000000000e+00	0.000000000000000000e+00	0.000000000000000000e+00	0.000000000000000000e+00
0.000000000000000000e+00	0.000000000000000000e+00	0.000000000000000000e+00	0.000000000000000000e+00	0.000000000000000000e+00
0.000000000000000000e+00	0.000000000000000000e+00	0.000000000000000000e+00	0.000000000000000000e+00	0.000000000000000000e+00
0.000000000000000000e+00	0.000000000000000000e+00	0.000000000000000000e+00	0.000000000000000000e+00	0.000000000000000000e+00
0.000000000000000000e+00	0.000000000000000000e+00	0.000000000000000000e+00	0.000000000000000000e+00	0.000000000000000000e+00
0.000000000000000000e+00	0.000000000000000000e+00	0.000000000000000000e+00	0.000000000000000000e+00	0.000000000000000000e+00
0.000000000000000000e+00	0.000000000000000000e+00	0.000000000000000000e+00	0.000000000000000000e+00	0.000000000000000000e+00
0.000000000000000000e+00	0.000000000000000000e+00	0.000000000000000000e+00	0.000000000000000000e+00	0.000000000000000000e+00
0.000000000000000000e+00	0.000000000000000000e+00	0.000000000000000000e+00	0.000000000000000000e+00	0.000000000000000000e+00
0.000000000000000000e+00	0.000000000000000000e+00	0.000000000000000000e+00	0.000000000000000000e+00	0.000000000000000000e+00
0.000000000000000000e+00	0.000000000000000000e+00	0.000000000000000000e+00	0.000000000000000000e+00	0.000000000000000000e+00
0.000000000000000000e+00	0.000000000000000000e+00	0.000000000000000000e+00	0.000000000000000000e+00	0.000000000000000000e+00
0.000000000000000000e+00	0.000000000000000000e+00	0.000000000000000000e+00	0.000000000000000000e+00	0.000000000000000000e+00
0.000000000000000000e+00	0.000000000000000000e+00	0.000000000000000000e+00	0.000000000000000000e+00	0.000000000000000000e+00
0.000000000000000000e+00	0.000000000000000000e+00	0.000000000000000000e+00	0.000000000000000000e+00	0.000000000000000000e+00
0.000000000000000000e+00	0.000000000000000000e+00	0.000000000000000000e+00	0.000000000000000000e+00	0.000000000000000000e+00
0.000000000000000000e+00	0.000000000000000000e+00	0.000000000000000000e+00	0.000000000000000000e+00	0.000000000000000000e+00
0.000000000000000000e+00	0.000000000000000000e+00	0.000000000000000000e+00	0.000000000000000000e+00	0.000000000000000000e+00
0.000000000000000000e+00	0.000000000000000000e+00	0.000000000000000000e+00	0.000000000000000000e+00	0.000000000000000000e+00
0.000000000000000000e+00	0.000000000000000000e+00	0.000000000000000000e+00	0.000000000000000000e+00	0.000000000000000000e+00
0.000000000000000000e+00	0.000000000000000000e+00	0.000000000000000000e+00	0.000000000000000000e+00	0.000000000000000000e+00
0.000000000000000000e+00	0.000000000000000000e+00	0.000000000000000000e+00	0.000000000000000000e+00	0.000000000000000000e+00
0.000000000000000000e+00	0.000000000000000000e+00	0.000000000000000000e+00	0.000000000000000000e+00	0.000000000000000000e+00
0.000000000000000000e+00	0.000000000000000000e+00	0.000000000000000000e+00	0.000000000000000000e+00	0.000000000000000000e+00
0.000000000000000000e+00	0.000000000000000000e+00	0.000000000000000000e+00	0.000000000000000000e+00	0.000000000000000000e+00
0.000000000000000000e+00	0.000000000000000000e+00	0.000000000000000000e+00	0.000000000000000000e+00	0.000000000000000000e+00
0.000000000000000000e+00	0.000000000000000000e+00	0.000000000000000000e+00	0.000000000000000000e+00	0.000000000000000000e+00
0.000000000000000000e+00	0.000000000000000000e+00	0.000000000000000000e+00	0.000000000000000000e+00	0.000000000000000000e+00
0.000000000000000000e+00	0.000000000000000000e+00	0.000000000000000000e+00	0.000000000000000000e+00	0.000000000000000000e+00
0.000000000000000000e+00	0.000000000000000000e+00	0.000000000000000000e+00	0.000000000000000000e+00	0.000000000000000000e+00
0.000000000000000000e+00	0.000000000000000000e+00	0.000000000000000000e+00	0.000000000000000000e+00	0.000000000000000000e+00
0.000000000000000000e+00	0.000000000000000000e+00	0.000000000000000000e+00	0.000000000000000000e+00	0.000000000000000000e+00
0.000000000000000000e+00	0.000000000000000000e+00	0.000000000000000000e+00	0.000000000000000000e+00	0.000000000000000000e+00
0.000000000000000000e+00	0.000000000000000000e+00	0.000000000000000000e+00	0.000000000000000000e+00	0.000000000000000000e+00
0.000000000000000000e+00	0.000000000000000000e+00	0.000000000000000000e+00	0.000000000000000000e+00	0.000000000000000000e+00
0.000000000000000000e+00	0.000000000000000000e+00	0.000000000000000000e+00	0.000000000000000000e+00	0.000000000000000000e+00
0.000000000000000000e+00	0.000000000000000000e+00	0.000000000000000000e+00	0.000000000000000000e+00	0.000000000000000000e+00
0.000000000000000000e+00	0.000000000000000000e+00	0.000000000000000000e+00	0.000000000000000000e+00	0.000000000000000000e+00
0.000000000000000000e+00	0.000000000000000000e+00	0.000000000000000000e+00	0.000000000000000000e+00	0.000000000000000000e+00
0.000000000000000000e+00	0.000000000000000000e+00	0.000000000000000000e+00	0.000000000000000000e+00	0.000000000000000000e+00
0.000000000000000000e+00	0.000000000000000000e+00	0.000000000000000000e+00	0.000000000000000000e+00	0.000000000000000000e+00
0.000000000000000000e+00	0.000000000000000000e+00	0.000000000000000000e+00	0.000000000000000000e+00	0.000000000000000000e+00
0.000000000000000000e+00	0.000000000000000000e+00	0.000000000000000000e+00	0.000000000000000000e+00	0.000000000000000000e+00
0.000000000000000000e+00	0.000000000000000000e+00	0.000000000000000000e+00	0.000000000000000000e+00	0.000000000000000000e+00
0.000000000000000000e+00	0.000000000000000000e+00	0.000000000000000000e+00	0.000000000000000000e+00	0.000000000000000000e+00
0.000000000000000000e+00	0.000000000000000000e+00	0.000000000000000000e+00	0.000000000000000000e+00	0.000000000000000000e+00
0.000000000000000000e+00	0.000000000000000000e+00	0.000000000000000000e+00	0.000000000000000000e+00	0.000000000000000000e+00
0.000000000000000000e+00	0.000000000000000000e+00	0.000000000000000000e+00	0.000000000000000000e+00	0.000000000000000000e+00
0.000000000000000000e+00	0.000000000000000000e+00	0.000000000000000000e+00	0.000000000000000000e+00	0.000000000000000000e+00
0.000000000000000000e+00	0.000000000000000000e+00	0.000000000000000000e+00	0.000000000000000000e+00	0.000000000000000000e+00
0.000000000000000000e+00	0.000000000000000000e+00	0.000000000000000000e+00	0.000000000000000000e+00	0.000000000000000000e+00
0.000000000000000000e+00	0.000000000000000000e+00	0.000000000000000000e+00	0.000000000000000000e+00	0.000000000000000000e+00
0.000000000000000000e+00	0.000000000000000000e+00	0.000000000000000000e+00	0.000000000000000000e+00	0.000000000000000000e+00
0.000000000000000000e+00	0.000000000000000000e+00	0.000000000000000000e+00	0.000000000000000000e+00	0.000000000000000000e+00
0.000000000000000000e+00	0.000000000000000000e+00	0.000000000000000000e+00	0.000000000000000000e+00	0.000000000000000000e+00
0.000000000000000000e+00	0.000000000000000000e+00	0.000000000000000000e+00	0.000000000000000000e+00	0.000000000000000000e+00
0.000000000000000000e+00	0.000000000000000000e+00	0.000000000000000000e+00	0.000000000000000000e+00	0.000000000000000000e+00
0.000000000000000000e+00	0.000000000000000000e+00	0.000000000000000000e+00	0.000000000000000000e+00	0.000000000000000000e+00
0.000000000000000000e+00	0.000000000000000000e+00	0.000000000000000000e+00	0.000000000000000000e+00	0.000000000000000000e+00
0.000000000000000000e+00	0.000000000000000000e+00	0.000000000000000000e+00	0.000000000000000000e+00	0.000000000000000000e+00
0.000000000000000000e+00	0.000000000000000000e+00	0.000000000000000000e+00	0.000000000000000000e+00	0.000000000000000000e+00
0.000000000000000000e+00	0.000000000000000000e+00	0.000000000000000000e+00	0.000000000000000000e+00	0.000000000000000000e+00
0.000000000000000000e+00	0.000000000000000000e+00	0.000000000000000000e+00	0.000000000000000000e+00	0.000000000000000000e+00
0.000000000000000000e+00	0.000000000000000000e+00	0.000000000000000000e+00	0.000000000000000000e+00	0.000000000000000000e+00
0.000000000000000000e+00	0.000000000000000000e+00	0.000000000000000000e+00	0.000000000000000000e+00	0.000000000000000000e+00
0.000000000000000000e+00	0.000000000000000000e+00	0.000000000000000000e+00	0.000000000000000000e+00	0.000000000000000000e+00
0.000000000000000000e+00	0.000000000000000000e+00	0.000000000000000000e+00	0.000000000000000000e+00	0.000000000000000000e+00
0.000000000000000000e+00	0.000000000000000000e+00	0.000000000000000000e+00	0.000000000000000000e+00	0.000000000000000000e+00
0.000000000000000000e+00	0.000000000000000000e+00	0.000000000000000000e+00	0.000000000000000000e+00	0.000000000000000000e+00
0.000000000000000000e+00	0.000000000000000000e+00	0.000000000000000000e+00	0.000000000000000000e+00	0.000000000000000000e+00
0.000000000000000000e+00	0.000000000000000000e+00	0.000000000000000000e+00	0.000000000000000000e+00	0.000000000000000000e+00
0.000000000000000000e+00	0.000000000000000000e+00	0.000000000000000000e+00	0.000000000000000000e+00	0.000000000000000000e+00
0.000000000000000000e+00	0.000000000000000000e+00	0.000000000000000000e+00	0.000000000000000000e+00	0.000000000000000000e+00
0.000000000000000000e+00	0.000000000000000000e+00	0.000000000000000000e+00	0.000000000000000000e+00	0.000000000000000000e+00
0.000000000000000000e+00	0.000000000000000000e+00	0.000000000000000000e+00	0.000000000000000000e+00	0.000000000000000000e+00
0.000000000000000000e+00	0.000000000000000000e+00	0.000000000000000000e+00	0.000000000000000000e+00	0.000000000000000000e+00
0.000000000000000000e+00	0.000000000000000000e+00	0.000000000000000000e+00	0.000000000000000000e+00	0.000000000000000000e+00
0.000000000000000000e+00	0.000000000000000000e+00	0.000000000000000000e+00	0.000000000000000000e+00	0.000000000000000000e+00
0.000000000000000000e+00	0.000000000000000000e+00	0.000000000000000000e+00	0.000000000000000000e+00	0.000000000000000000e+00
0.000000000000000000e+00	0.000000000000000000e+00	0.000000000000000000e+00	0.000000000000000000e+00	0.000000000000000000e+00
0.000000000000000000e+00	0.000000000000000000e+00	0.000000000000000000e+00	0.000000000000000000e+00	0.000000000000000000e+00
0.000000000000000000e+00	0.000000000000000000e+00	0.000000000000000000e+00	0.000000000000000000e+00	0.000000000000000000e+00
0.000000000000000000e+00	0.000000000000000000e+00	0.000000000000000000e+00	0.000000000000000000e+00	0.000000000000000000e+00
0.000000000000000000e+00	0.000000000000000000e+00	0.000000000000000000e+00	0.000000000000000000e+00	0.000000000000000000e+00
0.000000000000000000e+00	0.000000000000000000e+00	0.000000000000000000e+00	0.000000000000000000e+00	0.000000000000000000e+00
0.000000000000000000e+00	0.000000000000000000e+00	0.000000000000000000e+00	0.000000000000000000e+00	0.000000000000000000e+00
0.000000000000000000e+00	0.000000000000000000e+00	0.000000000000000000e+00	0.000000000000000000e+00	0.000000000000000000e+00
0.000000000000000000e+00	0.000000000000000000e+00	0.000000000000000000e+00	0.000000000000000000e+00	0.000000000000000000e+00
0.000000000000000000e+00	0.000000000000000000e+00	0.000000000000000000e+00	0.000000000000000000e+00	0.000000000000000000e+00
0.000000000000000000e+00	0.000000000000000000e+00	0.000000000000000000e+00	0.000000000000000000e+00	0.000000000000000000e+00
0.000000000000000000e+00	0.000000000000000000e+00	0.000000000000000000e+00	0.000000000000000000e+00	0.000000000000000000e+00
0.000000000000000000e+00	0.000000000000000000e+00	0.000000000000000000e+00	0.000000000000000000e+00	0.000000000000000000e+00
0.000000000000000000e+00	0.000000000000000000e+00	0.000000000000000000e+00	0.000000000000000000e+00	0.000000000000000000e+00
0.000000000000000000e+00	0.000000000000000000e+00	0.000000000000000000e+00	0.000000000000000000e+00	0.000000000000000000e+00
0.000000000000000000e+00	0.000000000000000000e+00	0.000000000000000000e+00	0.000000000000000000e+00	0.000000000000000000e+00
0.000000000000000000e+00	0.000000000000000000e+00	0.000000000000000000e+00	0.000000000000000000e+00	0.000000000000000000e+00
0.000000000000000000e+00	0.000000000000000000e+00	0.000000000000000000e+00	0.000000000000000000e+00	0.000000000000000000e+00
0.000000000000000000e+00	0.000000000000000000e+00	0.000000000000000000e+00	0.000000000000000000e+00	0.000000000000000000e+00
0.000000000000000000e+00	0.000000000000000000e+00	0.000000000000000000e+00	0.000000000000000000e+00	0.000000000000000000e+00
0.000000000000000000e+00	0.000000000000000000e+00	0.000000000000000000e+00	0.000000000000000000e+00	0.000000000000000000e+00
0.000000000000000000e+00	0.000000000000000000e+00	0.000000000000000000e+00	0.000000000000000000e+00	0.000000000000000000e+00
0.000000000000000000e+00	0.000000000000000000e+00	0.000000000000000000e+00	0.000000000000000000e+00	0.000000000000000000e+00
0.000000000000000000e+00	0.000000000000000000e+00	0.000000000000000000e+00	0.000000000000000000e+00	0.000000000000000000e+00
0.000000000000000000e+00	0.000000000000000000e+00	0.000000000000000000e+00	0.000000000000000000e+00	0.000000000000000000e+00
0.000000000000000000e+00	0.000000000000000000e+00	0.000000000000000000e+00	0.000000000000000000e+00	0.000000000000000000e+00
0.000000000000000000e+00	0.000000000000000000e+00	0.000000000000000000e+00	0.000000000000000000e+00	0.000000000000000000e+00
0.000000000000000000e+00	0.000000000000000000e+00	0.000000000000000000e+00	0.000000000000000000e+00	0.000000000000000000e+00
0.000000000000000000e+00	0.000000000000000000e+00	0.000000000000000000e+00	0.000000000000000000e+00	0.000000000000000000e+00
0.000000000000000000e+00	0.000000000000000000e+00	0.000000000000000000e+00	0.000000000000000000e+00	0.000000000000000000e+00
0.000000000000000000e+00	0.000000000000000000e+00	0.000000000000000000e+00	0.000000000000000000e+00	0.000000000000000000e+00
0.000000000000000000e+00	0.000000000000000000e+00	0.000000000000000000e+00	0.000000000000000000e+00	0.000000000000000000e+00
0.000000000000000000e+00	0.000000000000000000e+00	0.000000000000000000e+00	0.000000000000000000e+00	0.000000000000000000e+00
0.000000000000000000e+00	0.000000000000000000e+00	0.000000000000000000e+00	0.000000000000000000e+00	0.000000000000000000e+00
0.000000000000000000e+00	0.000000000000000000e+00	0.000000000000000000e+00	0.000000000000000000e+00	0.000000000000000000e+00
0.000000000000000000e+00	0.000000000000000000e+00	0.000000000000000000e+00	0.000000000000000000e+00	0.000000000000000000e+00
0.000000000000000000e+00	0.000000000000000000e+00	0.000000000000000000e+00	0.000000000000000000e+00	0.000000000000000000e+00
0.000000000000000000e+00	0.000000000000000000e+00	0.000000000000000000e+00	0.000000000000000000e+00	0.000000000000000000e+00
0.000000000000000000e+00	0.000000000000000000e+00	0.000000000000000000e+00	0.000000000000000000e+00	0.000000000000000000e+00
0.000000000000000000e+00	0.000000000000000000e+00	0.000000000000000000e+00	0.000000000000000000e+00	0.000000000000000000e+00
0.000000000000000000e+00	0.000000000000000000e+00	0.000000000000000000e+00	0.000000000000000000e+00	0.000000000000000000e+00
0.000000000000000000e+00	0.000000000000000000e+00	0.000000000000000000e+00	0.000000000000000000e+00	0.000000000000000000e+00
0.000000000000000000e+00	0.000000000000000000e+00	0.000000000000000000e+00	0.000000000000000000e+00	0.000000000000000000e+00
0.000000000000000000e+00	0.000000000000000000e+00	0.000000000000000000e+00	0.000000000000000000e+00	0.000000000000000000e+00
0.000000000000000000e+00	0.000000000000000000e+00	0.000000000000000000e+00	0.000000000000000000e+00	0.000000000000000000e+00
0.000000000000000000e+00	0.000000000000000000e+00	0.000000000000000000e+00	0.000000000000000000e+00	0.000000000000000000e+00
0.000000000000000000e+00	0.000000000000000000e+00	0.000000000000000000e+00	0.000000000000000000e+00	0.000000000000000000e+00
0.000000000000000000e+00	0.000000000000000000e+00	0.000000000000000000e+00	0.000000000000000000e+00	0.000000000000000000e+00
0.000000000000000000e+00	0.000000000000000000e+00	0.000000000000000000e+00	0.000000000000000000e+00	0.000000000000000000e+00
0.000000000000000000e+00	0.000000000000000000e+00	0.000000000000000000e+00	0.000000000000000000e+00	0.000000000000000000e+00
0.000000000000000000e+00	0.000000000000000000e+00	0.000000000000000000e+00	0.000000000000000000e+00	0.000000000000000000e+00
0.000000000000000000e+00	0.000000000000000000e+00	0.000000000000000000e+00	0.000000000000000000e+00	0.000000000000000000e+00
0.000000000000000000e+00	0.000000000000000000e+00	0.000000000000000000e+00	0.000000000000000000e+00	0.000000000000000000e+00
0.000000000000000000e+00	0.000000000000000000e+00	0.000000000000000000e+00	0.000000000000000000e+00	0.000000000000000000e+00
0.000000000000000000e+00	0.000000000000000000e+00	0.000000000000000000e+00	0.000000000000000000e+00	0.000000000000000000e+00
0.000000000000000000e+00	0.000000000000000000e+00	0.000000000000000000e+00	0.000000000000000000e+00	0.000000000000000000e+00
0.000000000000000000e+00	0.000000000000000000e+00	0.000000000000000000e+00	0.000000000000000000e+00	0.000000000000000000e+00
0.000000000000000000e+00	0.000000000000000000e+00	0.000000000000000000e+00	0.000000000000000000e+00	0.000000000000000000e+00
0.000000000000000000e+00	0.000000000000000000e+00	0.000000000000000000e+00	0.000000000000000000e+00	0.000000000000000000e+00
0.000000000000000000e+00	0.000000000000000000e+00	0.000000000000000000e+00	0.000000000000000000e+00	0.000000000000000000e+00
0.000000000000000000e+00	0.000000000000000000e+00	0.000000000000000000e+00	0.000000000000000000e+00	0.000000000000000000e+00
0.000000000000000000e+00	0.000000000000000000e+00	0.000000000000000000e+00	0.000000000000000000e+00	0.000000000000000000e+00
0.000000000000000000e+00	0.000000000000000000e+00	0.000000000000000000e+00	0.000000000000000000e+00	0.000000000000000000e+00
0.000000000000000000e+00	0.000000000000000000e+00	0.000000000000000000e+00	0.000000000000000000e+00	0.000000000000000000e+00
0.000000000000000000e+00	0.000000000000000000e+00	0.000000000000000000e+00	0.000000000000000000e+00	0.000000000000000000e+00
0.000000000000000000e+00	0.000000000000000000e+00	0.000000000000000000e+00	0.000000000000000000e+00	0.000000000000000000e+00
0.000000000000000000e+00	0.000000000000000000e+00	0.000000000000000000e+00	0.000000000000000000e+00	0.000000000000000000e+00
0.000000000000000000e+00	0.000000000000000000e+00	0.000000000000000000e+00	0.000000000000000000e+00	0.000000000000000000e+00
0.000000000000000000e+00	0.000000000000000000e+00	0.000000000000000000e+00	0.000000000000000000e+00	0.000000000000000000e+00
0.000000000000000000e+00	0.000000000000000000e+00	0.000000000000000000e+00	0.000000000000000000e+00	0.000000000000000000e+00
0.000000000000000000e+00	0.000000000000000000e+00	0.000000000000000000e+00	0.000000000000000000e+00	0.000000000000000000e+00
0.000000000000000000e+00	0.000000000000000000e+00	0.000000000000000000e+00	0.000000000000000000e+00	0.000000000000000000e+00
0.000000000000000000e+00	0.000000000000000000e+00	0.000000000000000000e+00	0.000000000000000000e+00	0.000000000000000000e+00
0.000000000000000000e+00	0.000000000000000000e+00	0.000000000000000000e+00	0.000000000000000000e+00	0.000000000000000000e+00
0.000000000000000000e+00	0.000000000000000000e+00	0.000000000000000000e+00	0.000000000000000000e+00	0.000000000000000000e+00
0.000000000000000000e+00	0.000000000000000000e+00	0.000000000000000000e+00	0.000000000000000000e+00	0.000000000000000000e+00
0.000000000000000000e+00	0.000000000000000000e+00	0.000000000000000000e+00	0.000000000000000000e+00	0.000000000000000000e+00
0.000000000000000000e+00	0.000000000000000000e+00	0.000000000000000000e+00	0.000000000000000000e+00	0.000000000000000000e+00
0.000000000000000000e+00	0.000000000000000000e+00	0.000000000000000000e+00	0.000000000000000000e+00	0.000000000000000000e+00
0.000000000000000000e+00	0.000000000000000000e+00	0.000000000000000000e+00	0.000000000000000000e+00	0.000000000000000000e+00
0.000000000000000000e+00	0.000000000000000000e+00	0.000000000000000000e+00	0.000000000000000000e+00	0.000000000000000000e+00
0.000000000000000000e+00	0.000000000000000000e+00	0.000000000000000000e+00	0.000000000000000000e+00	0.000000000000000000e+00
0.000000000000000000e+00	0.000000000000000000e+00	0.000000000000000000e+00	0.000000000000000000e+00	0.000000000000000000e+00
0.000000000000000000e+00	0.000000000000000000e+00	0.000000000000000000e+00	0.000000000000000000e+00	0.000000000000000000e+00
0.000000000000000000e+00	0.000000000000000000e+00	0.000000000000000000e+00	0.000000000000000000e+00	0.000000000000000000e+00
0.000000000000000000e+00	0.000000000000000000e+00	0.000000000000000000e+00	0.000000000000000000e+00	0.000000000000000000e+00
0.000000000000000000e+00	0.000000000000000000e+00	0.000000000000000000e+00	0.000000000000000000e+00	0.000000000000000000e+00
0.000000000000000000e+00	0.000000000000000000e+00	0.000000000000000000e+00	0.000000000000000000e+00	0.000000000000000000e+00
0.000000000000000000e+00	0.000000000000000000e+00	0.000000000000000000e+00	0.000000000000000000e+00	0.000000000000000000e+00
0.000000000000000000e+00	0.000000000000000000e+00	0.000000000000000000e+00	0.000000000000000000e+00	0.000000000000000000e+00
0.000000000000000000e+00	0.000000000000000000e+00	0.000000000000000000e+00	0.000000000000000000e+00	0.000000000000000000e+00
0.000000000000000000e+00	0.000000000000000000e+00	0.000000000000000000e+00	0.000000000000000000e+00	0.000000000000000000e+00
0.000000000000000000e+00	0.000000000000000000e+00	0.000000000000000000e+00	0.000000000000000000e+00	0.000000000000000000e+00
0.000000000000000000e+00	0.000000000000000000e+00	0.000000000000000000e+00	0.000000000000000000e+00	0.000000000000000000e+00
0.000000000000000000e+00	0.000000000000000000e+00	0.000000000000000000e+00	0.000000000000000000e+00	0.000000000000000000e+00
0.000000000000000000e+00	0.000000000000000000e+00	0.000000000000000000e+00	0.000000000000000000e+00	0.000000000000000000e+00
0.000000000000000000e+00	0.000000000000000000e+00	0.000000000000000000e+00	0.000000000000000000e+00	0.000000000000000000e+00
0.000000000000000000e+00	0.000000000000000000e+00	0.000000000000000000e+00	0.000000000000000000e+00	0.000000000000000000e+00
0.000000000000000000e+00	0.000000000000000000e+00	0.000000000000000000e+00	0.000000000000000000e+00	0.000000000000000000e+00
0.000000000000000000e+00	0.000000000000000000e+00	0.000000000000000000e+00	0.000000000000000000e+00	0.000000000000000000e+00
0.000000000000000000e+00	0.000000000000000000e+00	0.000000000000000000e+00	0.000000000000000000e+00	0.000000000000000000e+00
0.000000000000000000e+00	0.000000000000000000e+00	0.000000000000000000e+00	0.000000000000000000e+00	0.000000000000000000e+00
0.000000000000000000e+00	0.000000000000000000e+00	0.000000000000000000e+00	0.000000000000000000e+00	0.000000000000000000e+00
0.000000000000000000e+00	0.000000000000000000e+00	0.000000000000000000e+00	0.000000000000000000e+00	0.000000000000000000e+00
0.000000000000000000e+00	0.000000000000000000e+00	0.000000000000000000e+00	0.000000000000000000e+00	0.000000000000000000e+00
0.000000000000000000e+00	0.000000000000000000e+00	0.000000000000000000e+00	0.000000000000000000e+00	0.000000000000000000e+00
0.000000000000000000e+00	0.000000000000000000e+00	0.000000000000000000e+00	0.000000000000000000e+00	0.000000000000000000e+00
0.000000000000000000e+00	0.000000000000000000e+00	0.000000000000000000e+00	0.000000000000000000e+00	0.000000000000000000e+00
0.000000000000000000e+00	0.000000000000000000e+00	0.000000000000000000e+00	0.000000000000000000e+00	0.000000000000000000e+00
0.000000000000000000e+00	0.000000000000000000e+00	0.000000000000000000e+00	0.000000000000000000e+00	0.000000000000000000e+00
0.000000000000000000e+00	0.000000000000000000e+00	0.000000000000000000e+00	0.000000000000000000e+00	0.000000000000000000e+00
0.000000000000000000e+00	0.000000000000000000e+00	0.000000000000000000e+00	0.000000000000000000e+00	0.000000000000000000e+00
0.000000000000000000e+00	0.000000000000000000e+00	0.000000000000000000e+00	0.000000000000000000e+00	0.000000000000000000e+00
0.000000000000000000e+00	0.000000000000000000e+00	0.000000000000000000e+00	0.000000000000000000e+00	0.000000000000000000e+00
0.000000000000000000e+00	0.000000000000000000e+00	0.000000000000000000e+00	0.000000000000000000e+00	0.000000000000000000e+00
0.000000000000000000e+00	0.000000000000000000e+00	0.000000000000000000e+00	0.000000000000000000e+00	0.000000000000000000e+00
0.000000000000000000e+00	0.000000000000000000e+00	0.000000000000000000e+00	0.000000000000000000e+00	0.000000000000000000e+00
0.000000000000000000e+00	0.000000000000000000e+00	0.000000000000000000e+00	0.000000000000000000e+00	0.000000000000000000e+00
0.000000000000000000e+00	0.000000000000000000e+00	0.000000000000000000e+00	0.000000000000000000e+00	0.000000000000000000e+00
0.000000000000000000e+00	0.000000000000000000e+00	0.000000000000000000e+00	0.000000000000000000e+00	0.000000000000000000e+00
0.000000000000000000e+00	0.000000000000000000e+00	0.000000000000000000e+00	0.000000000000000000e+00	0.000000000000000000e+00
0.000000000000000000e+00	0.000000000000000000e+00	0.000000000000000000e+00	0.000000000000000000e+00	0.000000000000000000e+00
0.000000000000000000e+00	0.000000000000000000e+00	0.000000000000000000e+00	0.000000000000000000e+00	0.000000000000000000e+00
0.000000000000000000e+00	0.000000000000000000e+00	0.000000000000000000e+00	0.000000000000000000e+00	0.000000000000000000e+00
0.000000000000000000e+00	0.000000000000000000e+00	0.000000000000000000e+00	0.000000000000000000e+00	0.000000000000000000e+00
0.000000000000000000e+00	0.000000000000000000e+00	0.000000000000000000e+00	0.000000000000000000e+00	0.000000000000000000e+00
0.000000000000000000e+00	0.000000000000000000e+00	0.000000000000000000e+00	0.000000000000000000e+00	0.000000000000000000e+00
0.000000000000000000e+00	0.000000000000000000e+00	0.000000000000000000e+00	0.000000000000000000e+00	0.000000000000000000e+00
0.000000000000000000e+00	0.000000000000000000e+00	0.000000000000000000e+00	0.000000000000000000e+00	0.000000000000000000e+00
0.000000000000000000e+00	0.000000000000000000e+00	0.000000000000000000e+00	0.000000000000000000e+00	0.000000000000000000e+00
0.000000000000000000e+00	0.000000000000000000e+00	0.000000000000000000e+00	0.000000000000000000e+00	0.000000000000000000e+00
0.000000000000000000e+00	0.000000000000000000e+00	0.000000000000000000e+00	0.000000000000000000e+00	0.000000000000000000e+00
0.000000000000000000e+00	0.000000000000000000e+00	0.000000000000000000e+00	0.000000000000000000e+00	0.000000000000000000e+00
0.000000000000000000e+00	0.000000000000000000e+00	0.000000000000000000e+00	0.000000000000000000e+00	0.000000000000000000e+00
0.000000000000000000e+00	0.000000000000000000e+00	0.000000000000000000e+00	0.000000000000000000e+00	0.000000000000000000e+00
0.000000000000000000e+00	0.000000000000000000e+00	0.000000000000000000e+00	0.000000000000000000e+00	0.000000000000000000e+00
0.000000000000000000e+00	0.000000000000000000e+00	0.000000000000000000e+00	0.000000000000000000e+00	0.000000000000000000e+00
0.000000000000000000e+00	0.000000000000000000e+00	0.000000000000000000e+00	0.000000000000000000e+00	0.000000000000000000e+00
0.000000000000000000e+00	0.000000000000000000e+00	0.000000000000000000e+00	0.000000000000000000e+00	0.000000000000000000e+00
0.000000000000000000e+00	0.000000000000000000e+00	0.000000000000000000e+00	0.000000000000000000e+00	0.000000000000000000e+00
0.000000000000000000e+00	0.000000000000000000e+00	0.000000000000000000e+00	0.000000000000000000e+00	0.000000000000000000e+00
0.000000000000000000e+00	0.000000000000000000e+00	0.000000000000000000e+00	0.000000000000000000e+00	0.000000000000000000e+00
0.000000000000000000e+00	0.000000000000000000e+00	0.000000000000000000e+00	0.000000000000000000e+00	0.000000000000000000e+00
0.000000000000000000e+00	0.000000000000000000e+00	0.000000000000000000e+00	0.000000000000000000e+00	0.000000000000000000e+00
0.000000000000000000e+00	0.000000000000000000e+00	0.000000000000000000e+00	0.000000000000000000e+00	0.000000000000000000e+00
0.000000000000000000e+00	0.000000000000000000e+00	0.000000000000000000e+00	0.000000000000000000e+00	0.000000000000000000e+00
0.000000000000000000e+00	0.000000000000000000e+00	0.000000000000000000e+00	0.000000000000000000e+00	0.000000000000000000e+00
0.000000000000000000e+00	0.000000000000000000e+00	0.000000000000000000e+00	0.000000000000000000e+00	0.000000000000000000e+00
0.000000000000000000e+00	0.000000000000000000e+00	0.000000000000000000e+00	0.000000000000000000e+00	0.000000000000000000e+00
0.000000000000000000e+00	0.000000000000000000e+00	0.000000000000000000e+00	0.000000000000000000e+00	0.000000000000000000e+00
0.000000000000000000e+00	0.000000000000000000e+00	0.000000000000000000e+00	0.000000000000000000e+00	0.000000000000000000e+00
0.000000000000000000e+00	0.000000000000000000e+00	0.000000000000000000e+00	0.000000000000000000e+00	0.000000000000000000e+00
0.000000000000000000e+00	0.000000000000000000e+00	0.000000000000000000e+00	0.000000000000000000e+00	0.000000000000000000e+00
0.000000000000000000e+00	0.000000000000000000e+00	0.000000000000000000e+00	0.000000000000000000e+00	0.000000000000000000e+00
0.000000000000000000e+00	0.000000000000000000e+00	0.000000000000000000e+00	0.000000000000000000e+00	0.000000000000000000e+00
0.000000000000000000e+00	0.000000000000000000e+00	0.000000000000000000e+00	0.000000000000000000e+00	0.000000000000000000e+00
0.000000000000000000e+00	0.000000000000000000e+00	0.000000000000000000e+00	0.000000000000000000e+00	0.000000000000000000e+00
0.000000000000000000e+00	0.000000000000000000e+00	0.000000000000000000e+00	0.000000000000000000e+00	0.000000000000000000e+00
0.000000000000000000e+00	0.000000000000000000e+00	0.000000000000000000e+00	0.000000000000000000e+00	0.000000000000000000e+00
0.000000000000000000e+00	0.000000000000000000e+00	0.000000000000000000e+00	0.000000000000000000e+00	0.000000000000000000e+00
0.000000000000000000e+00	0.000000000000000000e+00	0.000000000000000000e+00	0.000000000000000000e+00	0.000000000000000000e+00
0.000000000000000000e+00	0.000000000000000000e+00	0.000000000000000000e+00	0.000000000000000000e+00	0.000000000000000000e+00
0.000000000000000000e+00	0.000000000000000000e+00	0.000000000000000000e+00	0.000000000000000000e+00	0.000000000000000000e+00
0.000000000000000000e+00	0.000000000000000000e+00	0.000000000000000000e+00	0.000000000000000000e+00	0.000000000000000000e+00
0.000000000000000000e+00	0.000000000000000000e+00	0.000000000000000000e+00	0.000000000000000000e+00	0.000000000000000000e+00
0.000000000000000000e+00	0.000000000000000000e+00	0.000000000000000000e+00	0.000000000000000000e+00	0.000000000000000000e+00
0.000000000000000000e+00	0.000000000000000000e+00	0.000000000000000000e+00	0.000000000000000000e+00	0.000000000000000000e+00
0.000000000000000000e+00	0.000000000000000000e+00	0.000000000000000000e+00	0.000000000000000000e+00	0.000000000000000000e+00
0.000000000000000000e+00	0.000000000000000000e+00	0.000000000000000000e+00	0.000000000000000000e+00	0.000000000000000000e+00
0.000000000000000000e+00	0.000000000000000000e+00	0.000000000000000000e+00	0.000000000000000000e+00	0.000000000000000000e+00
0.000000000000000000e+00	0.000000000000000000e+00	0.000000000000000000e+00	0.000000000000000000e+00	0.000000000000000000e+00
0.000000000000000000e+00	0.000000000000000000e+00	0.000000000000000000e+00	0.000000000000000000e+00	0.000000000000000000e+00
0.000000000000000000e+00	0.000000000000000000e+00	0.000000000000000000e+00	0.000000000000000000e+00	0.000000000000000000e+00
0.000000000000000000e+00	0.000000000000000000e+00	0.000000000000000000e+00	0.000000000000000000e+00	0.000000000000000000e+00
0.000000000000000000e+00	0.000000000000000000e+00	0.000000000000000000e+00	0.000000000000000000e+00	0.000000000000000000e+00
0.000000000000000000e+00	0.000000000000000000e+00	0.000000000000000000e+00	0.000000000000000000e+00	0.000000000000000000e+00
0.000000000000000000e+00	0.000000000000000000e+00	0.000000000000000000e+00	0.000000000000000000e+00	0.000000000000000000e+00
0.000000000000000000e+00	0.000000000000000000e+00	0.000000000000000000e+00	0.000000000000000000e+00	0.000000000000000000e+00
0.000000000000000000e+00	0.000000000000000000e+00	0.000000000000000000e+00	0.000000000000000000e+00	0.000000000000000000e+00
0.000000000000000000e+00	0.000000000000000000e+00	0.000000000000000000e+00	0.000000000000000000e+00	0.000000000000000000e+00
0.000000000000000000e+00	0.000000000000000000e+00	0.000000000000000000e+00	0.000000000000000000e+00	0.000000000000000000e+00
0.000000000000000000e+00	0.000000000000000000e+00	0.000000000000000000e+00	0.000000000000000000e+00	0.000000000000000000e+00
0.000000000000000000e+00	0.000000000000000000e+00	0.000000000000000000e+00	0.000000000000000000e+00	0.000000000000000000e+00
0.000000000000000000e+00	0.000000000000000000e+00	0.000000000000000000e+00	0.000000000000000000e+00	0.000000000000000000e+00
0.000000000000000000e+00	0.000000000000000000e+00	0.000000000000000000e+00	0.000000000000000000e+00	0.000000000000000000e+00
0.000000000000000000e+00	0.000000000000000000e+00	0.000000000000000000e+00	0.000000000000000000e+00	0.000000000000000000e+00
0.000000000000000000e+00	0.000000000000000000e+00	0.000000000000000000e+00	0.000000000000000000e+00	0.000000000000000000e+00
0.000000000000000000e+00	0.000000000000000000e+00	0.000000000000000000e+00	0.000000000000000000e+00	0.000000000000000000e+00
0.000000000000000000e+00	0.000000000000000000e+00	0.000000000000000000e+00	0.000000000000000000e+00	0.000000000000000000e+00
0.000000000000000000e+00	0.000000000000000000e+00	0.000000000000000000e+00	0.000000000000000000e+00	0.000000000000000000e+00
0.000000000000000000e+00	0.000000000000000000e+00	0.000000000000000000e+00	0.000000000000000000e+00	0.000000000000000000e+00
0.000000000000000000e+00	0.000000000000000000e+00	0.000000000000000000e+00	0.000000000000000000e+00	0.000000000000000000e+00
0.000000000000000000e+00	0.000000000000000000e+00	0.000000000000000000e+00	0.000000000000000000e+00	0.000000000000000000e+00
0.000000000000000000e+00	0.000000000000000000e+00	0.000000000000000000e+00	0.000000000000000000e+00	0.000000000000000000e+00
0.000000000000000000e+00	0.000000000000000000e+00	0.000000000000000000e+00	0.000000000000000000e+00	0.000000000000000000e+00
0.000000000000000000e+00	0.000000000000000000e+00	0.000000000000000000e+00	0.000000000000000000e+00	0.000000000000000000e+00
0.000000000000000000e+00	0.000000000000000000e+00	0.000000000000000000e+00	0.000000000000000000e+00	0.000000000000000000e+00
0.000000000000000000e+00	0.000000000000000000e+00	0.000000000000000000e+00	0.000000000000000000e+00	0.000000000000000000e+00
0.000000000000000000e+00	0.000000000000000000e+00	0.000000000000000000e+00	0.000000000000000000e+00	0.000000000000000000e+00
0.000000000000000000e+00	0.000000000000000000e+00	0.000000000000000000e+00	0.000000000000000000e+00	0.000000000000000000e+00
0.000000000000000000e+00	0.000000000000000000e+00	0.000000000000000000e+00	0.000000000000000000e+00	0.000000000000000000e+00
0.000000000000000000e+00	0.000000000000000000e+00	0.000000000000000000e+00	0.000000000000000000e+00	0.000000000000000000e+00
0.000000000000000000e+00	0.000000000000000000e+00	0.000000000000000000e+00	0.000000000000000000e+00	0.000000000000000000e+00
0.000000000000000000e+00	0.000000000000000000e+00	0.000000000000000000e+00	0.000000000000000000e+00	0.000000000000000000e+00
0.000000000000000000e+00	0.000000000000000000e+00	0.000000000000000000e+00	0.000000000000000000e+00	0.000000000000000000e+00
0.000000000000000000e+00	0.000000000000000000e+00	0.000000000000000000e+00	0.000000000000000000e+00	0.000000000000000000e+00
0.000000000000000000e+00	0.000000000000000000e+00	0.000000000000000000e+00	0.000000000000000000e+00	0.000000000000000000e+00
0.000000000000000000e+00	0.000000000000000000e+00	0.000000000000000000e+00	0.000000000000000000e+00	0.000000000000000000e+00
0.000000000000000000e+00	0.000000000000000000e+00	0.000000000000000000e+00	0.000000000000000000e+00	0.000000000000000000e+00
0.000000000000000000e+00	0.000000000000000000e+00	0.000000000000000000e+00	0.000000000000000000e+00	0.000000000000000000e+00
0.000000000000000000e+00	0.000000000000000000e+00	0.000000000000000000e+00	0.000000000000000000e+00	0.000000000000000000e+00
0.000000000000000000e+00	0.000000000000000000e+00	0.000000000000000000e+00	0.000000000000000000e+00	0.000000000000000000e+00
0.000000000000000000e+00	0.000000000000000000e+00	0.000000000000000000e+00	0.000000000000000000e+00	0.000000000000000000e+00
0.000000000000000000e+00	0.000000000000000000e+00	0.000000000000000000e+00	0.000000000000000000e+00	0.000000000000000000e+00
0.000000000000000000e+00	0.000000000000000000e+00	0.000000000000000000e+00	0.000000000000000000e+00	0.000000000000000000e+00
0.000000000000000000e+00	0.000000000000000000e+00	0.000000000000000000e+00	0.000000000000000000e+00	0.000000000000000000e+00
0.000000000000000000e+00	0.000000000000000000e+00	0.000000000000000000e+00	0.000000000000000000e+00	0.000000000000000000e+00
0.000000000000000000e+00	0.000000000000000000e+00	0.000000000000000000e+00	0.000000000000000000e+00	0.000000000000000000e+00
0.000000000000000000e+00	0.000000000000000000e+00	0.000000000000000000e+00	0.000000000000000000e+00	0.000000000000000000e+00
0.000000000000000000e+00	0.000000000000000000e+00	0.000000000000000000e+00	0.000000000000000000e+00	0.000000000000000000e+00
0.000000000000000000e+00	0.000000000000000000e+00	0.000000000000000000e+00	0.000000000000000000e+00	0.000000000000000000e+00
0.000000000000000000e+00	0.000000000000000000e+00	0.000000000000000000e+00	0.000000000000000000e+00	0.000000000000000000e+00
0.000000000000000000e+00	0.000000000000000000e+00	0.000000000000000000e+00	0.000000000000000000e+00	0.000000000000000000e+00
0.000000000000000000e+00	0.000000000000000000e+00	0.000000000000000000e+00	0.000000000000000000e+00	0.000000000000000000e+00
0.000000000000000000e+00	0.000000000000000000e+00	0.000000000000000000e+00	0.000000000000000000e+00	0.000000000000000000e+00
0.000000000000000000e+00	0.000000000000000000e+00	0.000000000000000000e+00	0.000000000000000000e+00	0.000000000000000000e+00
0.000000000000000000e+00	0.000000000000000000e+00	0.000000000000000000e+00	0.000000000000000000e+00	0.000000000000000000e+00
0.000000000000000000e+00	0.000000000000000000e+00	0.000000000000000000e+00	0.000000000000000000e+00	0.000000000000000000e+00
0.000000000000000000e+00	0.000000000000000000e+00	0.000000000000000000e+00	0.000000000000000000e+00	0.000000000000000000e+00
0.000000000000000000e+00	0.000000000000000000e+00	0.000000000000000000e+00	0.000000000000000000e+00	0.000000000000000000e+00
0.000000000000000000e+00	0.000000000000000000e+00	0.000000000000000000e+00	0.000000000000000000e+00	0.000000000000000000e+00
0.000000000000000000e+00	0.000000000000000000e+00	0.000000000000000000e+00	0.000000000000000000e+00	0.000000000000000000e+00
0.000000000000000000e+00	0.000000000000000000e+00	0.000000000000000000e+00	0.000000000000000000e+00	0.000000000000000000e+00
0.000000000000000000e+00	0.000000000000000000e+00	0.000000000000000000e+00	0.000000000000000000e+00	0.000000000000000000e+00
0.000000000000000000e+00	0.000000000000000000e+00	0.000000000000000000e+00	0.000000000000000000e+00	0.000000000000000000e+00
0.000000000000000000e+00	0.000000000000000000e+00	0.000000000000000000e+00	0.000000000000000000e+00	0.000000000000000000e+00
0.000000000000000000e+00	0.000000000000000000e+00	0.000000000000000000e+00	0.000000000000000000e+00	0.000000000000000000e+00
0.000000000000000000e+00	0.000000000000000000e+00	0.000000000000000000e+00	0.000000000000000000e+00	0.000000000000000000e+00
0.000000000000000000e+00	0.000000000000000000e+00	0.000000000000000000e+00	0.000000000000000000e+00	0.000000000000000000e+00
0.000000000000000000e+00	0.000000000000000000e+00	0.000000000000000000e+00	0.000000000000000000e+00	0.000000000000000000e+00
0.000000000000000000e+00	0.000000000000000000e+00	0.000000000000000000e+00	0.000000000000000000e+00	0.000000000000000000e+00
0.000000000000000000e+00	0.000000000000000000e+00	0.000000000000000000e+00	0.000000000000000000e+00	0.000000000000000000e+00
0.000000000000000000e+00	0.000000000000000000e+00	0.000000000000000000e+00	0.000000000000000000e+00	0.000000000000000000e+00
0.000000000000000000e+00	0.000000000000000000e+00	0.000000000000000000e+00	0.000000000000000000e+00	0.000000000000000000e+00
0.000000000000000000e+00	0.000000000000000000e+00	0.000000000000000000e+00	0.000000000000000000e+00	0.000000000000000000e+00
0.000000000000000000e+00	0.000000000000000000e+00	0.000000000000000000e+00	0.000000000000000000e+00	0.000000000000000000e+00
0.000000000000000000e+00	0.000000000000000000e+00	0.000000000000000000e+00	0.000000000000000000e+00	0.000000000000000000e+00
0.000000000000000000e+00	0.000000000000000000e+00	0.000000000000000000e+00	0.000000000000000000e+00	0.000000000000000000e+00
0.000000000000000000e+00	0.000000000000000000e+00	0.000000000000000000e+00	0.000000000000000000e+00	0.000000000000000000e+00
0.000000000000000000e+00	0.000000000000000000e+00	0.000000000000000000e+00	0.000000000000000000e+00	0.000000000000000000e+00
0.000000000000000000e+00	0.000000000000000000e+00	0.000000000000000000e+00	0.000000000000000000e+00	0.000000000000000000e+00
0.000000000000000000e+00	0.000000000000000000e+00	0.000000000000000000e+00	0.000000000000000000e+00	0.000000000000000000e+00
0.000000000000000000e+00	0.000000000000000000e+00	0.000000000000000000e+00	0.000000000000000000e+00	0.000000000000000000e+00
0.000000000000000000e+00	0.000000000000000000e+00	0.000000000000000000e+00	0.000000000000000000e+00	0.000000000000000000e+00
0.000000000000000000e+00	0.000000000000000000e+00	0.000000000000000000e+00	0.000000000000000000e+00	0.000000000000000000e+00
0.000000000000000000e+00	0.000000000000000000e+00	0.000000000000000000e+00	0.000000000000000000e+00	0.000000000000000000e+00
0.000000000000000000e+00	0.000000000000000000e+00	0.000000000000000000e+00	0.000000000000000000e+00	0.000000000000000000e+00
0.000000000000000000e+00	0.000000000000000000e+00	0.000000000000000000e+00	0.000000000000000000e+00	0.000000000000000000e+00
0.000000000000000000e+00	0.000000000000000000e+00	0.000000000000000000e+00	0.000000000000000000e+00	0.000000000000000000e+00
0.000000000000000000e+00	0.000000000000000000e+00	0.000000000000000000e+00	0.000000000000000000e+00	0.000000000000000000e+00
0.000000000000000000e+00	0.000000000000000000e+00	0.000000000000000000e+00	0.000000000000000000e+00	0.000000000000000000e+00
0.000000000000000000e+00	0.000000000000000000e+00	0.000000000000000000e+00	0.000000000000000000e+00	0.000000000000000000e+00
0.000000000000000000e+00	0.000000000000000000e+00	0.000000000000000000e+00	0.000000000000000000e+00	0.000000000000000000e+00
0.000000000000000000e+00	0.000000000000000000e+00	0.000000000000000000e+00	0.000000000000000000e+00	0.000000000000000000e+00
0.000000000000000000e+00	0.000000000000000000e+00	0.000000000000000000e+00	0.000000000000000000e+00	0.000000000000000000e+00
0.000000000000000000e+00	0.000000000000000000e+00	0.000000000000000000e+00	0.000000000000000000e+00	0.000000000000000000e+00
0.000000000000000000e+00	0.000000000000000000e+00	0.000000000000000000e+00	0.000000000000000000e+00	0.000000000000000000e+00
0.000000000000000000e+00	0.000000000000000000e+00	0.000000000000000000e+00	0.000000000000000000e+00	0.000000000000000000e+00
0.000000000000000000e+00	0.000000000000000000e+00	0.000000000000000000e+00	0.000000000000000000e+00	0.000000000000000000e+00
0.000000000000000000e+00	0.000000000000000000e+00	0.000000000000000000e+00	0.000000000000000000e+00	0.000000000000000000e+00
0.000000000000000000e+00	0.000000000000000000e+00	0.000000000000000000e+00	0.000000000000000000e+00	0.000000000000000000e+00
0.000000000000000000e+00	0.000000000000000000e+00	0.000000000000000000e+00	0.000000000000000000e+00	0.000000000000000000e+00
0.000000000000000000e+00	0.000000000000000000e+00	0.000000000000000000e+00	0.000000000000000000e+00	0.000000000000000000e+00
0.000000000000000000e+00	0.000000000000000000e+00	0.000000000000000000e+00	0.000000000000000000e+00	0.000000000000000000e+00
0.000000000000000000e+00	0.000000000000000000e+00	0.000000000000000000e+00	0.000000000000000000e+00	0.000000000000000000e+00
0.000000000000000000e+00	0.000000000000000000e+00	0.000000000000000000e+00	0.000000000000000000e+00	0.000000000000000000e+00
0.000000000000000000e+00	0.000000000000000000e+00	0.000000000000000000e+00	0.000000000000000000e+00	0.000000000000000000e+00
0.000000000000000000e+00	0.000000000000000000e+00	0.000000000000000000e+00	0.000000000000000000e+00	0.000000000000000000e+00
0.000000000000000000e+00	0.000000000000000000e+00	0.000000000000000000e+00	0.000000000000000000e+00	0.000000000000000000e+00
0.000000000000000000e+00	0.000000000000000000e+00	0.000000000000000000e+00	0.000000000000000000e+00	0.000000000000000000e+00
0.000000000000000000e+00	0.000000000000000000e+00	0.000000000000000000e+00	0.000000000000000000e+00	0.000000000000000000e+00
0.000000000000000000e+00	0.000000000000000000e+00	0.000000000000000000e+00	0.000000000000000000e+00	0.000000000000000000e+00
0.000000000000000000e+00	0.000000000000000000e+00	0.000000000000000000e+00	0.000000000000000000e+00	0.000000000000000000e+00
0.000000000000000000e+00	0.000000000000000000e+00	0.000000000000000000e+00	0.000000000000000000e+00	0.000000000000000000e+00
0.000000000000000000e+00	0.000000000000000000e+00	0.000000000000000000e+00	0.000000000000000000e+00	0.000000000000000000e+00
0.000000000000000000e+00	0.000000000000000000e+00	0.000000000000000000e+00	0.000000000000000000e+00	0.000000000000000000e+00
0.000000000000000000e+00	0.000000000000000000e+00	0.000000000000000000e+00	0.000000000000000000e+00	0.000000000000000000e+00
0.000000000000000000e+00	0.000000000000000000e+00	0.000000000000000000e+00	0.000000000000000000e+00	0.000000000000000000e+00
0.000000000000000000e+00	0.000000000000000000e+00	0.000000000000000000e+00	0.000000000000000000e+00	0.000000000000000000e+00
0.000000000000000000e+00	0.000000000000000000e+00	0.000000000000000000e+00	0.000000000000000000e+00	0.000000000000000000e+00
0.000000000000000000e+00	0.000000000000000000e+00	0.000000000000000000e+00	0.000000000000000000e+00	0.000000000000000000e+00
0.000000000000000000e+00	0.000000000000000000e+00	0.000000000000000000e+00	0.000000000000000000e+00	0.000000000000000000e+00
0.000000000000000000e+00	0.000000000000000000e+00	0.000000000000000000e+00	0.000000000000000000e+00	0.000000000000000000e+00
0.000000000000000000e+00	0.000000000000000000e+00	0.000000000000000000e+00	0.000000000000000000e+00	0.000000000000000000e+00
0.000000000000000000e+00	0.000000000000000000e+00	0.000000000000000000e+00	0.000000000000000000e+00	0.000000000000000000e+00
0.000000000000000000e+00	0.000000000000000000e+00	0.000000000000000000e+00	0.000000000000000000e+00	0.000000000000000000e+00
0.000000000000000000e+00	0.000000000000000000e+00	0.000000000000000000e+00	0.000000000000000000e+00	0.000000000000000000e+00
0.000000000000000000e+00	0.000000000000000000e+00	0.000000000000000000e+00	0.000000000000000000e+00	0.000000000000000000e+00
0.000000000000000000e+00	0.000000000000000000e+00	0.000000000000000000e+00	0.000000000000000000e+00	0.000000000000000000e+00
0.000000000000000000e+00	0.000000000000000000e+00	0.000000000000000000e+00	0.000000000000000000e+00	0.000000000000000000e+00
0.000000000000000000e+00	0.000000000000000000e+00	0.000000000000000000e+00	0.000000000000000000e+00	0.000000000000000000e+00
0.000000000000000000e+00	0.000000000000000000e+00	0.000000000000000000e+00	0.000000000000000000e+00	0.000000000000000000e+00
0.000000000000000000e+00	0.000000000000000000e+00	0.000000000000000000e+00	0.000000000000000000e+00	0.000000000000000000e+00
0.000000000000000000e+00	0.000000000000000000e+00	0.000000000000000000e+00	0.000000000000000000e+00	0.000000000000000000e+00
0.000000000000000000e+00	0.000000000000000000e+00	0.000000000000000000e+00	0.000000000000000000e+00	0.000000000000000000e+00
0.000000000000000000e+00	0.000000000000000000e+00	0.000000000000000000e+00	0.000000000000000000e+00	0.000000000000000000e+00
0.000000000000000000e+00	0.000000000000000000e+00	0.000000000000000000e+00	0.000000000000000000e+00	0.000000000000000000e+00
0.000000000000000000e+00	0.000000000000000000e+00	0.000000000000000000e+00	0.000000000000000000e+00	0.000000000000000000e+00
0.000000000000000000e+00	0.000000000000000000e+00	0.000000000000000000e+00	0.000000000000000000e+00	0.000000000000000000e+00
0.000000000000000000e+00	0.000000000000000000e+00	0.000000000000000000e+00	0.000000000000000000e+00	0.000000000000000000e+00
0.000000000000000000e+00	0.000000000000000000e+00	0.000000000000000000e+00	0.000000000000000000e+00	0.000000000000000000e+00
0.000000000000000000e+00	0.000000000000000000e+00	0.000000000000000000e+00	0.000000000000000000e+00	0.000000000000000000e+00
0.000000000000000000e+00	0.000000000000000000e+00	0.000000000000000000e+00	0.000000000000000000e+00	0.000000000000000000e+00
0.000000000000000000e+00	0.000000000000000000e+00	0.000000000000000000e+00	0.000000000000000000e+00	0.000000000000000000e+00
0.000000000000000000e+00	0.000000000000000000e+00	0.000000000000000000e+00	0.000000000000000000e+00	0.000000000000000000e+00
0.000000000000000000e+00	0.000000000000000000e+00	0.000000000000000000e+00	0.000000000000000000e+00	0.000000000000000000e+00
0.000000000000000000e+00	0.000000000000000000e+00	0.000000000000000000e+00	0.000000000000000000e+00	0.000000000000000000e+00
0.000000000000000000e+00	0.000000000000000000e+00	0.000000000000000000e+00	0.000000000000000000e+00	0.000000000000000000e+00
0.000000000000000000e+00	0.000000000000000000e+00	0.000000000000000000e+00	0.000000000000000000e+00	0.000000000000000000e+00
0.000000000000000000e+00	0.000000000000000000e+00	0.000000000000000000e+00	0.000000000000000000e+00	0.000000000000000000e+00
0.000000000000000000e+00	0.000000000000000000e+00	0.000000000000000000e+00	0.000000000000000000e+00	0.000000000000000000e+00
0.000000000000000000e+00	0.000000000000000000e+00	0.000000000000000000e+00	0.000000000000000000e+00	0.000000000000000000e+00
0.000000000000000000e+00	0.000000000000000000e+00	0.000000000000000000e+00	0.000000000000000000e+00	0.000000000000000000e+00
0.000000000000000000e+00	0.000000000000000000e+00	0.000000000000000000e+00	0.000000000000000000e+00	0.000000000000000000e+00
0.000000000000000000e+00	0.000000000000000000e+00	0.000000000000000000e+00	0.000000000000000000e+00	0.000000000000000000e+00
0.000000000000000000e+00	0.000000000000000000e+00	0.000000000000000000e+00	0.000000000000000000e+00	0.000000000000000000e+00
0.000000000000000000e+00	0.000000000000000000e+00	0.000000000000000000e+00	0.000000000000000000e+00	0.000000000000000000e+00
0.000000000000000000e+00	0.000000000000000000e+00	0.000000000000000000e+00	0.000000000000000000e+00	0.000000000000000000e+00
0.000000000000000000e+00	0.000000000000000000e+00	0.000000000000000000e+00	0.000000000000000000e+00	0.000000000000000000e+00
0.000000000000000000e+00	0.000000000000000000e+00	0.000000000000000000e+00	0.000000000000000000e+00	0.000000000000000000e+00
0.000000000000000000e+00	0.000000000000000000e+00	0.000000000000000000e+00	0.000000000000000000e+00	0.000000000000000000e+00
0.000000000000000000e+00	0.000000000000000000e+00	0.000000000000000000e+00	0.000000000000000000e+00	0.000000000000000000e+00
0.000000000000000000e+00	0.000000000000000000e+00	0.000000000000000000e+00	0.000000000000000000e+00	0.000000000000000000e+00
0.000000000000000000e+00	0.000000000000000000e+00	0.000000000000000000e+00	0.000000000000000000e+00	0.000000000000000000e+00
0.000000000000000000e+00	0.000000000000000000e+00	0.000000000000000000e+00	0.000000000000000000e+00	0.000000000000000000e+00
0.000000000000000000e+00	0.000000000000000000e+00	0.000000000000000000e+00	0.000000000000000000e+00	0.000000000000000000e+00
0.000000000000000000e+00	0.000000000000000000e+00	0.000000000000000000e+00	0.000000000000000000e+00	0.000000000000000000e+00
0.000000000000000000e+00	0.000000000000000000e+00	0.000000000000000000e+00	0.000000000000000000e+00	0.000000000000000000e+00
0.000000000000000000e+00	0.000000000000000000e+00	0.000000000000000000e+00	0.000000000000000000e+00	0.000000000000000000e+00
0.000000000000000000e+00	0.000000000000000000e+00	0.000000000000000000e+00	0.000000000000000000e+00	0.000000000000000000e+00
0.000000000000000000e+00	0.000000000000000000e+00	0.000000000000000000e+00	0.000000000000000000e+00	0.000000000000000000e+00
0.000000000000000000e+00	0.000000000000000000e+00	0.000000000000000000e+00	0.000000000000000000e+00	0.000000000000000000e+00
0.000000000000000000e+00	0.000000000000000000e+00	0.000000000000000000e+00	0.000000000000000000e+00	0.000000000000000000e+00
0.000000000000000000e+00	0.000000000000000000e+00	0.000000000000000000e+00	0.000000000000000000e+00	0.000000000000000000e+00
0.000000000000000000e+00	0.000000000000000000e+00	0.000000000000000000e+00	0.000000000000000000e+00	0.000000000000000000e+00
0.000000000000000000e+00	0.000000000000000000e+00	0.000000000000000000e+00	0.000000000000000000e+00	0.000000000000000000e+00
0.000000000000000000e+00	0.000000000000000000e+00	0.000000000000000000e+00	0.000000000000000000e+00	0.000000000000000000e+00
0.000000000000000000e+00	0.000000000000000000e+00	0.000000000000000000e+00	0.000000000000000000e+00	0.000000000000000000e+00
0.000000000000000000e+00	0.000000000000000000e+00	0.000000000000000000e+00	0.000000000000000000e+00	0.000000000000000000e+00
0.000000000000000000e+00	0.000000000000000000e+00	0.000000000000000000e+00	0.000000000000000000e+00	0.000000000000000000e+00
0.000000000000000000e+00	0.000000000000000000e+00	0.000000000000000000e+00	0.000000000000000000e+00	0.000000000000000000e+00
0.000000000000000000e+00	0.000000000000000000e+00	0.000000000000000000e+00	0.000000000000000000e+00	0.000000000000000000e+00
0.000000000000000000e+00	0.000000000000000000e+00	0.000000000000000000e+00	0.000000000000000000e+00	0.000000000000000000e+00
0.000000000000000000e+00	0.000000000000000000e+00	0.000000000000000000e+00	0.000000000000000000e+00	0.000000000000000000e+00
0.000000000000000000e+00	0.000000000000000000e+00	0.000000000000000000e+00	0.000000000000000000e+00	0.000000000000000000e+00
0.000000000000000000e+00	0.000000000000000000e+00	0.000000000000000000e+00	0.000000000000000000e+00	0.000000000000000000e+00
0.000000000000000000e+00	0.000000000000000000e+00	0.000000000000000000e+00	0.000000000000000000e+00	0.000000000000000000e+00
0.000000000000000000e+00	0.000000000000000000e+00	0.000000000000000000e+00	0.000000000000000000e+00	0.000000000000000000e+00
0.000000000000000000e+00	0.000000000000000000e+00	0.000000000000000000e+00	0.000000000000000000e+00	0.000000000000000000e+00
0.000000000000000000e+00	0.000000000000000000e+00	0.000000000000000000e+00	0.000000000000000000e+00	0.000000000000000000e+00
0.000000000000000000e+00	0.000000000000000000e+00	0.000000000000000000e+00	0.000000000000000000e+00	0.000000000000000000e+00
0.000000000000000000e+00	0.000000000000000000e+00	0.000000000000000000e+00	0.000000000000000000e+00	0.000000000000000000e+00
0.000000000000000000e+00	0.000000000000000000e+00	0.000000000000000000e+00	0.000000000000000000e+00	0.000000000000000000e+00
0.000000000000000000e+00	0.000000000000000000e+00	0.000000000000000000e+00	0.000000000000000000e+00	0.000000000000000000e+00
0.000000000000000000e+00	0.000000000000000000e+00	0.000000000000000000e+00	0.000000000000000000e+00	0.000000000000000000e+00
0.000000000000000000e+00	0.000000000000000000e+00	0.000000000000000000e+00	0.000000000000000000e+00	0.000000000000000000e+00
0.000000000000000000e+00	0.000000000000000000e+00	0.000000000000000000e+00	0.000000000000000000e+00	0.000000000000000000e+00
0.000000000000000000e+00	0.000000000000000000e+00	0.000000000000000000e+00	0.000000000000000000e+00	0.000000000000000000e+00
0.000000000000000000e+00	0.000000000000000000e+00	0.000000000000000000e+00	0.000000000000000000e+00	0.000000000000000000e+00
0.000000000000000000e+00	0.000000000000000000e+00	0.000000000000000000e+00	0.000000000000000000e+00	0.000000000000000000e+00
0.000000000000000000e+00	0.000000000000000000e+00	0.000000000000000000e+00	0.000000000000000000e+00	0.000000000000000000e+00
0.000000000000000000e+00	0.000000000000000000e+00	0.000000000000000000e+00	0.000000000000000000e+00	0.000000000000000000e+00
0.000000000000000000e+00	0.000000000000000000e+00	0.000000000000000000e+00	0.000000000000000000e+00	0.000000000000000000e+00
0.000000000000000000e+00	0.000000000000000000e+00	0.000000000000000000e+00	0.000000000000000000e+00	0.000000000000000000e+00
0.000000000000000000e+00	0.000000000000000000e+00	0.000000000000000000e+00	0.000000000000000000e+00	0.000000000000000000e+00
0.000000000000000000e+00	0.000000000000000000e+00	0.000000000000000000e+00	0.000000000000000000e+00	0.000000000000000000e+00
0.000000000000000000e+00	0.000000000000000000e+00	0.000000000000000000e+00	0.000000000000000000e+00	0.000000000000000000e+00
0.000000000000000000e+00	0.000000000000000000e+00	0.000000000000000000e+00	0.000000000000000000e+00	0.000000000000000000e+00
0.000000000000000000e+00	0.000000000000000000e+00	0.000000000000000000e+00	0.000000000000000000e+00	0.000000000000000000e+00
0.000000000000000000e+00	0.000000000000000000e+00	0.000000000000000000e+00	0.000000000000000000e+00	0.000000000000000000e+00
0.000000000000000000e+00	0.000000000000000000e+00	0.000000000000000000e+00	0.000000000000000000e+00	0.000000000000000000e+00
0.000000000000000000e+00	0.000000000000000000e+00	0.000000000000000000e+00	0.000000000000000000e+00	0.000000000000000000e+00
0.000000000000000000e+00	0.000000000000000000e+00	0.000000000000000000e+00	0.000000000000000000e+00	0.000000000000000000e+00
0.000000000000000000e+00	0.000000000000000000e+00	0.000000000000000000e+00	0.000000000000000000e+00	0.000000000000000000e+00
0.000000000000000000e+00	0.000000000000000000e+00	0.000000000000000000e+00	0.000000000000000000e+00	0.000000000000000000e+00
0.000000000000000000e+00	0.000000000000000000e+00	0.000000000000000000e+00	0.000000000000000000e+00	0.000000000000000000e+00
0.000000000000000000e+00	0.000000000000000000e+00	0.000000000000000000e+00	0.000000000000000000e+00	0.000000000000000000e+00
0.000000000000000000e+00	0.000000000000000000e+00	0.000000000000000000e+00	0.000000000000000000e+00	0.000000000000000000e+00
0.000000000000000000e+00	0.000000000000000000e+00	0.000000000000000000e+00	0.000000000000000000e+00	0.000000000000000000e+00
0.000000000000000000e+00	0.000000000000000000e+00	0.000000000000000000e+00	0.000000000000000000e+00	0.000000000000000000e+00
0.000000000000000000e+00	0.000000000000000000e+00	0.000000000000000000e+00	0.000000000000000000e+00	0.000000000000000000e+00
0.000000000000000000e+00	0.000000000000000000e+00	0.000000000000000000e+00	0.000000000000000000e+00	0.000000000000000000e+00
0.000000000000000000e+00	0.000000000000000000e+00	0.000000000000000000e+00	0.000000000000000000e+00	0.000000000000000000e+00
0.000000000000000000e+00	0.000000000000000000e+00	0.000000000000000000e+00	0.000000000000000000e+00	0.000000000000000000e+00
0.000000000000000000e+00	0.000000000000000000e+00	0.000000000000000000e+00	0.000000000000000000e+00	0.000000000000000000e+00
0.000000000000000000e+00	0.000000000000000000e+00	0.000000000000000000e+00	0.000000000000000000e+00	0.000000000000000000e+00
0.000000000000000000e+00	0.000000000000000000e+00	0.000000000000000000e+00	0.000000000000000000e+00	0.000000000000000000e+00
0.000000000000000000e+00	0.000000000000000000e+00	0.000000000000000000e+00	0.000000000000000000e+00	0.000000000000000000e+00
0.000000000000000000e+00	0.000000000000000000e+00	0.000000000000000000e+00	0.000000000000000000e+00	0.000000000000000000e+00
0.000000000000000000e+00	0.000000000000000000e+00	0.000000000000000000e+00	0.000000000000000000e+00	0.000000000000000000e+00
0.000000000000000000e+00	0.000000000000000000e+00	0.000000000000000000e+00	0.000000000000000000e+00	0.000000000000000000e+00
0.000000000000000000e+00	0.000000000000000000e+00	0.000000000000000000e+00	0.000000000000000000e+00	0.000000000000000000e+00
0.000000000000000000e+00	0.000000000000000000e+00	0.000000000000000000e+00	0.000000000000000000e+00	0.000000000000000000e+00
0.000000000000000000e+00	0.000000000000000000e+00	0.000000000000000000e+00	0.000000000000000000e+00	0.000000000000000000e+00
0.000000000000000000e+00	0.000000000000000000e+00	0.000000000000000000e+00	0.000000000000000000e+00	0.000000000000000000e+00
0.000000000000000000e+00	0.000000000000000000e+00	0.000000000000000000e+00	0.000000000000000000e+00	0.000000000000000000e+00
0.000000000000000000e+00	0.000000000000000000e+00	0.000000000000000000e+00	0.000000000000000000e+00	0.000000000000000000e+00
0.000000000000000000e+00	0.000000000000000000e+00	0.000000000000000000e+00	0.000000000000000000e+00	0.000000000000000000e+00
0.000000000000000000e+00	0.000000000000000000e+00	0.000000000000000000e+00	0.000000000000000000e+00	0.000000000000000000e+00
0.000000000000000000e+00	0.000000000000000000e+00	0.000000000000000000e+00	0.000000000000000000e+00	0.000000000000000000e+00
0.000000000000000000e+00	0.000000000000000000e+00	0.000000000000000000e+00	0.000000000000000000e+00	0.000000000000000000e+00
0.000000000000000000e+00	0.000000000000000000e+00	0.000000000000000000e+00	0.000000000000000000e+00	0.000000000000000000e+00
0.000000000000000000e+00	0.000000000000000000e+00	0.000000000000000000e+00	0.000000000000000000e+00	0.000000000000000000e+00
0.000000000000000000e+00	0.000000000000000000e+00	0.000000000000000000e+00	0.000000000000000000e+00	0.000000000000000000e+00
0.000000000000000000e+00	0.000000000000000000e+00	0.000000000000000000e+00	0.000000000000000000e+00	0.000000000000000000e+00
0.000000000000000000e+00	0.000000000000000000e+00	0.000000000000000000e+00	0.000000000000000000e+00	0.000000000000000000e+00
0.000000000000000000e+00	0.000000000000000000e+00	0.000000000000000000e+00	0.000000000000000000e+00	0.000000000000000000e+00
0.000000000000000000e+00	0.000000000000000000e+00	0.000000000000000000e+00	0.000000000000000000e+00	0.000000000000000000e+00
0.000000000000000000e+00	0.000000000000000000e+00	0.000000000000000000e+00	0.000000000000000000e+00	0.000000000000000000e+00
0.000000000000000000e+00	0.000000000000000000e+00	0.000000000000000000e+00	0.000000000000000000e+00	0.000000000000000000e+00
0.000000000000000000e+00	0.000000000000000000e+00	0.000000000000000000e+00	0.000000000000000000e+00	0.000000000000000000e+00
0.000000000000000000e+00	0.000000000000000000e+00	0.000000000000000000e+00	0.000000000000000000e+00	0.000000000000000000e+00
0.000000000000000000e+00	0.000000000000000000e+00	0.000000000000000000e+00	0.000000000000000000e+00	0.000000000000000000e+00
0.000000000000000000e+00	0.000000000000000000e+00	0.000000000000000000e+00	0.000000000000000000e+00	0.000000000000000000e+00
0.000000000000000000e+00	0.000000000000000000e+00	0.000000000000000000e+00	0.000000000000000000e+00	0.000000000000000000e+00
0.000000000000000000e+00	0.000000000000000000e+00	0.000000000000000000e+00	0.000000000000000000e+00	0.000000000000000000e+00
0.000000000000000000e+00	0.000000000000000000e+00	0.000000000000000000e+00	0.000000000000000000e+00	0.000000000000000000e+00
0.000000000000000000e+00	0.000000000000000000e+00	0.000000000000000000e+00	0.000000000000000000e+00	0.000000000000000000e+00
0.000000000000000000e+00	0.000000000000000000e+00	0.000000000000000000e+00	0.000000000000000000e+00	0.000000000000000000e+00
0.000000000000000000e+00	0.000000000000000000e+00	0.000000000000000000e+00	0.000000000000000000e+00	0.000000000000000000e+00
0.000000000000000000e+00	0.000000000000000000e+00	0.000000000000000000e+00	0.000000000000000000e+00	0.000000000000000000e+00
0.000000000000000000e+00	0.000000000000000000e+00	0.000000000000000000e+00	0.000000000000000000e+00	0.000000000000000000e+00
0.000000000000000000e+00	0.000000000000000000e+00	0.000000000000000000e+00	0.000000000000000000e+00	0.000000000000000000e+00
0.000000000000000000e+00	0.000000000000000000e+00	0.000000000000000000e+00	0.000000000000000000e+00	0.000000000000000000e+00
0.000000000000000000e+00	0.000000000000000000e+00	0.000000000000000000e+00	0.000000000000000000e+00	0.000000000000000000e+00
0.000000000000000000e+00	0.000000000000000000e+00	0.000000000000000000e+00	0.000000000000000000e+00	0.000000000000000000e+00
0.000000000000000000e+00	0.000000000000000000e+00	0.000000000000000000e+00	0.000000000000000000e+00	0.000000000000000000e+00
0.000000000000000000e+00	0.000000000000000000e+00	0.000000000000000000e+00	0.000000000000000000e+00	0.000000000000000000e+00
0.000000000000000000e+00	0.000000000000000000e+00	0.000000000000000000e+00	0.000000000000000000e+00	0.000000000000000000e+00
0.000000000000000000e+00	0.000000000000000000e+00	0.000000000000000000e+00	0.000000000000000000e+00	0.000000000000000000e+00
0.000000000000000000e+00	0.000000000000000000e+00	0.000000000000000000e+00	0.000000000000000000e+00	0.000000000000000000e+00
0.000000000000000000e+00	0.000000000000000000e+00	0.000000000000000000e+00	0.000000000000000000e+00	0.000000000000000000e+00
0.000000000000000000e+00	0.000000000000000000e+00	0.000000000000000000e+00	0.000000000000000000e+00	0.000000000000000000e+00
0.000000000000000000e+00	0.000000000000000000e+00	0.000000000000000000e+00	0.000000000000000000e+00	0.000000000000000000e+00
0.000000000000000000e+00	0.000000000000000000e+00	0.000000000000000000e+00	0.000000000000000000e+00	0.000000000000000000e+00
0.000000000000000000e+00	0.000000000000000000e+00	0.000000000000000000e+00	0.000000000000000000e+00	0.000000000000000000e+00
0.000000000000000000e+00	0.000000000000000000e+00	0.000000000000000000e+00	0.000000000000000000e+00	0.000000000000000000e+00
0.000000000000000000e+00	0.000000000000000000e+00	0.000000000000000000e+00	0.000000000000000000e+00	0.000000000000000000e+00
0.000000000000000000e+00	0.000000000000000000e+00	0.000000000000000000e+00	0.000000000000000000e+00	0.000000000000000000e+00
0.000000000000000000e+00	0.000000000000000000e+00	0.000000000000000000e+00	0.000000000000000000e+00	0.000000000000000000e+00
0.000000000000000000e+00	0.000000000000000000e+00	0.000000000000000000e+00	0.000000000000000000e+00	0.000000000000000000e+00
0.000000000000000000e+00	0.000000000000000000e+00	0.000000000000000000e+00	0.000000000000000000e+00	0.000000000000000000e+00
0.000000000000000000e+00	0.000000000000000000e+00	0.000000000000000000e+00	0.000000000000000000e+00	0.000000000000000000e+00
0.000000000000000000e+00	0.000000000000000000e+00	0.000000000000000000e+00	0.000000000000000000e+00	0.000000000000000000e+00
0.000000000000000000e+00	0.000000000000000000e+00	0.000000000000000000e+00	0.000000000000000000e+00	0.000000000000000000e+00
0.000000000000000000e+00	0.000000000000000000e+00	0.000000000000000000e+00	0.000000000000000000e+00	0.000000000000000000e+00
0.000000000000000000e+00	0.000000000000000000e+00	0.000000000000000000e+00	0.000000000000000000e+00	0.000000000000000000e+00
0.000000000000000000e+00	0.000000000000000000e+00	0.000000000000000000e+00	0.000000000000000000e+00	0.000000000000000000e+00
0.000000000000000000e+00	0.000000000000000000e+00	0.000000000000000000e+00	0.000000000000000000e+00	0.000000000000000000e+00
0.000000000000000000e+00	0.000000000000000000e+00	0.000000000000000000e+00	0.000000000000000000e+00	0.000000000000000000e+00
0.000000000000000000e+00	0.000000000000000000e+00	0.000000000000000000e+00	0.000000000000000000e+00	0.000000000000000000e+00
0.000000000000000000e+00	0.000000000000000000e+00	0.000000000000000000e+00	0.000000000000000000e+00	0.000000000000000000e+00
0.000000000000000000e+00	0.000000000000000000e+00	0.000000000000000000e+00	0.000000000000000000e+00	0.000000000000000000e+00
0.000000000000000000e+00	0.000000000000000000e+00	0.000000000000000000e+00	0.000000000000000000e+00	0.000000000000000000e+00
0.000000000000000000e+00	0.000000000000000000e+00	0.000000000000000000e+00	0.000000000000000000e+00	0.000000000000000000e+00
0.000000000000000000e+00	0.000000000000000000e+00	0.000000000000000000e+00	0.000000000000000000e+00	0.000000000000000000e+00
0.000000000000000000e+00	0.000000000000000000e+00	0.000000000000000000e+00	0.000000000000000000e+00	0.000000000000000000e+00
0.000000000000000000e+00	0.000000000000000000e+00	0.000000000000000000e+00	0.000000000000000000e+00	0.000000000000000000e+00
0.000000000000000000e+00	0.000000000000000000e+00	0.000000000000000000e+00	0.000000000000000000e+00	0.000000000000000000e+00
0.000000000000000000e+00	0.000000000000000000e+00	0.000000000000000000e+00	0.000000000000000000e+00	0.000000000000000000e+00
0.000000000000000000e+00	0.000000000000000000e+00	0.000000000000000000e+00	0.000000000000000000e+00	0.000000000000000000e+00
0.000000000000000000e+00	0.000000000000000000e+00	0.000000000000000000e+00	0.000000000000000000e+00	0.000000000000000000e+00
0.000000000000000000e+00	0.000000000000000000e+00	0.000000000000000000e+00	0.000000000000000000e+00	0.000000000000000000e+00
0.000000000000000000e+00	0.000000000000000000e+00	0.000000000000000000e+00	0.000000000000000000e+00	0.000000000000000000e+00
0.000000000000000000e+00	0.000000000000000000e+00	0.000000000000000000e+00	0.000000000000000000e+00	0.000000000000000000e+00
0.000000000000000000e+00	0.000000000000000000e+00	0.000000000000000000e+00	0.000000000000000000e+00	0.000000000000000000e+00
0.000000000000000000e+00	0.000000000000000000e+00	0.000000000000000000e+00	0.000000000000000000e+00	0.000000000000000000e+00
0.000000000000000000e+00	0.000000000000000000e+00	0.000000000000000000e+00	0.000000000000000000e+00	0.000000000000000000e+00
0.000000000000000000e+00	0.000000000000000000e+00	0.000000000000000000e+00	0.000000000000000000e+00	0.000000000000000000e+00
0.000000000000000000e+00	0.000000000000000000e+00	0.000000000000000000e+00	0.000000000000000000e+00	0.000000000000000000e+00
0.000000000000000000e+00	0.000000000000000000e+00	0.000000000000000000e+00	0.000000000000000000e+00	0.000000000000000000e+00
0.000000000000000000e+00	0.000000000000000000e+00	0.000000000000000000e+00	0.000000000000000000e+00	0.000000000000000000e+00
0.000000000000000000e+00	0.000000000000000000e+00	0.000000000000000000e+00	0.000000000000000000e+00	0.000000000000000000e+00
0.000000000000000000e+00	0.000000000000000000e+00	0.000000000000000000e+00	0.000000000000000000e+00	0.000000000000000000e+00
0.000000000000000000e+00	0.000000000000000000e+00	0.000000000000000000e+00	0.000000000000000000e+00	0.000000000000000000e+00
0.000000000000000000e+00	0.000000000000000000e+00	0.000000000000000000e+00	0.000000000000000000e+00	0.000000000000000000e+00
0.000000000000000000e+00	0.000000000000000000e+00	0.000000000000000000e+00	0.000000000000000000e+00	0.000000000000000000e+00
0.000000000000000000e+00	0.000000000000000000e+00	0.000000000000000000e+00	0.000000000000000000e+00	0.000000000000000000e+00
0.000000000000000000e+00	0.000000000000000000e+00	0.000000000000000000e+00	0.000000000000000000e+00	0.000000000000000000e+00
0.000000000000000000e+00	0.000000000000000000e+00	0.000000000000000000e+00	0.000000000000000000e+00	0.000000000000000000e+00
0.000000000000000000e+00	0.000000000000000000e+00	0.000000000000000000e+00	0.000000000000000000e+00	0.000000000000000000e+00
0.000000000000000000e+00	0.000000000000000000e+00	0.000000000000000000e+00	0.000000000000000000e+00	0.000000000000000000e+00
0.000000000000000000e+00	0.000000000000000000e+00	0.000000000000000000e+00	0.000000000000000000e+00	0.000000000000000000e+00
0.000000000000000000e+00	0.000000000000000000e+00	0.000000000000000000e+00	0.000000000000000000e+00	0.000000000000000000e+00
0.000000000000000000e+00	0.000000000000000000e+00	0.000000000000000000e+00	0.000000000000000000e+00	0.000000000000000000e+00
0.000000000000000000e+00	0.000000000000000000e+00	0.000000000000000000e+00	0.000000000000000000e+00	0.000000000000000000e+00
0.000000000000000000e+00	0.000000000000000000e+00	0.000000000000000000e+00	0.000000000000000000e+00	0.000000000000000000e+00
0.000000000000000000e+00	0.000000000000000000e+00	0.000000000000000000e+00	0.000000000000000000e+00	0.000000000000000000e+00
0.000000000000000000e+00	0.000000000000000000e+00	0.000000000000000000e+00	0.000000000000000000e+00	0.000000000000000000e+00
0.000000000000000000e+00	0.000000000000000000e+00	0.000000000000000000e+00	0.000000000000000000e+00	0.000000000000000000e+00
0.000000000000000000e+00	0.000000000000000000e+00	0.000000000000000000e+00	0.000000000000000000e+00	0.000000000000000000e+00
0.000000000000000000e+00	0.000000000000000000e+00	0.000000000000000000e+00	0.000000000000000000e+00	0.000000000000000000e+00
0.000000000000000000e+00	0.000000000000000000e+00	0.000000000000000000e+00	0.000000000000000000e+00	0.000000000000000000e+00
0.000000000000000000e+00	0.000000000000000000e+00	0.000000000000000000e+00	0.000000000000000000e+00	0.000000000000000000e+00
0.000000000000000000e+00	0.000000000000000000e+00	0.000000000000000000e+00	0.000000000000000000e+00	0.000000000000000000e+00
0.000000000000000000e+00	0.000000000000000000e+00	0.000000000000000000e+00	0.000000000000000000e+00	0.000000000000000000e+00
0.000000000000000000e+00	0.000000000000000000e+00	0.000000000000000000e+00	0.000000000000000000e+00	0.000000000000000000e+00
0.000000000000000000e+00	0.000000000000000000e+00	0.000000000000000000e+00	0.000000000000000000e+00	0.000000000000000000e+00
0.000000000000000000e+00	0.000000000000000000e+00	0.000000000000000000e+00	0.000000000000000000e+00	0.000000000000000000e+00
0.000000000000000000e+00	0.000000000000000000e+00	0.000000000000000000e+00	0.000000000000000000e+00	0.000000000000000000e+00
0.000000000000000000e+00	0.000000000000000000e+00	0.000000000000000000e+00	0.000000000000000000e+00	0.000000000000000000e+00
0.000000000000000000e+00	0.000000000000000000e+00	0.000000000000000000e+00	0.000000000000000000e+00	0.000000000000000000e+00
0.000000000000000000e+00	0.000000000000000000e+00	0.000000000000000000e+00	0.000000000000000000e+00	0.000000000000000000e+00
0.000000000000000000e+00	0.000000000000000000e+00	0.000000000000000000e+00	0.000000000000000000e+00	0.000000000000000000e+00
0.000000000000000000e+00	0.000000000000000000e+00	0.000000000000000000e+00	0.000000000000000000e+00	0.000000000000000000e+00
0.000000000000000000e+00	0.000000000000000000e+00	0.000000000000000000e+00	0.000000000000000000e+00	0.000000000000000000e+00
0.000000000000000000e+00	0.000000000000000000e+00	0.000000000000000000e+00	0.000000000000000000e+00	0.000000000000000000e+00
0.000000000000000000e+00	0.000000000000000000e+00	0.000000000000000000e+00	0.000000000000000000e+00	0.000000000000000000e+00
0.000000000000000000e+00	0.000000000000000000e+00	0.000000000000000000e+00	0.000000000000000000e+00	0.000000000000000000e+00
0.000000000000000000e+00	0.000000000000000000e+00	0.000000000000000000e+00	0.000000000000000000e+00	0.000000000000000000e+00
0.000000000000000000e+00	0.000000000000000000e+00	0.000000000000000000e+00	0.000000000000000000e+00	0.000000000000000000e+00
0.000000000000000000e+00	0.000000000000000000e+00	0.000000000000000000e+00	0.000000000000000000e+00	0.000000000000000000e+00
0.000000000000000000e+00	0.000000000000000000e+00	0.000000000000000000e+00	0.000000000000000000e+00	0.000000000000000000e+00
0.000000000000000000e+00	0.000000000000000000e+00	0.000000000000000000e+00	0.000000000000000000e+00	0.000000000000000000e+00
0.000000000000000000e+00	0.000000000000000000e+00	0.000000000000000000e+00	0.000000000000000000e+00	0.000000000000000000e+00
0.000000000000000000e+00	0.000000000000000000e+00	0.000000000000000000e+00	0.000000000000000000e+00	0.000000000000000000e+00
0.000000000000000000e+00	0.000000000000000000e+00	0.000000000000000000e+00	0.000000000000000000e+00	0.000000000000000000e+00
0.000000000000000000e+00	0.000000000000000000e+00	0.000000000000000000e+00	0.000000000000000000e+00	0.000000000000000000e+00
0.000000000000000000e+00	0.000000000000000000e+00	0.000000000000000000e+00	0.000000000000000000e+00	0.000000000000000000e+00
0.000000000000000000e+00	0.000000000000000000e+00	0.000000000000000000e+00	0.000000000000000000e+00	0.000000000000000000e+00
0.000000000000000000e+00	0.000000000000000000e+00	0.000000000000000000e+00	0.000000000000000000e+00	0.000000000000000000e+00
0.000000000000000000e+00	0.000000000000000000e+00	0.000000000000000000e+00	0.000000000000000000e+00	0.000000000000000000e+00
0.000000000000000000e+00	0.000000000000000000e+00	0.000000000000000000e+00	0.000000000000000000e+00	0.000000000000000000e+00
0.000000000000000000e+00	0.000000000000000000e+00	0.000000000000000000e+00	0.000000000000000000e+00	0.000000000000000000e+00
0.000000000000000000e+00	0.000000000000000000e+00	0.000000000000000000e+00	0.000000000000000000e+00	0.000000000000000000e+00
0.000000000000000000e+00	0.000000000000000000e+00	0.000000000000000000e+00	0.000000000000000000e+00	0.000000000000000000e+00
0.000000000000000000e+00	0.000000000000000000e+00	0.000000000000000000e+00	0.000000000000000000e+00	0.000000000000000000e+00
0.000000000000000000e+00	0.000000000000000000e+00	0.000000000000000000e+00	0.000000000000000000e+00	0.000000000000000000e+00
0.000000000000000000e+00	0.000000000000000000e+00	0.000000000000000000e+00	0.000000000000000000e+00	0.000000000000000000e+00
0.000000000000000000e+00	0.000000000000000000e+00	0.000000000000000000e+00	0.000000000000000000e+00	0.000000000000000000e+00
0.000000000000000000e+00	0.000000000000000000e+00	0.000000000000000000e+00	0.000000000000000000e+00	0.000000000000000000e+00
0.000000000000000000e+00	0.000000000000000000e+00	0.000000000000000000e+00	0.000000000000000000e+00	0.000000000000000000e+00
0.000000000000000000e+00	0.000000000000000000e+00	0.000000000000000000e+00	0.000000000000000000e+00	0.000000000000000000e+00
0.000000000000000000e+00	0.000000000000000000e+00	0.000000000000000000e+00	0.000000000000000000e+00	0.000000000000000000e+00
0.000000000000000000e+00	0.000000000000000000e+00	0.000000000000000000e+00	0.000000000000000000e+00	0.000000000000000000e+00
0.000000000000000000e+00	0.000000000000000000e+00	0.000000000000000000e+00	0.000000000000000000e+00	0.000000000000000000e+00
0.000000000000000000e+00	0.000000000000000000e+00	0.000000000000000000e+00	0.000000000000000000e+00	0.000000000000000000e+00
0.000000000000000000e+00	0.000000000000000000e+00	0.000000000000000000e+00	0.000000000000000000e+00	0.000000000000000000e+00
0.000000000000000000e+00	0.000000000000000000e+00	0.000000000000000000e+00	0.000000000000000000e+00	0.000000000000000000e+00
0.000000000000000000e+00	0.000000000000000000e+00	0.000000000000000000e+00	0.000000000000000000e+00	0.000000000000000000e+00
0.000000000000000000e+00	0.000000000000000000e+00	0.000000000000000000e+00	0.000000000000000000e+00	0.000000000000000000e+00
0.000000000000000000e+00	0.000000000000000000e+00	0.000000000000000000e+00	0.000000000000000000e+00	0.000000000000000000e+00
0.000000000000000000e+00	0.000000000000000000e+00	0.000000000000000000e+00	0.000000000000000000e+00	0.000000000000000000e+00
0.000000000000000000e+00	0.000000000000000000e+00	0.000000000000000000e+00	0.000000000000000000e+00	0.000000000000000000e+00
0.000000000000000000e+00	0.000000000000000000e+00	0.000000000000000000e+00	0.000000000000000000e+00	0.000000000000000000e+00
0.000000000000000000e+00	0.000000000000000000e+00	0.000000000000000000e+00	0.000000000000000000e+00	0.000000000000000000e+00
0.000000000000000000e+00	0.000000000000000000e+00	0.000000000000000000e+00	0.000000000000000000e+00	0.000000000000000000e+00
0.000000000000000000e+00	0.000000000000000000e+00	0.000000000000000000e+00	0.000000000000000000e+00	0.000000000000000000e+00
0.000000000000000000e+00	0.000000000000000000e+00	0.000000000000000000e+00	0.000000000000000000e+00	0.000000000000000000e+00
0.000000000000000000e+00	0.000000000000000000e+00	0.000000000000000000e+00	0.000000000000000000e+00	0.000000000000000000e+00
0.000000000000000000e+00	0.000000000000000000e+00	0.000000000000000000e+00	0.000000000000000000e+00	0.000000000000000000e+00
0.000000000000000000e+00	0.000000000000000000e+00	0.000000000000000000e+00	0.000000000000000000e+00	0.000000000000000000e+00
0.000000000000000000e+00	0.000000000000000000e+00	0.000000000000000000e+00	0.000000000000000000e+00	0.000000000000000000e+00
0.000000000000000000e+00	0.000000000000000000e+00	0.000000000000000000e+00	0.000000000000000000e+00	0.000000000000000000e+00
0.000000000000000000e+00	0.000000000000000000e+00	0.000000000000000000e+00	0.000000000000000000e+00	0.000000000000000000e+00
0.000000000000000000e+00	0.000000000000000000e+00	0.000000000000000000e+00	0.000000000000000000e+00	0.000000000000000000e+00
0.000000000000000000e+00	0.000000000000000000e+00	0.000000000000000000e+00	0.000000000000000000e+00	0.000000000000000000e+00
0.000000000000000000e+00	0.000000000000000000e+00	0.000000000000000000e+00	0.000000000000000000e+00	0.000000000000000000e+00
0.000000000000000000e+00	0.000000000000000000e+00	0.000000000000000000e+00	0.000000000000000000e+00	0.000000000000000000e+00
0.000000000000000000e+00	0.000000000000000000e+00	0.000000000000000000e+00	0.000000000000000000e+00	0.000000000000000000e+00
0.000000000000000000e+00	0.000000000000000000e+00	0.000000000000000000e+00	0.000000000000000000e+00	0.000000000000000000e+00
0.000000000000000000e+00	0.000000000000000000e+00	0.000000000000000000e+00	0.000000000000000000e+00	0.000000000000000000e+00
0.000000000000000000e+00	0.000000000000000000e+00	0.000000000000000000e+00	0.000000000000000000e+00	0.000000000000000000e+00
0.000000000000000000e+00	0.000000000000000000e+00	0.000000000000000000e+00	0.000000000000000000e+00	0.000000000000000000e+00
0.000000000000000000e+00	0.000000000000000000e+00	0.000000000000000000e+00	0.000000000000000000e+00	0.000000000000000000e+00
0.000000000000000000e+00	0.000000000000000000e+00	0.000000000000000000e+00	0.000000000000000000e+00	0.000000000000000000e+00
0.000000000000000000e+00	0.000000000000000000e+00	0.000000000000000000e+00	0.000000000000000000e+00	0.000000000000000000e+00
0.000000000000000000e+00	0.000000000000000000e+00	0.000000000000000000e+00	0.000000000000000000e+00	0.000000000000000000e+00
0.000000000000000000e+00	0.000000000000000000e+00	0.000000000000000000e+00	0.000000000000000000e+00	0.000000000000000000e+00
0.000000000000000000e+00	0.000000000000000000e+00	0.000000000000000000e+00	0.000000000000000000e+00	0.000000000000000000e+00
0.000000000000000000e+00	0.000000000000000000e+00	0.000000000000000000e+00	0.000000000000000000e+00	0.000000000000000000e+00
0.000000000000000000e+00	0.000000000000000000e+00	0.000000000000000000e+00	0.000000000000000000e+00	0.000000000000000000e+00
0.000000000000000000e+00	0.000000000000000000e+00	0.000000000000000000e+00	0.000000000000000000e+00	0.000000000000000000e+00
0.000000000000000000e+00	0.000000000000000000e+00	0.000000000000000000e+00	0.000000000000000000e+00	0.000000000000000000e+00
0.000000000000000000e+00	0.000000000000000000e+00	0.000000000000000000e+00	0.000000000000000000e+00	0.000000000000000000e+00
0.000000000000000000e+00	0.000000000000000000e+00	0.000000000000000000e+00	0.000000000000000000e+00	0.000000000000000000e+00
0.000000000000000000e+00	0.000000000000000000e+00	0.000000000000000000e+00	0.000000000000000000e+00	0.000000000000000000e+00
0.000000000000000000e+00	0.000000000000000000e+00	0.000000000000000000e+00	0.000000000000000000e+00	0.000000000000000000e+00
0.000000000000000000e+00	0.000000000000000000e+00	0.000000000000000000e+00	0.000000000000000000e+00	0.000000000000000000e+00
0.000000000000000000e+00	0.000000000000000000e+00	0.000000000000000000e+00	0.000000000000000000e+00	0.000000000000000000e+00
0.000000000000000000e+00	0.000000000000000000e+00	0.000000000000000000e+00	0.000000000000000000e+00	0.000000000000000000e+00
0.000000000000000000e+00	0.000000000000000000e+00	0.000000000000000000e+00	0.000000000000000000e+00	0.000000000000000000e+00
0.000000000000000000e+00	0.000000000000000000e+00	0.000000000000000000e+00	0.000000000000000000e+00	0.000000000000000000e+00
0.000000000000000000e+00	0.000000000000000000e+00	0.000000000000000000e+00	0.000000000000000000e+00	0.000000000000000000e+00
0.000000000000000000e+00	0.000000000000000000e+00	0.000000000000000000e+00	0.000000000000000000e+00	0.000000000000000000e+00
0.000000000000000000e+00	0.000000000000000000e+00	0.000000000000000000e+00	0.000000000000000000e+00	0.000000000000000000e+00
0.000000000000000000e+00	0.000000000000000000e+00	0.000000000000000000e+00	0.000000000000000000e+00	0.000000000000000000e+00
0.000000000000000000e+00	0.000000000000000000e+00	0.000000000000000000e+00	0.000000000000000000e+00	0.000000000000000000e+00
0.000000000000000000e+00	0.000000000000000000e+00	0.000000000000000000e+00	0.000000000000000000e+00	0.000000000000000000e+00
0.000000000000000000e+00	0.000000000000000000e+00	0.000000000000000000e+00	0.000000000000000000e+00	0.000000000000000000e+00
0.000000000000000000e+00	0.000000000000000000e+00	0.000000000000000000e+00	0.000000000000000000e+00	0.000000000000000000e+00
0.000000000000000000e+00	0.000000000000000000e+00	0.000000000000000000e+00	0.000000000000000000e+00	0.000000000000000000e+00
0.000000000000000000e+00	0.000000000000000000e+00	0.000000000000000000e+00	0.000000000000000000e+00	0.000000000000000000e+00
0.000000000000000000e+00	0.000000000000000000e+00	0.000000000000000000e+00	0.000000000000000000e+00	0.000000000000000000e+00
0.000000000000000000e+00	0.000000000000000000e+00	0.000000000000000000e+00	0.000000000000000000e+00	0.000000000000000000e+00
0.000000000000000000e+00	0.000000000000000000e+00	0.000000000000000000e+00	0.000000000000000000e+00	0.000000000000000000e+00
0.000000000000000000e+00	0.000000000000000000e+00	0.000000000000000000e+00	0.000000000000000000e+00	0.000000000000000000e+00
0.000000000000000000e+00	0.000000000000000000e+00	0.000000000000000000e+00	0.000000000000000000e+00	0.000000000000000000e+00
0.000000000000000000e+00	0.000000000000000000e+00	0.000000000000000000e+00	0.000000000000000000e+00	0.000000000000000000e+00
0.000000000000000000e+00	0.000000000000000000e+00	0.000000000000000000e+00	0.000000000000000000e+00	0.000000000000000000e+00
0.000000000000000000e+00	0.000000000000000000e+00	0.000000000000000000e+00	0.000000000000000000e+00	0.000000000000000000e+00
0.000000000000000000e+00	0.000000000000000000e+00	0.000000000000000000e+00	0.000000000000000000e+00	0.000000000000000000e+00
0.000000000000000000e+00	0.000000000000000000e+00	0.000000000000000000e+00	0.000000000000000000e+00	0.000000000000000000e+00
0.000000000000000000e+00	0.000000000000000000e+00	0.000000000000000000e+00	0.000000000000000000e+00	0.000000000000000000e+00
0.000000000000000000e+00	0.000000000000000000e+00	0.000000000000000000e+00	0.000000000000000000e+00	0.000000000000000000e+00
0.000000000000000000e+00	0.000000000000000000e+00	0.000000000000000000e+00	0.000000000000000000e+00	0.000000000000000000e+00
0.000000000000000000e+00	0.000000000000000000e+00	0.000000000000000000e+00	0.000000000000000000e+00	0.000000000000000000e+00
0.000000000000000000e+00	0.000000000000000000e+00	0.000000000000000000e+00	0.000000000000000000e+00	0.000000000000000000e+00
0.000000000000000000e+00	0.000000000000000000e+00	0.000000000000000000e+00	0.000000000000000000e+00	0.000000000000000000e+00
0.000000000000000000e+00	0.000000000000000000e+00	0.000000000000000000e+00	0.000000000000000000e+00	0.000000000000000000e+00
0.000000000000000000e+00	0.000000000000000000e+00	0.000000000000000000e+00	0.000000000000000000e+00	0.000000000000000000e+00
0.000000000000000000e+00	0.000000000000000000e+00	0.000000000000000000e+00	0.000000000000000000e+00	0.000000000000000000e+00
0.000000000000000000e+00	0.000000000000000000e+00	0.000000000000000000e+00	0.000000000000000000e+00	0.000000000000000000e+00
0.000000000000000000e+00	0.000000000000000000e+00	0.000000000000000000e+00	0.000000000000000000e+00	0.000000000000000000e+00
0.000000000000000000e+00	0.000000000000000000e+00	0.000000000000000000e+00	0.000000000000000000e+00	0.000000000000000000e+00
0.000000000000000000e+00	0.000000000000000000e+00	0.000000000000000000e+00	0.000000000000000000e+00	0.000000000000000000e+00
0.000000000000000000e+00	0.000000000000000000e+00	0.000000000000000000e+00	0.000000000000000000e+00	0.000000000000000000e+00
0.000000000000000000e+00	0.000000000000000000e+00	0.000000000000000000e+00	0.000000000000000000e+00	0.000000000000000000e+00
0.000000000000000000e+00	0.000000000000000000e+00	0.000000000000000000e+00	0.000000000000000000e+00	0.000000000000000000e+00
0.000000000000000000e+00	0.000000000000000000e+00	0.000000000000000000e+00	0.000000000000000000e+00	0.000000000000000000e+00
0.000000000000000000e+00	0.000000000000000000e+00	0.000000000000000000e+00	0.000000000000000000e+00	0.000000000000000000e+00
0.000000000000000000e+00	0.000000000000000000e+00	0.000000000000000000e+00	0.000000000000000000e+00	0.000000000000000000e+00
0.000000000000000000e+00	0.000000000000000000e+00	0.000000000000000000e+00	0.000000000000000000e+00	0.000000000000000000e+00
0.000000000000000000e+00	0.000000000000000000e+00	0.000000000000000000e+00	0.000000000000000000e+00	0.000000000000000000e+00
0.000000000000000000e+00	0.000000000000000000e+00	0.000000000000000000e+00	0.000000000000000000e+00	0.000000000000000000e+00
0.000000000000000000e+00	0.000000000000000000e+00	0.000000000000000000e+00	0.000000000000000000e+00	0.000000000000000000e+00
0.000000000000000000e+00	0.000000000000000000e+00	0.000000000000000000e+00	0.000000000000000000e+00	0.000000000000000000e+00
0.000000000000000000e+00	0.000000000000000000e+00	0.000000000000000000e+00	0.000000000000000000e+00	0.000000000000000000e+00
0.000000000000000000e+00	0.000000000000000000e+00	0.000000000000000000e+00	0.000000000000000000e+00	0.000000000000000000e+00
0.000000000000000000e+00	0.000000000000000000e+00	0.000000000000000000e+00	0.000000000000000000e+00	0.000000000000000000e+00
0.000000000000000000e+00	0.000000000000000000e+00	0.000000000000000000e+00	0.000000000000000000e+00	0.000000000000000000e+00
0.000000000000000000e+00	0.000000000000000000e+00	0.000000000000000000e+00	0.000000000000000000e+00	0.000000000000000000e+00
0.000000000000000000e+00	0.000000000000000000e+00	0.000000000000000000e+00	0.000000000000000000e+00	0.000000000000000000e+00
0.000000000000000000e+00	0.000000000000000000e+00	0.000000000000000000e+00	0.000000000000000000e+00	0.000000000000000000e+00
0.000000000000000000e+00	0.000000000000000000e+00	0.000000000000000000e+00	0.000000000000000000e+00	0.000000000000000000e+00
0.000000000000000000e+00	0.000000000000000000e+00	0.000000000000000000e+00	0.000000000000000000e+00	0.000000000000000000e+00
0.000000000000000000e+00	0.000000000000000000e+00	0.000000000000000000e+00	0.000000000000000000e+00	0.000000000000000000e+00
0.000000000000000000e+00	0.000000000000000000e+00	0.000000000000000000e+00	0.000000000000000000e+00	0.000000000000000000e+00
0.000000000000000000e+00	0.000000000000000000e+00	0.000000000000000000e+00	0.000000000000000000e+00	0.000000000000000000e+00
0.000000000000000000e+00	0.000000000000000000e+00	0.000000000000000000e+00	0.000000000000000000e+00	0.000000000000000000e+00
0.000000000000000000e+00	0.000000000000000000e+00	0.000000000000000000e+00	0.000000000000000000e+00	0.000000000000000000e+00
0.000000000000000000e+00	0.000000000000000000e+00	0.000000000000000000e+00	0.000000000000000000e+00	0.000000000000000000e+00
0.000000000000000000e+00	0.000000000000000000e+00	0.000000000000000000e+00	0.000000000000000000e+00	0.000000000000000000e+00
0.000000000000000000e+00	0.000000000000000000e+00	0.000000000000000000e+00	0.000000000000000000e+00	0.000000000000000000e+00
0.000000000000000000e+00	0.000000000000000000e+00	0.000000000000000000e+00	0.000000000000000000e+00	0.000000000000000000e+00
0.000000000000000000e+00	0.000000000000000000e+00	0.000000000000000000e+00	0.000000000000000000e+00	0.000000000000000000e+00
0.000000000000000000e+00	0.000000000000000000e+00	0.000000000000000000e+00	0.000000000000000000e+00	0.000000000000000000e+00
0.000000000000000000e+00	0.000000000000000000e+00	0.000000000000000000e+00	0.000000000000000000e+00	0.000000000000000000e+00
0.000000000000000000e+00	0.000000000000000000e+00	0.000000000000000000e+00	0.000000000000000000e+00	0.000000000000000000e+00
0.000000000000000000e+00	0.000000000000000000e+00	0.000000000000000000e+00	0.000000000000000000e+00	0.000000000000000000e+00
0.000000000000000000e+00	0.000000000000000000e+00	0.000000000000000000e+00	0.000000000000000000e+00	0.000000000000000000e+00
0.000000000000000000e+00	0.000000000000000000e+00	0.000000000000000000e+00	0.000000000000000000e+00	0.000000000000000000e+00
0.000000000000000000e+00	0.000000000000000000e+00	0.000000000000000000e+00	0.000000000000000000e+00	0.000000000000000000e+00
0.000000000000000000e+00	0.000000000000000000e+00	0.000000000000000000e+00	0.000000000000000000e+00	0.000000000000000000e+00
0.000000000000000000e+00	0.000000000000000000e+00	0.000000000000000000e+00	0.000000000000000000e+00	0.000000000000000000e+00
0.000000000000000000e+00	0.000000000000000000e+00	0.000000000000000000e+00	0.000000000000000000e+00	0.000000000000000000e+00
0.000000000000000000e+00	0.000000000000000000e+00	0.000000000000000000e+00	0.000000000000000000e+00	0.000000000000000000e+00
0.000000000000000000e+00	0.000000000000000000e+00	0.000000000000000000e+00	0.000000000000000000e+00	0.000000000000000000e+00
0.000000000000000000e+00	0.000000000000000000e+00	0.000000000000000000e+00	0.000000000000000000e+00	0.000000000000000000e+00
0.000000000000000000e+00	0.000000000000000000e+00	0.000000000000000000e+00	0.000000000000000000e+00	0.000000000000000000e+00
0.000000000000000000e+00	0.000000000000000000e+00	0.000000000000000000e+00	0.000000000000000000e+00	0.000000000000000000e+00
0.000000000000000000e+00	0.000000000000000000e+00	0.000000000000000000e+00	0.000000000000000000e+00	0.000000000000000000e+00
0.000000000000000000e+00	0.000000000000000000e+00	0.000000000000000000e+00	0.000000000000000000e+00	0.000000000000000000e+00
0.000000000000000000e+00	0.000000000000000000e+00	0.000000000000000000e+00	0.000000000000000000e+00	0.000000000000000000e+00
0.000000000000000000e+00	0.000000000000000000e+00	0.000000000000000000e+00	0.000000000000000000e+00	0.000000000000000000e+00
0.000000000000000000e+00	0.000000000000000000e+00	0.000000000000000000e+00	0.000000000000000000e+00	0.000000000000000000e+00
0.000000000000000000e+00	0.000000000000000000e+00	0.000000000000000000e+00	0.000000000000000000e+00	0.000000000000000000e+00
0.000000000000000000e+00	0.000000000000000000e+00	0.000000000000000000e+00	0.000000000000000000e+00	0.000000000000000000e+00
0.000000000000000000e+00	0.000000000000000000e+00	0.000000000000000000e+00	0.000000000000000000e+00	0.000000000000000000e+00
0.000000000000000000e+00	0.000000000000000000e+00	0.000000000000000000e+00	0.000000000000000000e+00	0.000000000000000000e+00
0.000000000000000000e+00	0.000000000000000000e+00	0.000000000000000000e+00	0.000000000000000000e+00	0.000000000000000000e+00
0.000000000000000000e+00	0.000000000000000000e+00	0.000000000000000000e+00	0.000000000000000000e+00	0.000000000000000000e+00
0.000000000000000000e+00	0.000000000000000000e+00	0.000000000000000000e+00	0.000000000000000000e+00	0.000000000000000000e+00
0.000000000000000000e+00	0.000000000000000000e+00	0.000000000000000000e+00	0.000000000000000000e+00	0.000000000000000000e+00
0.000000000000000000e+00	0.000000000000000000e+00	0.000000000000000000e+00	0.000000000000000000e+00	0.000000000000000000e+00
0.000000000000000000e+00	0.000000000000000000e+00	0.000000000000000000e+00	0.000000000000000000e+00	0.000000000000000000e+00
0.000000000000000000e+00	0.000000000000000000e+00	0.000000000000000000e+00	0.000000000000000000e+00	0.000000000000000000e+00
0.000000000000000000e+00	0.000000000000000000e+00	0.000000000000000000e+00	0.000000000000000000e+00	0.000000000000000000e+00
0.000000000000000000e+00	0.000000000000000000e+00	0.000000000000000000e+00	0.000000000000000000e+00	0.000000000000000000e+00
0.000000000000000000e+00	0.000000000000000000e+00	0.000000000000000000e+00	0.000000000000000000e+00	0.000000000000000000e+00
0.000000000000000000e+00	0.000000000000000000e+00	0.000000000000000000e+00	0.000000000000000000e+00	0.000000000000000000e+00
0.000000000000000000e+00	0.000000000000000000e+00	0.000000000000000000e+00	0.000000000000000000e+00	0.000000000000000000e+00
0.000000000000000000e+00	0.000000000000000000e+00	0.000000000000000000e+00	0.000000000000000000e+00	0.000000000000000000e+00
0.000000000000000000e+00	0.000000000000000000e+00	0.000000000000000000e+00	0.000000000000000000e+00	0.000000000000000000e+00
0.000000000000000000e+00	0.000000000000000000e+00	0.000000000000000000e+00	0.000000000000000000e+00	0.000000000000000000e+00
0.000000000000000000e+00	0.000000000000000000e+00	0.000000000000000000e+00	0.000000000000000000e+00	0.000000000000000000e+00
0.000000000000000000e+00	0.000000000000000000e+00	0.000000000000000000e+00	0.000000000000000000e+00	0.000000000000000000e+00
0.000000000000000000e+00	0.000000000000000000e+00	0.000000000000000000e+00	0.000000000000000000e+00	0.000000000000000000e+00
0.000000000000000000e+00	0.000000000000000000e+00	0.000000000000000000e+00	0.000000000000000000e+00	0.000000000000000000e+00
0.000000000000000000e+00	0.000000000000000000e+00	0.000000000000000000e+00	0.000000000000000000e+00	0.000000000000000000e+00
0.000000000000000000e+00	0.000000000000000000e+00	0.000000000000000000e+00	0.000000000000000000e+00	0.000000000000000000e+00
0.000000000000000000e+00	0.000000000000000000e+00	0.000000000000000000e+00	0.000000000000000000e+00	0.000000000000000000e+00
0.000000000000000000e+00	0.000000000000000000e+00	0.000000000000000000e+00	0.000000000000000000e+00	0.000000000000000000e+00
0.000000000000000000e+00	0.000000000000000000e+00	0.000000000000000000e+00	0.000000000000000000e+00	0.000000000000000000e+00
0.000000000000000000e+00	0.000000000000000000e+00	0.000000000000000000e+00	0.000000000000000000e+00	0.000000000000000000e+00
0.000000000000000000e+00	0.000000000000000000e+00	0.000000000000000000e+00	0.000000000000000000e+00	0.000000000000000000e+00
0.000000000000000000e+00	0.000000000000000000e+00	0.000000000000000000e+00	0.000000000000000000e+00	0.000000000000000000e+00
0.000000000000000000e+00	0.000000000000000000e+00	0.000000000000000000e+00	0.000000000000000000e+00	0.000000000000000000e+00
0.000000000000000000e+00	0.000000000000000000e+00	0.000000000000000000e+00	0.000000000000000000e+00	0.000000000000000000e+00
0.000000000000000000e+00	0.000000000000000000e+00	0.000000000000000000e+00	0.000000000000000000e+00	0.000000000000000000e+00
0.000000000000000000e+00	0.000000000000000000e+00	0.000000000000000000e+00	0.000000000000000000e+00	0.000000000000000000e+00
0.000000000000000000e+00	0.000000000000000000e+00	0.000000000000000000e+00	0.000000000000000000e+00	0.000000000000000000e+00
0.000000000000000000e+00	0.000000000000000000e+00	0.000000000000000000e+00	0.000000000000000000e+00	0.000000000000000000e+00
0.000000000000000000e+00	0.000000000000000000e+00	0.000000000000000000e+00	0.000000000000000000e+00	0.000000000000000000e+00
0.000000000000000000e+00	0.000000000000000000e+00	0.000000000000000000e+00	0.000000000000000000e+00	0.000000000000000000e+00
0.000000000000000000e+00	0.000000000000000000e+00	0.000000000000000000e+00	0.000000000000000000e+00	0.000000000000000000e+00
0.000000000000000000e+00	0.000000000000000000e+00	0.000000000000000000e+00	0.000000000000000000e+00	0.000000000000000000e+00
0.000000000000000000e+00	0.000000000000000000e+00	0.000000000000000000e+00	0.000000000000000000e+00	0.000000000000000000e+00
0.000000000000000000e+00	0.000000000000000000e+00	0.000000000000000000e+00	0.000000000000000000e+00	0.000000000000000000e+00
0.000000000000000000e+00	0.000000000000000000e+00	0.000000000000000000e+00	0.000000000000000000e+00	0.000000000000000000e+00
0.000000000000000000e+00	0.000000000000000000e+00	0.000000000000000000e+00	0.000000000000000000e+00	0.000000000000000000e+00
0.000000000000000000e+00	0.000000000000000000e+00	0.000000000000000000e+00	0.000000000000000000e+00	0.000000000000000000e+00
0.000000000000000000e+00	0.000000000000000000e+00	0.000000000000000000e+00	0.000000000000000000e+00	0.000000000000000000e+00
0.000000000000000000e+00	0.000000000000000000e+00	0.000000000000000000e+00	0.000000000000000000e+00	0.000000000000000000e+00
0.000000000000000000e+00	0.000000000000000000e+00	0.000000000000000000e+00	0.000000000000000000e+00	0.000000000000000000e+00
0.000000000000000000e+00	0.000000000000000000e+00	0.000000000000000000e+00	0.000000000000000000e+00	0.000000000000000000e+00
0.000000000000000000e+00	0.000000000000000000e+00	0.000000000000000000e+00	0.000000000000000000e+00	0.000000000000000000e+00
0.000000000000000000e+00	0.000000000000000000e+00	0.000000000000000000e+00	0.000000000000000000e+00	0.000000000000000000e+00
0.000000000000000000e+00	0.000000000000000000e+00	0.000000000000000000e+00	0.000000000000000000e+00	0.000000000000000000e+00
0.000000000000000000e+00	0.000000000000000000e+00	0.000000000000000000e+00	0.000000000000000000e+00	0.000000000000000000e+00
0.000000000000000000e+00	0.000000000000000000e+00	0.000000000000000000e+00	0.000000000000000000e+00	0.000000000000000000e+00
0.000000000000000000e+00	0.000000000000000000e+00	0.000000000000000000e+00	0.000000000000000000e+00	0.000000000000000000e+00
0.000000000000000000e+00	0.000000000000000000e+00	0.000000000000000000e+00	0.000000000000000000e+00	0.000000000000000000e+00
0.000000000000000000e+00	0.000000000000000000e+00	0.000000000000000000e+00	0.000000000000000000e+00	0.000000000000000000e+00
0.000000000000000000e+00	0.000000000000000000e+00	0.000000000000000000e+00	0.000000000000000000e+00	0.000000000000000000e+00
0.000000000000000000e+00	0.000000000000000000e+00	0.000000000000000000e+00	0.000000000000000000e+00	0.000000000000000000e+00
0.000000000000000000e+00	0.000000000000000000e+00	0.000000000000000000e+00	0.000000000000000000e+00	0.000000000000000000e+00
0.000000000000000000e+00	0.000000000000000000e+00	0.000000000000000000e+00	0.000000000000000000e+00	0.000000000000000000e+00
0.000000000000000000e+00	0.000000000000000000e+00	0.000000000000000000e+00	0.000000000000000000e+00	0.000000000000000000e+00
0.000000000000000000e+00	0.000000000000000000e+00	0.000000000000000000e+00	0.000000000000000000e+00	0.000000000000000000e+00
0.000000000000000000e+00	0.000000000000000000e+00	0.000000000000000000e+00	0.000000000000000000e+00	0.000000000000000000e+00
0.000000000000000000e+00	0.000000000000000000e+00	0.000000000000000000e+00	0.000000000000000000e+00	0.000000000000000000e+00
0.000000000000000000e+00	0.000000000000000000e+00	0.000000000000000000e+00	0.000000000000000000e+00	0.000000000000000000e+00
0.000000000000000000e+00	0.000000000000000000e+00	0.000000000000000000e+00	0.000000000000000000e+00	0.000000000000000000e+00
0.000000000000000000e+00	0.000000000000000000e+00	0.000000000000000000e+00	0.000000000000000000e+00	0.000000000000000000e+00
0.000000000000000000e+00	0.000000000000000000e+00	0.000000000000000000e+00	0.000000000000000000e+00	0.000000000000000000e+00
0.000000000000000000e+00	0.000000000000000000e+00	0.000000000000000000e+00	0.000000000000000000e+00	0.000000000000000000e+00
0.000000000000000000e+00	0.000000000000000000e+00	0.000000000000000000e+00	0.000000000000000000e+00	0.000000000000000000e+00
0.000000000000000000e+00	0.000000000000000000e+00	0.000000000000000000e+00	0.000000000000000000e+00	0.000000000000000000e+00
0.000000000000000000e+00	0.000000000000000000e+00	0.000000000000000000e+00	0.000000000000000000e+00	0.000000000000000000e+00
0.000000000000000000e+00	0.000000000000000000e+00	0.000000000000000000e+00	0.000000000000000000e+00	0.000000000000000000e+00
0.000000000000000000e+00	0.000000000000000000e+00	0.000000000000000000e+00	0.000000000000000000e+00	0.000000000000000000e+00
0.000000000000000000e+00	0.000000000000000000e+00	0.000000000000000000e+00	0.000000000000000000e+00	0.000000000000000000e+00
0.000000000000000000e+00	0.000000000000000000e+00	0.000000000000000000e+00	0.000000000000000000e+00	0.000000000000000000e+00
0.000000000000000000e+00	0.000000000000000000e+00	0.000000000000000000e+00	0.000000000000000000e+00	0.000000000000000000e+00
0.000000000000000000e+00	0.000000000000000000e+00	0.000000000000000000e+00	0.000000000000000000e+00	0.000000000000000000e+00
0.000000000000000000e+00	0.000000000000000000e+00	0.000000000000000000e+00	0.000000000000000000e+00	0.000000000000000000e+00
0.000000000000000000e+00	0.000000000000000000e+00	0.000000000000000000e+00	0.000000000000000000e+00	0.000000000000000000e+00
0.000000000000000000e+00	0.000000000000000000e+00	0.000000000000000000e+00	0.000000000000000000e+00	0.000000000000000000e+00
0.000000000000000000e+00	0.000000000000000000e+00	0.000000000000000000e+00	0.000000000000000000e+00	0.000000000000000000e+00
0.000000000000000000e+00	0.000000000000000000e+00	0.000000000000000000e+00	0.000000000000000000e+00	0.000000000000000000e+00
0.000000000000000000e+00	0.000000000000000000e+00	0.000000000000000000e+00	0.000000000000000000e+00	0.000000000000000000e+00
0.000000000000000000e+00	0.000000000000000000e+00	0.000000000000000000e+00	0.000000000000000000e+00	0.000000000000000000e+00
0.000000000000000000e+00	0.000000000000000000e+00	0.000000000000000000e+00	0.000000000000000000e+00	0.000000000000000000e+00
0.000000000000000000e+00	0.000000000000000000e+00	0.000000000000000000e+00	0.000000000000000000e+00	0.000000000000000000e+00
0.000000000000000000e+00	0.000000000000000000e+00	0.000000000000000000e+00	0.000000000000000000e+00	0.000000000000000000e+00
0.000000000000000000e+00	0.000000000000000000e+00	0.000000000000000000e+00	0.000000000000000000e+00	0.000000000000000000e+00
0.000000000000000000e+00	0.000000000000000000e+00	0.000000000000000000e+00	0.000000000000000000e+00	0.000000000000000000e+00
0.000000000000000000e+00	0.000000000000000000e+00	0.000000000000000000e+00	0.000000000000000000e+00	0.000000000000000000e+00
0.000000000000000000e+00	0.000000000000000000e+00	0.000000000000000000e+00	0.000000000000000000e+00	0.000000000000000000e+00
0.000000000000000000e+00	0.000000000000000000e+00	0.000000000000000000e+00	0.000000000000000000e+00	0.000000000000000000e+00
0.000000000000000000e+00	0.000000000000000000e+00	0.000000000000000000e+00	0.000000000000000000e+00	0.000000000000000000e+00
0.000000000000000000e+00	0.000000000000000000e+00	0.000000000000000000e+00	0.000000000000000000e+00	0.000000000000000000e+00
0.000000000000000000e+00	0.000000000000000000e+00	0.000000000000000000e+00	0.000000000000000000e+00	0.000000000000000000e+00
0.000000000000000000e+00	0.000000000000000000e+00	0.000000000000000000e+00	0.000000000000000000e+00	0.000000000000000000e+00
0.000000000000000000e+00	0.000000000000000000e+00	0.000000000000000000e+00	0.000000000000000000e+00	0.000000000000000000e+00
0.000000000000000000e+00	0.000000000000000000e+00	0.000000000000000000e+00	0.000000000000000000e+00	0.000000000000000000e+00
0.000000000000000000e+00	0.000000000000000000e+00	0.000000000000000000e+00	0.000000000000000000e+00	0.000000000000000000e+00
0.000000000000000000e+00	0.000000000000000000e+00	0.000000000000000000e+00	0.000000000000000000e+00	0.000000000000000000e+00
0.000000000000000000e+00	0.000000000000000000e+00	0.000000000000000000e+00	0.000000000000000000e+00	0.000000000000000000e+00
0.000000000000000000e+00	0.000000000000000000e+00	0.000000000000000000e+00	0.000000000000000000e+00	0.000000000000000000e+00
0.000000000000000000e+00	0.000000000000000000e+00	0.000000000000000000e+00	0.000000000000000000e+00	0.000000000000000000e+00
0.000000000000000000e+00	0.000000000000000000e+00	0.000000000000000000e+00	0.000000000000000000e+00	0.000000000000000000e+00
0.000000000000000000e+00	0.000000000000000000e+00	0.000000000000000000e+00	0.000000000000000000e+00	0.000000000000000000e+00
0.000000000000000000e+00	0.000000000000000000e+00	0.000000000000000000e+00	0.000000000000000000e+00	0.000000000000000000e+00
0.000000000000000000e+00	0.000000000000000000e+00	0.000000000000000000e+00	0.000000000000000000e+00	0.000000000000000000e+00
0.000000000000000000e+00	0.000000000000000000e+00	0.000000000000000000e+00	0.000000000000000000e+00	0.000000000000000000e+00
0.000000000000000000e+00	0.000000000000000000e+00	0.000000000000000000e+00	0.000000000000000000e+00	0.000000000000000000e+00
0.000000000000000000e+00	0.000000000000000000e+00	0.000000000000000000e+00	0.000000000000000000e+00	0.000000000000000000e+00
0.000000000000000000e+00	0.000000000000000000e+00	0.000000000000000000e+00	0.000000000000000000e+00	0.000000000000000000e+00
0.000000000000000000e+00	0.000000000000000000e+00	0.000000000000000000e+00	0.000000000000000000e+00	0.000000000000000000e+00
0.000000000000000000e+00	0.000000000000000000e+00	0.000000000000000000e+00	0.000000000000000000e+00	0.000000000000000000e+00
0.000000000000000000e+00	0.000000000000000000e+00	0.000000000000000000e+00	0.000000000000000000e+00	0.000000000000000000e+00
0.000000000000000000e+00	0.000000000000000000e+00	0.000000000000000000e+00	0.000000000000000000e+00	0.000000000000000000e+00
0.000000000000000000e+00	0.000000000000000000e+00	0.000000000000000000e+00	0.000000000000000000e+00	0.000000000000000000e+00
0.000000000000000000e+00	0.000000000000000000e+00	0.000000000000000000e+00	0.000000000000000000e+00	0.000000000000000000e+00
0.000000000000000000e+00	0.000000000000000000e+00	0.000000000000000000e+00	0.000000000000000000e+00	0.000000000000000000e+00
0.000000000000000000e+00	0.000000000000000000e+00	0.000000000000000000e+00	0.000000000000000000e+00	0.000000000000000000e+00
0.000000000000000000e+00	0.000000000000000000e+00	0.000000000000000000e+00	0.000000000000000000e+00	0.000000000000000000e+00
0.000000000000000000e+00	0.000000000000000000e+00	0.000000000000000000e+00	0.000000000000000000e+00	0.000000000000000000e+00
0.000000000000000000e+00	0.000000000000000000e+00	0.000000000000000000e+00	0.000000000000000000e+00	0.000000000000000000e+00
0.000000000000000000e+00	0.000000000000000000e+00	0.000000000000000000e+00	0.000000000000000000e+00	0.000000000000000000e+00
0.000000000000000000e+00	0.000000000000000000e+00	0.000000000000000000e+00	0.000000000000000000e+00	0.000000000000000000e+00
0.000000000000000000e+00	0.000000000000000000e+00	0.000000000000000000e+00	0.000000000000000000e+00	0.000000000000000000e+00
0.000000000000000000e+00	0.000000000000000000e+00	0.000000000000000000e+00	0.000000000000000000e+00	0.000000000000000000e+00
0.000000000000000000e+00	0.000000000000000000e+00	0.000000000000000000e+00	0.000000000000000000e+00	0.000000000000000000e+00
0.000000000000000000e+00	0.000000000000000000e+00	0.000000000000000000e+00	0.000000000000000000e+00	0.000000000000000000e+00
0.000000000000000000e+00	0.000000000000000000e+00	0.000000000000000000e+00	0.000000000000000000e+00	0.000000000000000000e+00
0.000000000000000000e+00	0.000000000000000000e+00	0.000000000000000000e+00	0.000000000000000000e+00	0.000000000000000000e+00
0.000000000000000000e+00	0.000000000000000000e+00	0.000000000000000000e+00	0.000000000000000000e+00	0.000000000000000000e+00
0.000000000000000000e+00	0.000000000000000000e+00	0.000000000000000000e+00	0.000000000000000000e+00	0.000000000000000000e+00
0.000000000000000000e+00	0.000000000000000000e+00	0.000000000000000000e+00	0.000000000000000000e+00	0.000000000000000000e+00
0.000000000000000000e+00	0.000000000000000000e+00	0.000000000000000000e+00	0.000000000000000000e+00	0.000000000000000000e+00
0.000000000000000000e+00	0.000000000000000000e+00	0.000000000000000000e+00	0.000000000000000000e+00	0.000000000000000000e+00
0.000000000000000000e+00	0.000000000000000000e+00	0.000000000000000000e+00	0.000000000000000000e+00	0.000000000000000000e+00
0.000000000000000000e+00	0.000000000000000000e+00	0.000000000000000000e+00	0.000000000000000000e+00	0.000000000000000000e+00
0.000000000000000000e+00	0.000000000000000000e+00	0.000000000000000000e+00	0.000000000000000000e+00	0.000000000000000000e+00
0.000000000000000000e+00	0.000000000000000000e+00	0.000000000000000000e+00	0.000000000000000000e+00	0.000000000000000000e+00
0.000000000000000000e+00	0.000000000000000000e+00	0.000000000000000000e+00	0.000000000000000000e+00	0.000000000000000000e+00
0.000000000000000000e+00	0.000000000000000000e+00	0.000000000000000000e+00	0.000000000000000000e+00	0.000000000000000000e+00
0.000000000000000000e+00	0.000000000000000000e+00	0.000000000000000000e+00	0.000000000000000000e+00	0.000000000000000000e+00
0.000000000000000000e+00	0.000000000000000000e+00	0.000000000000000000e+00	0.000000000000000000e+00	0.000000000000000000e+00
0.000000000000000000e+00	0.000000000000000000e+00	0.000000000000000000e+00	0.000000000000000000e+00	0.000000000000000000e+00
0.000000000000000000e+00	0.000000000000000000e+00	0.000000000000000000e+00	0.000000000000000000e+00	0.000000000000000000e+00
0.000000000000000000e+00	0.000000000000000000e+00	0.000000000000000000e+00	0.000000000000000000e+00	0.000000000000000000e+00
0.000000000000000000e+00	0.000000000000000000e+00	0.000000000000000000e+00	0.000000000000000000e+00	0.000000000000000000e+00
0.000000000000000000e+00	0.000000000000000000e+00	0.000000000000000000e+00	0.000000000000000000e+00	0.000000000000000000e+00
0.000000000000000000e+00	0.000000000000000000e+00	0.000000000000000000e+00	0.000000000000000000e+00	0.000000000000000000e+00
0.000000000000000000e+00	0.000000000000000000e+00	0.000000000000000000e+00	0.000000000000000000e+00	0.000000000000000000e+00
0.000000000000000000e+00	0.000000000000000000e+00	0.000000000000000000e+00	0.000000000000000000e+00	0.000000000000000000e+00
0.000000000000000000e+00	0.000000000000000000e+00	0.000000000000000000e+00	0.000000000000000000e+00	0.000000000000000000e+00
0.000000000000000000e+00	0.000000000000000000e+00	0.000000000000000000e+00	0.000000000000000000e+00	0.000000000000000000e+00
0.000000000000000000e+00	0.000000000000000000e+00	0.000000000000000000e+00	0.000000000000000000e+00	0.000000000000000000e+00
0.000000000000000000e+00	0.000000000000000000e+00	0.000000000000000000e+00	0.000000000000000000e+00	0.000000000000000000e+00
0.000000000000000000e+00	0.000000000000000000e+00	0.000000000000000000e+00	0.000000000000000000e+00	0.000000000000000000e+00
0.000000000000000000e+00	0.000000000000000000e+00	0.000000000000000000e+00	0.000000000000000000e+00	0.000000000000000000e+00
0.000000000000000000e+00	0.000000000000000000e+00	0.000000000000000000e+00	0.000000000000000000e+00	0.000000000000000000e+00
0.000000000000000000e+00	0.000000000000000000e+00	0.000000000000000000e+00	0.000000000000000000e+00	0.000000000000000000e+00
0.000000000000000000e+00	0.000000000000000000e+00	0.000000000000000000e+00	0.000000000000000000e+00	0.000000000000000000e+00
0.000000000000000000e+00	0.000000000000000000e+00	0.000000000000000000e+00	0.000000000000000000e+00	0.000000000000000000e+00
0.000000000000000000e+00	0.000000000000000000e+00	0.000000000000000000e+00	0.000000000000000000e+00	0.000000000000000000e+00
0.000000000000000000e+00	0.000000000000000000e+00	0.000000000000000000e+00	0.000000000000000000e+00	0.000000000000000000e+00
0.000000000000000000e+00	0.000000000000000000e+00	0.000000000000000000e+00	0.000000000000000000e+00	0.000000000000000000e+00
0.000000000000000000e+00	0.000000000000000000e+00	0.000000000000000000e+00	0.000000000000000000e+00	0.000000000000000000e+00
0.000000000000000000e+00	0.000000000000000000e+00	0.000000000000000000e+00	0.000000000000000000e+00	0.000000000000000000e+00
0.000000000000000000e+00	0.000000000000000000e+00	0.000000000000000000e+00	0.000000000000000000e+00	0.000000000000000000e+00
0.000000000000000000e+00	0.000000000000000000e+00	0.000000000000000000e+00	0.000000000000000000e+00	0.000000000000000000e+00
0.000000000000000000e+00	0.000000000000000000e+00	0.000000000000000000e+00	0.000000000000000000e+00	0.000000000000000000e+00
0.000000000000000000e+00	0.000000000000000000e+00	0.000000000000000000e+00	0.000000000000000000e+00	0.000000000000000000e+00
0.000000000000000000e+00	0.000000000000000000e+00	0.000000000000000000e+00	0.000000000000000000e+00	0.000000000000000000e+00
0.000000000000000000e+00	0.000000000000000000e+00	0.000000000000000000e+00	0.000000000000000000e+00	0.000000000000000000e+00
0.000000000000000000e+00	0.000000000000000000e+00	0.000000000000000000e+00	0.000000000000000000e+00	0.000000000000000000e+00
0.000000000000000000e+00	0.000000000000000000e+00	0.000000000000000000e+00	0.000000000000000000e+00	0.000000000000000000e+00
0.000000000000000000e+00	0.000000000000000000e+00	0.000000000000000000e+00	0.000000000000000000e+00	0.000000000000000000e+00
0.000000000000000000e+00	0.000000000000000000e+00	0.000000000000000000e+00	0.000000000000000000e+00	0.000000000000000000e+00
0.000000000000000000e+00	0.000000000000000000e+00	0.000000000000000000e+00	0.000000000000000000e+00	0.000000000000000000e+00
0.000000000000000000e+00	0.000000000000000000e+00	0.000000000000000000e+00	0.000000000000000000e+00	0.000000000000000000e+00
0.000000000000000000e+00	0.000000000000000000e+00	0.000000000000000000e+00	0.000000000000000000e+00	0.000000000000000000e+00
0.000000000000000000e+00	0.000000000000000000e+00	0.000000000000000000e+00	0.000000000000000000e+00	0.000000000000000000e+00
0.000000000000000000e+00	0.000000000000000000e+00	0.000000000000000000e+00	0.000000000000000000e+00	0.000000000000000000e+00
0.000000000000000000e+00	0.000000000000000000e+00	0.000000000000000000e+00	0.000000000000000000e+00	0.000000000000000000e+00
0.000000000000000000e+00	0.000000000000000000e+00	0.000000000000000000e+00	0.000000000000000000e+00	0.000000000000000000e+00
0.000000000000000000e+00	0.000000000000000000e+00	0.000000000000000000e+00	0.000000000000000000e+00	0.000000000000000000e+00
0.000000000000000000e+00	0.000000000000000000e+00	0.000000000000000000e+00	0.000000000000000000e+00	0.000000000000000000e+00
0.000000000000000000e+00	0.000000000000000000e+00	0.000000000000000000e+00	0.000000000000000000e+00	0.000000000000000000e+00
0.000000000000000000e+00	0.000000000000000000e+00	0.000000000000000000e+00	0.000000000000000000e+00	0.000000000000000000e+00
0.000000000000000000e+00	0.000000000000000000e+00	0.000000000000000000e+00	0.000000000000000000e+00	0.000000000000000000e+00
0.000000000000000000e+00	0.000000000000000000e+00	0.000000000000000000e+00	0.000000000000000000e+00	0.000000000000000000e+00
0.000000000000000000e+00	0.000000000000000000e+00	0.000000000000000000e+00	0.000000000000000000e+00	0.000000000000000000e+00
0.000000000000000000e+00	0.000000000000000000e+00	0.000000000000000000e+00	0.000000000000000000e+00	0.000000000000000000e+00
0.000000000000000000e+00	0.000000000000000000e+00	0.000000000000000000e+00	0.000000000000000000e+00	0.000000000000000000e+00
0.000000000000000000e+00	0.000000000000000000e+00	0.000000000000000000e+00	0.000000000000000000e+00	0.000000000000000000e+00
0.000000000000000000e+00	0.000000000000000000e+00	0.000000000000000000e+00	0.000000000000000000e+00	0.000000000000000000e+00
0.000000000000000000e+00	0.000000000000000000e+00	0.000000000000000000e+00	0.000000000000000000e+00	0.000000000000000000e+00
0.000000000000000000e+00	0.000000000000000000e+00	0.000000000000000000e+00	0.000000000000000000e+00	0.000000000000000000e+00
0.000000000000000000e+00	0.000000000000000000e+00	0.000000000000000000e+00	0.000000000000000000e+00	0.000000000000000000e+00
0.000000000000000000e+00	0.000000000000000000e+00	0.000000000000000000e+00	0.000000000000000000e+00	0.000000000000000000e+00
0.000000000000000000e+00	0.000000000000000000e+00	0.000000000000000000e+00	0.000000000000000000e+00	0.000000000000000000e+00
0.000000000000000000e+00	0.000000000000000000e+00	0.000000000000000000e+00	0.000000000000000000e+00	0.000000000000000000e+00
0.000000000000000000e+00	0.000000000000000000e+00	0.000000000000000000e+00	0.000000000000000000e+00	0.000000000000000000e+00
0.000000000000000000e+00	0.000000000000000000e+00	0.000000000000000000e+00	0.000000000000000000e+00	0.000000000000000000e+00
0.000000000000000000e+00	0.000000000000000000e+00	0.000000000000000000e+00	0.000000000000000000e+00	0.000000000000000000e+00
0.000000000000000000e+00	0.000000000000000000e+00	0.000000000000000000e+00	0.000000000000000000e+00	0.000000000000000000e+00
0.000000000000000000e+00	0.000000000000000000e+00	0.000000000000000000e+00	0.000000000000000000e+00	0.000000000000000000e+00
0.000000000000000000e+00	0.000000000000000000e+00	0.000000000000000000e+00	0.000000000000000000e+00	0.000000000000000000e+00
0.000000000000000000e+00	0.000000000000000000e+00	0.000000000000000000e+00	0.000000000000000000e+00	0.000000000000000000e+00
0.000000000000000000e+00	0.000000000000000000e+00	0.000000000000000000e+00	0.000000000000000000e+00	0.000000000000000000e+00
0.000000000000000000e+00	0.000000000000000000e+00	0.000000000000000000e+00	0.000000000000000000e+00	0.000000000000000000e+00
0.000000000000000000e+00	0.000000000000000000e+00	0.000000000000000000e+00	0.000000000000000000e+00	0.000000000000000000e+00
0.000000000000000000e+00	0.000000000000000000e+00	0.000000000000000000e+00	0.000000000000000000e+00	0.000000000000000000e+00
0.000000000000000000e+00	0.000000000000000000e+00	0.000000000000000000e+00	0.000000000000000000e+00	0.000000000000000000e+00
0.000000000000000000e+00	0.000000000000000000e+00	0.000000000000000000e+00	0.000000000000000000e+00	0.000000000000000000e+00
0.000000000000000000e+00	0.000000000000000000e+00	0.000000000000000000e+00	0.000000000000000000e+00	0.000000000000000000e+00
0.000000000000000000e+00	0.000000000000000000e+00	0.000000000000000000e+00	0.000000000000000000e+00	0.000000000000000000e+00
0.000000000000000000e+00	0.000000000000000000e+00	0.000000000000000000e+00	0.000000000000000000e+00	0.000000000000000000e+00
0.000000000000000000e+00	0.000000000000000000e+00	0.000000000000000000e+00	0.000000000000000000e+00	0.000000000000000000e+00
0.000000000000000000e+00	0.000000000000000000e+00	0.000000000000000000e+00	0.000000000000000000e+00	0.000000000000000000e+00
0.000000000000000000e+00	0.000000000000000000e+00	0.000000000000000000e+00	0.000000000000000000e+00	0.000000000000000000e+00
0.000000000000000000e+00	0.000000000000000000e+00	0.000000000000000000e+00	0.000000000000000000e+00	0.000000000000000000e+00
0.000000000000000000e+00	0.000000000000000000e+00	0.000000000000000000e+00	0.000000000000000000e+00	0.000000000000000000e+00
0.000000000000000000e+00	0.000000000000000000e+00	0.000000000000000000e+00	0.000000000000000000e+00	0.000000000000000000e+00
0.000000000000000000e+00	0.000000000000000000e+00	0.000000000000000000e+00	0.000000000000000000e+00	0.000000000000000000e+00
0.000000000000000000e+00	0.000000000000000000e+00	0.000000000000000000e+00	0.000000000000000000e+00	0.000000000000000000e+00
0.000000000000000000e+00	0.000000000000000000e+00	0.000000000000000000e+00	0.000000000000000000e+00	0.000000000000000000e+00
0.000000000000000000e+00	0.000000000000000000e+00	0.000000000000000000e+00	0.000000000000000000e+00	0.000000000000000000e+00
-3.000847000000000116e+04	0.000000000000000000e+00	0.000000000000000000e+00	3.112887966551713612e-02	0.000000000000000000e+00
-3.000845999999999913e+04	0.000000000000000000e+00	0.000000000000000000e+00	3.326517532883693784e-02	0.000000000000000000e+00
-3.000845000000000073e+04	0.000000000000000000e+00	0.000000000000000000e+00	2.899258400219733439e-02	0.000000000000000000e+00
-3.000843999999999869e+04	0.000000000000000000e+00	0.000000000000000000e+00	3.540147099215674303e-02	0.000000000000000000e+00
-3.000843999999999869e+04	0.000000000000000000e+00	0.000000000000000000e+00	3.418073061311685534e-02	0.000000000000000000e+00
-3.000843000000000029e+04	0.000000000000000000e+00	0.000000000000000000e+00	2.960295419171727824e-02	0.000000000000000000e+00
-3.000841999999999825e+04	0.000000000000000000e+00	0.000000000000000000e+00	3.082369457075716593e-02	0.000000000000000000e+00
-3.000841999999999825e+04	0.000000000000000000e+00	0.000000000000000000e+00	3.753776665547654823e-02	0.000000000000000000e+00
-3.000840999999999985e+04	0.000000000000000000e+00	0.000000000000000000e+00	1.678518021179845748e-02	0.000000000000000000e+00
-3.000840999999999985e+04	0.000000000000000000e+00	0.000000000000000000e+00	3.051850947599719227e-02	0.000000000000000000e+00
-3.000840000000000146e+04	0.000000000000000000e+00	0.000000000000000000e+00	3.143406476027710977e-02	0.000000000000000000e+00
-3.000838000000000102e+04	0.000000000000000000e+00	0.000000000000000000e+00	4.058961760307626399e-02	0.000000000000000000e+00
-3.000836999999999898e+04	0.000000000000000000e+00	0.000000000000000000e+00	2.868739890743736073e-02	0.000000000000000000e+00
-3.000836999999999898e+04	0.000000000000000000e+00	0.000000000000000000e+00	3.906369212927640611e-02	0.000000000000000000e+00
-3.000834999999999854e+04	0.000000000000000000e+00	0.000000000000000000e+00	3.082369457075716593e-02	0.000000000000000000e+00
-3.000834999999999854e+04	0.000000000000000000e+00	0.000000000000000000e+00	2.899258400219733439e-02	0.000000000000000000e+00
-3.000834000000000015e+04	0.000000000000000000e+00	0.000000000000000000e+00	4.211554307687612880e-02	0.000000000000000000e+00
-3.000831999999999971e+04	0.000000000000000000e+00	0.000000000000000000e+00	4.119998779259621130e-02	0.000000000000000000e+00
-3.000831999999999971e+04	0.000000000000000000e+00	0.000000000000000000e+00	4.455702383495590418e-02	0.000000000000000000e+00
-3.000831000000000131e+04	0.000000000000000000e+00	0.000000000000000000e+00	3.875850703451643592e-02	0.000000000000000000e+00
-3.000829999999999927e+04	0.000000000000000000e+00	0.000000000000000000e+00	3.418073061311685534e-02	0.000000000000000000e+00
-3.000829999999999927e+04	0.000000000000000000e+00	0.000000000000000000e+00	3.357036042359691497e-02	0.000000000000000000e+00
-3.000829000000000087e+04	0.000000000000000000e+00	0.000000000000000000e+00	3.997924741355632361e-02	0.000000000000000000e+00
-3.000827999999999884e+04	0.000000000000000000e+00	0.000000000000000000e+00	4.028443250831629380e-02	0.000000000000000000e+00
-3.000827000000000044e+04	0.000000000000000000e+00	0.000000000000000000e+00	4.028443250831629380e-02	0.000000000000000000e+00
-3.000825999999999840e+04	0.000000000000000000e+00	0.000000000000000000e+00	3.357036042359691497e-02	0.000000000000000000e+00
-3.000825000000000000e+04	0.000000000000000000e+00	0.000000000000000000e+00	4.730368968779564975e-02	0.000000000000000000e+00
-3.000825000000000000e+04	0.000000000000000000e+00	0.000000000000000000e+00	3.234962004455702728e-02	0.000000000000000000e+00
-3.000824000000000160e+04	0.000000000000000000e+00	0.000000000000000000e+00	3.326517532883693784e-02	0.000000000000000000e+00
-3.000822000000000116e+04	0.000000000000000000e+00	0.000000000000000000e+00	3.875850703451643592e-02	0.000000000000000000e+00
-3.000820999999999913e+04	0.000000000000000000e+00	0.000000000000000000e+00	3.448591570787682553e-02	0.000000000000000000e+00
-3.000818999999999869e+04	0.000000000000000000e+00	0.000000000000000000e+00	3.357036042359691497e-02	0.000000000000000000e+00
-3.000818000000000029e+04	0.000000000000000000e+00	0.000000000000000000e+00	3.357036042359691497e-02	0.000000000000000000e+00
-3.000816999999999825e+04	0.000000000000000000e+00	0.000000000000000000e+00	3.295999023407696765e-02	0.000000000000000000e+00
-3.000815999999999985e+04	0.000000000000000000e+00	0.000000000000000000e+00	3.051850947599719227e-02	0.000000000000000000e+00
-3.000815000000000146e+04	0.000000000000000000e+00	0.000000000000000000e+00	4.089480269783624111e-02	0.000000000000000000e+00
-3.000813000000000102e+04	0.000000000000000000e+00	0.000000000000000000e+00	3.540147099215674303e-02	0.000000000000000000e+00
-3.000813000000000102e+04	0.000000000000000000e+00	0.000000000000000000e+00	3.295999023407696765e-02	0.000000000000000000e+00
-3.000811999999999898e+04	0.000000000000000000e+00	0.000000000000000000e+00	3.418073061311685534e-02	0.000000000000000000e+00
-3.000811000000000058e+04	0.000000000000000000e+00	0.000000000000000000e+00	3.448591570787682553e-02	0.000000000000000000e+00
-3.000809000000000015e+04	0.000000000000000000e+00	0.000000000000000000e+00	3.814813684499648860e-02	0.000000000000000000e+00
-3.000809000000000015e+04	0.000000000000000000e+00	0.000000000000000000e+00	3.662221137119663072e-02	0.000000000000000000e+00
-3.000808000000000175e+04	0.000000000000000000e+00	0.000000000000000000e+00	4.303109836115603937e-02	0.000000000000000000e+00
-3.000806999999999971e+04	0.000000000000000000e+00	0.000000000000000000e+00	2.197332682271797843e-02	0.000000000000000000e+00
-3.000806000000000131e+04	0.000000000000000000e+00	0.000000000000000000e+00	3.326517532883693784e-02	0.000000000000000000e+00
-3.000804999999999927e+04	0.000000000000000000e+00	0.000000000000000000e+00	3.662221137119663072e-02	0.000000000000000000e+00
-3.000804999999999927e+04	0.000000000000000000e+00	0.000000000000000000e+00	3.448591570787682553e-02	0.000000000000000000e+00
-3.000804000000000087e+04	0.000000000000000000e+00	0.000000000000000000e+00	3.845332193975646573e-02	0.000000000000000000e+00
-3.000802999999999884e+04	0.000000000000000000e+00	0.000000000000000000e+00	4.089480269783624111e-02	0.000000000000000000e+00
-3.000802000000000044e+04	0.000000000000000000e+00	0.000000000000000000e+00	3.784295175023651842e-02	0.000000000000000000e+00
-3.000802000000000044e+04	0.000000000000000000e+00	0.000000000000000000e+00	3.936887722403637629e-02	0.000000000000000000e+00
-3.000800999999999840e+04	0.000000000000000000e+00	0.000000000000000000e+00	4.852443006683553745e-02	0.000000000000000000e+00
-3.000800000000000000e+04	0.000000000000000000e+00	0.000000000000000000e+00	3.997924741355632361e-02	0.000000000000000000e+00
-3.000799000000000160e+04	0.000000000000000000e+00	0.000000000000000000e+00	3.875850703451643592e-02	0.000000000000000000e+00
-3.000797999999999956e+04	0.000000000000000000e+00	0.000000000000000000e+00	3.143406476027710977e-02	0.000000000000000000e+00
-3.000797999999999956e+04	0.000000000000000000e+00	0.000000000000000000e+00	3.906369212927640611e-02	0.000000000000000000e+00
-3.000797000000000116e+04	0.000000000000000000e+00	0.000000000000000000e+00	3.082369457075716593e-02	0.000000000000000000e+00
-3.000795999999999913e+04	0.000000000000000000e+00	0.000000000000000000e+00	3.570665608691671322e-02	0.000000000000000000e+00
-3.000795999999999913e+04	0.000000000000000000e+00	0.000000000000000000e+00	3.814813684499648860e-02	0.000000000000000000e+00
-3.000795000000000073e+04	0.000000000000000000e+00	0.000000000000000000e+00	3.692739646595660091e-02	0.000000000000000000e+00
-3.000793999999999869e+04	0.000000000000000000e+00	0.000000000000000000e+00	5.432294686727500571e-02	0.000000000000000000e+00
-3.000793000000000029e+04	0.000000000000000000e+00	0.000000000000000000e+00	4.303109836115603937e-02	0.000000000000000000e+00
-3.000791999999999825e+04	0.000000000000000000e+00	0.000000000000000000e+00	3.204443494979705015e-02	0.000000000000000000e+00
-3.000791999999999825e+04	0.000000000000000000e+00	0.000000000000000000e+00	4.150517288735618149e-02	0.000000000000000000e+00
-3.000790000000000146e+04	0.000000000000000000e+00	0.000000000000000000e+00	3.143406476027710977e-02	0.000000000000000000e+00
-3.000790000000000146e+04	0.000000000000000000e+00	0.000000000000000000e+00	3.509628589739677285e-02	0.000000000000000000e+00
-3.000788999999999942e+04	0.000000000000000000e+00	0.000000000000000000e+00	3.906369212927640611e-02	0.000000000000000000e+00
-3.000788000000000102e+04	0.000000000000000000e+00	0.000000000000000000e+00	3.875850703451643592e-02	0.000000000000000000e+00
-3.000786000000000058e+04	0.000000000000000000e+00	0.000000000000000000e+00	4.058961760307626399e-02	0.000000000000000000e+00
-3.000784999999999854e+04	0.000000000000000000e+00	0.000000000000000000e+00	4.821924497207556726e-02	0.000000000000000000e+00
-3.000783000000000175e+04	0.000000000000000000e+00	0.000000000000000000e+00	3.448591570787682553e-02	0.000000000000000000e+00
-3.000783000000000175e+04	0.000000000000000000e+00	0.000000000000000000e+00	3.753776665547654823e-02	0.000000000000000000e+00
-3.000781999999999971e+04	0.000000000000000000e+00	0.000000000000000000e+00	3.906369212927640611e-02	0.000000000000000000e+00
-3.000781000000000131e+04	0.000000000000000000e+00	0.000000000000000000e+00	4.089480269783624111e-02	0.000000000000000000e+00
-3.000779999999999927e+04	0.000000000000000000e+00	0.000000000000000000e+00	5.249183629871517071e-02	0.000000000000000000e+00
-3.000779000000000087e+04	0.000000000000000000e+00	0.000000000000000000e+00	3.692739646595660091e-02	0.000000000000000000e+00
-3.000777000000000044e+04	0.000000000000000000e+00	0.000000000000000000e+00	3.601184118167669035e-02	0.000000000000000000e+00
-3.000775999999999840e+04	0.000000000000000000e+00	0.000000000000000000e+00	3.997924741355632361e-02	0.000000000000000000e+00
-3.000775000000000000e+04	0.000000000000000000e+00	0.000000000000000000e+00	2.746665852839747304e-02	0.000000000000000000e+00
-3.000774000000000160e+04	0.000000000000000000e+00	0.000000000000000000e+00	3.448591570787682553e-02	0.000000000000000000e+00
-3.000774000000000160e+04	0.000000000000000000e+00	0.000000000000000000e+00	3.662221137119663072e-02	0.000000000000000000e+00
-3.000772999999999956e+04	0.000000000000000000e+00	0.000000000000000000e+00	3.112887966551713612e-02	0.000000000000000000e+00
-3.000772999999999956e+04	0.000000000000000000e+00	0.000000000000000000e+00	4.364146855067598668e-02	0.000000000000000000e+00
-3.000772000000000116e+04	0.000000000000000000e+00	0.000000000000000000e+00	3.418073061311685534e-02	0.000000000000000000e+00
-3.000770999999999913e+04	0.000000000000000000e+00	0.000000000000000000e+00	3.051850947599719227e-02	0.000000000000000000e+00
-3.000770000000000073e+04	0.000000000000000000e+00	0.000000000000000000e+00	3.173924985503707996e-02	0.000000000000000000e+00
-3.000770000000000073e+04	0.000000000000000000e+00	0.000000000000000000e+00	3.662221137119663072e-02	0.000000000000000000e+00
-3.000768999999999869e+04	0.000000000000000000e+00	0.000000000000000000e+00	3.326517532883693784e-02	0.000000000000000000e+00
-3.000768999999999869e+04	0.000000000000000000e+00	0.000000000000000000e+00	3.143406476027710977e-02	0.000000000000000000e+00
-3.000768000000000029e+04	0.000000000000000000e+00	0.000000000000000000e+00	3.448591570787682553e-02	0.000000000000000000e+00
-3.000765999999999985e+04	0.000000000000000000e+00	0.000000000000000000e+00	3.662221137119663072e-02	0.000000000000000000e+00
-3.000765000000000146e+04	0.000000000000000000e+00	0.000000000000000000e+00	3.601184118167669035e-02	0.000000000000000000e+00
-3.000763999999999942e+04	0.000000000000000000e+00	0.000000000000000000e+00	3.662221137119663072e-02	0.000000000000000000e+00
-3.000763000000000102e+04	0.000000000000000000e+00	0.000000000000000000e+00	4.821924497207556726e-02	0.000000000000000000e+00
-3.000761999999999898e+04	0.000000000000000000e+00	0.000000000000000000e+00	4.058961760307626399e-02	0.000000000000000000e+00
-3.000761000000000058e+04	0.000000000000000000e+00	0.000000000000000000e+00	4.852443006683553745e-02	0.000000000000000000e+00
-3.000759000000000015e+04	0.000000000000000000e+00	0.000000000000000000e+00	4.516739402447584456e-02	0.000000000000000000e+00
-3.000758000000000175e+04	0.000000000000000000e+00	0.000000000000000000e+00	3.540147099215674303e-02	0.000000000000000000e+00
-3.000758000000000175e+04	0.000000000000000000e+00	0.000000000000000000e+00	3.936887722403637629e-02	0.000000000000000000e+00
-3.000756999999999971e+04	0.000000000000000000e+00	0.000000000000000000e+00	3.509628589739677285e-02	0.000000000000000000e+00
-3.000756000000000131e+04	0.000000000000000000e+00	0.000000000000000000e+00	4.028443250831629380e-02	0.000000000000000000e+00
-3.000754999999999927e+04	0.000000000000000000e+00	0.000000000000000000e+00	3.601184118167669035e-02	0.000000000000000000e+00
-3.000754000000000087e+04	0.000000000000000000e+00	0.000000000000000000e+00	3.234962004455702728e-02	0.000000000000000000e+00
-3.000752999999999884e+04	0.000000000000000000e+00	0.000000000000000000e+00	3.540147099215674303e-02	0.000000000000000000e+00
-3.000752000000000044e+04	0.000000000000000000e+00	0.000000000000000000e+00	3.448591570787682553e-02	0.000000000000000000e+00
-3.000752000000000044e+04	0.000000000000000000e+00	0.000000000000000000e+00	3.845332193975646573e-02	0.000000000000000000e+00
-3.000750999999999840e+04	0.000000000000000000e+00	0.000000000000000000e+00	3.357036042359691497e-02	0.000000000000000000e+00
-3.000750999999999840e+04	0.000000000000000000e+00	0.000000000000000000e+00	4.089480269783624111e-02	0.000000000000000000e+00
-3.000749000000000160e+04	0.000000000000000000e+00	0.000000000000000000e+00	4.394665364543595687e-02	0.000000000000000000e+00
-3.000747999999999956e+04	0.000000000000000000e+00	0.000000000000000000e+00	4.913480025635547782e-02	0.000000000000000000e+00
-3.000747000000000116e+04	0.000000000000000000e+00	0.000000000000000000e+00	4.577776421399579188e-02	0.000000000000000000e+00
-3.000745000000000073e+04	0.000000000000000000e+00	0.000000000000000000e+00	3.753776665547654823e-02	0.000000000000000000e+00
-3.000743999999999869e+04	0.000000000000000000e+00	0.000000000000000000e+00	1.831110568559831536e-02	0.000000000000000000e+00
-3.000743999999999869e+04	0.000000000000000000e+00	0.000000000000000000e+00	4.272591326639606918e-02	0.000000000000000000e+00
-3.000741999999999825e+04	0.000000000000000000e+00	0.000000000000000000e+00	3.875850703451643592e-02	0.000000000000000000e+00
-3.000740000000000146e+04	0.000000000000000000e+00	0.000000000000000000e+00	3.814813684499648860e-02	0.000000000000000000e+00
-3.000738999999999942e+04	0.000000000000000000e+00	0.000000000000000000e+00	3.540147099215674303e-02	0.000000000000000000e+00
-3.000738000000000102e+04	0.000000000000000000e+00	0.000000000000000000e+00	3.509628589739677285e-02	0.000000000000000000e+00
-3.000736999999999898e+04	0.000000000000000000e+00	0.000000000000000000e+00	3.234962004455702728e-02	0.000000000000000000e+00
-3.000736000000000058e+04	0.000000000000000000e+00	0.000000000000000000e+00	4.516739402447584456e-02	0.000000000000000000e+00
-3.000734000000000015e+04	0.000000000000000000e+00	0.000000000000000000e+00	3.936887722403637629e-02	0.000000000000000000e+00
-3.000733000000000175e+04	0.000000000000000000e+00	0.000000000000000000e+00	4.516739402447584456e-02	0.000000000000000000e+00
-3.000731999999999971e+04	0.000000000000000000e+00	0.000000000000000000e+00	4.089480269783624111e-02	0.000000000000000000e+00
-3.000731000000000131e+04	0.000000000000000000e+00	0.000000000000000000e+00	3.997924741355632361e-02	0.000000000000000000e+00
-3.000729999999999927e+04	0.000000000000000000e+00	0.000000000000000000e+00	3.814813684499648860e-02	0.000000000000000000e+00
-3.000729000000000087e+04	0.000000000000000000e+00	0.000000000000000000e+00	3.601184118167669035e-02	0.000000000000000000e+00
-3.000727999999999884e+04	0.000000000000000000e+00	0.000000000000000000e+00	3.753776665547654823e-02	0.000000000000000000e+00
-3.000727000000000044e+04	0.000000000000000000e+00	0.000000000000000000e+00	3.570665608691671322e-02	0.000000000000000000e+00
-3.000727000000000044e+04	0.000000000000000000e+00	0.000000000000000000e+00	4.303109836115603937e-02	0.000000000000000000e+00
-3.000725000000000000e+04	0.000000000000000000e+00	0.000000000000000000e+00	4.608294930875576206e-02	0.000000000000000000e+00
-3.000722999999999956e+04	0.000000000000000000e+00	0.000000000000000000e+00	4.852443006683553745e-02	0.000000000000000000e+00
-3.000722000000000116e+04	0.000000000000000000e+00	0.000000000000000000e+00	5.005035554063539532e-02	0.000000000000000000e+00
-3.000720000000000073e+04	0.000000000000000000e+00	0.000000000000000000e+00	4.608294930875576206e-02	0.000000000000000000e+00
-3.000718999999999869e+04	0.000000000000000000e+00	0.000000000000000000e+00	4.852443006683553745e-02	0.000000000000000000e+00
-3.000718000000000029e+04	0.000000000000000000e+00	0.000000000000000000e+00	3.692739646595660091e-02	0.000000000000000000e+00
-3.000715999999999985e+04	0.000000000000000000e+00	0.000000000000000000e+00	3.692739646595660091e-02	0.000000000000000000e+00
-3.000715999999999985e+04	0.000000000000000000e+00	0.000000000000000000e+00	3.997924741355632361e-02	0.000000000000000000e+00
-3.000715000000000146e+04	0.000000000000000000e+00	0.000000000000000000e+00	3.387554551835688516e-02	0.000000000000000000e+00
-3.000713999999999942e+04	0.000000000000000000e+00	0.000000000000000000e+00	3.418073061311685534e-02	0.000000000000000000e+00
-3.000711999999999898e+04	0.000000000000000000e+00	0.000000000000000000e+00	3.204443494979705015e-02	0.000000000000000000e+00
-3.000711999999999898e+04	0.000000000000000000e+00	0.000000000000000000e+00	4.089480269783624111e-02	0.000000000000000000e+00
-3.000711000000000058e+04	0.000000000000000000e+00	0.000000000000000000e+00	4.913480025635547782e-02	0.000000000000000000e+00
-3.000709000000000015e+04	0.000000000000000000e+00	0.000000000000000000e+00	4.058961760307626399e-02	0.000000000000000000e+00
-3.000708000000000175e+04	0.000000000000000000e+00	0.000000000000000000e+00	4.089480269783624111e-02	0.000000000000000000e+00
-3.000704999999999927e+04	0.000000000000000000e+00	0.000000000000000000e+00	3.875850703451643592e-02	0.000000000000000000e+00
-3.000704000000000087e+04	0.000000000000000000e+00	0.000000000000000000e+00	3.997924741355632361e-02	0.000000000000000000e+00
-3.000702000000000044e+04	0.000000000000000000e+00	0.000000000000000000e+00	3.845332193975646573e-02	0.000000000000000000e+00
-3.000700000000000000e+04	0.000000000000000000e+00	0.000000000000000000e+00	2.960295419171727824e-02	0.000000000000000000e+00
-3.000700000000000000e+04	0.000000000000000000e+00	0.000000000000000000e+00	4.242072817163609899e-02	0.000000000000000000e+00
-3.000699000000000160e+04	0.000000000000000000e+00	0.000000000000000000e+00	4.516739402447584456e-02	0.000000000000000000e+00
-3.000697000000000116e+04	0.000000000000000000e+00	0.000000000000000000e+00	4.516739402447584456e-02	0.000000000000000000e+00
-3.000695000000000073e+04	0.000000000000000000e+00	0.000000000000000000e+00	4.028443250831629380e-02	0.000000000000000000e+00
-3.000693000000000029e+04	0.000000000000000000e+00	0.000000000000000000e+00	4.455702383495590418e-02	0.000000000000000000e+00
-3.000691999999999825e+04	0.000000000000000000e+00	0.000000000000000000e+00	4.394665364543595687e-02	0.000000000000000000e+00
-3.000690000000000146e+04	0.000000000000000000e+00	0.000000000000000000e+00	4.821924497207556726e-02	0.000000000000000000e+00
-3.000688999999999942e+04	0.000000000000000000e+00	0.000000000000000000e+00	4.150517288735618149e-02	0.000000000000000000e+00
-3.000688000000000102e+04	0.000000000000000000e+00	0.000000000000000000e+00	4.974517044587542514e-02	0.000000000000000000e+00
-3.000686999999999898e+04	0.000000000000000000e+00	0.000000000000000000e+00	4.821924497207556726e-02	0.000000000000000000e+00
-3.000686000000000058e+04	0.000000000000000000e+00	0.000000000000000000e+00	5.005035554063539532e-02	0.000000000000000000e+00
-3.000686000000000058e+04	0.000000000000000000e+00	0.000000000000000000e+00	4.394665364543595687e-02	0.000000000000000000e+00
-3.000684000000000015e+04	0.000000000000000000e+00	0.000000000000000000e+00	4.516739402447584456e-02	0.000000000000000000e+00
-3.000681000000000131e+04	0.000000000000000000e+00	0.000000000000000000e+00	4.730368968779564975e-02	0.000000000000000000e+00
-3.000679999999999927e+04	0.000000000000000000e+00	0.000000000000000000e+00	3.845332193975646573e-02	0.000000000000000000e+00
-3.000677999999999884e+04	0.000000000000000000e+00	0.000000000000000000e+00	4.547257911923581475e-02	0.000000000000000000e+00
-3.000675999999999840e+04	0.000000000000000000e+00	0.000000000000000000e+00	4.394665364543595687e-02	0.000000000000000000e+00
-3.000675000000000000e+04	0.000000000000000000e+00	0.000000000000000000e+00	4.303109836115603937e-02	0.000000000000000000e+00
-3.000672999999999956e+04	0.000000000000000000e+00	0.000000000000000000e+00	4.028443250831629380e-02	0.000000000000000000e+00
-3.000672000000000116e+04	0.000000000000000000e+00	0.000000000000000000e+00	4.364146855067598668e-02	0.000000000000000000e+00
-3.000670000000000073e+04	0.000000000000000000e+00	0.000000000000000000e+00	4.943998535111545495e-02	0.000000000000000000e+00
-3.000668000000000029e+04	0.000000000000000000e+00	0.000000000000000000e+00	4.333628345591601649e-02	0.000000000000000000e+00
-3.000665999999999985e+04	0.000000000000000000e+00	0.000000000000000000e+00	5.554368724631489340e-02	0.000000000000000000e+00
-3.000665000000000146e+04	0.000000000000000000e+00	0.000000000000000000e+00	4.699850459303567957e-02	0.000000000000000000e+00
-3.000663999999999942e+04	0.000000000000000000e+00	0.000000000000000000e+00	4.333628345591601649e-02	0.000000000000000000e+00
-3.000661999999999898e+04	0.000000000000000000e+00	0.000000000000000000e+00	4.760887478255561994e-02	0.000000000000000000e+00
-3.000661000000000058e+04	0.000000000000000000e+00	0.000000000000000000e+00	4.333628345591601649e-02	0.000000000000000000e+00
-3.000659999999999854e+04	0.000000000000000000e+00	0.000000000000000000e+00	4.516739402447584456e-02	0.000000000000000000e+00
-3.000658000000000175e+04	0.000000000000000000e+00	0.000000000000000000e+00	4.608294930875576206e-02	0.000000000000000000e+00
-3.000654999999999927e+04	0.000000000000000000e+00	0.000000000000000000e+00	4.455702383495590418e-02	0.000000000000000000e+00
-3.000652999999999884e+04	0.000000000000000000e+00	0.000000000000000000e+00	4.852443006683553745e-02	0.000000000000000000e+00
-3.000650999999999840e+04	0.000000000000000000e+00	0.000000000000000000e+00	4.364146855067598668e-02	0.000000000000000000e+00
-3.000650000000000000e+04	0.000000000000000000e+00	0.000000000000000000e+00	4.242072817163609899e-02	0.000000000000000000e+00
-3.000647999999999956e+04	0.000000000000000000e+00	0.000000000000000000e+00	4.730368968779564975e-02	0.000000000000000000e+00
-3.000645999999999913e+04	0.000000000000000000e+00	0.000000000000000000e+00	2.960295419171727824e-02	0.000000000000000000e+00
-3.000643999999999869e+04	0.000000000000000000e+00	0.000000000000000000e+00	3.662221137119663072e-02	0.000000000000000000e+00
-3.000641999999999825e+04	0.000000000000000000e+00	0.000000000000000000e+00	3.601184118167669035e-02	0.000000000000000000e+00
-3.000640999999999985e+04	0.000000000000000000e+00	0.000000000000000000e+00	4.150517288735618149e-02	0.000000000000000000e+00
-3.000638999999999942e+04	0.000000000000000000e+00	0.000000000000000000e+00	4.272591326639606918e-02	0.000000000000000000e+00
-3.000638000000000102e+04	0.000000000000000000e+00	0.000000000000000000e+00	4.760887478255561994e-02	0.000000000000000000e+00
-3.000636000000000058e+04	0.000000000000000000e+00	0.000000000000000000e+00	5.645924253059480397e-02	0.000000000000000000e+00
-3.000634000000000015e+04	0.000000000000000000e+00	0.000000000000000000e+00	5.066072573015534264e-02	0.000000000000000000e+00
-3.000633000000000175e+04	0.000000000000000000e+00	0.000000000000000000e+00	5.005035554063539532e-02	0.000000000000000000e+00
-3.000629999999999927e+04	0.000000000000000000e+00	0.000000000000000000e+00	4.821924497207556726e-02	0.000000000000000000e+00
-3.000627999999999884e+04	0.000000000000000000e+00	0.000000000000000000e+00	5.676442762535478109e-02	0.000000000000000000e+00
-3.000625999999999840e+04	0.000000000000000000e+00	0.000000000000000000e+00	5.676442762535478109e-02	0.000000000000000000e+00
-3.000625000000000000e+04	0.000000000000000000e+00	0.000000000000000000e+00	5.890072328867457935e-02	0.000000000000000000e+00
-3.000622999999999956e+04	0.000000000000000000e+00	0.000000000000000000e+00	5.432294686727500571e-02	0.000000000000000000e+00
-3.000620999999999913e+04	0.000000000000000000e+00	0.000000000000000000e+00	5.096591082491531283e-02	0.000000000000000000e+00
-3.000618999999999869e+04	0.000000000000000000e+00	0.000000000000000000e+00	4.608294930875576206e-02	0.000000000000000000e+00
-3.000615999999999985e+04	0.000000000000000000e+00	0.000000000000000000e+00	4.821924497207556726e-02	0.000000000000000000e+00
-3.000613999999999942e+04	0.000000000000000000e+00	0.000000000000000000e+00	6.714072084719382993e-02	0.000000000000000000e+00
-3.000611999999999898e+04	0.000000000000000000e+00	0.000000000000000000e+00	5.005035554063539532e-02	0.000000000000000000e+00
-3.000609000000000015e+04	0.000000000000000000e+00	0.000000000000000000e+00	4.943998535111545495e-02	0.000000000000000000e+00
-3.000606999999999971e+04	0.000000000000000000e+00	0.000000000000000000e+00	4.791405987731559013e-02	0.000000000000000000e+00
-3.000602999999999884e+04	0.000000000000000000e+00	0.000000000000000000e+00	4.974517044587542514e-02	0.000000000000000000e+00
-3.000600999999999840e+04	0.000000000000000000e+00	0.000000000000000000e+00	5.493331705679494609e-02	0.000000000000000000e+00
-3.000597999999999956e+04	0.000000000000000000e+00	0.000000000000000000e+00	5.462813196203497590e-02	0.000000000000000000e+00
-3.000595999999999913e+04	0.000000000000000000e+00	0.000000000000000000e+00	5.340739158299508821e-02	0.000000000000000000e+00
-3.000593000000000029e+04	0.000000000000000000e+00	0.000000000000000000e+00	5.096591082491531283e-02	0.000000000000000000e+00
-3.000590999999999985e+04	0.000000000000000000e+00	0.000000000000000000e+00	4.547257911923581475e-02	0.000000000000000000e+00
-3.000588999999999942e+04	0.000000000000000000e+00	0.000000000000000000e+00	4.699850459303567957e-02	0.000000000000000000e+00
-3.000586999999999898e+04	0.000000000000000000e+00	0.000000000000000000e+00	5.401776177251502858e-02	0.000000000000000000e+00
-3.000584999999999854e+04	0.000000000000000000e+00	0.000000000000000000e+00	4.913480025635547782e-02	0.000000000000000000e+00
-3.000581999999999971e+04	0.000000000000000000e+00	0.000000000000000000e+00	5.890072328867457935e-02	0.000000000000000000e+00
-3.000579000000000087e+04	0.000000000000000000e+00	0.000000000000000000e+00	5.462813196203497590e-02	0.000000000000000000e+00
-3.000575999999999840e+04	0.000000000000000000e+00	0.000000000000000000e+00	5.157628101443525320e-02	0.000000000000000000e+00
-3.000572999999999956e+04	0.000000000000000000e+00	0.000000000000000000e+00	4.730368968779564975e-02	0.000000000000000000e+00
-3.000570999999999913e+04	0.000000000000000000e+00	0.000000000000000000e+00	5.401776177251502858e-02	0.000000000000000000e+00
-3.000568999999999869e+04	0.000000000000000000e+00	0.000000000000000000e+00	4.211554307687612880e-02	0.000000000000000000e+00
-3.000565999999999985e+04	0.000000000000000000e+00	0.000000000000000000e+00	5.188146610919523033e-02	0.000000000000000000e+00
-3.000563999999999942e+04	0.000000000000000000e+00	0.000000000000000000e+00	5.066072573015534264e-02	0.000000000000000000e+00
-3.000561000000000058e+04	0.000000000000000000e+00	0.000000000000000000e+00	4.821924497207556726e-02	0.000000000000000000e+00
-3.000559000000000015e+04	0.000000000000000000e+00	0.000000000000000000e+00	5.951109347819452666e-02	0.000000000000000000e+00
-3.000556000000000131e+04	0.000000000000000000e+00	0.000000000000000000e+00	6.439405499435407743e-02	0.000000000000000000e+00
-3.000554000000000087e+04	0.000000000000000000e+00	0.000000000000000000e+00	6.225775933103427223e-02	0.000000000000000000e+00
-3.000550999999999840e+04	0.000000000000000000e+00	0.000000000000000000e+00	6.042664876247444417e-02	0.000000000000000000e+00
-3.000549000000000160e+04	0.000000000000000000e+00	0.000000000000000000e+00	6.042664876247444417e-02	0.000000000000000000e+00
-3.000547000000000116e+04	0.000000000000000000e+00	0.000000000000000000e+00	5.523850215155491628e-02	0.000000000000000000e+00
-3.000543999999999869e+04	0.000000000000000000e+00	0.000000000000000000e+00	5.859553819391460916e-02	0.000000000000000000e+00
-3.000540999999999985e+04	0.000000000000000000e+00	0.000000000000000000e+00	5.645924253059480397e-02	0.000000000000000000e+00
-3.000538999999999942e+04	0.000000000000000000e+00	0.000000000000000000e+00	5.767998290963469166e-02	0.000000000000000000e+00
-3.000536000000000058e+04	0.000000000000000000e+00	0.000000000000000000e+00	5.676442762535478109e-02	0.000000000000000000e+00
-3.000533000000000175e+04	0.000000000000000000e+00	0.000000000000000000e+00	6.195257423627430204e-02	0.000000000000000000e+00
-3.000529999999999927e+04	0.000000000000000000e+00	0.000000000000000000e+00	6.744590594195379318e-02	0.000000000000000000e+00
-3.000527999999999884e+04	0.000000000000000000e+00	0.000000000000000000e+00	5.951109347819452666e-02	0.000000000000000000e+00
-3.000525000000000000e+04	0.000000000000000000e+00	0.000000000000000000e+00	7.538071840571305970e-02	0.000000000000000000e+00
-3.000522999999999956e+04	0.000000000000000000e+00	0.000000000000000000e+00	6.164738914151433186e-02	0.000000000000000000e+00
-3.000520000000000073e+04	0.000000000000000000e+00	0.000000000000000000e+00	6.866664632099368781e-02	0.000000000000000000e+00
-3.000516999999999825e+04	0.000000000000000000e+00	0.000000000000000000e+00	6.317331461531418280e-02	0.000000000000000000e+00
-3.000513999999999942e+04	0.000000000000000000e+00	0.000000000000000000e+00	6.500442518387401780e-02	0.000000000000000000e+00
-3.000513000000000102e+04	0.000000000000000000e+00	0.000000000000000000e+00	6.561479537339395818e-02	0.000000000000000000e+00
-3.000511000000000058e+04	0.000000000000000000e+00	0.000000000000000000e+00	5.645924253059480397e-02	0.000000000000000000e+00
-3.000508000000000175e+04	0.000000000000000000e+00	0.000000000000000000e+00	6.561479537339395818e-02	0.000000000000000000e+00
-3.000506000000000131e+04	0.000000000000000000e+00	0.000000000000000000e+00	5.737479781487472147e-02	0.000000000000000000e+00
-3.000502999999999884e+04	0.000000000000000000e+00	0.000000000000000000e+00	5.859553819391460916e-02	0.000000000000000000e+00
-3.000499000000000160e+04	0.000000000000000000e+00	0.000000000000000000e+00	5.951109347819452666e-02	0.000000000000000000e+00
-3.000495999999999913e+04	0.000000000000000000e+00	0.000000000000000000e+00	5.706961272011475128e-02	0.000000000000000000e+00
-3.000493000000000029e+04	0.000000000000000000e+00	0.000000000000000000e+00	6.805627613147373356e-02	0.000000000000000000e+00
-3.000488999999999942e+04	0.000000000000000000e+00	0.000000000000000000e+00	6.164738914151433186e-02	0.000000000000000000e+00
-3.000484999999999854e+04	0.000000000000000000e+00	0.000000000000000000e+00	6.591998046815393530e-02	0.000000000000000000e+00
-3.000481999999999971e+04	0.000000000000000000e+00	0.000000000000000000e+00	6.561479537339395818e-02	0.000000000000000000e+00
-3.000479999999999927e+04	0.000000000000000000e+00	0.000000000000000000e+00	7.507553331095309646e-02	0.000000000000000000e+00
-3.000477000000000044e+04	0.000000000000000000e+00	0.000000000000000000e+00	6.225775933103427223e-02	0.000000000000000000e+00
-3.000472999999999956e+04	0.000000000000000000e+00	0.000000000000000000e+00	6.134220404675435473e-02	0.000000000000000000e+00
-3.000468999999999869e+04	0.000000000000000000e+00	0.000000000000000000e+00	6.897183141575365106e-02	0.000000000000000000e+00
-3.000465999999999985e+04	0.000000000000000000e+00	0.000000000000000000e+00	8.087405011139256472e-02	0.000000000000000000e+00
-3.000461999999999898e+04	0.000000000000000000e+00	0.000000000000000000e+00	6.805627613147373356e-02	0.000000000000000000e+00
-3.000458000000000175e+04	0.000000000000000000e+00	0.000000000000000000e+00	6.836146122623371069e-02	0.000000000000000000e+00
-3.000454999999999927e+04	0.000000000000000000e+00	0.000000000000000000e+00	6.805627613147373356e-02	0.000000000000000000e+00
-3.000452999999999884e+04	0.000000000000000000e+00	0.000000000000000000e+00	7.171849726859340357e-02	0.000000000000000000e+00
-3.000450999999999840e+04	0.000000000000000000e+00	0.000000000000000000e+00	6.836146122623371069e-02	0.000000000000000000e+00
-3.000449000000000160e+04	0.000000000000000000e+00	0.000000000000000000e+00	6.317331461531418280e-02	0.000000000000000000e+00
-3.000445999999999913e+04	0.000000000000000000e+00	0.000000000000000000e+00	7.354960783715323858e-02	0.000000000000000000e+00
-3.000443000000000029e+04	0.000000000000000000e+00	0.000000000000000000e+00	6.805627613147373356e-02	0.000000000000000000e+00
-3.000440000000000146e+04	0.000000000000000000e+00	0.000000000000000000e+00	5.981627857295449685e-02	0.000000000000000000e+00
-3.000436000000000058e+04	0.000000000000000000e+00	0.000000000000000000e+00	7.415997802667317895e-02	0.000000000000000000e+00
-3.000434000000000015e+04	0.000000000000000000e+00	0.000000000000000000e+00	6.317331461531418280e-02	0.000000000000000000e+00
-3.000431000000000131e+04	0.000000000000000000e+00	0.000000000000000000e+00	6.622516556291391243e-02	0.000000000000000000e+00
-3.000427999999999884e+04	0.000000000000000000e+00	0.000000000000000000e+00	6.805627613147373356e-02	0.000000000000000000e+00
-3.000424000000000160e+04	0.000000000000000000e+00	0.000000000000000000e+00	6.683553575243385281e-02	0.000000000000000000e+00
-3.000420999999999913e+04	0.000000000000000000e+00	0.000000000000000000e+00	7.812738425855281221e-02	0.000000000000000000e+00
-3.000416999999999825e+04	0.000000000000000000e+00	0.000000000000000000e+00	7.324442274239326145e-02	0.000000000000000000e+00
-3.000413000000000102e+04	0.000000000000000000e+00	0.000000000000000000e+00	7.415997802667317895e-02	0.000000000000000000e+00
-3.000409999999999854e+04	0.000000000000000000e+00	0.000000000000000000e+00	8.484145634327219798e-02	0.000000000000000000e+00
-3.000408000000000175e+04	0.000000000000000000e+00	0.000000000000000000e+00	7.995849482711264722e-02	0.000000000000000000e+00
-3.000406000000000131e+04	0.000000000000000000e+00	0.000000000000000000e+00	8.850367748039185412e-02	0.000000000000000000e+00
-3.000404000000000087e+04	0.000000000000000000e+00	0.000000000000000000e+00	7.507553331095309646e-02	0.000000000000000000e+00
-3.000400999999999840e+04	0.000000000000000000e+00	0.000000000000000000e+00	7.629627368999297721e-02	0.000000000000000000e+00
-3.000399000000000160e+04	0.000000000000000000e+00	0.000000000000000000e+00	7.995849482711264722e-02	0.000000000000000000e+00
-3.000395999999999913e+04	0.000000000000000000e+00	0.000000000000000000e+00	7.843256935331278934e-02	0.000000000000000000e+00
-3.000393000000000029e+04	0.000000000000000000e+00	0.000000000000000000e+00	7.751701406903287184e-02	0.000000000000000000e+00
-3.000390000000000146e+04	0.000000000000000000e+00	0.000000000000000000e+00	7.385479293191320183e-02	0.000000000000000000e+00
-3.000386000000000058e+04	0.000000000000000000e+00	0.000000000000000000e+00	7.507553331095309646e-02	0.000000000000000000e+00
-3.000383000000000175e+04	0.000000000000000000e+00	0.000000000000000000e+00	8.026367992187261047e-02	0.000000000000000000e+00
-3.000379000000000087e+04	0.000000000000000000e+00	0.000000000000000000e+00	7.324442274239326145e-02	0.000000000000000000e+00
-3.000377000000000044e+04	0.000000000000000000e+00	0.000000000000000000e+00	7.507553331095309646e-02	0.000000000000000000e+00
-3.000375000000000000e+04	0.000000000000000000e+00	0.000000000000000000e+00	7.507553331095309646e-02	0.000000000000000000e+00
-3.000372000000000116e+04	0.000000000000000000e+00	0.000000000000000000e+00	5.676442762535478109e-02	0.000000000000000000e+00
-3.000368999999999869e+04	0.000000000000000000e+00	0.000000000000000000e+00	6.836146122623371069e-02	0.000000000000000000e+00
-3.000368000000000029e+04	0.000000000000000000e+00	0.000000000000000000e+00	7.141331217383342644e-02	0.000000000000000000e+00
-3.000365000000000146e+04	0.000000000000000000e+00	0.000000000000000000e+00	8.667256691183203299e-02	0.000000000000000000e+00
-3.000361000000000058e+04	0.000000000000000000e+00	0.000000000000000000e+00	8.575701162755211548e-02	0.000000000000000000e+00
-3.000359000000000015e+04	0.000000000000000000e+00	0.000000000000000000e+00	8.148442030091250510e-02	0.000000000000000000e+00
-3.000356000000000131e+04	0.000000000000000000e+00	0.000000000000000000e+00	8.087405011139256472e-02	0.000000000000000000e+00
-3.000354000000000087e+04	0.000000000000000000e+00	0.000000000000000000e+00	8.270516067995238585e-02	0.000000000000000000e+00
-3.000352000000000044e+04	0.000000000000000000e+00	0.000000000000000000e+00	8.331553086947234010e-02	0.000000000000000000e+00
-3.000350000000000000e+04	0.000000000000000000e+00	0.000000000000000000e+00	8.301034577471236298e-02	0.000000000000000000e+00
-3.000347999999999956e+04	0.000000000000000000e+00	0.000000000000000000e+00	9.216589861751152413e-02	0.000000000000000000e+00
-3.000345999999999913e+04	0.000000000000000000e+00	0.000000000000000000e+00	9.063997314371166625e-02	0.000000000000000000e+00
-3.000343999999999869e+04	0.000000000000000000e+00	0.000000000000000000e+00	8.209479049043244547e-02	0.000000000000000000e+00
-3.000341999999999825e+04	0.000000000000000000e+00	0.000000000000000000e+00	8.484145634327219798e-02	0.000000000000000000e+00
-3.000340000000000146e+04	0.000000000000000000e+00	0.000000000000000000e+00	8.697775200659199624e-02	0.000000000000000000e+00
-3.000338000000000102e+04	0.000000000000000000e+00	0.000000000000000000e+00	9.430219428083132238e-02	0.000000000000000000e+00
-3.000336000000000058e+04	0.000000000000000000e+00	0.000000000000000000e+00	8.301034577471236298e-02	0.000000000000000000e+00
-3.000334000000000015e+04	0.000000000000000000e+00	0.000000000000000000e+00	9.002960295419171199e-02	0.000000000000000000e+00
-3.000331000000000131e+04	0.000000000000000000e+00	0.000000000000000000e+00	8.484145634327219798e-02	0.000000000000000000e+00
-3.000327000000000044e+04	0.000000000000000000e+00	0.000000000000000000e+00	8.728293710135197336e-02	0.000000000000000000e+00
-3.000324000000000160e+04	0.000000000000000000e+00	0.000000000000000000e+00	8.026367992187261047e-02	0.000000000000000000e+00
-3.000320999999999913e+04	0.000000000000000000e+00	0.000000000000000000e+00	8.911404766991180837e-02	0.000000000000000000e+00
-3.000318999999999869e+04	0.000000000000000000e+00	0.000000000000000000e+00	8.239997558519242260e-02	0.000000000000000000e+00
-3.000315999999999985e+04	0.000000000000000000e+00	0.000000000000000000e+00	8.453627124851222085e-02	0.000000000000000000e+00
-3.000313999999999942e+04	0.000000000000000000e+00	0.000000000000000000e+00	9.277626880703146450e-02	0.000000000000000000e+00
-3.000311999999999898e+04	0.000000000000000000e+00	0.000000000000000000e+00	1.040681173131504239e-01	0.000000000000000000e+00
-3.000309999999999854e+04	0.000000000000000000e+00	0.000000000000000000e+00	9.704886013367107489e-02	0.000000000000000000e+00
-3.000309000000000015e+04	0.000000000000000000e+00	0.000000000000000000e+00	9.552293465987121701e-02	0.000000000000000000e+00
-3.000308000000000175e+04	0.000000000000000000e+00	0.000000000000000000e+00	9.735404522843103814e-02	0.000000000000000000e+00
-3.000306000000000131e+04	0.000000000000000000e+00	0.000000000000000000e+00	9.735404522843103814e-02	0.000000000000000000e+00
-3.000304000000000087e+04	0.000000000000000000e+00	0.000000000000000000e+00	1.010162663655507082e-01	0.000000000000000000e+00
-3.000302999999999884e+04	0.000000000000000000e+00	0.000000000000000000e+00	9.155552842799158375e-02	0.000000000000000000e+00
-3.000300000000000000e+04	0.000000000000000000e+00	0.000000000000000000e+00	8.850367748039185412e-02	0.000000000000000000e+00
-3.000299000000000160e+04	0.000000000000000000e+00	0.000000000000000000e+00	9.491256447035126276e-02	0.000000000000000000e+00
-3.000295999999999913e+04	0.000000000000000000e+00	0.000000000000000000e+00	8.850367748039185412e-02	0.000000000000000000e+00
-3.000293999999999869e+04	0.000000000000000000e+00	0.000000000000000000e+00	8.362071596423230335e-02	0.000000000000000000e+00
-3.000293000000000029e+04	0.000000000000000000e+00	0.000000000000000000e+00	8.667256691183203299e-02	0.000000000000000000e+00
-3.000290999999999985e+04	0.000000000000000000e+00	0.000000000000000000e+00	8.728293710135197336e-02	0.000000000000000000e+00
-3.000288000000000102e+04	0.000000000000000000e+00	0.000000000000000000e+00	9.704886013367107489e-02	0.000000000000000000e+00
-3.000286000000000058e+04	0.000000000000000000e+00	0.000000000000000000e+00	9.125034333323160662e-02	0.000000000000000000e+00
-3.000283000000000175e+04	0.000000000000000000e+00	0.000000000000000000e+00	9.277626880703146450e-02	0.000000000000000000e+00
-3.000281000000000131e+04	0.000000000000000000e+00	0.000000000000000000e+00	9.460737937559129951e-02	0.000000000000000000e+00
-3.000279000000000087e+04	0.000000000000000000e+00	0.000000000000000000e+00	9.369182409131138201e-02	0.000000000000000000e+00
-3.000275999999999840e+04	0.000000000000000000e+00	0.000000000000000000e+00	9.613330484939115739e-02	0.000000000000000000e+00
-3.000274000000000160e+04	0.000000000000000000e+00	0.000000000000000000e+00	9.491256447035126276e-02	0.000000000000000000e+00
-3.000272999999999956e+04	0.000000000000000000e+00	0.000000000000000000e+00	9.826960051271095564e-02	0.000000000000000000e+00
-3.000270000000000073e+04	0.000000000000000000e+00	0.000000000000000000e+00	9.857478560747093277e-02	0.000000000000000000e+00
-3.000266999999999825e+04	0.000000000000000000e+00	0.000000000000000000e+00	1.016266365550706485e-01	0.000000000000000000e+00
-3.000263999999999942e+04	0.000000000000000000e+00	0.000000000000000000e+00	9.765923032319101527e-02	0.000000000000000000e+00
-3.000261999999999898e+04	0.000000000000000000e+00	0.000000000000000000e+00	1.083407086397900343e-01	0.000000000000000000e+00
-3.000261000000000058e+04	0.000000000000000000e+00	0.000000000000000000e+00	1.034577471236304835e-01	0.000000000000000000e+00
-3.000258000000000175e+04	0.000000000000000000e+00	0.000000000000000000e+00	1.019318216498306257e-01	0.000000000000000000e+00
-3.000256000000000131e+04	0.000000000000000000e+00	0.000000000000000000e+00	1.174962614825891954e-01	0.000000000000000000e+00
-3.000252999999999884e+04	0.000000000000000000e+00	0.000000000000000000e+00	1.123081148716696676e-01	0.000000000000000000e+00
-3.000250999999999840e+04	0.000000000000000000e+00	0.000000000000000000e+00	1.086458937345500114e-01	0.000000000000000000e+00
-3.000249000000000160e+04	0.000000000000000000e+00	0.000000000000000000e+00	1.065095980712301993e-01	0.000000000000000000e+00
-3.000247000000000116e+04	0.000000000000000000e+00	0.000000000000000000e+00	9.430219428083132238e-02	0.000000000000000000e+00
-3.000245000000000073e+04	0.000000000000000000e+00	0.000000000000000000e+00	9.491256447035126276e-02	0.000000000000000000e+00
-3.000243000000000029e+04	0.000000000000000000e+00	0.000000000000000000e+00	9.887997070223090990e-02	0.000000000000000000e+00
-3.000241999999999825e+04	0.000000000000000000e+00	0.000000000000000000e+00	9.765923032319101527e-02	0.000000000000000000e+00
-3.000240000000000146e+04	0.000000000000000000e+00	0.000000000000000000e+00	9.308145390179144163e-02	0.000000000000000000e+00
-3.000238000000000102e+04	0.000000000000000000e+00	0.000000000000000000e+00	1.065095980712301993e-01	0.000000000000000000e+00
-3.000236999999999898e+04	0.000000000000000000e+00	0.000000000000000000e+00	1.113925595873897501e-01	0.000000000000000000e+00
-3.000234999999999854e+04	0.000000000000000000e+00	0.000000000000000000e+00	1.107821893978698097e-01	0.000000000000000000e+00
-3.000233000000000175e+04	0.000000000000000000e+00	0.000000000000000000e+00	1.147495956297494429e-01	0.000000000000000000e+00
-3.000231000000000131e+04	0.000000000000000000e+00	0.000000000000000000e+00	1.126132999664296447e-01	0.000000000000000000e+00
-3.000229000000000087e+04	0.000000000000000000e+00	0.000000000000000000e+00	1.058992278817102589e-01	0.000000000000000000e+00
-3.000225000000000000e+04	0.000000000000000000e+00	0.000000000000000000e+00	1.083407086397900343e-01	0.000000000000000000e+00
-3.000222000000000116e+04	0.000000000000000000e+00	0.000000000000000000e+00	1.129184850611896079e-01	0.000000000000000000e+00
-3.000220000000000073e+04	0.000000000000000000e+00	0.000000000000000000e+00	1.116977446821497272e-01	0.000000000000000000e+00
-3.000216999999999825e+04	0.000000000000000000e+00	0.000000000000000000e+00	1.046784875026703643e-01	0.000000000000000000e+00
-3.000215999999999985e+04	0.000000000000000000e+00	0.000000000000000000e+00	1.083407086397900343e-01	0.000000000000000000e+00
-3.000213000000000102e+04	0.000000000000000000e+00	0.000000000000000000e+00	1.138340403454695254e-01	0.000000000000000000e+00
-3.000211000000000058e+04	0.000000000000000000e+00	0.000000000000000000e+00	1.110873744926297868e-01	0.000000000000000000e+00
-3.000209000000000015e+04	0.000000000000000000e+00	0.000000000000000000e+00	1.132236701559495851e-01	0.000000000000000000e+00
-3.000204999999999927e+04	0.000000000000000000e+00	0.000000000000000000e+00	1.132236701559495851e-01	0.000000000000000000e+00
-3.000202000000000044e+04	0.000000000000000000e+00	0.000000000000000000e+00	1.068147831659901764e-01	0.000000000000000000e+00
-3.000200000000000000e+04	0.000000000000000000e+00	0.000000000000000000e+00	9.887997070223090990e-02	0.000000000000000000e+00
-3.000197999999999956e+04	0.000000000000000000e+00	0.000000000000000000e+00	1.095614490188299150e-01	0.000000000000000000e+00
-3.000195000000000073e+04	0.000000000000000000e+00	0.000000000000000000e+00	1.080355235450300572e-01	0.000000000000000000e+00
-3.000190999999999985e+04	0.000000000000000000e+00	0.000000000000000000e+00	1.034577471236304835e-01	0.000000000000000000e+00
-3.000188000000000102e+04	0.000000000000000000e+00	0.000000000000000000e+00	1.080355235450300572e-01	0.000000000000000000e+00
-3.000184999999999854e+04	0.000000000000000000e+00	0.000000000000000000e+00	1.040681173131504239e-01	0.000000000000000000e+00
-3.000184000000000015e+04	0.000000000000000000e+00	0.000000000000000000e+00	1.165807061983092779e-01	0.000000000000000000e+00
-3.000181999999999971e+04	0.000000000000000000e+00	0.000000000000000000e+00	1.135288552507095622e-01	0.000000000000000000e+00
-3.000179000000000087e+04	0.000000000000000000e+00	0.000000000000000000e+00	1.107821893978698097e-01	0.000000000000000000e+00
-3.000177999999999884e+04	0.000000000000000000e+00	0.000000000000000000e+00	1.251258888515884848e-01	0.000000000000000000e+00
-3.000175999999999840e+04	0.000000000000000000e+00	0.000000000000000000e+00	1.367229224524674214e-01	0.000000000000000000e+00
-3.000172999999999956e+04	0.000000000000000000e+00	0.000000000000000000e+00	1.202429273354289341e-01	0.000000000000000000e+00
-3.000170000000000073e+04	0.000000000000000000e+00	0.000000000000000000e+00	1.171910763878292183e-01	0.000000000000000000e+00
-3.000165999999999985e+04	0.000000000000000000e+00	0.000000000000000000e+00	1.290932950834681181e-01	0.000000000000000000e+00
-3.000163999999999942e+04	0.000000000000000000e+00	0.000000000000000000e+00	1.303140354625079989e-01	0.000000000000000000e+00
-3.000161000000000058e+04	0.000000000000000000e+00	0.000000000000000000e+00	1.382488479262672931e-01	0.000000000000000000e+00
-3.000159000000000015e+04	0.000000000000000000e+00	0.000000000000000000e+00	1.220740379039887691e-01	0.000000000000000000e+00
-3.000156999999999971e+04	0.000000000000000000e+00	0.000000000000000000e+00	1.217688528092287920e-01	0.000000000000000000e+00
-3.000154000000000087e+04	0.000000000000000000e+00	0.000000000000000000e+00	1.220740379039887691e-01	0.000000000000000000e+00
-3.000150999999999840e+04	0.000000000000000000e+00	0.000000000000000000e+00	1.202429273354289341e-01	0.000000000000000000e+00
-3.000149000000000160e+04	0.000000000000000000e+00	0.000000000000000000e+00	1.196325571459089937e-01	0.000000000000000000e+00
-3.000147999999999956e+04	0.000000000000000000e+00	0.000000000000000000e+00	1.181066316721091358e-01	0.000000000000000000e+00
-3.000145000000000073e+04	0.000000000000000000e+00	0.000000000000000000e+00	1.217688528092287920e-01	0.000000000000000000e+00
-3.000141999999999825e+04	0.000000000000000000e+00	0.000000000000000000e+00	1.263466292306283656e-01	0.000000000000000000e+00
-3.000140000000000146e+04	0.000000000000000000e+00	0.000000000000000000e+00	1.272621845149082831e-01	0.000000000000000000e+00
-3.000136999999999898e+04	0.000000000000000000e+00	0.000000000000000000e+00	1.232947782830286637e-01	0.000000000000000000e+00
-3.000134999999999854e+04	0.000000000000000000e+00	0.000000000000000000e+00	1.199377422406689708e-01	0.000000000000000000e+00
-3.000131999999999971e+04	0.000000000000000000e+00	0.000000000000000000e+00	1.272621845149082831e-01	0.000000000000000000e+00
-3.000129000000000087e+04	0.000000000000000000e+00	0.000000000000000000e+00	1.193273720511490166e-01	0.000000000000000000e+00
-3.000125999999999840e+04	0.000000000000000000e+00	0.000000000000000000e+00	1.242103335673085673e-01	0.000000000000000000e+00
-3.000122999999999956e+04	0.000000000000000000e+00	0.000000000000000000e+00	1.361125522629474671e-01	0.000000000000000000e+00
-3.000118999999999869e+04	0.000000000000000000e+00	0.000000000000000000e+00	1.367229224524674214e-01	0.000000000000000000e+00
-3.000115999999999985e+04	0.000000000000000000e+00	0.000000000000000000e+00	1.373332926419873756e-01	0.000000000000000000e+00
-3.000115000000000146e+04	0.000000000000000000e+00	0.000000000000000000e+00	1.358073671681875039e-01	0.000000000000000000e+00
-3.000113000000000102e+04	0.000000000000000000e+00	0.000000000000000000e+00	1.477095858638264037e-01	0.000000000000000000e+00
-3.000109999999999854e+04	0.000000000000000000e+00	0.000000000000000000e+00	1.336710715048677056e-01	0.000000000000000000e+00
-3.000108000000000175e+04	0.000000000000000000e+00	0.000000000000000000e+00	1.394695883053071739e-01	0.000000000000000000e+00
-3.000106000000000131e+04	0.000000000000000000e+00	0.000000000000000000e+00	1.431318094424268439e-01	0.000000000000000000e+00
-3.000102999999999884e+04	0.000000000000000000e+00	0.000000000000000000e+00	1.385540330210272564e-01	0.000000000000000000e+00
-3.000100000000000000e+04	0.000000000000000000e+00	0.000000000000000000e+00	1.419110690633869354e-01	0.000000000000000000e+00
-3.000097000000000116e+04	0.000000000000000000e+00	0.000000000000000000e+00	1.315347758415479074e-01	0.000000000000000000e+00
-3.000095999999999913e+04	0.000000000000000000e+00	0.000000000000000000e+00	1.391644032105472106e-01	0.000000000000000000e+00
-3.000093999999999869e+04	0.000000000000000000e+00	0.000000000000000000e+00	1.342814416943876599e-01	0.000000000000000000e+00
-3.000091999999999825e+04	0.000000000000000000e+00	0.000000000000000000e+00	1.327555162205877881e-01	0.000000000000000000e+00
-3.000088999999999942e+04	0.000000000000000000e+00	0.000000000000000000e+00	1.431318094424268439e-01	0.000000000000000000e+00
-3.000086000000000058e+04	0.000000000000000000e+00	0.000000000000000000e+00	1.434369945371868071e-01	0.000000000000000000e+00
-3.000083000000000175e+04	0.000000000000000000e+00	0.000000000000000000e+00	1.339762565996276689e-01	0.000000000000000000e+00
-3.000079999999999927e+04	0.000000000000000000e+00	0.000000000000000000e+00	1.367229224524674214e-01	0.000000000000000000e+00
-3.000075999999999840e+04	0.000000000000000000e+00	0.000000000000000000e+00	1.419110690633869354e-01	0.000000000000000000e+00
-3.000072999999999956e+04	0.000000000000000000e+00	0.000000000000000000e+00	1.416058839686269721e-01	0.000000000000000000e+00
-3.000070999999999913e+04	0.000000000000000000e+00	0.000000000000000000e+00	1.409955137791070179e-01	0.000000000000000000e+00
-3.000070000000000073e+04	0.000000000000000000e+00	0.000000000000000000e+00	1.419110690633869354e-01	0.000000000000000000e+00
-3.000066999999999825e+04	0.000000000000000000e+00	0.000000000000000000e+00	1.464888454847865229e-01	0.000000000000000000e+00
-3.000063999999999942e+04	0.000000000000000000e+00	0.000000000000000000e+00	1.583910641804254227e-01	0.000000000000000000e+00
-3.000061999999999898e+04	0.000000000000000000e+00	0.000000000000000000e+00	1.568651387066255787e-01	0.000000000000000000e+00
-3.000059999999999854e+04	0.000000000000000000e+00	0.000000000000000000e+00	1.617481002227851294e-01	0.000000000000000000e+00
-3.000056000000000131e+04	0.000000000000000000e+00	0.000000000000000000e+00	1.532029175695059087e-01	0.000000000000000000e+00
-3.000052999999999884e+04	0.000000000000000000e+00	0.000000000000000000e+00	1.513718070009460737e-01	0.000000000000000000e+00
-3.000052000000000044e+04	0.000000000000000000e+00	0.000000000000000000e+00	1.461836603900265597e-01	0.000000000000000000e+00
-3.000050000000000000e+04	0.000000000000000000e+00	0.000000000000000000e+00	1.461836603900265597e-01	0.000000000000000000e+00
-3.000045999999999913e+04	0.000000000000000000e+00	0.000000000000000000e+00	1.513718070009460737e-01	0.000000000000000000e+00
-3.000043000000000029e+04	0.000000000000000000e+00	0.000000000000000000e+00	1.550340281380657437e-01	0.000000000000000000e+00
-3.000040999999999985e+04	0.000000000000000000e+00	0.000000000000000000e+00	1.333658864101077424e-01	0.000000000000000000e+00
-3.000038999999999942e+04	0.000000000000000000e+00	0.000000000000000000e+00	1.547288430433057527e-01	0.000000000000000000e+00
-3.000036000000000058e+04	0.000000000000000000e+00	0.000000000000000000e+00	1.535081026642658719e-01	0.000000000000000000e+00
-3.000033000000000175e+04	0.000000000000000000e+00	0.000000000000000000e+00	1.501510666219061929e-01	0.000000000000000000e+00
-3.000031000000000131e+04	0.000000000000000000e+00	0.000000000000000000e+00	1.510666219061861104e-01	0.000000000000000000e+00
-3.000027000000000044e+04	0.000000000000000000e+00	0.000000000000000000e+00	1.663258766441846892e-01	0.000000000000000000e+00
-3.000024000000000160e+04	0.000000000000000000e+00	0.000000000000000000e+00	1.568651387066255787e-01	0.000000000000000000e+00
-3.000022000000000116e+04	0.000000000000000000e+00	0.000000000000000000e+00	1.620532853175450927e-01	0.000000000000000000e+00
-3.000020000000000073e+04	0.000000000000000000e+00	0.000000000000000000e+00	1.596118045594653034e-01	0.000000000000000000e+00
-3.000018000000000029e+04	0.000000000000000000e+00	0.000000000000000000e+00	1.623584704123050559e-01	0.000000000000000000e+00
-3.000015999999999985e+04	0.000000000000000000e+00	0.000000000000000000e+00	1.696829126865443960e-01	0.000000000000000000e+00
-3.000013000000000102e+04	0.000000000000000000e+00	0.000000000000000000e+00	1.770073549607837082e-01	0.000000000000000000e+00
-3.000009999999999854e+04	0.000000000000000000e+00	0.000000000000000000e+00	1.709036530655842767e-01	0.000000000000000000e+00
-3.000006999999999971e+04	0.000000000000000000e+00	0.000000000000000000e+00	1.794488357188634975e-01	0.000000000000000000e+00
-3.000004000000000087e+04	0.000000000000000000e+00	0.000000000000000000e+00	1.770073549607837082e-01	0.000000000000000000e+00
-3.000000999999999840e+04	0.000000000000000000e+00	0.000000000000000000e+00	1.779229102450636257e-01	0.000000000000000000e+00
-2.999997999999999956e+04	0.000000000000000000e+00	0.000000000000000000e+00	1.690725424970244417e-01	0.000000000000000000e+00
-2.999995999999999913e+04	0.000000000000000000e+00	0.000000000000000000e+00	1.669362468337046435e-01	0.000000000000000000e+00
-2.999993000000000029e+04	0.000000000000000000e+00	0.000000000000000000e+00	1.724295785393841485e-01	0.000000000000000000e+00
-2.999990999999999985e+04	0.000000000000000000e+00	0.000000000000000000e+00	1.663258766441846892e-01	0.000000000000000000e+00
-2.999988000000000102e+04	0.000000000000000000e+00	0.000000000000000000e+00	1.623584704123050559e-01	0.000000000000000000e+00
-2.999984000000000015e+04	0.000000000000000000e+00	0.000000000000000000e+00	1.641895809808648909e-01	0.000000000000000000e+00
-2.999979999999999927e+04	0.000000000000000000e+00	0.000000000000000000e+00	1.629688406018250102e-01	0.000000000000000000e+00
-2.999975999999999840e+04	0.000000000000000000e+00	0.000000000000000000e+00	1.709036530655842767e-01	0.000000000000000000e+00
-2.999972999999999956e+04	0.000000000000000000e+00	0.000000000000000000e+00	1.718192083498641942e-01	0.000000000000000000e+00
-2.999970000000000073e+04	0.000000000000000000e+00	0.000000000000000000e+00	1.718192083498641942e-01	0.000000000000000000e+00
-2.999965999999999985e+04	0.000000000000000000e+00	0.000000000000000000e+00	1.724295785393841485e-01	0.000000000000000000e+00
-2.999963999999999942e+04	0.000000000000000000e+00	0.000000000000000000e+00	1.773125400555436992e-01	0.000000000000000000e+00
-2.999961000000000058e+04	0.000000000000000000e+00	0.000000000000000000e+00	1.849421674245429748e-01	0.000000000000000000e+00
-2.999959000000000015e+04	0.000000000000000000e+00	0.000000000000000000e+00	1.809747611926633415e-01	0.000000000000000000e+00
-2.999956999999999971e+04	0.000000000000000000e+00	0.000000000000000000e+00	1.876888332773827273e-01	0.000000000000000000e+00
-2.999954000000000087e+04	0.000000000000000000e+00	0.000000000000000000e+00	1.818903164769432590e-01	0.000000000000000000e+00
-2.999950999999999840e+04	0.000000000000000000e+00	0.000000000000000000e+00	1.861629078035828833e-01	0.000000000000000000e+00
-2.999949000000000160e+04	0.000000000000000000e+00	0.000000000000000000e+00	1.840266121402630572e-01	0.000000000000000000e+00
-2.999945999999999913e+04	0.000000000000000000e+00	0.000000000000000000e+00	1.840266121402630572e-01	0.000000000000000000e+00
-2.999941999999999825e+04	0.000000000000000000e+00	0.000000000000000000e+00	1.782280953398236167e-01	0.000000000000000000e+00
-2.999940000000000146e+04	0.000000000000000000e+00	0.000000000000000000e+00	1.791436506241035065e-01	0.000000000000000000e+00
-2.999936999999999898e+04	0.000000000000000000e+00	0.000000000000000000e+00	1.944029053621021130e-01	0.000000000000000000e+00
-2.999933000000000175e+04	0.000000000000000000e+00	0.000000000000000000e+00	1.907406842249824430e-01	0.000000000000000000e+00
-2.999929000000000087e+04	0.000000000000000000e+00	0.000000000000000000e+00	1.919614246040223515e-01	0.000000000000000000e+00
-2.999925999999999840e+04	0.000000000000000000e+00	0.000000000000000000e+00	1.882992034669026815e-01	0.000000000000000000e+00
-2.999925000000000000e+04	0.000000000000000000e+00	0.000000000000000000e+00	1.837214270455030940e-01	0.000000000000000000e+00
-2.999922000000000116e+04	0.000000000000000000e+00	0.000000000000000000e+00	1.837214270455030940e-01	0.000000000000000000e+00
-2.999918999999999869e+04	0.000000000000000000e+00	0.000000000000000000e+00	1.797540208136234607e-01	0.000000000000000000e+00
-2.999915999999999985e+04	0.000000000000000000e+00	0.000000000000000000e+00	1.812799462874233325e-01	0.000000000000000000e+00
-2.999913999999999942e+04	0.000000000000000000e+00	0.000000000000000000e+00	1.876888332773827273e-01	0.000000000000000000e+00
-2.999911999999999898e+04	0.000000000000000000e+00	0.000000000000000000e+00	1.889095736564226080e-01	0.000000000000000000e+00
-2.999909000000000015e+04	0.000000000000000000e+00	0.000000000000000000e+00	1.876888332773827273e-01	0.000000000000000000e+00
-2.999906000000000131e+04	0.000000000000000000e+00	0.000000000000000000e+00	1.965392010254219113e-01	0.000000000000000000e+00
-2.999904000000000087e+04	0.000000000000000000e+00	0.000000000000000000e+00	2.017273476363414531e-01	0.000000000000000000e+00
-2.999900999999999840e+04	0.000000000000000000e+00	0.000000000000000000e+00	2.114932706686605546e-01	0.000000000000000000e+00
-2.999897999999999956e+04	0.000000000000000000e+00	0.000000000000000000e+00	2.121036408581804811e-01	0.000000000000000000e+00
-2.999895999999999913e+04	0.000000000000000000e+00	0.000000000000000000e+00	2.307199316385387666e-01	0.000000000000000000e+00
-2.999893000000000029e+04	0.000000000000000000e+00	0.000000000000000000e+00	2.233954893642994544e-01	0.000000000000000000e+00
-2.999890000000000146e+04	0.000000000000000000e+00	0.000000000000000000e+00	2.111880855739005636e-01	0.000000000000000000e+00
-2.999886999999999898e+04	0.000000000000000000e+00	0.000000000000000000e+00	2.200384533219397476e-01	0.000000000000000000e+00
-2.999883000000000175e+04	0.000000000000000000e+00	0.000000000000000000e+00	2.188177129428998668e-01	0.000000000000000000e+00
-2.999881000000000131e+04	0.000000000000000000e+00	0.000000000000000000e+00	2.117984557634205178e-01	0.000000000000000000e+00
-2.999879000000000087e+04	0.000000000000000000e+00	0.000000000000000000e+00	2.093569750053407286e-01	0.000000000000000000e+00
-2.999877999999999884e+04	0.000000000000000000e+00	0.000000000000000000e+00	2.130191961424603986e-01	0.000000000000000000e+00
-2.999875000000000000e+04	0.000000000000000000e+00	0.000000000000000000e+00	2.072206793420209303e-01	0.000000000000000000e+00
-2.999872000000000116e+04	0.000000000000000000e+00	0.000000000000000000e+00	2.044740134891811778e-01	0.000000000000000000e+00
-2.999868999999999869e+04	0.000000000000000000e+00	0.000000000000000000e+00	2.072206793420209303e-01	0.000000000000000000e+00
-2.999866999999999825e+04	0.000000000000000000e+00	0.000000000000000000e+00	2.044740134891811778e-01	0.000000000000000000e+00
-2.999865000000000146e+04	0.000000000000000000e+00	0.000000000000000000e+00	2.066103091525010038e-01	0.000000000000000000e+00
-2.999863999999999942e+04	0.000000000000000000e+00	0.000000000000000000e+00	2.059999389629810496e-01	0.000000000000000000e+00
-2.999861000000000058e+04	0.000000000000000000e+00	0.000000000000000000e+00	2.029480880153813338e-01	0.000000000000000000e+00
-2.999858000000000175e+04	0.000000000000000000e+00	0.000000000000000000e+00	2.154606769005401878e-01	0.000000000000000000e+00
-2.999856000000000131e+04	0.000000000000000000e+00	0.000000000000000000e+00	2.182073427533799126e-01	0.000000000000000000e+00
-2.999854999999999927e+04	0.000000000000000000e+00	0.000000000000000000e+00	2.114932706686605546e-01	0.000000000000000000e+00
-2.999852999999999884e+04	0.000000000000000000e+00	0.000000000000000000e+00	2.029480880153813338e-01	0.000000000000000000e+00
-2.999849000000000160e+04	0.000000000000000000e+00	0.000000000000000000e+00	2.105777153843806371e-01	0.000000000000000000e+00
-2.999845999999999913e+04	0.000000000000000000e+00	0.000000000000000000e+00	2.273628955961790876e-01	0.000000000000000000e+00
-2.999843999999999869e+04	0.000000000000000000e+00	0.000000000000000000e+00	2.298043763542588491e-01	0.000000000000000000e+00
-2.999843000000000029e+04	0.000000000000000000e+00	0.000000000000000000e+00	2.224799340800195369e-01	0.000000000000000000e+00
-2.999840999999999985e+04	0.000000000000000000e+00	0.000000000000000000e+00	2.240058595538193809e-01	0.000000000000000000e+00
-2.999838999999999942e+04	0.000000000000000000e+00	0.000000000000000000e+00	2.304147465437788034e-01	0.000000000000000000e+00
-2.999836999999999898e+04	0.000000000000000000e+00	0.000000000000000000e+00	2.240058595538193809e-01	0.000000000000000000e+00
-2.999834999999999854e+04	0.000000000000000000e+00	0.000000000000000000e+00	2.352977080599383541e-01	0.000000000000000000e+00
-2.999833000000000175e+04	0.000000000000000000e+00	0.000000000000000000e+00	2.276680806909390509e-01	0.000000000000000000e+00
-2.999829999999999927e+04	0.000000000000000000e+00	0.000000000000000000e+00	2.282784508804590051e-01	0.000000000000000000e+00
-2.999827999999999884e+04	0.000000000000000000e+00	0.000000000000000000e+00	2.166814172795800686e-01	0.000000000000000000e+00
-2.999825999999999840e+04	0.000000000000000000e+00	0.000000000000000000e+00	2.218695638904995826e-01	0.000000000000000000e+00
-2.999824000000000160e+04	0.000000000000000000e+00	0.000000000000000000e+00	2.175969725638599861e-01	0.000000000000000000e+00
-2.999822000000000116e+04	0.000000000000000000e+00	0.000000000000000000e+00	2.206488235114597019e-01	0.000000000000000000e+00
-2.999818999999999869e+04	0.000000000000000000e+00	0.000000000000000000e+00	2.182073427533799126e-01	0.000000000000000000e+00
-2.999815999999999985e+04	0.000000000000000000e+00	0.000000000000000000e+00	2.310251167332987576e-01	0.000000000000000000e+00
-2.999813999999999942e+04	0.000000000000000000e+00	0.000000000000000000e+00	2.371288186284981891e-01	0.000000000000000000e+00
-2.999811999999999898e+04	0.000000000000000000e+00	0.000000000000000000e+00	2.322458571123386384e-01	0.000000000000000000e+00
-2.999809000000000015e+04	0.000000000000000000e+00	0.000000000000000000e+00	2.340769676808984734e-01	0.000000000000000000e+00
-2.999806999999999971e+04	0.000000000000000000e+00	0.000000000000000000e+00	2.294991912594988859e-01	0.000000000000000000e+00
-2.999804999999999927e+04	0.000000000000000000e+00	0.000000000000000000e+00	2.414014099551377857e-01	0.000000000000000000e+00
-2.999802999999999884e+04	0.000000000000000000e+00	0.000000000000000000e+00	2.429273354289376574e-01	0.000000000000000000e+00
-2.999800999999999840e+04	0.000000000000000000e+00	0.000000000000000000e+00	2.520828882717368047e-01	0.000000000000000000e+00
-2.999799000000000160e+04	0.000000000000000000e+00	0.000000000000000000e+00	2.517777031769768414e-01	0.000000000000000000e+00
-2.999795999999999913e+04	0.000000000000000000e+00	0.000000000000000000e+00	2.459791863765373732e-01	0.000000000000000000e+00
-2.999793000000000029e+04	0.000000000000000000e+00	0.000000000000000000e+00	2.533036286507767132e-01	0.000000000000000000e+00
-2.999791999999999825e+04	0.000000000000000000e+00	0.000000000000000000e+00	2.514725180822168782e-01	0.000000000000000000e+00
-2.999788999999999942e+04	0.000000000000000000e+00	0.000000000000000000e+00	2.410962248603778224e-01	0.000000000000000000e+00
-2.999786999999999898e+04	0.000000000000000000e+00	0.000000000000000000e+00	2.493362224188970522e-01	0.000000000000000000e+00
-2.999784999999999854e+04	0.000000000000000000e+00	0.000000000000000000e+00	2.514725180822168782e-01	0.000000000000000000e+00
-2.999781999999999971e+04	0.000000000000000000e+00	0.000000000000000000e+00	2.401806695760979049e-01	0.000000000000000000e+00
-2.999779999999999927e+04	0.000000000000000000e+00	0.000000000000000000e+00	2.468947416608172907e-01	0.000000000000000000e+00
-2.999777999999999884e+04	0.000000000000000000e+00	0.000000000000000000e+00	2.389599291970580242e-01	0.000000000000000000e+00
-2.999777000000000044e+04	0.000000000000000000e+00	0.000000000000000000e+00	2.264473403118991701e-01	0.000000000000000000e+00
-2.999775000000000000e+04	0.000000000000000000e+00	0.000000000000000000e+00	2.410962248603778224e-01	0.000000000000000000e+00
-2.999772000000000116e+04	0.000000000000000000e+00	0.000000000000000000e+00	2.420117801446577399e-01	0.000000000000000000e+00
-2.999768999999999869e+04	0.000000000000000000e+00	0.000000000000000000e+00	2.456740012817774099e-01	0.000000000000000000e+00
-2.999765999999999985e+04	0.000000000000000000e+00	0.000000000000000000e+00	2.542191839350566029e-01	0.000000000000000000e+00
-2.999765000000000146e+04	0.000000000000000000e+00	0.000000000000000000e+00	2.484206671346171347e-01	0.000000000000000000e+00
-2.999763000000000102e+04	0.000000000000000000e+00	0.000000000000000000e+00	2.563554795983764012e-01	0.000000000000000000e+00
-2.999759999999999854e+04	0.000000000000000000e+00	0.000000000000000000e+00	2.603228858302560345e-01	0.000000000000000000e+00
-2.999756999999999971e+04	0.000000000000000000e+00	0.000000000000000000e+00	2.630695516830958147e-01	0.000000000000000000e+00
-2.999754000000000087e+04	0.000000000000000000e+00	0.000000000000000000e+00	2.609332560197760165e-01	0.000000000000000000e+00
-2.999752999999999884e+04	0.000000000000000000e+00	0.000000000000000000e+00	2.649006622516556497e-01	0.000000000000000000e+00
-2.999750999999999840e+04	0.000000000000000000e+00	0.000000000000000000e+00	2.682576982940153010e-01	0.000000000000000000e+00
-2.999749000000000160e+04	0.000000000000000000e+00	0.000000000000000000e+00	2.670369579149754480e-01	0.000000000000000000e+00
-2.999745999999999913e+04	0.000000000000000000e+00	0.000000000000000000e+00	2.670369579149754480e-01	0.000000000000000000e+00
-2.999743999999999869e+04	0.000000000000000000e+00	0.000000000000000000e+00	2.627643665883358515e-01	0.000000000000000000e+00
-2.999741999999999825e+04	0.000000000000000000e+00	0.000000000000000000e+00	2.691732535782952462e-01	0.000000000000000000e+00
-2.999740999999999985e+04	0.000000000000000000e+00	0.000000000000000000e+00	2.615436262092959430e-01	0.000000000000000000e+00
-2.999738999999999942e+04	0.000000000000000000e+00	0.000000000000000000e+00	2.511673329874569149e-01	0.000000000000000000e+00
-2.999736999999999898e+04	0.000000000000000000e+00	0.000000000000000000e+00	2.569658497878963832e-01	0.000000000000000000e+00
-2.999736000000000058e+04	0.000000000000000000e+00	0.000000000000000000e+00	2.545243690298165662e-01	0.000000000000000000e+00
-2.999734000000000015e+04	0.000000000000000000e+00	0.000000000000000000e+00	2.560502945036164379e-01	0.000000000000000000e+00
-2.999733000000000175e+04	0.000000000000000000e+00	0.000000000000000000e+00	2.533036286507767132e-01	0.000000000000000000e+00
-2.999731000000000131e+04	0.000000000000000000e+00	0.000000000000000000e+00	2.468947416608172907e-01	0.000000000000000000e+00
-2.999727999999999884e+04	0.000000000000000000e+00	0.000000000000000000e+00	2.612384411145359797e-01	0.000000000000000000e+00
-2.999725000000000000e+04	0.000000000000000000e+00	0.000000000000000000e+00	2.652058473464156130e-01	0.000000000000000000e+00
-2.999724000000000160e+04	0.000000000000000000e+00	0.000000000000000000e+00	2.749717703787347145e-01	0.000000000000000000e+00
-2.999720999999999913e+04	0.000000000000000000e+00	0.000000000000000000e+00	2.716147343363750077e-01	0.000000000000000000e+00
-2.999718000000000029e+04	0.000000000000000000e+00	0.000000000000000000e+00	2.774132511368144760e-01	0.000000000000000000e+00
-2.999715999999999985e+04	0.000000000000000000e+00	0.000000000000000000e+00	2.850428785058137793e-01	0.000000000000000000e+00
-2.999713000000000102e+04	0.000000000000000000e+00	0.000000000000000000e+00	2.868739890743736143e-01	0.000000000000000000e+00
-2.999709999999999854e+04	0.000000000000000000e+00	0.000000000000000000e+00	2.905362102114932843e-01	0.000000000000000000e+00
-2.999709000000000015e+04	0.000000000000000000e+00	0.000000000000000000e+00	2.862636188848536878e-01	0.000000000000000000e+00
-2.999706999999999971e+04	0.000000000000000000e+00	0.000000000000000000e+00	2.871791741691335775e-01	0.000000000000000000e+00
-2.999704000000000087e+04	0.000000000000000000e+00	0.000000000000000000e+00	2.850428785058137793e-01	0.000000000000000000e+00
-2.999700999999999840e+04	0.000000000000000000e+00	0.000000000000000000e+00	2.896206549272133390e-01	0.000000000000000000e+00
-2.999697999999999956e+04	0.000000000000000000e+00	0.000000000000000000e+00	2.749717703787347145e-01	0.000000000000000000e+00
-2.999695000000000073e+04	0.000000000000000000e+00	0.000000000000000000e+00	2.844325083162938528e-01	0.000000000000000000e+00
-2.999691999999999825e+04	0.000000000000000000e+00	0.000000000000000000e+00	2.816858424634540725e-01	0.000000000000000000e+00
-2.999690000000000146e+04	0.000000000000000000e+00	0.000000000000000000e+00	2.832117679372539443e-01	0.000000000000000000e+00
-2.999688000000000102e+04	0.000000000000000000e+00	0.000000000000000000e+00	2.764976958525345863e-01	0.000000000000000000e+00
-2.999686000000000058e+04	0.000000000000000000e+00	0.000000000000000000e+00	2.764976958525345863e-01	0.000000000000000000e+00
-2.999684000000000015e+04	0.000000000000000000e+00	0.000000000000000000e+00	2.819910275582140358e-01	0.000000000000000000e+00
-2.999681999999999971e+04	0.000000000000000000e+00	0.000000000000000000e+00	2.813806573686941093e-01	0.000000000000000000e+00
-2.999679999999999927e+04	0.000000000000000000e+00	0.000000000000000000e+00	2.706991790520951180e-01	0.000000000000000000e+00
-2.999677999999999884e+04	0.000000000000000000e+00	0.000000000000000000e+00	2.819910275582140358e-01	0.000000000000000000e+00
-2.999675999999999840e+04	0.000000000000000000e+00	0.000000000000000000e+00	2.798547318948942375e-01	0.000000000000000000e+00
-2.999674000000000160e+04	0.000000000000000000e+00	0.000000000000000000e+00	2.826013977477340178e-01	0.000000000000000000e+00
-2.999672999999999956e+04	0.000000000000000000e+00	0.000000000000000000e+00	2.822962126529740545e-01	0.000000000000000000e+00
-2.999670999999999913e+04	0.000000000000000000e+00	0.000000000000000000e+00	2.929776909695730458e-01	0.000000000000000000e+00
-2.999670000000000073e+04	0.000000000000000000e+00	0.000000000000000000e+00	2.978606524857326243e-01	0.000000000000000000e+00
-2.999666999999999825e+04	0.000000000000000000e+00	0.000000000000000000e+00	2.984710226752525508e-01	0.000000000000000000e+00
-2.999663999999999942e+04	0.000000000000000000e+00	0.000000000000000000e+00	3.024384289071321841e-01	0.000000000000000000e+00
-2.999659999999999854e+04	0.000000000000000000e+00	0.000000000000000000e+00	3.079317606128116891e-01	0.000000000000000000e+00
-2.999658000000000175e+04	0.000000000000000000e+00	0.000000000000000000e+00	3.213599047822504606e-01	0.000000000000000000e+00
-2.999656000000000131e+04	0.000000000000000000e+00	0.000000000000000000e+00	3.082369457075716523e-01	0.000000000000000000e+00
-2.999654000000000087e+04	0.000000000000000000e+00	0.000000000000000000e+00	3.024384289071321841e-01	0.000000000000000000e+00
-2.999650000000000000e+04	0.000000000000000000e+00	0.000000000000000000e+00	3.003021332438123858e-01	0.000000000000000000e+00
-2.999645999999999913e+04	0.000000000000000000e+00	0.000000000000000000e+00	3.009125034333323123e-01	0.000000000000000000e+00
-2.999643999999999869e+04	0.000000000000000000e+00	0.000000000000000000e+00	3.009125034333323123e-01	0.000000000000000000e+00
-2.999643000000000029e+04	0.000000000000000000e+00	0.000000000000000000e+00	3.030487990966521106e-01	0.000000000000000000e+00
-2.999640999999999985e+04	0.000000000000000000e+00	0.000000000000000000e+00	2.960295419171727893e-01	0.000000000000000000e+00
-2.999638000000000102e+04	0.000000000000000000e+00	0.000000000000000000e+00	2.963347270119327526e-01	0.000000000000000000e+00
-2.999634999999999854e+04	0.000000000000000000e+00	0.000000000000000000e+00	2.938932462538529355e-01	0.000000000000000000e+00
-2.999631999999999971e+04	0.000000000000000000e+00	0.000000000000000000e+00	3.045747245704519823e-01	0.000000000000000000e+00
-2.999629000000000087e+04	0.000000000000000000e+00	0.000000000000000000e+00	3.051850947599719088e-01	0.000000000000000000e+00
-2.999627000000000044e+04	0.000000000000000000e+00	0.000000000000000000e+00	3.122043519394512856e-01	0.000000000000000000e+00
-2.999624000000000160e+04	0.000000000000000000e+00	0.000000000000000000e+00	3.137302774132511574e-01	0.000000000000000000e+00
-2.999622000000000116e+04	0.000000000000000000e+00	0.000000000000000000e+00	3.115939817499313591e-01	0.000000000000000000e+00
-2.999618999999999869e+04	0.000000000000000000e+00	0.000000000000000000e+00	3.195287942136906256e-01	0.000000000000000000e+00
-2.999616999999999825e+04	0.000000000000000000e+00	0.000000000000000000e+00	3.286843470564897451e-01	0.000000000000000000e+00
-2.999613999999999942e+04	0.000000000000000000e+00	0.000000000000000000e+00	3.164769432660908821e-01	0.000000000000000000e+00
-2.999611000000000058e+04	0.000000000000000000e+00	0.000000000000000000e+00	3.216650898770104239e-01	0.000000000000000000e+00
-2.999609000000000015e+04	0.000000000000000000e+00	0.000000000000000000e+00	3.289895321512497084e-01	0.000000000000000000e+00
-2.999606000000000131e+04	0.000000000000000000e+00	0.000000000000000000e+00	3.347880489516891767e-01	0.000000000000000000e+00
-2.999602999999999884e+04	0.000000000000000000e+00	0.000000000000000000e+00	3.283791619617297819e-01	0.000000000000000000e+00
-2.999602000000000044e+04	0.000000000000000000e+00	0.000000000000000000e+00	3.375347148045289569e-01	0.000000000000000000e+00
-2.999600000000000000e+04	0.000000000000000000e+00	0.000000000000000000e+00	3.439436017944883517e-01	0.000000000000000000e+00
-2.999597999999999956e+04	0.000000000000000000e+00	0.000000000000000000e+00	3.402813806573686817e-01	0.000000000000000000e+00
-2.999595999999999913e+04	0.000000000000000000e+00	0.000000000000000000e+00	3.289895321512497084e-01	0.000000000000000000e+00
-2.999593000000000029e+04	0.000000000000000000e+00	0.000000000000000000e+00	3.265480513931699469e-01	0.000000000000000000e+00
-2.999591999999999825e+04	0.000000000000000000e+00	0.000000000000000000e+00	3.244117557298501486e-01	0.000000000000000000e+00
-2.999588999999999942e+04	0.000000000000000000e+00	0.000000000000000000e+00	3.213599047822504606e-01	0.000000000000000000e+00
-2.999586999999999898e+04	0.000000000000000000e+00	0.000000000000000000e+00	3.253273110141300939e-01	0.000000000000000000e+00
-2.999584999999999854e+04	0.000000000000000000e+00	0.000000000000000000e+00	3.268532364879299101e-01	0.000000000000000000e+00
-2.999583000000000175e+04	0.000000000000000000e+00	0.000000000000000000e+00	3.280739768669698186e-01	0.000000000000000000e+00
-2.999581000000000131e+04	0.000000000000000000e+00	0.000000000000000000e+00	3.289895321512497084e-01	0.000000000000000000e+00
-2.999577999999999884e+04	0.000000000000000000e+00	0.000000000000000000e+00	3.308206427198095434e-01	0.000000000000000000e+00
-2.999575000000000000e+04	0.000000000000000000e+00	0.000000000000000000e+00	3.518784142582476182e-01	0.000000000000000000e+00
-2.999572000000000116e+04	0.000000000000000000e+00	0.000000000000000000e+00	3.360087893307290852e-01	0.000000000000000000e+00
-2.999568999999999869e+04	0.000000000000000000e+00	0.000000000000000000e+00	3.353984191412091587e-01	0.000000000000000000e+00
-2.999566999999999825e+04	0.000000000000000000e+00	0.000000000000000000e+00	3.497421185949278200e-01	0.000000000000000000e+00
-2.999563000000000102e+04	0.000000000000000000e+00	0.000000000000000000e+00	3.457747123630481867e-01	0.000000000000000000e+00
-2.999559999999999854e+04	0.000000000000000000e+00	0.000000000000000000e+00	3.503524887844477465e-01	0.000000000000000000e+00
-2.999558000000000175e+04	0.000000000000000000e+00	0.000000000000000000e+00	3.604235969115268667e-01	0.000000000000000000e+00
-2.999556000000000131e+04	0.000000000000000000e+00	0.000000000000000000e+00	3.552354503006073250e-01	0.000000000000000000e+00
-2.999552999999999884e+04	0.000000000000000000e+00	0.000000000000000000e+00	3.588976714377269950e-01	0.000000000000000000e+00
-2.999550000000000000e+04	0.000000000000000000e+00	0.000000000000000000e+00	3.552354503006073250e-01	0.000000000000000000e+00
-2.999547000000000116e+04	0.000000000000000000e+00	0.000000000000000000e+00	3.598132267220068847e-01	0.000000000000000000e+00
-2.999545000000000073e+04	0.000000000000000000e+00	0.000000000000000000e+00	3.598132267220068847e-01	0.000000000000000000e+00
-2.999541999999999825e+04	0.000000000000000000e+00	0.000000000000000000e+00	3.570665608691671600e-01	0.000000000000000000e+00
-2.999540000000000146e+04	0.000000000000000000e+00	0.000000000000000000e+00	3.518784142582476182e-01	0.000000000000000000e+00
-2.999536000000000058e+04	0.000000000000000000e+00	0.000000000000000000e+00	3.543198950163273797e-01	0.000000000000000000e+00
-2.999533000000000175e+04	0.000000000000000000e+00	0.000000000000000000e+00	3.549302652058473617e-01	0.000000000000000000e+00
-2.999529999999999927e+04	0.000000000000000000e+00	0.000000000000000000e+00	3.582873012482070130e-01	0.000000000000000000e+00
-2.999527000000000044e+04	0.000000000000000000e+00	0.000000000000000000e+00	3.598132267220068847e-01	0.000000000000000000e+00
-2.999525000000000000e+04	0.000000000000000000e+00	0.000000000000000000e+00	3.552354503006073250e-01	0.000000000000000000e+00
-2.999522999999999956e+04	0.000000000000000000e+00	0.000000000000000000e+00	3.683584093752861333e-01	0.000000000000000000e+00
-2.999522000000000116e+04	0.000000000000000000e+00	0.000000000000000000e+00	3.707998901333658948e-01	0.000000000000000000e+00
-2.999518999999999869e+04	0.000000000000000000e+00	0.000000000000000000e+00	3.799554429761650698e-01	0.000000000000000000e+00
-2.999515999999999985e+04	0.000000000000000000e+00	0.000000000000000000e+00	3.894161809137241526e-01	0.000000000000000000e+00
-2.999511999999999898e+04	0.000000000000000000e+00	0.000000000000000000e+00	3.878902554399243363e-01	0.000000000000000000e+00
-2.999509000000000015e+04	0.000000000000000000e+00	0.000000000000000000e+00	3.854487746818445193e-01	0.000000000000000000e+00
-2.999508000000000175e+04	0.000000000000000000e+00	0.000000000000000000e+00	3.863643299661244646e-01	0.000000000000000000e+00
-2.999506000000000131e+04	0.000000000000000000e+00	0.000000000000000000e+00	3.936887722403638046e-01	0.000000000000000000e+00
-2.999502000000000044e+04	0.000000000000000000e+00	0.000000000000000000e+00	3.924680318613238961e-01	0.000000000000000000e+00
-2.999499000000000160e+04	0.000000000000000000e+00	0.000000000000000000e+00	3.909421063875240243e-01	0.000000000000000000e+00
-2.999497000000000116e+04	0.000000000000000000e+00	0.000000000000000000e+00	3.845332193975646295e-01	0.000000000000000000e+00
-2.999493999999999869e+04	0.000000000000000000e+00	0.000000000000000000e+00	3.878902554399243363e-01	0.000000000000000000e+00
-2.999490000000000146e+04	0.000000000000000000e+00	0.000000000000000000e+00	3.915524765770439508e-01	0.000000000000000000e+00
-2.999488000000000102e+04	0.000000000000000000e+00	0.000000000000000000e+00	3.921628467665639328e-01	0.000000000000000000e+00
-2.999486000000000058e+04	0.000000000000000000e+00	0.000000000000000000e+00	3.802606280709250330e-01	0.000000000000000000e+00
-2.999483000000000175e+04	0.000000000000000000e+00	0.000000000000000000e+00	3.796502578814050510e-01	0.000000000000000000e+00
-2.999481000000000131e+04	0.000000000000000000e+00	0.000000000000000000e+00	3.933835871456037858e-01	0.000000000000000000e+00
-2.999477000000000044e+04	0.000000000000000000e+00	0.000000000000000000e+00	3.814813684499648860e-01	0.000000000000000000e+00
-2.999474000000000160e+04	0.000000000000000000e+00	0.000000000000000000e+00	3.894161809137241526e-01	0.000000000000000000e+00
-2.999470999999999913e+04	0.000000000000000000e+00	0.000000000000000000e+00	3.839228492080447031e-01	0.000000000000000000e+00
-2.999468999999999869e+04	0.000000000000000000e+00	0.000000000000000000e+00	3.839228492080447031e-01	0.000000000000000000e+00
-2.999465999999999985e+04	0.000000000000000000e+00	0.000000000000000000e+00	3.863643299661244646e-01	0.000000000000000000e+00
-2.999463000000000102e+04	0.000000000000000000e+00	0.000000000000000000e+00	3.924680318613238961e-01	0.000000000000000000e+00
-2.999461000000000058e+04	0.000000000000000000e+00	0.000000000000000000e+00	4.104739524521622274e-01	0.000000000000000000e+00
-2.999459000000000015e+04	0.000000000000000000e+00	0.000000000000000000e+00	4.104739524521622274e-01	0.000000000000000000e+00
-2.999456000000000131e+04	0.000000000000000000e+00	0.000000000000000000e+00	4.147465437788018239e-01	0.000000000000000000e+00
-2.999454000000000087e+04	0.000000000000000000e+00	0.000000000000000000e+00	4.184087649159214939e-01	0.000000000000000000e+00
-2.999450999999999840e+04	0.000000000000000000e+00	0.000000000000000000e+00	4.290902432325205407e-01	0.000000000000000000e+00
-2.999447999999999956e+04	0.000000000000000000e+00	0.000000000000000000e+00	4.290902432325205407e-01	0.000000000000000000e+00
-2.999445000000000073e+04	0.000000000000000000e+00	0.000000000000000000e+00	4.248176519058809442e-01	0.000000000000000000e+00
-2.999443000000000029e+04	0.000000000000000000e+00	0.000000000000000000e+00	4.263435773796807604e-01	0.000000000000000000e+00
-2.999440999999999985e+04	0.000000000000000000e+00	0.000000000000000000e+00	4.263435773796807604e-01	0.000000000000000000e+00
-2.999438000000000102e+04	0.000000000000000000e+00	0.000000000000000000e+00	4.156620990630817691e-01	0.000000000000000000e+00
-2.999436000000000058e+04	0.000000000000000000e+00	0.000000000000000000e+00	4.153569139683218059e-01	0.000000000000000000e+00
-2.999433000000000175e+04	0.000000000000000000e+00	0.000000000000000000e+00	4.150517288735618426e-01	0.000000000000000000e+00
-2.999429999999999927e+04	0.000000000000000000e+00	0.000000000000000000e+00	4.254280220954008707e-01	0.000000000000000000e+00
-2.999427000000000044e+04	0.000000000000000000e+00	0.000000000000000000e+00	4.135258033997619709e-01	0.000000000000000000e+00
-2.999424000000000160e+04	0.000000000000000000e+00	0.000000000000000000e+00	4.153569139683218059e-01	0.000000000000000000e+00
-2.999422000000000116e+04	0.000000000000000000e+00	0.000000000000000000e+00	4.260383922849207972e-01	0.000000000000000000e+00
-2.999420000000000073e+04	0.000000000000000000e+00	0.000000000000000000e+00	4.260383922849207972e-01	0.000000000000000000e+00
-2.999416999999999825e+04	0.000000000000000000e+00	0.000000000000000000e+00	4.223761711478011271e-01	0.000000000000000000e+00
-2.999415000000000146e+04	0.000000000000000000e+00	0.000000000000000000e+00	4.199346903897213656e-01	0.000000000000000000e+00
-2.999411999999999898e+04	0.000000000000000000e+00	0.000000000000000000e+00	4.254280220954008707e-01	0.000000000000000000e+00
-2.999409999999999854e+04	0.000000000000000000e+00	0.000000000000000000e+00	4.391613513595996054e-01	0.000000000000000000e+00
-2.999406999999999971e+04	0.000000000000000000e+00	0.000000000000000000e+00	4.333628345591601372e-01	0.000000000000000000e+00
-2.999404999999999927e+04	0.000000000000000000e+00	0.000000000000000000e+00	4.501480147709585600e-01	0.000000000000000000e+00
-2.999402999999999884e+04	0.000000000000000000e+00	0.000000000000000000e+00	4.525894955290383770e-01	0.000000000000000000e+00
-2.999400999999999840e+04	0.000000000000000000e+00	0.000000000000000000e+00	4.492324594866786702e-01	0.000000000000000000e+00
-2.999399000000000160e+04	0.000000000000000000e+00	0.000000000000000000e+00	4.516739402447584317e-01	0.000000000000000000e+00
-2.999397000000000116e+04	0.000000000000000000e+00	0.000000000000000000e+00	4.641865291299173135e-01	0.000000000000000000e+00
-2.999393999999999869e+04	0.000000000000000000e+00	0.000000000000000000e+00	4.614398632770775333e-01	0.000000000000000000e+00
-2.999390999999999985e+04	0.000000000000000000e+00	0.000000000000000000e+00	4.577776421399578632e-01	0.000000000000000000e+00
-2.999388999999999942e+04	0.000000000000000000e+00	0.000000000000000000e+00	4.437391277809991652e-01	0.000000000000000000e+00
-2.999386000000000058e+04	0.000000000000000000e+00	0.000000000000000000e+00	4.412976470229194037e-01	0.000000000000000000e+00
-2.999381999999999971e+04	0.000000000000000000e+00	0.000000000000000000e+00	4.425183874019593122e-01	0.000000000000000000e+00
-2.999379000000000087e+04	0.000000000000000000e+00	0.000000000000000000e+00	4.361095004119998619e-01	0.000000000000000000e+00
-2.999375999999999840e+04	0.000000000000000000e+00	0.000000000000000000e+00	4.416028321176793670e-01	0.000000000000000000e+00
-2.999374000000000160e+04	0.000000000000000000e+00	0.000000000000000000e+00	4.391613513595996054e-01	0.000000000000000000e+00
-2.999372000000000116e+04	0.000000000000000000e+00	0.000000000000000000e+00	4.361095004119998619e-01	0.000000000000000000e+00
-2.999370000000000073e+04	0.000000000000000000e+00	0.000000000000000000e+00	4.434339426862392020e-01	0.000000000000000000e+00
-2.999368000000000029e+04	0.000000000000000000e+00	0.000000000000000000e+00	4.480117191076387617e-01	0.000000000000000000e+00
-2.999365999999999985e+04	0.000000000000000000e+00	0.000000000000000000e+00	4.574724570451979000e-01	0.000000000000000000e+00
-2.999363999999999942e+04	0.000000000000000000e+00	0.000000000000000000e+00	4.535050508133182667e-01	0.000000000000000000e+00
-2.999359999999999854e+04	0.000000000000000000e+00	0.000000000000000000e+00	4.681539353617969468e-01	0.000000000000000000e+00
-2.999356000000000131e+04	0.000000000000000000e+00	0.000000000000000000e+00	4.614398632770775333e-01	0.000000000000000000e+00
-2.999352999999999884e+04	0.000000000000000000e+00	0.000000000000000000e+00	4.638813440351573503e-01	0.000000000000000000e+00
-2.999350999999999840e+04	0.000000000000000000e+00	0.000000000000000000e+00	4.763939329203161765e-01	0.000000000000000000e+00
-2.999349000000000160e+04	0.000000000000000000e+00	0.000000000000000000e+00	4.785302285836359748e-01	0.000000000000000000e+00
-2.999345999999999913e+04	0.000000000000000000e+00	0.000000000000000000e+00	4.776146732993560851e-01	0.000000000000000000e+00
-2.999343999999999869e+04	0.000000000000000000e+00	0.000000000000000000e+00	4.873805963316751866e-01	0.000000000000000000e+00
-2.999343000000000029e+04	0.000000000000000000e+00	0.000000000000000000e+00	4.843287453840754431e-01	0.000000000000000000e+00
-2.999340000000000146e+04	0.000000000000000000e+00	0.000000000000000000e+00	4.977568895535142146e-01	0.000000000000000000e+00
-2.999336999999999898e+04	0.000000000000000000e+00	0.000000000000000000e+00	4.858546708578753148e-01	0.000000000000000000e+00
-2.999336000000000058e+04	0.000000000000000000e+00	0.000000000000000000e+00	4.913480025635548198e-01	0.000000000000000000e+00
-2.999333000000000175e+04	0.000000000000000000e+00	0.000000000000000000e+00	4.766991180150761398e-01	0.000000000000000000e+00
-2.999329999999999927e+04	0.000000000000000000e+00	0.000000000000000000e+00	4.751731925412762680e-01	0.000000000000000000e+00
-2.999325999999999840e+04	0.000000000000000000e+00	0.000000000000000000e+00	4.873805963316751866e-01	0.000000000000000000e+00
-2.999324000000000160e+04	0.000000000000000000e+00	0.000000000000000000e+00	4.751731925412762680e-01	0.000000000000000000e+00
-2.999322000000000116e+04	0.000000000000000000e+00	0.000000000000000000e+00	4.760887478255562133e-01	0.000000000000000000e+00
-2.999320000000000073e+04	0.000000000000000000e+00	0.000000000000000000e+00	4.733420819727164330e-01	0.000000000000000000e+00
-2.999318000000000029e+04	0.000000000000000000e+00	0.000000000000000000e+00	4.806665242469557731e-01	0.000000000000000000e+00
-2.999315000000000146e+04	0.000000000000000000e+00	0.000000000000000000e+00	4.828028199102755713e-01	0.000000000000000000e+00
-2.999313000000000102e+04	0.000000000000000000e+00	0.000000000000000000e+00	4.895168919949949848e-01	0.000000000000000000e+00
-2.999309999999999854e+04	0.000000000000000000e+00	0.000000000000000000e+00	4.876857814264351498e-01	0.000000000000000000e+00
-2.999308000000000175e+04	0.000000000000000000e+00	0.000000000000000000e+00	4.992828150273140864e-01	0.000000000000000000e+00
-2.999304999999999927e+04	0.000000000000000000e+00	0.000000000000000000e+00	5.081331827753532426e-01	0.000000000000000000e+00
-2.999302999999999884e+04	0.000000000000000000e+00	0.000000000000000000e+00	5.203405865657521057e-01	0.000000000000000000e+00
-2.999300000000000000e+04	0.000000000000000000e+00	0.000000000000000000e+00	5.194250312814722159e-01	0.000000000000000000e+00
-2.999297999999999956e+04	0.000000000000000000e+00	0.000000000000000000e+00	5.139316995757927664e-01	0.000000000000000000e+00
-2.999295999999999913e+04	0.000000000000000000e+00	0.000000000000000000e+00	5.252235480819116287e-01	0.000000000000000000e+00
-2.999293000000000029e+04	0.000000000000000000e+00	0.000000000000000000e+00	5.175939207129124364e-01	0.000000000000000000e+00
-2.999290000000000146e+04	0.000000000000000000e+00	0.000000000000000000e+00	5.178991058076723997e-01	0.000000000000000000e+00
-2.999286999999999898e+04	0.000000000000000000e+00	0.000000000000000000e+00	5.212561418500319954e-01	0.000000000000000000e+00
-2.999286000000000058e+04	0.000000000000000000e+00	0.000000000000000000e+00	5.212561418500319954e-01	0.000000000000000000e+00
-2.999284999999999854e+04	0.000000000000000000e+00	0.000000000000000000e+00	5.166783654286324357e-01	0.000000000000000000e+00
-2.999283000000000175e+04	0.000000000000000000e+00	0.000000000000000000e+00	5.078279976805932794e-01	0.000000000000000000e+00
-2.999281000000000131e+04	0.000000000000000000e+00	0.000000000000000000e+00	5.020294808801538666e-01	0.000000000000000000e+00
-2.999277999999999884e+04	0.000000000000000000e+00	0.000000000000000000e+00	5.026398510696737931e-01	0.000000000000000000e+00
-2.999275999999999840e+04	0.000000000000000000e+00	0.000000000000000000e+00	5.069124423963133896e-01	0.000000000000000000e+00
-2.999274000000000160e+04	0.000000000000000000e+00	0.000000000000000000e+00	5.001983703115939761e-01	0.000000000000000000e+00
-2.999272000000000116e+04	0.000000000000000000e+00	0.000000000000000000e+00	5.023346659749138299e-01	0.000000000000000000e+00
-2.999270999999999913e+04	0.000000000000000000e+00	0.000000000000000000e+00	5.063020722067934631e-01	0.000000000000000000e+00
-2.999268999999999869e+04	0.000000000000000000e+00	0.000000000000000000e+00	5.139316995757927664e-01	0.000000000000000000e+00
-2.999266999999999825e+04	0.000000000000000000e+00	0.000000000000000000e+00	5.041657765434736094e-01	0.000000000000000000e+00
-2.999265000000000146e+04	0.000000000000000000e+00	0.000000000000000000e+00	5.182042909024323629e-01	0.000000000000000000e+00
-2.999263000000000102e+04	0.000000000000000000e+00	0.000000000000000000e+00	5.307168797875911892e-01	0.000000000000000000e+00
-2.999261000000000058e+04	0.000000000000000000e+00	0.000000000000000000e+00	5.322428052613910054e-01	0.000000000000000000e+00
-2.999259000000000015e+04	0.000000000000000000e+00	0.000000000000000000e+00	5.438398388622699420e-01	0.000000000000000000e+00
-2.999256000000000131e+04	0.000000000000000000e+00	0.000000000000000000e+00	5.475020599993896120e-01	0.000000000000000000e+00
-2.999252999999999884e+04	0.000000000000000000e+00	0.000000000000000000e+00	5.517746513260292085e-01	0.000000000000000000e+00
-2.999250000000000000e+04	0.000000000000000000e+00	0.000000000000000000e+00	5.490279854731895393e-01	0.000000000000000000e+00
-2.999247000000000116e+04	0.000000000000000000e+00	0.000000000000000000e+00	5.490279854731895393e-01	0.000000000000000000e+00
-2.999243999999999869e+04	0.000000000000000000e+00	0.000000000000000000e+00	5.478072450941495752e-01	0.000000000000000000e+00
-2.999240999999999985e+04	0.000000000000000000e+00	0.000000000000000000e+00	5.597094637897884750e-01	0.000000000000000000e+00
-2.999238000000000102e+04	0.000000000000000000e+00	0.000000000000000000e+00	5.468916898098696855e-01	0.000000000000000000e+00
-2.999236999999999898e+04	0.000000000000000000e+00	0.000000000000000000e+00	5.352946562089907490e-01	0.000000000000000000e+00
-2.999234999999999854e+04	0.000000000000000000e+00	0.000000000000000000e+00	5.349894711142307857e-01	0.000000000000000000e+00
-2.999233000000000175e+04	0.000000000000000000e+00	0.000000000000000000e+00	5.337687307351909327e-01	0.000000000000000000e+00
-2.999229999999999927e+04	0.000000000000000000e+00	0.000000000000000000e+00	5.273598437452314824e-01	0.000000000000000000e+00
-2.999227999999999884e+04	0.000000000000000000e+00	0.000000000000000000e+00	5.423139133884701257e-01	0.000000000000000000e+00
-2.999225000000000000e+04	0.000000000000000000e+00	0.000000000000000000e+00	5.584887234107486220e-01	0.000000000000000000e+00
-2.999222999999999956e+04	0.000000000000000000e+00	0.000000000000000000e+00	5.395672475356303455e-01	0.000000000000000000e+00
-2.999220999999999913e+04	0.000000000000000000e+00	0.000000000000000000e+00	5.490279854731895393e-01	0.000000000000000000e+00
-2.999218999999999869e+04	0.000000000000000000e+00	0.000000000000000000e+00	5.438398388622699420e-01	0.000000000000000000e+00
-2.999216999999999825e+04	0.000000000000000000e+00	0.000000000000000000e+00	5.514694662312692452e-01	0.000000000000000000e+00
-2.999215000000000146e+04	0.000000000000000000e+00	0.000000000000000000e+00	5.584887234107486220e-01	0.000000000000000000e+00
-2.999213000000000102e+04	0.000000000000000000e+00	0.000000000000000000e+00	5.633716849269081450e-01	0.000000000000000000e+00
-2.999209999999999854e+04	0.000000000000000000e+00	0.000000000000000000e+00	5.658131656849879620e-01	0.000000000000000000e+00
-2.999208000000000175e+04	0.000000000000000000e+00	0.000000000000000000e+00	5.700857570116275586e-01	0.000000000000000000e+00
-2.999206000000000131e+04	0.000000000000000000e+00	0.000000000000000000e+00	5.798516800439466046e-01	0.000000000000000000e+00
-2.999204000000000087e+04	0.000000000000000000e+00	0.000000000000000000e+00	5.841242713705863121e-01	0.000000000000000000e+00
-2.999200999999999840e+04	0.000000000000000000e+00	0.000000000000000000e+00	5.835139011810662746e-01	0.000000000000000000e+00
-2.999197999999999956e+04	0.000000000000000000e+00	0.000000000000000000e+00	5.783257545701467883e-01	0.000000000000000000e+00
-2.999195999999999913e+04	0.000000000000000000e+00	0.000000000000000000e+00	5.819879757072664583e-01	0.000000000000000000e+00
-2.999193999999999869e+04	0.000000000000000000e+00	0.000000000000000000e+00	5.734427930539872653e-01	0.000000000000000000e+00
-2.999190999999999985e+04	0.000000000000000000e+00	0.000000000000000000e+00	5.725272377697073756e-01	0.000000000000000000e+00
-2.999188000000000102e+04	0.000000000000000000e+00	0.000000000000000000e+00	5.648976104007080723e-01	0.000000000000000000e+00
-2.999184999999999854e+04	0.000000000000000000e+00	0.000000000000000000e+00	5.630664998321481818e-01	0.000000000000000000e+00
-2.999181999999999971e+04	0.000000000000000000e+00	0.000000000000000000e+00	5.575731681264687323e-01	0.000000000000000000e+00
-2.999179000000000087e+04	0.000000000000000000e+00	0.000000000000000000e+00	5.652027954954680355e-01	0.000000000000000000e+00
-2.999177000000000044e+04	0.000000000000000000e+00	0.000000000000000000e+00	5.603198339793084015e-01	0.000000000000000000e+00
-2.999175000000000000e+04	0.000000000000000000e+00	0.000000000000000000e+00	5.716116824854273748e-01	0.000000000000000000e+00
-2.999172000000000116e+04	0.000000000000000000e+00	0.000000000000000000e+00	5.700857570116275586e-01	0.000000000000000000e+00
-2.999168999999999869e+04	0.000000000000000000e+00	0.000000000000000000e+00	5.829035309915463481e-01	0.000000000000000000e+00
-2.999165999999999985e+04	0.000000000000000000e+00	0.000000000000000000e+00	5.835139011810662746e-01	0.000000000000000000e+00
-2.999163999999999942e+04	0.000000000000000000e+00	0.000000000000000000e+00	5.856501968443861283e-01	0.000000000000000000e+00
-2.999161999999999898e+04	0.000000000000000000e+00	0.000000000000000000e+00	5.902279732657856881e-01	0.000000000000000000e+00
-2.999159999999999854e+04	0.000000000000000000e+00	0.000000000000000000e+00	6.036561174352245152e-01	0.000000000000000000e+00
-2.999158000000000175e+04	0.000000000000000000e+00	0.000000000000000000e+00	6.097598193304238912e-01	0.000000000000000000e+00
-2.999156000000000131e+04	0.000000000000000000e+00	0.000000000000000000e+00	6.109805597094637442e-01	0.000000000000000000e+00
-2.999154999999999927e+04	0.000000000000000000e+00	0.000000000000000000e+00	6.155583361308634149e-01	0.000000000000000000e+00
-2.999152999999999884e+04	0.000000000000000000e+00	0.000000000000000000e+00	6.213568529313028277e-01	0.000000000000000000e+00
-2.999150000000000000e+04	0.000000000000000000e+00	0.000000000000000000e+00	6.167790765099032679e-01	0.000000000000000000e+00
-2.999149000000000160e+04	0.000000000000000000e+00	0.000000000000000000e+00	6.131168553727835979e-01	0.000000000000000000e+00
-2.999145999999999913e+04	0.000000000000000000e+00	0.000000000000000000e+00	6.048768578142643682e-01	0.000000000000000000e+00
-2.999143999999999869e+04	0.000000000000000000e+00	0.000000000000000000e+00	6.164738914151433047e-01	0.000000000000000000e+00
-2.999140000000000146e+04	0.000000000000000000e+00	0.000000000000000000e+00	6.051820429090243314e-01	0.000000000000000000e+00
-2.999138000000000102e+04	0.000000000000000000e+00	0.000000000000000000e+00	5.993835261085848076e-01	0.000000000000000000e+00
-2.999134999999999854e+04	0.000000000000000000e+00	0.000000000000000000e+00	5.945005645924252846e-01	0.000000000000000000e+00
-2.999131999999999971e+04	0.000000000000000000e+00	0.000000000000000000e+00	5.981627857295449546e-01	0.000000000000000000e+00
-2.999129999999999927e+04	0.000000000000000000e+00	0.000000000000000000e+00	5.908383434553056146e-01	0.000000000000000000e+00
-2.999127000000000044e+04	0.000000000000000000e+00	0.000000000000000000e+00	5.951109347819452111e-01	0.000000000000000000e+00
-2.999124000000000160e+04	0.000000000000000000e+00	0.000000000000000000e+00	6.054872280037842946e-01	0.000000000000000000e+00
-2.999122000000000116e+04	0.000000000000000000e+00	0.000000000000000000e+00	6.112857448042237074e-01	0.000000000000000000e+00
-2.999118000000000029e+04	0.000000000000000000e+00	0.000000000000000000e+00	6.097598193304238912e-01	0.000000000000000000e+00
-2.999115999999999985e+04	0.000000000000000000e+00	0.000000000000000000e+00	6.143375957518234509e-01	0.000000000000000000e+00
-2.999113999999999942e+04	0.000000000000000000e+00	0.000000000000000000e+00	6.210516678365428644e-01	0.000000000000000000e+00
-2.999111000000000058e+04	0.000000000000000000e+00	0.000000000000000000e+00	6.341746269112216172e-01	0.000000000000000000e+00
-2.999108000000000175e+04	0.000000000000000000e+00	0.000000000000000000e+00	6.436353648487808110e-01	0.000000000000000000e+00
-2.999104000000000087e+04	0.000000000000000000e+00	0.000000000000000000e+00	6.469924008911405178e-01	0.000000000000000000e+00
-2.999100999999999840e+04	0.000000000000000000e+00	0.000000000000000000e+00	6.424146244697408470e-01	0.000000000000000000e+00
-2.999099000000000160e+04	0.000000000000000000e+00	0.000000000000000000e+00	6.552323984496597475e-01	0.000000000000000000e+00
-2.999097000000000116e+04	0.000000000000000000e+00	0.000000000000000000e+00	6.534012878810998570e-01	0.000000000000000000e+00
-2.999093999999999869e+04	0.000000000000000000e+00	0.000000000000000000e+00	6.445509201330607008e-01	0.000000000000000000e+00
-2.999090999999999985e+04	0.000000000000000000e+00	0.000000000000000000e+00	6.512649922177801143e-01	0.000000000000000000e+00
-2.999086999999999898e+04	0.000000000000000000e+00	0.000000000000000000e+00	6.466872157963805545e-01	0.000000000000000000e+00
-2.999084000000000015e+04	0.000000000000000000e+00	0.000000000000000000e+00	6.466872157963805545e-01	0.000000000000000000e+00
-2.999081999999999971e+04	0.000000000000000000e+00	0.000000000000000000e+00	6.427198095645009213e-01	0.000000000000000000e+00
-2.999079000000000087e+04	0.000000000000000000e+00	0.000000000000000000e+00	6.439405499435407743e-01	0.000000000000000000e+00
-2.999077000000000044e+04	0.000000000000000000e+00	0.000000000000000000e+00	6.366161076693014342e-01	0.000000000000000000e+00
-2.999074000000000160e+04	0.000000000000000000e+00	0.000000000000000000e+00	6.390575884273812513e-01	0.000000000000000000e+00
-2.999072000000000116e+04	0.000000000000000000e+00	0.000000000000000000e+00	6.396679586169011777e-01	0.000000000000000000e+00
-2.999068999999999869e+04	0.000000000000000000e+00	0.000000000000000000e+00	6.463820307016204803e-01	0.000000000000000000e+00
-2.999065999999999985e+04	0.000000000000000000e+00	0.000000000000000000e+00	6.402783288064211042e-01	0.000000000000000000e+00
-2.999063999999999942e+04	0.000000000000000000e+00	0.000000000000000000e+00	6.530961027863398938e-01	0.000000000000000000e+00
-2.999061000000000058e+04	0.000000000000000000e+00	0.000000000000000000e+00	6.558427686391796740e-01	0.000000000000000000e+00
-2.999059000000000015e+04	0.000000000000000000e+00	0.000000000000000000e+00	6.707968382824183173e-01	0.000000000000000000e+00
-2.999056000000000131e+04	0.000000000000000000e+00	0.000000000000000000e+00	6.762901699880977668e-01	0.000000000000000000e+00
-2.999054000000000087e+04	0.000000000000000000e+00	0.000000000000000000e+00	6.704916531876583541e-01	0.000000000000000000e+00
-2.999050000000000000e+04	0.000000000000000000e+00	0.000000000000000000e+00	6.891079439680165564e-01	0.000000000000000000e+00
-2.999047000000000116e+04	0.000000000000000000e+00	0.000000000000000000e+00	6.894131290627765196e-01	0.000000000000000000e+00
-2.999045999999999913e+04	0.000000000000000000e+00	0.000000000000000000e+00	6.851405377361369231e-01	0.000000000000000000e+00
-2.999043000000000029e+04	0.000000000000000000e+00	0.000000000000000000e+00	6.823938718832972539e-01	0.000000000000000000e+00
-2.999040000000000146e+04	0.000000000000000000e+00	0.000000000000000000e+00	6.863612781151768871e-01	0.000000000000000000e+00
-2.999036000000000058e+04	0.000000000000000000e+00	0.000000000000000000e+00	6.933805352946562639e-01	0.000000000000000000e+00
-2.999034000000000015e+04	0.000000000000000000e+00	0.000000000000000000e+00	6.863612781151768871e-01	0.000000000000000000e+00
-2.999031000000000131e+04	0.000000000000000000e+00	0.000000000000000000e+00	6.814783165990172531e-01	0.000000000000000000e+00
-2.999029000000000087e+04	0.000000000000000000e+00	0.000000000000000000e+00	6.686605426190984636e-01	0.000000000000000000e+00
-2.999025999999999840e+04	0.000000000000000000e+00	0.000000000000000000e+00	6.646931363872188303e-01	0.000000000000000000e+00
-2.999022999999999956e+04	0.000000000000000000e+00	0.000000000000000000e+00	6.656086916714987201e-01	0.000000000000000000e+00
-2.999020000000000073e+04	0.000000000000000000e+00	0.000000000000000000e+00	6.649983214819787936e-01	0.000000000000000000e+00
-2.999016999999999825e+04	0.000000000000000000e+00	0.000000000000000000e+00	6.720175786614581703e-01	0.000000000000000000e+00
-2.999015999999999985e+04	0.000000000000000000e+00	0.000000000000000000e+00	6.738486892300180608e-01	0.000000000000000000e+00
-2.999013999999999942e+04	0.000000000000000000e+00	0.000000000000000000e+00	6.799523911252174369e-01	0.000000000000000000e+00
-2.999009000000000015e+04	0.000000000000000000e+00	0.000000000000000000e+00	6.799523911252174369e-01	0.000000000000000000e+00
-2.999004999999999927e+04	0.000000000000000000e+00	0.000000000000000000e+00	6.958220160527359699e-01	0.000000000000000000e+00
-2.999002999999999884e+04	0.000000000000000000e+00	0.000000000000000000e+00	6.988738670003357134e-01	0.000000000000000000e+00
-2.999000000000000000e+04	0.000000000000000000e+00	0.000000000000000000e+00	7.034516434217352732e-01	0.000000000000000000e+00
-2.998997999999999956e+04	0.000000000000000000e+00	0.000000000000000000e+00	7.113864558854945397e-01	0.000000000000000000e+00
-2.998995999999999913e+04	0.000000000000000000e+00	0.000000000000000000e+00	7.138279366435743567e-01	0.000000000000000000e+00
-2.998993000000000029e+04	0.000000000000000000e+00	0.000000000000000000e+00	7.300027466658528530e-01	0.000000000000000000e+00
-2.998990000000000146e+04	0.000000000000000000e+00	0.000000000000000000e+00	7.312234870448927060e-01	0.000000000000000000e+00
-2.998988000000000102e+04	0.000000000000000000e+00	0.000000000000000000e+00	7.370220038453322298e-01	0.000000000000000000e+00
-2.998984999999999854e+04	0.000000000000000000e+00	0.000000000000000000e+00	7.235938596758934027e-01	0.000000000000000000e+00
-2.998983000000000175e+04	0.000000000000000000e+00	0.000000000000000000e+00	7.257301553392132565e-01	0.000000000000000000e+00
-2.998979999999999927e+04	0.000000000000000000e+00	0.000000000000000000e+00	7.293923764763329265e-01	0.000000000000000000e+00
-2.998977000000000044e+04	0.000000000000000000e+00	0.000000000000000000e+00	7.177953428754539900e-01	0.000000000000000000e+00
-2.998972999999999956e+04	0.000000000000000000e+00	0.000000000000000000e+00	7.159642323068940994e-01	0.000000000000000000e+00
-2.998968999999999869e+04	0.000000000000000000e+00	0.000000000000000000e+00	7.217627491073336232e-01	0.000000000000000000e+00
-2.998965999999999985e+04	0.000000000000000000e+00	0.000000000000000000e+00	7.080294198431348329e-01	0.000000000000000000e+00
-2.998963000000000102e+04	0.000000000000000000e+00	0.000000000000000000e+00	7.083346049378947962e-01	0.000000000000000000e+00
-2.998959000000000015e+04	0.000000000000000000e+00	0.000000000000000000e+00	7.095553453169347602e-01	0.000000000000000000e+00
-2.998956000000000131e+04	0.000000000000000000e+00	0.000000000000000000e+00	7.165746024964140259e-01	0.000000000000000000e+00
-2.998954000000000087e+04	0.000000000000000000e+00	0.000000000000000000e+00	7.177953428754539900e-01	0.000000000000000000e+00
-2.998950999999999840e+04	0.000000000000000000e+00	0.000000000000000000e+00	7.254249702444532932e-01	0.000000000000000000e+00
-2.998947000000000116e+04	0.000000000000000000e+00	0.000000000000000000e+00	7.388531144138920093e-01	0.000000000000000000e+00
-2.998943000000000029e+04	0.000000000000000000e+00	0.000000000000000000e+00	7.464827417828913125e-01	0.000000000000000000e+00
-2.998940000000000146e+04	0.000000000000000000e+00	0.000000000000000000e+00	7.641834772789697361e-01	0.000000000000000000e+00
-2.998936999999999898e+04	0.000000000000000000e+00	0.000000000000000000e+00	7.568590350047303961e-01	0.000000000000000000e+00
-2.998934000000000015e+04	0.000000000000000000e+00	0.000000000000000000e+00	7.681508835108493694e-01	0.000000000000000000e+00
-2.998931999999999971e+04	0.000000000000000000e+00	0.000000000000000000e+00	7.730338450270088924e-01	0.000000000000000000e+00
-2.998929000000000087e+04	0.000000000000000000e+00	0.000000000000000000e+00	7.733390301217688556e-01	0.000000000000000000e+00
-2.998927000000000044e+04	0.000000000000000000e+00	0.000000000000000000e+00	7.797479171117283059e-01	0.000000000000000000e+00
-2.998924000000000160e+04	0.000000000000000000e+00	0.000000000000000000e+00	7.715079195532090761e-01	0.000000000000000000e+00
-2.998920000000000073e+04	0.000000000000000000e+00	0.000000000000000000e+00	7.687612537003692958e-01	0.000000000000000000e+00
-2.998915000000000146e+04	0.000000000000000000e+00	0.000000000000000000e+00	7.681508835108493694e-01	0.000000000000000000e+00
-2.998911000000000058e+04	0.000000000000000000e+00	0.000000000000000000e+00	7.644886623737296993e-01	0.000000000000000000e+00
-2.998908000000000175e+04	0.000000000000000000e+00	0.000000000000000000e+00	7.593005157628101021e-01	0.000000000000000000e+00
-2.998904999999999927e+04	0.000000000000000000e+00	0.000000000000000000e+00	7.519760734885708731e-01	0.000000000000000000e+00
-2.998902999999999884e+04	0.000000000000000000e+00	0.000000000000000000e+00	7.501449629200109825e-01	0.000000000000000000e+00
-2.998900000000000000e+04	0.000000000000000000e+00	0.000000000000000000e+00	7.425153355510116793e-01	0.000000000000000000e+00
-2.998897000000000116e+04	0.000000000000000000e+00	0.000000000000000000e+00	7.434308908352915690e-01	0.000000000000000000e+00
-2.998893000000000029e+04	0.000000000000000000e+00	0.000000000000000000e+00	7.281716360972929625e-01	0.000000000000000000e+00
-2.998890000000000146e+04	0.000000000000000000e+00	0.000000000000000000e+00	7.550279244361705056e-01	0.000000000000000000e+00
-2.998886000000000058e+04	0.000000000000000000e+00	0.000000000000000000e+00	7.550279244361705056e-01	0.000000000000000000e+00
-2.998883000000000175e+04	0.000000000000000000e+00	0.000000000000000000e+00	7.565538499099704328e-01	0.000000000000000000e+00
-2.998881000000000131e+04	0.000000000000000000e+00	0.000000000000000000e+00	7.675405133213293318e-01	0.000000000000000000e+00
-2.998879000000000087e+04	0.000000000000000000e+00	0.000000000000000000e+00	7.715079195532090761e-01	0.000000000000000000e+00
-2.998877000000000044e+04	0.000000000000000000e+00	0.000000000000000000e+00	7.913449507126072424e-01	0.000000000000000000e+00
-2.998875000000000000e+04	0.000000000000000000e+00	0.000000000000000000e+00	7.910397656178472792e-01	0.000000000000000000e+00
-2.998872999999999956e+04	0.000000000000000000e+00	0.000000000000000000e+00	8.047730948820459584e-01	0.000000000000000000e+00
-2.998870999999999913e+04	0.000000000000000000e+00	0.000000000000000000e+00	8.148442030091250787e-01	0.000000000000000000e+00
-2.998868999999999869e+04	0.000000000000000000e+00	0.000000000000000000e+00	8.230842005676443085e-01	0.000000000000000000e+00
-2.998865999999999985e+04	0.000000000000000000e+00	0.000000000000000000e+00	8.194219794305246385e-01	0.000000000000000000e+00
-2.998863999999999942e+04	0.000000000000000000e+00	0.000000000000000000e+00	8.136234626300851147e-01	0.000000000000000000e+00
-2.998861999999999898e+04	0.000000000000000000e+00	0.000000000000000000e+00	8.124027222510452617e-01	0.000000000000000000e+00
-2.998859000000000015e+04	0.000000000000000000e+00	0.000000000000000000e+00	8.148442030091250787e-01	0.000000000000000000e+00
-2.998856999999999971e+04	0.000000000000000000e+00	0.000000000000000000e+00	8.062990203558457747e-01	0.000000000000000000e+00
-2.998854000000000087e+04	0.000000000000000000e+00	0.000000000000000000e+00	7.947019867549668382e-01	0.000000000000000000e+00
-2.998852000000000044e+04	0.000000000000000000e+00	0.000000000000000000e+00	7.907345805230872049e-01	0.000000000000000000e+00
-2.998849000000000160e+04	0.000000000000000000e+00	0.000000000000000000e+00	7.962279122287667654e-01	0.000000000000000000e+00
-2.998845999999999913e+04	0.000000000000000000e+00	0.000000000000000000e+00	7.766960661641285624e-01	0.000000000000000000e+00
-2.998843000000000029e+04	0.000000000000000000e+00	0.000000000000000000e+00	7.754753257850887094e-01	0.000000000000000000e+00
-2.998840000000000146e+04	0.000000000000000000e+00	0.000000000000000000e+00	7.864619891964476084e-01	0.000000000000000000e+00
-2.998836999999999898e+04	0.000000000000000000e+00	0.000000000000000000e+00	7.827997680593279384e-01	0.000000000000000000e+00
-2.998834000000000015e+04	0.000000000000000000e+00	0.000000000000000000e+00	7.983642078920865082e-01	0.000000000000000000e+00
-2.998831999999999971e+04	0.000000000000000000e+00	0.000000000000000000e+00	8.053834650715658849e-01	0.000000000000000000e+00
-2.998829999999999927e+04	0.000000000000000000e+00	0.000000000000000000e+00	8.130130924405651882e-01	0.000000000000000000e+00
-2.998827000000000044e+04	0.000000000000000000e+00	0.000000000000000000e+00	8.224738303781243820e-01	0.000000000000000000e+00
-2.998824000000000160e+04	0.000000000000000000e+00	0.000000000000000000e+00	8.328501235999633545e-01	0.000000000000000000e+00
-2.998822000000000116e+04	0.000000000000000000e+00	0.000000000000000000e+00	8.359019745475630980e-01	0.000000000000000000e+00
-2.998820999999999913e+04	0.000000000000000000e+00	0.000000000000000000e+00	8.355967894528031348e-01	0.000000000000000000e+00
-2.998818999999999869e+04	0.000000000000000000e+00	0.000000000000000000e+00	8.389538254951628415e-01	0.000000000000000000e+00
-2.998815999999999985e+04	0.000000000000000000e+00	0.000000000000000000e+00	8.413953062532425475e-01	0.000000000000000000e+00
-2.998815000000000146e+04	0.000000000000000000e+00	0.000000000000000000e+00	8.407849360637226210e-01	0.000000000000000000e+00
-2.998813000000000102e+04	0.000000000000000000e+00	0.000000000000000000e+00	8.459730826746422183e-01	0.000000000000000000e+00
-2.998811000000000058e+04	0.000000000000000000e+00	0.000000000000000000e+00	8.346812341685232450e-01	0.000000000000000000e+00
-2.998809000000000015e+04	0.000000000000000000e+00	0.000000000000000000e+00	8.267464217047639785e-01	0.000000000000000000e+00
-2.998806000000000131e+04	0.000000000000000000e+00	0.000000000000000000e+00	8.288827173680837213e-01	0.000000000000000000e+00
-2.998804000000000087e+04	0.000000000000000000e+00	0.000000000000000000e+00	8.169804986724448215e-01	0.000000000000000000e+00
-2.998802000000000044e+04	0.000000000000000000e+00	0.000000000000000000e+00	8.102664265877254079e-01	0.000000000000000000e+00
-2.998800000000000000e+04	0.000000000000000000e+00	0.000000000000000000e+00	8.166753135776848582e-01	0.000000000000000000e+00
-2.998797999999999956e+04	0.000000000000000000e+00	0.000000000000000000e+00	8.056886501663258482e-01	0.000000000000000000e+00
-2.998795999999999913e+04	0.000000000000000000e+00	0.000000000000000000e+00	8.017212439344462149e-01	0.000000000000000000e+00
-2.998793000000000029e+04	0.000000000000000000e+00	0.000000000000000000e+00	8.047730948820459584e-01	0.000000000000000000e+00
-2.998791999999999825e+04	0.000000000000000000e+00	0.000000000000000000e+00	8.099612414929654447e-01	0.000000000000000000e+00
-2.998790000000000146e+04	0.000000000000000000e+00	0.000000000000000000e+00	8.148442030091250787e-01	0.000000000000000000e+00
-2.998786999999999898e+04	0.000000000000000000e+00	0.000000000000000000e+00	8.239997558519241982e-01	0.000000000000000000e+00
-2.998784999999999854e+04	0.000000000000000000e+00	0.000000000000000000e+00	8.319345683156834648e-01	0.000000000000000000e+00
-2.998783000000000175e+04	0.000000000000000000e+00	0.000000000000000000e+00	8.346812341685232450e-01	0.000000000000000000e+00
-2.998781000000000131e+04	0.000000000000000000e+00	0.000000000000000000e+00	8.523819696646015576e-01	0.000000000000000000e+00
-2.998779000000000087e+04	0.000000000000000000e+00	0.000000000000000000e+00	8.542130802331614481e-01	0.000000000000000000e+00
-2.998777000000000044e+04	0.000000000000000000e+00	0.000000000000000000e+00	8.554338206122013011e-01	0.000000000000000000e+00
-2.998774000000000160e+04	0.000000000000000000e+00	0.000000000000000000e+00	8.658101138340403846e-01	0.000000000000000000e+00
-2.998772000000000116e+04	0.000000000000000000e+00	0.000000000000000000e+00	8.822901089510788442e-01	0.000000000000000000e+00
-2.998768999999999869e+04	0.000000000000000000e+00	0.000000000000000000e+00	8.673360393078402009e-01	0.000000000000000000e+00
-2.998768000000000029e+04	0.000000000000000000e+00	0.000000000000000000e+00	8.670308542130802376e-01	0.000000000000000000e+00
-2.998766999999999825e+04	0.000000000000000000e+00	0.000000000000000000e+00	8.569597460860011173e-01	0.000000000000000000e+00
-2.998765000000000146e+04	0.000000000000000000e+00	0.000000000000000000e+00	8.529923398541214841e-01	0.000000000000000000e+00
-2.998763000000000102e+04	0.000000000000000000e+00	0.000000000000000000e+00	8.529923398541214841e-01	0.000000000000000000e+00
-2.998761000000000058e+04	0.000000000000000000e+00	0.000000000000000000e+00	8.505508590960417781e-01	0.000000000000000000e+00
-2.998759000000000015e+04	0.000000000000000000e+00	0.000000000000000000e+00	8.508560441908017413e-01	0.000000000000000000e+00
-2.998758000000000175e+04	0.000000000000000000e+00	0.000000000000000000e+00	8.417004913480025108e-01	0.000000000000000000e+00
-2.998756000000000131e+04	0.000000000000000000e+00	0.000000000000000000e+00	8.328501235999633545e-01	0.000000000000000000e+00
-2.998754000000000087e+04	0.000000000000000000e+00	0.000000000000000000e+00	8.432264168218024381e-01	0.000000000000000000e+00
-2.998752999999999884e+04	0.000000000000000000e+00	0.000000000000000000e+00	8.481093783379619611e-01	0.000000000000000000e+00
-2.998752000000000044e+04	0.000000000000000000e+00	0.000000000000000000e+00	8.459730826746422183e-01	0.000000000000000000e+00
-2.998750000000000000e+04	0.000000000000000000e+00	0.000000000000000000e+00	8.597064119388408976e-01	0.000000000000000000e+00
-2.998747000000000116e+04	0.000000000000000000e+00	0.000000000000000000e+00	8.624530777916806779e-01	0.000000000000000000e+00
-2.998745999999999913e+04	0.000000000000000000e+00	0.000000000000000000e+00	8.685567796868800539e-01	0.000000000000000000e+00
-2.998743999999999869e+04	0.000000000000000000e+00	0.000000000000000000e+00	8.694723349711600546e-01	0.000000000000000000e+00
-2.998741999999999825e+04	0.000000000000000000e+00	0.000000000000000000e+00	8.844264046143985869e-01	0.000000000000000000e+00
-2.998740000000000146e+04	0.000000000000000000e+00	0.000000000000000000e+00	8.832056642353587339e-01	0.000000000000000000e+00
-2.998736999999999898e+04	0.000000000000000000e+00	0.000000000000000000e+00	8.890041810357982577e-01	0.000000000000000000e+00
-2.998734000000000015e+04	0.000000000000000000e+00	0.000000000000000000e+00	8.862575151829584774e-01	0.000000000000000000e+00
-2.998731999999999971e+04	0.000000000000000000e+00	0.000000000000000000e+00	8.908352916043580372e-01	0.000000000000000000e+00
-2.998729999999999927e+04	0.000000000000000000e+00	0.000000000000000000e+00	8.917508468886379269e-01	0.000000000000000000e+00
-2.998727999999999884e+04	0.000000000000000000e+00	0.000000000000000000e+00	8.917508468886379269e-01	0.000000000000000000e+00
-2.998725999999999840e+04	0.000000000000000000e+00	0.000000000000000000e+00	8.774071474349193211e-01	0.000000000000000000e+00
-2.998725000000000000e+04	0.000000000000000000e+00	0.000000000000000000e+00	8.755760368663594306e-01	0.000000000000000000e+00
-2.998722999999999956e+04	0.000000000000000000e+00	0.000000000000000000e+00	8.752708517715994674e-01	0.000000000000000000e+00
-2.998720999999999913e+04	0.000000000000000000e+00	0.000000000000000000e+00	8.603167821283608241e-01	0.000000000000000000e+00
-2.998720000000000073e+04	0.000000000000000000e+00	0.000000000000000000e+00	8.615375225074007881e-01	0.000000000000000000e+00
-2.998716999999999825e+04	0.000000000000000000e+00	0.000000000000000000e+00	8.572649311807610806e-01	0.000000000000000000e+00
-2.998715000000000146e+04	0.000000000000000000e+00	0.000000000000000000e+00	8.517715994750816311e-01	0.000000000000000000e+00
-2.998711999999999898e+04	0.000000000000000000e+00	0.000000000000000000e+00	8.523819696646015576e-01	0.000000000000000000e+00
-2.998709999999999854e+04	0.000000000000000000e+00	0.000000000000000000e+00	8.554338206122013011e-01	0.000000000000000000e+00
-2.998706999999999971e+04	0.000000000000000000e+00	0.000000000000000000e+00	8.594012268440809343e-01	0.000000000000000000e+00
-2.998704000000000087e+04	0.000000000000000000e+00	0.000000000000000000e+00	8.764915921506393204e-01	0.000000000000000000e+00
-2.998700000000000000e+04	0.000000000000000000e+00	0.000000000000000000e+00	8.859523300881985142e-01	0.000000000000000000e+00
-2.998697999999999956e+04	0.000000000000000000e+00	0.000000000000000000e+00	8.883938108462782202e-01	0.000000000000000000e+00
-2.998695999999999913e+04	0.000000000000000000e+00	0.000000000000000000e+00	9.021271401104770105e-01	0.000000000000000000e+00
-2.998693999999999869e+04	0.000000000000000000e+00	0.000000000000000000e+00	8.960234382152775234e-01	0.000000000000000000e+00
-2.998690999999999985e+04	0.000000000000000000e+00	0.000000000000000000e+00	9.067049165318765702e-01	0.000000000000000000e+00
-2.998688999999999942e+04	0.000000000000000000e+00	0.000000000000000000e+00	9.079256569109164232e-01	0.000000000000000000e+00
-2.998686999999999898e+04	0.000000000000000000e+00	0.000000000000000000e+00	9.112826929532761300e-01	0.000000000000000000e+00
-2.998684999999999854e+04	0.000000000000000000e+00	0.000000000000000000e+00	9.173863948484756170e-01	0.000000000000000000e+00
-2.998683000000000175e+04	0.000000000000000000e+00	0.000000000000000000e+00	9.161656544694357640e-01	0.000000000000000000e+00
-2.998679999999999927e+04	0.000000000000000000e+00	0.000000000000000000e+00	9.164708395641957273e-01	0.000000000000000000e+00
-2.998677000000000044e+04	0.000000000000000000e+00	0.000000000000000000e+00	9.045686208685568275e-01	0.000000000000000000e+00
-2.998675000000000000e+04	0.000000000000000000e+00	0.000000000000000000e+00	9.039582506790367900e-01	0.000000000000000000e+00
-2.998672999999999956e+04	0.000000000000000000e+00	0.000000000000000000e+00	8.908352916043580372e-01	0.000000000000000000e+00
-2.998670000000000073e+04	0.000000000000000000e+00	0.000000000000000000e+00	8.893093661305582209e-01	0.000000000000000000e+00
-2.998668999999999869e+04	0.000000000000000000e+00	0.000000000000000000e+00	8.847315897091585501e-01	0.000000000000000000e+00
-2.998666999999999825e+04	0.000000000000000000e+00	0.000000000000000000e+00	8.862575151829584774e-01	0.000000000000000000e+00
-2.998665000000000146e+04	0.000000000000000000e+00	0.000000000000000000e+00	8.792382580034791006e-01	0.000000000000000000e+00
-2.998663000000000102e+04	0.000000000000000000e+00	0.000000000000000000e+00	8.645893734550004206e-01	0.000000000000000000e+00
-2.998661999999999898e+04	0.000000000000000000e+00	0.000000000000000000e+00	8.822901089510788442e-01	0.000000000000000000e+00
-2.998659000000000015e+04	0.000000000000000000e+00	0.000000000000000000e+00	8.819849238563188809e-01	0.000000000000000000e+00
-2.998654999999999927e+04	0.000000000000000000e+00	0.000000000000000000e+00	9.018219550157170472e-01	0.000000000000000000e+00
-2.998652000000000044e+04	0.000000000000000000e+00	0.000000000000000000e+00	9.067049165318765702e-01	0.000000000000000000e+00
-2.998649000000000160e+04	0.000000000000000000e+00	0.000000000000000000e+00	9.198278756065553230e-01	0.000000000000000000e+00
-2.998647999999999956e+04	0.000000000000000000e+00	0.000000000000000000e+00	9.283730582598346270e-01	0.000000000000000000e+00
-2.998645000000000073e+04	0.000000000000000000e+00	0.000000000000000000e+00	9.381389812921536731e-01	0.000000000000000000e+00
-2.998643000000000029e+04	0.000000000000000000e+00	0.000000000000000000e+00	9.469893490401928293e-01	0.000000000000000000e+00
-2.998640000000000146e+04	0.000000000000000000e+00	0.000000000000000000e+00	9.445478682821131233e-01	0.000000000000000000e+00
-2.998636999999999898e+04	0.000000000000000000e+00	0.000000000000000000e+00	9.451582384716330498e-01	0.000000000000000000e+00
-2.998633000000000175e+04	0.000000000000000000e+00	0.000000000000000000e+00	9.521774956511124266e-01	0.000000000000000000e+00
-2.998629999999999927e+04	0.000000000000000000e+00	0.000000000000000000e+00	9.396649067659536003e-01	0.000000000000000000e+00
-2.998629000000000087e+04	0.000000000000000000e+00	0.000000000000000000e+00	9.347819452497939663e-01	0.000000000000000000e+00
-2.998627000000000044e+04	0.000000000000000000e+00	0.000000000000000000e+00	9.295937986388744800e-01	0.000000000000000000e+00
-2.998624000000000160e+04	0.000000000000000000e+00	0.000000000000000000e+00	9.219641712698751768e-01	0.000000000000000000e+00
-2.998620000000000073e+04	0.000000000000000000e+00	0.000000000000000000e+00	9.207434308908353238e-01	0.000000000000000000e+00
-2.998615999999999985e+04	0.000000000000000000e+00	0.000000000000000000e+00	9.079256569109164232e-01	0.000000000000000000e+00
-2.998613999999999942e+04	0.000000000000000000e+00	0.000000000000000000e+00	9.155552842799157265e-01	0.000000000000000000e+00
-2.998611999999999898e+04	0.000000000000000000e+00	0.000000000000000000e+00	9.045686208685568275e-01	0.000000000000000000e+00
-2.998609000000000015e+04	0.000000000000000000e+00	0.000000000000000000e+00	9.060945463423566437e-01	0.000000000000000000e+00
-2.998606000000000131e+04	0.000000000000000000e+00	0.000000000000000000e+00	9.073152867213964967e-01	0.000000000000000000e+00
-2.998604999999999927e+04	0.000000000000000000e+00	0.000000000000000000e+00	9.143345439008758735e-01	0.000000000000000000e+00
-2.998602999999999884e+04	0.000000000000000000e+00	0.000000000000000000e+00	9.158604693746756897e-01	0.000000000000000000e+00
-2.998600999999999840e+04	0.000000000000000000e+00	0.000000000000000000e+00	9.231849116489150298e-01	0.000000000000000000e+00
-2.998597000000000116e+04	0.000000000000000000e+00	0.000000000000000000e+00	9.372234260078737833e-01	0.000000000000000000e+00
-2.998595000000000073e+04	0.000000000000000000e+00	0.000000000000000000e+00	9.451582384716330498e-01	0.000000000000000000e+00
-2.998593000000000029e+04	0.000000000000000000e+00	0.000000000000000000e+00	9.546189764091921326e-01	0.000000000000000000e+00
-2.998590000000000146e+04	0.000000000000000000e+00	0.000000000000000000e+00	9.537034211249122428e-01	0.000000000000000000e+00
-2.998588000000000102e+04	0.000000000000000000e+00	0.000000000000000000e+00	9.524826807458723898e-01	0.000000000000000000e+00
-2.998584999999999854e+04	0.000000000000000000e+00	0.000000000000000000e+00	9.601123081148716931e-01	0.000000000000000000e+00
-2.998583000000000175e+04	0.000000000000000000e+00	0.000000000000000000e+00	9.646900845362712529e-01	0.000000000000000000e+00
-2.998581000000000131e+04	0.000000000000000000e+00	0.000000000000000000e+00	9.649952696310312161e-01	0.000000000000000000e+00
-2.998577999999999884e+04	0.000000000000000000e+00	0.000000000000000000e+00	9.503463850825525361e-01	0.000000000000000000e+00
-2.998575999999999840e+04	0.000000000000000000e+00	0.000000000000000000e+00	9.537034211249122428e-01	0.000000000000000000e+00
-2.998572999999999956e+04	0.000000000000000000e+00	0.000000000000000000e+00	9.399700918607135636e-01	0.000000000000000000e+00
-2.998570999999999913e+04	0.000000000000000000e+00	0.000000000000000000e+00	9.381389812921536731e-01	0.000000000000000000e+00
-2.998568999999999869e+04	0.000000000000000000e+00	0.000000000000000000e+00	9.424115726187932696e-01	0.000000000000000000e+00
-2.998568000000000029e+04	0.000000000000000000e+00	0.000000000000000000e+00	9.314249092074342595e-01	0.000000000000000000e+00
-2.998565999999999985e+04	0.000000000000000000e+00	0.000000000000000000e+00	9.280678731650746638e-01	0.000000000000000000e+00
-2.998563000000000102e+04	0.000000000000000000e+00	0.000000000000000000e+00	9.265419476912747365e-01	0.000000000000000000e+00
-2.998561000000000058e+04	0.000000000000000000e+00	0.000000000000000000e+00	9.363078707235938936e-01	0.000000000000000000e+00
-2.998559000000000015e+04	0.000000000000000000e+00	0.000000000000000000e+00	9.363078707235938936e-01	0.000000000000000000e+00
-2.998556000000000131e+04	0.000000000000000000e+00	0.000000000000000000e+00	9.399700918607135636e-01	0.000000000000000000e+00
-2.998552999999999884e+04	0.000000000000000000e+00	0.000000000000000000e+00	9.421063875240333063e-01	0.000000000000000000e+00
-2.998550000000000000e+04	0.000000000000000000e+00	0.000000000000000000e+00	9.616382335886715094e-01	0.000000000000000000e+00
-2.998547999999999956e+04	0.000000000000000000e+00	0.000000000000000000e+00	9.710989715262307032e-01	0.000000000000000000e+00
-2.998545000000000073e+04	0.000000000000000000e+00	0.000000000000000000e+00	9.790337839899899697e-01	0.000000000000000000e+00
-2.998541999999999825e+04	0.000000000000000000e+00	0.000000000000000000e+00	9.903256324961089430e-01	0.000000000000000000e+00
-2.998538999999999942e+04	0.000000000000000000e+00	0.000000000000000000e+00	9.805597094637897859e-01	0.000000000000000000e+00
-2.998536000000000058e+04	0.000000000000000000e+00	0.000000000000000000e+00	9.854426709799493089e-01	0.000000000000000000e+00
-2.998534000000000015e+04	0.000000000000000000e+00	0.000000000000000000e+00	9.814752647480696757e-01	0.000000000000000000e+00
-2.998529999999999927e+04	0.000000000000000000e+00	0.000000000000000000e+00	9.759819330423902262e-01	0.000000000000000000e+00
-2.998527000000000044e+04	0.000000000000000000e+00	0.000000000000000000e+00	9.802545243690298227e-01	0.000000000000000000e+00
-2.998525000000000000e+04	0.000000000000000000e+00	0.000000000000000000e+00	9.723197119052705562e-01	0.000000000000000000e+00
-2.998522999999999956e+04	0.000000000000000000e+00	0.000000000000000000e+00	9.701834162419507024e-01	0.000000000000000000e+00
-2.998518999999999869e+04	0.000000000000000000e+00	0.000000000000000000e+00	9.616382335886715094e-01	0.000000000000000000e+00
-2.998515000000000146e+04	0.000000000000000000e+00	0.000000000000000000e+00	9.533982360301522796e-01	0.000000000000000000e+00
-2.998513000000000102e+04	0.000000000000000000e+00	0.000000000000000000e+00	9.509567552720724626e-01	0.000000000000000000e+00
-2.998511000000000058e+04	0.000000000000000000e+00	0.000000000000000000e+00	9.494308297982726463e-01	0.000000000000000000e+00
-2.998509000000000015e+04	0.000000000000000000e+00	0.000000000000000000e+00	9.540086062196722061e-01	0.000000000000000000e+00
-2.998506000000000131e+04	0.000000000000000000e+00	0.000000000000000000e+00	9.552293465987121701e-01	0.000000000000000000e+00
-2.998502000000000044e+04	0.000000000000000000e+00	0.000000000000000000e+00	9.598071230201117299e-01	0.000000000000000000e+00
-2.998500000000000000e+04	0.000000000000000000e+00	0.000000000000000000e+00	9.619434186834314726e-01	0.000000000000000000e+00
-2.998497999999999956e+04	0.000000000000000000e+00	0.000000000000000000e+00	9.662160100100710691e-01	0.000000000000000000e+00
-2.998495000000000073e+04	0.000000000000000000e+00	0.000000000000000000e+00	9.701834162419507024e-01	0.000000000000000000e+00
-2.998491999999999825e+04	0.000000000000000000e+00	0.000000000000000000e+00	9.775078585161900424e-01	0.000000000000000000e+00
-2.998488000000000102e+04	0.000000000000000000e+00	0.000000000000000000e+00	9.915463728751487960e-01	0.000000000000000000e+00
-2.998486000000000058e+04	0.000000000000000000e+00	0.000000000000000000e+00	1.005279702139347586e+00	0.000000000000000000e+00
-2.998484000000000015e+04	0.000000000000000000e+00	0.000000000000000000e+00	1.000396740623187952e+00	0.000000000000000000e+00
-2.998481000000000131e+04	0.000000000000000000e+00	0.000000000000000000e+00	9.930722983489486122e-01	0.000000000000000000e+00
-2.998479000000000087e+04	0.000000000000000000e+00	0.000000000000000000e+00	1.008941923276467145e+00	0.000000000000000000e+00
-2.998477000000000044e+04	0.000000000000000000e+00	0.000000000000000000e+00	1.004058961760307733e+00	0.000000000000000000e+00
-2.998474000000000160e+04	0.000000000000000000e+00	0.000000000000000000e+00	9.930722983489486122e-01	0.000000000000000000e+00
-2.998470999999999913e+04	0.000000000000000000e+00	0.000000000000000000e+00	9.970397045808282455e-01	0.000000000000000000e+00
-2.998468999999999869e+04	0.000000000000000000e+00	0.000000000000000000e+00	9.765923032319101527e-01	0.000000000000000000e+00
-2.998466999999999825e+04	0.000000000000000000e+00	0.000000000000000000e+00	9.695730460524307759e-01	0.000000000000000000e+00
-2.998463999999999942e+04	0.000000000000000000e+00	0.000000000000000000e+00	9.628589739677113624e-01	0.000000000000000000e+00
-2.998461999999999898e+04	0.000000000000000000e+00	0.000000000000000000e+00	9.622486037781914359e-01	0.000000000000000000e+00
-2.998459000000000015e+04	0.000000000000000000e+00	0.000000000000000000e+00	9.524826807458723898e-01	0.000000000000000000e+00
-2.998456000000000131e+04	0.000000000000000000e+00	0.000000000000000000e+00	9.524826807458723898e-01	0.000000000000000000e+00
-2.998454000000000087e+04	0.000000000000000000e+00	0.000000000000000000e+00	9.604174932096316564e-01	0.000000000000000000e+00
-2.998450999999999840e+04	0.000000000000000000e+00	0.000000000000000000e+00	9.671315652943510699e-01	0.000000000000000000e+00
-2.998445999999999913e+04	0.000000000000000000e+00	0.000000000000000000e+00	9.726248970000305194e-01	0.000000000000000000e+00
-2.998440999999999985e+04	0.000000000000000000e+00	0.000000000000000000e+00	9.857478560747092722e-01	0.000000000000000000e+00
-2.998438000000000102e+04	0.000000000000000000e+00	0.000000000000000000e+00	9.973448896755882087e-01	0.000000000000000000e+00
-2.998434999999999854e+04	0.000000000000000000e+00	0.000000000000000000e+00	1.001922666096987768e+00	0.000000000000000000e+00
-2.998431999999999971e+04	0.000000000000000000e+00	0.000000000000000000e+00	1.018097476119266265e+00	0.000000000000000000e+00
-2.998429000000000087e+04	0.000000000000000000e+00	0.000000000000000000e+00	1.020233771782586230e+00	0.000000000000000000e+00
-2.998425999999999840e+04	0.000000000000000000e+00	0.000000000000000000e+00	1.021149327066866119e+00	0.000000000000000000e+00
-2.998422999999999956e+04	0.000000000000000000e+00	0.000000000000000000e+00	1.026642658772545458e+00	0.000000000000000000e+00
-2.998420000000000073e+04	0.000000000000000000e+00	0.000000000000000000e+00	1.026642658772545458e+00	0.000000000000000000e+00
-2.998415999999999985e+04	0.000000000000000000e+00	0.000000000000000000e+00	1.024811548203985678e+00	0.000000000000000000e+00
-2.998413999999999942e+04	0.000000000000000000e+00	0.000000000000000000e+00	1.023285622730185862e+00	0.000000000000000000e+00
-2.998411999999999898e+04	0.000000000000000000e+00	0.000000000000000000e+00	1.023590807824945825e+00	0.000000000000000000e+00
-2.998408000000000175e+04	0.000000000000000000e+00	0.000000000000000000e+00	1.016876735740226412e+00	0.000000000000000000e+00
-2.998404999999999927e+04	0.000000000000000000e+00	0.000000000000000000e+00	1.004058961760307733e+00	0.000000000000000000e+00
-2.998402999999999884e+04	0.000000000000000000e+00	0.000000000000000000e+00	1.001922666096987768e+00	0.000000000000000000e+00
-2.998400999999999840e+04	0.000000000000000000e+00	0.000000000000000000e+00	9.836115604113895294e-01	0.000000000000000000e+00
-2.998400000000000000e+04	0.000000000000000000e+00	0.000000000000000000e+00	9.897152623065889054e-01	0.000000000000000000e+00
-2.998397999999999956e+04	0.000000000000000000e+00	0.000000000000000000e+00	9.732352671895504459e-01	0.000000000000000000e+00
-2.998395000000000073e+04	0.000000000000000000e+00	0.000000000000000000e+00	9.805597094637897859e-01	0.000000000000000000e+00
-2.998391999999999825e+04	0.000000000000000000e+00	0.000000000000000000e+00	9.717093417157506297e-01	0.000000000000000000e+00
-2.998390999999999985e+04	0.000000000000000000e+00	0.000000000000000000e+00	9.747611926633503732e-01	0.000000000000000000e+00
-2.998388999999999942e+04	0.000000000000000000e+00	0.000000000000000000e+00	9.784234138004699322e-01	0.000000000000000000e+00
-2.998384999999999854e+04	0.000000000000000000e+00	0.000000000000000000e+00	9.796441541795098962e-01	0.000000000000000000e+00
-2.998383000000000175e+04	0.000000000000000000e+00	0.000000000000000000e+00	9.949034089175085027e-01	0.000000000000000000e+00
-2.998379999999999927e+04	0.000000000000000000e+00	0.000000000000000000e+00	1.014435254982146706e+00	0.000000000000000000e+00
-2.998377000000000044e+04	0.000000000000000000e+00	0.000000000000000000e+00	1.023895992919705789e+00	0.000000000000000000e+00
-2.998375999999999840e+04	0.000000000000000000e+00	0.000000000000000000e+00	1.020844141972106156e+00	0.000000000000000000e+00
-2.998372999999999956e+04	0.000000000000000000e+00	0.000000000000000000e+00	1.037629322183904579e+00	0.000000000000000000e+00
-2.998370000000000073e+04	0.000000000000000000e+00	0.000000000000000000e+00	1.038239692373424505e+00	0.000000000000000000e+00
-2.998368000000000029e+04	0.000000000000000000e+00	0.000000000000000000e+00	1.035493026520584836e+00	0.000000000000000000e+00
-2.998365999999999985e+04	0.000000000000000000e+00	0.000000000000000000e+00	1.031830805383465055e+00	0.000000000000000000e+00
-2.998361999999999898e+04	0.000000000000000000e+00	0.000000000000000000e+00	1.029999694814905276e+00	0.000000000000000000e+00
-2.998359000000000015e+04	0.000000000000000000e+00	0.000000000000000000e+00	1.016876735740226412e+00	0.000000000000000000e+00
-2.998356999999999971e+04	0.000000000000000000e+00	0.000000000000000000e+00	1.017792291024506302e+00	0.000000000000000000e+00
-2.998356000000000131e+04	0.000000000000000000e+00	0.000000000000000000e+00	1.009247108371227108e+00	0.000000000000000000e+00
-2.998354000000000087e+04	0.000000000000000000e+00	0.000000000000000000e+00	1.004058961760307733e+00	0.000000000000000000e+00
-2.998350000000000000e+04	0.000000000000000000e+00	0.000000000000000000e+00	1.000396740623187952e+00	0.000000000000000000e+00
-2.998347000000000116e+04	0.000000000000000000e+00	0.000000000000000000e+00	9.927671132541886490e-01	0.000000000000000000e+00
-2.998345000000000073e+04	0.000000000000000000e+00	0.000000000000000000e+00	9.930722983489486122e-01	0.000000000000000000e+00
-2.998343000000000029e+04	0.000000000000000000e+00	0.000000000000000000e+00	9.942930387279885762e-01	0.000000000000000000e+00
-2.998340999999999985e+04	0.000000000000000000e+00	0.000000000000000000e+00	9.845271156956694192e-01	0.000000000000000000e+00
-2.998338999999999942e+04	0.000000000000000000e+00	0.000000000000000000e+00	9.982604449598682095e-01	0.000000000000000000e+00
-2.998336999999999898e+04	0.000000000000000000e+00	0.000000000000000000e+00	1.004364146855067697e+00	0.000000000000000000e+00
-2.998334000000000015e+04	0.000000000000000000e+00	0.000000000000000000e+00	1.009552293465987072e+00	0.000000000000000000e+00
-2.998331999999999971e+04	0.000000000000000000e+00	0.000000000000000000e+00	1.018402661214026228e+00	0.000000000000000000e+00
-2.998329000000000087e+04	0.000000000000000000e+00	0.000000000000000000e+00	1.024811548203985678e+00	0.000000000000000000e+00
-2.998325000000000000e+04	0.000000000000000000e+00	0.000000000000000000e+00	1.034882656331064688e+00	0.000000000000000000e+00
-2.998322999999999956e+04	0.000000000000000000e+00	0.000000000000000000e+00	1.041291543321024138e+00	0.000000000000000000e+00
-2.998320999999999913e+04	0.000000000000000000e+00	0.000000000000000000e+00	1.043733024079104066e+00	0.000000000000000000e+00
-2.998318999999999869e+04	0.000000000000000000e+00	0.000000000000000000e+00	1.049531540879543368e+00	0.000000000000000000e+00
-2.998315999999999985e+04	0.000000000000000000e+00	0.000000000000000000e+00	1.044038209173864029e+00	0.000000000000000000e+00
-2.998311000000000058e+04	0.000000000000000000e+00	0.000000000000000000e+00	1.046784875026703698e+00	0.000000000000000000e+00
-2.998308000000000175e+04	0.000000000000000000e+00	0.000000000000000000e+00	1.044953764458143919e+00	0.000000000000000000e+00
-2.998304999999999927e+04	0.000000000000000000e+00	0.000000000000000000e+00	1.034577471236304724e+00	0.000000000000000000e+00
-2.998302000000000044e+04	0.000000000000000000e+00	0.000000000000000000e+00	1.019623401593066303e+00	0.000000000000000000e+00
-2.998299000000000160e+04	0.000000000000000000e+00	0.000000000000000000e+00	1.020538956877346193e+00	0.000000000000000000e+00
-2.998297000000000116e+04	0.000000000000000000e+00	0.000000000000000000e+00	9.872737815485091994e-01	0.000000000000000000e+00
-2.998295000000000073e+04	0.000000000000000000e+00	0.000000000000000000e+00	9.949034089175085027e-01	0.000000000000000000e+00
-2.998291999999999825e+04	0.000000000000000000e+00	0.000000000000000000e+00	9.976500747703481720e-01	0.000000000000000000e+00
-2.998290999999999985e+04	0.000000000000000000e+00	0.000000000000000000e+00	9.976500747703481720e-01	0.000000000000000000e+00
-2.998288999999999942e+04	0.000000000000000000e+00	0.000000000000000000e+00	1.004974517044587623e+00	0.000000000000000000e+00
-2.998286000000000058e+04	0.000000000000000000e+00	0.000000000000000000e+00	1.005584887234107550e+00	0.000000000000000000e+00
-2.998284000000000015e+04	0.000000000000000000e+00	0.000000000000000000e+00	1.012604144413586926e+00	0.000000000000000000e+00
-2.998281999999999971e+04	0.000000000000000000e+00	0.000000000000000000e+00	1.023895992919705789e+00	0.000000000000000000e+00
-2.998279999999999927e+04	0.000000000000000000e+00	0.000000000000000000e+00	1.014130069887386743e+00	0.000000000000000000e+00
-2.998277000000000044e+04	0.000000000000000000e+00	0.000000000000000000e+00	1.021454512161626083e+00	0.000000000000000000e+00
-2.998275000000000000e+04	0.000000000000000000e+00	0.000000000000000000e+00	1.023285622730185862e+00	0.000000000000000000e+00
-2.998272999999999956e+04	0.000000000000000000e+00	0.000000000000000000e+00	1.027863399151585533e+00	0.000000000000000000e+00
-2.998270999999999913e+04	0.000000000000000000e+00	0.000000000000000000e+00	1.034882656331064688e+00	0.000000000000000000e+00
-2.998268999999999869e+04	0.000000000000000000e+00	0.000000000000000000e+00	1.035187841425824873e+00	0.000000000000000000e+00
-2.998268000000000029e+04	0.000000000000000000e+00	0.000000000000000000e+00	1.042817468794823954e+00	0.000000000000000000e+00
-2.998266999999999825e+04	0.000000000000000000e+00	0.000000000000000000e+00	1.040070802941984285e+00	0.000000000000000000e+00
-2.998265000000000146e+04	0.000000000000000000e+00	0.000000000000000000e+00	1.026642658772545458e+00	0.000000000000000000e+00
-2.998263000000000102e+04	0.000000000000000000e+00	0.000000000000000000e+00	1.018402661214026228e+00	0.000000000000000000e+00
-2.998259999999999854e+04	0.000000000000000000e+00	0.000000000000000000e+00	1.017181920834986375e+00	0.000000000000000000e+00
-2.998256999999999971e+04	0.000000000000000000e+00	0.000000000000000000e+00	1.007721182897427292e+00	0.000000000000000000e+00
-2.998254000000000087e+04	0.000000000000000000e+00	0.000000000000000000e+00	1.004058961760307733e+00	0.000000000000000000e+00
-2.998250999999999840e+04	0.000000000000000000e+00	0.000000000000000000e+00	1.008941923276467145e+00	0.000000000000000000e+00
-2.998250000000000000e+04	0.000000000000000000e+00	0.000000000000000000e+00	1.002227851191747732e+00	0.000000000000000000e+00
-2.998249000000000160e+04	0.000000000000000000e+00	0.000000000000000000e+00	1.000396740623187952e+00	0.000000000000000000e+00
-2.998245999999999913e+04	0.000000000000000000e+00	0.000000000000000000e+00	1.002838221381267658e+00	0.000000000000000000e+00
-2.998243000000000029e+04	0.000000000000000000e+00	0.000000000000000000e+00	1.006195257423627476e+00	0.000000000000000000e+00
-2.998238999999999942e+04	0.000000000000000000e+00	0.000000000000000000e+00	1.005584887234107550e+00	0.000000000000000000e+00
-2.998236000000000058e+04	0.000000000000000000e+00	0.000000000000000000e+00	1.013824884792626779e+00	0.000000000000000000e+00
-2.998234999999999854e+04	0.000000000000000000e+00	0.000000000000000000e+00	1.015350810266426596e+00	0.000000000000000000e+00
-2.998233000000000175e+04	0.000000000000000000e+00	0.000000000000000000e+00	1.024201178014465752e+00	0.000000000000000000e+00
-2.998229000000000087e+04	0.000000000000000000e+00	0.000000000000000000e+00	1.035187841425824873e+00	0.000000000000000000e+00
-2.998227000000000044e+04	0.000000000000000000e+00	0.000000000000000000e+00	1.041291543321024138e+00	0.000000000000000000e+00
-2.998224000000000160e+04	0.000000000000000000e+00	0.000000000000000000e+00	1.054719687490462965e+00	0.000000000000000000e+00
-2.998220000000000073e+04	0.000000000000000000e+00	0.000000000000000000e+00	1.049226355784783404e+00	0.000000000000000000e+00
-2.998215999999999985e+04	0.000000000000000000e+00	0.000000000000000000e+00	1.051362651448103369e+00	0.000000000000000000e+00
-2.998213999999999942e+04	0.000000000000000000e+00	0.000000000000000000e+00	1.035493026520584836e+00	0.000000000000000000e+00
-2.998211999999999898e+04	0.000000000000000000e+00	0.000000000000000000e+00	1.049836725974303331e+00	0.000000000000000000e+00
-2.998209999999999854e+04	0.000000000000000000e+00	0.000000000000000000e+00	1.041596728415784101e+00	0.000000000000000000e+00
-2.998209000000000015e+04	0.000000000000000000e+00	0.000000000000000000e+00	1.024201178014465752e+00	0.000000000000000000e+00
-2.998206000000000131e+04	0.000000000000000000e+00	0.000000000000000000e+00	1.014130069887386743e+00	0.000000000000000000e+00
-2.998202999999999884e+04	0.000000000000000000e+00	0.000000000000000000e+00	1.006805627613147402e+00	0.000000000000000000e+00
-2.998200999999999840e+04	0.000000000000000000e+00	0.000000000000000000e+00	1.000396740623187952e+00	0.000000000000000000e+00
-2.998197999999999956e+04	0.000000000000000000e+00	0.000000000000000000e+00	1.000396740623187952e+00	0.000000000000000000e+00
-2.998195999999999913e+04	0.000000000000000000e+00	0.000000000000000000e+00	9.955137791070284292e-01	0.000000000000000000e+00
-2.998195000000000073e+04	0.000000000000000000e+00	0.000000000000000000e+00	9.927671132541886490e-01	0.000000000000000000e+00
-2.998191999999999825e+04	0.000000000000000000e+00	0.000000000000000000e+00	9.945982238227485395e-01	0.000000000000000000e+00
-2.998188999999999942e+04	0.000000000000000000e+00	0.000000000000000000e+00	9.994811853389080625e-01	0.000000000000000000e+00
-2.998184999999999854e+04	0.000000000000000000e+00	0.000000000000000000e+00	1.015655995361186559e+00	0.000000000000000000e+00
-2.998183000000000175e+04	0.000000000000000000e+00	0.000000000000000000e+00	1.022675252540665936e+00	0.000000000000000000e+00
-2.998181999999999971e+04	0.000000000000000000e+00	0.000000000000000000e+00	1.025421918393505605e+00	0.000000000000000000e+00
-2.998179999999999927e+04	0.000000000000000000e+00	0.000000000000000000e+00	1.028473769341105459e+00	0.000000000000000000e+00
-2.998177999999999884e+04	0.000000000000000000e+00	0.000000000000000000e+00	1.035187841425824873e+00	0.000000000000000000e+00
-2.998175000000000000e+04	0.000000000000000000e+00	0.000000000000000000e+00	1.035798211615344799e+00	0.000000000000000000e+00
-2.998172999999999956e+04	0.000000000000000000e+00	0.000000000000000000e+00	1.049226355784783404e+00	0.000000000000000000e+00
-2.998170999999999913e+04	0.000000000000000000e+00	0.000000000000000000e+00	1.039460432752464358e+00	0.000000000000000000e+00
-2.998168000000000029e+04	0.000000000000000000e+00	0.000000000000000000e+00	1.043733024079104066e+00	0.000000000000000000e+00
-2.998165999999999985e+04	0.000000000000000000e+00	0.000000000000000000e+00	1.038239692373424505e+00	0.000000000000000000e+00
-2.998163000000000102e+04	0.000000000000000000e+00	0.000000000000000000e+00	1.036713766899624689e+00	0.000000000000000000e+00
-2.998159999999999854e+04	0.000000000000000000e+00	0.000000000000000000e+00	1.029999694814905276e+00	0.000000000000000000e+00
-2.998158000000000175e+04	0.000000000000000000e+00	0.000000000000000000e+00	1.031220435193945129e+00	0.000000000000000000e+00
-2.998156000000000131e+04	0.000000000000000000e+00	0.000000000000000000e+00	1.019318216498306118e+00	0.000000000000000000e+00
-2.998154000000000087e+04	0.000000000000000000e+00	0.000000000000000000e+00	1.004058961760307733e+00	0.000000000000000000e+00
-2.998152000000000044e+04	0.000000000000000000e+00	0.000000000000000000e+00	9.973448896755882087e-01	0.000000000000000000e+00
-2.998150999999999840e+04	0.000000000000000000e+00	0.000000000000000000e+00	9.915463728751487960e-01	0.000000000000000000e+00
-2.998149000000000160e+04	0.000000000000000000e+00	0.000000000000000000e+00	9.970397045808282455e-01	0.000000000000000000e+00
-2.998147000000000116e+04	0.000000000000000000e+00	0.000000000000000000e+00	9.958189642017883925e-01	0.000000000000000000e+00
-2.998145000000000073e+04	0.000000000000000000e+00	0.000000000000000000e+00	9.973448896755882087e-01	0.000000000000000000e+00
-2.998143000000000029e+04	0.000000000000000000e+00	0.000000000000000000e+00	1.002838221381267658e+00	0.000000000000000000e+00
-2.998140999999999985e+04	0.000000000000000000e+00	0.000000000000000000e+00	1.009247108371227108e+00	0.000000000000000000e+00
-2.998138999999999942e+04	0.000000000000000000e+00	0.000000000000000000e+00	1.020233771782586230e+00	0.000000000000000000e+00
-2.998134999999999854e+04	0.000000000000000000e+00	0.000000000000000000e+00	1.019623401593066303e+00	0.000000000000000000e+00
-2.998131999999999971e+04	0.000000000000000000e+00	0.000000000000000000e+00	1.022370067445905972e+00	0.000000000000000000e+00
-2.998129999999999927e+04	0.000000000000000000e+00	0.000000000000000000e+00	1.039460432752464358e+00	0.000000000000000000e+00
-2.998127999999999884e+04	0.000000000000000000e+00	0.000000000000000000e+00	1.044343394268623992e+00	0.000000000000000000e+00
-2.998125000000000000e+04	0.000000000000000000e+00	0.000000000000000000e+00	1.035493026520584836e+00	0.000000000000000000e+00
-2.998122999999999956e+04	0.000000000000000000e+00	0.000000000000000000e+00	1.037934507278664542e+00	0.000000000000000000e+00
-2.998120999999999913e+04	0.000000000000000000e+00	0.000000000000000000e+00	1.034577471236304724e+00	0.000000000000000000e+00
-2.998118000000000029e+04	0.000000000000000000e+00	0.000000000000000000e+00	1.035187841425824873e+00	0.000000000000000000e+00
-2.998115000000000146e+04	0.000000000000000000e+00	0.000000000000000000e+00	1.025421918393505605e+00	0.000000000000000000e+00
-2.998113000000000102e+04	0.000000000000000000e+00	0.000000000000000000e+00	1.023895992919705789e+00	0.000000000000000000e+00
-2.998109999999999854e+04	0.000000000000000000e+00	0.000000000000000000e+00	1.018402661214026228e+00	0.000000000000000000e+00
-2.998106999999999971e+04	0.000000000000000000e+00	0.000000000000000000e+00	1.007721182897427292e+00	0.000000000000000000e+00
-2.998104000000000087e+04	0.000000000000000000e+00	0.000000000000000000e+00	1.002838221381267658e+00	0.000000000000000000e+00
-2.998102000000000044e+04	0.000000000000000000e+00	0.000000000000000000e+00	1.000701925717947915e+00	0.000000000000000000e+00
-2.998099000000000160e+04	0.000000000000000000e+00	0.000000000000000000e+00	9.979552598651081352e-01	0.000000000000000000e+00
-2.998097999999999956e+04	0.000000000000000000e+00	0.000000000000000000e+00	9.927671132541886490e-01	0.000000000000000000e+00
-2.998095999999999913e+04	0.000000000000000000e+00	0.000000000000000000e+00	9.927671132541886490e-01	0.000000000000000000e+00
-2.998093999999999869e+04	0.000000000000000000e+00	0.000000000000000000e+00	1.022370067445905972e+00	0.000000000000000000e+00
-2.998090999999999985e+04	0.000000000000000000e+00	0.000000000000000000e+00	1.008331553086947219e+00	0.000000000000000000e+00
-2.998088999999999942e+04	0.000000000000000000e+00	0.000000000000000000e+00	1.002838221381267658e+00	0.000000000000000000e+00
-2.998086000000000058e+04	0.000000000000000000e+00	0.000000000000000000e+00	1.002533036286507695e+00	0.000000000000000000e+00
-2.998084000000000015e+04	0.000000000000000000e+00	0.000000000000000000e+00	1.011993774224067000e+00	0.000000000000000000e+00
-2.998081000000000131e+04	0.000000000000000000e+00	0.000000000000000000e+00	1.021149327066866119e+00	0.000000000000000000e+00
-2.998079000000000087e+04	0.000000000000000000e+00	0.000000000000000000e+00	1.029389324625385349e+00	0.000000000000000000e+00
-2.998077000000000044e+04	0.000000000000000000e+00	0.000000000000000000e+00	1.033051545762504908e+00	0.000000000000000000e+00
-2.998075000000000000e+04	0.000000000000000000e+00	0.000000000000000000e+00	1.029999694814905276e+00	0.000000000000000000e+00
-2.998072000000000116e+04	0.000000000000000000e+00	0.000000000000000000e+00	1.028473769341105459e+00	0.000000000000000000e+00
-2.998070000000000073e+04	0.000000000000000000e+00	0.000000000000000000e+00	1.025727103488265568e+00	0.000000000000000000e+00
-2.998066999999999825e+04	0.000000000000000000e+00	0.000000000000000000e+00	1.031220435193945129e+00	0.000000000000000000e+00
-2.998063999999999942e+04	0.000000000000000000e+00	0.000000000000000000e+00	1.020233771782586230e+00	0.000000000000000000e+00
-2.998059999999999854e+04	0.000000000000000000e+00	0.000000000000000000e+00	1.007110812707907366e+00	0.000000000000000000e+00
-2.998058000000000175e+04	0.000000000000000000e+00	0.000000000000000000e+00	9.958189642017883925e-01	0.000000000000000000e+00
-2.998054999999999927e+04	0.000000000000000000e+00	0.000000000000000000e+00	9.887997070223090157e-01	0.000000000000000000e+00
-2.998052000000000044e+04	0.000000000000000000e+00	0.000000000000000000e+00	9.845271156956694192e-01	0.000000000000000000e+00
-2.998049000000000160e+04	0.000000000000000000e+00	0.000000000000000000e+00	9.842219306009094559e-01	0.000000000000000000e+00
-2.998045999999999913e+04	0.000000000000000000e+00	0.000000000000000000e+00	9.756767479476302629e-01	0.000000000000000000e+00
-2.998043999999999869e+04	0.000000000000000000e+00	0.000000000000000000e+00	9.826960051271096397e-01	0.000000000000000000e+00
-2.998040000000000146e+04	0.000000000000000000e+00	0.000000000000000000e+00	9.817804498428296389e-01	0.000000000000000000e+00
-2.998036999999999898e+04	0.000000000000000000e+00	0.000000000000000000e+00	9.863582262642293097e-01	0.000000000000000000e+00
-2.998034000000000015e+04	0.000000000000000000e+00	0.000000000000000000e+00	9.970397045808282455e-01	0.000000000000000000e+00
-2.998029999999999927e+04	0.000000000000000000e+00	0.000000000000000000e+00	1.005584887234107550e+00	0.000000000000000000e+00
-2.998025999999999840e+04	0.000000000000000000e+00	0.000000000000000000e+00	1.007721182897427292e+00	0.000000000000000000e+00
-2.998024000000000160e+04	0.000000000000000000e+00	0.000000000000000000e+00	1.011993774224067000e+00	0.000000000000000000e+00
-2.998020999999999913e+04	0.000000000000000000e+00	0.000000000000000000e+00	1.010773033845026925e+00	0.000000000000000000e+00
-2.998018999999999869e+04	0.000000000000000000e+00	0.000000000000000000e+00	1.017181920834986375e+00	0.000000000000000000e+00
-2.998016999999999825e+04	0.000000000000000000e+00	0.000000000000000000e+00	1.013214514603106853e+00	0.000000000000000000e+00
-2.998013999999999942e+04	0.000000000000000000e+00	0.000000000000000000e+00	1.015961180455946522e+00	0.000000000000000000e+00
-2.998011000000000058e+04	0.000000000000000000e+00	0.000000000000000000e+00	1.006805627613147402e+00	0.000000000000000000e+00
-2.998009000000000015e+04	0.000000000000000000e+00	0.000000000000000000e+00	1.014435254982146706e+00	0.000000000000000000e+00
-2.998008000000000175e+04	0.000000000000000000e+00	0.000000000000000000e+00	9.921567430646687225e-01	0.000000000000000000e+00
-2.998004000000000087e+04	0.000000000000000000e+00	0.000000000000000000e+00	9.906308175908689062e-01	0.000000000000000000e+00
-2.998000999999999840e+04	0.000000000000000000e+00	0.000000000000000000e+00	9.845271156956694192e-01	0.000000000000000000e+00
-2.997999000000000160e+04	0.000000000000000000e+00	0.000000000000000000e+00	9.958189642017883925e-01	0.000000000000000000e+00
-2.997997000000000116e+04	0.000000000000000000e+00	0.000000000000000000e+00	9.863582262642293097e-01	0.000000000000000000e+00
-2.997993999999999869e+04	0.000000000000000000e+00	0.000000000000000000e+00	9.653004547257911794e-01	0.000000000000000000e+00
-2.997990999999999985e+04	0.000000000000000000e+00	0.000000000000000000e+00	9.662160100100710691e-01	0.000000000000000000e+00
-2.997988000000000102e+04	0.000000000000000000e+00	0.000000000000000000e+00	9.653004547257911794e-01	0.000000000000000000e+00
-2.997986000000000058e+04	0.000000000000000000e+00	0.000000000000000000e+00	9.668263801995911066e-01	0.000000000000000000e+00
-2.997983000000000175e+04	0.000000000000000000e+00	0.000000000000000000e+00	9.720145268105105929e-01	0.000000000000000000e+00
-2.997979999999999927e+04	0.000000000000000000e+00	0.000000000000000000e+00	9.842219306009094559e-01	0.000000000000000000e+00
-2.997977000000000044e+04	0.000000000000000000e+00	0.000000000000000000e+00	9.784234138004699322e-01	0.000000000000000000e+00
-2.997974000000000160e+04	0.000000000000000000e+00	0.000000000000000000e+00	9.891048921170689789e-01	0.000000000000000000e+00
-2.997972000000000116e+04	0.000000000000000000e+00	0.000000000000000000e+00	9.961241492965483557e-01	0.000000000000000000e+00
-2.997968999999999869e+04	0.000000000000000000e+00	0.000000000000000000e+00	1.000091555528427989e+00	0.000000000000000000e+00
-2.997965000000000146e+04	0.000000000000000000e+00	0.000000000000000000e+00	1.004669331949827660e+00	0.000000000000000000e+00
-2.997961999999999898e+04	0.000000000000000000e+00	0.000000000000000000e+00	9.967345194860682822e-01	0.000000000000000000e+00
-2.997958000000000175e+04	0.000000000000000000e+00	0.000000000000000000e+00	1.009552293465987072e+00	0.000000000000000000e+00
-2.997954999999999927e+04	0.000000000000000000e+00	0.000000000000000000e+00	1.002838221381267658e+00	0.000000000000000000e+00
-2.997952000000000044e+04	0.000000000000000000e+00	0.000000000000000000e+00	9.921567430646687225e-01	0.000000000000000000e+00
-2.997947000000000116e+04	0.000000000000000000e+00	0.000000000000000000e+00	9.738456373790703724e-01	0.000000000000000000e+00
-2.997943000000000029e+04	0.000000000000000000e+00	0.000000000000000000e+00	9.820856349375896022e-01	0.000000000000000000e+00
-2.997940000000000146e+04	0.000000000000000000e+00	0.000000000000000000e+00	9.677419354838709964e-01	0.000000000000000000e+00
-2.997936999999999898e+04	0.000000000000000000e+00	0.000000000000000000e+00	9.625537888729513991e-01	0.000000000000000000e+00
-2.997933000000000175e+04	0.000000000000000000e+00	0.000000000000000000e+00	9.607226783043916196e-01	0.000000000000000000e+00
-2.997929999999999927e+04	0.000000000000000000e+00	0.000000000000000000e+00	9.494308297982726463e-01	0.000000000000000000e+00
-2.997925999999999840e+04	0.000000000000000000e+00	0.000000000000000000e+00	9.491256447035126831e-01	0.000000000000000000e+00
-2.997920999999999913e+04	0.000000000000000000e+00	0.000000000000000000e+00	9.469893490401928293e-01	0.000000000000000000e+00
-2.997916999999999825e+04	0.000000000000000000e+00	0.000000000000000000e+00	9.375286111026337466e-01	0.000000000000000000e+00
-2.997913000000000102e+04	0.000000000000000000e+00	0.000000000000000000e+00	9.442426831873531601e-01	0.000000000000000000e+00
-2.997909000000000015e+04	0.000000000000000000e+00	0.000000000000000000e+00	9.646900845362712529e-01	0.000000000000000000e+00
-2.997904999999999927e+04	0.000000000000000000e+00	0.000000000000000000e+00	9.646900845362712529e-01	0.000000000000000000e+00
-2.997902000000000044e+04	0.000000000000000000e+00	0.000000000000000000e+00	9.732352671895504459e-01	0.000000000000000000e+00
-2.997900000000000000e+04	0.000000000000000000e+00	0.000000000000000000e+00	9.692678609576708126e-01	0.000000000000000000e+00
-2.997897999999999956e+04	0.000000000000000000e+00	0.000000000000000000e+00	9.710989715262307032e-01	0.000000000000000000e+00
-2.997895999999999913e+04	0.000000000000000000e+00	0.000000000000000000e+00	9.741508224738303356e-01	0.000000000000000000e+00
-2.997893999999999869e+04	0.000000000000000000e+00	0.000000000000000000e+00	9.759819330423902262e-01	0.000000000000000000e+00
-2.997891999999999825e+04	0.000000000000000000e+00	0.000000000000000000e+00	9.720145268105105929e-01	0.000000000000000000e+00
-2.997888999999999942e+04	0.000000000000000000e+00	0.000000000000000000e+00	9.808648945585497492e-01	0.000000000000000000e+00
-2.997886999999999898e+04	0.000000000000000000e+00	0.000000000000000000e+00	9.686574907681508861e-01	0.000000000000000000e+00
-2.997884000000000015e+04	0.000000000000000000e+00	0.000000000000000000e+00	9.643848994415112896e-01	0.000000000000000000e+00
-2.997881999999999971e+04	0.000000000000000000e+00	0.000000000000000000e+00	9.710989715262307032e-01	0.000000000000000000e+00
-2.997879000000000087e+04	0.000000000000000000e+00	0.000000000000000000e+00	9.573656422620319129e-01	0.000000000000000000e+00
-2.997877000000000044e+04	0.000000000000000000e+00	0.000000000000000000e+00	9.439374980925931968e-01	0.000000000000000000e+00
-2.997874000000000160e+04	0.000000000000000000e+00	0.000000000000000000e+00	9.360026856288339303e-01	0.000000000000000000e+00
-2.997872000000000116e+04	0.000000000000000000e+00	0.000000000000000000e+00	9.360026856288339303e-01	0.000000000000000000e+00
-2.997868999999999869e+04	0.000000000000000000e+00	0.000000000000000000e+00	9.271523178807946630e-01	0.000000000000000000e+00
-2.997865999999999985e+04	0.000000000000000000e+00	0.000000000000000000e+00	9.207434308908353238e-01	0.000000000000000000e+00
-2.997863999999999942e+04	0.000000000000000000e+00	0.000000000000000000e+00	9.204382457960753605e-01	0.000000000000000000e+00
-2.997859999999999854e+04	0.000000000000000000e+00	0.000000000000000000e+00	9.170812097537156538e-01	0.000000000000000000e+00
-2.997858000000000175e+04	0.000000000000000000e+00	0.000000000000000000e+00	9.198278756065553230e-01	0.000000000000000000e+00
-2.997856000000000131e+04	0.000000000000000000e+00	0.000000000000000000e+00	9.244056520279549938e-01	0.000000000000000000e+00
-2.997854000000000087e+04	0.000000000000000000e+00	0.000000000000000000e+00	9.411908322397534166e-01	0.000000000000000000e+00
-2.997852000000000044e+04	0.000000000000000000e+00	0.000000000000000000e+00	9.414960173345133798e-01	0.000000000000000000e+00
-2.997849000000000160e+04	0.000000000000000000e+00	0.000000000000000000e+00	9.482100894192327933e-01	0.000000000000000000e+00
-2.997847000000000116e+04	0.000000000000000000e+00	0.000000000000000000e+00	9.363078707235938936e-01	0.000000000000000000e+00
-2.997845999999999913e+04	0.000000000000000000e+00	0.000000000000000000e+00	9.475997192297128668e-01	0.000000000000000000e+00
-2.997843000000000029e+04	0.000000000000000000e+00	0.000000000000000000e+00	9.549241615039520958e-01	0.000000000000000000e+00
-2.997840999999999985e+04	0.000000000000000000e+00	0.000000000000000000e+00	9.524826807458723898e-01	0.000000000000000000e+00
-2.997838999999999942e+04	0.000000000000000000e+00	0.000000000000000000e+00	9.598071230201117299e-01	0.000000000000000000e+00
-2.997838000000000102e+04	0.000000000000000000e+00	0.000000000000000000e+00	9.482100894192327933e-01	0.000000000000000000e+00
-2.997834999999999854e+04	0.000000000000000000e+00	0.000000000000000000e+00	9.414960173345133798e-01	0.000000000000000000e+00
-2.997833000000000175e+04	0.000000000000000000e+00	0.000000000000000000e+00	9.363078707235938936e-01	0.000000000000000000e+00
-2.997831000000000131e+04	0.000000000000000000e+00	0.000000000000000000e+00	9.271523178807946630e-01	0.000000000000000000e+00
-2.997829000000000087e+04	0.000000000000000000e+00	0.000000000000000000e+00	9.204382457960753605e-01	0.000000000000000000e+00
-2.997827000000000044e+04	0.000000000000000000e+00	0.000000000000000000e+00	9.073152867213964967e-01	0.000000000000000000e+00
-2.997825000000000000e+04	0.000000000000000000e+00	0.000000000000000000e+00	9.082308420056764975e-01	0.000000000000000000e+00
-2.997822999999999956e+04	0.000000000000000000e+00	0.000000000000000000e+00	9.012115848261971207e-01	0.000000000000000000e+00
-2.997822000000000116e+04	0.000000000000000000e+00	0.000000000000000000e+00	9.033478804895168635e-01	0.000000000000000000e+00
-2.997818999999999869e+04	0.000000000000000000e+00	0.000000000000000000e+00	9.030426953947569002e-01	0.000000000000000000e+00
-2.997815999999999985e+04	0.000000000000000000e+00	0.000000000000000000e+00	9.198278756065553230e-01	0.000000000000000000e+00
-2.997813999999999942e+04	0.000000000000000000e+00	0.000000000000000000e+00	9.088412121951964240e-01	0.000000000000000000e+00
-2.997811999999999898e+04	0.000000000000000000e+00	0.000000000000000000e+00	9.118930631427960565e-01	0.000000000000000000e+00
-2.997809999999999854e+04	0.000000000000000000e+00	0.000000000000000000e+00	9.302041688283944065e-01	0.000000000000000000e+00
-2.997809000000000015e+04	0.000000000000000000e+00	0.000000000000000000e+00	9.213538010803552503e-01	0.000000000000000000e+00
-2.997806000000000131e+04	0.000000000000000000e+00	0.000000000000000000e+00	9.298989837336344433e-01	0.000000000000000000e+00
-2.997802999999999884e+04	0.000000000000000000e+00	0.000000000000000000e+00	9.302041688283944065e-01	0.000000000000000000e+00
-2.997800999999999840e+04	0.000000000000000000e+00	0.000000000000000000e+00	9.250160222174749203e-01	0.000000000000000000e+00
-2.997799000000000160e+04	0.000000000000000000e+00	0.000000000000000000e+00	9.256263924069948468e-01	0.000000000000000000e+00
-2.997795999999999913e+04	0.000000000000000000e+00	0.000000000000000000e+00	9.302041688283944065e-01	0.000000000000000000e+00
-2.997793000000000029e+04	0.000000000000000000e+00	0.000000000000000000e+00	9.247108371227149570e-01	0.000000000000000000e+00
-2.997790999999999985e+04	0.000000000000000000e+00	0.000000000000000000e+00	9.170812097537156538e-01	0.000000000000000000e+00
-2.997788000000000102e+04	0.000000000000000000e+00	0.000000000000000000e+00	9.241004669331950305e-01	0.000000000000000000e+00
-2.997786000000000058e+04	0.000000000000000000e+00	0.000000000000000000e+00	9.198278756065553230e-01	0.000000000000000000e+00
-2.997784000000000015e+04	0.000000000000000000e+00	0.000000000000000000e+00	9.088412121951964240e-01	0.000000000000000000e+00
-2.997781999999999971e+04	0.000000000000000000e+00	0.000000000000000000e+00	8.966338084047975610e-01	0.000000000000000000e+00
-2.997779999999999927e+04	0.000000000000000000e+00	0.000000000000000000e+00	8.877834406567582937e-01	0.000000000000000000e+00
-2.997777999999999884e+04	0.000000000000000000e+00	0.000000000000000000e+00	8.896145512253181842e-01	0.000000000000000000e+00
-2.997775999999999840e+04	0.000000000000000000e+00	0.000000000000000000e+00	8.890041810357982577e-01	0.000000000000000000e+00
-2.997774000000000160e+04	0.000000000000000000e+00	0.000000000000000000e+00	8.868678853724784039e-01	0.000000000000000000e+00
-2.997770999999999913e+04	0.000000000000000000e+00	0.000000000000000000e+00	8.740501113925596144e-01	0.000000000000000000e+00
-2.997768999999999869e+04	0.000000000000000000e+00	0.000000000000000000e+00	8.890041810357982577e-01	0.000000000000000000e+00
-2.997766999999999825e+04	0.000000000000000000e+00	0.000000000000000000e+00	8.960234382152775234e-01	0.000000000000000000e+00
-2.997765000000000146e+04	0.000000000000000000e+00	0.000000000000000000e+00	8.908352916043580372e-01	0.000000000000000000e+00
-2.997761999999999898e+04	0.000000000000000000e+00	0.000000000000000000e+00	8.923612170781578534e-01	0.000000000000000000e+00
-2.997759999999999854e+04	0.000000000000000000e+00	0.000000000000000000e+00	9.079256569109164232e-01	0.000000000000000000e+00
-2.997758000000000175e+04	0.000000000000000000e+00	0.000000000000000000e+00	9.048738059633167907e-01	0.000000000000000000e+00
-2.997756000000000131e+04	0.000000000000000000e+00	0.000000000000000000e+00	8.960234382152775234e-01	0.000000000000000000e+00
-2.997754000000000087e+04	0.000000000000000000e+00	0.000000000000000000e+00	9.057893612475966805e-01	0.000000000000000000e+00
-2.997750999999999840e+04	0.000000000000000000e+00	0.000000000000000000e+00	8.990752891628772669e-01	0.000000000000000000e+00
-2.997747000000000116e+04	0.000000000000000000e+00	0.000000000000000000e+00	8.990752891628772669e-01	0.000000000000000000e+00
-2.997743999999999869e+04	0.000000000000000000e+00	0.000000000000000000e+00	8.893093661305582209e-01	0.000000000000000000e+00
-2.997740999999999985e+04	0.000000000000000000e+00	0.000000000000000000e+00	8.844264046143985869e-01	0.000000000000000000e+00
-2.997738999999999942e+04	0.000000000000000000e+00	0.000000000000000000e+00	8.767967772453992836e-01	0.000000000000000000e+00
-2.997736999999999898e+04	0.000000000000000000e+00	0.000000000000000000e+00	8.774071474349193211e-01	0.000000000000000000e+00
-2.997734999999999854e+04	0.000000000000000000e+00	0.000000000000000000e+00	8.694723349711600546e-01	0.000000000000000000e+00
-2.997733000000000175e+04	0.000000000000000000e+00	0.000000000000000000e+00	8.749656666768395041e-01	0.000000000000000000e+00
-2.997731000000000131e+04	0.000000000000000000e+00	0.000000000000000000e+00	8.792382580034791006e-01	0.000000000000000000e+00
-2.997729000000000087e+04	0.000000000000000000e+00	0.000000000000000000e+00	8.609271523178807506e-01	0.000000000000000000e+00
-2.997727000000000044e+04	0.000000000000000000e+00	0.000000000000000000e+00	8.597064119388408976e-01	0.000000000000000000e+00
-2.997725999999999840e+04	0.000000000000000000e+00	0.000000000000000000e+00	8.636738181707205309e-01	0.000000000000000000e+00
-2.997722999999999956e+04	0.000000000000000000e+00	0.000000000000000000e+00	8.651997436445203471e-01	0.000000000000000000e+00
-2.997720999999999913e+04	0.000000000000000000e+00	0.000000000000000000e+00	8.792382580034791006e-01	0.000000000000000000e+00
-2.997718999999999869e+04	0.000000000000000000e+00	0.000000000000000000e+00	8.740501113925596144e-01	0.000000000000000000e+00
-2.997716999999999825e+04	0.000000000000000000e+00	0.000000000000000000e+00	8.838160344248786604e-01	0.000000000000000000e+00
-2.997713999999999942e+04	0.000000000000000000e+00	0.000000000000000000e+00	8.792382580034791006e-01	0.000000000000000000e+00
-2.997711000000000058e+04	0.000000000000000000e+00	0.000000000000000000e+00	8.847315897091585501e-01	0.000000000000000000e+00
-2.997709000000000015e+04	0.000000000000000000e+00	0.000000000000000000e+00	8.807641834772789169e-01	0.000000000000000000e+00
-2.997706999999999971e+04	0.000000000000000000e+00	0.000000000000000000e+00	8.728293710135196504e-01	0.000000000000000000e+00
-2.997704999999999927e+04	0.000000000000000000e+00	0.000000000000000000e+00	8.825952940458388074e-01	0.000000000000000000e+00
-2.997704000000000087e+04	0.000000000000000000e+00	0.000000000000000000e+00	8.716086306344797974e-01	0.000000000000000000e+00
-2.997700999999999840e+04	0.000000000000000000e+00	0.000000000000000000e+00	8.664204840235603111e-01	0.000000000000000000e+00
-2.997697000000000116e+04	0.000000000000000000e+00	0.000000000000000000e+00	8.661152989288003479e-01	0.000000000000000000e+00
-2.997693999999999869e+04	0.000000000000000000e+00	0.000000000000000000e+00	8.639790032654804941e-01	0.000000000000000000e+00
-2.997691999999999825e+04	0.000000000000000000e+00	0.000000000000000000e+00	8.563493758964811908e-01	0.000000000000000000e+00
-2.997690999999999985e+04	0.000000000000000000e+00	0.000000000000000000e+00	8.462782677694021816e-01	0.000000000000000000e+00
-2.997688000000000102e+04	0.000000000000000000e+00	0.000000000000000000e+00	8.410901211584825843e-01	0.000000000000000000e+00
-2.997686000000000058e+04	0.000000000000000000e+00	0.000000000000000000e+00	8.417004913480025108e-01	0.000000000000000000e+00
-2.997683000000000175e+04	0.000000000000000000e+00	0.000000000000000000e+00	8.346812341685232450e-01	0.000000000000000000e+00
-2.997681000000000131e+04	0.000000000000000000e+00	0.000000000000000000e+00	8.392590105899228048e-01	0.000000000000000000e+00
-2.997679000000000087e+04	0.000000000000000000e+00	0.000000000000000000e+00	8.297982726523636110e-01	0.000000000000000000e+00
-2.997675999999999840e+04	0.000000000000000000e+00	0.000000000000000000e+00	8.380382702108829518e-01	0.000000000000000000e+00
-2.997672999999999956e+04	0.000000000000000000e+00	0.000000000000000000e+00	8.438367870113223645e-01	0.000000000000000000e+00
-2.997672000000000116e+04	0.000000000000000000e+00	0.000000000000000000e+00	8.273567918942839050e-01	0.000000000000000000e+00
-2.997670000000000073e+04	0.000000000000000000e+00	0.000000000000000000e+00	8.484145634327219243e-01	0.000000000000000000e+00
-2.997665999999999985e+04	0.000000000000000000e+00	0.000000000000000000e+00	8.453627124851221808e-01	0.000000000000000000e+00
-2.997663999999999942e+04	0.000000000000000000e+00	0.000000000000000000e+00	8.505508590960417781e-01	0.000000000000000000e+00
-2.997661000000000058e+04	0.000000000000000000e+00	0.000000000000000000e+00	8.423108615375225483e-01	0.000000000000000000e+00
-2.997659000000000015e+04	0.000000000000000000e+00	0.000000000000000000e+00	8.572649311807610806e-01	0.000000000000000000e+00
-2.997658000000000175e+04	0.000000000000000000e+00	0.000000000000000000e+00	8.450575273903622175e-01	0.000000000000000000e+00
-2.997656000000000131e+04	0.000000000000000000e+00	0.000000000000000000e+00	8.450575273903622175e-01	0.000000000000000000e+00
-2.997652999999999884e+04	0.000000000000000000e+00	0.000000000000000000e+00	8.438367870113223645e-01	0.000000000000000000e+00
-2.997650999999999840e+04	0.000000000000000000e+00	0.000000000000000000e+00	8.456678975798821440e-01	0.000000000000000000e+00
-2.997647999999999956e+04	0.000000000000000000e+00	0.000000000000000000e+00	8.368175298318429878e-01	0.000000000000000000e+00
-2.997645999999999913e+04	0.000000000000000000e+00	0.000000000000000000e+00	8.258308664204839777e-01	0.000000000000000000e+00
-2.997643000000000029e+04	0.000000000000000000e+00	0.000000000000000000e+00	8.160649433881649317e-01	0.000000000000000000e+00
-2.997640000000000146e+04	0.000000000000000000e+00	0.000000000000000000e+00	8.230842005676443085e-01	0.000000000000000000e+00
-2.997638000000000102e+04	0.000000000000000000e+00	0.000000000000000000e+00	8.157597582934049685e-01	0.000000000000000000e+00
-2.997634999999999854e+04	0.000000000000000000e+00	0.000000000000000000e+00	8.062990203558457747e-01	0.000000000000000000e+00
-2.997631999999999971e+04	0.000000000000000000e+00	0.000000000000000000e+00	8.001953184606463987e-01	0.000000000000000000e+00
-2.997629999999999927e+04	0.000000000000000000e+00	0.000000000000000000e+00	8.008056886501663252e-01	0.000000000000000000e+00
-2.997627000000000044e+04	0.000000000000000000e+00	0.000000000000000000e+00	7.968382824182866919e-01	0.000000000000000000e+00
-2.997625000000000000e+04	0.000000000000000000e+00	0.000000000000000000e+00	8.102664265877254079e-01	0.000000000000000000e+00
-2.997624000000000160e+04	0.000000000000000000e+00	0.000000000000000000e+00	8.032471694082461422e-01	0.000000000000000000e+00
-2.997622000000000116e+04	0.000000000000000000e+00	0.000000000000000000e+00	8.066042054506057379e-01	0.000000000000000000e+00
-2.997620999999999913e+04	0.000000000000000000e+00	0.000000000000000000e+00	8.111819818720054087e-01	0.000000000000000000e+00
-2.997618000000000029e+04	0.000000000000000000e+00	0.000000000000000000e+00	8.191167943357646752e-01	0.000000000000000000e+00
-2.997616999999999825e+04	0.000000000000000000e+00	0.000000000000000000e+00	8.206427198095644915e-01	0.000000000000000000e+00
-2.997615000000000146e+04	0.000000000000000000e+00	0.000000000000000000e+00	8.328501235999633545e-01	0.000000000000000000e+00
-2.997613000000000102e+04	0.000000000000000000e+00	0.000000000000000000e+00	8.066042054506057379e-01	0.000000000000000000e+00
-2.997611000000000058e+04	0.000000000000000000e+00	0.000000000000000000e+00	8.197271645252846017e-01	0.000000000000000000e+00
-2.997609000000000015e+04	0.000000000000000000e+00	0.000000000000000000e+00	8.227790154728843453e-01	0.000000000000000000e+00
-2.997606000000000131e+04	0.000000000000000000e+00	0.000000000000000000e+00	8.148442030091250787e-01	0.000000000000000000e+00
-2.997604000000000087e+04	0.000000000000000000e+00	0.000000000000000000e+00	8.102664265877254079e-01	0.000000000000000000e+00
-2.997602999999999884e+04	0.000000000000000000e+00	0.000000000000000000e+00	8.041627246925260319e-01	0.000000000000000000e+00
-2.997600000000000000e+04	0.000000000000000000e+00	0.000000000000000000e+00	7.986693929868464714e-01	0.000000000000000000e+00
-2.997597999999999956e+04	0.000000000000000000e+00	0.000000000000000000e+00	7.898190252388073151e-01	0.000000000000000000e+00
-2.997595000000000073e+04	0.000000000000000000e+00	0.000000000000000000e+00	7.879879146702475357e-01	0.000000000000000000e+00
-2.997591999999999825e+04	0.000000000000000000e+00	0.000000000000000000e+00	7.766960661641285624e-01	0.000000000000000000e+00
-2.997588000000000102e+04	0.000000000000000000e+00	0.000000000000000000e+00	7.745597705008087086e-01	0.000000000000000000e+00
-2.997584999999999854e+04	0.000000000000000000e+00	0.000000000000000000e+00	7.681508835108493694e-01	0.000000000000000000e+00
-2.997583000000000175e+04	0.000000000000000000e+00	0.000000000000000000e+00	7.678456984160894061e-01	0.000000000000000000e+00
-2.997581999999999971e+04	0.000000000000000000e+00	0.000000000000000000e+00	7.791375469222082684e-01	0.000000000000000000e+00
-2.997579999999999927e+04	0.000000000000000000e+00	0.000000000000000000e+00	7.712027344584490018e-01	0.000000000000000000e+00
-2.997577000000000044e+04	0.000000000000000000e+00	0.000000000000000000e+00	7.712027344584490018e-01	0.000000000000000000e+00
-2.997572999999999956e+04	0.000000000000000000e+00	0.000000000000000000e+00	7.837153233436079391e-01	0.000000000000000000e+00
-2.997570999999999913e+04	0.000000000000000000e+00	0.000000000000000000e+00	7.733390301217688556e-01	0.000000000000000000e+00
-2.997568000000000029e+04	0.000000000000000000e+00	0.000000000000000000e+00	7.815790276802880854e-01	0.000000000000000000e+00
-2.997565999999999985e+04	0.000000000000000000e+00	0.000000000000000000e+00	7.824945829645679751e-01	0.000000000000000000e+00
-2.997563000000000102e+04	0.000000000000000000e+00	0.000000000000000000e+00	7.892086550492873886e-01	0.000000000000000000e+00
-2.997561000000000058e+04	0.000000000000000000e+00	0.000000000000000000e+00	7.785271767326883419e-01	0.000000000000000000e+00
-2.997559000000000015e+04	0.000000000000000000e+00	0.000000000000000000e+00	7.770012512588885256e-01	0.000000000000000000e+00
-2.997556000000000131e+04	0.000000000000000000e+00	0.000000000000000000e+00	7.803582873012482324e-01	0.000000000000000000e+00
-2.997552999999999884e+04	0.000000000000000000e+00	0.000000000000000000e+00	7.818842127750480486e-01	0.000000000000000000e+00
-2.997549000000000160e+04	0.000000000000000000e+00	0.000000000000000000e+00	7.669301431318094053e-01	0.000000000000000000e+00
-2.997545999999999913e+04	0.000000000000000000e+00	0.000000000000000000e+00	7.760856959746086359e-01	0.000000000000000000e+00
-2.997543999999999869e+04	0.000000000000000000e+00	0.000000000000000000e+00	7.568590350047303961e-01	0.000000000000000000e+00
-2.997541999999999825e+04	0.000000000000000000e+00	0.000000000000000000e+00	7.556382946256904320e-01	0.000000000000000000e+00
-2.997538999999999942e+04	0.000000000000000000e+00	0.000000000000000000e+00	7.470931119724112390e-01	0.000000000000000000e+00
-2.997536999999999898e+04	0.000000000000000000e+00	0.000000000000000000e+00	7.425153355510116793e-01	0.000000000000000000e+00
-2.997534000000000015e+04	0.000000000000000000e+00	0.000000000000000000e+00	7.522812585833308363e-01	0.000000000000000000e+00
-2.997531999999999971e+04	0.000000000000000000e+00	0.000000000000000000e+00	7.400738547929318623e-01	0.000000000000000000e+00
-2.997529000000000087e+04	0.000000000000000000e+00	0.000000000000000000e+00	7.379375591296121195e-01	0.000000000000000000e+00
-2.997525000000000000e+04	0.000000000000000000e+00	0.000000000000000000e+00	7.419049653614917528e-01	0.000000000000000000e+00
-2.997520999999999913e+04	0.000000000000000000e+00	0.000000000000000000e+00	7.287820062868130000e-01	0.000000000000000000e+00
-2.997518999999999869e+04	0.000000000000000000e+00	0.000000000000000000e+00	7.419049653614917528e-01	0.000000000000000000e+00
-2.997516999999999825e+04	0.000000000000000000e+00	0.000000000000000000e+00	7.504501480147709458e-01	0.000000000000000000e+00
-2.997513999999999942e+04	0.000000000000000000e+00	0.000000000000000000e+00	7.513657032990508355e-01	0.000000000000000000e+00
-2.997513000000000102e+04	0.000000000000000000e+00	0.000000000000000000e+00	7.489242225409711295e-01	0.000000000000000000e+00
-2.997511000000000058e+04	0.000000000000000000e+00	0.000000000000000000e+00	7.550279244361705056e-01	0.000000000000000000e+00
-2.997509000000000015e+04	0.000000000000000000e+00	0.000000000000000000e+00	7.409894100772118630e-01	0.000000000000000000e+00
-2.997506000000000131e+04	0.000000000000000000e+00	0.000000000000000000e+00	7.373271889400921930e-01	0.000000000000000000e+00
-2.997502000000000044e+04	0.000000000000000000e+00	0.000000000000000000e+00	7.492294076357310928e-01	0.000000000000000000e+00
-2.997500000000000000e+04	0.000000000000000000e+00	0.000000000000000000e+00	7.324442274239326700e-01	0.000000000000000000e+00
-2.997497999999999956e+04	0.000000000000000000e+00	0.000000000000000000e+00	7.361064485610522290e-01	0.000000000000000000e+00
-2.997495000000000073e+04	0.000000000000000000e+00	0.000000000000000000e+00	7.278664510025329992e-01	0.000000000000000000e+00
-2.997493000000000029e+04	0.000000000000000000e+00	0.000000000000000000e+00	7.324442274239326700e-01	0.000000000000000000e+00
-2.997490000000000146e+04	0.000000000000000000e+00	0.000000000000000000e+00	7.232886745811334395e-01	0.000000000000000000e+00
-2.997486000000000058e+04	0.000000000000000000e+00	0.000000000000000000e+00	7.205420087282936592e-01	0.000000000000000000e+00
-2.997483000000000175e+04	0.000000000000000000e+00	0.000000000000000000e+00	7.083346049378947962e-01	0.000000000000000000e+00
-2.997481000000000131e+04	0.000000000000000000e+00	0.000000000000000000e+00	7.055879390850551269e-01	0.000000000000000000e+00
-2.997479000000000087e+04	0.000000000000000000e+00	0.000000000000000000e+00	7.034516434217352732e-01	0.000000000000000000e+00
-2.997477000000000044e+04	0.000000000000000000e+00	0.000000000000000000e+00	7.068086794640949799e-01	0.000000000000000000e+00
-2.997475000000000000e+04	0.000000000000000000e+00	0.000000000000000000e+00	7.046723838007751262e-01	0.000000000000000000e+00
-2.997472000000000116e+04	0.000000000000000000e+00	0.000000000000000000e+00	7.104709006012146499e-01	0.000000000000000000e+00
-2.997470000000000073e+04	0.000000000000000000e+00	0.000000000000000000e+00	7.193212683492538062e-01	0.000000000000000000e+00
-2.997466999999999825e+04	0.000000000000000000e+00	0.000000000000000000e+00	7.052827539902951637e-01	0.000000000000000000e+00
-2.997465000000000146e+04	0.000000000000000000e+00	0.000000000000000000e+00	7.184057130649739165e-01	0.000000000000000000e+00
-2.997463000000000102e+04	0.000000000000000000e+00	0.000000000000000000e+00	7.147434919278542464e-01	0.000000000000000000e+00
-2.997461000000000058e+04	0.000000000000000000e+00	0.000000000000000000e+00	7.089449751274147227e-01	0.000000000000000000e+00
-2.997456999999999971e+04	0.000000000000000000e+00	0.000000000000000000e+00	7.113864558854945397e-01	0.000000000000000000e+00
-2.997452999999999884e+04	0.000000000000000000e+00	0.000000000000000000e+00	7.095553453169347602e-01	0.000000000000000000e+00
-2.997450999999999840e+04	0.000000000000000000e+00	0.000000000000000000e+00	6.939909054841761904e-01	0.000000000000000000e+00
-2.997449000000000160e+04	0.000000000000000000e+00	0.000000000000000000e+00	7.013153477584155304e-01	0.000000000000000000e+00
-2.997445999999999913e+04	0.000000000000000000e+00	0.000000000000000000e+00	6.967375713370158596e-01	0.000000000000000000e+00
-2.997443999999999869e+04	0.000000000000000000e+00	0.000000000000000000e+00	6.888027588732565931e-01	0.000000000000000000e+00
-2.997440999999999985e+04	0.000000000000000000e+00	0.000000000000000000e+00	6.817835016937773274e-01	0.000000000000000000e+00
-2.997438000000000102e+04	0.000000000000000000e+00	0.000000000000000000e+00	6.897183141575365939e-01	0.000000000000000000e+00
-2.997434000000000015e+04	0.000000000000000000e+00	0.000000000000000000e+00	6.707968382824183173e-01	0.000000000000000000e+00
-2.997431000000000131e+04	0.000000000000000000e+00	0.000000000000000000e+00	6.610309152500991603e-01	0.000000000000000000e+00
-2.997429000000000087e+04	0.000000000000000000e+00	0.000000000000000000e+00	6.826990569780572171e-01	0.000000000000000000e+00
-2.997427000000000044e+04	0.000000000000000000e+00	0.000000000000000000e+00	6.741538743247780241e-01	0.000000000000000000e+00
-2.997424000000000160e+04	0.000000000000000000e+00	0.000000000000000000e+00	6.741538743247780241e-01	0.000000000000000000e+00
-2.997420999999999913e+04	0.000000000000000000e+00	0.000000000000000000e+00	6.707968382824183173e-01	0.000000000000000000e+00
-2.997418999999999869e+04	0.000000000000000000e+00	0.000000000000000000e+00	6.729331339457380601e-01	0.000000000000000000e+00
-2.997415999999999985e+04	0.000000000000000000e+00	0.000000000000000000e+00	6.753746147038178771e-01	0.000000000000000000e+00
-2.997413999999999942e+04	0.000000000000000000e+00	0.000000000000000000e+00	6.717123935666982071e-01	0.000000000000000000e+00
-2.997411000000000058e+04	0.000000000000000000e+00	0.000000000000000000e+00	6.747642445142979506e-01	0.000000000000000000e+00
-2.997408000000000175e+04	0.000000000000000000e+00	0.000000000000000000e+00	6.671346171452986473e-01	0.000000000000000000e+00
-2.997406000000000131e+04	0.000000000000000000e+00	0.000000000000000000e+00	6.717123935666982071e-01	0.000000000000000000e+00
-2.997402999999999884e+04	0.000000000000000000e+00	0.000000000000000000e+00	6.741538743247780241e-01	0.000000000000000000e+00
-2.997400000000000000e+04	0.000000000000000000e+00	0.000000000000000000e+00	6.640827661976989038e-01	0.000000000000000000e+00
-2.997397999999999956e+04	0.000000000000000000e+00	0.000000000000000000e+00	6.656086916714987201e-01	0.000000000000000000e+00
-2.997395000000000073e+04	0.000000000000000000e+00	0.000000000000000000e+00	6.625568407238990876e-01	0.000000000000000000e+00
-2.997391999999999825e+04	0.000000000000000000e+00	0.000000000000000000e+00	6.607257301553391970e-01	0.000000000000000000e+00
-2.997390000000000146e+04	0.000000000000000000e+00	0.000000000000000000e+00	6.598101748710593073e-01	0.000000000000000000e+00
-2.997386999999999898e+04	0.000000000000000000e+00	0.000000000000000000e+00	6.695760979033783533e-01	0.000000000000000000e+00
-2.997384000000000015e+04	0.000000000000000000e+00	0.000000000000000000e+00	6.509598071230201510e-01	0.000000000000000000e+00
-2.997381999999999971e+04	0.000000000000000000e+00	0.000000000000000000e+00	6.439405499435407743e-01	0.000000000000000000e+00
-2.997379000000000087e+04	0.000000000000000000e+00	0.000000000000000000e+00	6.463820307016204803e-01	0.000000000000000000e+00
-2.997375999999999840e+04	0.000000000000000000e+00	0.000000000000000000e+00	6.396679586169011777e-01	0.000000000000000000e+00
-2.997374000000000160e+04	0.000000000000000000e+00	0.000000000000000000e+00	6.366161076693014342e-01	0.000000000000000000e+00
-2.997370999999999913e+04	0.000000000000000000e+00	0.000000000000000000e+00	6.445509201330607008e-01	0.000000000000000000e+00
-2.997368999999999869e+04	0.000000000000000000e+00	0.000000000000000000e+00	6.381420331431012505e-01	0.000000000000000000e+00
-2.997365999999999985e+04	0.000000000000000000e+00	0.000000000000000000e+00	6.277657399212622780e-01	0.000000000000000000e+00
-2.997363999999999942e+04	0.000000000000000000e+00	0.000000000000000000e+00	6.360057374797815077e-01	0.000000000000000000e+00
-2.997361000000000058e+04	0.000000000000000000e+00	0.000000000000000000e+00	6.271553697317423515e-01	0.000000000000000000e+00
-2.997359000000000015e+04	0.000000000000000000e+00	0.000000000000000000e+00	6.341746269112216172e-01	0.000000000000000000e+00
-2.997356000000000131e+04	0.000000000000000000e+00	0.000000000000000000e+00	6.311227759636219847e-01	0.000000000000000000e+00
-2.997352999999999884e+04	0.000000000000000000e+00	0.000000000000000000e+00	6.228827784051026439e-01	0.000000000000000000e+00
-2.997352000000000044e+04	0.000000000000000000e+00	0.000000000000000000e+00	6.350901821955016180e-01	0.000000000000000000e+00
-2.997350000000000000e+04	0.000000000000000000e+00	0.000000000000000000e+00	6.302072206793419840e-01	0.000000000000000000e+00
-2.997347999999999956e+04	0.000000000000000000e+00	0.000000000000000000e+00	6.283761101107822045e-01	0.000000000000000000e+00
-2.997345000000000073e+04	0.000000000000000000e+00	0.000000000000000000e+00	6.302072206793419840e-01	0.000000000000000000e+00
-2.997341999999999825e+04	0.000000000000000000e+00	0.000000000000000000e+00	6.192205572679830849e-01	0.000000000000000000e+00
-2.997338999999999942e+04	0.000000000000000000e+00	0.000000000000000000e+00	6.183050019837030842e-01	0.000000000000000000e+00
-2.997336000000000058e+04	0.000000000000000000e+00	0.000000000000000000e+00	6.158635212256233782e-01	0.000000000000000000e+00
-2.997334999999999854e+04	0.000000000000000000e+00	0.000000000000000000e+00	6.167790765099032679e-01	0.000000000000000000e+00
-2.997333000000000175e+04	0.000000000000000000e+00	0.000000000000000000e+00	6.115909298989837817e-01	0.000000000000000000e+00
-2.997329999999999927e+04	0.000000000000000000e+00	0.000000000000000000e+00	6.073183385723440741e-01	0.000000000000000000e+00
-2.997327000000000044e+04	0.000000000000000000e+00	0.000000000000000000e+00	6.024353770561845511e-01	0.000000000000000000e+00
-2.997325000000000000e+04	0.000000000000000000e+00	0.000000000000000000e+00	5.960264900662252119e-01	0.000000000000000000e+00
-2.997322999999999956e+04	0.000000000000000000e+00	0.000000000000000000e+00	5.951109347819452111e-01	0.000000000000000000e+00
-2.997320000000000073e+04	0.000000000000000000e+00	0.000000000000000000e+00	5.951109347819452111e-01	0.000000000000000000e+00
-2.997318000000000029e+04	0.000000000000000000e+00	0.000000000000000000e+00	6.006042664876247716e-01	0.000000000000000000e+00
-2.997315000000000146e+04	0.000000000000000000e+00	0.000000000000000000e+00	6.009094515823847349e-01	0.000000000000000000e+00
-2.997313000000000102e+04	0.000000000000000000e+00	0.000000000000000000e+00	6.006042664876247716e-01	0.000000000000000000e+00
-2.997311000000000058e+04	0.000000000000000000e+00	0.000000000000000000e+00	5.932798242133854316e-01	0.000000000000000000e+00
-2.997309999999999854e+04	0.000000000000000000e+00	0.000000000000000000e+00	6.064027832880641844e-01	0.000000000000000000e+00
-2.997306999999999971e+04	0.000000000000000000e+00	0.000000000000000000e+00	6.088442640461440014e-01	0.000000000000000000e+00
-2.997304999999999927e+04	0.000000000000000000e+00	0.000000000000000000e+00	5.966368602557451384e-01	0.000000000000000000e+00
-2.997302999999999884e+04	0.000000000000000000e+00	0.000000000000000000e+00	6.158635212256233782e-01	0.000000000000000000e+00
-2.997300999999999840e+04	0.000000000000000000e+00	0.000000000000000000e+00	5.972472304452650649e-01	0.000000000000000000e+00
-2.997297999999999956e+04	0.000000000000000000e+00	0.000000000000000000e+00	5.890072328867458351e-01	0.000000000000000000e+00
-2.997295999999999913e+04	0.000000000000000000e+00	0.000000000000000000e+00	6.036561174352245152e-01	0.000000000000000000e+00
-2.997293000000000029e+04	0.000000000000000000e+00	0.000000000000000000e+00	5.862605670339060548e-01	0.000000000000000000e+00
-2.997290999999999985e+04	0.000000000000000000e+00	0.000000000000000000e+00	5.862605670339060548e-01	0.000000000000000000e+00
-2.997288999999999942e+04	0.000000000000000000e+00	0.000000000000000000e+00	5.804620502334666421e-01	0.000000000000000000e+00
-2.997286999999999898e+04	0.000000000000000000e+00	0.000000000000000000e+00	5.819879757072664583e-01	0.000000000000000000e+00
-2.997286000000000058e+04	0.000000000000000000e+00	0.000000000000000000e+00	5.865657521286660181e-01	0.000000000000000000e+00
-2.997283000000000175e+04	0.000000000000000000e+00	0.000000000000000000e+00	5.780205694753868251e-01	0.000000000000000000e+00
-2.997281000000000131e+04	0.000000000000000000e+00	0.000000000000000000e+00	5.746635334330271183e-01	0.000000000000000000e+00
-2.997279000000000087e+04	0.000000000000000000e+00	0.000000000000000000e+00	5.746635334330271183e-01	0.000000000000000000e+00
-2.997277000000000044e+04	0.000000000000000000e+00	0.000000000000000000e+00	5.694753868221076321e-01	0.000000000000000000e+00
-2.997275999999999840e+04	0.000000000000000000e+00	0.000000000000000000e+00	5.844294564653462754e-01	0.000000000000000000e+00
-2.997274000000000160e+04	0.000000000000000000e+00	0.000000000000000000e+00	5.771050141911069353e-01	0.000000000000000000e+00
-2.997270000000000073e+04	0.000000000000000000e+00	0.000000000000000000e+00	5.774101992858668986e-01	0.000000000000000000e+00
-2.997266999999999825e+04	0.000000000000000000e+00	0.000000000000000000e+00	5.725272377697073756e-01	0.000000000000000000e+00
-2.997265000000000146e+04	0.000000000000000000e+00	0.000000000000000000e+00	5.484176152836695017e-01	0.000000000000000000e+00
-2.997263999999999942e+04	0.000000000000000000e+00	0.000000000000000000e+00	5.609302041688284390e-01	0.000000000000000000e+00
-2.997261999999999898e+04	0.000000000000000000e+00	0.000000000000000000e+00	5.716116824854273748e-01	0.000000000000000000e+00
-2.997259000000000015e+04	0.000000000000000000e+00	0.000000000000000000e+00	5.645924253059481090e-01	0.000000000000000000e+00
-2.997256999999999971e+04	0.000000000000000000e+00	0.000000000000000000e+00	5.639820551164280715e-01	0.000000000000000000e+00
-2.997254000000000087e+04	0.000000000000000000e+00	0.000000000000000000e+00	5.587939085055085853e-01	0.000000000000000000e+00
-2.997250999999999840e+04	0.000000000000000000e+00	0.000000000000000000e+00	5.554368724631488785e-01	0.000000000000000000e+00
-2.997247000000000116e+04	0.000000000000000000e+00	0.000000000000000000e+00	5.539109469893490623e-01	0.000000000000000000e+00
-2.997245000000000073e+04	0.000000000000000000e+00	0.000000000000000000e+00	5.502487258522293923e-01	0.000000000000000000e+00
-2.997241999999999825e+04	0.000000000000000000e+00	0.000000000000000000e+00	5.548265022736289520e-01	0.000000000000000000e+00
-2.997240000000000146e+04	0.000000000000000000e+00	0.000000000000000000e+00	5.508590960417493188e-01	0.000000000000000000e+00
-2.997238999999999942e+04	0.000000000000000000e+00	0.000000000000000000e+00	5.526902066103090982e-01	0.000000000000000000e+00
-2.997236000000000058e+04	0.000000000000000000e+00	0.000000000000000000e+00	5.465865047151097222e-01	0.000000000000000000e+00
-2.997233000000000175e+04	0.000000000000000000e+00	0.000000000000000000e+00	5.459761345255897957e-01	0.000000000000000000e+00
-2.997229999999999927e+04	0.000000000000000000e+00	0.000000000000000000e+00	5.444502090517898685e-01	0.000000000000000000e+00
-2.997227000000000044e+04	0.000000000000000000e+00	0.000000000000000000e+00	5.432294686727500155e-01	0.000000000000000000e+00
-2.997225000000000000e+04	0.000000000000000000e+00	0.000000000000000000e+00	5.349894711142307857e-01	0.000000000000000000e+00
-2.997222999999999956e+04	0.000000000000000000e+00	0.000000000000000000e+00	5.395672475356303455e-01	0.000000000000000000e+00
-2.997220999999999913e+04	0.000000000000000000e+00	0.000000000000000000e+00	5.514694662312692452e-01	0.000000000000000000e+00
-2.997218000000000029e+04	0.000000000000000000e+00	0.000000000000000000e+00	5.282753990295113722e-01	0.000000000000000000e+00
-2.997215999999999985e+04	0.000000000000000000e+00	0.000000000000000000e+00	5.362102114932706387e-01	0.000000000000000000e+00
-2.997213000000000102e+04	0.000000000000000000e+00	0.000000000000000000e+00	5.282753990295113722e-01	0.000000000000000000e+00
-2.997209999999999854e+04	0.000000000000000000e+00	0.000000000000000000e+00	5.313272499771111157e-01	0.000000000000000000e+00
-2.997206999999999971e+04	0.000000000000000000e+00	0.000000000000000000e+00	5.374309518723106027e-01	0.000000000000000000e+00
-2.997204000000000087e+04	0.000000000000000000e+00	0.000000000000000000e+00	5.301065095980712627e-01	0.000000000000000000e+00
-2.997200999999999840e+04	0.000000000000000000e+00	0.000000000000000000e+00	5.264442884609515927e-01	0.000000000000000000e+00
-2.997197999999999956e+04	0.000000000000000000e+00	0.000000000000000000e+00	5.160679952391125092e-01	0.000000000000000000e+00
-2.997197000000000116e+04	0.000000000000000000e+00	0.000000000000000000e+00	5.246131778923917022e-01	0.000000000000000000e+00
-2.997195000000000073e+04	0.000000000000000000e+00	0.000000000000000000e+00	5.188146610919522894e-01	0.000000000000000000e+00
-2.997193000000000029e+04	0.000000000000000000e+00	0.000000000000000000e+00	5.166783654286324357e-01	0.000000000000000000e+00
-2.997190999999999985e+04	0.000000000000000000e+00	0.000000000000000000e+00	5.117954039124729126e-01	0.000000000000000000e+00
-2.997188999999999942e+04	0.000000000000000000e+00	0.000000000000000000e+00	5.203405865657521057e-01	0.000000000000000000e+00
-2.997186000000000058e+04	0.000000000000000000e+00	0.000000000000000000e+00	5.160679952391125092e-01	0.000000000000000000e+00
-2.997181999999999971e+04	0.000000000000000000e+00	0.000000000000000000e+00	5.047761467329935359e-01	0.000000000000000000e+00
-2.997179000000000087e+04	0.000000000000000000e+00	0.000000000000000000e+00	5.148472548600726562e-01	0.000000000000000000e+00
-2.997177000000000044e+04	0.000000000000000000e+00	0.000000000000000000e+00	4.867702261421552046e-01	0.000000000000000000e+00
-2.997174000000000160e+04	0.000000000000000000e+00	0.000000000000000000e+00	4.928739280373546361e-01	0.000000000000000000e+00
-2.997170999999999913e+04	0.000000000000000000e+00	0.000000000000000000e+00	4.901272621845149113e-01	0.000000000000000000e+00
-2.997168000000000029e+04	0.000000000000000000e+00	0.000000000000000000e+00	5.044709616382335726e-01	0.000000000000000000e+00
-2.997165999999999985e+04	0.000000000000000000e+00	0.000000000000000000e+00	4.983672597430341411e-01	0.000000000000000000e+00
-2.997163000000000102e+04	0.000000000000000000e+00	0.000000000000000000e+00	4.992828150273140864e-01	0.000000000000000000e+00
-2.997159999999999854e+04	0.000000000000000000e+00	0.000000000000000000e+00	4.922635578478347096e-01	0.000000000000000000e+00
-2.997158000000000175e+04	0.000000000000000000e+00	0.000000000000000000e+00	4.971465193639942881e-01	0.000000000000000000e+00
-2.997156000000000131e+04	0.000000000000000000e+00	0.000000000000000000e+00	4.989776299325540676e-01	0.000000000000000000e+00
-2.997152999999999884e+04	0.000000000000000000e+00	0.000000000000000000e+00	4.928739280373546361e-01	0.000000000000000000e+00
-2.997150999999999840e+04	0.000000000000000000e+00	0.000000000000000000e+00	4.925687429425946728e-01	0.000000000000000000e+00
-2.997149000000000160e+04	0.000000000000000000e+00	0.000000000000000000e+00	4.989776299325540676e-01	0.000000000000000000e+00
-2.997147000000000116e+04	0.000000000000000000e+00	0.000000000000000000e+00	4.904324472792748746e-01	0.000000000000000000e+00
-2.997145000000000073e+04	0.000000000000000000e+00	0.000000000000000000e+00	4.907376323740348378e-01	0.000000000000000000e+00
-2.997143000000000029e+04	0.000000000000000000e+00	0.000000000000000000e+00	4.831080050050355346e-01	0.000000000000000000e+00
-2.997140999999999985e+04	0.000000000000000000e+00	0.000000000000000000e+00	4.870754112369151678e-01	0.000000000000000000e+00
-2.997138999999999942e+04	0.000000000000000000e+00	0.000000000000000000e+00	4.779198583941160483e-01	0.000000000000000000e+00
-2.997136999999999898e+04	0.000000000000000000e+00	0.000000000000000000e+00	4.684591204565569100e-01	0.000000000000000000e+00
-2.997134999999999854e+04	0.000000000000000000e+00	0.000000000000000000e+00	4.831080050050355346e-01	0.000000000000000000e+00
-2.997134000000000015e+04	0.000000000000000000e+00	0.000000000000000000e+00	4.773094882045960663e-01	0.000000000000000000e+00
-2.997131000000000131e+04	0.000000000000000000e+00	0.000000000000000000e+00	4.675435651722769648e-01	0.000000000000000000e+00
-2.997127999999999884e+04	0.000000000000000000e+00	0.000000000000000000e+00	4.766991180150761398e-01	0.000000000000000000e+00
-2.997125999999999840e+04	0.000000000000000000e+00	0.000000000000000000e+00	4.651020844141972033e-01	0.000000000000000000e+00
-2.997124000000000160e+04	0.000000000000000000e+00	0.000000000000000000e+00	4.663228247932371118e-01	0.000000000000000000e+00
-2.997120999999999913e+04	0.000000000000000000e+00	0.000000000000000000e+00	4.611346781823175700e-01	0.000000000000000000e+00
-2.997118000000000029e+04	0.000000000000000000e+00	0.000000000000000000e+00	4.626606036561174418e-01	0.000000000000000000e+00
-2.997115999999999985e+04	0.000000000000000000e+00	0.000000000000000000e+00	4.663228247932371118e-01	0.000000000000000000e+00
-2.997113999999999942e+04	0.000000000000000000e+00	0.000000000000000000e+00	4.599139378032776615e-01	0.000000000000000000e+00
-2.997111999999999898e+04	0.000000000000000000e+00	0.000000000000000000e+00	4.593035676137577350e-01	0.000000000000000000e+00
-2.997106999999999971e+04	0.000000000000000000e+00	0.000000000000000000e+00	4.596087527085176982e-01	0.000000000000000000e+00
-2.997104000000000087e+04	0.000000000000000000e+00	0.000000000000000000e+00	4.593035676137577350e-01	0.000000000000000000e+00
-2.997100999999999840e+04	0.000000000000000000e+00	0.000000000000000000e+00	4.611346781823175700e-01	0.000000000000000000e+00
-2.997099000000000160e+04	0.000000000000000000e+00	0.000000000000000000e+00	4.593035676137577350e-01	0.000000000000000000e+00
-2.997095999999999913e+04	0.000000000000000000e+00	0.000000000000000000e+00	4.565569017609180102e-01	0.000000000000000000e+00
-2.997093999999999869e+04	0.000000000000000000e+00	0.000000000000000000e+00	4.556413464766380650e-01	0.000000000000000000e+00
-2.997091999999999825e+04	0.000000000000000000e+00	0.000000000000000000e+00	4.367198706015198439e-01	0.000000000000000000e+00
-2.997090000000000146e+04	0.000000000000000000e+00	0.000000000000000000e+00	4.474013489181188352e-01	0.000000000000000000e+00
-2.997086000000000058e+04	0.000000000000000000e+00	0.000000000000000000e+00	4.470961638233588720e-01	0.000000000000000000e+00
-2.997081999999999971e+04	0.000000000000000000e+00	0.000000000000000000e+00	4.409924619281594405e-01	0.000000000000000000e+00
-2.997079000000000087e+04	0.000000000000000000e+00	0.000000000000000000e+00	4.358043153172398987e-01	0.000000000000000000e+00
-2.997075999999999840e+04	0.000000000000000000e+00	0.000000000000000000e+00	4.449598681600390737e-01	0.000000000000000000e+00
-2.997072999999999956e+04	0.000000000000000000e+00	0.000000000000000000e+00	4.321420941801202287e-01	0.000000000000000000e+00
-2.997070000000000073e+04	0.000000000000000000e+00	0.000000000000000000e+00	4.345835749382000457e-01	0.000000000000000000e+00
-2.997066999999999825e+04	0.000000000000000000e+00	0.000000000000000000e+00	4.388561662648396422e-01	0.000000000000000000e+00
-2.997063999999999942e+04	0.000000000000000000e+00	0.000000000000000000e+00	4.290902432325205407e-01	0.000000000000000000e+00
-2.997061999999999898e+04	0.000000000000000000e+00	0.000000000000000000e+00	4.306161687063203569e-01	0.000000000000000000e+00
-2.997058000000000175e+04	0.000000000000000000e+00	0.000000000000000000e+00	4.220709860530411639e-01	0.000000000000000000e+00
-2.997056000000000131e+04	0.000000000000000000e+00	0.000000000000000000e+00	4.211554307687612742e-01	0.000000000000000000e+00
-2.997052999999999884e+04	0.000000000000000000e+00	0.000000000000000000e+00	4.226813562425610904e-01	0.000000000000000000e+00
-2.997050000000000000e+04	0.000000000000000000e+00	0.000000000000000000e+00	4.242072817163609622e-01	0.000000000000000000e+00
-2.997047000000000116e+04	0.000000000000000000e+00	0.000000000000000000e+00	4.135258033997619709e-01	0.000000000000000000e+00
-2.997043000000000029e+04	0.000000000000000000e+00	0.000000000000000000e+00	4.107791375469221906e-01	0.000000000000000000e+00
-2.997040000000000146e+04	0.000000000000000000e+00	0.000000000000000000e+00	4.321420941801202287e-01	0.000000000000000000e+00
-2.997038999999999942e+04	0.000000000000000000e+00	0.000000000000000000e+00	4.248176519058809442e-01	0.000000000000000000e+00
-2.997036999999999898e+04	0.000000000000000000e+00	0.000000000000000000e+00	4.223761711478011271e-01	0.000000000000000000e+00
-2.997034000000000015e+04	0.000000000000000000e+00	0.000000000000000000e+00	4.214606158635212374e-01	0.000000000000000000e+00
-2.997031000000000131e+04	0.000000000000000000e+00	0.000000000000000000e+00	4.242072817163609622e-01	0.000000000000000000e+00
-2.997027999999999884e+04	0.000000000000000000e+00	0.000000000000000000e+00	4.153569139683218059e-01	0.000000000000000000e+00
-2.997025000000000000e+04	0.000000000000000000e+00	0.000000000000000000e+00	4.055909909360027044e-01	0.000000000000000000e+00
-2.997022000000000116e+04	0.000000000000000000e+00	0.000000000000000000e+00	4.065065462202825941e-01	0.000000000000000000e+00
-2.997020000000000073e+04	0.000000000000000000e+00	0.000000000000000000e+00	4.040650654622028326e-01	0.000000000000000000e+00
-2.997016999999999825e+04	0.000000000000000000e+00	0.000000000000000000e+00	4.007080294198431258e-01	0.000000000000000000e+00
-2.997015000000000146e+04	0.000000000000000000e+00	0.000000000000000000e+00	3.991821039460432541e-01	0.000000000000000000e+00
-2.997013000000000102e+04	0.000000000000000000e+00	0.000000000000000000e+00	3.964354380932035293e-01	0.000000000000000000e+00
-2.997009999999999854e+04	0.000000000000000000e+00	0.000000000000000000e+00	4.007080294198431258e-01	0.000000000000000000e+00
-2.997006999999999971e+04	0.000000000000000000e+00	0.000000000000000000e+00	3.933835871456037858e-01	0.000000000000000000e+00
-2.997004999999999927e+04	0.000000000000000000e+00	0.000000000000000000e+00	3.866695150608844278e-01	0.000000000000000000e+00
-2.997004000000000087e+04	0.000000000000000000e+00	0.000000000000000000e+00	3.973509933774834191e-01	0.000000000000000000e+00
-2.997002000000000044e+04	0.000000000000000000e+00	0.000000000000000000e+00	3.912472914822839876e-01	0.000000000000000000e+00
-2.996997999999999956e+04	0.000000000000000000e+00	0.000000000000000000e+00	4.000976592303231993e-01	0.000000000000000000e+00
-2.996993999999999869e+04	0.000000000000000000e+00	0.000000000000000000e+00	3.869747001556443911e-01	0.000000000000000000e+00
-2.996990000000000146e+04	0.000000000000000000e+00	0.000000000000000000e+00	3.854487746818445193e-01	0.000000000000000000e+00
-2.996986999999999898e+04	0.000000000000000000e+00	0.000000000000000000e+00	3.863643299661244646e-01	0.000000000000000000e+00
-2.996984000000000015e+04	0.000000000000000000e+00	0.000000000000000000e+00	3.830072939237647578e-01	0.000000000000000000e+00
-2.996981999999999971e+04	0.000000000000000000e+00	0.000000000000000000e+00	3.918576616718039696e-01	0.000000000000000000e+00
-2.996979999999999927e+04	0.000000000000000000e+00	0.000000000000000000e+00	3.753776665547654545e-01	0.000000000000000000e+00
-2.996977999999999884e+04	0.000000000000000000e+00	0.000000000000000000e+00	3.662221137119663350e-01	0.000000000000000000e+00
-2.996975000000000000e+04	0.000000000000000000e+00	0.000000000000000000e+00	3.750724814600054913e-01	0.000000000000000000e+00
-2.996972000000000116e+04	0.000000000000000000e+00	0.000000000000000000e+00	3.775139622180852528e-01	0.000000000000000000e+00
-2.996968999999999869e+04	0.000000000000000000e+00	0.000000000000000000e+00	3.707998901333658948e-01	0.000000000000000000e+00
-2.996965999999999985e+04	0.000000000000000000e+00	0.000000000000000000e+00	3.668324839014862615e-01	0.000000000000000000e+00
-2.996963000000000102e+04	0.000000000000000000e+00	0.000000000000000000e+00	3.729361857966856930e-01	0.000000000000000000e+00
-2.996959999999999854e+04	0.000000000000000000e+00	0.000000000000000000e+00	3.683584093752861333e-01	0.000000000000000000e+00
-2.996956000000000131e+04	0.000000000000000000e+00	0.000000000000000000e+00	3.707998901333658948e-01	0.000000000000000000e+00
-2.996954000000000087e+04	0.000000000000000000e+00	0.000000000000000000e+00	3.692739646595660230e-01	0.000000000000000000e+00
-2.996952000000000044e+04	0.000000000000000000e+00	0.000000000000000000e+00	3.643910031434065000e-01	0.000000000000000000e+00
-2.996949000000000160e+04	0.000000000000000000e+00	0.000000000000000000e+00	3.592028565324869582e-01	0.000000000000000000e+00
-2.996947000000000116e+04	0.000000000000000000e+00	0.000000000000000000e+00	3.744621112704855648e-01	0.000000000000000000e+00
-2.996943999999999869e+04	0.000000000000000000e+00	0.000000000000000000e+00	3.622547074800866462e-01	0.000000000000000000e+00
-2.996940999999999985e+04	0.000000000000000000e+00	0.000000000000000000e+00	3.540147099215674165e-01	0.000000000000000000e+00
-2.996938999999999942e+04	0.000000000000000000e+00	0.000000000000000000e+00	3.613391521958067565e-01	0.000000000000000000e+00
-2.996936999999999898e+04	0.000000000000000000e+00	0.000000000000000000e+00	3.476058229316080217e-01	0.000000000000000000e+00
-2.996934999999999854e+04	0.000000000000000000e+00	0.000000000000000000e+00	3.482161931211279482e-01	0.000000000000000000e+00
-2.996933000000000175e+04	0.000000000000000000e+00	0.000000000000000000e+00	3.488265633106479302e-01	0.000000000000000000e+00
-2.996929999999999927e+04	0.000000000000000000e+00	0.000000000000000000e+00	3.445539719840082782e-01	0.000000000000000000e+00
-2.996927000000000044e+04	0.000000000000000000e+00	0.000000000000000000e+00	3.561510055848872147e-01	0.000000000000000000e+00
-2.996924000000000160e+04	0.000000000000000000e+00	0.000000000000000000e+00	3.518784142582476182e-01	0.000000000000000000e+00
-2.996922000000000116e+04	0.000000000000000000e+00	0.000000000000000000e+00	3.457747123630481867e-01	0.000000000000000000e+00
-2.996920000000000073e+04	0.000000000000000000e+00	0.000000000000000000e+00	3.512680440687276917e-01	0.000000000000000000e+00
-2.996918000000000029e+04	0.000000000000000000e+00	0.000000000000000000e+00	3.457747123630481867e-01	0.000000000000000000e+00
-2.996915000000000146e+04	0.000000000000000000e+00	0.000000000000000000e+00	3.402813806573686817e-01	0.000000000000000000e+00
-2.996913000000000102e+04	0.000000000000000000e+00	0.000000000000000000e+00	3.421124912259285167e-01	0.000000000000000000e+00
-2.996909999999999854e+04	0.000000000000000000e+00	0.000000000000000000e+00	3.457747123630481867e-01	0.000000000000000000e+00
-2.996908000000000175e+04	0.000000000000000000e+00	0.000000000000000000e+00	3.314310129093295254e-01	0.000000000000000000e+00
-2.996906000000000131e+04	0.000000000000000000e+00	0.000000000000000000e+00	3.158665730765709556e-01	0.000000000000000000e+00
-2.996902999999999884e+04	0.000000000000000000e+00	0.000000000000000000e+00	3.247169408246101119e-01	0.000000000000000000e+00
-2.996900000000000000e+04	0.000000000000000000e+00	0.000000000000000000e+00	3.350932340464491954e-01	0.000000000000000000e+00
-2.996897999999999956e+04	0.000000000000000000e+00	0.000000000000000000e+00	3.289895321512497084e-01	0.000000000000000000e+00
-2.996895000000000073e+04	0.000000000000000000e+00	0.000000000000000000e+00	3.372295297097689937e-01	0.000000000000000000e+00
-2.996891999999999825e+04	0.000000000000000000e+00	0.000000000000000000e+00	3.289895321512497084e-01	0.000000000000000000e+00
-2.996890000000000146e+04	0.000000000000000000e+00	0.000000000000000000e+00	3.347880489516891767e-01	0.000000000000000000e+00
-2.996886999999999898e+04	0.000000000000000000e+00	0.000000000000000000e+00	3.323465681936094152e-01	0.000000000000000000e+00
-2.996884999999999854e+04	0.000000000000000000e+00	0.000000000000000000e+00	3.289895321512497084e-01	0.000000000000000000e+00
-2.996881999999999971e+04	0.000000000000000000e+00	0.000000000000000000e+00	3.247169408246101119e-01	0.000000000000000000e+00
-2.996879000000000087e+04	0.000000000000000000e+00	0.000000000000000000e+00	3.302102725302896169e-01	0.000000000000000000e+00
-2.996875999999999840e+04	0.000000000000000000e+00	0.000000000000000000e+00	3.201391644032105521e-01	0.000000000000000000e+00
-2.996874000000000160e+04	0.000000000000000000e+00	0.000000000000000000e+00	3.253273110141300939e-01	0.000000000000000000e+00
-2.996870999999999913e+04	0.000000000000000000e+00	0.000000000000000000e+00	3.137302774132511574e-01	0.000000000000000000e+00
-2.996868000000000029e+04	0.000000000000000000e+00	0.000000000000000000e+00	3.152562028870509736e-01	0.000000000000000000e+00
-2.996865000000000146e+04	0.000000000000000000e+00	0.000000000000000000e+00	3.176976836451307906e-01	0.000000000000000000e+00
-2.996861000000000058e+04	0.000000000000000000e+00	0.000000000000000000e+00	3.207495345927304786e-01	0.000000000000000000e+00
-2.996859000000000015e+04	0.000000000000000000e+00	0.000000000000000000e+00	3.118991668446913224e-01	0.000000000000000000e+00
-2.996856999999999971e+04	0.000000000000000000e+00	0.000000000000000000e+00	3.149510177922910104e-01	0.000000000000000000e+00
-2.996854000000000087e+04	0.000000000000000000e+00	0.000000000000000000e+00	3.131199072237311753e-01	0.000000000000000000e+00
-2.996852000000000044e+04	0.000000000000000000e+00	0.000000000000000000e+00	3.076265755180517258e-01	0.000000000000000000e+00
-2.996850999999999840e+04	0.000000000000000000e+00	0.000000000000000000e+00	3.149510177922910104e-01	0.000000000000000000e+00
-2.996849000000000160e+04	0.000000000000000000e+00	0.000000000000000000e+00	3.125095370342112489e-01	0.000000000000000000e+00
-2.996845999999999913e+04	0.000000000000000000e+00	0.000000000000000000e+00	3.140354625080111206e-01	0.000000000000000000e+00
-2.996843000000000029e+04	0.000000000000000000e+00	0.000000000000000000e+00	2.999969481490524226e-01	0.000000000000000000e+00
-2.996840000000000146e+04	0.000000000000000000e+00	0.000000000000000000e+00	3.073213904232917071e-01	0.000000000000000000e+00
-2.996838999999999942e+04	0.000000000000000000e+00	0.000000000000000000e+00	3.048799096652119456e-01	0.000000000000000000e+00
-2.996836999999999898e+04	0.000000000000000000e+00	0.000000000000000000e+00	3.094576860866115053e-01	0.000000000000000000e+00
-2.996834000000000015e+04	0.000000000000000000e+00	0.000000000000000000e+00	3.006073183385723491e-01	0.000000000000000000e+00
-2.996831000000000131e+04	0.000000000000000000e+00	0.000000000000000000e+00	2.978606524857326243e-01	0.000000000000000000e+00
-2.996829000000000087e+04	0.000000000000000000e+00	0.000000000000000000e+00	2.941984313486129543e-01	0.000000000000000000e+00
-2.996827999999999884e+04	0.000000000000000000e+00	0.000000000000000000e+00	3.003021332438123858e-01	0.000000000000000000e+00
-2.996825999999999840e+04	0.000000000000000000e+00	0.000000000000000000e+00	2.975554673909726056e-01	0.000000000000000000e+00
-2.996822999999999956e+04	0.000000000000000000e+00	0.000000000000000000e+00	2.981658375804925876e-01	0.000000000000000000e+00
-2.996818999999999869e+04	0.000000000000000000e+00	0.000000000000000000e+00	2.905362102114932843e-01	0.000000000000000000e+00
-2.996815999999999985e+04	0.000000000000000000e+00	0.000000000000000000e+00	2.722251045258949342e-01	0.000000000000000000e+00
-2.996813999999999942e+04	0.000000000000000000e+00	0.000000000000000000e+00	2.832117679372539443e-01	0.000000000000000000e+00
-2.996813000000000102e+04	0.000000000000000000e+00	0.000000000000000000e+00	2.868739890743736143e-01	0.000000000000000000e+00
-2.996809999999999854e+04	0.000000000000000000e+00	0.000000000000000000e+00	2.908413953062532475e-01	0.000000000000000000e+00
-2.996808000000000175e+04	0.000000000000000000e+00	0.000000000000000000e+00	2.850428785058137793e-01	0.000000000000000000e+00
-2.996806999999999971e+04	0.000000000000000000e+00	0.000000000000000000e+00	2.841273232215338340e-01	0.000000000000000000e+00
-2.996804999999999927e+04	0.000000000000000000e+00	0.000000000000000000e+00	2.768028809472945495e-01	0.000000000000000000e+00
-2.996802000000000044e+04	0.000000000000000000e+00	0.000000000000000000e+00	2.920621356852931561e-01	0.000000000000000000e+00
-2.996800000000000000e+04	0.000000000000000000e+00	0.000000000000000000e+00	2.865688039796136510e-01	0.000000000000000000e+00
-2.996799000000000160e+04	0.000000000000000000e+00	0.000000000000000000e+00	2.746665852839747513e-01	0.000000000000000000e+00
-2.996797000000000116e+04	0.000000000000000000e+00	0.000000000000000000e+00	2.789391766106143478e-01	0.000000000000000000e+00
-2.996793999999999869e+04	0.000000000000000000e+00	0.000000000000000000e+00	2.768028809472945495e-01	0.000000000000000000e+00
-2.996791999999999825e+04	0.000000000000000000e+00	0.000000000000000000e+00	2.749717703787347145e-01	0.000000000000000000e+00
-2.996790000000000146e+04	0.000000000000000000e+00	0.000000000000000000e+00	2.832117679372539443e-01	0.000000000000000000e+00
-2.996788000000000102e+04	0.000000000000000000e+00	0.000000000000000000e+00	2.789391766106143478e-01	0.000000000000000000e+00
-2.996786000000000058e+04	0.000000000000000000e+00	0.000000000000000000e+00	2.685628833887753197e-01	0.000000000000000000e+00
-2.996783000000000175e+04	0.000000000000000000e+00	0.000000000000000000e+00	2.703939939573350992e-01	0.000000000000000000e+00
-2.996781000000000131e+04	0.000000000000000000e+00	0.000000000000000000e+00	2.761925107577745675e-01	0.000000000000000000e+00
-2.996779000000000087e+04	0.000000000000000000e+00	0.000000000000000000e+00	2.768028809472945495e-01	0.000000000000000000e+00
-2.996777000000000044e+04	0.000000000000000000e+00	0.000000000000000000e+00	2.755821405682546410e-01	0.000000000000000000e+00
-2.996775000000000000e+04	0.000000000000000000e+00	0.000000000000000000e+00	2.771080660420545128e-01	0.000000000000000000e+00
-2.996772999999999956e+04	0.000000000000000000e+00	0.000000000000000000e+00	2.710043641468550812e-01	0.000000000000000000e+00
-2.996772000000000116e+04	0.000000000000000000e+00	0.000000000000000000e+00	2.679525131992553377e-01	0.000000000000000000e+00
-2.996770999999999913e+04	0.000000000000000000e+00	0.000000000000000000e+00	2.676473281044953745e-01	0.000000000000000000e+00
-2.996768999999999869e+04	0.000000000000000000e+00	0.000000000000000000e+00	2.725302896206549530e-01	0.000000000000000000e+00
-2.996766999999999825e+04	0.000000000000000000e+00	0.000000000000000000e+00	2.661214026306955027e-01	0.000000000000000000e+00
-2.996765999999999985e+04	0.000000000000000000e+00	0.000000000000000000e+00	2.645954771568956310e-01	0.000000000000000000e+00
-2.996763000000000102e+04	0.000000000000000000e+00	0.000000000000000000e+00	2.682576982940153010e-01	0.000000000000000000e+00
-2.996759999999999854e+04	0.000000000000000000e+00	0.000000000000000000e+00	2.700888088625751360e-01	0.000000000000000000e+00
-2.996756000000000131e+04	0.000000000000000000e+00	0.000000000000000000e+00	2.700888088625751360e-01	0.000000000000000000e+00
-2.996752999999999884e+04	0.000000000000000000e+00	0.000000000000000000e+00	2.603228858302560345e-01	0.000000000000000000e+00
-2.996752000000000044e+04	0.000000000000000000e+00	0.000000000000000000e+00	2.600177007354960712e-01	0.000000000000000000e+00
-2.996750000000000000e+04	0.000000000000000000e+00	0.000000000000000000e+00	2.652058473464156130e-01	0.000000000000000000e+00
-2.996747000000000116e+04	0.000000000000000000e+00	0.000000000000000000e+00	2.627643665883358515e-01	0.000000000000000000e+00
-2.996745000000000073e+04	0.000000000000000000e+00	0.000000000000000000e+00	2.508621478926968962e-01	0.000000000000000000e+00
-2.996743000000000029e+04	0.000000000000000000e+00	0.000000000000000000e+00	2.386547441022980331e-01	0.000000000000000000e+00
-2.996740999999999985e+04	0.000000000000000000e+00	0.000000000000000000e+00	2.508621478926968962e-01	0.000000000000000000e+00
-2.996738000000000102e+04	0.000000000000000000e+00	0.000000000000000000e+00	2.429273354289376574e-01	0.000000000000000000e+00
-2.996734999999999854e+04	0.000000000000000000e+00	0.000000000000000000e+00	2.426221503341776664e-01	0.000000000000000000e+00
-2.996733000000000175e+04	0.000000000000000000e+00	0.000000000000000000e+00	2.441480758079775382e-01	0.000000000000000000e+00
-2.996729999999999927e+04	0.000000000000000000e+00	0.000000000000000000e+00	2.526932584612567312e-01	0.000000000000000000e+00
-2.996727000000000044e+04	0.000000000000000000e+00	0.000000000000000000e+00	2.475051118503372172e-01	0.000000000000000000e+00
-2.996725000000000000e+04	0.000000000000000000e+00	0.000000000000000000e+00	2.591021454512161815e-01	0.000000000000000000e+00
-2.996722999999999956e+04	0.000000000000000000e+00	0.000000000000000000e+00	2.444532609027375014e-01	0.000000000000000000e+00
-2.996720999999999913e+04	0.000000000000000000e+00	0.000000000000000000e+00	2.429273354289376574e-01	0.000000000000000000e+00
-2.996718000000000029e+04	0.000000000000000000e+00	0.000000000000000000e+00	2.374340037232581524e-01	0.000000000000000000e+00
-2.996715999999999985e+04	0.000000000000000000e+00	0.000000000000000000e+00	2.380443739127781067e-01	0.000000000000000000e+00
-2.996713999999999942e+04	0.000000000000000000e+00	0.000000000000000000e+00	2.331614123966185559e-01	0.000000000000000000e+00
-2.996711999999999898e+04	0.000000000000000000e+00	0.000000000000000000e+00	2.371288186284981891e-01	0.000000000000000000e+00
-2.996709999999999854e+04	0.000000000000000000e+00	0.000000000000000000e+00	2.359080782494583084e-01	0.000000000000000000e+00
-2.996708000000000175e+04	0.000000000000000000e+00	0.000000000000000000e+00	2.294991912594988859e-01	0.000000000000000000e+00
-2.996706999999999971e+04	0.000000000000000000e+00	0.000000000000000000e+00	2.343821527756584366e-01	0.000000000000000000e+00
-2.996704999999999927e+04	0.000000000000000000e+00	0.000000000000000000e+00	2.496414075136570432e-01	0.000000000000000000e+00
-2.996704000000000087e+04	0.000000000000000000e+00	0.000000000000000000e+00	2.368236335337382259e-01	0.000000000000000000e+00
-2.996702000000000044e+04	0.000000000000000000e+00	0.000000000000000000e+00	2.365184484389782349e-01	0.000000000000000000e+00
-2.996697999999999956e+04	0.000000000000000000e+00	0.000000000000000000e+00	2.380443739127781067e-01	0.000000000000000000e+00
-2.996695999999999913e+04	0.000000000000000000e+00	0.000000000000000000e+00	2.346873378704183999e-01	0.000000000000000000e+00
-2.996693000000000029e+04	0.000000000000000000e+00	0.000000000000000000e+00	2.371288186284981891e-01	0.000000000000000000e+00
-2.996690999999999985e+04	0.000000000000000000e+00	0.000000000000000000e+00	2.365184484389782349e-01	0.000000000000000000e+00
-2.996690000000000146e+04	0.000000000000000000e+00	0.000000000000000000e+00	2.380443739127781067e-01	0.000000000000000000e+00
-2.996686999999999898e+04	0.000000000000000000e+00	0.000000000000000000e+00	2.316354869228186841e-01	0.000000000000000000e+00
-2.996684000000000015e+04	0.000000000000000000e+00	0.000000000000000000e+00	2.212591937009796561e-01	0.000000000000000000e+00
-2.996681999999999971e+04	0.000000000000000000e+00	0.000000000000000000e+00	2.194280831324198211e-01	0.000000000000000000e+00
-2.996679000000000087e+04	0.000000000000000000e+00	0.000000000000000000e+00	2.233954893642994544e-01	0.000000000000000000e+00
-2.996675999999999840e+04	0.000000000000000000e+00	0.000000000000000000e+00	2.179021576586199493e-01	0.000000000000000000e+00
-2.996674000000000160e+04	0.000000000000000000e+00	0.000000000000000000e+00	2.240058595538193809e-01	0.000000000000000000e+00
-2.996670999999999913e+04	0.000000000000000000e+00	0.000000000000000000e+00	2.209540086062196651e-01	0.000000000000000000e+00
-2.996668999999999869e+04	0.000000000000000000e+00	0.000000000000000000e+00	2.252265999328592894e-01	0.000000000000000000e+00
-2.996666999999999825e+04	0.000000000000000000e+00	0.000000000000000000e+00	2.182073427533799126e-01	0.000000000000000000e+00
-2.996665000000000146e+04	0.000000000000000000e+00	0.000000000000000000e+00	2.209540086062196651e-01	0.000000000000000000e+00
-2.996663000000000102e+04	0.000000000000000000e+00	0.000000000000000000e+00	2.136295663319803528e-01	0.000000000000000000e+00
-2.996661000000000058e+04	0.000000000000000000e+00	0.000000000000000000e+00	2.203436384166997386e-01	0.000000000000000000e+00
-2.996659000000000015e+04	0.000000000000000000e+00	0.000000000000000000e+00	2.145451216162602703e-01	0.000000000000000000e+00
-2.996656999999999971e+04	0.000000000000000000e+00	0.000000000000000000e+00	2.163762321848201053e-01	0.000000000000000000e+00
-2.996654999999999927e+04	0.000000000000000000e+00	0.000000000000000000e+00	2.139347514267403161e-01	0.000000000000000000e+00
-2.996652999999999884e+04	0.000000000000000000e+00	0.000000000000000000e+00	2.099673451948606828e-01	0.000000000000000000e+00
-2.996650000000000000e+04	0.000000000000000000e+00	0.000000000000000000e+00	2.157658619953001511e-01	0.000000000000000000e+00
-2.996647000000000116e+04	0.000000000000000000e+00	0.000000000000000000e+00	2.078310495315408846e-01	0.000000000000000000e+00
-2.996645000000000073e+04	0.000000000000000000e+00	0.000000000000000000e+00	2.069154942472609671e-01	0.000000000000000000e+00
-2.996641999999999825e+04	0.000000000000000000e+00	0.000000000000000000e+00	2.066103091525010038e-01	0.000000000000000000e+00
-2.996638999999999942e+04	0.000000000000000000e+00	0.000000000000000000e+00	2.105777153843806371e-01	0.000000000000000000e+00
-2.996636999999999898e+04	0.000000000000000000e+00	0.000000000000000000e+00	2.026429029206213706e-01	0.000000000000000000e+00
-2.996634000000000015e+04	0.000000000000000000e+00	0.000000000000000000e+00	2.053895687734610953e-01	0.000000000000000000e+00
-2.996631000000000131e+04	0.000000000000000000e+00	0.000000000000000000e+00	2.002014221625415813e-01	0.000000000000000000e+00
-2.996627999999999884e+04	0.000000000000000000e+00	0.000000000000000000e+00	2.020325327311014163e-01	0.000000000000000000e+00
-2.996625000000000000e+04	0.000000000000000000e+00	0.000000000000000000e+00	2.005066072573015445e-01	0.000000000000000000e+00
-2.996622999999999956e+04	0.000000000000000000e+00	0.000000000000000000e+00	1.983703115939817463e-01	0.000000000000000000e+00
-2.996620999999999913e+04	0.000000000000000000e+00	0.000000000000000000e+00	2.066103091525010038e-01	0.000000000000000000e+00
-2.996618999999999869e+04	0.000000000000000000e+00	0.000000000000000000e+00	2.020325327311014163e-01	0.000000000000000000e+00
-2.996616999999999825e+04	0.000000000000000000e+00	0.000000000000000000e+00	1.971495712149418655e-01	0.000000000000000000e+00
-2.996615000000000146e+04	0.000000000000000000e+00	0.000000000000000000e+00	1.968443861201819023e-01	0.000000000000000000e+00
-2.996613000000000102e+04	0.000000000000000000e+00	0.000000000000000000e+00	1.953184606463820305e-01	0.000000000000000000e+00
-2.996611999999999898e+04	0.000000000000000000e+00	0.000000000000000000e+00	1.959288308359019848e-01	0.000000000000000000e+00
-2.996609000000000015e+04	0.000000000000000000e+00	0.000000000000000000e+00	1.965392010254219113e-01	0.000000000000000000e+00
-2.996608000000000175e+04	0.000000000000000000e+00	0.000000000000000000e+00	1.989806817835017005e-01	0.000000000000000000e+00
-2.996604999999999927e+04	0.000000000000000000e+00	0.000000000000000000e+00	1.959288308359019848e-01	0.000000000000000000e+00
-2.996602999999999884e+04	0.000000000000000000e+00	0.000000000000000000e+00	1.968443861201819023e-01	0.000000000000000000e+00
-2.996600000000000000e+04	0.000000000000000000e+00	0.000000000000000000e+00	1.959288308359019848e-01	0.000000000000000000e+00
-2.996597999999999956e+04	0.000000000000000000e+00	0.000000000000000000e+00	1.910458693197424340e-01	0.000000000000000000e+00
-2.996595000000000073e+04	0.000000000000000000e+00	0.000000000000000000e+00	2.044740134891811778e-01	0.000000000000000000e+00
-2.996591999999999825e+04	0.000000000000000000e+00	0.000000000000000000e+00	1.928769798883022690e-01	0.000000000000000000e+00
-2.996590000000000146e+04	0.000000000000000000e+00	0.000000000000000000e+00	1.956236457411419938e-01	0.000000000000000000e+00
-2.996586999999999898e+04	0.000000000000000000e+00	0.000000000000000000e+00	1.971495712149418655e-01	0.000000000000000000e+00
-2.996584999999999854e+04	0.000000000000000000e+00	0.000000000000000000e+00	1.937925351725821588e-01	0.000000000000000000e+00
-2.996581999999999971e+04	0.000000000000000000e+00	0.000000000000000000e+00	1.742606891079439557e-01	0.000000000000000000e+00
-2.996579000000000087e+04	0.000000000000000000e+00	0.000000000000000000e+00	1.873836481826227640e-01	0.000000000000000000e+00
-2.996577000000000044e+04	0.000000000000000000e+00	0.000000000000000000e+00	1.831110568559831675e-01	0.000000000000000000e+00
-2.996574000000000160e+04	0.000000000000000000e+00	0.000000000000000000e+00	1.843317972350230483e-01	0.000000000000000000e+00
-2.996572000000000116e+04	0.000000000000000000e+00	0.000000000000000000e+00	1.895199438459425623e-01	0.000000000000000000e+00
-2.996568999999999869e+04	0.000000000000000000e+00	0.000000000000000000e+00	1.840266121402630572e-01	0.000000000000000000e+00
-2.996565999999999985e+04	0.000000000000000000e+00	0.000000000000000000e+00	1.770073549607837082e-01	0.000000000000000000e+00
-2.996563000000000102e+04	0.000000000000000000e+00	0.000000000000000000e+00	1.791436506241035065e-01	0.000000000000000000e+00
-2.996559999999999854e+04	0.000000000000000000e+00	0.000000000000000000e+00	1.770073549607837082e-01	0.000000000000000000e+00
-2.996556999999999971e+04	0.000000000000000000e+00	0.000000000000000000e+00	1.767021698660237450e-01	0.000000000000000000e+00
-2.996554999999999927e+04	0.000000000000000000e+00	0.000000000000000000e+00	1.812799462874233325e-01	0.000000000000000000e+00
-2.996552000000000044e+04	0.000000000000000000e+00	0.000000000000000000e+00	1.748710592974639100e-01	0.000000000000000000e+00
-2.996550000000000000e+04	0.000000000000000000e+00	0.000000000000000000e+00	1.791436506241035065e-01	0.000000000000000000e+00
-2.996547000000000116e+04	0.000000000000000000e+00	0.000000000000000000e+00	1.745658742027039467e-01	0.000000000000000000e+00
-2.996545000000000073e+04	0.000000000000000000e+00	0.000000000000000000e+00	1.651051362651448084e-01	0.000000000000000000e+00
-2.996541999999999825e+04	0.000000000000000000e+00	0.000000000000000000e+00	1.760917996765037907e-01	0.000000000000000000e+00
-2.996540000000000146e+04	0.000000000000000000e+00	0.000000000000000000e+00	1.757866145817438275e-01	0.000000000000000000e+00
-2.996536999999999898e+04	0.000000000000000000e+00	0.000000000000000000e+00	1.757866145817438275e-01	0.000000000000000000e+00
-2.996536000000000058e+04	0.000000000000000000e+00	0.000000000000000000e+00	1.831110568559831675e-01	0.000000000000000000e+00
-2.996531999999999971e+04	0.000000000000000000e+00	0.000000000000000000e+00	1.754814294869838642e-01	0.000000000000000000e+00
-2.996529000000000087e+04	0.000000000000000000e+00	0.000000000000000000e+00	1.715140232551042310e-01	0.000000000000000000e+00
-2.996525999999999840e+04	0.000000000000000000e+00	0.000000000000000000e+00	1.678518021179845610e-01	0.000000000000000000e+00
-2.996522999999999956e+04	0.000000000000000000e+00	0.000000000000000000e+00	1.693777275917844050e-01	0.000000000000000000e+00
-2.996520999999999913e+04	0.000000000000000000e+00	0.000000000000000000e+00	1.629688406018250102e-01	0.000000000000000000e+00
-2.996518000000000029e+04	0.000000000000000000e+00	0.000000000000000000e+00	1.623584704123050559e-01	0.000000000000000000e+00
-2.996515999999999985e+04	0.000000000000000000e+00	0.000000000000000000e+00	1.623584704123050559e-01	0.000000000000000000e+00
-2.996513000000000102e+04	0.000000000000000000e+00	0.000000000000000000e+00	1.629688406018250102e-01	0.000000000000000000e+00
-2.996509999999999854e+04	0.000000000000000000e+00	0.000000000000000000e+00	1.559495834223456612e-01	0.000000000000000000e+00
-2.996506999999999971e+04	0.000000000000000000e+00	0.000000000000000000e+00	1.532029175695059087e-01	0.000000000000000000e+00
-2.996504999999999927e+04	0.000000000000000000e+00	0.000000000000000000e+00	1.632740256965849734e-01	0.000000000000000000e+00
-2.996502000000000044e+04	0.000000000000000000e+00	0.000000000000000000e+00	1.626636555070650469e-01	0.000000000000000000e+00
-2.996500000000000000e+04	0.000000000000000000e+00	0.000000000000000000e+00	1.568651387066255787e-01	0.000000000000000000e+00
-2.996497999999999956e+04	0.000000000000000000e+00	0.000000000000000000e+00	1.547288430433057527e-01	0.000000000000000000e+00
-2.996493999999999869e+04	0.000000000000000000e+00	0.000000000000000000e+00	1.580858790856654594e-01	0.000000000000000000e+00
-2.996490000000000146e+04	0.000000000000000000e+00	0.000000000000000000e+00	1.559495834223456612e-01	0.000000000000000000e+00
-2.996486999999999898e+04	0.000000000000000000e+00	0.000000000000000000e+00	1.382488479262672931e-01	0.000000000000000000e+00
-2.996481999999999971e+04	0.000000000000000000e+00	0.000000000000000000e+00	1.532029175695059087e-01	0.000000000000000000e+00
-2.996477999999999884e+04	0.000000000000000000e+00	0.000000000000000000e+00	1.562547685171056244e-01	0.000000000000000000e+00
-2.996472999999999956e+04	0.000000000000000000e+00	0.000000000000000000e+00	1.559495834223456612e-01	0.000000000000000000e+00
-2.996470000000000073e+04	0.000000000000000000e+00	0.000000000000000000e+00	1.474044007690664404e-01	0.000000000000000000e+00
-2.996468000000000029e+04	0.000000000000000000e+00	0.000000000000000000e+00	1.431318094424268439e-01	0.000000000000000000e+00
-2.996465999999999985e+04	0.000000000000000000e+00	0.000000000000000000e+00	1.440473647267067614e-01	0.000000000000000000e+00
-2.996461999999999898e+04	0.000000000000000000e+00	0.000000000000000000e+00	1.510666219061861104e-01	0.000000000000000000e+00
-2.996459000000000015e+04	0.000000000000000000e+00	0.000000000000000000e+00	1.467940305795464861e-01	0.000000000000000000e+00
-2.996458000000000175e+04	0.000000000000000000e+00	0.000000000000000000e+00	1.416058839686269721e-01	0.000000000000000000e+00
-2.996454999999999927e+04	0.000000000000000000e+00	0.000000000000000000e+00	1.434369945371868071e-01	0.000000000000000000e+00
-2.996450999999999840e+04	0.000000000000000000e+00	0.000000000000000000e+00	1.406903286843470546e-01	0.000000000000000000e+00
-2.996447999999999956e+04	0.000000000000000000e+00	0.000000000000000000e+00	1.403851435895870914e-01	0.000000000000000000e+00
-2.996445999999999913e+04	0.000000000000000000e+00	0.000000000000000000e+00	1.431318094424268439e-01	0.000000000000000000e+00
-2.996443999999999869e+04	0.000000000000000000e+00	0.000000000000000000e+00	1.434369945371868071e-01	0.000000000000000000e+00
-2.996440999999999985e+04	0.000000000000000000e+00	0.000000000000000000e+00	1.367229224524674214e-01	0.000000000000000000e+00
-2.996438999999999942e+04	0.000000000000000000e+00	0.000000000000000000e+00	1.431318094424268439e-01	0.000000000000000000e+00
-2.996436000000000058e+04	0.000000000000000000e+00	0.000000000000000000e+00	1.406903286843470546e-01	0.000000000000000000e+00
-2.996433000000000175e+04	0.000000000000000000e+00	0.000000000000000000e+00	1.428266243476668529e-01	0.000000000000000000e+00
-2.996431000000000131e+04	0.000000000000000000e+00	0.000000000000000000e+00	1.419110690633869354e-01	0.000000000000000000e+00
-2.996427999999999884e+04	0.000000000000000000e+00	0.000000000000000000e+00	1.339762565996276689e-01	0.000000000000000000e+00
-2.996425000000000000e+04	0.000000000000000000e+00	0.000000000000000000e+00	1.321451460310678339e-01	0.000000000000000000e+00
-2.996422000000000116e+04	0.000000000000000000e+00	0.000000000000000000e+00	1.293984801782281091e-01	0.000000000000000000e+00
-2.996420000000000073e+04	0.000000000000000000e+00	0.000000000000000000e+00	1.385540330210272564e-01	0.000000000000000000e+00
-2.996416999999999825e+04	0.000000000000000000e+00	0.000000000000000000e+00	1.272621845149082831e-01	0.000000000000000000e+00
-2.996413999999999942e+04	0.000000000000000000e+00	0.000000000000000000e+00	1.297036652729880724e-01	0.000000000000000000e+00
-2.996411999999999898e+04	0.000000000000000000e+00	0.000000000000000000e+00	1.324503311258278249e-01	0.000000000000000000e+00
-2.996409000000000015e+04	0.000000000000000000e+00	0.000000000000000000e+00	1.297036652729880724e-01	0.000000000000000000e+00
-2.996406000000000131e+04	0.000000000000000000e+00	0.000000000000000000e+00	1.297036652729880724e-01	0.000000000000000000e+00
-2.996402999999999884e+04	0.000000000000000000e+00	0.000000000000000000e+00	1.269569994201483198e-01	0.000000000000000000e+00
-2.996400000000000000e+04	0.000000000000000000e+00	0.000000000000000000e+00	1.297036652729880724e-01	0.000000000000000000e+00
-2.996397000000000116e+04	0.000000000000000000e+00	0.000000000000000000e+00	1.388592181157872196e-01	0.000000000000000000e+00
-2.996393000000000029e+04	0.000000000000000000e+00	0.000000000000000000e+00	1.364177373577074581e-01	0.000000000000000000e+00
-2.996390000000000146e+04	0.000000000000000000e+00	0.000000000000000000e+00	1.315347758415479074e-01	0.000000000000000000e+00
-2.996386999999999898e+04	0.000000000000000000e+00	0.000000000000000000e+00	1.263466292306283656e-01	0.000000000000000000e+00
-2.996383000000000175e+04	0.000000000000000000e+00	0.000000000000000000e+00	1.107821893978698097e-01	0.000000000000000000e+00
-2.996379999999999927e+04	0.000000000000000000e+00	0.000000000000000000e+00	1.174962614825891954e-01	0.000000000000000000e+00
-2.996377999999999884e+04	0.000000000000000000e+00	0.000000000000000000e+00	1.208532975249488883e-01	0.000000000000000000e+00
-2.996375999999999840e+04	0.000000000000000000e+00	0.000000000000000000e+00	1.184118167668691129e-01	0.000000000000000000e+00
-2.996374000000000160e+04	0.000000000000000000e+00	0.000000000000000000e+00	1.193273720511490166e-01	0.000000000000000000e+00
-2.996372000000000116e+04	0.000000000000000000e+00	0.000000000000000000e+00	1.181066316721091358e-01	0.000000000000000000e+00
-2.996368999999999869e+04	0.000000000000000000e+00	0.000000000000000000e+00	1.211584826197088516e-01	0.000000000000000000e+00
-2.996365000000000146e+04	0.000000000000000000e+00	0.000000000000000000e+00	1.242103335673085673e-01	0.000000000000000000e+00
-2.996363000000000102e+04	0.000000000000000000e+00	0.000000000000000000e+00	1.229895931882686866e-01	0.000000000000000000e+00
-2.996361000000000058e+04	0.000000000000000000e+00	0.000000000000000000e+00	1.303140354625079989e-01	0.000000000000000000e+00
-2.996359000000000015e+04	0.000000000000000000e+00	0.000000000000000000e+00	1.156651509140293604e-01	0.000000000000000000e+00
-2.996356999999999971e+04	0.000000000000000000e+00	0.000000000000000000e+00	1.159703360087893376e-01	0.000000000000000000e+00
-2.996356000000000131e+04	0.000000000000000000e+00	0.000000000000000000e+00	1.208532975249488883e-01	0.000000000000000000e+00
-2.996354000000000087e+04	0.000000000000000000e+00	0.000000000000000000e+00	1.217688528092287920e-01	0.000000000000000000e+00
-2.996350999999999840e+04	0.000000000000000000e+00	0.000000000000000000e+00	1.116977446821497272e-01	0.000000000000000000e+00
-2.996347999999999956e+04	0.000000000000000000e+00	0.000000000000000000e+00	1.126132999664296447e-01	0.000000000000000000e+00
-2.996345000000000073e+04	0.000000000000000000e+00	0.000000000000000000e+00	1.083407086397900343e-01	0.000000000000000000e+00
-2.996343999999999869e+04	0.000000000000000000e+00	0.000000000000000000e+00	1.382488479262672931e-01	0.000000000000000000e+00
-2.996341999999999825e+04	0.000000000000000000e+00	0.000000000000000000e+00	1.138340403454695254e-01	0.000000000000000000e+00
-2.996340000000000146e+04	0.000000000000000000e+00	0.000000000000000000e+00	1.101718192083498693e-01	0.000000000000000000e+00
-2.996336000000000058e+04	0.000000000000000000e+00	0.000000000000000000e+00	1.132236701559495851e-01	0.000000000000000000e+00
-2.996334000000000015e+04	0.000000000000000000e+00	0.000000000000000000e+00	1.174962614825891954e-01	0.000000000000000000e+00
-2.996333000000000175e+04	0.000000000000000000e+00	0.000000000000000000e+00	1.123081148716696676e-01	0.000000000000000000e+00
-2.996331000000000131e+04	0.000000000000000000e+00	0.000000000000000000e+00	1.138340403454695254e-01	0.000000000000000000e+00
-2.996327999999999884e+04	0.000000000000000000e+00	0.000000000000000000e+00	1.184118167668691129e-01	0.000000000000000000e+00
-2.996325000000000000e+04	0.000000000000000000e+00	0.000000000000000000e+00	1.153599658192693833e-01	0.000000000000000000e+00
-2.996322000000000116e+04	0.000000000000000000e+00	0.000000000000000000e+00	1.150547807245094201e-01	0.000000000000000000e+00
-2.996320000000000073e+04	0.000000000000000000e+00	0.000000000000000000e+00	1.095614490188299150e-01	0.000000000000000000e+00
-2.996316999999999825e+04	0.000000000000000000e+00	0.000000000000000000e+00	1.113925595873897501e-01	0.000000000000000000e+00
-2.996315999999999985e+04	0.000000000000000000e+00	0.000000000000000000e+00	1.083407086397900343e-01	0.000000000000000000e+00
-2.996313999999999942e+04	0.000000000000000000e+00	0.000000000000000000e+00	1.077303384502700939e-01	0.000000000000000000e+00
-2.996311999999999898e+04	0.000000000000000000e+00	0.000000000000000000e+00	1.174962614825891954e-01	0.000000000000000000e+00
-2.996309999999999854e+04	0.000000000000000000e+00	0.000000000000000000e+00	1.187170018616290762e-01	0.000000000000000000e+00
-2.996308000000000175e+04	0.000000000000000000e+00	0.000000000000000000e+00	1.113925595873897501e-01	0.000000000000000000e+00
-2.996304999999999927e+04	0.000000000000000000e+00	0.000000000000000000e+00	1.068147831659901764e-01	0.000000000000000000e+00
-2.996302999999999884e+04	0.000000000000000000e+00	0.000000000000000000e+00	9.826960051271095564e-02	0.000000000000000000e+00
-2.996300000000000000e+04	0.000000000000000000e+00	0.000000000000000000e+00	1.034577471236304835e-01	0.000000000000000000e+00
-2.996297999999999956e+04	0.000000000000000000e+00	0.000000000000000000e+00	1.104770043031098326e-01	0.000000000000000000e+00
-2.996295999999999913e+04	0.000000000000000000e+00	0.000000000000000000e+00	1.086458937345500114e-01	0.000000000000000000e+00
-2.996293999999999869e+04	0.000000000000000000e+00	0.000000000000000000e+00	1.040681173131504239e-01	0.000000000000000000e+00
-2.996291999999999825e+04	0.000000000000000000e+00	0.000000000000000000e+00	1.077303384502700939e-01	0.000000000000000000e+00
-2.996290999999999985e+04	0.000000000000000000e+00	0.000000000000000000e+00	1.077303384502700939e-01	0.000000000000000000e+00
-2.996288999999999942e+04	0.000000000000000000e+00	0.000000000000000000e+00	1.062044129764702360e-01	0.000000000000000000e+00
-2.996286999999999898e+04	0.000000000000000000e+00	0.000000000000000000e+00	9.826960051271095564e-02	0.000000000000000000e+00
-2.996284000000000015e+04	0.000000000000000000e+00	0.000000000000000000e+00	9.552293465987121701e-02	0.000000000000000000e+00
-2.996283000000000175e+04	0.000000000000000000e+00	0.000000000000000000e+00	9.704886013367107489e-02	0.000000000000000000e+00
-2.996281000000000131e+04	0.000000000000000000e+00	0.000000000000000000e+00	9.918515579699087314e-02	0.000000000000000000e+00
-2.996279000000000087e+04	0.000000000000000000e+00	0.000000000000000000e+00	9.887997070223090990e-02	0.000000000000000000e+00
-2.996275000000000000e+04	0.000000000000000000e+00	0.000000000000000000e+00	1.043733024079104010e-01	0.000000000000000000e+00
-2.996270999999999913e+04	0.000000000000000000e+00	0.000000000000000000e+00	9.979552598651081352e-02	0.000000000000000000e+00
-2.996268999999999869e+04	0.000000000000000000e+00	0.000000000000000000e+00	1.013214514603106853e-01	0.000000000000000000e+00
-2.996265999999999985e+04	0.000000000000000000e+00	0.000000000000000000e+00	1.019318216498306257e-01	0.000000000000000000e+00
-2.996263999999999942e+04	0.000000000000000000e+00	0.000000000000000000e+00	1.174962614825891954e-01	0.000000000000000000e+00
-2.996261999999999898e+04	0.000000000000000000e+00	0.000000000000000000e+00	1.101718192083498693e-01	0.000000000000000000e+00
-2.996259999999999854e+04	0.000000000000000000e+00	0.000000000000000000e+00	1.016266365550706485e-01	0.000000000000000000e+00
-2.996258000000000175e+04	0.000000000000000000e+00	0.000000000000000000e+00	9.674367503891109776e-02	0.000000000000000000e+00
-2.996256999999999971e+04	0.000000000000000000e+00	0.000000000000000000e+00	9.949034089175085027e-02	0.000000000000000000e+00
-2.996254999999999927e+04	0.000000000000000000e+00	0.000000000000000000e+00	9.704886013367107489e-02	0.000000000000000000e+00
-2.996252000000000044e+04	0.000000000000000000e+00	0.000000000000000000e+00	9.491256447035126276e-02	0.000000000000000000e+00
-2.996249000000000160e+04	0.000000000000000000e+00	0.000000000000000000e+00	9.826960051271095564e-02	0.000000000000000000e+00
-2.996245999999999913e+04	0.000000000000000000e+00	0.000000000000000000e+00	9.826960051271095564e-02	0.000000000000000000e+00
-2.996243000000000029e+04	0.000000000000000000e+00	0.000000000000000000e+00	9.460737937559129951e-02	0.000000000000000000e+00
-2.996240000000000146e+04	0.000000000000000000e+00	0.000000000000000000e+00	8.911404766991180837e-02	0.000000000000000000e+00
-2.996236999999999898e+04	0.000000000000000000e+00	0.000000000000000000e+00	1.019318216498306257e-01	0.000000000000000000e+00
-2.996234999999999854e+04	0.000000000000000000e+00	0.000000000000000000e+00	8.575701162755211548e-02	0.000000000000000000e+00
-2.996234000000000015e+04	0.000000000000000000e+00	0.000000000000000000e+00	9.765923032319101527e-02	0.000000000000000000e+00
-2.996231999999999971e+04	0.000000000000000000e+00	0.000000000000000000e+00	9.887997070223090990e-02	0.000000000000000000e+00
-2.996229999999999927e+04	0.000000000000000000e+00	0.000000000000000000e+00	9.002960295419171199e-02	0.000000000000000000e+00
-2.996227000000000044e+04	0.000000000000000000e+00	0.000000000000000000e+00	8.514664143803216123e-02	0.000000000000000000e+00
-2.996225000000000000e+04	0.000000000000000000e+00	0.000000000000000000e+00	8.911404766991180837e-02	0.000000000000000000e+00
-2.996222999999999956e+04	0.000000000000000000e+00	0.000000000000000000e+00	9.063997314371166625e-02	0.000000000000000000e+00
-2.996220000000000073e+04	0.000000000000000000e+00	0.000000000000000000e+00	9.613330484939115739e-02	0.000000000000000000e+00
-2.996218000000000029e+04	0.000000000000000000e+00	0.000000000000000000e+00	9.491256447035126276e-02	0.000000000000000000e+00
-2.996215999999999985e+04	0.000000000000000000e+00	0.000000000000000000e+00	8.789330729087191374e-02	0.000000000000000000e+00
-2.996213999999999942e+04	0.000000000000000000e+00	0.000000000000000000e+00	9.155552842799158375e-02	0.000000000000000000e+00
-2.996211000000000058e+04	0.000000000000000000e+00	0.000000000000000000e+00	9.979552598651081352e-02	0.000000000000000000e+00
-2.996209000000000015e+04	0.000000000000000000e+00	0.000000000000000000e+00	8.850367748039185412e-02	0.000000000000000000e+00
-2.996206999999999971e+04	0.000000000000000000e+00	0.000000000000000000e+00	8.789330729087191374e-02	0.000000000000000000e+00
-2.996204999999999927e+04	0.000000000000000000e+00	0.000000000000000000e+00	8.423108615375225761e-02	0.000000000000000000e+00
-2.996202999999999884e+04	0.000000000000000000e+00	0.000000000000000000e+00	8.575701162755211548e-02	0.000000000000000000e+00
-2.996200999999999840e+04	0.000000000000000000e+00	0.000000000000000000e+00	8.911404766991180837e-02	0.000000000000000000e+00
-2.996199000000000160e+04	0.000000000000000000e+00	0.000000000000000000e+00	8.545182653279213836e-02	0.000000000000000000e+00
-2.996195999999999913e+04	0.000000000000000000e+00	0.000000000000000000e+00	8.239997558519242260e-02	0.000000000000000000e+00
-2.996191999999999825e+04	0.000000000000000000e+00	0.000000000000000000e+00	8.301034577471236298e-02	0.000000000000000000e+00
-2.996190000000000146e+04	0.000000000000000000e+00	0.000000000000000000e+00	8.239997558519242260e-02	0.000000000000000000e+00
-2.996188000000000102e+04	0.000000000000000000e+00	0.000000000000000000e+00	9.063997314371166625e-02	0.000000000000000000e+00
-2.996184999999999854e+04	0.000000000000000000e+00	0.000000000000000000e+00	8.697775200659199624e-02	0.000000000000000000e+00
-2.996181999999999971e+04	0.000000000000000000e+00	0.000000000000000000e+00	8.697775200659199624e-02	0.000000000000000000e+00
-2.996179999999999927e+04	0.000000000000000000e+00	0.000000000000000000e+00	7.965330973235267009e-02	0.000000000000000000e+00
-2.996177999999999884e+04	0.000000000000000000e+00	0.000000000000000000e+00	8.514664143803216123e-02	0.000000000000000000e+00
-2.996175000000000000e+04	0.000000000000000000e+00	0.000000000000000000e+00	8.697775200659199624e-02	0.000000000000000000e+00
-2.996172000000000116e+04	0.000000000000000000e+00	0.000000000000000000e+00	9.002960295419171199e-02	0.000000000000000000e+00
-2.996168000000000029e+04	0.000000000000000000e+00	0.000000000000000000e+00	8.270516067995238585e-02	0.000000000000000000e+00
-2.996165999999999985e+04	0.000000000000000000e+00	0.000000000000000000e+00	9.033478804895168912e-02	0.000000000000000000e+00
-2.996163999999999942e+04	0.000000000000000000e+00	0.000000000000000000e+00	7.873775444807275259e-02	0.000000000000000000e+00
-2.996161000000000058e+04	0.000000000000000000e+00	0.000000000000000000e+00	7.599108859523301396e-02	0.000000000000000000e+00
-2.996158000000000175e+04	0.000000000000000000e+00	0.000000000000000000e+00	7.751701406903287184e-02	0.000000000000000000e+00
-2.996154999999999927e+04	0.000000000000000000e+00	0.000000000000000000e+00	7.385479293191320183e-02	0.000000000000000000e+00
-2.996152999999999884e+04	0.000000000000000000e+00	0.000000000000000000e+00	7.385479293191320183e-02	0.000000000000000000e+00
-2.996150999999999840e+04	0.000000000000000000e+00	0.000000000000000000e+00	7.507553331095309646e-02	0.000000000000000000e+00
-2.996149000000000160e+04	0.000000000000000000e+00	0.000000000000000000e+00	6.805627613147373356e-02	0.000000000000000000e+00
-2.996147000000000116e+04	0.000000000000000000e+00	0.000000000000000000e+00	7.721182897427289471e-02	0.000000000000000000e+00
-2.996145000000000073e+04	0.000000000000000000e+00	0.000000000000000000e+00	8.789330729087191374e-02	0.000000000000000000e+00
-2.996143000000000029e+04	0.000000000000000000e+00	0.000000000000000000e+00	7.354960783715323858e-02	0.000000000000000000e+00
-2.996140999999999985e+04	0.000000000000000000e+00	0.000000000000000000e+00	7.202368236335338070e-02	0.000000000000000000e+00
-2.996138999999999942e+04	0.000000000000000000e+00	0.000000000000000000e+00	7.782219916379283509e-02	0.000000000000000000e+00
-2.996136999999999898e+04	0.000000000000000000e+00	0.000000000000000000e+00	7.660145878475295433e-02	0.000000000000000000e+00
-2.996134999999999854e+04	0.000000000000000000e+00	0.000000000000000000e+00	7.507553331095309646e-02	0.000000000000000000e+00
-2.996131999999999971e+04	0.000000000000000000e+00	0.000000000000000000e+00	7.751701406903287184e-02	0.000000000000000000e+00
-2.996131000000000131e+04	0.000000000000000000e+00	0.000000000000000000e+00	8.026367992187261047e-02	0.000000000000000000e+00
-2.996127000000000044e+04	0.000000000000000000e+00	0.000000000000000000e+00	7.751701406903287184e-02	0.000000000000000000e+00
-2.996124000000000160e+04	0.000000000000000000e+00	0.000000000000000000e+00	7.263405255287332107e-02	0.000000000000000000e+00
-2.996122000000000116e+04	0.000000000000000000e+00	0.000000000000000000e+00	7.171849726859340357e-02	0.000000000000000000e+00
-2.996120999999999913e+04	0.000000000000000000e+00	0.000000000000000000e+00	7.354960783715323858e-02	0.000000000000000000e+00
-2.996116999999999825e+04	0.000000000000000000e+00	0.000000000000000000e+00	7.446516312143315608e-02	0.000000000000000000e+00
