# Profile: 019
# Date: 2026-08-03 14:00:27
# Center X: -24959.690 um
# Center Z: -29982.800 um
# Scan axis: x2
# Profile axis: z2
# Profile range: 50 um
# Profile speed: 25 um/s
# 
# main_position	sub1_position	sub2_position	signal1	signal2
0.000000000000000000e+00	0.000000000000000000e+00	0.000000000000000000e+00	0.000000000000000000e+00	0.000000000000000000e+00
0.000000000000000000e+00	0.000000000000000000e+00	0.000000000000000000e+00	0.000000000000000000e+00	0.000000000000000000e+00
0.000000000000000000e+00	0.000000000000000000e+00	0.000000000000000000e+00	0.000000000000000000e+00	0.000000000000000000e+00
0.000000000000000000e+00	0.000000000000000000e+00	0.000000000000000000e+00	0.000000000000000000e+00	0.000000000000000000e+00
0.000000000000000000e+00	0.000000000000000000e+00	0.000000000000000000e+00	0.000000000000000000e+00	0.000000000000000000e+00
0.000000000000000000e+00	0.000000000000000000e+00	0.000000000000000000e+00	0.000000000000000000e+00	0.000000000000000000e+00
0.000000000000000000e+00	0.000000000000000000e+00	0.000000000000000000e+00	0.000000000000000000e+00	0.000000000000000000e+00
0.000000000000000000e+00	0.000000000000000000e+00	0.000000000000000000e+00	0.000000000000000000e+00	0.000000000000000000e+00
0.000000000000000000e+00	0.000000000000000000e+00	0.000000000000000000e+00	0.000000000000000000e+00	0.000000000000000000e+00
0.000000000000000000e+00	0.000000000000000000e+00	0.000000000000000000e+00	0.000000000000000000e+00	0.000000000000000000e+00
0.000000000000000000e+00	0.000000000000000000e+00	0.000000000000000000e+00	0.000000000000000000e+00	0.000000000000000000e+00
0.000000000000000000e+00	0.000000000000000000e+00	0.000000000000000000e+00	0.000000000000000000e+00	0.000000000000000000e+00
0.000000000000000000e+00	0.000000000000000000e+00	0.000000000000000000e+00	0.000000000000000000e+00	0.000000000000000000e+00
0.000000000000000000e+00	0.000000000000000000e+00	0.000000000000000000e+00	0.000000000000000000e+00	0.000000000000000000e+00
0.000000000000000000e+00	0.000000000000000000e+00	0.000000000000000000e+00	0.000000000000000000e+00	0.000000000000000000e+00
0.000000000000000000e+00	0.000000000000000000e+00	0.000000000000000000e+00	0.000000000000000000e+00	0.000000000000000000e+00
0.000000000000000000e+00	0.000000000000000000e+00	0.000000000000000000e+00	0.000000000000000000e+00	0.000000000000000000e+00
0.000000000000000000e+00	0.000000000000000000e+00	0.000000000000000000e+00	0.000000000000000000e+00	0.000000000000000000e+00
0.000000000000000000e+00	0.000000000000000000e+00	0.000000000000000000e+00	0.000000000000000000e+00	0.000000000000000000e+00
0.000000000000000000e+00	0.000000000000000000e+00	0.000000000000000000e+00	0.000000000000000000e+00	0.000000000000000000e+00
0.000000000000000000e+00	0.000000000000000000e+00	0.000000000000000000e+00	0.000000000000000000e+00	0.000000000000000000e+00
0.000000000000000000e+00	0.000000000000000000e+00	0.000000000000000000e+00	0.000000000000000000e+00	0.000000000000000000e+00
0.000000000000000000e+00	0.000000000000000000e+00	0.000000000000000000e+00	0.000000000000000000e+00	0.000000000000000000e+00
0.000000000000000000e+00	0.000000000000000000e+00	0.000000000000000000e+00	0.000000000000000000e+00	0.000000000000000000e+00
0.000000000000000000e+00	0.000000000000000000e+00	0.000000000000000000e+00	0.000000000000000000e+00	0.000000000000000000e+00
0.000000000000000000e+00	0.000000000000000000e+00	0.000000000000000000e+00	0.000000000000000000e+00	0.000000000000000000e+00
0.000000000000000000e+00	0.000000000000000000e+00	0.000000000000000000e+00	0.000000000000000000e+00	0.000000000000000000e+00
0.000000000000000000e+00	0.000000000000000000e+00	0.000000000000000000e+00	0.000000000000000000e+00	0.000000000000000000e+00
0.000000000000000000e+00	0.000000000000000000e+00	0.000000000000000000e+00	0.000000000000000000e+00	0.000000000000000000e+00
0.000000000000000000e+00	0.000000000000000000e+00	0.000000000000000000e+00	0.000000000000000000e+00	0.000000000000000000e+00
0.000000000000000000e+00	0.000000000000000000e+00	0.000000000000000000e+00	0.000000000000000000e+00	0.000000000000000000e+00
0.000000000000000000e+00	0.000000000000000000e+00	0.000000000000000000e+00	0.000000000000000000e+00	0.000000000000000000e+00
0.000000000000000000e+00	0.000000000000000000e+00	0.000000000000000000e+00	0.000000000000000000e+00	0.000000000000000000e+00
0.000000000000000000e+00	0.000000000000000000e+00	0.000000000000000000e+00	0.000000000000000000e+00	0.000000000000000000e+00
0.000000000000000000e+00	0.000000000000000000e+00	0.000000000000000000e+00	0.000000000000000000e+00	0.000000000000000000e+00
0.000000000000000000e+00	0.000000000000000000e+00	0.000000000000000000e+00	0.000000000000000000e+00	0.000000000000000000e+00
0.000000000000000000e+00	0.000000000000000000e+00	0.000000000000000000e+00	0.000000000000000000e+00	0.000000000000000000e+00
0.000000000000000000e+00	0.000000000000000000e+00	0.000000000000000000e+00	0.000000000000000000e+00	0.000000000000000000e+00
0.000000000000000000e+00	0.000000000000000000e+00	0.000000000000000000e+00	0.000000000000000000e+00	0.000000000000000000e+00
0.000000000000000000e+00	0.000000000000000000e+00	0.000000000000000000e+00	0.000000000000000000e+00	0.000000000000000000e+00
0.000000000000000000e+00	0.000000000000000000e+00	0.000000000000000000e+00	0.000000000000000000e+00	0.000000000000000000e+00
0.000000000000000000e+00	0.000000000000000000e+00	0.000000000000000000e+00	0.000000000000000000e+00	0.000000000000000000e+00
0.000000000000000000e+00	0.000000000000000000e+00	0.000000000000000000e+00	0.000000000000000000e+00	0.000000000000000000e+00
0.000000000000000000e+00	0.000000000000000000e+00	0.000000000000000000e+00	0.000000000000000000e+00	0.000000000000000000e+00
0.000000000000000000e+00	0.000000000000000000e+00	0.000000000000000000e+00	0.000000000000000000e+00	0.000000000000000000e+00
0.000000000000000000e+00	0.000000000000000000e+00	0.000000000000000000e+00	0.000000000000000000e+00	0.000000000000000000e+00
0.000000000000000000e+00	0.000000000000000000e+00	0.000000000000000000e+00	0.000000000000000000e+00	0.000000000000000000e+00
0.000000000000000000e+00	0.000000000000000000e+00	0.000000000000000000e+00	0.000000000000000000e+00	0.000000000000000000e+00
0.000000000000000000e+00	0.000000000000000000e+00	0.000000000000000000e+00	0.000000000000000000e+00	0.000000000000000000e+00
0.000000000000000000e+00	0.000000000000000000e+00	0.000000000000000000e+00	0.000000000000000000e+00	0.000000000000000000e+00
0.000000000000000000e+00	0.000000000000000000e+00	0.000000000000000000e+00	0.000000000000000000e+00	0.000000000000000000e+00
0.000000000000000000e+00	0.000000000000000000e+00	0.000000000000000000e+00	0.000000000000000000e+00	0.000000000000000000e+00
0.000000000000000000e+00	0.000000000000000000e+00	0.000000000000000000e+00	0.000000000000000000e+00	0.000000000000000000e+00
0.000000000000000000e+00	0.000000000000000000e+00	0.000000000000000000e+00	0.000000000000000000e+00	0.000000000000000000e+00
0.000000000000000000e+00	0.000000000000000000e+00	0.000000000000000000e+00	0.000000000000000000e+00	0.000000000000000000e+00
0.000000000000000000e+00	0.000000000000000000e+00	0.000000000000000000e+00	0.000000000000000000e+00	0.000000000000000000e+00
0.000000000000000000e+00	0.000000000000000000e+00	0.000000000000000000e+00	0.000000000000000000e+00	0.000000000000000000e+00
0.000000000000000000e+00	0.000000000000000000e+00	0.000000000000000000e+00	0.000000000000000000e+00	0.000000000000000000e+00
0.000000000000000000e+00	0.000000000000000000e+00	0.000000000000000000e+00	0.000000000000000000e+00	0.000000000000000000e+00
0.000000000000000000e+00	0.000000000000000000e+00	0.000000000000000000e+00	0.000000000000000000e+00	0.000000000000000000e+00
0.000000000000000000e+00	0.000000000000000000e+00	0.000000000000000000e+00	0.000000000000000000e+00	0.000000000000000000e+00
0.000000000000000000e+00	0.000000000000000000e+00	0.000000000000000000e+00	0.000000000000000000e+00	0.000000000000000000e+00
0.000000000000000000e+00	0.000000000000000000e+00	0.000000000000000000e+00	0.000000000000000000e+00	0.000000000000000000e+00
0.000000000000000000e+00	0.000000000000000000e+00	0.000000000000000000e+00	0.000000000000000000e+00	0.000000000000000000e+00
0.000000000000000000e+00	0.000000000000000000e+00	0.000000000000000000e+00	0.000000000000000000e+00	0.000000000000000000e+00
0.000000000000000000e+00	0.000000000000000000e+00	0.000000000000000000e+00	0.000000000000000000e+00	0.000000000000000000e+00
0.000000000000000000e+00	0.000000000000000000e+00	0.000000000000000000e+00	0.000000000000000000e+00	0.000000000000000000e+00
0.000000000000000000e+00	0.000000000000000000e+00	0.000000000000000000e+00	0.000000000000000000e+00	0.000000000000000000e+00
0.000000000000000000e+00	0.000000000000000000e+00	0.000000000000000000e+00	0.000000000000000000e+00	0.000000000000000000e+00
0.000000000000000000e+00	0.000000000000000000e+00	0.000000000000000000e+00	0.000000000000000000e+00	0.000000000000000000e+00
0.000000000000000000e+00	0.000000000000000000e+00	0.000000000000000000e+00	0.000000000000000000e+00	0.000000000000000000e+00
0.000000000000000000e+00	0.000000000000000000e+00	0.000000000000000000e+00	0.000000000000000000e+00	0.000000000000000000e+00
0.000000000000000000e+00	0.000000000000000000e+00	0.000000000000000000e+00	0.000000000000000000e+00	0.000000000000000000e+00
0.000000000000000000e+00	0.000000000000000000e+00	0.000000000000000000e+00	0.000000000000000000e+00	0.000000000000000000e+00
0.000000000000000000e+00	0.000000000000000000e+00	0.000000000000000000e+00	0.000000000000000000e+00	0.000000000000000000e+00
0.000000000000000000e+00	0.000000000000000000e+00	0.000000000000000000e+00	0.000000000000000000e+00	0.000000000000000000e+00
0.000000000000000000e+00	0.000000000000000000e+00	0.000000000000000000e+00	0.000000000000000000e+00	0.000000000000000000e+00
0.000000000000000000e+00	0.000000000000000000e+00	0.000000000000000000e+00	0.000000000000000000e+00	0.000000000000000000e+00
0.000000000000000000e+00	0.000000000000000000e+00	0.000000000000000000e+00	0.000000000000000000e+00	0.000000000000000000e+00
0.000000000000000000e+00	0.000000000000000000e+00	0.000000000000000000e+00	0.000000000000000000e+00	0.000000000000000000e+00
0.000000000000000000e+00	0.000000000000000000e+00	0.000000000000000000e+00	0.000000000000000000e+00	0.000000000000000000e+00
0.000000000000000000e+00	0.000000000000000000e+00	0.000000000000000000e+00	0.000000000000000000e+00	0.000000000000000000e+00
0.000000000000000000e+00	0.000000000000000000e+00	0.000000000000000000e+00	0.000000000000000000e+00	0.000000000000000000e+00
0.000000000000000000e+00	0.000000000000000000e+00	0.000000000000000000e+00	0.000000000000000000e+00	0.000000000000000000e+00
0.000000000000000000e+00	0.000000000000000000e+00	0.000000000000000000e+00	0.000000000000000000e+00	0.000000000000000000e+00
0.000000000000000000e+00	0.000000000000000000e+00	0.000000000000000000e+00	0.000000000000000000e+00	0.000000000000000000e+00
0.000000000000000000e+00	0.000000000000000000e+00	0.000000000000000000e+00	0.000000000000000000e+00	0.000000000000000000e+00
0.000000000000000000e+00	0.000000000000000000e+00	0.000000000000000000e+00	0.000000000000000000e+00	0.000000000000000000e+00
0.000000000000000000e+00	0.000000000000000000e+00	0.000000000000000000e+00	0.000000000000000000e+00	0.000000000000000000e+00
0.000000000000000000e+00	0.000000000000000000e+00	0.000000000000000000e+00	0.000000000000000000e+00	0.000000000000000000e+00
0.000000000000000000e+00	0.000000000000000000e+00	0.000000000000000000e+00	0.000000000000000000e+00	0.000000000000000000e+00
0.000000000000000000e+00	0.000000000000000000e+00	0.000000000000000000e+00	0.000000000000000000e+00	0.000000000000000000e+00
0.000000000000000000e+00	0.000000000000000000e+00	0.000000000000000000e+00	0.000000000000000000e+00	0.000000000000000000e+00
0.000000000000000000e+00	0.000000000000000000e+00	0.000000000000000000e+00	0.000000000000000000e+00	0.000000000000000000e+00
0.000000000000000000e+00	0.000000000000000000e+00	0.000000000000000000e+00	0.000000000000000000e+00	0.000000000000000000e+00
0.000000000000000000e+00	0.000000000000000000e+00	0.000000000000000000e+00	0.000000000000000000e+00	0.000000000000000000e+00
0.000000000000000000e+00	0.000000000000000000e+00	0.000000000000000000e+00	0.000000000000000000e+00	0.000000000000000000e+00
0.000000000000000000e+00	0.000000000000000000e+00	0.000000000000000000e+00	0.000000000000000000e+00	0.000000000000000000e+00
0.000000000000000000e+00	0.000000000000000000e+00	0.000000000000000000e+00	0.000000000000000000e+00	0.000000000000000000e+00
0.000000000000000000e+00	0.000000000000000000e+00	0.000000000000000000e+00	0.000000000000000000e+00	0.000000000000000000e+00
0.000000000000000000e+00	0.000000000000000000e+00	0.000000000000000000e+00	0.000000000000000000e+00	0.000000000000000000e+00
0.000000000000000000e+00	0.000000000000000000e+00	0.000000000000000000e+00	0.000000000000000000e+00	0.000000000000000000e+00
0.000000000000000000e+00	0.000000000000000000e+00	0.000000000000000000e+00	0.000000000000000000e+00	0.000000000000000000e+00
0.000000000000000000e+00	0.000000000000000000e+00	0.000000000000000000e+00	0.000000000000000000e+00	0.000000000000000000e+00
0.000000000000000000e+00	0.000000000000000000e+00	0.000000000000000000e+00	0.000000000000000000e+00	0.000000000000000000e+00
0.000000000000000000e+00	0.000000000000000000e+00	0.000000000000000000e+00	0.000000000000000000e+00	0.000000000000000000e+00
0.000000000000000000e+00	0.000000000000000000e+00	0.000000000000000000e+00	0.000000000000000000e+00	0.000000000000000000e+00
0.000000000000000000e+00	0.000000000000000000e+00	0.000000000000000000e+00	0.000000000000000000e+00	0.000000000000000000e+00
0.000000000000000000e+00	0.000000000000000000e+00	0.000000000000000000e+00	0.000000000000000000e+00	0.000000000000000000e+00
0.000000000000000000e+00	0.000000000000000000e+00	0.000000000000000000e+00	0.000000000000000000e+00	0.000000000000000000e+00
0.000000000000000000e+00	0.000000000000000000e+00	0.000000000000000000e+00	0.000000000000000000e+00	0.000000000000000000e+00
0.000000000000000000e+00	0.000000000000000000e+00	0.000000000000000000e+00	0.000000000000000000e+00	0.000000000000000000e+00
0.000000000000000000e+00	0.000000000000000000e+00	0.000000000000000000e+00	0.000000000000000000e+00	0.000000000000000000e+00
0.000000000000000000e+00	0.000000000000000000e+00	0.000000000000000000e+00	0.000000000000000000e+00	0.000000000000000000e+00
0.000000000000000000e+00	0.000000000000000000e+00	0.000000000000000000e+00	0.000000000000000000e+00	0.000000000000000000e+00
0.000000000000000000e+00	0.000000000000000000e+00	0.000000000000000000e+00	0.000000000000000000e+00	0.000000000000000000e+00
0.000000000000000000e+00	0.000000000000000000e+00	0.000000000000000000e+00	0.000000000000000000e+00	0.000000000000000000e+00
0.000000000000000000e+00	0.000000000000000000e+00	0.000000000000000000e+00	0.000000000000000000e+00	0.000000000000000000e+00
0.000000000000000000e+00	0.000000000000000000e+00	0.000000000000000000e+00	0.000000000000000000e+00	0.000000000000000000e+00
0.000000000000000000e+00	0.000000000000000000e+00	0.000000000000000000e+00	0.000000000000000000e+00	0.000000000000000000e+00
0.000000000000000000e+00	0.000000000000000000e+00	0.000000000000000000e+00	0.000000000000000000e+00	0.000000000000000000e+00
0.000000000000000000e+00	0.000000000000000000e+00	0.000000000000000000e+00	0.000000000000000000e+00	0.000000000000000000e+00
0.000000000000000000e+00	0.000000000000000000e+00	0.000000000000000000e+00	0.000000000000000000e+00	0.000000000000000000e+00
0.000000000000000000e+00	0.000000000000000000e+00	0.000000000000000000e+00	0.000000000000000000e+00	0.000000000000000000e+00
0.000000000000000000e+00	0.000000000000000000e+00	0.000000000000000000e+00	0.000000000000000000e+00	0.000000000000000000e+00
0.000000000000000000e+00	0.000000000000000000e+00	0.000000000000000000e+00	0.000000000000000000e+00	0.000000000000000000e+00
0.000000000000000000e+00	0.000000000000000000e+00	0.000000000000000000e+00	0.000000000000000000e+00	0.000000000000000000e+00
0.000000000000000000e+00	0.000000000000000000e+00	0.000000000000000000e+00	0.000000000000000000e+00	0.000000000000000000e+00
0.000000000000000000e+00	0.000000000000000000e+00	0.000000000000000000e+00	0.000000000000000000e+00	0.000000000000000000e+00
0.000000000000000000e+00	0.000000000000000000e+00	0.000000000000000000e+00	0.000000000000000000e+00	0.000000000000000000e+00
0.000000000000000000e+00	0.000000000000000000e+00	0.000000000000000000e+00	0.000000000000000000e+00	0.000000000000000000e+00
0.000000000000000000e+00	0.000000000000000000e+00	0.000000000000000000e+00	0.000000000000000000e+00	0.000000000000000000e+00
0.000000000000000000e+00	0.000000000000000000e+00	0.000000000000000000e+00	0.000000000000000000e+00	0.000000000000000000e+00
0.000000000000000000e+00	0.000000000000000000e+00	0.000000000000000000e+00	0.000000000000000000e+00	0.000000000000000000e+00
0.000000000000000000e+00	0.000000000000000000e+00	0.000000000000000000e+00	0.000000000000000000e+00	0.000000000000000000e+00
0.000000000000000000e+00	0.000000000000000000e+00	0.000000000000000000e+00	0.000000000000000000e+00	0.000000000000000000e+00
0.000000000000000000e+00	0.000000000000000000e+00	0.000000000000000000e+00	0.000000000000000000e+00	0.000000000000000000e+00
0.000000000000000000e+00	0.000000000000000000e+00	0.000000000000000000e+00	0.000000000000000000e+00	0.000000000000000000e+00
0.000000000000000000e+00	0.000000000000000000e+00	0.000000000000000000e+00	0.000000000000000000e+00	0.000000000000000000e+00
0.000000000000000000e+00	0.000000000000000000e+00	0.000000000000000000e+00	0.000000000000000000e+00	0.000000000000000000e+00
0.000000000000000000e+00	0.000000000000000000e+00	0.000000000000000000e+00	0.000000000000000000e+00	0.000000000000000000e+00
0.000000000000000000e+00	0.000000000000000000e+00	0.000000000000000000e+00	0.000000000000000000e+00	0.000000000000000000e+00
0.000000000000000000e+00	0.000000000000000000e+00	0.000000000000000000e+00	0.000000000000000000e+00	0.000000000000000000e+00
0.000000000000000000e+00	0.000000000000000000e+00	0.000000000000000000e+00	0.000000000000000000e+00	0.000000000000000000e+00
0.000000000000000000e+00	0.000000000000000000e+00	0.000000000000000000e+00	0.000000000000000000e+00	0.000000000000000000e+00
0.000000000000000000e+00	0.000000000000000000e+00	0.000000000000000000e+00	0.000000000000000000e+00	0.000000000000000000e+00
0.000000000000000000e+00	0.000000000000000000e+00	0.000000000000000000e+00	0.000000000000000000e+00	0.000000000000000000e+00
0.000000000000000000e+00	0.000000000000000000e+00	0.000000000000000000e+00	0.000000000000000000e+00	0.000000000000000000e+00
0.000000000000000000e+00	0.000000000000000000e+00	0.000000000000000000e+00	0.000000000000000000e+00	0.000000000000000000e+00
0.000000000000000000e+00	0.000000000000000000e+00	0.000000000000000000e+00	0.000000000000000000e+00	0.000000000000000000e+00
0.000000000000000000e+00	0.000000000000000000e+00	0.000000000000000000e+00	0.000000000000000000e+00	0.000000000000000000e+00
0.000000000000000000e+00	0.000000000000000000e+00	0.000000000000000000e+00	0.000000000000000000e+00	0.000000000000000000e+00
0.000000000000000000e+00	0.000000000000000000e+00	0.000000000000000000e+00	0.000000000000000000e+00	0.000000000000000000e+00
0.000000000000000000e+00	0.000000000000000000e+00	0.000000000000000000e+00	0.000000000000000000e+00	0.000000000000000000e+00
0.000000000000000000e+00	0.000000000000000000e+00	0.000000000000000000e+00	0.000000000000000000e+00	0.000000000000000000e+00
0.000000000000000000e+00	0.000000000000000000e+00	0.000000000000000000e+00	0.000000000000000000e+00	0.000000000000000000e+00
0.000000000000000000e+00	0.000000000000000000e+00	0.000000000000000000e+00	0.000000000000000000e+00	0.000000000000000000e+00
0.000000000000000000e+00	0.000000000000000000e+00	0.000000000000000000e+00	0.000000000000000000e+00	0.000000000000000000e+00
0.000000000000000000e+00	0.000000000000000000e+00	0.000000000000000000e+00	0.000000000000000000e+00	0.000000000000000000e+00
0.000000000000000000e+00	0.000000000000000000e+00	0.000000000000000000e+00	0.000000000000000000e+00	0.000000000000000000e+00
0.000000000000000000e+00	0.000000000000000000e+00	0.000000000000000000e+00	0.000000000000000000e+00	0.000000000000000000e+00
0.000000000000000000e+00	0.000000000000000000e+00	0.000000000000000000e+00	0.000000000000000000e+00	0.000000000000000000e+00
0.000000000000000000e+00	0.000000000000000000e+00	0.000000000000000000e+00	0.000000000000000000e+00	0.000000000000000000e+00
0.000000000000000000e+00	0.000000000000000000e+00	0.000000000000000000e+00	0.000000000000000000e+00	0.000000000000000000e+00
0.000000000000000000e+00	0.000000000000000000e+00	0.000000000000000000e+00	0.000000000000000000e+00	0.000000000000000000e+00
0.000000000000000000e+00	0.000000000000000000e+00	0.000000000000000000e+00	0.000000000000000000e+00	0.000000000000000000e+00
0.000000000000000000e+00	0.000000000000000000e+00	0.000000000000000000e+00	0.000000000000000000e+00	0.000000000000000000e+00
0.000000000000000000e+00	0.000000000000000000e+00	0.000000000000000000e+00	0.000000000000000000e+00	0.000000000000000000e+00
0.000000000000000000e+00	0.000000000000000000e+00	0.000000000000000000e+00	0.000000000000000000e+00	0.000000000000000000e+00
0.000000000000000000e+00	0.000000000000000000e+00	0.000000000000000000e+00	0.000000000000000000e+00	0.000000000000000000e+00
0.000000000000000000e+00	0.000000000000000000e+00	0.000000000000000000e+00	0.000000000000000000e+00	0.000000000000000000e+00
0.000000000000000000e+00	0.000000000000000000e+00	0.000000000000000000e+00	0.000000000000000000e+00	0.000000000000000000e+00
0.000000000000000000e+00	0.000000000000000000e+00	0.000000000000000000e+00	0.000000000000000000e+00	0.000000000000000000e+00
0.000000000000000000e+00	0.000000000000000000e+00	0.000000000000000000e+00	0.000000000000000000e+00	0.000000000000000000e+00
0.000000000000000000e+00	0.000000000000000000e+00	0.000000000000000000e+00	0.000000000000000000e+00	0.000000000000000000e+00
0.000000000000000000e+00	0.000000000000000000e+00	0.000000000000000000e+00	0.000000000000000000e+00	0.000000000000000000e+00
0.000000000000000000e+00	0.000000000000000000e+00	0.000000000000000000e+00	0.000000000000000000e+00	0.000000000000000000e+00
0.000000000000000000e+00	0.000000000000000000e+00	0.000000000000000000e+00	0.000000000000000000e+00	0.000000000000000000e+00
0.000000000000000000e+00	0.000000000000000000e+00	0.000000000000000000e+00	0.000000000000000000e+00	0.000000000000000000e+00
0.000000000000000000e+00	0.000000000000000000e+00	0.000000000000000000e+00	0.000000000000000000e+00	0.000000000000000000e+00
0.000000000000000000e+00	0.000000000000000000e+00	0.000000000000000000e+00	0.000000000000000000e+00	0.000000000000000000e+00
0.000000000000000000e+00	0.000000000000000000e+00	0.000000000000000000e+00	0.000000000000000000e+00	0.000000000000000000e+00
0.000000000000000000e+00	0.000000000000000000e+00	0.000000000000000000e+00	0.000000000000000000e+00	0.000000000000000000e+00
0.000000000000000000e+00	0.000000000000000000e+00	0.000000000000000000e+00	0.000000000000000000e+00	0.000000000000000000e+00
0.000000000000000000e+00	0.000000000000000000e+00	0.000000000000000000e+00	0.000000000000000000e+00	0.000000000000000000e+00
0.000000000000000000e+00	0.000000000000000000e+00	0.000000000000000000e+00	0.000000000000000000e+00	0.000000000000000000e+00
0.000000000000000000e+00	0.000000000000000000e+00	0.000000000000000000e+00	0.000000000000000000e+00	0.000000000000000000e+00
0.000000000000000000e+00	0.000000000000000000e+00	0.000000000000000000e+00	0.000000000000000000e+00	0.000000000000000000e+00
0.000000000000000000e+00	0.000000000000000000e+00	0.000000000000000000e+00	0.000000000000000000e+00	0.000000000000000000e+00
0.000000000000000000e+00	0.000000000000000000e+00	0.000000000000000000e+00	0.000000000000000000e+00	0.000000000000000000e+00
0.000000000000000000e+00	0.000000000000000000e+00	0.000000000000000000e+00	0.000000000000000000e+00	0.000000000000000000e+00
0.000000000000000000e+00	0.000000000000000000e+00	0.000000000000000000e+00	0.000000000000000000e+00	0.000000000000000000e+00
0.000000000000000000e+00	0.000000000000000000e+00	0.000000000000000000e+00	0.000000000000000000e+00	0.000000000000000000e+00
0.000000000000000000e+00	0.000000000000000000e+00	0.000000000000000000e+00	0.000000000000000000e+00	0.000000000000000000e+00
0.000000000000000000e+00	0.000000000000000000e+00	0.000000000000000000e+00	0.000000000000000000e+00	0.000000000000000000e+00
0.000000000000000000e+00	0.000000000000000000e+00	0.000000000000000000e+00	0.000000000000000000e+00	0.000000000000000000e+00
0.000000000000000000e+00	0.000000000000000000e+00	0.000000000000000000e+00	0.000000000000000000e+00	0.000000000000000000e+00
0.000000000000000000e+00	0.000000000000000000e+00	0.000000000000000000e+00	0.000000000000000000e+00	0.000000000000000000e+00
0.000000000000000000e+00	0.000000000000000000e+00	0.000000000000000000e+00	0.000000000000000000e+00	0.000000000000000000e+00
0.000000000000000000e+00	0.000000000000000000e+00	0.000000000000000000e+00	0.000000000000000000e+00	0.000000000000000000e+00
0.000000000000000000e+00	0.000000000000000000e+00	0.000000000000000000e+00	0.000000000000000000e+00	0.000000000000000000e+00
0.000000000000000000e+00	0.000000000000000000e+00	0.000000000000000000e+00	0.000000000000000000e+00	0.000000000000000000e+00
0.000000000000000000e+00	0.000000000000000000e+00	0.000000000000000000e+00	0.000000000000000000e+00	0.000000000000000000e+00
0.000000000000000000e+00	0.000000000000000000e+00	0.000000000000000000e+00	0.000000000000000000e+00	0.000000000000000000e+00
0.000000000000000000e+00	0.000000000000000000e+00	0.000000000000000000e+00	0.000000000000000000e+00	0.000000000000000000e+00
0.000000000000000000e+00	0.000000000000000000e+00	0.000000000000000000e+00	0.000000000000000000e+00	0.000000000000000000e+00
0.000000000000000000e+00	0.000000000000000000e+00	0.000000000000000000e+00	0.000000000000000000e+00	0.000000000000000000e+00
0.000000000000000000e+00	0.000000000000000000e+00	0.000000000000000000e+00	0.000000000000000000e+00	0.000000000000000000e+00
0.000000000000000000e+00	0.000000000000000000e+00	0.000000000000000000e+00	0.000000000000000000e+00	0.000000000000000000e+00
0.000000000000000000e+00	0.000000000000000000e+00	0.000000000000000000e+00	0.000000000000000000e+00	0.000000000000000000e+00
0.000000000000000000e+00	0.000000000000000000e+00	0.000000000000000000e+00	0.000000000000000000e+00	0.000000000000000000e+00
0.000000000000000000e+00	0.000000000000000000e+00	0.000000000000000000e+00	0.000000000000000000e+00	0.000000000000000000e+00
0.000000000000000000e+00	0.000000000000000000e+00	0.000000000000000000e+00	0.000000000000000000e+00	0.000000000000000000e+00
0.000000000000000000e+00	0.000000000000000000e+00	0.000000000000000000e+00	0.000000000000000000e+00	0.000000000000000000e+00
0.000000000000000000e+00	0.000000000000000000e+00	0.000000000000000000e+00	0.000000000000000000e+00	0.000000000000000000e+00
0.000000000000000000e+00	0.000000000000000000e+00	0.000000000000000000e+00	0.000000000000000000e+00	0.000000000000000000e+00
0.000000000000000000e+00	0.000000000000000000e+00	0.000000000000000000e+00	0.000000000000000000e+00	0.000000000000000000e+00
0.000000000000000000e+00	0.000000000000000000e+00	0.000000000000000000e+00	0.000000000000000000e+00	0.000000000000000000e+00
0.000000000000000000e+00	0.000000000000000000e+00	0.000000000000000000e+00	0.000000000000000000e+00	0.000000000000000000e+00
0.000000000000000000e+00	0.000000000000000000e+00	0.000000000000000000e+00	0.000000000000000000e+00	0.000000000000000000e+00
0.000000000000000000e+00	0.000000000000000000e+00	0.000000000000000000e+00	0.000000000000000000e+00	0.000000000000000000e+00
0.000000000000000000e+00	0.000000000000000000e+00	0.000000000000000000e+00	0.000000000000000000e+00	0.000000000000000000e+00
0.000000000000000000e+00	0.000000000000000000e+00	0.000000000000000000e+00	0.000000000000000000e+00	0.000000000000000000e+00
0.000000000000000000e+00	0.000000000000000000e+00	0.000000000000000000e+00	0.000000000000000000e+00	0.000000000000000000e+00
0.000000000000000000e+00	0.000000000000000000e+00	0.000000000000000000e+00	0.000000000000000000e+00	0.000000000000000000e+00
0.000000000000000000e+00	0.000000000000000000e+00	0.000000000000000000e+00	0.000000000000000000e+00	0.000000000000000000e+00
0.000000000000000000e+00	0.000000000000000000e+00	0.000000000000000000e+00	0.000000000000000000e+00	0.000000000000000000e+00
0.000000000000000000e+00	0.000000000000000000e+00	0.000000000000000000e+00	0.000000000000000000e+00	0.000000000000000000e+00
0.000000000000000000e+00	0.000000000000000000e+00	0.000000000000000000e+00	0.000000000000000000e+00	0.000000000000000000e+00
0.000000000000000000e+00	0.000000000000000000e+00	0.000000000000000000e+00	0.000000000000000000e+00	0.000000000000000000e+00
0.000000000000000000e+00	0.000000000000000000e+00	0.000000000000000000e+00	0.000000000000000000e+00	0.000000000000000000e+00
0.000000000000000000e+00	0.000000000000000000e+00	0.000000000000000000e+00	0.000000000000000000e+00	0.000000000000000000e+00
0.000000000000000000e+00	0.000000000000000000e+00	0.000000000000000000e+00	0.000000000000000000e+00	0.000000000000000000e+00
0.000000000000000000e+00	0.000000000000000000e+00	0.000000000000000000e+00	0.000000000000000000e+00	0.000000000000000000e+00
0.000000000000000000e+00	0.000000000000000000e+00	0.000000000000000000e+00	0.000000000000000000e+00	0.000000000000000000e+00
0.000000000000000000e+00	0.000000000000000000e+00	0.000000000000000000e+00	0.000000000000000000e+00	0.000000000000000000e+00
0.000000000000000000e+00	0.000000000000000000e+00	0.000000000000000000e+00	0.000000000000000000e+00	0.000000000000000000e+00
0.000000000000000000e+00	0.000000000000000000e+00	0.000000000000000000e+00	0.000000000000000000e+00	0.000000000000000000e+00
0.000000000000000000e+00	0.000000000000000000e+00	0.000000000000000000e+00	0.000000000000000000e+00	0.000000000000000000e+00
0.000000000000000000e+00	0.000000000000000000e+00	0.000000000000000000e+00	0.000000000000000000e+00	0.000000000000000000e+00
0.000000000000000000e+00	0.000000000000000000e+00	0.000000000000000000e+00	0.000000000000000000e+00	0.000000000000000000e+00
0.000000000000000000e+00	0.000000000000000000e+00	0.000000000000000000e+00	0.000000000000000000e+00	0.000000000000000000e+00
0.000000000000000000e+00	0.000000000000000000e+00	0.000000000000000000e+00	0.000000000000000000e+00	0.000000000000000000e+00
0.000000000000000000e+00	0.000000000000000000e+00	0.000000000000000000e+00	0.000000000000000000e+00	0.000000000000000000e+00
0.000000000000000000e+00	0.000000000000000000e+00	0.000000000000000000e+00	0.000000000000000000e+00	0.000000000000000000e+00
0.000000000000000000e+00	0.000000000000000000e+00	0.000000000000000000e+00	0.000000000000000000e+00	0.000000000000000000e+00
0.000000000000000000e+00	0.000000000000000000e+00	0.000000000000000000e+00	0.000000000000000000e+00	0.000000000000000000e+00
0.000000000000000000e+00	0.000000000000000000e+00	0.000000000000000000e+00	0.000000000000000000e+00	0.000000000000000000e+00
0.000000000000000000e+00	0.000000000000000000e+00	0.000000000000000000e+00	0.000000000000000000e+00	0.000000000000000000e+00
0.000000000000000000e+00	0.000000000000000000e+00	0.000000000000000000e+00	0.000000000000000000e+00	0.000000000000000000e+00
0.000000000000000000e+00	0.000000000000000000e+00	0.000000000000000000e+00	0.000000000000000000e+00	0.000000000000000000e+00
0.000000000000000000e+00	0.000000000000000000e+00	0.000000000000000000e+00	0.000000000000000000e+00	0.000000000000000000e+00
0.000000000000000000e+00	0.000000000000000000e+00	0.000000000000000000e+00	0.000000000000000000e+00	0.000000000000000000e+00
0.000000000000000000e+00	0.000000000000000000e+00	0.000000000000000000e+00	0.000000000000000000e+00	0.000000000000000000e+00
0.000000000000000000e+00	0.000000000000000000e+00	0.000000000000000000e+00	0.000000000000000000e+00	0.000000000000000000e+00
0.000000000000000000e+00	0.000000000000000000e+00	0.000000000000000000e+00	0.000000000000000000e+00	0.000000000000000000e+00
0.000000000000000000e+00	0.000000000000000000e+00	0.000000000000000000e+00	0.000000000000000000e+00	0.000000000000000000e+00
0.000000000000000000e+00	0.000000000000000000e+00	0.000000000000000000e+00	0.000000000000000000e+00	0.000000000000000000e+00
0.000000000000000000e+00	0.000000000000000000e+00	0.000000000000000000e+00	0.000000000000000000e+00	0.000000000000000000e+00
0.000000000000000000e+00	0.000000000000000000e+00	0.000000000000000000e+00	0.000000000000000000e+00	0.000000000000000000e+00
0.000000000000000000e+00	0.000000000000000000e+00	0.000000000000000000e+00	0.000000000000000000e+00	0.000000000000000000e+00
0.000000000000000000e+00	0.000000000000000000e+00	0.000000000000000000e+00	0.000000000000000000e+00	0.000000000000000000e+00
0.000000000000000000e+00	0.000000000000000000e+00	0.000000000000000000e+00	0.000000000000000000e+00	0.000000000000000000e+00
0.000000000000000000e+00	0.000000000000000000e+00	0.000000000000000000e+00	0.000000000000000000e+00	0.000000000000000000e+00
0.000000000000000000e+00	0.000000000000000000e+00	0.000000000000000000e+00	0.000000000000000000e+00	0.000000000000000000e+00
0.000000000000000000e+00	0.000000000000000000e+00	0.000000000000000000e+00	0.000000000000000000e+00	0.000000000000000000e+00
0.000000000000000000e+00	0.000000000000000000e+00	0.000000000000000000e+00	0.000000000000000000e+00	0.000000000000000000e+00
0.000000000000000000e+00	0.000000000000000000e+00	0.000000000000000000e+00	0.000000000000000000e+00	0.000000000000000000e+00
0.000000000000000000e+00	0.000000000000000000e+00	0.000000000000000000e+00	0.000000000000000000e+00	0.000000000000000000e+00
0.000000000000000000e+00	0.000000000000000000e+00	0.000000000000000000e+00	0.000000000000000000e+00	0.000000000000000000e+00
0.000000000000000000e+00	0.000000000000000000e+00	0.000000000000000000e+00	0.000000000000000000e+00	0.000000000000000000e+00
0.000000000000000000e+00	0.000000000000000000e+00	0.000000000000000000e+00	0.000000000000000000e+00	0.000000000000000000e+00
0.000000000000000000e+00	0.000000000000000000e+00	0.000000000000000000e+00	0.000000000000000000e+00	0.000000000000000000e+00
0.000000000000000000e+00	0.000000000000000000e+00	0.000000000000000000e+00	0.000000000000000000e+00	0.000000000000000000e+00
0.000000000000000000e+00	0.000000000000000000e+00	0.000000000000000000e+00	0.000000000000000000e+00	0.000000000000000000e+00
0.000000000000000000e+00	0.000000000000000000e+00	0.000000000000000000e+00	0.000000000000000000e+00	0.000000000000000000e+00
0.000000000000000000e+00	0.000000000000000000e+00	0.000000000000000000e+00	0.000000000000000000e+00	0.000000000000000000e+00
0.000000000000000000e+00	0.000000000000000000e+00	0.000000000000000000e+00	0.000000000000000000e+00	0.000000000000000000e+00
0.000000000000000000e+00	0.000000000000000000e+00	0.000000000000000000e+00	0.000000000000000000e+00	0.000000000000000000e+00
0.000000000000000000e+00	0.000000000000000000e+00	0.000000000000000000e+00	0.000000000000000000e+00	0.000000000000000000e+00
0.000000000000000000e+00	0.000000000000000000e+00	0.000000000000000000e+00	0.000000000000000000e+00	0.000000000000000000e+00
0.000000000000000000e+00	0.000000000000000000e+00	0.000000000000000000e+00	0.000000000000000000e+00	0.000000000000000000e+00
0.000000000000000000e+00	0.000000000000000000e+00	0.000000000000000000e+00	0.000000000000000000e+00	0.000000000000000000e+00
0.000000000000000000e+00	0.000000000000000000e+00	0.000000000000000000e+00	0.000000000000000000e+00	0.000000000000000000e+00
0.000000000000000000e+00	0.000000000000000000e+00	0.000000000000000000e+00	0.000000000000000000e+00	0.000000000000000000e+00
0.000000000000000000e+00	0.000000000000000000e+00	0.000000000000000000e+00	0.000000000000000000e+00	0.000000000000000000e+00
0.000000000000000000e+00	0.000000000000000000e+00	0.000000000000000000e+00	0.000000000000000000e+00	0.000000000000000000e+00
0.000000000000000000e+00	0.000000000000000000e+00	0.000000000000000000e+00	0.000000000000000000e+00	0.000000000000000000e+00
0.000000000000000000e+00	0.000000000000000000e+00	0.000000000000000000e+00	0.000000000000000000e+00	0.000000000000000000e+00
0.000000000000000000e+00	0.000000000000000000e+00	0.000000000000000000e+00	0.000000000000000000e+00	0.000000000000000000e+00
0.000000000000000000e+00	0.000000000000000000e+00	0.000000000000000000e+00	0.000000000000000000e+00	0.000000000000000000e+00
0.000000000000000000e+00	0.000000000000000000e+00	0.000000000000000000e+00	0.000000000000000000e+00	0.000000000000000000e+00
0.000000000000000000e+00	0.000000000000000000e+00	0.000000000000000000e+00	0.000000000000000000e+00	0.000000000000000000e+00
0.000000000000000000e+00	0.000000000000000000e+00	0.000000000000000000e+00	0.000000000000000000e+00	0.000000000000000000e+00
0.000000000000000000e+00	0.000000000000000000e+00	0.000000000000000000e+00	0.000000000000000000e+00	0.000000000000000000e+00
0.000000000000000000e+00	0.000000000000000000e+00	0.000000000000000000e+00	0.000000000000000000e+00	0.000000000000000000e+00
0.000000000000000000e+00	0.000000000000000000e+00	0.000000000000000000e+00	0.000000000000000000e+00	0.000000000000000000e+00
0.000000000000000000e+00	0.000000000000000000e+00	0.000000000000000000e+00	0.000000000000000000e+00	0.000000000000000000e+00
0.000000000000000000e+00	0.000000000000000000e+00	0.000000000000000000e+00	0.000000000000000000e+00	0.000000000000000000e+00
0.000000000000000000e+00	0.000000000000000000e+00	0.000000000000000000e+00	0.000000000000000000e+00	0.000000000000000000e+00
0.000000000000000000e+00	0.000000000000000000e+00	0.000000000000000000e+00	0.000000000000000000e+00	0.000000000000000000e+00
0.000000000000000000e+00	0.000000000000000000e+00	0.000000000000000000e+00	0.000000000000000000e+00	0.000000000000000000e+00
0.000000000000000000e+00	0.000000000000000000e+00	0.000000000000000000e+00	0.000000000000000000e+00	0.000000000000000000e+00
0.000000000000000000e+00	0.000000000000000000e+00	0.000000000000000000e+00	0.000000000000000000e+00	0.000000000000000000e+00
0.000000000000000000e+00	0.000000000000000000e+00	0.000000000000000000e+00	0.000000000000000000e+00	0.000000000000000000e+00
0.000000000000000000e+00	0.000000000000000000e+00	0.000000000000000000e+00	0.000000000000000000e+00	0.000000000000000000e+00
0.000000000000000000e+00	0.000000000000000000e+00	0.000000000000000000e+00	0.000000000000000000e+00	0.000000000000000000e+00
0.000000000000000000e+00	0.000000000000000000e+00	0.000000000000000000e+00	0.000000000000000000e+00	0.000000000000000000e+00
0.000000000000000000e+00	0.000000000000000000e+00	0.000000000000000000e+00	0.000000000000000000e+00	0.000000000000000000e+00
0.000000000000000000e+00	0.000000000000000000e+00	0.000000000000000000e+00	0.000000000000000000e+00	0.000000000000000000e+00
0.000000000000000000e+00	0.000000000000000000e+00	0.000000000000000000e+00	0.000000000000000000e+00	0.000000000000000000e+00
0.000000000000000000e+00	0.000000000000000000e+00	0.000000000000000000e+00	0.000000000000000000e+00	0.000000000000000000e+00
0.000000000000000000e+00	0.000000000000000000e+00	0.000000000000000000e+00	0.000000000000000000e+00	0.000000000000000000e+00
0.000000000000000000e+00	0.000000000000000000e+00	0.000000000000000000e+00	0.000000000000000000e+00	0.000000000000000000e+00
0.000000000000000000e+00	0.000000000000000000e+00	0.000000000000000000e+00	0.000000000000000000e+00	0.000000000000000000e+00
0.000000000000000000e+00	0.000000000000000000e+00	0.000000000000000000e+00	0.000000000000000000e+00	0.000000000000000000e+00
0.000000000000000000e+00	0.000000000000000000e+00	0.000000000000000000e+00	0.000000000000000000e+00	0.000000000000000000e+00
0.000000000000000000e+00	0.000000000000000000e+00	0.000000000000000000e+00	0.000000000000000000e+00	0.000000000000000000e+00
0.000000000000000000e+00	0.000000000000000000e+00	0.000000000000000000e+00	0.000000000000000000e+00	0.000000000000000000e+00
0.000000000000000000e+00	0.000000000000000000e+00	0.000000000000000000e+00	0.000000000000000000e+00	0.000000000000000000e+00
0.000000000000000000e+00	0.000000000000000000e+00	0.000000000000000000e+00	0.000000000000000000e+00	0.000000000000000000e+00
0.000000000000000000e+00	0.000000000000000000e+00	0.000000000000000000e+00	0.000000000000000000e+00	0.000000000000000000e+00
0.000000000000000000e+00	0.000000000000000000e+00	0.000000000000000000e+00	0.000000000000000000e+00	0.000000000000000000e+00
0.000000000000000000e+00	0.000000000000000000e+00	0.000000000000000000e+00	0.000000000000000000e+00	0.000000000000000000e+00
0.000000000000000000e+00	0.000000000000000000e+00	0.000000000000000000e+00	0.000000000000000000e+00	0.000000000000000000e+00
0.000000000000000000e+00	0.000000000000000000e+00	0.000000000000000000e+00	0.000000000000000000e+00	0.000000000000000000e+00
0.000000000000000000e+00	0.000000000000000000e+00	0.000000000000000000e+00	0.000000000000000000e+00	0.000000000000000000e+00
0.000000000000000000e+00	0.000000000000000000e+00	0.000000000000000000e+00	0.000000000000000000e+00	0.000000000000000000e+00
0.000000000000000000e+00	0.000000000000000000e+00	0.000000000000000000e+00	0.000000000000000000e+00	0.000000000000000000e+00
0.000000000000000000e+00	0.000000000000000000e+00	0.000000000000000000e+00	0.000000000000000000e+00	0.000000000000000000e+00
0.000000000000000000e+00	0.000000000000000000e+00	0.000000000000000000e+00	0.000000000000000000e+00	0.000000000000000000e+00
0.000000000000000000e+00	0.000000000000000000e+00	0.000000000000000000e+00	0.000000000000000000e+00	0.000000000000000000e+00
0.000000000000000000e+00	0.000000000000000000e+00	0.000000000000000000e+00	0.000000000000000000e+00	0.000000000000000000e+00
0.000000000000000000e+00	0.000000000000000000e+00	0.000000000000000000e+00	0.000000000000000000e+00	0.000000000000000000e+00
0.000000000000000000e+00	0.000000000000000000e+00	0.000000000000000000e+00	0.000000000000000000e+00	0.000000000000000000e+00
0.000000000000000000e+00	0.000000000000000000e+00	0.000000000000000000e+00	0.000000000000000000e+00	0.000000000000000000e+00
0.000000000000000000e+00	0.000000000000000000e+00	0.000000000000000000e+00	0.000000000000000000e+00	0.000000000000000000e+00
0.000000000000000000e+00	0.000000000000000000e+00	0.000000000000000000e+00	0.000000000000000000e+00	0.000000000000000000e+00
0.000000000000000000e+00	0.000000000000000000e+00	0.000000000000000000e+00	0.000000000000000000e+00	0.000000000000000000e+00
0.000000000000000000e+00	0.000000000000000000e+00	0.000000000000000000e+00	0.000000000000000000e+00	0.000000000000000000e+00
0.000000000000000000e+00	0.000000000000000000e+00	0.000000000000000000e+00	0.000000000000000000e+00	0.000000000000000000e+00
0.000000000000000000e+00	0.000000000000000000e+00	0.000000000000000000e+00	0.000000000000000000e+00	0.000000000000000000e+00
0.000000000000000000e+00	0.000000000000000000e+00	0.000000000000000000e+00	0.000000000000000000e+00	0.000000000000000000e+00
0.000000000000000000e+00	0.000000000000000000e+00	0.000000000000000000e+00	0.000000000000000000e+00	0.000000000000000000e+00
0.000000000000000000e+00	0.000000000000000000e+00	0.000000000000000000e+00	0.000000000000000000e+00	0.000000000000000000e+00
0.000000000000000000e+00	0.000000000000000000e+00	0.000000000000000000e+00	0.000000000000000000e+00	0.000000000000000000e+00
0.000000000000000000e+00	0.000000000000000000e+00	0.000000000000000000e+00	0.000000000000000000e+00	0.000000000000000000e+00
0.000000000000000000e+00	0.000000000000000000e+00	0.000000000000000000e+00	0.000000000000000000e+00	0.000000000000000000e+00
0.000000000000000000e+00	0.000000000000000000e+00	0.000000000000000000e+00	0.000000000000000000e+00	0.000000000000000000e+00
0.000000000000000000e+00	0.000000000000000000e+00	0.000000000000000000e+00	0.000000000000000000e+00	0.000000000000000000e+00
0.000000000000000000e+00	0.000000000000000000e+00	0.000000000000000000e+00	0.000000000000000000e+00	0.000000000000000000e+00
0.000000000000000000e+00	0.000000000000000000e+00	0.000000000000000000e+00	0.000000000000000000e+00	0.000000000000000000e+00
0.000000000000000000e+00	0.000000000000000000e+00	0.000000000000000000e+00	0.000000000000000000e+00	0.000000000000000000e+00
0.000000000000000000e+00	0.000000000000000000e+00	0.000000000000000000e+00	0.000000000000000000e+00	0.000000000000000000e+00
0.000000000000000000e+00	0.000000000000000000e+00	0.000000000000000000e+00	0.000000000000000000e+00	0.000000000000000000e+00
0.000000000000000000e+00	0.000000000000000000e+00	0.000000000000000000e+00	0.000000000000000000e+00	0.000000000000000000e+00
0.000000000000000000e+00	0.000000000000000000e+00	0.000000000000000000e+00	0.000000000000000000e+00	0.000000000000000000e+00
0.000000000000000000e+00	0.000000000000000000e+00	0.000000000000000000e+00	0.000000000000000000e+00	0.000000000000000000e+00
0.000000000000000000e+00	0.000000000000000000e+00	0.000000000000000000e+00	0.000000000000000000e+00	0.000000000000000000e+00
0.000000000000000000e+00	0.000000000000000000e+00	0.000000000000000000e+00	0.000000000000000000e+00	0.000000000000000000e+00
0.000000000000000000e+00	0.000000000000000000e+00	0.000000000000000000e+00	0.000000000000000000e+00	0.000000000000000000e+00
0.000000000000000000e+00	0.000000000000000000e+00	0.000000000000000000e+00	0.000000000000000000e+00	0.000000000000000000e+00
0.000000000000000000e+00	0.000000000000000000e+00	0.000000000000000000e+00	0.000000000000000000e+00	0.000000000000000000e+00
0.000000000000000000e+00	0.000000000000000000e+00	0.000000000000000000e+00	0.000000000000000000e+00	0.000000000000000000e+00
0.000000000000000000e+00	0.000000000000000000e+00	0.000000000000000000e+00	0.000000000000000000e+00	0.000000000000000000e+00
0.000000000000000000e+00	0.000000000000000000e+00	0.000000000000000000e+00	0.000000000000000000e+00	0.000000000000000000e+00
0.000000000000000000e+00	0.000000000000000000e+00	0.000000000000000000e+00	0.000000000000000000e+00	0.000000000000000000e+00
0.000000000000000000e+00	0.000000000000000000e+00	0.000000000000000000e+00	0.000000000000000000e+00	0.000000000000000000e+00
0.000000000000000000e+00	0.000000000000000000e+00	0.000000000000000000e+00	0.000000000000000000e+00	0.000000000000000000e+00
0.000000000000000000e+00	0.000000000000000000e+00	0.000000000000000000e+00	0.000000000000000000e+00	0.000000000000000000e+00
0.000000000000000000e+00	0.000000000000000000e+00	0.000000000000000000e+00	0.000000000000000000e+00	0.000000000000000000e+00
0.000000000000000000e+00	0.000000000000000000e+00	0.000000000000000000e+00	0.000000000000000000e+00	0.000000000000000000e+00
0.000000000000000000e+00	0.000000000000000000e+00	0.000000000000000000e+00	0.000000000000000000e+00	0.000000000000000000e+00
0.000000000000000000e+00	0.000000000000000000e+00	0.000000000000000000e+00	0.000000000000000000e+00	0.000000000000000000e+00
0.000000000000000000e+00	0.000000000000000000e+00	0.000000000000000000e+00	0.000000000000000000e+00	0.000000000000000000e+00
0.000000000000000000e+00	0.000000000000000000e+00	0.000000000000000000e+00	0.000000000000000000e+00	0.000000000000000000e+00
0.000000000000000000e+00	0.000000000000000000e+00	0.000000000000000000e+00	0.000000000000000000e+00	0.000000000000000000e+00
0.000000000000000000e+00	0.000000000000000000e+00	0.000000000000000000e+00	0.000000000000000000e+00	0.000000000000000000e+00
0.000000000000000000e+00	0.000000000000000000e+00	0.000000000000000000e+00	0.000000000000000000e+00	0.000000000000000000e+00
0.000000000000000000e+00	0.000000000000000000e+00	0.000000000000000000e+00	0.000000000000000000e+00	0.000000000000000000e+00
0.000000000000000000e+00	0.000000000000000000e+00	0.000000000000000000e+00	0.000000000000000000e+00	0.000000000000000000e+00
0.000000000000000000e+00	0.000000000000000000e+00	0.000000000000000000e+00	0.000000000000000000e+00	0.000000000000000000e+00
0.000000000000000000e+00	0.000000000000000000e+00	0.000000000000000000e+00	0.000000000000000000e+00	0.000000000000000000e+00
0.000000000000000000e+00	0.000000000000000000e+00	0.000000000000000000e+00	0.000000000000000000e+00	0.000000000000000000e+00
0.000000000000000000e+00	0.000000000000000000e+00	0.000000000000000000e+00	0.000000000000000000e+00	0.000000000000000000e+00
0.000000000000000000e+00	0.000000000000000000e+00	0.000000000000000000e+00	0.000000000000000000e+00	0.000000000000000000e+00
0.000000000000000000e+00	0.000000000000000000e+00	0.000000000000000000e+00	0.000000000000000000e+00	0.000000000000000000e+00
0.000000000000000000e+00	0.000000000000000000e+00	0.000000000000000000e+00	0.000000000000000000e+00	0.000000000000000000e+00
0.000000000000000000e+00	0.000000000000000000e+00	0.000000000000000000e+00	0.000000000000000000e+00	0.000000000000000000e+00
0.000000000000000000e+00	0.000000000000000000e+00	0.000000000000000000e+00	0.000000000000000000e+00	0.000000000000000000e+00
0.000000000000000000e+00	0.000000000000000000e+00	0.000000000000000000e+00	0.000000000000000000e+00	0.000000000000000000e+00
0.000000000000000000e+00	0.000000000000000000e+00	0.000000000000000000e+00	0.000000000000000000e+00	0.000000000000000000e+00
0.000000000000000000e+00	0.000000000000000000e+00	0.000000000000000000e+00	0.000000000000000000e+00	0.000000000000000000e+00
0.000000000000000000e+00	0.000000000000000000e+00	0.000000000000000000e+00	0.000000000000000000e+00	0.000000000000000000e+00
0.000000000000000000e+00	0.000000000000000000e+00	0.000000000000000000e+00	0.000000000000000000e+00	0.000000000000000000e+00
0.000000000000000000e+00	0.000000000000000000e+00	0.000000000000000000e+00	0.000000000000000000e+00	0.000000000000000000e+00
0.000000000000000000e+00	0.000000000000000000e+00	0.000000000000000000e+00	0.000000000000000000e+00	0.000000000000000000e+00
0.000000000000000000e+00	0.000000000000000000e+00	0.000000000000000000e+00	0.000000000000000000e+00	0.000000000000000000e+00
0.000000000000000000e+00	0.000000000000000000e+00	0.000000000000000000e+00	0.000000000000000000e+00	0.000000000000000000e+00
0.000000000000000000e+00	0.000000000000000000e+00	0.000000000000000000e+00	0.000000000000000000e+00	0.000000000000000000e+00
0.000000000000000000e+00	0.000000000000000000e+00	0.000000000000000000e+00	0.000000000000000000e+00	0.000000000000000000e+00
0.000000000000000000e+00	0.000000000000000000e+00	0.000000000000000000e+00	0.000000000000000000e+00	0.000000000000000000e+00
0.000000000000000000e+00	0.000000000000000000e+00	0.000000000000000000e+00	0.000000000000000000e+00	0.000000000000000000e+00
0.000000000000000000e+00	0.000000000000000000e+00	0.000000000000000000e+00	0.000000000000000000e+00	0.000000000000000000e+00
0.000000000000000000e+00	0.000000000000000000e+00	0.000000000000000000e+00	0.000000000000000000e+00	0.000000000000000000e+00
0.000000000000000000e+00	0.000000000000000000e+00	0.000000000000000000e+00	0.000000000000000000e+00	0.000000000000000000e+00
0.000000000000000000e+00	0.000000000000000000e+00	0.000000000000000000e+00	0.000000000000000000e+00	0.000000000000000000e+00
0.000000000000000000e+00	0.000000000000000000e+00	0.000000000000000000e+00	0.000000000000000000e+00	0.000000000000000000e+00
0.000000000000000000e+00	0.000000000000000000e+00	0.000000000000000000e+00	0.000000000000000000e+00	0.000000000000000000e+00
0.000000000000000000e+00	0.000000000000000000e+00	0.000000000000000000e+00	0.000000000000000000e+00	0.000000000000000000e+00
0.000000000000000000e+00	0.000000000000000000e+00	0.000000000000000000e+00	0.000000000000000000e+00	0.000000000000000000e+00
0.000000000000000000e+00	0.000000000000000000e+00	0.000000000000000000e+00	0.000000000000000000e+00	0.000000000000000000e+00
0.000000000000000000e+00	0.000000000000000000e+00	0.000000000000000000e+00	0.000000000000000000e+00	0.000000000000000000e+00
0.000000000000000000e+00	0.000000000000000000e+00	0.000000000000000000e+00	0.000000000000000000e+00	0.000000000000000000e+00
0.000000000000000000e+00	0.000000000000000000e+00	0.000000000000000000e+00	0.000000000000000000e+00	0.000000000000000000e+00
0.000000000000000000e+00	0.000000000000000000e+00	0.000000000000000000e+00	0.000000000000000000e+00	0.000000000000000000e+00
0.000000000000000000e+00	0.000000000000000000e+00	0.000000000000000000e+00	0.000000000000000000e+00	0.000000000000000000e+00
0.000000000000000000e+00	0.000000000000000000e+00	0.000000000000000000e+00	0.000000000000000000e+00	0.000000000000000000e+00
0.000000000000000000e+00	0.000000000000000000e+00	0.000000000000000000e+00	0.000000000000000000e+00	0.000000000000000000e+00
0.000000000000000000e+00	0.000000000000000000e+00	0.000000000000000000e+00	0.000000000000000000e+00	0.000000000000000000e+00
0.000000000000000000e+00	0.000000000000000000e+00	0.000000000000000000e+00	0.000000000000000000e+00	0.000000000000000000e+00
0.000000000000000000e+00	0.000000000000000000e+00	0.000000000000000000e+00	0.000000000000000000e+00	0.000000000000000000e+00
0.000000000000000000e+00	0.000000000000000000e+00	0.000000000000000000e+00	0.000000000000000000e+00	0.000000000000000000e+00
0.000000000000000000e+00	0.000000000000000000e+00	0.000000000000000000e+00	0.000000000000000000e+00	0.000000000000000000e+00
0.000000000000000000e+00	0.000000000000000000e+00	0.000000000000000000e+00	0.000000000000000000e+00	0.000000000000000000e+00
0.000000000000000000e+00	0.000000000000000000e+00	0.000000000000000000e+00	0.000000000000000000e+00	0.000000000000000000e+00
0.000000000000000000e+00	0.000000000000000000e+00	0.000000000000000000e+00	0.000000000000000000e+00	0.000000000000000000e+00
0.000000000000000000e+00	0.000000000000000000e+00	0.000000000000000000e+00	0.000000000000000000e+00	0.000000000000000000e+00
0.000000000000000000e+00	0.000000000000000000e+00	0.000000000000000000e+00	0.000000000000000000e+00	0.000000000000000000e+00
0.000000000000000000e+00	0.000000000000000000e+00	0.000000000000000000e+00	0.000000000000000000e+00	0.000000000000000000e+00
0.000000000000000000e+00	0.000000000000000000e+00	0.000000000000000000e+00	0.000000000000000000e+00	0.000000000000000000e+00
0.000000000000000000e+00	0.000000000000000000e+00	0.000000000000000000e+00	0.000000000000000000e+00	0.000000000000000000e+00
0.000000000000000000e+00	0.000000000000000000e+00	0.000000000000000000e+00	0.000000000000000000e+00	0.000000000000000000e+00
0.000000000000000000e+00	0.000000000000000000e+00	0.000000000000000000e+00	0.000000000000000000e+00	0.000000000000000000e+00
0.000000000000000000e+00	0.000000000000000000e+00	0.000000000000000000e+00	0.000000000000000000e+00	0.000000000000000000e+00
0.000000000000000000e+00	0.000000000000000000e+00	0.000000000000000000e+00	0.000000000000000000e+00	0.000000000000000000e+00
0.000000000000000000e+00	0.000000000000000000e+00	0.000000000000000000e+00	0.000000000000000000e+00	0.000000000000000000e+00
0.000000000000000000e+00	0.000000000000000000e+00	0.000000000000000000e+00	0.000000000000000000e+00	0.000000000000000000e+00
0.000000000000000000e+00	0.000000000000000000e+00	0.000000000000000000e+00	0.000000000000000000e+00	0.000000000000000000e+00
0.000000000000000000e+00	0.000000000000000000e+00	0.000000000000000000e+00	0.000000000000000000e+00	0.000000000000000000e+00
0.000000000000000000e+00	0.000000000000000000e+00	0.000000000000000000e+00	0.000000000000000000e+00	0.000000000000000000e+00
0.000000000000000000e+00	0.000000000000000000e+00	0.000000000000000000e+00	0.000000000000000000e+00	0.000000000000000000e+00
0.000000000000000000e+00	0.000000000000000000e+00	0.000000000000000000e+00	0.000000000000000000e+00	0.000000000000000000e+00
0.000000000000000000e+00	0.000000000000000000e+00	0.000000000000000000e+00	0.000000000000000000e+00	0.000000000000000000e+00
0.000000000000000000e+00	0.000000000000000000e+00	0.000000000000000000e+00	0.000000000000000000e+00	0.000000000000000000e+00
0.000000000000000000e+00	0.000000000000000000e+00	0.000000000000000000e+00	0.000000000000000000e+00	0.000000000000000000e+00
0.000000000000000000e+00	0.000000000000000000e+00	0.000000000000000000e+00	0.000000000000000000e+00	0.000000000000000000e+00
0.000000000000000000e+00	0.000000000000000000e+00	0.000000000000000000e+00	0.000000000000000000e+00	0.000000000000000000e+00
0.000000000000000000e+00	0.000000000000000000e+00	0.000000000000000000e+00	0.000000000000000000e+00	0.000000000000000000e+00
0.000000000000000000e+00	0.000000000000000000e+00	0.000000000000000000e+00	0.000000000000000000e+00	0.000000000000000000e+00
0.000000000000000000e+00	0.000000000000000000e+00	0.000000000000000000e+00	0.000000000000000000e+00	0.000000000000000000e+00
0.000000000000000000e+00	0.000000000000000000e+00	0.000000000000000000e+00	0.000000000000000000e+00	0.000000000000000000e+00
0.000000000000000000e+00	0.000000000000000000e+00	0.000000000000000000e+00	0.000000000000000000e+00	0.000000000000000000e+00
0.000000000000000000e+00	0.000000000000000000e+00	0.000000000000000000e+00	0.000000000000000000e+00	0.000000000000000000e+00
0.000000000000000000e+00	0.000000000000000000e+00	0.000000000000000000e+00	0.000000000000000000e+00	0.000000000000000000e+00
0.000000000000000000e+00	0.000000000000000000e+00	0.000000000000000000e+00	0.000000000000000000e+00	0.000000000000000000e+00
0.000000000000000000e+00	0.000000000000000000e+00	0.000000000000000000e+00	0.000000000000000000e+00	0.000000000000000000e+00
0.000000000000000000e+00	0.000000000000000000e+00	0.000000000000000000e+00	0.000000000000000000e+00	0.000000000000000000e+00
0.000000000000000000e+00	0.000000000000000000e+00	0.000000000000000000e+00	0.000000000000000000e+00	0.000000000000000000e+00
0.000000000000000000e+00	0.000000000000000000e+00	0.000000000000000000e+00	0.000000000000000000e+00	0.000000000000000000e+00
0.000000000000000000e+00	0.000000000000000000e+00	0.000000000000000000e+00	0.000000000000000000e+00	0.000000000000000000e+00
0.000000000000000000e+00	0.000000000000000000e+00	0.000000000000000000e+00	0.000000000000000000e+00	0.000000000000000000e+00
0.000000000000000000e+00	0.000000000000000000e+00	0.000000000000000000e+00	0.000000000000000000e+00	0.000000000000000000e+00
0.000000000000000000e+00	0.000000000000000000e+00	0.000000000000000000e+00	0.000000000000000000e+00	0.000000000000000000e+00
0.000000000000000000e+00	0.000000000000000000e+00	0.000000000000000000e+00	0.000000000000000000e+00	0.000000000000000000e+00
0.000000000000000000e+00	0.000000000000000000e+00	0.000000000000000000e+00	0.000000000000000000e+00	0.000000000000000000e+00
0.000000000000000000e+00	0.000000000000000000e+00	0.000000000000000000e+00	0.000000000000000000e+00	0.000000000000000000e+00
0.000000000000000000e+00	0.000000000000000000e+00	0.000000000000000000e+00	0.000000000000000000e+00	0.000000000000000000e+00
0.000000000000000000e+00	0.000000000000000000e+00	0.000000000000000000e+00	0.000000000000000000e+00	0.000000000000000000e+00
0.000000000000000000e+00	0.000000000000000000e+00	0.000000000000000000e+00	0.000000000000000000e+00	0.000000000000000000e+00
0.000000000000000000e+00	0.000000000000000000e+00	0.000000000000000000e+00	0.000000000000000000e+00	0.000000000000000000e+00
0.000000000000000000e+00	0.000000000000000000e+00	0.000000000000000000e+00	0.000000000000000000e+00	0.000000000000000000e+00
0.000000000000000000e+00	0.000000000000000000e+00	0.000000000000000000e+00	0.000000000000000000e+00	0.000000000000000000e+00
0.000000000000000000e+00	0.000000000000000000e+00	0.000000000000000000e+00	0.000000000000000000e+00	0.000000000000000000e+00
0.000000000000000000e+00	0.000000000000000000e+00	0.000000000000000000e+00	0.000000000000000000e+00	0.000000000000000000e+00
0.000000000000000000e+00	0.000000000000000000e+00	0.000000000000000000e+00	0.000000000000000000e+00	0.000000000000000000e+00
0.000000000000000000e+00	0.000000000000000000e+00	0.000000000000000000e+00	0.000000000000000000e+00	0.000000000000000000e+00
0.000000000000000000e+00	0.000000000000000000e+00	0.000000000000000000e+00	0.000000000000000000e+00	0.000000000000000000e+00
0.000000000000000000e+00	0.000000000000000000e+00	0.000000000000000000e+00	0.000000000000000000e+00	0.000000000000000000e+00
0.000000000000000000e+00	0.000000000000000000e+00	0.000000000000000000e+00	0.000000000000000000e+00	0.000000000000000000e+00
0.000000000000000000e+00	0.000000000000000000e+00	0.000000000000000000e+00	0.000000000000000000e+00	0.000000000000000000e+00
0.000000000000000000e+00	0.000000000000000000e+00	0.000000000000000000e+00	0.000000000000000000e+00	0.000000000000000000e+00
0.000000000000000000e+00	0.000000000000000000e+00	0.000000000000000000e+00	0.000000000000000000e+00	0.000000000000000000e+00
0.000000000000000000e+00	0.000000000000000000e+00	0.000000000000000000e+00	0.000000000000000000e+00	0.000000000000000000e+00
0.000000000000000000e+00	0.000000000000000000e+00	0.000000000000000000e+00	0.000000000000000000e+00	0.000000000000000000e+00
0.000000000000000000e+00	0.000000000000000000e+00	0.000000000000000000e+00	0.000000000000000000e+00	0.000000000000000000e+00
0.000000000000000000e+00	0.000000000000000000e+00	0.000000000000000000e+00	0.000000000000000000e+00	0.000000000000000000e+00
0.000000000000000000e+00	0.000000000000000000e+00	0.000000000000000000e+00	0.000000000000000000e+00	0.000000000000000000e+00
0.000000000000000000e+00	0.000000000000000000e+00	0.000000000000000000e+00	0.000000000000000000e+00	0.000000000000000000e+00
0.000000000000000000e+00	0.000000000000000000e+00	0.000000000000000000e+00	0.000000000000000000e+00	0.000000000000000000e+00
0.000000000000000000e+00	0.000000000000000000e+00	0.000000000000000000e+00	0.000000000000000000e+00	0.000000000000000000e+00
0.000000000000000000e+00	0.000000000000000000e+00	0.000000000000000000e+00	0.000000000000000000e+00	0.000000000000000000e+00
0.000000000000000000e+00	0.000000000000000000e+00	0.000000000000000000e+00	0.000000000000000000e+00	0.000000000000000000e+00
0.000000000000000000e+00	0.000000000000000000e+00	0.000000000000000000e+00	0.000000000000000000e+00	0.000000000000000000e+00
0.000000000000000000e+00	0.000000000000000000e+00	0.000000000000000000e+00	0.000000000000000000e+00	0.000000000000000000e+00
0.000000000000000000e+00	0.000000000000000000e+00	0.000000000000000000e+00	0.000000000000000000e+00	0.000000000000000000e+00
0.000000000000000000e+00	0.000000000000000000e+00	0.000000000000000000e+00	0.000000000000000000e+00	0.000000000000000000e+00
0.000000000000000000e+00	0.000000000000000000e+00	0.000000000000000000e+00	0.000000000000000000e+00	0.000000000000000000e+00
0.000000000000000000e+00	0.000000000000000000e+00	0.000000000000000000e+00	0.000000000000000000e+00	0.000000000000000000e+00
0.000000000000000000e+00	0.000000000000000000e+00	0.000000000000000000e+00	0.000000000000000000e+00	0.000000000000000000e+00
0.000000000000000000e+00	0.000000000000000000e+00	0.000000000000000000e+00	0.000000000000000000e+00	0.000000000000000000e+00
0.000000000000000000e+00	0.000000000000000000e+00	0.000000000000000000e+00	0.000000000000000000e+00	0.000000000000000000e+00
0.000000000000000000e+00	0.000000000000000000e+00	0.000000000000000000e+00	0.000000000000000000e+00	0.000000000000000000e+00
0.000000000000000000e+00	0.000000000000000000e+00	0.000000000000000000e+00	0.000000000000000000e+00	0.000000000000000000e+00
0.000000000000000000e+00	0.000000000000000000e+00	0.000000000000000000e+00	0.000000000000000000e+00	0.000000000000000000e+00
0.000000000000000000e+00	0.000000000000000000e+00	0.000000000000000000e+00	0.000000000000000000e+00	0.000000000000000000e+00
0.000000000000000000e+00	0.000000000000000000e+00	0.000000000000000000e+00	0.000000000000000000e+00	0.000000000000000000e+00
0.000000000000000000e+00	0.000000000000000000e+00	0.000000000000000000e+00	0.000000000000000000e+00	0.000000000000000000e+00
0.000000000000000000e+00	0.000000000000000000e+00	0.000000000000000000e+00	0.000000000000000000e+00	0.000000000000000000e+00
0.000000000000000000e+00	0.000000000000000000e+00	0.000000000000000000e+00	0.000000000000000000e+00	0.000000000000000000e+00
0.000000000000000000e+00	0.000000000000000000e+00	0.000000000000000000e+00	0.000000000000000000e+00	0.000000000000000000e+00
0.000000000000000000e+00	0.000000000000000000e+00	0.000000000000000000e+00	0.000000000000000000e+00	0.000000000000000000e+00
0.000000000000000000e+00	0.000000000000000000e+00	0.000000000000000000e+00	0.000000000000000000e+00	0.000000000000000000e+00
0.000000000000000000e+00	0.000000000000000000e+00	0.000000000000000000e+00	0.000000000000000000e+00	0.000000000000000000e+00
0.000000000000000000e+00	0.000000000000000000e+00	0.000000000000000000e+00	0.000000000000000000e+00	0.000000000000000000e+00
0.000000000000000000e+00	0.000000000000000000e+00	0.000000000000000000e+00	0.000000000000000000e+00	0.000000000000000000e+00
0.000000000000000000e+00	0.000000000000000000e+00	0.000000000000000000e+00	0.000000000000000000e+00	0.000000000000000000e+00
0.000000000000000000e+00	0.000000000000000000e+00	0.000000000000000000e+00	0.000000000000000000e+00	0.000000000000000000e+00
0.000000000000000000e+00	0.000000000000000000e+00	0.000000000000000000e+00	0.000000000000000000e+00	0.000000000000000000e+00
0.000000000000000000e+00	0.000000000000000000e+00	0.000000000000000000e+00	0.000000000000000000e+00	0.000000000000000000e+00
0.000000000000000000e+00	0.000000000000000000e+00	0.000000000000000000e+00	0.000000000000000000e+00	0.000000000000000000e+00
0.000000000000000000e+00	0.000000000000000000e+00	0.000000000000000000e+00	0.000000000000000000e+00	0.000000000000000000e+00
0.000000000000000000e+00	0.000000000000000000e+00	0.000000000000000000e+00	0.000000000000000000e+00	0.000000000000000000e+00
0.000000000000000000e+00	0.000000000000000000e+00	0.000000000000000000e+00	0.000000000000000000e+00	0.000000000000000000e+00
0.000000000000000000e+00	0.000000000000000000e+00	0.000000000000000000e+00	0.000000000000000000e+00	0.000000000000000000e+00
0.000000000000000000e+00	0.000000000000000000e+00	0.000000000000000000e+00	0.000000000000000000e+00	0.000000000000000000e+00
0.000000000000000000e+00	0.000000000000000000e+00	0.000000000000000000e+00	0.000000000000000000e+00	0.000000000000000000e+00
0.000000000000000000e+00	0.000000000000000000e+00	0.000000000000000000e+00	0.000000000000000000e+00	0.000000000000000000e+00
0.000000000000000000e+00	0.000000000000000000e+00	0.000000000000000000e+00	0.000000000000000000e+00	0.000000000000000000e+00
0.000000000000000000e+00	0.000000000000000000e+00	0.000000000000000000e+00	0.000000000000000000e+00	0.000000000000000000e+00
0.000000000000000000e+00	0.000000000000000000e+00	0.000000000000000000e+00	0.000000000000000000e+00	0.000000000000000000e+00
0.000000000000000000e+00	0.000000000000000000e+00	0.000000000000000000e+00	0.000000000000000000e+00	0.000000000000000000e+00
0.000000000000000000e+00	0.000000000000000000e+00	0.000000000000000000e+00	0.000000000000000000e+00	0.000000000000000000e+00
0.000000000000000000e+00	0.000000000000000000e+00	0.000000000000000000e+00	0.000000000000000000e+00	0.000000000000000000e+00
0.000000000000000000e+00	0.000000000000000000e+00	0.000000000000000000e+00	0.000000000000000000e+00	0.000000000000000000e+00
0.000000000000000000e+00	0.000000000000000000e+00	0.000000000000000000e+00	0.000000000000000000e+00	0.000000000000000000e+00
0.000000000000000000e+00	0.000000000000000000e+00	0.000000000000000000e+00	0.000000000000000000e+00	0.000000000000000000e+00
0.000000000000000000e+00	0.000000000000000000e+00	0.000000000000000000e+00	0.000000000000000000e+00	0.000000000000000000e+00
0.000000000000000000e+00	0.000000000000000000e+00	0.000000000000000000e+00	0.000000000000000000e+00	0.000000000000000000e+00
0.000000000000000000e+00	0.000000000000000000e+00	0.000000000000000000e+00	0.000000000000000000e+00	0.000000000000000000e+00
0.000000000000000000e+00	0.000000000000000000e+00	0.000000000000000000e+00	0.000000000000000000e+00	0.000000000000000000e+00
0.000000000000000000e+00	0.000000000000000000e+00	0.000000000000000000e+00	0.000000000000000000e+00	0.000000000000000000e+00
0.000000000000000000e+00	0.000000000000000000e+00	0.000000000000000000e+00	0.000000000000000000e+00	0.000000000000000000e+00
0.000000000000000000e+00	0.000000000000000000e+00	0.000000000000000000e+00	0.000000000000000000e+00	0.000000000000000000e+00
0.000000000000000000e+00	0.000000000000000000e+00	0.000000000000000000e+00	0.000000000000000000e+00	0.000000000000000000e+00
0.000000000000000000e+00	0.000000000000000000e+00	0.000000000000000000e+00	0.000000000000000000e+00	0.000000000000000000e+00
0.000000000000000000e+00	0.000000000000000000e+00	0.000000000000000000e+00	0.000000000000000000e+00	0.000000000000000000e+00
0.000000000000000000e+00	0.000000000000000000e+00	0.000000000000000000e+00	0.000000000000000000e+00	0.000000000000000000e+00
0.000000000000000000e+00	0.000000000000000000e+00	0.000000000000000000e+00	0.000000000000000000e+00	0.000000000000000000e+00
0.000000000000000000e+00	0.000000000000000000e+00	0.000000000000000000e+00	0.000000000000000000e+00	0.000000000000000000e+00
0.000000000000000000e+00	0.000000000000000000e+00	0.000000000000000000e+00	0.000000000000000000e+00	0.000000000000000000e+00
0.000000000000000000e+00	0.000000000000000000e+00	0.000000000000000000e+00	0.000000000000000000e+00	0.000000000000000000e+00
0.000000000000000000e+00	0.000000000000000000e+00	0.000000000000000000e+00	0.000000000000000000e+00	0.000000000000000000e+00
0.000000000000000000e+00	0.000000000000000000e+00	0.000000000000000000e+00	0.000000000000000000e+00	0.000000000000000000e+00
0.000000000000000000e+00	0.000000000000000000e+00	0.000000000000000000e+00	0.000000000000000000e+00	0.000000000000000000e+00
0.000000000000000000e+00	0.000000000000000000e+00	0.000000000000000000e+00	0.000000000000000000e+00	0.000000000000000000e+00
0.000000000000000000e+00	0.000000000000000000e+00	0.000000000000000000e+00	0.000000000000000000e+00	0.000000000000000000e+00
0.000000000000000000e+00	0.000000000000000000e+00	0.000000000000000000e+00	0.000000000000000000e+00	0.000000000000000000e+00
0.000000000000000000e+00	0.000000000000000000e+00	0.000000000000000000e+00	0.000000000000000000e+00	0.000000000000000000e+00
0.000000000000000000e+00	0.000000000000000000e+00	0.000000000000000000e+00	0.000000000000000000e+00	0.000000000000000000e+00
0.000000000000000000e+00	0.000000000000000000e+00	0.000000000000000000e+00	0.000000000000000000e+00	0.000000000000000000e+00
0.000000000000000000e+00	0.000000000000000000e+00	0.000000000000000000e+00	0.000000000000000000e+00	0.000000000000000000e+00
0.000000000000000000e+00	0.000000000000000000e+00	0.000000000000000000e+00	0.000000000000000000e+00	0.000000000000000000e+00
0.000000000000000000e+00	0.000000000000000000e+00	0.000000000000000000e+00	0.000000000000000000e+00	0.000000000000000000e+00
0.000000000000000000e+00	0.000000000000000000e+00	0.000000000000000000e+00	0.000000000000000000e+00	0.000000000000000000e+00
0.000000000000000000e+00	0.000000000000000000e+00	0.000000000000000000e+00	0.000000000000000000e+00	0.000000000000000000e+00
0.000000000000000000e+00	0.000000000000000000e+00	0.000000000000000000e+00	0.000000000000000000e+00	0.000000000000000000e+00
0.000000000000000000e+00	0.000000000000000000e+00	0.000000000000000000e+00	0.000000000000000000e+00	0.000000000000000000e+00
0.000000000000000000e+00	0.000000000000000000e+00	0.000000000000000000e+00	0.000000000000000000e+00	0.000000000000000000e+00
0.000000000000000000e+00	0.000000000000000000e+00	0.000000000000000000e+00	0.000000000000000000e+00	0.000000000000000000e+00
0.000000000000000000e+00	0.000000000000000000e+00	0.000000000000000000e+00	0.000000000000000000e+00	0.000000000000000000e+00
0.000000000000000000e+00	0.000000000000000000e+00	0.000000000000000000e+00	0.000000000000000000e+00	0.000000000000000000e+00
0.000000000000000000e+00	0.000000000000000000e+00	0.000000000000000000e+00	0.000000000000000000e+00	0.000000000000000000e+00
0.000000000000000000e+00	0.000000000000000000e+00	0.000000000000000000e+00	0.000000000000000000e+00	0.000000000000000000e+00
0.000000000000000000e+00	0.000000000000000000e+00	0.000000000000000000e+00	0.000000000000000000e+00	0.000000000000000000e+00
0.000000000000000000e+00	0.000000000000000000e+00	0.000000000000000000e+00	0.000000000000000000e+00	0.000000000000000000e+00
0.000000000000000000e+00	0.000000000000000000e+00	0.000000000000000000e+00	0.000000000000000000e+00	0.000000000000000000e+00
0.000000000000000000e+00	0.000000000000000000e+00	0.000000000000000000e+00	0.000000000000000000e+00	0.000000000000000000e+00
0.000000000000000000e+00	0.000000000000000000e+00	0.000000000000000000e+00	0.000000000000000000e+00	0.000000000000000000e+00
0.000000000000000000e+00	0.000000000000000000e+00	0.000000000000000000e+00	0.000000000000000000e+00	0.000000000000000000e+00
0.000000000000000000e+00	0.000000000000000000e+00	0.000000000000000000e+00	0.000000000000000000e+00	0.000000000000000000e+00
0.000000000000000000e+00	0.000000000000000000e+00	0.000000000000000000e+00	0.000000000000000000e+00	0.000000000000000000e+00
0.000000000000000000e+00	0.000000000000000000e+00	0.000000000000000000e+00	0.000000000000000000e+00	0.000000000000000000e+00
0.000000000000000000e+00	0.000000000000000000e+00	0.000000000000000000e+00	0.000000000000000000e+00	0.000000000000000000e+00
0.000000000000000000e+00	0.000000000000000000e+00	0.000000000000000000e+00	0.000000000000000000e+00	0.000000000000000000e+00
0.000000000000000000e+00	0.000000000000000000e+00	0.000000000000000000e+00	0.000000000000000000e+00	0.000000000000000000e+00
0.000000000000000000e+00	0.000000000000000000e+00	0.000000000000000000e+00	0.000000000000000000e+00	0.000000000000000000e+00
0.000000000000000000e+00	0.000000000000000000e+00	0.000000000000000000e+00	0.000000000000000000e+00	0.000000000000000000e+00
0.000000000000000000e+00	0.000000000000000000e+00	0.000000000000000000e+00	0.000000000000000000e+00	0.000000000000000000e+00
0.000000000000000000e+00	0.000000000000000000e+00	0.000000000000000000e+00	0.000000000000000000e+00	0.000000000000000000e+00
0.000000000000000000e+00	0.000000000000000000e+00	0.000000000000000000e+00	0.000000000000000000e+00	0.000000000000000000e+00
0.000000000000000000e+00	0.000000000000000000e+00	0.000000000000000000e+00	0.000000000000000000e+00	0.000000000000000000e+00
0.000000000000000000e+00	0.000000000000000000e+00	0.000000000000000000e+00	0.000000000000000000e+00	0.000000000000000000e+00
0.000000000000000000e+00	0.000000000000000000e+00	0.000000000000000000e+00	0.000000000000000000e+00	0.000000000000000000e+00
0.000000000000000000e+00	0.000000000000000000e+00	0.000000000000000000e+00	0.000000000000000000e+00	0.000000000000000000e+00
0.000000000000000000e+00	0.000000000000000000e+00	0.000000000000000000e+00	0.000000000000000000e+00	0.000000000000000000e+00
0.000000000000000000e+00	0.000000000000000000e+00	0.000000000000000000e+00	0.000000000000000000e+00	0.000000000000000000e+00
0.000000000000000000e+00	0.000000000000000000e+00	0.000000000000000000e+00	0.000000000000000000e+00	0.000000000000000000e+00
0.000000000000000000e+00	0.000000000000000000e+00	0.000000000000000000e+00	0.000000000000000000e+00	0.000000000000000000e+00
0.000000000000000000e+00	0.000000000000000000e+00	0.000000000000000000e+00	0.000000000000000000e+00	0.000000000000000000e+00
0.000000000000000000e+00	0.000000000000000000e+00	0.000000000000000000e+00	0.000000000000000000e+00	0.000000000000000000e+00
0.000000000000000000e+00	0.000000000000000000e+00	0.000000000000000000e+00	0.000000000000000000e+00	0.000000000000000000e+00
0.000000000000000000e+00	0.000000000000000000e+00	0.000000000000000000e+00	0.000000000000000000e+00	0.000000000000000000e+00
0.000000000000000000e+00	0.000000000000000000e+00	0.000000000000000000e+00	0.000000000000000000e+00	0.000000000000000000e+00
0.000000000000000000e+00	0.000000000000000000e+00	0.000000000000000000e+00	0.000000000000000000e+00	0.000000000000000000e+00
0.000000000000000000e+00	0.000000000000000000e+00	0.000000000000000000e+00	0.000000000000000000e+00	0.000000000000000000e+00
0.000000000000000000e+00	0.000000000000000000e+00	0.000000000000000000e+00	0.000000000000000000e+00	0.000000000000000000e+00
0.000000000000000000e+00	0.000000000000000000e+00	0.000000000000000000e+00	0.000000000000000000e+00	0.000000000000000000e+00
0.000000000000000000e+00	0.000000000000000000e+00	0.000000000000000000e+00	0.000000000000000000e+00	0.000000000000000000e+00
0.000000000000000000e+00	0.000000000000000000e+00	0.000000000000000000e+00	0.000000000000000000e+00	0.000000000000000000e+00
0.000000000000000000e+00	0.000000000000000000e+00	0.000000000000000000e+00	0.000000000000000000e+00	0.000000000000000000e+00
0.000000000000000000e+00	0.000000000000000000e+00	0.000000000000000000e+00	0.000000000000000000e+00	0.000000000000000000e+00
0.000000000000000000e+00	0.000000000000000000e+00	0.000000000000000000e+00	0.000000000000000000e+00	0.000000000000000000e+00
0.000000000000000000e+00	0.000000000000000000e+00	0.000000000000000000e+00	0.000000000000000000e+00	0.000000000000000000e+00
0.000000000000000000e+00	0.000000000000000000e+00	0.000000000000000000e+00	0.000000000000000000e+00	0.000000000000000000e+00
0.000000000000000000e+00	0.000000000000000000e+00	0.000000000000000000e+00	0.000000000000000000e+00	0.000000000000000000e+00
0.000000000000000000e+00	0.000000000000000000e+00	0.000000000000000000e+00	0.000000000000000000e+00	0.000000000000000000e+00
0.000000000000000000e+00	0.000000000000000000e+00	0.000000000000000000e+00	0.000000000000000000e+00	0.000000000000000000e+00
0.000000000000000000e+00	0.000000000000000000e+00	0.000000000000000000e+00	0.000000000000000000e+00	0.000000000000000000e+00
0.000000000000000000e+00	0.000000000000000000e+00	0.000000000000000000e+00	0.000000000000000000e+00	0.000000000000000000e+00
0.000000000000000000e+00	0.000000000000000000e+00	0.000000000000000000e+00	0.000000000000000000e+00	0.000000000000000000e+00
0.000000000000000000e+00	0.000000000000000000e+00	0.000000000000000000e+00	0.000000000000000000e+00	0.000000000000000000e+00
0.000000000000000000e+00	0.000000000000000000e+00	0.000000000000000000e+00	0.000000000000000000e+00	0.000000000000000000e+00
0.000000000000000000e+00	0.000000000000000000e+00	0.000000000000000000e+00	0.000000000000000000e+00	0.000000000000000000e+00
0.000000000000000000e+00	0.000000000000000000e+00	0.000000000000000000e+00	0.000000000000000000e+00	0.000000000000000000e+00
0.000000000000000000e+00	0.000000000000000000e+00	0.000000000000000000e+00	0.000000000000000000e+00	0.000000000000000000e+00
0.000000000000000000e+00	0.000000000000000000e+00	0.000000000000000000e+00	0.000000000000000000e+00	0.000000000000000000e+00
0.000000000000000000e+00	0.000000000000000000e+00	0.000000000000000000e+00	0.000000000000000000e+00	0.000000000000000000e+00
0.000000000000000000e+00	0.000000000000000000e+00	0.000000000000000000e+00	0.000000000000000000e+00	0.000000000000000000e+00
0.000000000000000000e+00	0.000000000000000000e+00	0.000000000000000000e+00	0.000000000000000000e+00	0.000000000000000000e+00
0.000000000000000000e+00	0.000000000000000000e+00	0.000000000000000000e+00	0.000000000000000000e+00	0.000000000000000000e+00
0.000000000000000000e+00	0.000000000000000000e+00	0.000000000000000000e+00	0.000000000000000000e+00	0.000000000000000000e+00
0.000000000000000000e+00	0.000000000000000000e+00	0.000000000000000000e+00	0.000000000000000000e+00	0.000000000000000000e+00
0.000000000000000000e+00	0.000000000000000000e+00	0.000000000000000000e+00	0.000000000000000000e+00	0.000000000000000000e+00
0.000000000000000000e+00	0.000000000000000000e+00	0.000000000000000000e+00	0.000000000000000000e+00	0.000000000000000000e+00
0.000000000000000000e+00	0.000000000000000000e+00	0.000000000000000000e+00	0.000000000000000000e+00	0.000000000000000000e+00
0.000000000000000000e+00	0.000000000000000000e+00	0.000000000000000000e+00	0.000000000000000000e+00	0.000000000000000000e+00
0.000000000000000000e+00	0.000000000000000000e+00	0.000000000000000000e+00	0.000000000000000000e+00	0.000000000000000000e+00
0.000000000000000000e+00	0.000000000000000000e+00	0.000000000000000000e+00	0.000000000000000000e+00	0.000000000000000000e+00
0.000000000000000000e+00	0.000000000000000000e+00	0.000000000000000000e+00	0.000000000000000000e+00	0.000000000000000000e+00
0.000000000000000000e+00	0.000000000000000000e+00	0.000000000000000000e+00	0.000000000000000000e+00	0.000000000000000000e+00
0.000000000000000000e+00	0.000000000000000000e+00	0.000000000000000000e+00	0.000000000000000000e+00	0.000000000000000000e+00
0.000000000000000000e+00	0.000000000000000000e+00	0.000000000000000000e+00	0.000000000000000000e+00	0.000000000000000000e+00
0.000000000000000000e+00	0.000000000000000000e+00	0.000000000000000000e+00	0.000000000000000000e+00	0.000000000000000000e+00
0.000000000000000000e+00	0.000000000000000000e+00	0.000000000000000000e+00	0.000000000000000000e+00	0.000000000000000000e+00
0.000000000000000000e+00	0.000000000000000000e+00	0.000000000000000000e+00	0.000000000000000000e+00	0.000000000000000000e+00
0.000000000000000000e+00	0.000000000000000000e+00	0.000000000000000000e+00	0.000000000000000000e+00	0.000000000000000000e+00
0.000000000000000000e+00	0.000000000000000000e+00	0.000000000000000000e+00	0.000000000000000000e+00	0.000000000000000000e+00
0.000000000000000000e+00	0.000000000000000000e+00	0.000000000000000000e+00	0.000000000000000000e+00	0.000000000000000000e+00
0.000000000000000000e+00	0.000000000000000000e+00	0.000000000000000000e+00	0.000000000000000000e+00	0.000000000000000000e+00
0.000000000000000000e+00	0.000000000000000000e+00	0.000000000000000000e+00	0.000000000000000000e+00	0.000000000000000000e+00
0.000000000000000000e+00	0.000000000000000000e+00	0.000000000000000000e+00	0.000000000000000000e+00	0.000000000000000000e+00
0.000000000000000000e+00	0.000000000000000000e+00	0.000000000000000000e+00	0.000000000000000000e+00	0.000000000000000000e+00
0.000000000000000000e+00	0.000000000000000000e+00	0.000000000000000000e+00	0.000000000000000000e+00	0.000000000000000000e+00
0.000000000000000000e+00	0.000000000000000000e+00	0.000000000000000000e+00	0.000000000000000000e+00	0.000000000000000000e+00
0.000000000000000000e+00	0.000000000000000000e+00	0.000000000000000000e+00	0.000000000000000000e+00	0.000000000000000000e+00
0.000000000000000000e+00	0.000000000000000000e+00	0.000000000000000000e+00	0.000000000000000000e+00	0.000000000000000000e+00
0.000000000000000000e+00	0.000000000000000000e+00	0.000000000000000000e+00	0.000000000000000000e+00	0.000000000000000000e+00
0.000000000000000000e+00	0.000000000000000000e+00	0.000000000000000000e+00	0.000000000000000000e+00	0.000000000000000000e+00
0.000000000000000000e+00	0.000000000000000000e+00	0.000000000000000000e+00	0.000000000000000000e+00	0.000000000000000000e+00
0.000000000000000000e+00	0.000000000000000000e+00	0.000000000000000000e+00	0.000000000000000000e+00	0.000000000000000000e+00
0.000000000000000000e+00	0.000000000000000000e+00	0.000000000000000000e+00	0.000000000000000000e+00	0.000000000000000000e+00
0.000000000000000000e+00	0.000000000000000000e+00	0.000000000000000000e+00	0.000000000000000000e+00	0.000000000000000000e+00
0.000000000000000000e+00	0.000000000000000000e+00	0.000000000000000000e+00	0.000000000000000000e+00	0.000000000000000000e+00
0.000000000000000000e+00	0.000000000000000000e+00	0.000000000000000000e+00	0.000000000000000000e+00	0.000000000000000000e+00
0.000000000000000000e+00	0.000000000000000000e+00	0.000000000000000000e+00	0.000000000000000000e+00	0.000000000000000000e+00
0.000000000000000000e+00	0.000000000000000000e+00	0.000000000000000000e+00	0.000000000000000000e+00	0.000000000000000000e+00
0.000000000000000000e+00	0.000000000000000000e+00	0.000000000000000000e+00	0.000000000000000000e+00	0.000000000000000000e+00
0.000000000000000000e+00	0.000000000000000000e+00	0.000000000000000000e+00	0.000000000000000000e+00	0.000000000000000000e+00
0.000000000000000000e+00	0.000000000000000000e+00	0.000000000000000000e+00	0.000000000000000000e+00	0.000000000000000000e+00
0.000000000000000000e+00	0.000000000000000000e+00	0.000000000000000000e+00	0.000000000000000000e+00	0.000000000000000000e+00
0.000000000000000000e+00	0.000000000000000000e+00	0.000000000000000000e+00	0.000000000000000000e+00	0.000000000000000000e+00
0.000000000000000000e+00	0.000000000000000000e+00	0.000000000000000000e+00	0.000000000000000000e+00	0.000000000000000000e+00
0.000000000000000000e+00	0.000000000000000000e+00	0.000000000000000000e+00	0.000000000000000000e+00	0.000000000000000000e+00
0.000000000000000000e+00	0.000000000000000000e+00	0.000000000000000000e+00	0.000000000000000000e+00	0.000000000000000000e+00
0.000000000000000000e+00	0.000000000000000000e+00	0.000000000000000000e+00	0.000000000000000000e+00	0.000000000000000000e+00
0.000000000000000000e+00	0.000000000000000000e+00	0.000000000000000000e+00	0.000000000000000000e+00	0.000000000000000000e+00
0.000000000000000000e+00	0.000000000000000000e+00	0.000000000000000000e+00	0.000000000000000000e+00	0.000000000000000000e+00
0.000000000000000000e+00	0.000000000000000000e+00	0.000000000000000000e+00	0.000000000000000000e+00	0.000000000000000000e+00
0.000000000000000000e+00	0.000000000000000000e+00	0.000000000000000000e+00	0.000000000000000000e+00	0.000000000000000000e+00
0.000000000000000000e+00	0.000000000000000000e+00	0.000000000000000000e+00	0.000000000000000000e+00	0.000000000000000000e+00
0.000000000000000000e+00	0.000000000000000000e+00	0.000000000000000000e+00	0.000000000000000000e+00	0.000000000000000000e+00
0.000000000000000000e+00	0.000000000000000000e+00	0.000000000000000000e+00	0.000000000000000000e+00	0.000000000000000000e+00
0.000000000000000000e+00	0.000000000000000000e+00	0.000000000000000000e+00	0.000000000000000000e+00	0.000000000000000000e+00
0.000000000000000000e+00	0.000000000000000000e+00	0.000000000000000000e+00	0.000000000000000000e+00	0.000000000000000000e+00
0.000000000000000000e+00	0.000000000000000000e+00	0.000000000000000000e+00	0.000000000000000000e+00	0.000000000000000000e+00
0.000000000000000000e+00	0.000000000000000000e+00	0.000000000000000000e+00	0.000000000000000000e+00	0.000000000000000000e+00
0.000000000000000000e+00	0.000000000000000000e+00	0.000000000000000000e+00	0.000000000000000000e+00	0.000000000000000000e+00
0.000000000000000000e+00	0.000000000000000000e+00	0.000000000000000000e+00	0.000000000000000000e+00	0.000000000000000000e+00
0.000000000000000000e+00	0.000000000000000000e+00	0.000000000000000000e+00	0.000000000000000000e+00	0.000000000000000000e+00
0.000000000000000000e+00	0.000000000000000000e+00	0.000000000000000000e+00	0.000000000000000000e+00	0.000000000000000000e+00
0.000000000000000000e+00	0.000000000000000000e+00	0.000000000000000000e+00	0.000000000000000000e+00	0.000000000000000000e+00
0.000000000000000000e+00	0.000000000000000000e+00	0.000000000000000000e+00	0.000000000000000000e+00	0.000000000000000000e+00
0.000000000000000000e+00	0.000000000000000000e+00	0.000000000000000000e+00	0.000000000000000000e+00	0.000000000000000000e+00
0.000000000000000000e+00	0.000000000000000000e+00	0.000000000000000000e+00	0.000000000000000000e+00	0.000000000000000000e+00
0.000000000000000000e+00	0.000000000000000000e+00	0.000000000000000000e+00	0.000000000000000000e+00	0.000000000000000000e+00
0.000000000000000000e+00	0.000000000000000000e+00	0.000000000000000000e+00	0.000000000000000000e+00	0.000000000000000000e+00
0.000000000000000000e+00	0.000000000000000000e+00	0.000000000000000000e+00	0.000000000000000000e+00	0.000000000000000000e+00
0.000000000000000000e+00	0.000000000000000000e+00	0.000000000000000000e+00	0.000000000000000000e+00	0.000000000000000000e+00
0.000000000000000000e+00	0.000000000000000000e+00	0.000000000000000000e+00	0.000000000000000000e+00	0.000000000000000000e+00
0.000000000000000000e+00	0.000000000000000000e+00	0.000000000000000000e+00	0.000000000000000000e+00	0.000000000000000000e+00
0.000000000000000000e+00	0.000000000000000000e+00	0.000000000000000000e+00	0.000000000000000000e+00	0.000000000000000000e+00
0.000000000000000000e+00	0.000000000000000000e+00	0.000000000000000000e+00	0.000000000000000000e+00	0.000000000000000000e+00
0.000000000000000000e+00	0.000000000000000000e+00	0.000000000000000000e+00	0.000000000000000000e+00	0.000000000000000000e+00
0.000000000000000000e+00	0.000000000000000000e+00	0.000000000000000000e+00	0.000000000000000000e+00	0.000000000000000000e+00
0.000000000000000000e+00	0.000000000000000000e+00	0.000000000000000000e+00	0.000000000000000000e+00	0.000000000000000000e+00
0.000000000000000000e+00	0.000000000000000000e+00	0.000000000000000000e+00	0.000000000000000000e+00	0.000000000000000000e+00
0.000000000000000000e+00	0.000000000000000000e+00	0.000000000000000000e+00	0.000000000000000000e+00	0.000000000000000000e+00
0.000000000000000000e+00	0.000000000000000000e+00	0.000000000000000000e+00	0.000000000000000000e+00	0.000000000000000000e+00
0.000000000000000000e+00	0.000000000000000000e+00	0.000000000000000000e+00	0.000000000000000000e+00	0.000000000000000000e+00
0.000000000000000000e+00	0.000000000000000000e+00	0.000000000000000000e+00	0.000000000000000000e+00	0.000000000000000000e+00
0.000000000000000000e+00	0.000000000000000000e+00	0.000000000000000000e+00	0.000000000000000000e+00	0.000000000000000000e+00
0.000000000000000000e+00	0.000000000000000000e+00	0.000000000000000000e+00	0.000000000000000000e+00	0.000000000000000000e+00
0.000000000000000000e+00	0.000000000000000000e+00	0.000000000000000000e+00	0.000000000000000000e+00	0.000000000000000000e+00
0.000000000000000000e+00	0.000000000000000000e+00	0.000000000000000000e+00	0.000000000000000000e+00	0.000000000000000000e+00
0.000000000000000000e+00	0.000000000000000000e+00	0.000000000000000000e+00	0.000000000000000000e+00	0.000000000000000000e+00
0.000000000000000000e+00	0.000000000000000000e+00	0.000000000000000000e+00	0.000000000000000000e+00	0.000000000000000000e+00
0.000000000000000000e+00	0.000000000000000000e+00	0.000000000000000000e+00	0.000000000000000000e+00	0.000000000000000000e+00
0.000000000000000000e+00	0.000000000000000000e+00	0.000000000000000000e+00	0.000000000000000000e+00	0.000000000000000000e+00
0.000000000000000000e+00	0.000000000000000000e+00	0.000000000000000000e+00	0.000000000000000000e+00	0.000000000000000000e+00
0.000000000000000000e+00	0.000000000000000000e+00	0.000000000000000000e+00	0.000000000000000000e+00	0.000000000000000000e+00
0.000000000000000000e+00	0.000000000000000000e+00	0.000000000000000000e+00	0.000000000000000000e+00	0.000000000000000000e+00
0.000000000000000000e+00	0.000000000000000000e+00	0.000000000000000000e+00	0.000000000000000000e+00	0.000000000000000000e+00
0.000000000000000000e+00	0.000000000000000000e+00	0.000000000000000000e+00	0.000000000000000000e+00	0.000000000000000000e+00
0.000000000000000000e+00	0.000000000000000000e+00	0.000000000000000000e+00	0.000000000000000000e+00	0.000000000000000000e+00
0.000000000000000000e+00	0.000000000000000000e+00	0.000000000000000000e+00	0.000000000000000000e+00	0.000000000000000000e+00
0.000000000000000000e+00	0.000000000000000000e+00	0.000000000000000000e+00	0.000000000000000000e+00	0.000000000000000000e+00
0.000000000000000000e+00	0.000000000000000000e+00	0.000000000000000000e+00	0.000000000000000000e+00	0.000000000000000000e+00
0.000000000000000000e+00	0.000000000000000000e+00	0.000000000000000000e+00	0.000000000000000000e+00	0.000000000000000000e+00
0.000000000000000000e+00	0.000000000000000000e+00	0.000000000000000000e+00	0.000000000000000000e+00	0.000000000000000000e+00
0.000000000000000000e+00	0.000000000000000000e+00	0.000000000000000000e+00	0.000000000000000000e+00	0.000000000000000000e+00
0.000000000000000000e+00	0.000000000000000000e+00	0.000000000000000000e+00	0.000000000000000000e+00	0.000000000000000000e+00
0.000000000000000000e+00	0.000000000000000000e+00	0.000000000000000000e+00	0.000000000000000000e+00	0.000000000000000000e+00
0.000000000000000000e+00	0.000000000000000000e+00	0.000000000000000000e+00	0.000000000000000000e+00	0.000000000000000000e+00
0.000000000000000000e+00	0.000000000000000000e+00	0.000000000000000000e+00	0.000000000000000000e+00	0.000000000000000000e+00
0.000000000000000000e+00	0.000000000000000000e+00	0.000000000000000000e+00	0.000000000000000000e+00	0.000000000000000000e+00
0.000000000000000000e+00	0.000000000000000000e+00	0.000000000000000000e+00	0.000000000000000000e+00	0.000000000000000000e+00
0.000000000000000000e+00	0.000000000000000000e+00	0.000000000000000000e+00	0.000000000000000000e+00	0.000000000000000000e+00
0.000000000000000000e+00	0.000000000000000000e+00	0.000000000000000000e+00	0.000000000000000000e+00	0.000000000000000000e+00
0.000000000000000000e+00	0.000000000000000000e+00	0.000000000000000000e+00	0.000000000000000000e+00	0.000000000000000000e+00
0.000000000000000000e+00	0.000000000000000000e+00	0.000000000000000000e+00	0.000000000000000000e+00	0.000000000000000000e+00
0.000000000000000000e+00	0.000000000000000000e+00	0.000000000000000000e+00	0.000000000000000000e+00	0.000000000000000000e+00
0.000000000000000000e+00	0.000000000000000000e+00	0.000000000000000000e+00	0.000000000000000000e+00	0.000000000000000000e+00
0.000000000000000000e+00	0.000000000000000000e+00	0.000000000000000000e+00	0.000000000000000000e+00	0.000000000000000000e+00
0.000000000000000000e+00	0.000000000000000000e+00	0.000000000000000000e+00	0.000000000000000000e+00	0.000000000000000000e+00
0.000000000000000000e+00	0.000000000000000000e+00	0.000000000000000000e+00	0.000000000000000000e+00	0.000000000000000000e+00
0.000000000000000000e+00	0.000000000000000000e+00	0.000000000000000000e+00	0.000000000000000000e+00	0.000000000000000000e+00
0.000000000000000000e+00	0.000000000000000000e+00	0.000000000000000000e+00	0.000000000000000000e+00	0.000000000000000000e+00
0.000000000000000000e+00	0.000000000000000000e+00	0.000000000000000000e+00	0.000000000000000000e+00	0.000000000000000000e+00
0.000000000000000000e+00	0.000000000000000000e+00	0.000000000000000000e+00	0.000000000000000000e+00	0.000000000000000000e+00
0.000000000000000000e+00	0.000000000000000000e+00	0.000000000000000000e+00	0.000000000000000000e+00	0.000000000000000000e+00
0.000000000000000000e+00	0.000000000000000000e+00	0.000000000000000000e+00	0.000000000000000000e+00	0.000000000000000000e+00
0.000000000000000000e+00	0.000000000000000000e+00	0.000000000000000000e+00	0.000000000000000000e+00	0.000000000000000000e+00
0.000000000000000000e+00	0.000000000000000000e+00	0.000000000000000000e+00	0.000000000000000000e+00	0.000000000000000000e+00
0.000000000000000000e+00	0.000000000000000000e+00	0.000000000000000000e+00	0.000000000000000000e+00	0.000000000000000000e+00
0.000000000000000000e+00	0.000000000000000000e+00	0.000000000000000000e+00	0.000000000000000000e+00	0.000000000000000000e+00
0.000000000000000000e+00	0.000000000000000000e+00	0.000000000000000000e+00	0.000000000000000000e+00	0.000000000000000000e+00
0.000000000000000000e+00	0.000000000000000000e+00	0.000000000000000000e+00	0.000000000000000000e+00	0.000000000000000000e+00
0.000000000000000000e+00	0.000000000000000000e+00	0.000000000000000000e+00	0.000000000000000000e+00	0.000000000000000000e+00
0.000000000000000000e+00	0.000000000000000000e+00	0.000000000000000000e+00	0.000000000000000000e+00	0.000000000000000000e+00
0.000000000000000000e+00	0.000000000000000000e+00	0.000000000000000000e+00	0.000000000000000000e+00	0.000000000000000000e+00
0.000000000000000000e+00	0.000000000000000000e+00	0.000000000000000000e+00	0.000000000000000000e+00	0.000000000000000000e+00
0.000000000000000000e+00	0.000000000000000000e+00	0.000000000000000000e+00	0.000000000000000000e+00	0.000000000000000000e+00
0.000000000000000000e+00	0.000000000000000000e+00	0.000000000000000000e+00	0.000000000000000000e+00	0.000000000000000000e+00
0.000000000000000000e+00	0.000000000000000000e+00	0.000000000000000000e+00	0.000000000000000000e+00	0.000000000000000000e+00
0.000000000000000000e+00	0.000000000000000000e+00	0.000000000000000000e+00	0.000000000000000000e+00	0.000000000000000000e+00
0.000000000000000000e+00	0.000000000000000000e+00	0.000000000000000000e+00	0.000000000000000000e+00	0.000000000000000000e+00
0.000000000000000000e+00	0.000000000000000000e+00	0.000000000000000000e+00	0.000000000000000000e+00	0.000000000000000000e+00
0.000000000000000000e+00	0.000000000000000000e+00	0.000000000000000000e+00	0.000000000000000000e+00	0.000000000000000000e+00
0.000000000000000000e+00	0.000000000000000000e+00	0.000000000000000000e+00	0.000000000000000000e+00	0.000000000000000000e+00
0.000000000000000000e+00	0.000000000000000000e+00	0.000000000000000000e+00	0.000000000000000000e+00	0.000000000000000000e+00
0.000000000000000000e+00	0.000000000000000000e+00	0.000000000000000000e+00	0.000000000000000000e+00	0.000000000000000000e+00
0.000000000000000000e+00	0.000000000000000000e+00	0.000000000000000000e+00	0.000000000000000000e+00	0.000000000000000000e+00
0.000000000000000000e+00	0.000000000000000000e+00	0.000000000000000000e+00	0.000000000000000000e+00	0.000000000000000000e+00
0.000000000000000000e+00	0.000000000000000000e+00	0.000000000000000000e+00	0.000000000000000000e+00	0.000000000000000000e+00
0.000000000000000000e+00	0.000000000000000000e+00	0.000000000000000000e+00	0.000000000000000000e+00	0.000000000000000000e+00
0.000000000000000000e+00	0.000000000000000000e+00	0.000000000000000000e+00	0.000000000000000000e+00	0.000000000000000000e+00
0.000000000000000000e+00	0.000000000000000000e+00	0.000000000000000000e+00	0.000000000000000000e+00	0.000000000000000000e+00
0.000000000000000000e+00	0.000000000000000000e+00	0.000000000000000000e+00	0.000000000000000000e+00	0.000000000000000000e+00
0.000000000000000000e+00	0.000000000000000000e+00	0.000000000000000000e+00	0.000000000000000000e+00	0.000000000000000000e+00
0.000000000000000000e+00	0.000000000000000000e+00	0.000000000000000000e+00	0.000000000000000000e+00	0.000000000000000000e+00
0.000000000000000000e+00	0.000000000000000000e+00	0.000000000000000000e+00	0.000000000000000000e+00	0.000000000000000000e+00
0.000000000000000000e+00	0.000000000000000000e+00	0.000000000000000000e+00	0.000000000000000000e+00	0.000000000000000000e+00
0.000000000000000000e+00	0.000000000000000000e+00	0.000000000000000000e+00	0.000000000000000000e+00	0.000000000000000000e+00
0.000000000000000000e+00	0.000000000000000000e+00	0.000000000000000000e+00	0.000000000000000000e+00	0.000000000000000000e+00
0.000000000000000000e+00	0.000000000000000000e+00	0.000000000000000000e+00	0.000000000000000000e+00	0.000000000000000000e+00
0.000000000000000000e+00	0.000000000000000000e+00	0.000000000000000000e+00	0.000000000000000000e+00	0.000000000000000000e+00
0.000000000000000000e+00	0.000000000000000000e+00	0.000000000000000000e+00	0.000000000000000000e+00	0.000000000000000000e+00
0.000000000000000000e+00	0.000000000000000000e+00	0.000000000000000000e+00	0.000000000000000000e+00	0.000000000000000000e+00
0.000000000000000000e+00	0.000000000000000000e+00	0.000000000000000000e+00	0.000000000000000000e+00	0.000000000000000000e+00
0.000000000000000000e+00	0.000000000000000000e+00	0.000000000000000000e+00	0.000000000000000000e+00	0.000000000000000000e+00
0.000000000000000000e+00	0.000000000000000000e+00	0.000000000000000000e+00	0.000000000000000000e+00	0.000000000000000000e+00
0.000000000000000000e+00	0.000000000000000000e+00	0.000000000000000000e+00	0.000000000000000000e+00	0.000000000000000000e+00
0.000000000000000000e+00	0.000000000000000000e+00	0.000000000000000000e+00	0.000000000000000000e+00	0.000000000000000000e+00
0.000000000000000000e+00	0.000000000000000000e+00	0.000000000000000000e+00	0.000000000000000000e+00	0.000000000000000000e+00
0.000000000000000000e+00	0.000000000000000000e+00	0.000000000000000000e+00	0.000000000000000000e+00	0.000000000000000000e+00
0.000000000000000000e+00	0.000000000000000000e+00	0.000000000000000000e+00	0.000000000000000000e+00	0.000000000000000000e+00
0.000000000000000000e+00	0.000000000000000000e+00	0.000000000000000000e+00	0.000000000000000000e+00	0.000000000000000000e+00
0.000000000000000000e+00	0.000000000000000000e+00	0.000000000000000000e+00	0.000000000000000000e+00	0.000000000000000000e+00
0.000000000000000000e+00	0.000000000000000000e+00	0.000000000000000000e+00	0.000000000000000000e+00	0.000000000000000000e+00
0.000000000000000000e+00	0.000000000000000000e+00	0.000000000000000000e+00	0.000000000000000000e+00	0.000000000000000000e+00
0.000000000000000000e+00	0.000000000000000000e+00	0.000000000000000000e+00	0.000000000000000000e+00	0.000000000000000000e+00
0.000000000000000000e+00	0.000000000000000000e+00	0.000000000000000000e+00	0.000000000000000000e+00	0.000000000000000000e+00
0.000000000000000000e+00	0.000000000000000000e+00	0.000000000000000000e+00	0.000000000000000000e+00	0.000000000000000000e+00
0.000000000000000000e+00	0.000000000000000000e+00	0.000000000000000000e+00	0.000000000000000000e+00	0.000000000000000000e+00
0.000000000000000000e+00	0.000000000000000000e+00	0.000000000000000000e+00	0.000000000000000000e+00	0.000000000000000000e+00
0.000000000000000000e+00	0.000000000000000000e+00	0.000000000000000000e+00	0.000000000000000000e+00	0.000000000000000000e+00
0.000000000000000000e+00	0.000000000000000000e+00	0.000000000000000000e+00	0.000000000000000000e+00	0.000000000000000000e+00
0.000000000000000000e+00	0.000000000000000000e+00	0.000000000000000000e+00	0.000000000000000000e+00	0.000000000000000000e+00
0.000000000000000000e+00	0.000000000000000000e+00	0.000000000000000000e+00	0.000000000000000000e+00	0.000000000000000000e+00
0.000000000000000000e+00	0.000000000000000000e+00	0.000000000000000000e+00	0.000000000000000000e+00	0.000000000000000000e+00
0.000000000000000000e+00	0.000000000000000000e+00	0.000000000000000000e+00	0.000000000000000000e+00	0.000000000000000000e+00
0.000000000000000000e+00	0.000000000000000000e+00	0.000000000000000000e+00	0.000000000000000000e+00	0.000000000000000000e+00
0.000000000000000000e+00	0.000000000000000000e+00	0.000000000000000000e+00	0.000000000000000000e+00	0.000000000000000000e+00
0.000000000000000000e+00	0.000000000000000000e+00	0.000000000000000000e+00	0.000000000000000000e+00	0.000000000000000000e+00
0.000000000000000000e+00	0.000000000000000000e+00	0.000000000000000000e+00	0.000000000000000000e+00	0.000000000000000000e+00
0.000000000000000000e+00	0.000000000000000000e+00	0.000000000000000000e+00	0.000000000000000000e+00	0.000000000000000000e+00
0.000000000000000000e+00	0.000000000000000000e+00	0.000000000000000000e+00	0.000000000000000000e+00	0.000000000000000000e+00
0.000000000000000000e+00	0.000000000000000000e+00	0.000000000000000000e+00	0.000000000000000000e+00	0.000000000000000000e+00
0.000000000000000000e+00	0.000000000000000000e+00	0.000000000000000000e+00	0.000000000000000000e+00	0.000000000000000000e+00
0.000000000000000000e+00	0.000000000000000000e+00	0.000000000000000000e+00	0.000000000000000000e+00	0.000000000000000000e+00
0.000000000000000000e+00	0.000000000000000000e+00	0.000000000000000000e+00	0.000000000000000000e+00	0.000000000000000000e+00
0.000000000000000000e+00	0.000000000000000000e+00	0.000000000000000000e+00	0.000000000000000000e+00	0.000000000000000000e+00
0.000000000000000000e+00	0.000000000000000000e+00	0.000000000000000000e+00	0.000000000000000000e+00	0.000000000000000000e+00
0.000000000000000000e+00	0.000000000000000000e+00	0.000000000000000000e+00	0.000000000000000000e+00	0.000000000000000000e+00
0.000000000000000000e+00	0.000000000000000000e+00	0.000000000000000000e+00	0.000000000000000000e+00	0.000000000000000000e+00
0.000000000000000000e+00	0.000000000000000000e+00	0.000000000000000000e+00	0.000000000000000000e+00	0.000000000000000000e+00
0.000000000000000000e+00	0.000000000000000000e+00	0.000000000000000000e+00	0.000000000000000000e+00	0.000000000000000000e+00
0.000000000000000000e+00	0.000000000000000000e+00	0.000000000000000000e+00	0.000000000000000000e+00	0.000000000000000000e+00
0.000000000000000000e+00	0.000000000000000000e+00	0.000000000000000000e+00	0.000000000000000000e+00	0.000000000000000000e+00
0.000000000000000000e+00	0.000000000000000000e+00	0.000000000000000000e+00	0.000000000000000000e+00	0.000000000000000000e+00
0.000000000000000000e+00	0.000000000000000000e+00	0.000000000000000000e+00	0.000000000000000000e+00	0.000000000000000000e+00
0.000000000000000000e+00	0.000000000000000000e+00	0.000000000000000000e+00	0.000000000000000000e+00	0.000000000000000000e+00
0.000000000000000000e+00	0.000000000000000000e+00	0.000000000000000000e+00	0.000000000000000000e+00	0.000000000000000000e+00
0.000000000000000000e+00	0.000000000000000000e+00	0.000000000000000000e+00	0.000000000000000000e+00	0.000000000000000000e+00
0.000000000000000000e+00	0.000000000000000000e+00	0.000000000000000000e+00	0.000000000000000000e+00	0.000000000000000000e+00
0.000000000000000000e+00	0.000000000000000000e+00	0.000000000000000000e+00	0.000000000000000000e+00	0.000000000000000000e+00
0.000000000000000000e+00	0.000000000000000000e+00	0.000000000000000000e+00	0.000000000000000000e+00	0.000000000000000000e+00
0.000000000000000000e+00	0.000000000000000000e+00	0.000000000000000000e+00	0.000000000000000000e+00	0.000000000000000000e+00
0.000000000000000000e+00	0.000000000000000000e+00	0.000000000000000000e+00	0.000000000000000000e+00	0.000000000000000000e+00
0.000000000000000000e+00	0.000000000000000000e+00	0.000000000000000000e+00	0.000000000000000000e+00	0.000000000000000000e+00
0.000000000000000000e+00	0.000000000000000000e+00	0.000000000000000000e+00	0.000000000000000000e+00	0.000000000000000000e+00
0.000000000000000000e+00	0.000000000000000000e+00	0.000000000000000000e+00	0.000000000000000000e+00	0.000000000000000000e+00
0.000000000000000000e+00	0.000000000000000000e+00	0.000000000000000000e+00	0.000000000000000000e+00	0.000000000000000000e+00
0.000000000000000000e+00	0.000000000000000000e+00	0.000000000000000000e+00	0.000000000000000000e+00	0.000000000000000000e+00
0.000000000000000000e+00	0.000000000000000000e+00	0.000000000000000000e+00	0.000000000000000000e+00	0.000000000000000000e+00
0.000000000000000000e+00	0.000000000000000000e+00	0.000000000000000000e+00	0.000000000000000000e+00	0.000000000000000000e+00
0.000000000000000000e+00	0.000000000000000000e+00	0.000000000000000000e+00	0.000000000000000000e+00	0.000000000000000000e+00
0.000000000000000000e+00	0.000000000000000000e+00	0.000000000000000000e+00	0.000000000000000000e+00	0.000000000000000000e+00
0.000000000000000000e+00	0.000000000000000000e+00	0.000000000000000000e+00	0.000000000000000000e+00	0.000000000000000000e+00
0.000000000000000000e+00	0.000000000000000000e+00	0.000000000000000000e+00	0.000000000000000000e+00	0.000000000000000000e+00
0.000000000000000000e+00	0.000000000000000000e+00	0.000000000000000000e+00	0.000000000000000000e+00	0.000000000000000000e+00
0.000000000000000000e+00	0.000000000000000000e+00	0.000000000000000000e+00	0.000000000000000000e+00	0.000000000000000000e+00
0.000000000000000000e+00	0.000000000000000000e+00	0.000000000000000000e+00	0.000000000000000000e+00	0.000000000000000000e+00
0.000000000000000000e+00	0.000000000000000000e+00	0.000000000000000000e+00	0.000000000000000000e+00	0.000000000000000000e+00
0.000000000000000000e+00	0.000000000000000000e+00	0.000000000000000000e+00	0.000000000000000000e+00	0.000000000000000000e+00
0.000000000000000000e+00	0.000000000000000000e+00	0.000000000000000000e+00	0.000000000000000000e+00	0.000000000000000000e+00
0.000000000000000000e+00	0.000000000000000000e+00	0.000000000000000000e+00	0.000000000000000000e+00	0.000000000000000000e+00
0.000000000000000000e+00	0.000000000000000000e+00	0.000000000000000000e+00	0.000000000000000000e+00	0.000000000000000000e+00
0.000000000000000000e+00	0.000000000000000000e+00	0.000000000000000000e+00	0.000000000000000000e+00	0.000000000000000000e+00
0.000000000000000000e+00	0.000000000000000000e+00	0.000000000000000000e+00	0.000000000000000000e+00	0.000000000000000000e+00
0.000000000000000000e+00	0.000000000000000000e+00	0.000000000000000000e+00	0.000000000000000000e+00	0.000000000000000000e+00
0.000000000000000000e+00	0.000000000000000000e+00	0.000000000000000000e+00	0.000000000000000000e+00	0.000000000000000000e+00
0.000000000000000000e+00	0.000000000000000000e+00	0.000000000000000000e+00	0.000000000000000000e+00	0.000000000000000000e+00
0.000000000000000000e+00	0.000000000000000000e+00	0.000000000000000000e+00	0.000000000000000000e+00	0.000000000000000000e+00
0.000000000000000000e+00	0.000000000000000000e+00	0.000000000000000000e+00	0.000000000000000000e+00	0.000000000000000000e+00
0.000000000000000000e+00	0.000000000000000000e+00	0.000000000000000000e+00	0.000000000000000000e+00	0.000000000000000000e+00
0.000000000000000000e+00	0.000000000000000000e+00	0.000000000000000000e+00	0.000000000000000000e+00	0.000000000000000000e+00
0.000000000000000000e+00	0.000000000000000000e+00	0.000000000000000000e+00	0.000000000000000000e+00	0.000000000000000000e+00
0.000000000000000000e+00	0.000000000000000000e+00	0.000000000000000000e+00	0.000000000000000000e+00	0.000000000000000000e+00
0.000000000000000000e+00	0.000000000000000000e+00	0.000000000000000000e+00	0.000000000000000000e+00	0.000000000000000000e+00
0.000000000000000000e+00	0.000000000000000000e+00	0.000000000000000000e+00	0.000000000000000000e+00	0.000000000000000000e+00
0.000000000000000000e+00	0.000000000000000000e+00	0.000000000000000000e+00	0.000000000000000000e+00	0.000000000000000000e+00
0.000000000000000000e+00	0.000000000000000000e+00	0.000000000000000000e+00	0.000000000000000000e+00	0.000000000000000000e+00
0.000000000000000000e+00	0.000000000000000000e+00	0.000000000000000000e+00	0.000000000000000000e+00	0.000000000000000000e+00
0.000000000000000000e+00	0.000000000000000000e+00	0.000000000000000000e+00	0.000000000000000000e+00	0.000000000000000000e+00
0.000000000000000000e+00	0.000000000000000000e+00	0.000000000000000000e+00	0.000000000000000000e+00	0.000000000000000000e+00
0.000000000000000000e+00	0.000000000000000000e+00	0.000000000000000000e+00	0.000000000000000000e+00	0.000000000000000000e+00
0.000000000000000000e+00	0.000000000000000000e+00	0.000000000000000000e+00	0.000000000000000000e+00	0.000000000000000000e+00
0.000000000000000000e+00	0.000000000000000000e+00	0.000000000000000000e+00	0.000000000000000000e+00	0.000000000000000000e+00
0.000000000000000000e+00	0.000000000000000000e+00	0.000000000000000000e+00	0.000000000000000000e+00	0.000000000000000000e+00
0.000000000000000000e+00	0.000000000000000000e+00	0.000000000000000000e+00	0.000000000000000000e+00	0.000000000000000000e+00
0.000000000000000000e+00	0.000000000000000000e+00	0.000000000000000000e+00	0.000000000000000000e+00	0.000000000000000000e+00
0.000000000000000000e+00	0.000000000000000000e+00	0.000000000000000000e+00	0.000000000000000000e+00	0.000000000000000000e+00
0.000000000000000000e+00	0.000000000000000000e+00	0.000000000000000000e+00	0.000000000000000000e+00	0.000000000000000000e+00
0.000000000000000000e+00	0.000000000000000000e+00	0.000000000000000000e+00	0.000000000000000000e+00	0.000000000000000000e+00
0.000000000000000000e+00	0.000000000000000000e+00	0.000000000000000000e+00	0.000000000000000000e+00	0.000000000000000000e+00
0.000000000000000000e+00	0.000000000000000000e+00	0.000000000000000000e+00	0.000000000000000000e+00	0.000000000000000000e+00
0.000000000000000000e+00	0.000000000000000000e+00	0.000000000000000000e+00	0.000000000000000000e+00	0.000000000000000000e+00
0.000000000000000000e+00	0.000000000000000000e+00	0.000000000000000000e+00	0.000000000000000000e+00	0.000000000000000000e+00
0.000000000000000000e+00	0.000000000000000000e+00	0.000000000000000000e+00	0.000000000000000000e+00	0.000000000000000000e+00
0.000000000000000000e+00	0.000000000000000000e+00	0.000000000000000000e+00	0.000000000000000000e+00	0.000000000000000000e+00
0.000000000000000000e+00	0.000000000000000000e+00	0.000000000000000000e+00	0.000000000000000000e+00	0.000000000000000000e+00
0.000000000000000000e+00	0.000000000000000000e+00	0.000000000000000000e+00	0.000000000000000000e+00	0.000000000000000000e+00
0.000000000000000000e+00	0.000000000000000000e+00	0.000000000000000000e+00	0.000000000000000000e+00	0.000000000000000000e+00
0.000000000000000000e+00	0.000000000000000000e+00	0.000000000000000000e+00	0.000000000000000000e+00	0.000000000000000000e+00
0.000000000000000000e+00	0.000000000000000000e+00	0.000000000000000000e+00	0.000000000000000000e+00	0.000000000000000000e+00
0.000000000000000000e+00	0.000000000000000000e+00	0.000000000000000000e+00	0.000000000000000000e+00	0.000000000000000000e+00
0.000000000000000000e+00	0.000000000000000000e+00	0.000000000000000000e+00	0.000000000000000000e+00	0.000000000000000000e+00
0.000000000000000000e+00	0.000000000000000000e+00	0.000000000000000000e+00	0.000000000000000000e+00	0.000000000000000000e+00
0.000000000000000000e+00	0.000000000000000000e+00	0.000000000000000000e+00	0.000000000000000000e+00	0.000000000000000000e+00
0.000000000000000000e+00	0.000000000000000000e+00	0.000000000000000000e+00	0.000000000000000000e+00	0.000000000000000000e+00
0.000000000000000000e+00	0.000000000000000000e+00	0.000000000000000000e+00	0.000000000000000000e+00	0.000000000000000000e+00
0.000000000000000000e+00	0.000000000000000000e+00	0.000000000000000000e+00	0.000000000000000000e+00	0.000000000000000000e+00
0.000000000000000000e+00	0.000000000000000000e+00	0.000000000000000000e+00	0.000000000000000000e+00	0.000000000000000000e+00
0.000000000000000000e+00	0.000000000000000000e+00	0.000000000000000000e+00	0.000000000000000000e+00	0.000000000000000000e+00
0.000000000000000000e+00	0.000000000000000000e+00	0.000000000000000000e+00	0.000000000000000000e+00	0.000000000000000000e+00
0.000000000000000000e+00	0.000000000000000000e+00	0.000000000000000000e+00	0.000000000000000000e+00	0.000000000000000000e+00
0.000000000000000000e+00	0.000000000000000000e+00	0.000000000000000000e+00	0.000000000000000000e+00	0.000000000000000000e+00
0.000000000000000000e+00	0.000000000000000000e+00	0.000000000000000000e+00	0.000000000000000000e+00	0.000000000000000000e+00
0.000000000000000000e+00	0.000000000000000000e+00	0.000000000000000000e+00	0.000000000000000000e+00	0.000000000000000000e+00
0.000000000000000000e+00	0.000000000000000000e+00	0.000000000000000000e+00	0.000000000000000000e+00	0.000000000000000000e+00
0.000000000000000000e+00	0.000000000000000000e+00	0.000000000000000000e+00	0.000000000000000000e+00	0.000000000000000000e+00
0.000000000000000000e+00	0.000000000000000000e+00	0.000000000000000000e+00	0.000000000000000000e+00	0.000000000000000000e+00
0.000000000000000000e+00	0.000000000000000000e+00	0.000000000000000000e+00	0.000000000000000000e+00	0.000000000000000000e+00
0.000000000000000000e+00	0.000000000000000000e+00	0.000000000000000000e+00	0.000000000000000000e+00	0.000000000000000000e+00
0.000000000000000000e+00	0.000000000000000000e+00	0.000000000000000000e+00	0.000000000000000000e+00	0.000000000000000000e+00
0.000000000000000000e+00	0.000000000000000000e+00	0.000000000000000000e+00	0.000000000000000000e+00	0.000000000000000000e+00
0.000000000000000000e+00	0.000000000000000000e+00	0.000000000000000000e+00	0.000000000000000000e+00	0.000000000000000000e+00
0.000000000000000000e+00	0.000000000000000000e+00	0.000000000000000000e+00	0.000000000000000000e+00	0.000000000000000000e+00
0.000000000000000000e+00	0.000000000000000000e+00	0.000000000000000000e+00	0.000000000000000000e+00	0.000000000000000000e+00
0.000000000000000000e+00	0.000000000000000000e+00	0.000000000000000000e+00	0.000000000000000000e+00	0.000000000000000000e+00
0.000000000000000000e+00	0.000000000000000000e+00	0.000000000000000000e+00	0.000000000000000000e+00	0.000000000000000000e+00
0.000000000000000000e+00	0.000000000000000000e+00	0.000000000000000000e+00	0.000000000000000000e+00	0.000000000000000000e+00
0.000000000000000000e+00	0.000000000000000000e+00	0.000000000000000000e+00	0.000000000000000000e+00	0.000000000000000000e+00
0.000000000000000000e+00	0.000000000000000000e+00	0.000000000000000000e+00	0.000000000000000000e+00	0.000000000000000000e+00
0.000000000000000000e+00	0.000000000000000000e+00	0.000000000000000000e+00	0.000000000000000000e+00	0.000000000000000000e+00
0.000000000000000000e+00	0.000000000000000000e+00	0.000000000000000000e+00	0.000000000000000000e+00	0.000000000000000000e+00
0.000000000000000000e+00	0.000000000000000000e+00	0.000000000000000000e+00	0.000000000000000000e+00	0.000000000000000000e+00
0.000000000000000000e+00	0.000000000000000000e+00	0.000000000000000000e+00	0.000000000000000000e+00	0.000000000000000000e+00
0.000000000000000000e+00	0.000000000000000000e+00	0.000000000000000000e+00	0.000000000000000000e+00	0.000000000000000000e+00
0.000000000000000000e+00	0.000000000000000000e+00	0.000000000000000000e+00	0.000000000000000000e+00	0.000000000000000000e+00
0.000000000000000000e+00	0.000000000000000000e+00	0.000000000000000000e+00	0.000000000000000000e+00	0.000000000000000000e+00
0.000000000000000000e+00	0.000000000000000000e+00	0.000000000000000000e+00	0.000000000000000000e+00	0.000000000000000000e+00
0.000000000000000000e+00	0.000000000000000000e+00	0.000000000000000000e+00	0.000000000000000000e+00	0.000000000000000000e+00
0.000000000000000000e+00	0.000000000000000000e+00	0.000000000000000000e+00	0.000000000000000000e+00	0.000000000000000000e+00
0.000000000000000000e+00	0.000000000000000000e+00	0.000000000000000000e+00	0.000000000000000000e+00	0.000000000000000000e+00
0.000000000000000000e+00	0.000000000000000000e+00	0.000000000000000000e+00	0.000000000000000000e+00	0.000000000000000000e+00
0.000000000000000000e+00	0.000000000000000000e+00	0.000000000000000000e+00	0.000000000000000000e+00	0.000000000000000000e+00
0.000000000000000000e+00	0.000000000000000000e+00	0.000000000000000000e+00	0.000000000000000000e+00	0.000000000000000000e+00
0.000000000000000000e+00	0.000000000000000000e+00	0.000000000000000000e+00	0.000000000000000000e+00	0.000000000000000000e+00
0.000000000000000000e+00	0.000000000000000000e+00	0.000000000000000000e+00	0.000000000000000000e+00	0.000000000000000000e+00
0.000000000000000000e+00	0.000000000000000000e+00	0.000000000000000000e+00	0.000000000000000000e+00	0.000000000000000000e+00
0.000000000000000000e+00	0.000000000000000000e+00	0.000000000000000000e+00	0.000000000000000000e+00	0.000000000000000000e+00
0.000000000000000000e+00	0.000000000000000000e+00	0.000000000000000000e+00	0.000000000000000000e+00	0.000000000000000000e+00
0.000000000000000000e+00	0.000000000000000000e+00	0.000000000000000000e+00	0.000000000000000000e+00	0.000000000000000000e+00
0.000000000000000000e+00	0.000000000000000000e+00	0.000000000000000000e+00	0.000000000000000000e+00	0.000000000000000000e+00
0.000000000000000000e+00	0.000000000000000000e+00	0.000000000000000000e+00	0.000000000000000000e+00	0.000000000000000000e+00
0.000000000000000000e+00	0.000000000000000000e+00	0.000000000000000000e+00	0.000000000000000000e+00	0.000000000000000000e+00
0.000000000000000000e+00	0.000000000000000000e+00	0.000000000000000000e+00	0.000000000000000000e+00	0.000000000000000000e+00
0.000000000000000000e+00	0.000000000000000000e+00	0.000000000000000000e+00	0.000000000000000000e+00	0.000000000000000000e+00
0.000000000000000000e+00	0.000000000000000000e+00	0.000000000000000000e+00	0.000000000000000000e+00	0.000000000000000000e+00
0.000000000000000000e+00	0.000000000000000000e+00	0.000000000000000000e+00	0.000000000000000000e+00	0.000000000000000000e+00
0.000000000000000000e+00	0.000000000000000000e+00	0.000000000000000000e+00	0.000000000000000000e+00	0.000000000000000000e+00
0.000000000000000000e+00	0.000000000000000000e+00	0.000000000000000000e+00	0.000000000000000000e+00	0.000000000000000000e+00
0.000000000000000000e+00	0.000000000000000000e+00	0.000000000000000000e+00	0.000000000000000000e+00	0.000000000000000000e+00
0.000000000000000000e+00	0.000000000000000000e+00	0.000000000000000000e+00	0.000000000000000000e+00	0.000000000000000000e+00
0.000000000000000000e+00	0.000000000000000000e+00	0.000000000000000000e+00	0.000000000000000000e+00	0.000000000000000000e+00
0.000000000000000000e+00	0.000000000000000000e+00	0.000000000000000000e+00	0.000000000000000000e+00	0.000000000000000000e+00
0.000000000000000000e+00	0.000000000000000000e+00	0.000000000000000000e+00	0.000000000000000000e+00	0.000000000000000000e+00
0.000000000000000000e+00	0.000000000000000000e+00	0.000000000000000000e+00	0.000000000000000000e+00	0.000000000000000000e+00
0.000000000000000000e+00	0.000000000000000000e+00	0.000000000000000000e+00	0.000000000000000000e+00	0.000000000000000000e+00
0.000000000000000000e+00	0.000000000000000000e+00	0.000000000000000000e+00	0.000000000000000000e+00	0.000000000000000000e+00
0.000000000000000000e+00	0.000000000000000000e+00	0.000000000000000000e+00	0.000000000000000000e+00	0.000000000000000000e+00
0.000000000000000000e+00	0.000000000000000000e+00	0.000000000000000000e+00	0.000000000000000000e+00	0.000000000000000000e+00
0.000000000000000000e+00	0.000000000000000000e+00	0.000000000000000000e+00	0.000000000000000000e+00	0.000000000000000000e+00
0.000000000000000000e+00	0.000000000000000000e+00	0.000000000000000000e+00	0.000000000000000000e+00	0.000000000000000000e+00
0.000000000000000000e+00	0.000000000000000000e+00	0.000000000000000000e+00	0.000000000000000000e+00	0.000000000000000000e+00
0.000000000000000000e+00	0.000000000000000000e+00	0.000000000000000000e+00	0.000000000000000000e+00	0.000000000000000000e+00
0.000000000000000000e+00	0.000000000000000000e+00	0.000000000000000000e+00	0.000000000000000000e+00	0.000000000000000000e+00
0.000000000000000000e+00	0.000000000000000000e+00	0.000000000000000000e+00	0.000000000000000000e+00	0.000000000000000000e+00
0.000000000000000000e+00	0.000000000000000000e+00	0.000000000000000000e+00	0.000000000000000000e+00	0.000000000000000000e+00
0.000000000000000000e+00	0.000000000000000000e+00	0.000000000000000000e+00	0.000000000000000000e+00	0.000000000000000000e+00
0.000000000000000000e+00	0.000000000000000000e+00	0.000000000000000000e+00	0.000000000000000000e+00	0.000000000000000000e+00
0.000000000000000000e+00	0.000000000000000000e+00	0.000000000000000000e+00	0.000000000000000000e+00	0.000000000000000000e+00
0.000000000000000000e+00	0.000000000000000000e+00	0.000000000000000000e+00	0.000000000000000000e+00	0.000000000000000000e+00
0.000000000000000000e+00	0.000000000000000000e+00	0.000000000000000000e+00	0.000000000000000000e+00	0.000000000000000000e+00
0.000000000000000000e+00	0.000000000000000000e+00	0.000000000000000000e+00	0.000000000000000000e+00	0.000000000000000000e+00
0.000000000000000000e+00	0.000000000000000000e+00	0.000000000000000000e+00	0.000000000000000000e+00	0.000000000000000000e+00
0.000000000000000000e+00	0.000000000000000000e+00	0.000000000000000000e+00	0.000000000000000000e+00	0.000000000000000000e+00
0.000000000000000000e+00	0.000000000000000000e+00	0.000000000000000000e+00	0.000000000000000000e+00	0.000000000000000000e+00
0.000000000000000000e+00	0.000000000000000000e+00	0.000000000000000000e+00	0.000000000000000000e+00	0.000000000000000000e+00
0.000000000000000000e+00	0.000000000000000000e+00	0.000000000000000000e+00	0.000000000000000000e+00	0.000000000000000000e+00
0.000000000000000000e+00	0.000000000000000000e+00	0.000000000000000000e+00	0.000000000000000000e+00	0.000000000000000000e+00
0.000000000000000000e+00	0.000000000000000000e+00	0.000000000000000000e+00	0.000000000000000000e+00	0.000000000000000000e+00
0.000000000000000000e+00	0.000000000000000000e+00	0.000000000000000000e+00	0.000000000000000000e+00	0.000000000000000000e+00
0.000000000000000000e+00	0.000000000000000000e+00	0.000000000000000000e+00	0.000000000000000000e+00	0.000000000000000000e+00
0.000000000000000000e+00	0.000000000000000000e+00	0.000000000000000000e+00	0.000000000000000000e+00	0.000000000000000000e+00
0.000000000000000000e+00	0.000000000000000000e+00	0.000000000000000000e+00	0.000000000000000000e+00	0.000000000000000000e+00
0.000000000000000000e+00	0.000000000000000000e+00	0.000000000000000000e+00	0.000000000000000000e+00	0.000000000000000000e+00
0.000000000000000000e+00	0.000000000000000000e+00	0.000000000000000000e+00	0.000000000000000000e+00	0.000000000000000000e+00
0.000000000000000000e+00	0.000000000000000000e+00	0.000000000000000000e+00	0.000000000000000000e+00	0.000000000000000000e+00
0.000000000000000000e+00	0.000000000000000000e+00	0.000000000000000000e+00	0.000000000000000000e+00	0.000000000000000000e+00
0.000000000000000000e+00	0.000000000000000000e+00	0.000000000000000000e+00	0.000000000000000000e+00	0.000000000000000000e+00
0.000000000000000000e+00	0.000000000000000000e+00	0.000000000000000000e+00	0.000000000000000000e+00	0.000000000000000000e+00
0.000000000000000000e+00	0.000000000000000000e+00	0.000000000000000000e+00	0.000000000000000000e+00	0.000000000000000000e+00
0.000000000000000000e+00	0.000000000000000000e+00	0.000000000000000000e+00	0.000000000000000000e+00	0.000000000000000000e+00
0.000000000000000000e+00	0.000000000000000000e+00	0.000000000000000000e+00	0.000000000000000000e+00	0.000000000000000000e+00
0.000000000000000000e+00	0.000000000000000000e+00	0.000000000000000000e+00	0.000000000000000000e+00	0.000000000000000000e+00
0.000000000000000000e+00	0.000000000000000000e+00	0.000000000000000000e+00	0.000000000000000000e+00	0.000000000000000000e+00
-3.000847000000000116e+04	0.000000000000000000e+00	0.000000000000000000e+00	5.310220648823511802e-02	0.000000000000000000e+00
-3.000847000000000116e+04	0.000000000000000000e+00	0.000000000000000000e+00	4.272591326639606918e-02	0.000000000000000000e+00
-3.000845999999999913e+04	0.000000000000000000e+00	0.000000000000000000e+00	4.303109836115603937e-02	0.000000000000000000e+00
-3.000845000000000073e+04	0.000000000000000000e+00	0.000000000000000000e+00	4.364146855067598668e-02	0.000000000000000000e+00
-3.000843999999999869e+04	0.000000000000000000e+00	0.000000000000000000e+00	3.662221137119663072e-02	0.000000000000000000e+00
-3.000843000000000029e+04	0.000000000000000000e+00	0.000000000000000000e+00	4.364146855067598668e-02	0.000000000000000000e+00
-3.000843000000000029e+04	0.000000000000000000e+00	0.000000000000000000e+00	4.303109836115603937e-02	0.000000000000000000e+00
-3.000841999999999825e+04	0.000000000000000000e+00	0.000000000000000000e+00	4.730368968779564975e-02	0.000000000000000000e+00
-3.000840999999999985e+04	0.000000000000000000e+00	0.000000000000000000e+00	3.295999023407696765e-02	0.000000000000000000e+00
-3.000840000000000146e+04	0.000000000000000000e+00	0.000000000000000000e+00	4.791405987731559013e-02	0.000000000000000000e+00
-3.000838999999999942e+04	0.000000000000000000e+00	0.000000000000000000e+00	3.845332193975646573e-02	0.000000000000000000e+00
-3.000836999999999898e+04	0.000000000000000000e+00	0.000000000000000000e+00	3.753776665547654823e-02	0.000000000000000000e+00
-3.000836999999999898e+04	0.000000000000000000e+00	0.000000000000000000e+00	4.333628345591601649e-02	0.000000000000000000e+00
-3.000836000000000058e+04	0.000000000000000000e+00	0.000000000000000000e+00	3.753776665547654823e-02	0.000000000000000000e+00
-3.000834999999999854e+04	0.000000000000000000e+00	0.000000000000000000e+00	4.058961760307626399e-02	0.000000000000000000e+00
-3.000834000000000015e+04	0.000000000000000000e+00	0.000000000000000000e+00	3.418073061311685534e-02	0.000000000000000000e+00
-3.000833000000000175e+04	0.000000000000000000e+00	0.000000000000000000e+00	4.608294930875576206e-02	0.000000000000000000e+00
-3.000831999999999971e+04	0.000000000000000000e+00	0.000000000000000000e+00	4.699850459303567957e-02	0.000000000000000000e+00
-3.000831000000000131e+04	0.000000000000000000e+00	0.000000000000000000e+00	4.943998535111545495e-02	0.000000000000000000e+00
-3.000829999999999927e+04	0.000000000000000000e+00	0.000000000000000000e+00	5.066072573015534264e-02	0.000000000000000000e+00
-3.000829999999999927e+04	0.000000000000000000e+00	0.000000000000000000e+00	4.455702383495590418e-02	0.000000000000000000e+00
-3.000829000000000087e+04	0.000000000000000000e+00	0.000000000000000000e+00	4.943998535111545495e-02	0.000000000000000000e+00
-3.000827999999999884e+04	0.000000000000000000e+00	0.000000000000000000e+00	4.455702383495590418e-02	0.000000000000000000e+00
-3.000827999999999884e+04	0.000000000000000000e+00	0.000000000000000000e+00	3.997924741355632361e-02	0.000000000000000000e+00
-3.000827000000000044e+04	0.000000000000000000e+00	0.000000000000000000e+00	5.035554063539536551e-02	0.000000000000000000e+00
-3.000825999999999840e+04	0.000000000000000000e+00	0.000000000000000000e+00	4.547257911923581475e-02	0.000000000000000000e+00
-3.000825000000000000e+04	0.000000000000000000e+00	0.000000000000000000e+00	2.899258400219733439e-02	0.000000000000000000e+00
-3.000824000000000160e+04	0.000000000000000000e+00	0.000000000000000000e+00	4.455702383495590418e-02	0.000000000000000000e+00
-3.000824000000000160e+04	0.000000000000000000e+00	0.000000000000000000e+00	4.760887478255561994e-02	0.000000000000000000e+00
-3.000822000000000116e+04	0.000000000000000000e+00	0.000000000000000000e+00	4.821924497207556726e-02	0.000000000000000000e+00
-3.000820999999999913e+04	0.000000000000000000e+00	0.000000000000000000e+00	4.242072817163609899e-02	0.000000000000000000e+00
-3.000820000000000073e+04	0.000000000000000000e+00	0.000000000000000000e+00	4.058961760307626399e-02	0.000000000000000000e+00
-3.000818000000000029e+04	0.000000000000000000e+00	0.000000000000000000e+00	3.295999023407696765e-02	0.000000000000000000e+00
-3.000816999999999825e+04	0.000000000000000000e+00	0.000000000000000000e+00	3.357036042359691497e-02	0.000000000000000000e+00
-3.000815999999999985e+04	0.000000000000000000e+00	0.000000000000000000e+00	4.211554307687612880e-02	0.000000000000000000e+00
-3.000815000000000146e+04	0.000000000000000000e+00	0.000000000000000000e+00	4.150517288735618149e-02	0.000000000000000000e+00
-3.000813999999999942e+04	0.000000000000000000e+00	0.000000000000000000e+00	4.943998535111545495e-02	0.000000000000000000e+00
-3.000813000000000102e+04	0.000000000000000000e+00	0.000000000000000000e+00	4.303109836115603937e-02	0.000000000000000000e+00
-3.000811999999999898e+04	0.000000000000000000e+00	0.000000000000000000e+00	5.066072573015534264e-02	0.000000000000000000e+00
-3.000811000000000058e+04	0.000000000000000000e+00	0.000000000000000000e+00	4.791405987731559013e-02	0.000000000000000000e+00
-3.000809999999999854e+04	0.000000000000000000e+00	0.000000000000000000e+00	4.150517288735618149e-02	0.000000000000000000e+00
-3.000809000000000015e+04	0.000000000000000000e+00	0.000000000000000000e+00	4.364146855067598668e-02	0.000000000000000000e+00
-3.000809000000000015e+04	0.000000000000000000e+00	0.000000000000000000e+00	3.845332193975646573e-02	0.000000000000000000e+00
-3.000808000000000175e+04	0.000000000000000000e+00	0.000000000000000000e+00	4.699850459303567957e-02	0.000000000000000000e+00
-3.000806999999999971e+04	0.000000000000000000e+00	0.000000000000000000e+00	4.760887478255561994e-02	0.000000000000000000e+00
-3.000806999999999971e+04	0.000000000000000000e+00	0.000000000000000000e+00	5.218665120395520052e-02	0.000000000000000000e+00
-3.000806000000000131e+04	0.000000000000000000e+00	0.000000000000000000e+00	4.455702383495590418e-02	0.000000000000000000e+00
-3.000804999999999927e+04	0.000000000000000000e+00	0.000000000000000000e+00	4.150517288735618149e-02	0.000000000000000000e+00
-3.000804000000000087e+04	0.000000000000000000e+00	0.000000000000000000e+00	4.577776421399579188e-02	0.000000000000000000e+00
-3.000802999999999884e+04	0.000000000000000000e+00	0.000000000000000000e+00	4.699850459303567957e-02	0.000000000000000000e+00
-3.000802000000000044e+04	0.000000000000000000e+00	0.000000000000000000e+00	4.303109836115603937e-02	0.000000000000000000e+00
-3.000802000000000044e+04	0.000000000000000000e+00	0.000000000000000000e+00	4.455702383495590418e-02	0.000000000000000000e+00
-3.000802000000000044e+04	0.000000000000000000e+00	0.000000000000000000e+00	3.936887722403637629e-02	0.000000000000000000e+00
-3.000800999999999840e+04	0.000000000000000000e+00	0.000000000000000000e+00	4.699850459303567957e-02	0.000000000000000000e+00
-3.000800999999999840e+04	0.000000000000000000e+00	0.000000000000000000e+00	4.119998779259621130e-02	0.000000000000000000e+00
-3.000800000000000000e+04	0.000000000000000000e+00	0.000000000000000000e+00	4.516739402447584456e-02	0.000000000000000000e+00
-3.000797999999999956e+04	0.000000000000000000e+00	0.000000000000000000e+00	4.821924497207556726e-02	0.000000000000000000e+00
-3.000797999999999956e+04	0.000000000000000000e+00	0.000000000000000000e+00	3.906369212927640611e-02	0.000000000000000000e+00
-3.000797000000000116e+04	0.000000000000000000e+00	0.000000000000000000e+00	4.364146855067598668e-02	0.000000000000000000e+00
-3.000795999999999913e+04	0.000000000000000000e+00	0.000000000000000000e+00	5.066072573015534264e-02	0.000000000000000000e+00
-3.000795000000000073e+04	0.000000000000000000e+00	0.000000000000000000e+00	4.089480269783624111e-02	0.000000000000000000e+00
-3.000793999999999869e+04	0.000000000000000000e+00	0.000000000000000000e+00	2.929776909695730458e-02	0.000000000000000000e+00
-3.000791999999999825e+04	0.000000000000000000e+00	0.000000000000000000e+00	4.333628345591601649e-02	0.000000000000000000e+00
-3.000790999999999985e+04	0.000000000000000000e+00	0.000000000000000000e+00	4.516739402447584456e-02	0.000000000000000000e+00
-3.000790000000000146e+04	0.000000000000000000e+00	0.000000000000000000e+00	4.364146855067598668e-02	0.000000000000000000e+00
-3.000788999999999942e+04	0.000000000000000000e+00	0.000000000000000000e+00	3.906369212927640611e-02	0.000000000000000000e+00
-3.000788000000000102e+04	0.000000000000000000e+00	0.000000000000000000e+00	4.638813440351573225e-02	0.000000000000000000e+00
-3.000786999999999898e+04	0.000000000000000000e+00	0.000000000000000000e+00	4.303109836115603937e-02	0.000000000000000000e+00
-3.000786000000000058e+04	0.000000000000000000e+00	0.000000000000000000e+00	4.211554307687612880e-02	0.000000000000000000e+00
-3.000784000000000015e+04	0.000000000000000000e+00	0.000000000000000000e+00	5.432294686727500571e-02	0.000000000000000000e+00
-3.000783000000000175e+04	0.000000000000000000e+00	0.000000000000000000e+00	5.066072573015534264e-02	0.000000000000000000e+00
-3.000783000000000175e+04	0.000000000000000000e+00	0.000000000000000000e+00	4.119998779259621130e-02	0.000000000000000000e+00
-3.000781999999999971e+04	0.000000000000000000e+00	0.000000000000000000e+00	4.608294930875576206e-02	0.000000000000000000e+00
-3.000781000000000131e+04	0.000000000000000000e+00	0.000000000000000000e+00	4.577776421399579188e-02	0.000000000000000000e+00
-3.000781000000000131e+04	0.000000000000000000e+00	0.000000000000000000e+00	5.432294686727500571e-02	0.000000000000000000e+00
-3.000779999999999927e+04	0.000000000000000000e+00	0.000000000000000000e+00	5.035554063539536551e-02	0.000000000000000000e+00
-3.000779000000000087e+04	0.000000000000000000e+00	0.000000000000000000e+00	4.638813440351573225e-02	0.000000000000000000e+00
-3.000779000000000087e+04	0.000000000000000000e+00	0.000000000000000000e+00	5.188146610919523033e-02	0.000000000000000000e+00
-3.000779000000000087e+04	0.000000000000000000e+00	0.000000000000000000e+00	3.997924741355632361e-02	0.000000000000000000e+00
-3.000777999999999884e+04	0.000000000000000000e+00	0.000000000000000000e+00	5.859553819391460916e-02	0.000000000000000000e+00
-3.000777000000000044e+04	0.000000000000000000e+00	0.000000000000000000e+00	4.394665364543595687e-02	0.000000000000000000e+00
-3.000777000000000044e+04	0.000000000000000000e+00	0.000000000000000000e+00	4.791405987731559013e-02	0.000000000000000000e+00
-3.000775000000000000e+04	0.000000000000000000e+00	0.000000000000000000e+00	5.462813196203497590e-02	0.000000000000000000e+00
-3.000774000000000160e+04	0.000000000000000000e+00	0.000000000000000000e+00	4.547257911923581475e-02	0.000000000000000000e+00
-3.000772999999999956e+04	0.000000000000000000e+00	0.000000000000000000e+00	4.699850459303567957e-02	0.000000000000000000e+00
-3.000772000000000116e+04	0.000000000000000000e+00	0.000000000000000000e+00	4.089480269783624111e-02	0.000000000000000000e+00
-3.000770999999999913e+04	0.000000000000000000e+00	0.000000000000000000e+00	4.364146855067598668e-02	0.000000000000000000e+00
-3.000768999999999869e+04	0.000000000000000000e+00	0.000000000000000000e+00	4.058961760307626399e-02	0.000000000000000000e+00
-3.000768999999999869e+04	0.000000000000000000e+00	0.000000000000000000e+00	4.486220892971587437e-02	0.000000000000000000e+00
-3.000768000000000029e+04	0.000000000000000000e+00	0.000000000000000000e+00	5.615405743583483378e-02	0.000000000000000000e+00
-3.000766999999999825e+04	0.000000000000000000e+00	0.000000000000000000e+00	3.936887722403637629e-02	0.000000000000000000e+00
-3.000765999999999985e+04	0.000000000000000000e+00	0.000000000000000000e+00	5.188146610919523033e-02	0.000000000000000000e+00
-3.000765000000000146e+04	0.000000000000000000e+00	0.000000000000000000e+00	4.333628345591601649e-02	0.000000000000000000e+00
-3.000763999999999942e+04	0.000000000000000000e+00	0.000000000000000000e+00	5.310220648823511802e-02	0.000000000000000000e+00
-3.000763000000000102e+04	0.000000000000000000e+00	0.000000000000000000e+00	5.432294686727500571e-02	0.000000000000000000e+00
-3.000763000000000102e+04	0.000000000000000000e+00	0.000000000000000000e+00	4.455702383495590418e-02	0.000000000000000000e+00
-3.000761999999999898e+04	0.000000000000000000e+00	0.000000000000000000e+00	3.814813684499648860e-02	0.000000000000000000e+00
-3.000761999999999898e+04	0.000000000000000000e+00	0.000000000000000000e+00	4.455702383495590418e-02	0.000000000000000000e+00
-3.000761000000000058e+04	0.000000000000000000e+00	0.000000000000000000e+00	4.455702383495590418e-02	0.000000000000000000e+00
-3.000759999999999854e+04	0.000000000000000000e+00	0.000000000000000000e+00	4.821924497207556726e-02	0.000000000000000000e+00
-3.000759000000000015e+04	0.000000000000000000e+00	0.000000000000000000e+00	4.943998535111545495e-02	0.000000000000000000e+00
-3.000758000000000175e+04	0.000000000000000000e+00	0.000000000000000000e+00	5.005035554063539532e-02	0.000000000000000000e+00
-3.000758000000000175e+04	0.000000000000000000e+00	0.000000000000000000e+00	4.699850459303567957e-02	0.000000000000000000e+00
-3.000756000000000131e+04	0.000000000000000000e+00	0.000000000000000000e+00	4.547257911923581475e-02	0.000000000000000000e+00
-3.000754000000000087e+04	0.000000000000000000e+00	0.000000000000000000e+00	5.005035554063539532e-02	0.000000000000000000e+00
-3.000752000000000044e+04	0.000000000000000000e+00	0.000000000000000000e+00	5.310220648823511802e-02	0.000000000000000000e+00
-3.000750999999999840e+04	0.000000000000000000e+00	0.000000000000000000e+00	4.547257911923581475e-02	0.000000000000000000e+00
-3.000750000000000000e+04	0.000000000000000000e+00	0.000000000000000000e+00	5.554368724631489340e-02	0.000000000000000000e+00
-3.000747999999999956e+04	0.000000000000000000e+00	0.000000000000000000e+00	5.157628101443525320e-02	0.000000000000000000e+00
-3.000745999999999913e+04	0.000000000000000000e+00	0.000000000000000000e+00	5.157628101443525320e-02	0.000000000000000000e+00
-3.000745000000000073e+04	0.000000000000000000e+00	0.000000000000000000e+00	5.279702139347514089e-02	0.000000000000000000e+00
-3.000745000000000073e+04	0.000000000000000000e+00	0.000000000000000000e+00	5.279702139347514089e-02	0.000000000000000000e+00
-3.000743999999999869e+04	0.000000000000000000e+00	0.000000000000000000e+00	4.547257911923581475e-02	0.000000000000000000e+00
-3.000743000000000029e+04	0.000000000000000000e+00	0.000000000000000000e+00	5.676442762535478109e-02	0.000000000000000000e+00
-3.000740999999999985e+04	0.000000000000000000e+00	0.000000000000000000e+00	4.486220892971587437e-02	0.000000000000000000e+00
-3.000740000000000146e+04	0.000000000000000000e+00	0.000000000000000000e+00	4.242072817163609899e-02	0.000000000000000000e+00
-3.000738999999999942e+04	0.000000000000000000e+00	0.000000000000000000e+00	4.089480269783624111e-02	0.000000000000000000e+00
-3.000738000000000102e+04	0.000000000000000000e+00	0.000000000000000000e+00	5.157628101443525320e-02	0.000000000000000000e+00
-3.000736999999999898e+04	0.000000000000000000e+00	0.000000000000000000e+00	5.005035554063539532e-02	0.000000000000000000e+00
-3.000736000000000058e+04	0.000000000000000000e+00	0.000000000000000000e+00	4.577776421399579188e-02	0.000000000000000000e+00
-3.000734999999999854e+04	0.000000000000000000e+00	0.000000000000000000e+00	5.218665120395520052e-02	0.000000000000000000e+00
-3.000734000000000015e+04	0.000000000000000000e+00	0.000000000000000000e+00	5.493331705679494609e-02	0.000000000000000000e+00
-3.000734000000000015e+04	0.000000000000000000e+00	0.000000000000000000e+00	5.523850215155491628e-02	0.000000000000000000e+00
-3.000733000000000175e+04	0.000000000000000000e+00	0.000000000000000000e+00	4.974517044587542514e-02	0.000000000000000000e+00
-3.000731000000000131e+04	0.000000000000000000e+00	0.000000000000000000e+00	5.462813196203497590e-02	0.000000000000000000e+00
-3.000729999999999927e+04	0.000000000000000000e+00	0.000000000000000000e+00	5.615405743583483378e-02	0.000000000000000000e+00
-3.000729000000000087e+04	0.000000000000000000e+00	0.000000000000000000e+00	5.218665120395520052e-02	0.000000000000000000e+00
-3.000727999999999884e+04	0.000000000000000000e+00	0.000000000000000000e+00	4.852443006683553745e-02	0.000000000000000000e+00
-3.000727000000000044e+04	0.000000000000000000e+00	0.000000000000000000e+00	5.035554063539536551e-02	0.000000000000000000e+00
-3.000725000000000000e+04	0.000000000000000000e+00	0.000000000000000000e+00	5.096591082491531283e-02	0.000000000000000000e+00
-3.000724000000000160e+04	0.000000000000000000e+00	0.000000000000000000e+00	4.974517044587542514e-02	0.000000000000000000e+00
-3.000722999999999956e+04	0.000000000000000000e+00	0.000000000000000000e+00	3.875850703451643592e-02	0.000000000000000000e+00
-3.000722000000000116e+04	0.000000000000000000e+00	0.000000000000000000e+00	4.760887478255561994e-02	0.000000000000000000e+00
-3.000720999999999913e+04	0.000000000000000000e+00	0.000000000000000000e+00	5.645924253059480397e-02	0.000000000000000000e+00
-3.000720000000000073e+04	0.000000000000000000e+00	0.000000000000000000e+00	5.676442762535478109e-02	0.000000000000000000e+00
-3.000718999999999869e+04	0.000000000000000000e+00	0.000000000000000000e+00	5.737479781487472147e-02	0.000000000000000000e+00
-3.000718000000000029e+04	0.000000000000000000e+00	0.000000000000000000e+00	5.798516800439466878e-02	0.000000000000000000e+00
-3.000716999999999825e+04	0.000000000000000000e+00	0.000000000000000000e+00	4.699850459303567957e-02	0.000000000000000000e+00
-3.000715999999999985e+04	0.000000000000000000e+00	0.000000000000000000e+00	5.615405743583483378e-02	0.000000000000000000e+00
-3.000713000000000102e+04	0.000000000000000000e+00	0.000000000000000000e+00	5.859553819391460916e-02	0.000000000000000000e+00
-3.000711999999999898e+04	0.000000000000000000e+00	0.000000000000000000e+00	5.767998290963469166e-02	0.000000000000000000e+00
-3.000711000000000058e+04	0.000000000000000000e+00	0.000000000000000000e+00	5.554368724631489340e-02	0.000000000000000000e+00
-3.000709000000000015e+04	0.000000000000000000e+00	0.000000000000000000e+00	4.791405987731559013e-02	0.000000000000000000e+00
-3.000706999999999971e+04	0.000000000000000000e+00	0.000000000000000000e+00	6.378368480483413705e-02	0.000000000000000000e+00
-3.000704999999999927e+04	0.000000000000000000e+00	0.000000000000000000e+00	5.401776177251502858e-02	0.000000000000000000e+00
-3.000702999999999884e+04	0.000000000000000000e+00	0.000000000000000000e+00	6.134220404675435473e-02	0.000000000000000000e+00
-3.000702000000000044e+04	0.000000000000000000e+00	0.000000000000000000e+00	5.859553819391460916e-02	0.000000000000000000e+00
-3.000700000000000000e+04	0.000000000000000000e+00	0.000000000000000000e+00	5.554368724631489340e-02	0.000000000000000000e+00
-3.000697999999999956e+04	0.000000000000000000e+00	0.000000000000000000e+00	7.141331217383342644e-02	0.000000000000000000e+00
-3.000695999999999913e+04	0.000000000000000000e+00	0.000000000000000000e+00	6.256294442579424242e-02	0.000000000000000000e+00
-3.000695000000000073e+04	0.000000000000000000e+00	0.000000000000000000e+00	5.767998290963469166e-02	0.000000000000000000e+00
-3.000693000000000029e+04	0.000000000000000000e+00	0.000000000000000000e+00	5.310220648823511802e-02	0.000000000000000000e+00
-3.000691999999999825e+04	0.000000000000000000e+00	0.000000000000000000e+00	5.645924253059480397e-02	0.000000000000000000e+00
-3.000691999999999825e+04	0.000000000000000000e+00	0.000000000000000000e+00	4.943998535111545495e-02	0.000000000000000000e+00
-3.000690999999999985e+04	0.000000000000000000e+00	0.000000000000000000e+00	4.943998535111545495e-02	0.000000000000000000e+00
-3.000690000000000146e+04	0.000000000000000000e+00	0.000000000000000000e+00	5.005035554063539532e-02	0.000000000000000000e+00
-3.000688999999999942e+04	0.000000000000000000e+00	0.000000000000000000e+00	5.798516800439466878e-02	0.000000000000000000e+00
-3.000688000000000102e+04	0.000000000000000000e+00	0.000000000000000000e+00	5.310220648823511802e-02	0.000000000000000000e+00
-3.000686000000000058e+04	0.000000000000000000e+00	0.000000000000000000e+00	5.859553819391460916e-02	0.000000000000000000e+00
-3.000684000000000015e+04	0.000000000000000000e+00	0.000000000000000000e+00	5.554368724631489340e-02	0.000000000000000000e+00
-3.000681999999999971e+04	0.000000000000000000e+00	0.000000000000000000e+00	6.256294442579424242e-02	0.000000000000000000e+00
-3.000679999999999927e+04	0.000000000000000000e+00	0.000000000000000000e+00	4.913480025635547782e-02	0.000000000000000000e+00
-3.000677999999999884e+04	0.000000000000000000e+00	0.000000000000000000e+00	5.340739158299508821e-02	0.000000000000000000e+00
-3.000677000000000044e+04	0.000000000000000000e+00	0.000000000000000000e+00	5.157628101443525320e-02	0.000000000000000000e+00
-3.000675000000000000e+04	0.000000000000000000e+00	0.000000000000000000e+00	5.615405743583483378e-02	0.000000000000000000e+00
-3.000675000000000000e+04	0.000000000000000000e+00	0.000000000000000000e+00	3.601184118167669035e-02	0.000000000000000000e+00
-3.000674000000000160e+04	0.000000000000000000e+00	0.000000000000000000e+00	4.608294930875576206e-02	0.000000000000000000e+00
-3.000672000000000116e+04	0.000000000000000000e+00	0.000000000000000000e+00	5.523850215155491628e-02	0.000000000000000000e+00
-3.000672000000000116e+04	0.000000000000000000e+00	0.000000000000000000e+00	6.408886989959410030e-02	0.000000000000000000e+00
-3.000670000000000073e+04	0.000000000000000000e+00	0.000000000000000000e+00	6.103701895199438454e-02	0.000000000000000000e+00
-3.000668000000000029e+04	0.000000000000000000e+00	0.000000000000000000e+00	6.653035065767387568e-02	0.000000000000000000e+00
-3.000666999999999825e+04	0.000000000000000000e+00	0.000000000000000000e+00	5.218665120395520052e-02	0.000000000000000000e+00
-3.000665999999999985e+04	0.000000000000000000e+00	0.000000000000000000e+00	5.706961272011475128e-02	0.000000000000000000e+00
-3.000663999999999942e+04	0.000000000000000000e+00	0.000000000000000000e+00	6.225775933103427223e-02	0.000000000000000000e+00
-3.000661999999999898e+04	0.000000000000000000e+00	0.000000000000000000e+00	5.462813196203497590e-02	0.000000000000000000e+00
-3.000659999999999854e+04	0.000000000000000000e+00	0.000000000000000000e+00	6.164738914151433186e-02	0.000000000000000000e+00
-3.000656999999999971e+04	0.000000000000000000e+00	0.000000000000000000e+00	5.676442762535478109e-02	0.000000000000000000e+00
-3.000656000000000131e+04	0.000000000000000000e+00	0.000000000000000000e+00	5.493331705679494609e-02	0.000000000000000000e+00
-3.000654000000000087e+04	0.000000000000000000e+00	0.000000000000000000e+00	5.340739158299508821e-02	0.000000000000000000e+00
-3.000652000000000044e+04	0.000000000000000000e+00	0.000000000000000000e+00	5.645924253059480397e-02	0.000000000000000000e+00
-3.000650999999999840e+04	0.000000000000000000e+00	0.000000000000000000e+00	6.225775933103427223e-02	0.000000000000000000e+00
-3.000650000000000000e+04	0.000000000000000000e+00	0.000000000000000000e+00	5.951109347819452666e-02	0.000000000000000000e+00
-3.000649000000000160e+04	0.000000000000000000e+00	0.000000000000000000e+00	6.561479537339395818e-02	0.000000000000000000e+00
-3.000647999999999956e+04	0.000000000000000000e+00	0.000000000000000000e+00	7.141331217383342644e-02	0.000000000000000000e+00
-3.000647000000000116e+04	0.000000000000000000e+00	0.000000000000000000e+00	6.256294442579424242e-02	0.000000000000000000e+00
-3.000643999999999869e+04	0.000000000000000000e+00	0.000000000000000000e+00	5.951109347819452666e-02	0.000000000000000000e+00
-3.000643000000000029e+04	0.000000000000000000e+00	0.000000000000000000e+00	5.493331705679494609e-02	0.000000000000000000e+00
-3.000640999999999985e+04	0.000000000000000000e+00	0.000000000000000000e+00	6.225775933103427223e-02	0.000000000000000000e+00
-3.000638999999999942e+04	0.000000000000000000e+00	0.000000000000000000e+00	5.920590838343455647e-02	0.000000000000000000e+00
-3.000636999999999898e+04	0.000000000000000000e+00	0.000000000000000000e+00	6.134220404675435473e-02	0.000000000000000000e+00
-3.000636000000000058e+04	0.000000000000000000e+00	0.000000000000000000e+00	6.439405499435407743e-02	0.000000000000000000e+00
-3.000634000000000015e+04	0.000000000000000000e+00	0.000000000000000000e+00	5.890072328867457935e-02	0.000000000000000000e+00
-3.000633000000000175e+04	0.000000000000000000e+00	0.000000000000000000e+00	5.432294686727500571e-02	0.000000000000000000e+00
-3.000631999999999971e+04	0.000000000000000000e+00	0.000000000000000000e+00	5.798516800439466878e-02	0.000000000000000000e+00
-3.000629999999999927e+04	0.000000000000000000e+00	0.000000000000000000e+00	7.110812707907346319e-02	0.000000000000000000e+00
-3.000627999999999884e+04	0.000000000000000000e+00	0.000000000000000000e+00	5.951109347819452666e-02	0.000000000000000000e+00
-3.000625999999999840e+04	0.000000000000000000e+00	0.000000000000000000e+00	5.951109347819452666e-02	0.000000000000000000e+00
-3.000622000000000116e+04	0.000000000000000000e+00	0.000000000000000000e+00	6.347849971007415992e-02	0.000000000000000000e+00
-3.000620000000000073e+04	0.000000000000000000e+00	0.000000000000000000e+00	7.049775688955350894e-02	0.000000000000000000e+00
-3.000618000000000029e+04	0.000000000000000000e+00	0.000000000000000000e+00	7.415997802667317895e-02	0.000000000000000000e+00
-3.000615999999999985e+04	0.000000000000000000e+00	0.000000000000000000e+00	4.821924497207556726e-02	0.000000000000000000e+00
-3.000613999999999942e+04	0.000000000000000000e+00	0.000000000000000000e+00	5.798516800439466878e-02	0.000000000000000000e+00
-3.000611000000000058e+04	0.000000000000000000e+00	0.000000000000000000e+00	6.622516556291391243e-02	0.000000000000000000e+00
-3.000609000000000015e+04	0.000000000000000000e+00	0.000000000000000000e+00	6.805627613147373356e-02	0.000000000000000000e+00
-3.000606999999999971e+04	0.000000000000000000e+00	0.000000000000000000e+00	6.500442518387401780e-02	0.000000000000000000e+00
-3.000604000000000087e+04	0.000000000000000000e+00	0.000000000000000000e+00	7.049775688955350894e-02	0.000000000000000000e+00
-3.000602000000000044e+04	0.000000000000000000e+00	0.000000000000000000e+00	5.981627857295449685e-02	0.000000000000000000e+00
-3.000600999999999840e+04	0.000000000000000000e+00	0.000000000000000000e+00	6.653035065767387568e-02	0.000000000000000000e+00
-3.000599000000000160e+04	0.000000000000000000e+00	0.000000000000000000e+00	6.317331461531418280e-02	0.000000000000000000e+00
-3.000597999999999956e+04	0.000000000000000000e+00	0.000000000000000000e+00	6.469924008911405455e-02	0.000000000000000000e+00
-3.000595999999999913e+04	0.000000000000000000e+00	0.000000000000000000e+00	6.958220160527360532e-02	0.000000000000000000e+00
-3.000593999999999869e+04	0.000000000000000000e+00	0.000000000000000000e+00	6.347849971007415992e-02	0.000000000000000000e+00
-3.000593000000000029e+04	0.000000000000000000e+00	0.000000000000000000e+00	5.676442762535478109e-02	0.000000000000000000e+00
-3.000590999999999985e+04	0.000000000000000000e+00	0.000000000000000000e+00	5.890072328867457935e-02	0.000000000000000000e+00
-3.000588000000000102e+04	0.000000000000000000e+00	0.000000000000000000e+00	6.836146122623371069e-02	0.000000000000000000e+00
-3.000584999999999854e+04	0.000000000000000000e+00	0.000000000000000000e+00	6.500442518387401780e-02	0.000000000000000000e+00
-3.000581999999999971e+04	0.000000000000000000e+00	0.000000000000000000e+00	6.439405499435407743e-02	0.000000000000000000e+00
-3.000579000000000087e+04	0.000000000000000000e+00	0.000000000000000000e+00	5.859553819391460916e-02	0.000000000000000000e+00
-3.000575999999999840e+04	0.000000000000000000e+00	0.000000000000000000e+00	7.415997802667317895e-02	0.000000000000000000e+00
-3.000572999999999956e+04	0.000000000000000000e+00	0.000000000000000000e+00	6.622516556291391243e-02	0.000000000000000000e+00
-3.000570999999999913e+04	0.000000000000000000e+00	0.000000000000000000e+00	6.500442518387401780e-02	0.000000000000000000e+00
-3.000568999999999869e+04	0.000000000000000000e+00	0.000000000000000000e+00	7.141331217383342644e-02	0.000000000000000000e+00
-3.000566999999999825e+04	0.000000000000000000e+00	0.000000000000000000e+00	6.805627613147373356e-02	0.000000000000000000e+00
-3.000565000000000146e+04	0.000000000000000000e+00	0.000000000000000000e+00	7.049775688955350894e-02	0.000000000000000000e+00
-3.000561999999999898e+04	0.000000000000000000e+00	0.000000000000000000e+00	7.873775444807275259e-02	0.000000000000000000e+00
-3.000559999999999854e+04	0.000000000000000000e+00	0.000000000000000000e+00	7.843256935331278934e-02	0.000000000000000000e+00
-3.000556999999999971e+04	0.000000000000000000e+00	0.000000000000000000e+00	7.415997802667317895e-02	0.000000000000000000e+00
-3.000554000000000087e+04	0.000000000000000000e+00	0.000000000000000000e+00	7.080294198431348607e-02	0.000000000000000000e+00
-3.000550000000000000e+04	0.000000000000000000e+00	0.000000000000000000e+00	6.866664632099368781e-02	0.000000000000000000e+00
-3.000547000000000116e+04	0.000000000000000000e+00	0.000000000000000000e+00	7.599108859523301396e-02	0.000000000000000000e+00
-3.000543999999999869e+04	0.000000000000000000e+00	0.000000000000000000e+00	7.049775688955350894e-02	0.000000000000000000e+00
-3.000540999999999985e+04	0.000000000000000000e+00	0.000000000000000000e+00	7.354960783715323858e-02	0.000000000000000000e+00
-3.000538999999999942e+04	0.000000000000000000e+00	0.000000000000000000e+00	7.019257179479354569e-02	0.000000000000000000e+00
-3.000536000000000058e+04	0.000000000000000000e+00	0.000000000000000000e+00	7.965330973235267009e-02	0.000000000000000000e+00
-3.000533000000000175e+04	0.000000000000000000e+00	0.000000000000000000e+00	6.958220160527360532e-02	0.000000000000000000e+00
-3.000529000000000087e+04	0.000000000000000000e+00	0.000000000000000000e+00	6.134220404675435473e-02	0.000000000000000000e+00
-3.000525000000000000e+04	0.000000000000000000e+00	0.000000000000000000e+00	7.721182897427289471e-02	0.000000000000000000e+00
-3.000522000000000116e+04	0.000000000000000000e+00	0.000000000000000000e+00	8.545182653279213836e-02	0.000000000000000000e+00
-3.000520999999999913e+04	0.000000000000000000e+00	0.000000000000000000e+00	8.423108615375225761e-02	0.000000000000000000e+00
-3.000518000000000029e+04	0.000000000000000000e+00	0.000000000000000000e+00	7.415997802667317895e-02	0.000000000000000000e+00
-3.000515000000000146e+04	0.000000000000000000e+00	0.000000000000000000e+00	7.354960783715323858e-02	0.000000000000000000e+00
-3.000511999999999898e+04	0.000000000000000000e+00	0.000000000000000000e+00	7.568590350047303683e-02	0.000000000000000000e+00
-3.000509000000000015e+04	0.000000000000000000e+00	0.000000000000000000e+00	7.354960783715323858e-02	0.000000000000000000e+00
-3.000506999999999971e+04	0.000000000000000000e+00	0.000000000000000000e+00	8.362071596423230335e-02	0.000000000000000000e+00
-3.000504999999999927e+04	0.000000000000000000e+00	0.000000000000000000e+00	8.667256691183203299e-02	0.000000000000000000e+00
-3.000502000000000044e+04	0.000000000000000000e+00	0.000000000000000000e+00	7.812738425855281221e-02	0.000000000000000000e+00
-3.000500000000000000e+04	0.000000000000000000e+00	0.000000000000000000e+00	8.209479049043244547e-02	0.000000000000000000e+00
-3.000497000000000116e+04	0.000000000000000000e+00	0.000000000000000000e+00	9.491256447035126276e-02	0.000000000000000000e+00
-3.000493000000000029e+04	0.000000000000000000e+00	0.000000000000000000e+00	9.369182409131138201e-02	0.000000000000000000e+00
-3.000490000000000146e+04	0.000000000000000000e+00	0.000000000000000000e+00	9.063997314371166625e-02	0.000000000000000000e+00
-3.000486999999999898e+04	0.000000000000000000e+00	0.000000000000000000e+00	7.904293954283272972e-02	0.000000000000000000e+00
-3.000484000000000015e+04	0.000000000000000000e+00	0.000000000000000000e+00	8.117923520615252797e-02	0.000000000000000000e+00
-3.000481999999999971e+04	0.000000000000000000e+00	0.000000000000000000e+00	9.735404522843103814e-02	0.000000000000000000e+00
-3.000477999999999884e+04	0.000000000000000000e+00	0.000000000000000000e+00	8.697775200659199624e-02	0.000000000000000000e+00
-3.000475000000000000e+04	0.000000000000000000e+00	0.000000000000000000e+00	8.819849238563189087e-02	0.000000000000000000e+00
-3.000472000000000116e+04	0.000000000000000000e+00	0.000000000000000000e+00	9.033478804895168912e-02	0.000000000000000000e+00
-3.000468000000000029e+04	0.000000000000000000e+00	0.000000000000000000e+00	7.629627368999297721e-02	0.000000000000000000e+00
-3.000463999999999942e+04	0.000000000000000000e+00	0.000000000000000000e+00	8.789330729087191374e-02	0.000000000000000000e+00
-3.000459999999999854e+04	0.000000000000000000e+00	0.000000000000000000e+00	9.063997314371166625e-02	0.000000000000000000e+00
-3.000454999999999927e+04	0.000000000000000000e+00	0.000000000000000000e+00	8.941923276467177162e-02	0.000000000000000000e+00
-3.000450000000000000e+04	0.000000000000000000e+00	0.000000000000000000e+00	9.002960295419171199e-02	0.000000000000000000e+00
-3.000445999999999913e+04	0.000000000000000000e+00	0.000000000000000000e+00	8.331553086947234010e-02	0.000000000000000000e+00
-3.000441999999999825e+04	0.000000000000000000e+00	0.000000000000000000e+00	9.613330484939115739e-02	0.000000000000000000e+00
-3.000438999999999942e+04	0.000000000000000000e+00	0.000000000000000000e+00	9.002960295419171199e-02	0.000000000000000000e+00
-3.000434999999999854e+04	0.000000000000000000e+00	0.000000000000000000e+00	9.887997070223090990e-02	0.000000000000000000e+00
-3.000431000000000131e+04	0.000000000000000000e+00	0.000000000000000000e+00	9.887997070223090990e-02	0.000000000000000000e+00
-3.000425999999999840e+04	0.000000000000000000e+00	0.000000000000000000e+00	9.216589861751152413e-02	0.000000000000000000e+00
-3.000422000000000116e+04	0.000000000000000000e+00	0.000000000000000000e+00	1.019318216498306257e-01	0.000000000000000000e+00
-3.000418000000000029e+04	0.000000000000000000e+00	0.000000000000000000e+00	8.850367748039185412e-02	0.000000000000000000e+00
-3.000413000000000102e+04	0.000000000000000000e+00	0.000000000000000000e+00	9.674367503891109776e-02	0.000000000000000000e+00
-3.000409000000000015e+04	0.000000000000000000e+00	0.000000000000000000e+00	9.521774956511123988e-02	0.000000000000000000e+00
-3.000404999999999927e+04	0.000000000000000000e+00	0.000000000000000000e+00	1.031525620288705064e-01	0.000000000000000000e+00
-3.000402000000000044e+04	0.000000000000000000e+00	0.000000000000000000e+00	1.065095980712301993e-01	0.000000000000000000e+00
-3.000397999999999956e+04	0.000000000000000000e+00	0.000000000000000000e+00	9.491256447035126276e-02	0.000000000000000000e+00
-3.000393999999999869e+04	0.000000000000000000e+00	0.000000000000000000e+00	9.887997070223090990e-02	0.000000000000000000e+00
-3.000390000000000146e+04	0.000000000000000000e+00	0.000000000000000000e+00	1.007110812707907310e-01	0.000000000000000000e+00
-3.000386999999999898e+04	0.000000000000000000e+00	0.000000000000000000e+00	9.552293465987121701e-02	0.000000000000000000e+00
-3.000384000000000015e+04	0.000000000000000000e+00	0.000000000000000000e+00	1.034577471236304835e-01	0.000000000000000000e+00
-3.000381000000000131e+04	0.000000000000000000e+00	0.000000000000000000e+00	1.007110812707907310e-01	0.000000000000000000e+00
-3.000377999999999884e+04	0.000000000000000000e+00	0.000000000000000000e+00	1.010162663655507082e-01	0.000000000000000000e+00
-3.000375000000000000e+04	0.000000000000000000e+00	0.000000000000000000e+00	9.674367503891109776e-02	0.000000000000000000e+00
-3.000370000000000073e+04	0.000000000000000000e+00	0.000000000000000000e+00	1.019318216498306257e-01	0.000000000000000000e+00
-3.000366999999999825e+04	0.000000000000000000e+00	0.000000000000000000e+00	1.071199682607501397e-01	0.000000000000000000e+00
-3.000363999999999942e+04	0.000000000000000000e+00	0.000000000000000000e+00	1.031525620288705064e-01	0.000000000000000000e+00
-3.000361000000000058e+04	0.000000000000000000e+00	0.000000000000000000e+00	1.138340403454695254e-01	0.000000000000000000e+00
-3.000359000000000015e+04	0.000000000000000000e+00	0.000000000000000000e+00	1.187170018616290762e-01	0.000000000000000000e+00
-3.000356000000000131e+04	0.000000000000000000e+00	0.000000000000000000e+00	1.040681173131504239e-01	0.000000000000000000e+00
-3.000352999999999884e+04	0.000000000000000000e+00	0.000000000000000000e+00	1.281777397991882006e-01	0.000000000000000000e+00
-3.000350000000000000e+04	0.000000000000000000e+00	0.000000000000000000e+00	1.107821893978698097e-01	0.000000000000000000e+00
-3.000347000000000116e+04	0.000000000000000000e+00	0.000000000000000000e+00	1.116977446821497272e-01	0.000000000000000000e+00
-3.000343999999999869e+04	0.000000000000000000e+00	0.000000000000000000e+00	1.184118167668691129e-01	0.000000000000000000e+00
-3.000343000000000029e+04	0.000000000000000000e+00	0.000000000000000000e+00	1.135288552507095622e-01	0.000000000000000000e+00
-3.000340999999999985e+04	0.000000000000000000e+00	0.000000000000000000e+00	1.095614490188299150e-01	0.000000000000000000e+00
-3.000338999999999942e+04	0.000000000000000000e+00	0.000000000000000000e+00	1.104770043031098326e-01	0.000000000000000000e+00
-3.000338000000000102e+04	0.000000000000000000e+00	0.000000000000000000e+00	1.156651509140293604e-01	0.000000000000000000e+00
-3.000336000000000058e+04	0.000000000000000000e+00	0.000000000000000000e+00	1.123081148716696676e-01	0.000000000000000000e+00
-3.000333000000000175e+04	0.000000000000000000e+00	0.000000000000000000e+00	1.132236701559495851e-01	0.000000000000000000e+00
-3.000331999999999971e+04	0.000000000000000000e+00	0.000000000000000000e+00	1.138340403454695254e-01	0.000000000000000000e+00
-3.000329000000000087e+04	0.000000000000000000e+00	0.000000000000000000e+00	1.153599658192693833e-01	0.000000000000000000e+00
-3.000327000000000044e+04	0.000000000000000000e+00	0.000000000000000000e+00	1.083407086397900343e-01	0.000000000000000000e+00
-3.000325000000000000e+04	0.000000000000000000e+00	0.000000000000000000e+00	1.208532975249488883e-01	0.000000000000000000e+00
-3.000324000000000160e+04	0.000000000000000000e+00	0.000000000000000000e+00	1.153599658192693833e-01	0.000000000000000000e+00
-3.000322999999999956e+04	0.000000000000000000e+00	0.000000000000000000e+00	1.116977446821497272e-01	0.000000000000000000e+00
-3.000322000000000116e+04	0.000000000000000000e+00	0.000000000000000000e+00	1.242103335673085673e-01	0.000000000000000000e+00
-3.000320000000000073e+04	0.000000000000000000e+00	0.000000000000000000e+00	9.979552598651081352e-02	0.000000000000000000e+00
-3.000318000000000029e+04	0.000000000000000000e+00	0.000000000000000000e+00	1.129184850611896079e-01	0.000000000000000000e+00
-3.000316999999999825e+04	0.000000000000000000e+00	0.000000000000000000e+00	1.174962614825891954e-01	0.000000000000000000e+00
-3.000313999999999942e+04	0.000000000000000000e+00	0.000000000000000000e+00	1.248207037568285216e-01	0.000000000000000000e+00
-3.000311999999999898e+04	0.000000000000000000e+00	0.000000000000000000e+00	1.306192205572679899e-01	0.000000000000000000e+00
-3.000311000000000058e+04	0.000000000000000000e+00	0.000000000000000000e+00	1.245155186620685445e-01	0.000000000000000000e+00
-3.000309000000000015e+04	0.000000000000000000e+00	0.000000000000000000e+00	1.254310739463484481e-01	0.000000000000000000e+00
-3.000306000000000131e+04	0.000000000000000000e+00	0.000000000000000000e+00	1.254310739463484481e-01	0.000000000000000000e+00
-3.000304000000000087e+04	0.000000000000000000e+00	0.000000000000000000e+00	1.132236701559495851e-01	0.000000000000000000e+00
-3.000302000000000044e+04	0.000000000000000000e+00	0.000000000000000000e+00	1.135288552507095622e-01	0.000000000000000000e+00
-3.000300999999999840e+04	0.000000000000000000e+00	0.000000000000000000e+00	1.153599658192693833e-01	0.000000000000000000e+00
-3.000299000000000160e+04	0.000000000000000000e+00	0.000000000000000000e+00	1.162755211035493008e-01	0.000000000000000000e+00
-3.000297999999999956e+04	0.000000000000000000e+00	0.000000000000000000e+00	1.263466292306283656e-01	0.000000000000000000e+00
-3.000295999999999913e+04	0.000000000000000000e+00	0.000000000000000000e+00	1.184118167668691129e-01	0.000000000000000000e+00
-3.000293999999999869e+04	0.000000000000000000e+00	0.000000000000000000e+00	1.257362590411084391e-01	0.000000000000000000e+00
-3.000291999999999825e+04	0.000000000000000000e+00	0.000000000000000000e+00	1.220740379039887691e-01	0.000000000000000000e+00
-3.000290000000000146e+04	0.000000000000000000e+00	0.000000000000000000e+00	1.178014465773491587e-01	0.000000000000000000e+00
-3.000288000000000102e+04	0.000000000000000000e+00	0.000000000000000000e+00	1.217688528092287920e-01	0.000000000000000000e+00
-3.000284999999999854e+04	0.000000000000000000e+00	0.000000000000000000e+00	1.345866267891476231e-01	0.000000000000000000e+00
-3.000284000000000015e+04	0.000000000000000000e+00	0.000000000000000000e+00	1.245155186620685445e-01	0.000000000000000000e+00
-3.000281999999999971e+04	0.000000000000000000e+00	0.000000000000000000e+00	1.315347758415479074e-01	0.000000000000000000e+00
-3.000279999999999927e+04	0.000000000000000000e+00	0.000000000000000000e+00	1.364177373577074581e-01	0.000000000000000000e+00
-3.000277999999999884e+04	0.000000000000000000e+00	0.000000000000000000e+00	1.293984801782281091e-01	0.000000000000000000e+00
-3.000275999999999840e+04	0.000000000000000000e+00	0.000000000000000000e+00	1.281777397991882006e-01	0.000000000000000000e+00
-3.000274000000000160e+04	0.000000000000000000e+00	0.000000000000000000e+00	1.293984801782281091e-01	0.000000000000000000e+00
-3.000272000000000116e+04	0.000000000000000000e+00	0.000000000000000000e+00	1.431318094424268439e-01	0.000000000000000000e+00
-3.000270000000000073e+04	0.000000000000000000e+00	0.000000000000000000e+00	1.367229224524674214e-01	0.000000000000000000e+00
-3.000268999999999869e+04	0.000000000000000000e+00	0.000000000000000000e+00	1.306192205572679899e-01	0.000000000000000000e+00
-3.000266999999999825e+04	0.000000000000000000e+00	0.000000000000000000e+00	1.297036652729880724e-01	0.000000000000000000e+00
-3.000265999999999985e+04	0.000000000000000000e+00	0.000000000000000000e+00	1.290932950834681181e-01	0.000000000000000000e+00
-3.000265000000000146e+04	0.000000000000000000e+00	0.000000000000000000e+00	1.315347758415479074e-01	0.000000000000000000e+00
-3.000263000000000102e+04	0.000000000000000000e+00	0.000000000000000000e+00	1.321451460310678339e-01	0.000000000000000000e+00
-3.000259999999999854e+04	0.000000000000000000e+00	0.000000000000000000e+00	1.306192205572679899e-01	0.000000000000000000e+00
-3.000258000000000175e+04	0.000000000000000000e+00	0.000000000000000000e+00	1.361125522629474671e-01	0.000000000000000000e+00
-3.000256000000000131e+04	0.000000000000000000e+00	0.000000000000000000e+00	1.281777397991882006e-01	0.000000000000000000e+00
-3.000254000000000087e+04	0.000000000000000000e+00	0.000000000000000000e+00	1.132236701559495851e-01	0.000000000000000000e+00
-3.000252000000000044e+04	0.000000000000000000e+00	0.000000000000000000e+00	1.226844080935087095e-01	0.000000000000000000e+00
-3.000250000000000000e+04	0.000000000000000000e+00	0.000000000000000000e+00	1.306192205572679899e-01	0.000000000000000000e+00
-3.000247999999999956e+04	0.000000000000000000e+00	0.000000000000000000e+00	1.345866267891476231e-01	0.000000000000000000e+00
-3.000247000000000116e+04	0.000000000000000000e+00	0.000000000000000000e+00	1.278725547044282373e-01	0.000000000000000000e+00
-3.000245999999999913e+04	0.000000000000000000e+00	0.000000000000000000e+00	1.342814416943876599e-01	0.000000000000000000e+00
-3.000243999999999869e+04	0.000000000000000000e+00	0.000000000000000000e+00	1.406903286843470546e-01	0.000000000000000000e+00
-3.000241999999999825e+04	0.000000000000000000e+00	0.000000000000000000e+00	1.428266243476668529e-01	0.000000000000000000e+00
-3.000238999999999942e+04	0.000000000000000000e+00	0.000000000000000000e+00	1.498458815271462019e-01	0.000000000000000000e+00
-3.000236999999999898e+04	0.000000000000000000e+00	0.000000000000000000e+00	1.416058839686269721e-01	0.000000000000000000e+00
-3.000234000000000015e+04	0.000000000000000000e+00	0.000000000000000000e+00	1.397747734000671371e-01	0.000000000000000000e+00
-3.000233000000000175e+04	0.000000000000000000e+00	0.000000000000000000e+00	1.455732902005066054e-01	0.000000000000000000e+00
-3.000231000000000131e+04	0.000000000000000000e+00	0.000000000000000000e+00	1.422162541581469264e-01	0.000000000000000000e+00
-3.000229999999999927e+04	0.000000000000000000e+00	0.000000000000000000e+00	1.443525498214667246e-01	0.000000000000000000e+00
-3.000227999999999884e+04	0.000000000000000000e+00	0.000000000000000000e+00	1.440473647267067614e-01	0.000000000000000000e+00
-3.000225000000000000e+04	0.000000000000000000e+00	0.000000000000000000e+00	1.452681051057466421e-01	0.000000000000000000e+00
-3.000222000000000116e+04	0.000000000000000000e+00	0.000000000000000000e+00	1.376384777367473389e-01	0.000000000000000000e+00
-3.000218000000000029e+04	0.000000000000000000e+00	0.000000000000000000e+00	1.376384777367473389e-01	0.000000000000000000e+00
-3.000216999999999825e+04	0.000000000000000000e+00	0.000000000000000000e+00	1.437421796319467704e-01	0.000000000000000000e+00
-3.000215000000000146e+04	0.000000000000000000e+00	0.000000000000000000e+00	1.434369945371868071e-01	0.000000000000000000e+00
-3.000211999999999898e+04	0.000000000000000000e+00	0.000000000000000000e+00	1.333658864101077424e-01	0.000000000000000000e+00
-3.000209999999999854e+04	0.000000000000000000e+00	0.000000000000000000e+00	1.522873622852259912e-01	0.000000000000000000e+00
-3.000208000000000175e+04	0.000000000000000000e+00	0.000000000000000000e+00	1.370281075472273846e-01	0.000000000000000000e+00
-3.000204999999999927e+04	0.000000000000000000e+00	0.000000000000000000e+00	1.391644032105472106e-01	0.000000000000000000e+00
-3.000202000000000044e+04	0.000000000000000000e+00	0.000000000000000000e+00	1.437421796319467704e-01	0.000000000000000000e+00
-3.000199000000000160e+04	0.000000000000000000e+00	0.000000000000000000e+00	1.464888454847865229e-01	0.000000000000000000e+00
-3.000195999999999913e+04	0.000000000000000000e+00	0.000000000000000000e+00	1.413006988738670089e-01	0.000000000000000000e+00
-3.000193000000000029e+04	0.000000000000000000e+00	0.000000000000000000e+00	1.474044007690664404e-01	0.000000000000000000e+00
-3.000190000000000146e+04	0.000000000000000000e+00	0.000000000000000000e+00	1.522873622852259912e-01	0.000000000000000000e+00
-3.000186999999999898e+04	0.000000000000000000e+00	0.000000000000000000e+00	1.544236579485457894e-01	0.000000000000000000e+00
-3.000186000000000058e+04	0.000000000000000000e+00	0.000000000000000000e+00	1.562547685171056244e-01	0.000000000000000000e+00
-3.000184000000000015e+04	0.000000000000000000e+00	0.000000000000000000e+00	1.596118045594653034e-01	0.000000000000000000e+00
-3.000183000000000175e+04	0.000000000000000000e+00	0.000000000000000000e+00	1.580858790856654594e-01	0.000000000000000000e+00
-3.000181000000000131e+04	0.000000000000000000e+00	0.000000000000000000e+00	1.556443983275856702e-01	0.000000000000000000e+00
-3.000177999999999884e+04	0.000000000000000000e+00	0.000000000000000000e+00	1.632740256965849734e-01	0.000000000000000000e+00
-3.000175999999999840e+04	0.000000000000000000e+00	0.000000000000000000e+00	1.544236579485457894e-01	0.000000000000000000e+00
-3.000174000000000160e+04	0.000000000000000000e+00	0.000000000000000000e+00	1.586962492751854137e-01	0.000000000000000000e+00
-3.000172000000000116e+04	0.000000000000000000e+00	0.000000000000000000e+00	1.550340281380657437e-01	0.000000000000000000e+00
-3.000168999999999869e+04	0.000000000000000000e+00	0.000000000000000000e+00	1.568651387066255787e-01	0.000000000000000000e+00
-3.000168000000000029e+04	0.000000000000000000e+00	0.000000000000000000e+00	1.550340281380657437e-01	0.000000000000000000e+00
-3.000166999999999825e+04	0.000000000000000000e+00	0.000000000000000000e+00	1.577806939909054962e-01	0.000000000000000000e+00
-3.000163999999999942e+04	0.000000000000000000e+00	0.000000000000000000e+00	1.510666219061861104e-01	0.000000000000000000e+00
-3.000161999999999898e+04	0.000000000000000000e+00	0.000000000000000000e+00	1.550340281380657437e-01	0.000000000000000000e+00
-3.000159000000000015e+04	0.000000000000000000e+00	0.000000000000000000e+00	1.568651387066255787e-01	0.000000000000000000e+00
-3.000156000000000131e+04	0.000000000000000000e+00	0.000000000000000000e+00	1.574755088961455052e-01	0.000000000000000000e+00
-3.000154999999999927e+04	0.000000000000000000e+00	0.000000000000000000e+00	1.614429151280251384e-01	0.000000000000000000e+00
-3.000152999999999884e+04	0.000000000000000000e+00	0.000000000000000000e+00	1.617481002227851294e-01	0.000000000000000000e+00
-3.000150999999999840e+04	0.000000000000000000e+00	0.000000000000000000e+00	1.586962492751854137e-01	0.000000000000000000e+00
-3.000147999999999956e+04	0.000000000000000000e+00	0.000000000000000000e+00	1.666310617389446802e-01	0.000000000000000000e+00
-3.000145000000000073e+04	0.000000000000000000e+00	0.000000000000000000e+00	1.773125400555436992e-01	0.000000000000000000e+00
-3.000140999999999985e+04	0.000000000000000000e+00	0.000000000000000000e+00	1.644947660756248542e-01	0.000000000000000000e+00
-3.000136999999999898e+04	0.000000000000000000e+00	0.000000000000000000e+00	1.672414319284646067e-01	0.000000000000000000e+00
-3.000134000000000015e+04	0.000000000000000000e+00	0.000000000000000000e+00	1.910458693197424340e-01	0.000000000000000000e+00
-3.000133000000000175e+04	0.000000000000000000e+00	0.000000000000000000e+00	1.785332804345835800e-01	0.000000000000000000e+00
-3.000131000000000131e+04	0.000000000000000000e+00	0.000000000000000000e+00	1.809747611926633415e-01	0.000000000000000000e+00
-3.000127999999999884e+04	0.000000000000000000e+00	0.000000000000000000e+00	1.690725424970244417e-01	0.000000000000000000e+00
-3.000125000000000000e+04	0.000000000000000000e+00	0.000000000000000000e+00	1.773125400555436992e-01	0.000000000000000000e+00
-3.000122000000000116e+04	0.000000000000000000e+00	0.000000000000000000e+00	1.773125400555436992e-01	0.000000000000000000e+00
-3.000118999999999869e+04	0.000000000000000000e+00	0.000000000000000000e+00	1.843317972350230483e-01	0.000000000000000000e+00
-3.000115999999999985e+04	0.000000000000000000e+00	0.000000000000000000e+00	1.818903164769432590e-01	0.000000000000000000e+00
-3.000113000000000102e+04	0.000000000000000000e+00	0.000000000000000000e+00	1.831110568559831675e-01	0.000000000000000000e+00
-3.000111000000000058e+04	0.000000000000000000e+00	0.000000000000000000e+00	1.794488357188634975e-01	0.000000000000000000e+00
-3.000108000000000175e+04	0.000000000000000000e+00	0.000000000000000000e+00	1.727347636341441117e-01	0.000000000000000000e+00
-3.000104999999999927e+04	0.000000000000000000e+00	0.000000000000000000e+00	1.742606891079439557e-01	0.000000000000000000e+00
-3.000102000000000044e+04	0.000000000000000000e+00	0.000000000000000000e+00	1.797540208136234607e-01	0.000000000000000000e+00
-3.000099000000000160e+04	0.000000000000000000e+00	0.000000000000000000e+00	1.791436506241035065e-01	0.000000000000000000e+00
-3.000097000000000116e+04	0.000000000000000000e+00	0.000000000000000000e+00	1.779229102450636257e-01	0.000000000000000000e+00
-3.000095000000000073e+04	0.000000000000000000e+00	0.000000000000000000e+00	1.861629078035828833e-01	0.000000000000000000e+00
-3.000091999999999825e+04	0.000000000000000000e+00	0.000000000000000000e+00	1.840266121402630572e-01	0.000000000000000000e+00
-3.000088000000000102e+04	0.000000000000000000e+00	0.000000000000000000e+00	1.953184606463820305e-01	0.000000000000000000e+00
-3.000084999999999854e+04	0.000000000000000000e+00	0.000000000000000000e+00	1.950132755516220673e-01	0.000000000000000000e+00
-3.000083000000000175e+04	0.000000000000000000e+00	0.000000000000000000e+00	1.925717947935422780e-01	0.000000000000000000e+00
-3.000081999999999971e+04	0.000000000000000000e+00	0.000000000000000000e+00	1.876888332773827273e-01	0.000000000000000000e+00
-3.000079000000000087e+04	0.000000000000000000e+00	0.000000000000000000e+00	1.876888332773827273e-01	0.000000000000000000e+00
-3.000075999999999840e+04	0.000000000000000000e+00	0.000000000000000000e+00	1.977599414044618198e-01	0.000000000000000000e+00
-3.000072999999999956e+04	0.000000000000000000e+00	0.000000000000000000e+00	1.928769798883022690e-01	0.000000000000000000e+00
-3.000070000000000073e+04	0.000000000000000000e+00	0.000000000000000000e+00	2.008117923520615355e-01	0.000000000000000000e+00
-3.000066999999999825e+04	0.000000000000000000e+00	0.000000000000000000e+00	1.977599414044618198e-01	0.000000000000000000e+00
-3.000065999999999985e+04	0.000000000000000000e+00	0.000000000000000000e+00	1.873836481826227640e-01	0.000000000000000000e+00
-3.000063999999999942e+04	0.000000000000000000e+00	0.000000000000000000e+00	1.858577227088228923e-01	0.000000000000000000e+00
-3.000061999999999898e+04	0.000000000000000000e+00	0.000000000000000000e+00	2.002014221625415813e-01	0.000000000000000000e+00
-3.000058000000000175e+04	0.000000000000000000e+00	0.000000000000000000e+00	1.928769798883022690e-01	0.000000000000000000e+00
-3.000054999999999927e+04	0.000000000000000000e+00	0.000000000000000000e+00	2.002014221625415813e-01	0.000000000000000000e+00
-3.000052999999999884e+04	0.000000000000000000e+00	0.000000000000000000e+00	2.008117923520615355e-01	0.000000000000000000e+00
-3.000049000000000160e+04	0.000000000000000000e+00	0.000000000000000000e+00	2.002014221625415813e-01	0.000000000000000000e+00
-3.000047000000000116e+04	0.000000000000000000e+00	0.000000000000000000e+00	1.937925351725821588e-01	0.000000000000000000e+00
-3.000043999999999869e+04	0.000000000000000000e+00	0.000000000000000000e+00	1.971495712149418655e-01	0.000000000000000000e+00
-3.000040999999999985e+04	0.000000000000000000e+00	0.000000000000000000e+00	2.175969725638599861e-01	0.000000000000000000e+00
-3.000038000000000102e+04	0.000000000000000000e+00	0.000000000000000000e+00	2.069154942472609671e-01	0.000000000000000000e+00
-3.000036000000000058e+04	0.000000000000000000e+00	0.000000000000000000e+00	2.111880855739005636e-01	0.000000000000000000e+00
-3.000034000000000015e+04	0.000000000000000000e+00	0.000000000000000000e+00	2.117984557634205178e-01	0.000000000000000000e+00
-3.000031999999999971e+04	0.000000000000000000e+00	0.000000000000000000e+00	2.139347514267403161e-01	0.000000000000000000e+00
-3.000027999999999884e+04	0.000000000000000000e+00	0.000000000000000000e+00	2.142399365215002793e-01	0.000000000000000000e+00
-3.000024000000000160e+04	0.000000000000000000e+00	0.000000000000000000e+00	2.160710470900601143e-01	0.000000000000000000e+00
-3.000022000000000116e+04	0.000000000000000000e+00	0.000000000000000000e+00	2.194280831324198211e-01	0.000000000000000000e+00
-3.000018999999999869e+04	0.000000000000000000e+00	0.000000000000000000e+00	2.175969725638599861e-01	0.000000000000000000e+00
-3.000016999999999825e+04	0.000000000000000000e+00	0.000000000000000000e+00	2.206488235114597019e-01	0.000000000000000000e+00
-3.000013999999999942e+04	0.000000000000000000e+00	0.000000000000000000e+00	2.148503067110202336e-01	0.000000000000000000e+00
-3.000011000000000058e+04	0.000000000000000000e+00	0.000000000000000000e+00	2.240058595538193809e-01	0.000000000000000000e+00
-3.000008000000000175e+04	0.000000000000000000e+00	0.000000000000000000e+00	2.145451216162602703e-01	0.000000000000000000e+00
-3.000004000000000087e+04	0.000000000000000000e+00	0.000000000000000000e+00	2.175969725638599861e-01	0.000000000000000000e+00
-3.000000999999999840e+04	0.000000000000000000e+00	0.000000000000000000e+00	2.105777153843806371e-01	0.000000000000000000e+00
-2.999997999999999956e+04	0.000000000000000000e+00	0.000000000000000000e+00	2.148503067110202336e-01	0.000000000000000000e+00
-2.999993000000000029e+04	0.000000000000000000e+00	0.000000000000000000e+00	2.218695638904995826e-01	0.000000000000000000e+00
-2.999988000000000102e+04	0.000000000000000000e+00	0.000000000000000000e+00	1.998962370677816180e-01	0.000000000000000000e+00
-2.999984999999999854e+04	0.000000000000000000e+00	0.000000000000000000e+00	2.136295663319803528e-01	0.000000000000000000e+00
-2.999981999999999971e+04	0.000000000000000000e+00	0.000000000000000000e+00	2.224799340800195369e-01	0.000000000000000000e+00
-2.999979000000000087e+04	0.000000000000000000e+00	0.000000000000000000e+00	2.273628955961790876e-01	0.000000000000000000e+00
-2.999975999999999840e+04	0.000000000000000000e+00	0.000000000000000000e+00	2.270577105014191244e-01	0.000000000000000000e+00
-2.999972999999999956e+04	0.000000000000000000e+00	0.000000000000000000e+00	2.298043763542588491e-01	0.000000000000000000e+00
-2.999968999999999869e+04	0.000000000000000000e+00	0.000000000000000000e+00	2.368236335337382259e-01	0.000000000000000000e+00
-2.999965999999999985e+04	0.000000000000000000e+00	0.000000000000000000e+00	2.389599291970580242e-01	0.000000000000000000e+00
-2.999961999999999898e+04	0.000000000000000000e+00	0.000000000000000000e+00	2.435377056184575839e-01	0.000000000000000000e+00
-2.999958000000000175e+04	0.000000000000000000e+00	0.000000000000000000e+00	2.420117801446577399e-01	0.000000000000000000e+00
-2.999954999999999927e+04	0.000000000000000000e+00	0.000000000000000000e+00	2.475051118503372172e-01	0.000000000000000000e+00
-2.999950999999999840e+04	0.000000000000000000e+00	0.000000000000000000e+00	2.526932584612567312e-01	0.000000000000000000e+00
-2.999947999999999956e+04	0.000000000000000000e+00	0.000000000000000000e+00	2.533036286507767132e-01	0.000000000000000000e+00
-2.999945000000000073e+04	0.000000000000000000e+00	0.000000000000000000e+00	2.505569627979369329e-01	0.000000000000000000e+00
-2.999941999999999825e+04	0.000000000000000000e+00	0.000000000000000000e+00	2.587969603564562182e-01	0.000000000000000000e+00
-2.999938000000000102e+04	0.000000000000000000e+00	0.000000000000000000e+00	2.493362224188970522e-01	0.000000000000000000e+00
-2.999934000000000015e+04	0.000000000000000000e+00	0.000000000000000000e+00	2.569658497878963832e-01	0.000000000000000000e+00
-2.999931000000000131e+04	0.000000000000000000e+00	0.000000000000000000e+00	2.560502945036164379e-01	0.000000000000000000e+00
-2.999929000000000087e+04	0.000000000000000000e+00	0.000000000000000000e+00	2.566606646931363644e-01	0.000000000000000000e+00
-2.999925999999999840e+04	0.000000000000000000e+00	0.000000000000000000e+00	2.429273354289376574e-01	0.000000000000000000e+00
-2.999924000000000160e+04	0.000000000000000000e+00	0.000000000000000000e+00	2.459791863765373732e-01	0.000000000000000000e+00
-2.999920999999999913e+04	0.000000000000000000e+00	0.000000000000000000e+00	2.520828882717368047e-01	0.000000000000000000e+00
-2.999918000000000029e+04	0.000000000000000000e+00	0.000000000000000000e+00	2.459791863765373732e-01	0.000000000000000000e+00
-2.999913999999999942e+04	0.000000000000000000e+00	0.000000000000000000e+00	2.624591814935758327e-01	0.000000000000000000e+00
-2.999911000000000058e+04	0.000000000000000000e+00	0.000000000000000000e+00	2.679525131992553377e-01	0.000000000000000000e+00
-2.999908000000000175e+04	0.000000000000000000e+00	0.000000000000000000e+00	2.645954771568956310e-01	0.000000000000000000e+00
-2.999904999999999927e+04	0.000000000000000000e+00	0.000000000000000000e+00	2.645954771568956310e-01	0.000000000000000000e+00
-2.999904000000000087e+04	0.000000000000000000e+00	0.000000000000000000e+00	2.691732535782952462e-01	0.000000000000000000e+00
-2.999900999999999840e+04	0.000000000000000000e+00	0.000000000000000000e+00	2.786339915158543845e-01	0.000000000000000000e+00
-2.999897999999999956e+04	0.000000000000000000e+00	0.000000000000000000e+00	2.685628833887753197e-01	0.000000000000000000e+00
-2.999895000000000073e+04	0.000000000000000000e+00	0.000000000000000000e+00	2.700888088625751360e-01	0.000000000000000000e+00
-2.999891999999999825e+04	0.000000000000000000e+00	0.000000000000000000e+00	2.752769554734946778e-01	0.000000000000000000e+00
-2.999888999999999942e+04	0.000000000000000000e+00	0.000000000000000000e+00	2.737510299996948060e-01	0.000000000000000000e+00
-2.999886999999999898e+04	0.000000000000000000e+00	0.000000000000000000e+00	2.789391766106143478e-01	0.000000000000000000e+00
-2.999884000000000015e+04	0.000000000000000000e+00	0.000000000000000000e+00	2.841273232215338340e-01	0.000000000000000000e+00
-2.999881999999999971e+04	0.000000000000000000e+00	0.000000000000000000e+00	2.710043641468550812e-01	0.000000000000000000e+00
-2.999879000000000087e+04	0.000000000000000000e+00	0.000000000000000000e+00	2.731406598101748795e-01	0.000000000000000000e+00
-2.999875999999999840e+04	0.000000000000000000e+00	0.000000000000000000e+00	2.755821405682546410e-01	0.000000000000000000e+00
-2.999874000000000160e+04	0.000000000000000000e+00	0.000000000000000000e+00	2.703939939573350992e-01	0.000000000000000000e+00
-2.999870999999999913e+04	0.000000000000000000e+00	0.000000000000000000e+00	2.746665852839747513e-01	0.000000000000000000e+00
-2.999868999999999869e+04	0.000000000000000000e+00	0.000000000000000000e+00	2.746665852839747513e-01	0.000000000000000000e+00
-2.999868000000000029e+04	0.000000000000000000e+00	0.000000000000000000e+00	2.807702871791741828e-01	0.000000000000000000e+00
-2.999865999999999985e+04	0.000000000000000000e+00	0.000000000000000000e+00	2.789391766106143478e-01	0.000000000000000000e+00
-2.999863999999999942e+04	0.000000000000000000e+00	0.000000000000000000e+00	2.887050996429334493e-01	0.000000000000000000e+00
-2.999861999999999898e+04	0.000000000000000000e+00	0.000000000000000000e+00	2.859584337900936690e-01	0.000000000000000000e+00
-2.999861000000000058e+04	0.000000000000000000e+00	0.000000000000000000e+00	2.883999145481734860e-01	0.000000000000000000e+00
-2.999858000000000175e+04	0.000000000000000000e+00	0.000000000000000000e+00	2.957243568224127706e-01	0.000000000000000000e+00
-2.999854999999999927e+04	0.000000000000000000e+00	0.000000000000000000e+00	2.865688039796136510e-01	0.000000000000000000e+00
-2.999852999999999884e+04	0.000000000000000000e+00	0.000000000000000000e+00	2.935880611590929723e-01	0.000000000000000000e+00
-2.999850999999999840e+04	0.000000000000000000e+00	0.000000000000000000e+00	3.051850947599719088e-01	0.000000000000000000e+00
-2.999850000000000000e+04	0.000000000000000000e+00	0.000000000000000000e+00	3.042695394756920191e-01	0.000000000000000000e+00
-2.999847999999999956e+04	0.000000000000000000e+00	0.000000000000000000e+00	2.972502822962126423e-01	0.000000000000000000e+00
-2.999845999999999913e+04	0.000000000000000000e+00	0.000000000000000000e+00	2.929776909695730458e-01	0.000000000000000000e+00
-2.999843999999999869e+04	0.000000000000000000e+00	0.000000000000000000e+00	3.012176885280922756e-01	0.000000000000000000e+00
-2.999843000000000029e+04	0.000000000000000000e+00	0.000000000000000000e+00	2.929776909695730458e-01	0.000000000000000000e+00
-2.999840000000000146e+04	0.000000000000000000e+00	0.000000000000000000e+00	2.880947294534135228e-01	0.000000000000000000e+00
-2.999838000000000102e+04	0.000000000000000000e+00	0.000000000000000000e+00	2.957243568224127706e-01	0.000000000000000000e+00
-2.999836000000000058e+04	0.000000000000000000e+00	0.000000000000000000e+00	2.984710226752525508e-01	0.000000000000000000e+00
-2.999834999999999854e+04	0.000000000000000000e+00	0.000000000000000000e+00	2.996917630542924038e-01	0.000000000000000000e+00
-2.999833000000000175e+04	0.000000000000000000e+00	0.000000000000000000e+00	2.929776909695730458e-01	0.000000000000000000e+00
-2.999829999999999927e+04	0.000000000000000000e+00	0.000000000000000000e+00	2.929776909695730458e-01	0.000000000000000000e+00
-2.999827000000000044e+04	0.000000000000000000e+00	0.000000000000000000e+00	2.929776909695730458e-01	0.000000000000000000e+00
-2.999825000000000000e+04	0.000000000000000000e+00	0.000000000000000000e+00	2.966399121066927158e-01	0.000000000000000000e+00
-2.999822999999999956e+04	0.000000000000000000e+00	0.000000000000000000e+00	2.984710226752525508e-01	0.000000000000000000e+00
-2.999822000000000116e+04	0.000000000000000000e+00	0.000000000000000000e+00	3.021332438123722208e-01	0.000000000000000000e+00
-2.999820000000000073e+04	0.000000000000000000e+00	0.000000000000000000e+00	3.061006500442518541e-01	0.000000000000000000e+00
-2.999815999999999985e+04	0.000000000000000000e+00	0.000000000000000000e+00	3.070162053285317438e-01	0.000000000000000000e+00
-2.999813000000000102e+04	0.000000000000000000e+00	0.000000000000000000e+00	3.167821283608508454e-01	0.000000000000000000e+00
-2.999811999999999898e+04	0.000000000000000000e+00	0.000000000000000000e+00	3.213599047822504606e-01	0.000000000000000000e+00
-2.999809000000000015e+04	0.000000000000000000e+00	0.000000000000000000e+00	3.210547196874904419e-01	0.000000000000000000e+00
-2.999806999999999971e+04	0.000000000000000000e+00	0.000000000000000000e+00	3.128147221289712121e-01	0.000000000000000000e+00
-2.999804000000000087e+04	0.000000000000000000e+00	0.000000000000000000e+00	3.256324961088900571e-01	0.000000000000000000e+00
-2.999802999999999884e+04	0.000000000000000000e+00	0.000000000000000000e+00	3.292947172460097272e-01	0.000000000000000000e+00
-2.999800999999999840e+04	0.000000000000000000e+00	0.000000000000000000e+00	3.195287942136906256e-01	0.000000000000000000e+00
-2.999800000000000000e+04	0.000000000000000000e+00	0.000000000000000000e+00	3.228858302560502769e-01	0.000000000000000000e+00
-2.999797999999999956e+04	0.000000000000000000e+00	0.000000000000000000e+00	3.216650898770104239e-01	0.000000000000000000e+00
-2.999795000000000073e+04	0.000000000000000000e+00	0.000000000000000000e+00	3.280739768669698186e-01	0.000000000000000000e+00
-2.999793000000000029e+04	0.000000000000000000e+00	0.000000000000000000e+00	3.176976836451307906e-01	0.000000000000000000e+00
-2.999791999999999825e+04	0.000000000000000000e+00	0.000000000000000000e+00	3.103732413708914506e-01	0.000000000000000000e+00
-2.999790000000000146e+04	0.000000000000000000e+00	0.000000000000000000e+00	3.149510177922910104e-01	0.000000000000000000e+00
-2.999786000000000058e+04	0.000000000000000000e+00	0.000000000000000000e+00	3.195287942136906256e-01	0.000000000000000000e+00
-2.999784000000000015e+04	0.000000000000000000e+00	0.000000000000000000e+00	3.201391644032105521e-01	0.000000000000000000e+00
-2.999781999999999971e+04	0.000000000000000000e+00	0.000000000000000000e+00	3.189184240241706436e-01	0.000000000000000000e+00
-2.999779999999999927e+04	0.000000000000000000e+00	0.000000000000000000e+00	3.271584215826899289e-01	0.000000000000000000e+00
-2.999777000000000044e+04	0.000000000000000000e+00	0.000000000000000000e+00	3.305154576250495801e-01	0.000000000000000000e+00
-2.999774000000000160e+04	0.000000000000000000e+00	0.000000000000000000e+00	3.317361980040894887e-01	0.000000000000000000e+00
-2.999772999999999956e+04	0.000000000000000000e+00	0.000000000000000000e+00	3.305154576250495801e-01	0.000000000000000000e+00
-2.999772000000000116e+04	0.000000000000000000e+00	0.000000000000000000e+00	3.637806329538865180e-01	0.000000000000000000e+00
-2.999770000000000073e+04	0.000000000000000000e+00	0.000000000000000000e+00	3.457747123630481867e-01	0.000000000000000000e+00
-2.999765999999999985e+04	0.000000000000000000e+00	0.000000000000000000e+00	3.457747123630481867e-01	0.000000000000000000e+00
-2.999763999999999942e+04	0.000000000000000000e+00	0.000000000000000000e+00	3.466902676473281320e-01	0.000000000000000000e+00
-2.999763000000000102e+04	0.000000000000000000e+00	0.000000000000000000e+00	3.497421185949278200e-01	0.000000000000000000e+00
-2.999761000000000058e+04	0.000000000000000000e+00	0.000000000000000000e+00	3.518784142582476182e-01	0.000000000000000000e+00
-2.999759000000000015e+04	0.000000000000000000e+00	0.000000000000000000e+00	3.537095248268074532e-01	0.000000000000000000e+00
-2.999756999999999971e+04	0.000000000000000000e+00	0.000000000000000000e+00	3.482161931211279482e-01	0.000000000000000000e+00
-2.999754999999999927e+04	0.000000000000000000e+00	0.000000000000000000e+00	3.500473036896877832e-01	0.000000000000000000e+00
-2.999752999999999884e+04	0.000000000000000000e+00	0.000000000000000000e+00	3.454695272682882234e-01	0.000000000000000000e+00
-2.999750000000000000e+04	0.000000000000000000e+00	0.000000000000000000e+00	3.381450849940488834e-01	0.000000000000000000e+00
-2.999747999999999956e+04	0.000000000000000000e+00	0.000000000000000000e+00	3.439436017944883517e-01	0.000000000000000000e+00
-2.999745999999999913e+04	0.000000000000000000e+00	0.000000000000000000e+00	3.427228614154484432e-01	0.000000000000000000e+00
-2.999743999999999869e+04	0.000000000000000000e+00	0.000000000000000000e+00	3.399761955626087184e-01	0.000000000000000000e+00
-2.999743000000000029e+04	0.000000000000000000e+00	0.000000000000000000e+00	3.497421185949278200e-01	0.000000000000000000e+00
-2.999740999999999985e+04	0.000000000000000000e+00	0.000000000000000000e+00	3.408917508468886637e-01	0.000000000000000000e+00
-2.999738999999999942e+04	0.000000000000000000e+00	0.000000000000000000e+00	3.442487868892483149e-01	0.000000000000000000e+00
-2.999736999999999898e+04	0.000000000000000000e+00	0.000000000000000000e+00	3.534043397320474900e-01	0.000000000000000000e+00
-2.999736000000000058e+04	0.000000000000000000e+00	0.000000000000000000e+00	3.479110080263679849e-01	0.000000000000000000e+00
-2.999734999999999854e+04	0.000000000000000000e+00	0.000000000000000000e+00	3.631702627643665915e-01	0.000000000000000000e+00
-2.999731000000000131e+04	0.000000000000000000e+00	0.000000000000000000e+00	3.610339671010467932e-01	0.000000000000000000e+00
-2.999729000000000087e+04	0.000000000000000000e+00	0.000000000000000000e+00	3.683584093752861333e-01	0.000000000000000000e+00
-2.999725999999999840e+04	0.000000000000000000e+00	0.000000000000000000e+00	3.707998901333658948e-01	0.000000000000000000e+00
-2.999724000000000160e+04	0.000000000000000000e+00	0.000000000000000000e+00	3.701895199438459683e-01	0.000000000000000000e+00
-2.999722000000000116e+04	0.000000000000000000e+00	0.000000000000000000e+00	3.793450727866450878e-01	0.000000000000000000e+00
-2.999720000000000073e+04	0.000000000000000000e+00	0.000000000000000000e+00	3.723258156071657665e-01	0.000000000000000000e+00
-2.999716999999999825e+04	0.000000000000000000e+00	0.000000000000000000e+00	3.756828516495254178e-01	0.000000000000000000e+00
-2.999713999999999942e+04	0.000000000000000000e+00	0.000000000000000000e+00	3.729361857966856930e-01	0.000000000000000000e+00
-2.999711000000000058e+04	0.000000000000000000e+00	0.000000000000000000e+00	3.753776665547654545e-01	0.000000000000000000e+00
-2.999709000000000015e+04	0.000000000000000000e+00	0.000000000000000000e+00	3.720206305124057478e-01	0.000000000000000000e+00
-2.999706999999999971e+04	0.000000000000000000e+00	0.000000000000000000e+00	3.726310007019257298e-01	0.000000000000000000e+00
-2.999704999999999927e+04	0.000000000000000000e+00	0.000000000000000000e+00	3.653065584276863897e-01	0.000000000000000000e+00
-2.999702999999999884e+04	0.000000000000000000e+00	0.000000000000000000e+00	3.643910031434065000e-01	0.000000000000000000e+00
-2.999700999999999840e+04	0.000000000000000000e+00	0.000000000000000000e+00	3.628650776696066282e-01	0.000000000000000000e+00
-2.999697999999999956e+04	0.000000000000000000e+00	0.000000000000000000e+00	3.585924863429670317e-01	0.000000000000000000e+00
-2.999695999999999913e+04	0.000000000000000000e+00	0.000000000000000000e+00	3.827021088290047945e-01	0.000000000000000000e+00
-2.999693999999999869e+04	0.000000000000000000e+00	0.000000000000000000e+00	3.643910031434065000e-01	0.000000000000000000e+00
-2.999691999999999825e+04	0.000000000000000000e+00	0.000000000000000000e+00	3.640858180486464812e-01	0.000000000000000000e+00
-2.999690000000000146e+04	0.000000000000000000e+00	0.000000000000000000e+00	3.753776665547654545e-01	0.000000000000000000e+00
-2.999688000000000102e+04	0.000000000000000000e+00	0.000000000000000000e+00	3.723258156071657665e-01	0.000000000000000000e+00
-2.999686000000000058e+04	0.000000000000000000e+00	0.000000000000000000e+00	3.750724814600054913e-01	0.000000000000000000e+00
-2.999684999999999854e+04	0.000000000000000000e+00	0.000000000000000000e+00	3.827021088290047945e-01	0.000000000000000000e+00
-2.999681999999999971e+04	0.000000000000000000e+00	0.000000000000000000e+00	3.854487746818445193e-01	0.000000000000000000e+00
-2.999679999999999927e+04	0.000000000000000000e+00	0.000000000000000000e+00	3.912472914822839876e-01	0.000000000000000000e+00
-2.999677999999999884e+04	0.000000000000000000e+00	0.000000000000000000e+00	3.967406231879634926e-01	0.000000000000000000e+00
-2.999675999999999840e+04	0.000000000000000000e+00	0.000000000000000000e+00	3.973509933774834191e-01	0.000000000000000000e+00
-2.999674000000000160e+04	0.000000000000000000e+00	0.000000000000000000e+00	3.970458082827234558e-01	0.000000000000000000e+00
-2.999670999999999913e+04	0.000000000000000000e+00	0.000000000000000000e+00	4.028443250831629241e-01	0.000000000000000000e+00
-2.999668000000000029e+04	0.000000000000000000e+00	0.000000000000000000e+00	3.994872890408032728e-01	0.000000000000000000e+00
-2.999665999999999985e+04	0.000000000000000000e+00	0.000000000000000000e+00	4.080324716940824659e-01	0.000000000000000000e+00
-2.999663000000000102e+04	0.000000000000000000e+00	0.000000000000000000e+00	4.010132145146030891e-01	0.000000000000000000e+00
-2.999661000000000058e+04	0.000000000000000000e+00	0.000000000000000000e+00	4.034546952726829061e-01	0.000000000000000000e+00
-2.999658000000000175e+04	0.000000000000000000e+00	0.000000000000000000e+00	3.799554429761650698e-01	0.000000000000000000e+00
-2.999656000000000131e+04	0.000000000000000000e+00	0.000000000000000000e+00	3.967406231879634926e-01	0.000000000000000000e+00
-2.999654000000000087e+04	0.000000000000000000e+00	0.000000000000000000e+00	4.013183996093630523e-01	0.000000000000000000e+00
-2.999652999999999884e+04	0.000000000000000000e+00	0.000000000000000000e+00	4.101687673574022641e-01	0.000000000000000000e+00
-2.999650999999999840e+04	0.000000000000000000e+00	0.000000000000000000e+00	3.991821039460432541e-01	0.000000000000000000e+00
-2.999649000000000160e+04	0.000000000000000000e+00	0.000000000000000000e+00	3.991821039460432541e-01	0.000000000000000000e+00
-2.999647000000000116e+04	0.000000000000000000e+00	0.000000000000000000e+00	4.043702505569627959e-01	0.000000000000000000e+00
-2.999645000000000073e+04	0.000000000000000000e+00	0.000000000000000000e+00	4.080324716940824659e-01	0.000000000000000000e+00
-2.999643999999999869e+04	0.000000000000000000e+00	0.000000000000000000e+00	4.095583971678823376e-01	0.000000000000000000e+00
-2.999641999999999825e+04	0.000000000000000000e+00	0.000000000000000000e+00	4.098635822626423009e-01	0.000000000000000000e+00
-2.999638999999999942e+04	0.000000000000000000e+00	0.000000000000000000e+00	4.129154332102419889e-01	0.000000000000000000e+00
-2.999634999999999854e+04	0.000000000000000000e+00	0.000000000000000000e+00	4.297006134220404672e-01	0.000000000000000000e+00
-2.999633000000000175e+04	0.000000000000000000e+00	0.000000000000000000e+00	4.235969115268410357e-01	0.000000000000000000e+00
-2.999631000000000131e+04	0.000000000000000000e+00	0.000000000000000000e+00	4.281746879482405954e-01	0.000000000000000000e+00
-2.999629000000000087e+04	0.000000000000000000e+00	0.000000000000000000e+00	4.248176519058809442e-01	0.000000000000000000e+00
-2.999625999999999840e+04	0.000000000000000000e+00	0.000000000000000000e+00	4.229865413373211092e-01	0.000000000000000000e+00
-2.999622000000000116e+04	0.000000000000000000e+00	0.000000000000000000e+00	4.251228370006409074e-01	0.000000000000000000e+00
-2.999618999999999869e+04	0.000000000000000000e+00	0.000000000000000000e+00	4.239020966216009989e-01	0.000000000000000000e+00
-2.999615999999999985e+04	0.000000000000000000e+00	0.000000000000000000e+00	4.400769066438794952e-01	0.000000000000000000e+00
-2.999613000000000102e+04	0.000000000000000000e+00	0.000000000000000000e+00	4.269539475692007424e-01	0.000000000000000000e+00
-2.999609999999999854e+04	0.000000000000000000e+00	0.000000000000000000e+00	4.202398754844813289e-01	0.000000000000000000e+00
-2.999608000000000175e+04	0.000000000000000000e+00	0.000000000000000000e+00	4.263435773796807604e-01	0.000000000000000000e+00
-2.999606000000000131e+04	0.000000000000000000e+00	0.000000000000000000e+00	4.190191351054414759e-01	0.000000000000000000e+00
-2.999604000000000087e+04	0.000000000000000000e+00	0.000000000000000000e+00	4.251228370006409074e-01	0.000000000000000000e+00
-2.999602000000000044e+04	0.000000000000000000e+00	0.000000000000000000e+00	4.272591326639607057e-01	0.000000000000000000e+00
-2.999600000000000000e+04	0.000000000000000000e+00	0.000000000000000000e+00	4.235969115268410357e-01	0.000000000000000000e+00
-2.999597999999999956e+04	0.000000000000000000e+00	0.000000000000000000e+00	4.287850581377605774e-01	0.000000000000000000e+00
-2.999595999999999913e+04	0.000000000000000000e+00	0.000000000000000000e+00	4.330576494644001739e-01	0.000000000000000000e+00
-2.999593999999999869e+04	0.000000000000000000e+00	0.000000000000000000e+00	4.391613513595996054e-01	0.000000000000000000e+00
-2.999590999999999985e+04	0.000000000000000000e+00	0.000000000000000000e+00	4.483169042023987805e-01	0.000000000000000000e+00
-2.999588999999999942e+04	0.000000000000000000e+00	0.000000000000000000e+00	4.449598681600390737e-01	0.000000000000000000e+00
-2.999586999999999898e+04	0.000000000000000000e+00	0.000000000000000000e+00	4.553361613818781017e-01	0.000000000000000000e+00
-2.999584000000000015e+04	0.000000000000000000e+00	0.000000000000000000e+00	4.586931974242378085e-01	0.000000000000000000e+00
-2.999581999999999971e+04	0.000000000000000000e+00	0.000000000000000000e+00	4.651020844141972033e-01	0.000000000000000000e+00
-2.999579999999999927e+04	0.000000000000000000e+00	0.000000000000000000e+00	4.632709738456373683e-01	0.000000000000000000e+00
-2.999575999999999840e+04	0.000000000000000000e+00	0.000000000000000000e+00	4.553361613818781017e-01	0.000000000000000000e+00
-2.999572999999999956e+04	0.000000000000000000e+00	0.000000000000000000e+00	4.651020844141972033e-01	0.000000000000000000e+00
-2.999570999999999913e+04	0.000000000000000000e+00	0.000000000000000000e+00	4.638813440351573503e-01	0.000000000000000000e+00
-2.999568000000000029e+04	0.000000000000000000e+00	0.000000000000000000e+00	4.617450483718374965e-01	0.000000000000000000e+00
-2.999565000000000146e+04	0.000000000000000000e+00	0.000000000000000000e+00	4.626606036561174418e-01	0.000000000000000000e+00
-2.999561000000000058e+04	0.000000000000000000e+00	0.000000000000000000e+00	4.709006012146366715e-01	0.000000000000000000e+00
-2.999558000000000175e+04	0.000000000000000000e+00	0.000000000000000000e+00	4.696798608355967630e-01	0.000000000000000000e+00
-2.999556000000000131e+04	0.000000000000000000e+00	0.000000000000000000e+00	4.705954161198767083e-01	0.000000000000000000e+00
-2.999554000000000087e+04	0.000000000000000000e+00	0.000000000000000000e+00	4.586931974242378085e-01	0.000000000000000000e+00
-2.999550000000000000e+04	0.000000000000000000e+00	0.000000000000000000e+00	4.800561540574358466e-01	0.000000000000000000e+00
-2.999545999999999913e+04	0.000000000000000000e+00	0.000000000000000000e+00	4.751731925412762680e-01	0.000000000000000000e+00
-2.999543999999999869e+04	0.000000000000000000e+00	0.000000000000000000e+00	4.760887478255562133e-01	0.000000000000000000e+00
-2.999541999999999825e+04	0.000000000000000000e+00	0.000000000000000000e+00	4.809717093417157363e-01	0.000000000000000000e+00
-2.999538999999999942e+04	0.000000000000000000e+00	0.000000000000000000e+00	4.858546708578753148e-01	0.000000000000000000e+00
-2.999536000000000058e+04	0.000000000000000000e+00	0.000000000000000000e+00	4.919583727530747463e-01	0.000000000000000000e+00
-2.999534000000000015e+04	0.000000000000000000e+00	0.000000000000000000e+00	4.931791131321146548e-01	0.000000000000000000e+00
-2.999531000000000131e+04	0.000000000000000000e+00	0.000000000000000000e+00	4.992828150273140864e-01	0.000000000000000000e+00
-2.999527999999999884e+04	0.000000000000000000e+00	0.000000000000000000e+00	4.998931852168340129e-01	0.000000000000000000e+00
-2.999525000000000000e+04	0.000000000000000000e+00	0.000000000000000000e+00	5.105746635334330596e-01	0.000000000000000000e+00
-2.999522000000000116e+04	0.000000000000000000e+00	0.000000000000000000e+00	5.117954039124729126e-01	0.000000000000000000e+00
-2.999520999999999913e+04	0.000000000000000000e+00	0.000000000000000000e+00	5.087435529648731691e-01	0.000000000000000000e+00
-2.999518000000000029e+04	0.000000000000000000e+00	0.000000000000000000e+00	5.102694784386730964e-01	0.000000000000000000e+00
-2.999513999999999942e+04	0.000000000000000000e+00	0.000000000000000000e+00	5.102694784386730964e-01	0.000000000000000000e+00
-2.999509999999999854e+04	0.000000000000000000e+00	0.000000000000000000e+00	5.111850337229529861e-01	0.000000000000000000e+00
-2.999508000000000175e+04	0.000000000000000000e+00	0.000000000000000000e+00	5.032502212591937196e-01	0.000000000000000000e+00
-2.999506000000000131e+04	0.000000000000000000e+00	0.000000000000000000e+00	4.992828150273140864e-01	0.000000000000000000e+00
-2.999502999999999884e+04	0.000000000000000000e+00	0.000000000000000000e+00	4.986724448377941044e-01	0.000000000000000000e+00
-2.999500000000000000e+04	0.000000000000000000e+00	0.000000000000000000e+00	5.014191106906338291e-01	0.000000000000000000e+00
-2.999497999999999956e+04	0.000000000000000000e+00	0.000000000000000000e+00	5.032502212591937196e-01	0.000000000000000000e+00
-2.999495000000000073e+04	0.000000000000000000e+00	0.000000000000000000e+00	4.965361491744743061e-01	0.000000000000000000e+00
-2.999491999999999825e+04	0.000000000000000000e+00	0.000000000000000000e+00	4.989776299325540676e-01	0.000000000000000000e+00
-2.999490000000000146e+04	0.000000000000000000e+00	0.000000000000000000e+00	4.989776299325540676e-01	0.000000000000000000e+00
-2.999486999999999898e+04	0.000000000000000000e+00	0.000000000000000000e+00	5.069124423963133896e-01	0.000000000000000000e+00
-2.999484999999999854e+04	0.000000000000000000e+00	0.000000000000000000e+00	5.108798486281930229e-01	0.000000000000000000e+00
-2.999481999999999971e+04	0.000000000000000000e+00	0.000000000000000000e+00	5.264442884609515927e-01	0.000000000000000000e+00
-2.999479999999999927e+04	0.000000000000000000e+00	0.000000000000000000e+00	5.209509567552720322e-01	0.000000000000000000e+00
-2.999477000000000044e+04	0.000000000000000000e+00	0.000000000000000000e+00	5.386516922513504557e-01	0.000000000000000000e+00
-2.999472000000000116e+04	0.000000000000000000e+00	0.000000000000000000e+00	5.368205816827905652e-01	0.000000000000000000e+00
-2.999468999999999869e+04	0.000000000000000000e+00	0.000000000000000000e+00	5.456709494308298325e-01	0.000000000000000000e+00
-2.999465000000000146e+04	0.000000000000000000e+00	0.000000000000000000e+00	5.484176152836695017e-01	0.000000000000000000e+00
-2.999461999999999898e+04	0.000000000000000000e+00	0.000000000000000000e+00	5.511642811365092820e-01	0.000000000000000000e+00
-2.999459000000000015e+04	0.000000000000000000e+00	0.000000000000000000e+00	5.545213171788689888e-01	0.000000000000000000e+00
-2.999456000000000131e+04	0.000000000000000000e+00	0.000000000000000000e+00	5.609302041688284390e-01	0.000000000000000000e+00
-2.999452999999999884e+04	0.000000000000000000e+00	0.000000000000000000e+00	5.627613147373882185e-01	0.000000000000000000e+00
-2.999449000000000160e+04	0.000000000000000000e+00	0.000000000000000000e+00	5.557420575579088418e-01	0.000000000000000000e+00
-2.999445999999999913e+04	0.000000000000000000e+00	0.000000000000000000e+00	5.587939085055085853e-01	0.000000000000000000e+00
-2.999441999999999825e+04	0.000000000000000000e+00	0.000000000000000000e+00	5.511642811365092820e-01	0.000000000000000000e+00
-2.999440000000000146e+04	0.000000000000000000e+00	0.000000000000000000e+00	5.670339060640278150e-01	0.000000000000000000e+00
-2.999438000000000102e+04	0.000000000000000000e+00	0.000000000000000000e+00	5.581835383159886588e-01	0.000000000000000000e+00
-2.999436000000000058e+04	0.000000000000000000e+00	0.000000000000000000e+00	5.587939085055085853e-01	0.000000000000000000e+00
-2.999433000000000175e+04	0.000000000000000000e+00	0.000000000000000000e+00	5.594042786950285118e-01	0.000000000000000000e+00
-2.999429999999999927e+04	0.000000000000000000e+00	0.000000000000000000e+00	5.621509445478682920e-01	0.000000000000000000e+00
-2.999427000000000044e+04	0.000000000000000000e+00	0.000000000000000000e+00	5.850398266548662018e-01	0.000000000000000000e+00
-2.999425000000000000e+04	0.000000000000000000e+00	0.000000000000000000e+00	5.749687185277870816e-01	0.000000000000000000e+00
-2.999422999999999956e+04	0.000000000000000000e+00	0.000000000000000000e+00	5.655079805902279988e-01	0.000000000000000000e+00
-2.999420999999999913e+04	0.000000000000000000e+00	0.000000000000000000e+00	5.719168675801873380e-01	0.000000000000000000e+00
-2.999418999999999869e+04	0.000000000000000000e+00	0.000000000000000000e+00	5.771050141911069353e-01	0.000000000000000000e+00
-2.999415000000000146e+04	0.000000000000000000e+00	0.000000000000000000e+00	5.813776055177465318e-01	0.000000000000000000e+00
-2.999413000000000102e+04	0.000000000000000000e+00	0.000000000000000000e+00	5.890072328867458351e-01	0.000000000000000000e+00
-2.999409999999999854e+04	0.000000000000000000e+00	0.000000000000000000e+00	5.923642689291055419e-01	0.000000000000000000e+00
-2.999408000000000175e+04	0.000000000000000000e+00	0.000000000000000000e+00	5.972472304452650649e-01	0.000000000000000000e+00
-2.999406000000000131e+04	0.000000000000000000e+00	0.000000000000000000e+00	5.981627857295449546e-01	0.000000000000000000e+00
-2.999402999999999884e+04	0.000000000000000000e+00	0.000000000000000000e+00	5.954161198767051744e-01	0.000000000000000000e+00
-2.999400999999999840e+04	0.000000000000000000e+00	0.000000000000000000e+00	5.981627857295449546e-01	0.000000000000000000e+00
-2.999400000000000000e+04	0.000000000000000000e+00	0.000000000000000000e+00	6.018250068666646246e-01	0.000000000000000000e+00
-2.999397999999999956e+04	0.000000000000000000e+00	0.000000000000000000e+00	5.929746391186254684e-01	0.000000000000000000e+00
-2.999395000000000073e+04	0.000000000000000000e+00	0.000000000000000000e+00	5.999938962981048451e-01	0.000000000000000000e+00
-2.999390999999999985e+04	0.000000000000000000e+00	0.000000000000000000e+00	5.890072328867458351e-01	0.000000000000000000e+00
-2.999388000000000102e+04	0.000000000000000000e+00	0.000000000000000000e+00	5.890072328867458351e-01	0.000000000000000000e+00
-2.999384999999999854e+04	0.000000000000000000e+00	0.000000000000000000e+00	5.838190862758262378e-01	0.000000000000000000e+00
-2.999383000000000175e+04	0.000000000000000000e+00	0.000000000000000000e+00	5.764946440015870088e-01	0.000000000000000000e+00
-2.999381999999999971e+04	0.000000000000000000e+00	0.000000000000000000e+00	5.819879757072664583e-01	0.000000000000000000e+00
-2.999379000000000087e+04	0.000000000000000000e+00	0.000000000000000000e+00	5.835139011810662746e-01	0.000000000000000000e+00
-2.999377000000000044e+04	0.000000000000000000e+00	0.000000000000000000e+00	5.920590838343455786e-01	0.000000000000000000e+00
-2.999374000000000160e+04	0.000000000000000000e+00	0.000000000000000000e+00	6.024353770561845511e-01	0.000000000000000000e+00
-2.999370999999999913e+04	0.000000000000000000e+00	0.000000000000000000e+00	6.036561174352245152e-01	0.000000000000000000e+00
-2.999368999999999869e+04	0.000000000000000000e+00	0.000000000000000000e+00	6.155583361308634149e-01	0.000000000000000000e+00
-2.999365999999999985e+04	0.000000000000000000e+00	0.000000000000000000e+00	6.280709250160222412e-01	0.000000000000000000e+00
-2.999363999999999942e+04	0.000000000000000000e+00	0.000000000000000000e+00	6.332590716269417275e-01	0.000000000000000000e+00
-2.999361999999999898e+04	0.000000000000000000e+00	0.000000000000000000e+00	6.414990691854609572e-01	0.000000000000000000e+00
-2.999359000000000015e+04	0.000000000000000000e+00	0.000000000000000000e+00	6.381420331431012505e-01	0.000000000000000000e+00
-2.999356000000000131e+04	0.000000000000000000e+00	0.000000000000000000e+00	6.414990691854609572e-01	0.000000000000000000e+00
-2.999354000000000087e+04	0.000000000000000000e+00	0.000000000000000000e+00	6.396679586169011777e-01	0.000000000000000000e+00
-2.999352000000000044e+04	0.000000000000000000e+00	0.000000000000000000e+00	6.445509201330607008e-01	0.000000000000000000e+00
-2.999349000000000160e+04	0.000000000000000000e+00	0.000000000000000000e+00	6.421094393749808837e-01	0.000000000000000000e+00
-2.999345999999999913e+04	0.000000000000000000e+00	0.000000000000000000e+00	6.360057374797815077e-01	0.000000000000000000e+00
-2.999343999999999869e+04	0.000000000000000000e+00	0.000000000000000000e+00	6.308175908688619105e-01	0.000000000000000000e+00
-2.999343000000000029e+04	0.000000000000000000e+00	0.000000000000000000e+00	6.530961027863398938e-01	0.000000000000000000e+00
-2.999340999999999985e+04	0.000000000000000000e+00	0.000000000000000000e+00	6.430249946592608845e-01	0.000000000000000000e+00
-2.999338000000000102e+04	0.000000000000000000e+00	0.000000000000000000e+00	6.341746269112216172e-01	0.000000000000000000e+00
-2.999334999999999854e+04	0.000000000000000000e+00	0.000000000000000000e+00	6.308175908688619105e-01	0.000000000000000000e+00
-2.999331999999999971e+04	0.000000000000000000e+00	0.000000000000000000e+00	6.332590716269417275e-01	0.000000000000000000e+00
-2.999329999999999927e+04	0.000000000000000000e+00	0.000000000000000000e+00	6.341746269112216172e-01	0.000000000000000000e+00
-2.999327999999999884e+04	0.000000000000000000e+00	0.000000000000000000e+00	6.436353648487808110e-01	0.000000000000000000e+00
-2.999325000000000000e+04	0.000000000000000000e+00	0.000000000000000000e+00	6.460768456068605170e-01	0.000000000000000000e+00
-2.999322000000000116e+04	0.000000000000000000e+00	0.000000000000000000e+00	6.527909176915799305e-01	0.000000000000000000e+00
-2.999320000000000073e+04	0.000000000000000000e+00	0.000000000000000000e+00	6.625568407238990876e-01	0.000000000000000000e+00
-2.999318999999999869e+04	0.000000000000000000e+00	0.000000000000000000e+00	6.707968382824183173e-01	0.000000000000000000e+00
-2.999316999999999825e+04	0.000000000000000000e+00	0.000000000000000000e+00	6.790368358409375471e-01	0.000000000000000000e+00
-2.999313999999999942e+04	0.000000000000000000e+00	0.000000000000000000e+00	6.872768333994567769e-01	0.000000000000000000e+00
-2.999311999999999898e+04	0.000000000000000000e+00	0.000000000000000000e+00	6.872768333994567769e-01	0.000000000000000000e+00
-2.999309000000000015e+04	0.000000000000000000e+00	0.000000000000000000e+00	6.888027588732565931e-01	0.000000000000000000e+00
-2.999306000000000131e+04	0.000000000000000000e+00	0.000000000000000000e+00	6.897183141575365939e-01	0.000000000000000000e+00
-2.999302000000000044e+04	0.000000000000000000e+00	0.000000000000000000e+00	6.845301675466169966e-01	0.000000000000000000e+00
-2.999300000000000000e+04	0.000000000000000000e+00	0.000000000000000000e+00	6.939909054841761904e-01	0.000000000000000000e+00
-2.999297999999999956e+04	0.000000000000000000e+00	0.000000000000000000e+00	6.866664632099368504e-01	0.000000000000000000e+00
-2.999295999999999913e+04	0.000000000000000000e+00	0.000000000000000000e+00	6.888027588732565931e-01	0.000000000000000000e+00
-2.999293000000000029e+04	0.000000000000000000e+00	0.000000000000000000e+00	6.817835016937773274e-01	0.000000000000000000e+00
-2.999290000000000146e+04	0.000000000000000000e+00	0.000000000000000000e+00	6.781212805566576574e-01	0.000000000000000000e+00
-2.999288000000000102e+04	0.000000000000000000e+00	0.000000000000000000e+00	6.668294320505386841e-01	0.000000000000000000e+00
-2.999286000000000058e+04	0.000000000000000000e+00	0.000000000000000000e+00	6.769005401776176933e-01	0.000000000000000000e+00
-2.999284000000000015e+04	0.000000000000000000e+00	0.000000000000000000e+00	6.857509079256569606e-01	0.000000000000000000e+00
-2.999281999999999971e+04	0.000000000000000000e+00	0.000000000000000000e+00	6.866664632099368504e-01	0.000000000000000000e+00
-2.999279999999999927e+04	0.000000000000000000e+00	0.000000000000000000e+00	6.826990569780572171e-01	0.000000000000000000e+00
-2.999277000000000044e+04	0.000000000000000000e+00	0.000000000000000000e+00	6.884975737784966299e-01	0.000000000000000000e+00
-2.999275000000000000e+04	0.000000000000000000e+00	0.000000000000000000e+00	6.851405377361369231e-01	0.000000000000000000e+00
-2.999272999999999956e+04	0.000000000000000000e+00	0.000000000000000000e+00	7.049775688955350894e-01	0.000000000000000000e+00
-2.999272000000000116e+04	0.000000000000000000e+00	0.000000000000000000e+00	6.997894222846156032e-01	0.000000000000000000e+00
-2.999270000000000073e+04	0.000000000000000000e+00	0.000000000000000000e+00	7.083346049378947962e-01	0.000000000000000000e+00
-2.999268000000000029e+04	0.000000000000000000e+00	0.000000000000000000e+00	7.147434919278542464e-01	0.000000000000000000e+00
-2.999265999999999985e+04	0.000000000000000000e+00	0.000000000000000000e+00	7.242042298654133292e-01	0.000000000000000000e+00
-2.999265000000000146e+04	0.000000000000000000e+00	0.000000000000000000e+00	7.238990447706533660e-01	0.000000000000000000e+00
-2.999263000000000102e+04	0.000000000000000000e+00	0.000000000000000000e+00	7.309183019501327427e-01	0.000000000000000000e+00
-2.999261999999999898e+04	0.000000000000000000e+00	0.000000000000000000e+00	7.354960783715323025e-01	0.000000000000000000e+00
-2.999258000000000175e+04	0.000000000000000000e+00	0.000000000000000000e+00	7.309183019501327427e-01	0.000000000000000000e+00
-2.999256000000000131e+04	0.000000000000000000e+00	0.000000000000000000e+00	7.281716360972929625e-01	0.000000000000000000e+00
-2.999252999999999884e+04	0.000000000000000000e+00	0.000000000000000000e+00	7.165746024964140259e-01	0.000000000000000000e+00
-2.999250000000000000e+04	0.000000000000000000e+00	0.000000000000000000e+00	7.165746024964140259e-01	0.000000000000000000e+00
-2.999247999999999956e+04	0.000000000000000000e+00	0.000000000000000000e+00	7.138279366435743567e-01	0.000000000000000000e+00
-2.999245999999999913e+04	0.000000000000000000e+00	0.000000000000000000e+00	7.150486770226142097e-01	0.000000000000000000e+00
-2.999243999999999869e+04	0.000000000000000000e+00	0.000000000000000000e+00	7.150486770226142097e-01	0.000000000000000000e+00
-2.999241999999999825e+04	0.000000000000000000e+00	0.000000000000000000e+00	7.098605304116947234e-01	0.000000000000000000e+00
-2.999240000000000146e+04	0.000000000000000000e+00	0.000000000000000000e+00	7.049775688955350894e-01	0.000000000000000000e+00
-2.999236999999999898e+04	0.000000000000000000e+00	0.000000000000000000e+00	7.071138645588549432e-01	0.000000000000000000e+00
-2.999234999999999854e+04	0.000000000000000000e+00	0.000000000000000000e+00	7.141331217383343200e-01	0.000000000000000000e+00
-2.999233000000000175e+04	0.000000000000000000e+00	0.000000000000000000e+00	7.306131168553727795e-01	0.000000000000000000e+00
-2.999229999999999927e+04	0.000000000000000000e+00	0.000000000000000000e+00	7.278664510025329992e-01	0.000000000000000000e+00
-2.999227999999999884e+04	0.000000000000000000e+00	0.000000000000000000e+00	7.324442274239326700e-01	0.000000000000000000e+00
-2.999225000000000000e+04	0.000000000000000000e+00	0.000000000000000000e+00	7.489242225409711295e-01	0.000000000000000000e+00
-2.999222999999999956e+04	0.000000000000000000e+00	0.000000000000000000e+00	7.400738547929318623e-01	0.000000000000000000e+00
-2.999222000000000116e+04	0.000000000000000000e+00	0.000000000000000000e+00	7.586901455732901756e-01	0.000000000000000000e+00
-2.999220000000000073e+04	0.000000000000000000e+00	0.000000000000000000e+00	7.632679219946897353e-01	0.000000000000000000e+00
-2.999218000000000029e+04	0.000000000000000000e+00	0.000000000000000000e+00	7.663197729422894788e-01	0.000000000000000000e+00
-2.999215999999999985e+04	0.000000000000000000e+00	0.000000000000000000e+00	7.654042176580095891e-01	0.000000000000000000e+00
-2.999211999999999898e+04	0.000000000000000000e+00	0.000000000000000000e+00	7.641834772789697361e-01	0.000000000000000000e+00
-2.999209000000000015e+04	0.000000000000000000e+00	0.000000000000000000e+00	7.641834772789697361e-01	0.000000000000000000e+00
-2.999206000000000131e+04	0.000000000000000000e+00	0.000000000000000000e+00	7.654042176580095891e-01	0.000000000000000000e+00
-2.999204000000000087e+04	0.000000000000000000e+00	0.000000000000000000e+00	7.580797753837702491e-01	0.000000000000000000e+00
-2.999202000000000044e+04	0.000000000000000000e+00	0.000000000000000000e+00	7.559434797204505063e-01	0.000000000000000000e+00
-2.999200000000000000e+04	0.000000000000000000e+00	0.000000000000000000e+00	7.528916287728507628e-01	0.000000000000000000e+00
-2.999197000000000116e+04	0.000000000000000000e+00	0.000000000000000000e+00	7.434308908352915690e-01	0.000000000000000000e+00
-2.999193999999999869e+04	0.000000000000000000e+00	0.000000000000000000e+00	7.495345927304910560e-01	0.000000000000000000e+00
-2.999190999999999985e+04	0.000000000000000000e+00	0.000000000000000000e+00	7.443464461195715698e-01	0.000000000000000000e+00
-2.999190000000000146e+04	0.000000000000000000e+00	0.000000000000000000e+00	7.446516312143315330e-01	0.000000000000000000e+00
-2.999188000000000102e+04	0.000000000000000000e+00	0.000000000000000000e+00	7.495345927304910560e-01	0.000000000000000000e+00
-2.999184999999999854e+04	0.000000000000000000e+00	0.000000000000000000e+00	7.632679219946897353e-01	0.000000000000000000e+00
-2.999181999999999971e+04	0.000000000000000000e+00	0.000000000000000000e+00	7.715079195532090761e-01	0.000000000000000000e+00
-2.999179000000000087e+04	0.000000000000000000e+00	0.000000000000000000e+00	7.925656910916470954e-01	0.000000000000000000e+00
-2.999175000000000000e+04	0.000000000000000000e+00	0.000000000000000000e+00	7.843256935331278656e-01	0.000000000000000000e+00
-2.999172000000000116e+04	0.000000000000000000e+00	0.000000000000000000e+00	7.980590227973265449e-01	0.000000000000000000e+00
-2.999170999999999913e+04	0.000000000000000000e+00	0.000000000000000000e+00	8.099612414929654447e-01	0.000000000000000000e+00
-2.999170000000000073e+04	0.000000000000000000e+00	0.000000000000000000e+00	8.059938352610858114e-01	0.000000000000000000e+00
-2.999166999999999825e+04	0.000000000000000000e+00	0.000000000000000000e+00	8.151493881038850420e-01	0.000000000000000000e+00
-2.999165000000000146e+04	0.000000000000000000e+00	0.000000000000000000e+00	8.160649433881649317e-01	0.000000000000000000e+00
-2.999161000000000058e+04	0.000000000000000000e+00	0.000000000000000000e+00	8.127079073458052250e-01	0.000000000000000000e+00
-2.999158000000000175e+04	0.000000000000000000e+00	0.000000000000000000e+00	8.081301309244056652e-01	0.000000000000000000e+00
-2.999156000000000131e+04	0.000000000000000000e+00	0.000000000000000000e+00	8.014160588396862517e-01	0.000000000000000000e+00
-2.999154000000000087e+04	0.000000000000000000e+00	0.000000000000000000e+00	8.035523545030061054e-01	0.000000000000000000e+00
-2.999150999999999840e+04	0.000000000000000000e+00	0.000000000000000000e+00	7.995849482711264722e-01	0.000000000000000000e+00
-2.999149000000000160e+04	0.000000000000000000e+00	0.000000000000000000e+00	8.108767967772454455e-01	0.000000000000000000e+00
-2.999147000000000116e+04	0.000000000000000000e+00	0.000000000000000000e+00	7.950071718497269124e-01	0.000000000000000000e+00
-2.999145000000000073e+04	0.000000000000000000e+00	0.000000000000000000e+00	7.892086550492873886e-01	0.000000000000000000e+00
-2.999143000000000029e+04	0.000000000000000000e+00	0.000000000000000000e+00	7.962279122287667654e-01	0.000000000000000000e+00
-2.999140999999999985e+04	0.000000000000000000e+00	0.000000000000000000e+00	7.977538377025665817e-01	0.000000000000000000e+00
-2.999138000000000102e+04	0.000000000000000000e+00	0.000000000000000000e+00	7.922605059968871322e-01	0.000000000000000000e+00
-2.999136000000000058e+04	0.000000000000000000e+00	0.000000000000000000e+00	8.081301309244056652e-01	0.000000000000000000e+00
-2.999133000000000175e+04	0.000000000000000000e+00	0.000000000000000000e+00	8.191167943357646752e-01	0.000000000000000000e+00
-2.999131000000000131e+04	0.000000000000000000e+00	0.000000000000000000e+00	8.252204962309640512e-01	0.000000000000000000e+00
-2.999127999999999884e+04	0.000000000000000000e+00	0.000000000000000000e+00	8.365123447370830245e-01	0.000000000000000000e+00
-2.999125999999999840e+04	0.000000000000000000e+00	0.000000000000000000e+00	8.499404889065218516e-01	0.000000000000000000e+00
-2.999122999999999956e+04	0.000000000000000000e+00	0.000000000000000000e+00	8.474990081484420346e-01	0.000000000000000000e+00
-2.999120000000000073e+04	0.000000000000000000e+00	0.000000000000000000e+00	8.627582628864406411e-01	0.000000000000000000e+00
-2.999118000000000029e+04	0.000000000000000000e+00	0.000000000000000000e+00	8.557390057069612643e-01	0.000000000000000000e+00
-2.999115000000000146e+04	0.000000000000000000e+00	0.000000000000000000e+00	8.578753013702811181e-01	0.000000000000000000e+00
-2.999111999999999898e+04	0.000000000000000000e+00	0.000000000000000000e+00	8.578753013702811181e-01	0.000000000000000000e+00
-2.999109000000000015e+04	0.000000000000000000e+00	0.000000000000000000e+00	8.569597460860011173e-01	0.000000000000000000e+00
-2.999106000000000131e+04	0.000000000000000000e+00	0.000000000000000000e+00	8.673360393078402009e-01	0.000000000000000000e+00
-2.999104000000000087e+04	0.000000000000000000e+00	0.000000000000000000e+00	8.618427076021607514e-01	0.000000000000000000e+00
-2.999100999999999840e+04	0.000000000000000000e+00	0.000000000000000000e+00	8.484145634327219243e-01	0.000000000000000000e+00
-2.999097999999999956e+04	0.000000000000000000e+00	0.000000000000000000e+00	8.459730826746422183e-01	0.000000000000000000e+00
-2.999095000000000073e+04	0.000000000000000000e+00	0.000000000000000000e+00	8.502456740012818148e-01	0.000000000000000000e+00
-2.999093000000000029e+04	0.000000000000000000e+00	0.000000000000000000e+00	8.603167821283608241e-01	0.000000000000000000e+00
-2.999090000000000146e+04	0.000000000000000000e+00	0.000000000000000000e+00	8.450575273903622175e-01	0.000000000000000000e+00
-2.999086000000000058e+04	0.000000000000000000e+00	0.000000000000000000e+00	8.456678975798821440e-01	0.000000000000000000e+00
-2.999083000000000175e+04	0.000000000000000000e+00	0.000000000000000000e+00	8.468886379589221081e-01	0.000000000000000000e+00
-2.999079000000000087e+04	0.000000000000000000e+00	0.000000000000000000e+00	8.651997436445203471e-01	0.000000000000000000e+00
-2.999077000000000044e+04	0.000000000000000000e+00	0.000000000000000000e+00	8.688619647816400171e-01	0.000000000000000000e+00
-2.999074000000000160e+04	0.000000000000000000e+00	0.000000000000000000e+00	8.801538132877589904e-01	0.000000000000000000e+00
-2.999072000000000116e+04	0.000000000000000000e+00	0.000000000000000000e+00	8.792382580034791006e-01	0.000000000000000000e+00
-2.999070000000000073e+04	0.000000000000000000e+00	0.000000000000000000e+00	8.896145512253181842e-01	0.000000000000000000e+00
-2.999066999999999825e+04	0.000000000000000000e+00	0.000000000000000000e+00	8.984649189733573404e-01	0.000000000000000000e+00
-2.999065000000000146e+04	0.000000000000000000e+00	0.000000000000000000e+00	9.021271401104770105e-01	0.000000000000000000e+00
-2.999063000000000102e+04	0.000000000000000000e+00	0.000000000000000000e+00	9.210486159855952870e-01	0.000000000000000000e+00
-2.999061000000000058e+04	0.000000000000000000e+00	0.000000000000000000e+00	9.210486159855952870e-01	0.000000000000000000e+00
-2.999056999999999971e+04	0.000000000000000000e+00	0.000000000000000000e+00	9.179967650379955435e-01	0.000000000000000000e+00
-2.999054000000000087e+04	0.000000000000000000e+00	0.000000000000000000e+00	9.225745414593951033e-01	0.000000000000000000e+00
-2.999050999999999840e+04	0.000000000000000000e+00	0.000000000000000000e+00	9.073152867213964967e-01	0.000000000000000000e+00
-2.999049000000000160e+04	0.000000000000000000e+00	0.000000000000000000e+00	8.978545487838374139e-01	0.000000000000000000e+00
-2.999047000000000116e+04	0.000000000000000000e+00	0.000000000000000000e+00	9.054841761528367172e-01	0.000000000000000000e+00
-2.999043999999999869e+04	0.000000000000000000e+00	0.000000000000000000e+00	8.880886257515182569e-01	0.000000000000000000e+00
-2.999040999999999985e+04	0.000000000000000000e+00	0.000000000000000000e+00	8.987701040681173037e-01	0.000000000000000000e+00
-2.999038000000000102e+04	0.000000000000000000e+00	0.000000000000000000e+00	8.871730704672383672e-01	0.000000000000000000e+00
-2.999036000000000058e+04	0.000000000000000000e+00	0.000000000000000000e+00	8.844264046143985869e-01	0.000000000000000000e+00
-2.999034000000000015e+04	0.000000000000000000e+00	0.000000000000000000e+00	8.786278878139591741e-01	0.000000000000000000e+00
-2.999031000000000131e+04	0.000000000000000000e+00	0.000000000000000000e+00	8.838160344248786604e-01	0.000000000000000000e+00
-2.999029000000000087e+04	0.000000000000000000e+00	0.000000000000000000e+00	9.002960295419171199e-01	0.000000000000000000e+00
-2.999027000000000044e+04	0.000000000000000000e+00	0.000000000000000000e+00	9.036530655842768267e-01	0.000000000000000000e+00
-2.999024000000000160e+04	0.000000000000000000e+00	0.000000000000000000e+00	9.128086184270760572e-01	0.000000000000000000e+00
-2.999020999999999913e+04	0.000000000000000000e+00	0.000000000000000000e+00	9.225745414593951033e-01	0.000000000000000000e+00
-2.999018000000000029e+04	0.000000000000000000e+00	0.000000000000000000e+00	9.265419476912747365e-01	0.000000000000000000e+00
-2.999015000000000146e+04	0.000000000000000000e+00	0.000000000000000000e+00	9.445478682821131233e-01	0.000000000000000000e+00
-2.999011000000000058e+04	0.000000000000000000e+00	0.000000000000000000e+00	9.570604571672719496e-01	0.000000000000000000e+00
-2.999008000000000175e+04	0.000000000000000000e+00	0.000000000000000000e+00	9.552293465987121701e-01	0.000000000000000000e+00
-2.999004999999999927e+04	0.000000000000000000e+00	0.000000000000000000e+00	9.533982360301522796e-01	0.000000000000000000e+00
-2.999002000000000044e+04	0.000000000000000000e+00	0.000000000000000000e+00	9.527878658406323531e-01	0.000000000000000000e+00
-2.998999000000000160e+04	0.000000000000000000e+00	0.000000000000000000e+00	9.646900845362712529e-01	0.000000000000000000e+00
-2.998995000000000073e+04	0.000000000000000000e+00	0.000000000000000000e+00	9.695730460524307759e-01	0.000000000000000000e+00
-2.998991999999999825e+04	0.000000000000000000e+00	0.000000000000000000e+00	9.582811975463118026e-01	0.000000000000000000e+00
-2.998988999999999942e+04	0.000000000000000000e+00	0.000000000000000000e+00	9.451582384716330498e-01	0.000000000000000000e+00
-2.998984999999999854e+04	0.000000000000000000e+00	0.000000000000000000e+00	9.439374980925931968e-01	0.000000000000000000e+00
-2.998981999999999971e+04	0.000000000000000000e+00	0.000000000000000000e+00	9.393597216711935260e-01	0.000000000000000000e+00
-2.998979000000000087e+04	0.000000000000000000e+00	0.000000000000000000e+00	9.414960173345133798e-01	0.000000000000000000e+00
-2.998975999999999840e+04	0.000000000000000000e+00	0.000000000000000000e+00	9.430219428083131961e-01	0.000000000000000000e+00
-2.998974000000000160e+04	0.000000000000000000e+00	0.000000000000000000e+00	9.469893490401928293e-01	0.000000000000000000e+00
-2.998972000000000116e+04	0.000000000000000000e+00	0.000000000000000000e+00	9.479049043244728301e-01	0.000000000000000000e+00
-2.998970000000000073e+04	0.000000000000000000e+00	0.000000000000000000e+00	9.411908322397534166e-01	0.000000000000000000e+00
-2.998966999999999825e+04	0.000000000000000000e+00	0.000000000000000000e+00	9.524826807458723898e-01	0.000000000000000000e+00
-2.998963999999999942e+04	0.000000000000000000e+00	0.000000000000000000e+00	9.668263801995911066e-01	0.000000000000000000e+00
-2.998959999999999854e+04	0.000000000000000000e+00	0.000000000000000000e+00	9.811700796533097124e-01	0.000000000000000000e+00
-2.998958000000000175e+04	0.000000000000000000e+00	0.000000000000000000e+00	9.817804498428296389e-01	0.000000000000000000e+00
-2.998954999999999927e+04	0.000000000000000000e+00	0.000000000000000000e+00	1.004058961760307733e+00	0.000000000000000000e+00
-2.998952000000000044e+04	0.000000000000000000e+00	0.000000000000000000e+00	9.976500747703481720e-01	0.000000000000000000e+00
-2.998949000000000160e+04	0.000000000000000000e+00	0.000000000000000000e+00	1.011688589129306814e+00	0.000000000000000000e+00
-2.998945999999999913e+04	0.000000000000000000e+00	0.000000000000000000e+00	1.017181920834986375e+00	0.000000000000000000e+00
-2.998943000000000029e+04	0.000000000000000000e+00	0.000000000000000000e+00	1.017792291024506302e+00	0.000000000000000000e+00
-2.998940000000000146e+04	0.000000000000000000e+00	0.000000000000000000e+00	1.016571550645466449e+00	0.000000000000000000e+00
-2.998936999999999898e+04	0.000000000000000000e+00	0.000000000000000000e+00	1.010162663655506998e+00	0.000000000000000000e+00
-2.998934000000000015e+04	0.000000000000000000e+00	0.000000000000000000e+00	1.007110812707907366e+00	0.000000000000000000e+00
-2.998929999999999927e+04	0.000000000000000000e+00	0.000000000000000000e+00	1.012298959318826963e+00	0.000000000000000000e+00
-2.998927000000000044e+04	0.000000000000000000e+00	0.000000000000000000e+00	1.002533036286507695e+00	0.000000000000000000e+00
-2.998925000000000000e+04	0.000000000000000000e+00	0.000000000000000000e+00	9.982604449598682095e-01	0.000000000000000000e+00
-2.998922000000000116e+04	0.000000000000000000e+00	0.000000000000000000e+00	1.002227851191747732e+00	0.000000000000000000e+00
-2.998918999999999869e+04	0.000000000000000000e+00	0.000000000000000000e+00	9.985656300546281727e-01	0.000000000000000000e+00
-2.998915999999999985e+04	0.000000000000000000e+00	0.000000000000000000e+00	1.001617481002227805e+00	0.000000000000000000e+00
-2.998913999999999942e+04	0.000000000000000000e+00	0.000000000000000000e+00	9.976500747703481720e-01	0.000000000000000000e+00
-2.998911999999999898e+04	0.000000000000000000e+00	0.000000000000000000e+00	9.952085940122684660e-01	0.000000000000000000e+00
-2.998909000000000015e+04	0.000000000000000000e+00	0.000000000000000000e+00	9.961241492965483557e-01	0.000000000000000000e+00
-2.998906000000000131e+04	0.000000000000000000e+00	0.000000000000000000e+00	1.016876735740226412e+00	0.000000000000000000e+00
-2.998904000000000087e+04	0.000000000000000000e+00	0.000000000000000000e+00	1.020844141972106156e+00	0.000000000000000000e+00
-2.998902000000000044e+04	0.000000000000000000e+00	0.000000000000000000e+00	1.024201178014465752e+00	0.000000000000000000e+00
-2.998899000000000160e+04	0.000000000000000000e+00	0.000000000000000000e+00	1.035798211615344799e+00	0.000000000000000000e+00
-2.998895999999999913e+04	0.000000000000000000e+00	0.000000000000000000e+00	1.050752281258583221e+00	0.000000000000000000e+00
-2.998893000000000029e+04	0.000000000000000000e+00	0.000000000000000000e+00	1.059297463911862636e+00	0.000000000000000000e+00
-2.998888999999999942e+04	0.000000000000000000e+00	0.000000000000000000e+00	1.070589312417981498e+00	0.000000000000000000e+00
-2.998884999999999854e+04	0.000000000000000000e+00	0.000000000000000000e+00	1.058992278817102672e+00	0.000000000000000000e+00
-2.998881999999999971e+04	0.000000000000000000e+00	0.000000000000000000e+00	1.069673757133701608e+00	0.000000000000000000e+00
-2.998879999999999927e+04	0.000000000000000000e+00	0.000000000000000000e+00	1.069368572038941645e+00	0.000000000000000000e+00
-2.998877999999999884e+04	0.000000000000000000e+00	0.000000000000000000e+00	1.063570055238502121e+00	0.000000000000000000e+00
-2.998875000000000000e+04	0.000000000000000000e+00	0.000000000000000000e+00	1.064790795617541974e+00	0.000000000000000000e+00
-2.998872000000000116e+04	0.000000000000000000e+00	0.000000000000000000e+00	1.069368572038941645e+00	0.000000000000000000e+00
-2.998870000000000073e+04	0.000000000000000000e+00	0.000000000000000000e+00	1.058992278817102672e+00	0.000000000000000000e+00
-2.998866999999999825e+04	0.000000000000000000e+00	0.000000000000000000e+00	1.044953764458143919e+00	0.000000000000000000e+00
-2.998865999999999985e+04	0.000000000000000000e+00	0.000000000000000000e+00	1.048921170690023441e+00	0.000000000000000000e+00
-2.998863000000000102e+04	0.000000000000000000e+00	0.000000000000000000e+00	1.042207098605304028e+00	0.000000000000000000e+00
-2.998859000000000015e+04	0.000000000000000000e+00	0.000000000000000000e+00	1.056245612964262781e+00	0.000000000000000000e+00
-2.998856999999999971e+04	0.000000000000000000e+00	0.000000000000000000e+00	1.057771538438062597e+00	0.000000000000000000e+00
-2.998854000000000087e+04	0.000000000000000000e+00	0.000000000000000000e+00	1.046784875026703698e+00	0.000000000000000000e+00
-2.998852000000000044e+04	0.000000000000000000e+00	0.000000000000000000e+00	1.062654499954222231e+00	0.000000000000000000e+00
-2.998850000000000000e+04	0.000000000000000000e+00	0.000000000000000000e+00	1.048310800500503515e+00	0.000000000000000000e+00
-2.998847000000000116e+04	0.000000000000000000e+00	0.000000000000000000e+00	1.071504867702261388e+00	0.000000000000000000e+00
-2.998843999999999869e+04	0.000000000000000000e+00	0.000000000000000000e+00	1.087374492629779921e+00	0.000000000000000000e+00
-2.998840999999999985e+04	0.000000000000000000e+00	0.000000000000000000e+00	1.089510788293099663e+00	0.000000000000000000e+00
-2.998838000000000102e+04	0.000000000000000000e+00	0.000000000000000000e+00	1.101107821893978711e+00	0.000000000000000000e+00
-2.998834999999999854e+04	0.000000000000000000e+00	0.000000000000000000e+00	1.107516708883938161e+00	0.000000000000000000e+00
-2.998833000000000175e+04	0.000000000000000000e+00	0.000000000000000000e+00	1.109653004547257904e+00	0.000000000000000000e+00
-2.998831000000000131e+04	0.000000000000000000e+00	0.000000000000000000e+00	1.119418927579576950e+00	0.000000000000000000e+00
-2.998829000000000087e+04	0.000000000000000000e+00	0.000000000000000000e+00	1.122165593432416841e+00	0.000000000000000000e+00
-2.998827000000000044e+04	0.000000000000000000e+00	0.000000000000000000e+00	1.115451521347697428e+00	0.000000000000000000e+00
-2.998824000000000160e+04	0.000000000000000000e+00	0.000000000000000000e+00	1.112094485305337610e+00	0.000000000000000000e+00
-2.998822000000000116e+04	0.000000000000000000e+00	0.000000000000000000e+00	1.105075228125858233e+00	0.000000000000000000e+00
-2.998820000000000073e+04	0.000000000000000000e+00	0.000000000000000000e+00	1.101413006988738674e+00	0.000000000000000000e+00
-2.998816999999999825e+04	0.000000000000000000e+00	0.000000000000000000e+00	1.097750785851619115e+00	0.000000000000000000e+00
-2.998815000000000146e+04	0.000000000000000000e+00	0.000000000000000000e+00	1.095919675283059114e+00	0.000000000000000000e+00
-2.998813999999999942e+04	0.000000000000000000e+00	0.000000000000000000e+00	1.079744865260780617e+00	0.000000000000000000e+00
-2.998811999999999898e+04	0.000000000000000000e+00	0.000000000000000000e+00	1.077608569597460875e+00	0.000000000000000000e+00
-2.998809999999999854e+04	0.000000000000000000e+00	0.000000000000000000e+00	1.080355235450300544e+00	0.000000000000000000e+00
-2.998806999999999971e+04	0.000000000000000000e+00	0.000000000000000000e+00	1.090731528672139738e+00	0.000000000000000000e+00
-2.998804999999999927e+04	0.000000000000000000e+00	0.000000000000000000e+00	1.089510788293099663e+00	0.000000000000000000e+00
-2.998802999999999884e+04	0.000000000000000000e+00	0.000000000000000000e+00	1.090731528672139738e+00	0.000000000000000000e+00
-2.998800999999999840e+04	0.000000000000000000e+00	0.000000000000000000e+00	1.098971526230658968e+00	0.000000000000000000e+00
-2.998799000000000160e+04	0.000000000000000000e+00	0.000000000000000000e+00	1.102023377178258601e+00	0.000000000000000000e+00
-2.998795999999999913e+04	0.000000000000000000e+00	0.000000000000000000e+00	1.116672261726737281e+00	0.000000000000000000e+00
-2.998795000000000073e+04	0.000000000000000000e+00	0.000000000000000000e+00	1.126438184759056327e+00	0.000000000000000000e+00
-2.998793000000000029e+04	0.000000000000000000e+00	0.000000000000000000e+00	1.127658925138096180e+00	0.000000000000000000e+00
-2.998791999999999825e+04	0.000000000000000000e+00	0.000000000000000000e+00	1.134983367412335520e+00	0.000000000000000000e+00
-2.998790000000000146e+04	0.000000000000000000e+00	0.000000000000000000e+00	1.135593737601855446e+00	0.000000000000000000e+00
-2.998788000000000102e+04	0.000000000000000000e+00	0.000000000000000000e+00	1.142918179876094786e+00	0.000000000000000000e+00
-2.998786000000000058e+04	0.000000000000000000e+00	0.000000000000000000e+00	1.133152256843775740e+00	0.000000000000000000e+00
-2.998784000000000015e+04	0.000000000000000000e+00	0.000000000000000000e+00	1.131015961180455998e+00	0.000000000000000000e+00
-2.998781999999999971e+04	0.000000000000000000e+00	0.000000000000000000e+00	1.135593737601855446e+00	0.000000000000000000e+00
-2.998779999999999927e+04	0.000000000000000000e+00	0.000000000000000000e+00	1.129184850611896218e+00	0.000000000000000000e+00
-2.998779000000000087e+04	0.000000000000000000e+00	0.000000000000000000e+00	1.129184850611896218e+00	0.000000000000000000e+00
-2.998777000000000044e+04	0.000000000000000000e+00	0.000000000000000000e+00	1.121860408337656878e+00	0.000000000000000000e+00
-2.998775000000000000e+04	0.000000000000000000e+00	0.000000000000000000e+00	1.103854487746818380e+00	0.000000000000000000e+00
-2.998774000000000160e+04	0.000000000000000000e+00	0.000000000000000000e+00	1.108127079073458088e+00	0.000000000000000000e+00
-2.998772000000000116e+04	0.000000000000000000e+00	0.000000000000000000e+00	1.106906338694418235e+00	0.000000000000000000e+00
-2.998770000000000073e+04	0.000000000000000000e+00	0.000000000000000000e+00	1.112704855494857537e+00	0.000000000000000000e+00
-2.998768000000000029e+04	0.000000000000000000e+00	0.000000000000000000e+00	1.110873744926297757e+00	0.000000000000000000e+00
-2.998765999999999985e+04	0.000000000000000000e+00	0.000000000000000000e+00	1.133152256843775740e+00	0.000000000000000000e+00
-2.998763000000000102e+04	0.000000000000000000e+00	0.000000000000000000e+00	1.124607074190496547e+00	0.000000000000000000e+00
-2.998761000000000058e+04	0.000000000000000000e+00	0.000000000000000000e+00	1.146885586107974531e+00	0.000000000000000000e+00
-2.998759999999999854e+04	0.000000000000000000e+00	0.000000000000000000e+00	1.145054475539414751e+00	0.000000000000000000e+00
-2.998758000000000175e+04	0.000000000000000000e+00	0.000000000000000000e+00	1.161229285561693247e+00	0.000000000000000000e+00
-2.998756000000000131e+04	0.000000000000000000e+00	0.000000000000000000e+00	1.170079653309732404e+00	0.000000000000000000e+00
-2.998754000000000087e+04	0.000000000000000000e+00	0.000000000000000000e+00	1.176793725394451817e+00	0.000000000000000000e+00
-2.998752000000000044e+04	0.000000000000000000e+00	0.000000000000000000e+00	1.172826319162572073e+00	0.000000000000000000e+00
-2.998750000000000000e+04	0.000000000000000000e+00	0.000000000000000000e+00	1.168553727835932587e+00	0.000000000000000000e+00
-2.998749000000000160e+04	0.000000000000000000e+00	0.000000000000000000e+00	1.170384838404492367e+00	0.000000000000000000e+00
-2.998747000000000116e+04	0.000000000000000000e+00	0.000000000000000000e+00	1.167638172551652476e+00	0.000000000000000000e+00
-2.998745000000000073e+04	0.000000000000000000e+00	0.000000000000000000e+00	1.170995208594012293e+00	0.000000000000000000e+00
-2.998743000000000029e+04	0.000000000000000000e+00	0.000000000000000000e+00	1.181066316721091303e+00	0.000000000000000000e+00
-2.998740999999999985e+04	0.000000000000000000e+00	0.000000000000000000e+00	1.160924100466933284e+00	0.000000000000000000e+00
-2.998740000000000146e+04	0.000000000000000000e+00	0.000000000000000000e+00	1.152378917813654091e+00	0.000000000000000000e+00
-2.998736999999999898e+04	0.000000000000000000e+00	0.000000000000000000e+00	1.142612994781334823e+00	0.000000000000000000e+00
-2.998733000000000175e+04	0.000000000000000000e+00	0.000000000000000000e+00	1.145970030823694641e+00	0.000000000000000000e+00
-2.998729000000000087e+04	0.000000000000000000e+00	0.000000000000000000e+00	1.139866328928495154e+00	0.000000000000000000e+00
-2.998727000000000044e+04	0.000000000000000000e+00	0.000000000000000000e+00	1.141697439497054933e+00	0.000000000000000000e+00
-2.998725000000000000e+04	0.000000000000000000e+00	0.000000000000000000e+00	1.139866328928495154e+00	0.000000000000000000e+00
-2.998722999999999956e+04	0.000000000000000000e+00	0.000000000000000000e+00	1.150242622150334126e+00	0.000000000000000000e+00
-2.998720999999999913e+04	0.000000000000000000e+00	0.000000000000000000e+00	1.152073732718893906e+00	0.000000000000000000e+00
-2.998716999999999825e+04	0.000000000000000000e+00	0.000000000000000000e+00	1.174047059541611926e+00	0.000000000000000000e+00
-2.998715000000000146e+04	0.000000000000000000e+00	0.000000000000000000e+00	1.184118167668691157e+00	0.000000000000000000e+00
-2.998711999999999898e+04	0.000000000000000000e+00	0.000000000000000000e+00	1.197241126743369799e+00	0.000000000000000000e+00
-2.998709000000000015e+04	0.000000000000000000e+00	0.000000000000000000e+00	1.210364085818048663e+00	0.000000000000000000e+00
-2.998706000000000131e+04	0.000000000000000000e+00	0.000000000000000000e+00	1.213721121860408259e+00	0.000000000000000000e+00
-2.998704999999999927e+04	0.000000000000000000e+00	0.000000000000000000e+00	1.217078157902768076e+00	0.000000000000000000e+00
-2.998702000000000044e+04	0.000000000000000000e+00	0.000000000000000000e+00	1.210364085818048663e+00	0.000000000000000000e+00
-2.998699000000000160e+04	0.000000000000000000e+00	0.000000000000000000e+00	1.210669270912808626e+00	0.000000000000000000e+00
-2.998695999999999913e+04	0.000000000000000000e+00	0.000000000000000000e+00	1.197851496932889725e+00	0.000000000000000000e+00
-2.998693999999999869e+04	0.000000000000000000e+00	0.000000000000000000e+00	1.196935941648609836e+00	0.000000000000000000e+00
-2.998690000000000146e+04	0.000000000000000000e+00	0.000000000000000000e+00	1.196020386364329946e+00	0.000000000000000000e+00
-2.998688999999999942e+04	0.000000000000000000e+00	0.000000000000000000e+00	1.187475203711050753e+00	0.000000000000000000e+00
-2.998686999999999898e+04	0.000000000000000000e+00	0.000000000000000000e+00	1.189306314279610532e+00	0.000000000000000000e+00
-2.998684999999999854e+04	0.000000000000000000e+00	0.000000000000000000e+00	1.179845576342051450e+00	0.000000000000000000e+00
-2.998681999999999971e+04	0.000000000000000000e+00	0.000000000000000000e+00	1.175572985015411742e+00	0.000000000000000000e+00
-2.998679999999999927e+04	0.000000000000000000e+00	0.000000000000000000e+00	1.168248542741172624e+00	0.000000000000000000e+00
-2.998677999999999884e+04	0.000000000000000000e+00	0.000000000000000000e+00	1.173741874446851963e+00	0.000000000000000000e+00
-2.998675999999999840e+04	0.000000000000000000e+00	0.000000000000000000e+00	1.177098910489211780e+00	0.000000000000000000e+00
-2.998674000000000160e+04	0.000000000000000000e+00	0.000000000000000000e+00	1.176793725394451817e+00	0.000000000000000000e+00
-2.998670999999999913e+04	0.000000000000000000e+00	0.000000000000000000e+00	1.181676686910611229e+00	0.000000000000000000e+00
-2.998668999999999869e+04	0.000000000000000000e+00	0.000000000000000000e+00	1.186559648426770863e+00	0.000000000000000000e+00
-2.998666999999999825e+04	0.000000000000000000e+00	0.000000000000000000e+00	1.195104831080050056e+00	0.000000000000000000e+00
-2.998663999999999942e+04	0.000000000000000000e+00	0.000000000000000000e+00	1.207922605059968957e+00	0.000000000000000000e+00
-2.998661999999999898e+04	0.000000000000000000e+00	0.000000000000000000e+00	1.214941862239448334e+00	0.000000000000000000e+00
-2.998659999999999854e+04	0.000000000000000000e+00	0.000000000000000000e+00	1.227149266029847086e+00	0.000000000000000000e+00
-2.998658000000000175e+04	0.000000000000000000e+00	0.000000000000000000e+00	1.243324076052125582e+00	0.000000000000000000e+00
-2.998656999999999971e+04	0.000000000000000000e+00	0.000000000000000000e+00	1.249427777947325069e+00	0.000000000000000000e+00
-2.998654000000000087e+04	0.000000000000000000e+00	0.000000000000000000e+00	1.242408520767845692e+00	0.000000000000000000e+00
-2.998650999999999840e+04	0.000000000000000000e+00	0.000000000000000000e+00	1.234778893398846389e+00	0.000000000000000000e+00
-2.998649000000000160e+04	0.000000000000000000e+00	0.000000000000000000e+00	1.231727042451246756e+00	0.000000000000000000e+00
-2.998647999999999956e+04	0.000000000000000000e+00	0.000000000000000000e+00	1.239967040009765986e+00	0.000000000000000000e+00
-2.998645000000000073e+04	0.000000000000000000e+00	0.000000000000000000e+00	1.229590746787926792e+00	0.000000000000000000e+00
-2.998641999999999825e+04	0.000000000000000000e+00	0.000000000000000000e+00	1.229285561693166828e+00	0.000000000000000000e+00
-2.998638999999999942e+04	0.000000000000000000e+00	0.000000000000000000e+00	1.212500381481368406e+00	0.000000000000000000e+00
-2.998634999999999854e+04	0.000000000000000000e+00	0.000000000000000000e+00	1.207312234870449030e+00	0.000000000000000000e+00
-2.998631999999999971e+04	0.000000000000000000e+00	0.000000000000000000e+00	1.210669270912808626e+00	0.000000000000000000e+00
-2.998629999999999927e+04	0.000000000000000000e+00	0.000000000000000000e+00	1.211279641102328553e+00	0.000000000000000000e+00
-2.998627999999999884e+04	0.000000000000000000e+00	0.000000000000000000e+00	1.212195196386608442e+00	0.000000000000000000e+00
-2.998625000000000000e+04	0.000000000000000000e+00	0.000000000000000000e+00	1.217993713187047966e+00	0.000000000000000000e+00
-2.998622000000000116e+04	0.000000000000000000e+00	0.000000000000000000e+00	1.226233710745567196e+00	0.000000000000000000e+00
-2.998620000000000073e+04	0.000000000000000000e+00	0.000000000000000000e+00	1.225012970366527343e+00	0.000000000000000000e+00
-2.998618000000000029e+04	0.000000000000000000e+00	0.000000000000000000e+00	1.232032227546006720e+00	0.000000000000000000e+00
-2.998615000000000146e+04	0.000000000000000000e+00	0.000000000000000000e+00	1.242408520767845692e+00	0.000000000000000000e+00
-2.998611000000000058e+04	0.000000000000000000e+00	0.000000000000000000e+00	1.247901852473525253e+00	0.000000000000000000e+00
-2.998609000000000015e+04	0.000000000000000000e+00	0.000000000000000000e+00	1.265297402874843602e+00	0.000000000000000000e+00
-2.998606999999999971e+04	0.000000000000000000e+00	0.000000000000000000e+00	1.286355174413281732e+00	0.000000000000000000e+00
-2.998604999999999927e+04	0.000000000000000000e+00	0.000000000000000000e+00	1.280556657612842208e+00	0.000000000000000000e+00
-2.998602999999999884e+04	0.000000000000000000e+00	0.000000000000000000e+00	1.281167027802362135e+00	0.000000000000000000e+00
-2.998600999999999840e+04	0.000000000000000000e+00	0.000000000000000000e+00	1.273842585528122795e+00	0.000000000000000000e+00
-2.998597999999999956e+04	0.000000000000000000e+00	0.000000000000000000e+00	1.279335917233802355e+00	0.000000000000000000e+00
-2.998597000000000116e+04	0.000000000000000000e+00	0.000000000000000000e+00	1.264381847590563712e+00	0.000000000000000000e+00
-2.998593999999999869e+04	0.000000000000000000e+00	0.000000000000000000e+00	1.267128513443403381e+00	0.000000000000000000e+00
-2.998593000000000029e+04	0.000000000000000000e+00	0.000000000000000000e+00	1.246986297189245363e+00	0.000000000000000000e+00
-2.998590000000000146e+04	0.000000000000000000e+00	0.000000000000000000e+00	1.250038148136844995e+00	0.000000000000000000e+00
-2.998588999999999942e+04	0.000000000000000000e+00	0.000000000000000000e+00	1.241492965483565802e+00	0.000000000000000000e+00
-2.998586000000000058e+04	0.000000000000000000e+00	0.000000000000000000e+00	1.243324076052125582e+00	0.000000000000000000e+00
-2.998583000000000175e+04	0.000000000000000000e+00	0.000000000000000000e+00	1.229590746787926792e+00	0.000000000000000000e+00
-2.998581000000000131e+04	0.000000000000000000e+00	0.000000000000000000e+00	1.228980376598406865e+00	0.000000000000000000e+00
-2.998579999999999927e+04	0.000000000000000000e+00	0.000000000000000000e+00	1.223181859797967563e+00	0.000000000000000000e+00
-2.998577999999999884e+04	0.000000000000000000e+00	0.000000000000000000e+00	1.243934446241645508e+00	0.000000000000000000e+00
-2.998574000000000160e+04	0.000000000000000000e+00	0.000000000000000000e+00	1.257362590411084335e+00	0.000000000000000000e+00
-2.998570999999999913e+04	0.000000000000000000e+00	0.000000000000000000e+00	1.257362590411084335e+00	0.000000000000000000e+00
-2.998568000000000029e+04	0.000000000000000000e+00	0.000000000000000000e+00	1.255836664937284519e+00	0.000000000000000000e+00
-2.998563999999999942e+04	0.000000000000000000e+00	0.000000000000000000e+00	1.275368511001922611e+00	0.000000000000000000e+00
-2.998561000000000058e+04	0.000000000000000000e+00	0.000000000000000000e+00	1.272927030243842905e+00	0.000000000000000000e+00
-2.998558000000000175e+04	0.000000000000000000e+00	0.000000000000000000e+00	1.286965544602801659e+00	0.000000000000000000e+00
-2.998556000000000131e+04	0.000000000000000000e+00	0.000000000000000000e+00	1.292458876308480997e+00	0.000000000000000000e+00
-2.998554000000000087e+04	0.000000000000000000e+00	0.000000000000000000e+00	1.298562578203680484e+00	0.000000000000000000e+00
-2.998552000000000044e+04	0.000000000000000000e+00	0.000000000000000000e+00	1.295205542161320889e+00	0.000000000000000000e+00
-2.998549000000000160e+04	0.000000000000000000e+00	0.000000000000000000e+00	1.298562578203680484e+00	0.000000000000000000e+00
-2.998545000000000073e+04	0.000000000000000000e+00	0.000000000000000000e+00	1.290627765739921218e+00	0.000000000000000000e+00
-2.998540999999999985e+04	0.000000000000000000e+00	0.000000000000000000e+00	1.299172948393200411e+00	0.000000000000000000e+00
-2.998538999999999942e+04	0.000000000000000000e+00	0.000000000000000000e+00	1.286355174413281732e+00	0.000000000000000000e+00
-2.998536999999999898e+04	0.000000000000000000e+00	0.000000000000000000e+00	1.273537400433362832e+00	0.000000000000000000e+00
-2.998534999999999854e+04	0.000000000000000000e+00	0.000000000000000000e+00	1.278725547044282429e+00	0.000000000000000000e+00
-2.998531999999999971e+04	0.000000000000000000e+00	0.000000000000000000e+00	1.276284066286202501e+00	0.000000000000000000e+00
-2.998529000000000087e+04	0.000000000000000000e+00	0.000000000000000000e+00	1.262245551927243969e+00	0.000000000000000000e+00
-2.998525999999999840e+04	0.000000000000000000e+00	0.000000000000000000e+00	1.254005554368724740e+00	0.000000000000000000e+00
-2.998522999999999956e+04	0.000000000000000000e+00	0.000000000000000000e+00	1.256752220221564409e+00	0.000000000000000000e+00
-2.998520999999999913e+04	0.000000000000000000e+00	0.000000000000000000e+00	1.272927030243842905e+00	0.000000000000000000e+00
-2.998518000000000029e+04	0.000000000000000000e+00	0.000000000000000000e+00	1.282082583086642025e+00	0.000000000000000000e+00
-2.998515999999999985e+04	0.000000000000000000e+00	0.000000000000000000e+00	1.282998138370921914e+00	0.000000000000000000e+00
-2.998511999999999898e+04	0.000000000000000000e+00	0.000000000000000000e+00	1.308938871425519679e+00	0.000000000000000000e+00
-2.998509000000000015e+04	0.000000000000000000e+00	0.000000000000000000e+00	1.314432203131199017e+00	0.000000000000000000e+00
-2.998506000000000131e+04	0.000000000000000000e+00	0.000000000000000000e+00	1.320535905026398504e+00	0.000000000000000000e+00
-2.998504000000000087e+04	0.000000000000000000e+00	0.000000000000000000e+00	1.326029236732078065e+00	0.000000000000000000e+00
-2.998500999999999840e+04	0.000000000000000000e+00	0.000000000000000000e+00	1.330301828058717550e+00	0.000000000000000000e+00
-2.998497999999999956e+04	0.000000000000000000e+00	0.000000000000000000e+00	1.335184789574877184e+00	0.000000000000000000e+00
-2.998495999999999913e+04	0.000000000000000000e+00	0.000000000000000000e+00	1.334574419385357258e+00	0.000000000000000000e+00
-2.998493000000000029e+04	0.000000000000000000e+00	0.000000000000000000e+00	1.327555162205877881e+00	0.000000000000000000e+00
-2.998488999999999942e+04	0.000000000000000000e+00	0.000000000000000000e+00	1.322061830500198321e+00	0.000000000000000000e+00
-2.998486000000000058e+04	0.000000000000000000e+00	0.000000000000000000e+00	1.319009979552598688e+00	0.000000000000000000e+00
-2.998483000000000175e+04	0.000000000000000000e+00	0.000000000000000000e+00	1.314432203131199017e+00	0.000000000000000000e+00
-2.998479999999999927e+04	0.000000000000000000e+00	0.000000000000000000e+00	1.304361095004120008e+00	0.000000000000000000e+00
-2.998477000000000044e+04	0.000000000000000000e+00	0.000000000000000000e+00	1.296121097445600778e+00	0.000000000000000000e+00
-2.998474000000000160e+04	0.000000000000000000e+00	0.000000000000000000e+00	1.304361095004120008e+00	0.000000000000000000e+00
-2.998470999999999913e+04	0.000000000000000000e+00	0.000000000000000000e+00	1.294900357066560925e+00	0.000000000000000000e+00
-2.998468000000000029e+04	0.000000000000000000e+00	0.000000000000000000e+00	1.283303323465681878e+00	0.000000000000000000e+00
-2.998465000000000146e+04	0.000000000000000000e+00	0.000000000000000000e+00	1.289101840266121402e+00	0.000000000000000000e+00
-2.998461999999999898e+04	0.000000000000000000e+00	0.000000000000000000e+00	1.285439619129001843e+00	0.000000000000000000e+00
-2.998458000000000175e+04	0.000000000000000000e+00	0.000000000000000000e+00	1.285134434034241657e+00	0.000000000000000000e+00
-2.998456000000000131e+04	0.000000000000000000e+00	0.000000000000000000e+00	1.306192205572679788e+00	0.000000000000000000e+00
-2.998454000000000087e+04	0.000000000000000000e+00	0.000000000000000000e+00	1.297952208014160558e+00	0.000000000000000000e+00
-2.998450999999999840e+04	0.000000000000000000e+00	0.000000000000000000e+00	1.310769981994079458e+00	0.000000000000000000e+00
-2.998447999999999956e+04	0.000000000000000000e+00	0.000000000000000000e+00	1.325724051637318102e+00	0.000000000000000000e+00
-2.998443999999999869e+04	0.000000000000000000e+00	0.000000000000000000e+00	1.338236640522476817e+00	0.000000000000000000e+00
-2.998440999999999985e+04	0.000000000000000000e+00	0.000000000000000000e+00	1.338847010711996743e+00	0.000000000000000000e+00
-2.998438999999999942e+04	0.000000000000000000e+00	0.000000000000000000e+00	1.338236640522476817e+00	0.000000000000000000e+00
-2.998436999999999898e+04	0.000000000000000000e+00	0.000000000000000000e+00	1.344340342417676304e+00	0.000000000000000000e+00
-2.998436000000000058e+04	0.000000000000000000e+00	0.000000000000000000e+00	1.347697378460036122e+00	0.000000000000000000e+00
-2.998434000000000015e+04	0.000000000000000000e+00	0.000000000000000000e+00	1.340983306375316708e+00	0.000000000000000000e+00
-2.998429999999999927e+04	0.000000000000000000e+00	0.000000000000000000e+00	1.344035157322916341e+00	0.000000000000000000e+00
-2.998427000000000044e+04	0.000000000000000000e+00	0.000000000000000000e+00	1.324808496353038212e+00	0.000000000000000000e+00
-2.998424000000000160e+04	0.000000000000000000e+00	0.000000000000000000e+00	1.324503311258278249e+00	0.000000000000000000e+00
-2.998422000000000116e+04	0.000000000000000000e+00	0.000000000000000000e+00	1.323282570879238174e+00	0.000000000000000000e+00
-2.998420000000000073e+04	0.000000000000000000e+00	0.000000000000000000e+00	1.321146275215918431e+00	0.000000000000000000e+00
-2.998418000000000029e+04	0.000000000000000000e+00	0.000000000000000000e+00	1.321451460310678394e+00	0.000000000000000000e+00
-2.998415999999999985e+04	0.000000000000000000e+00	0.000000000000000000e+00	1.320841090121158468e+00	0.000000000000000000e+00
-2.998413999999999942e+04	0.000000000000000000e+00	0.000000000000000000e+00	1.317789239173558835e+00	0.000000000000000000e+00
-2.998411000000000058e+04	0.000000000000000000e+00	0.000000000000000000e+00	1.311685537278359348e+00	0.000000000000000000e+00
-2.998408000000000175e+04	0.000000000000000000e+00	0.000000000000000000e+00	1.311685537278359348e+00	0.000000000000000000e+00
-2.998406000000000131e+04	0.000000000000000000e+00	0.000000000000000000e+00	1.323282570879238174e+00	0.000000000000000000e+00
-2.998402999999999884e+04	0.000000000000000000e+00	0.000000000000000000e+00	1.326029236732078065e+00	0.000000000000000000e+00
-2.998400999999999840e+04	0.000000000000000000e+00	0.000000000000000000e+00	1.330301828058717550e+00	0.000000000000000000e+00
-2.998397999999999956e+04	0.000000000000000000e+00	0.000000000000000000e+00	1.344340342417676304e+00	0.000000000000000000e+00
-2.998395000000000073e+04	0.000000000000000000e+00	0.000000000000000000e+00	1.353190710165715460e+00	0.000000000000000000e+00
-2.998393000000000029e+04	0.000000000000000000e+00	0.000000000000000000e+00	1.355937376018555351e+00	0.000000000000000000e+00
-2.998390999999999985e+04	0.000000000000000000e+00	0.000000000000000000e+00	1.364482558671834544e+00	0.000000000000000000e+00
-2.998388999999999942e+04	0.000000000000000000e+00	0.000000000000000000e+00	1.373638111514633664e+00	0.000000000000000000e+00
-2.998386000000000058e+04	0.000000000000000000e+00	0.000000000000000000e+00	1.391644032105471940e+00	0.000000000000000000e+00
-2.998383000000000175e+04	0.000000000000000000e+00	0.000000000000000000e+00	1.367839594714194140e+00	0.000000000000000000e+00
-2.998381000000000131e+04	0.000000000000000000e+00	0.000000000000000000e+00	1.362956633198034506e+00	0.000000000000000000e+00
-2.998379000000000087e+04	0.000000000000000000e+00	0.000000000000000000e+00	1.364482558671834544e+00	0.000000000000000000e+00
-2.998377000000000044e+04	0.000000000000000000e+00	0.000000000000000000e+00	1.350138859218115828e+00	0.000000000000000000e+00
-2.998374000000000160e+04	0.000000000000000000e+00	0.000000000000000000e+00	1.340983306375316708e+00	0.000000000000000000e+00
-2.998372000000000116e+04	0.000000000000000000e+00	0.000000000000000000e+00	1.338541825617236780e+00	0.000000000000000000e+00
-2.998370000000000073e+04	0.000000000000000000e+00	0.000000000000000000e+00	1.338847010711996743e+00	0.000000000000000000e+00
-2.998366999999999825e+04	0.000000000000000000e+00	0.000000000000000000e+00	1.338541825617236780e+00	0.000000000000000000e+00
-2.998363000000000102e+04	0.000000000000000000e+00	0.000000000000000000e+00	1.325418866542558138e+00	0.000000000000000000e+00
-2.998359999999999854e+04	0.000000000000000000e+00	0.000000000000000000e+00	1.324198126163518063e+00	0.000000000000000000e+00
-2.998356000000000131e+04	0.000000000000000000e+00	0.000000000000000000e+00	1.329996642963957587e+00	0.000000000000000000e+00
-2.998354000000000087e+04	0.000000000000000000e+00	0.000000000000000000e+00	1.333964049195837331e+00	0.000000000000000000e+00
-2.998350999999999840e+04	0.000000000000000000e+00	0.000000000000000000e+00	1.336100344859157074e+00	0.000000000000000000e+00
-2.998349000000000160e+04	0.000000000000000000e+00	0.000000000000000000e+00	1.338541825617236780e+00	0.000000000000000000e+00
-2.998345999999999913e+04	0.000000000000000000e+00	0.000000000000000000e+00	1.348918118839075975e+00	0.000000000000000000e+00
-2.998343000000000029e+04	0.000000000000000000e+00	0.000000000000000000e+00	1.352580339976195534e+00	0.000000000000000000e+00
-2.998340000000000146e+04	0.000000000000000000e+00	0.000000000000000000e+00	1.359599597155674910e+00	0.000000000000000000e+00
-2.998336000000000058e+04	0.000000000000000000e+00	0.000000000000000000e+00	1.360515152439954800e+00	0.000000000000000000e+00
-2.998333000000000175e+04	0.000000000000000000e+00	0.000000000000000000e+00	1.371501815851313921e+00	0.000000000000000000e+00
-2.998329999999999927e+04	0.000000000000000000e+00	0.000000000000000000e+00	1.373943296609393627e+00	0.000000000000000000e+00
-2.998327000000000044e+04	0.000000000000000000e+00	0.000000000000000000e+00	1.364787743766594508e+00	0.000000000000000000e+00
-2.998324000000000160e+04	0.000000000000000000e+00	0.000000000000000000e+00	1.364787743766594508e+00	0.000000000000000000e+00
-2.998322000000000116e+04	0.000000000000000000e+00	0.000000000000000000e+00	1.360515152439954800e+00	0.000000000000000000e+00
-2.998320000000000073e+04	0.000000000000000000e+00	0.000000000000000000e+00	1.369975890377513883e+00	0.000000000000000000e+00
-2.998316999999999825e+04	0.000000000000000000e+00	0.000000000000000000e+00	1.354106265449995350e+00	0.000000000000000000e+00
-2.998315000000000146e+04	0.000000000000000000e+00	0.000000000000000000e+00	1.345561082796716157e+00	0.000000000000000000e+00
-2.998313999999999942e+04	0.000000000000000000e+00	0.000000000000000000e+00	1.355021820734275240e+00	0.000000000000000000e+00
-2.998311999999999898e+04	0.000000000000000000e+00	0.000000000000000000e+00	1.341593676564836635e+00	0.000000000000000000e+00
-2.998309999999999854e+04	0.000000000000000000e+00	0.000000000000000000e+00	1.344035157322916341e+00	0.000000000000000000e+00
-2.998306999999999971e+04	0.000000000000000000e+00	0.000000000000000000e+00	1.345561082796716157e+00	0.000000000000000000e+00
-2.998304999999999927e+04	0.000000000000000000e+00	0.000000000000000000e+00	1.346476638080996047e+00	0.000000000000000000e+00
-2.998302999999999884e+04	0.000000000000000000e+00	0.000000000000000000e+00	1.350138859218115828e+00	0.000000000000000000e+00
-2.998300999999999840e+04	0.000000000000000000e+00	0.000000000000000000e+00	1.354716635639515276e+00	0.000000000000000000e+00
-2.998299000000000160e+04	0.000000000000000000e+00	0.000000000000000000e+00	1.356547746208075278e+00	0.000000000000000000e+00
-2.998297000000000116e+04	0.000000000000000000e+00	0.000000000000000000e+00	1.366924039429914250e+00	0.000000000000000000e+00
-2.998295000000000073e+04	0.000000000000000000e+00	0.000000000000000000e+00	1.365092928861354471e+00	0.000000000000000000e+00
-2.998293000000000029e+04	0.000000000000000000e+00	0.000000000000000000e+00	1.372112186040833848e+00	0.000000000000000000e+00
-2.998290999999999985e+04	0.000000000000000000e+00	0.000000000000000000e+00	1.371501815851313921e+00	0.000000000000000000e+00
-2.998288999999999942e+04	0.000000000000000000e+00	0.000000000000000000e+00	1.380352183599353078e+00	0.000000000000000000e+00
-2.998286999999999898e+04	0.000000000000000000e+00	0.000000000000000000e+00	1.380962553788873004e+00	0.000000000000000000e+00
-2.998284000000000015e+04	0.000000000000000000e+00	0.000000000000000000e+00	1.382793664357432784e+00	0.000000000000000000e+00
-2.998281999999999971e+04	0.000000000000000000e+00	0.000000000000000000e+00	1.381878109073152894e+00	0.000000000000000000e+00
-2.998279999999999927e+04	0.000000000000000000e+00	0.000000000000000000e+00	1.378826258125553039e+00	0.000000000000000000e+00
-2.998277999999999884e+04	0.000000000000000000e+00	0.000000000000000000e+00	1.371196630756553958e+00	0.000000000000000000e+00
-2.998277000000000044e+04	0.000000000000000000e+00	0.000000000000000000e+00	1.364177373577074581e+00	0.000000000000000000e+00
-2.998275000000000000e+04	0.000000000000000000e+00	0.000000000000000000e+00	1.363567003387554655e+00	0.000000000000000000e+00
-2.998272999999999956e+04	0.000000000000000000e+00	0.000000000000000000e+00	1.350138859218115828e+00	0.000000000000000000e+00
-2.998272000000000116e+04	0.000000000000000000e+00	0.000000000000000000e+00	1.347697378460036122e+00	0.000000000000000000e+00
-2.998268999999999869e+04	0.000000000000000000e+00	0.000000000000000000e+00	1.341593676564836635e+00	0.000000000000000000e+00
-2.998265999999999985e+04	0.000000000000000000e+00	0.000000000000000000e+00	1.335489974669637148e+00	0.000000000000000000e+00
-2.998263000000000102e+04	0.000000000000000000e+00	0.000000000000000000e+00	1.338541825617236780e+00	0.000000000000000000e+00
-2.998261000000000058e+04	0.000000000000000000e+00	0.000000000000000000e+00	1.345866267891476120e+00	0.000000000000000000e+00
-2.998258000000000175e+04	0.000000000000000000e+00	0.000000000000000000e+00	1.344340342417676304e+00	0.000000000000000000e+00
-2.998256000000000131e+04	0.000000000000000000e+00	0.000000000000000000e+00	1.354716635639515276e+00	0.000000000000000000e+00
-2.998254999999999927e+04	0.000000000000000000e+00	0.000000000000000000e+00	1.358378856776635057e+00	0.000000000000000000e+00
-2.998252000000000044e+04	0.000000000000000000e+00	0.000000000000000000e+00	1.363261818292794469e+00	0.000000000000000000e+00
-2.998249000000000160e+04	0.000000000000000000e+00	0.000000000000000000e+00	1.374553666798913554e+00	0.000000000000000000e+00
-2.998245999999999913e+04	0.000000000000000000e+00	0.000000000000000000e+00	1.378215887936033113e+00	0.000000000000000000e+00
-2.998243999999999869e+04	0.000000000000000000e+00	0.000000000000000000e+00	1.391644032105471940e+00	0.000000000000000000e+00
-2.998241999999999825e+04	0.000000000000000000e+00	0.000000000000000000e+00	1.394695883053071794e+00	0.000000000000000000e+00
-2.998238999999999942e+04	0.000000000000000000e+00	0.000000000000000000e+00	1.384319589831232600e+00	0.000000000000000000e+00
-2.998236999999999898e+04	0.000000000000000000e+00	0.000000000000000000e+00	1.379131443220313225e+00	0.000000000000000000e+00
-2.998234000000000015e+04	0.000000000000000000e+00	0.000000000000000000e+00	1.378826258125553039e+00	0.000000000000000000e+00
-2.998231000000000131e+04	0.000000000000000000e+00	0.000000000000000000e+00	1.377605517746513186e+00	0.000000000000000000e+00
-2.998227999999999884e+04	0.000000000000000000e+00	0.000000000000000000e+00	1.366924039429914250e+00	0.000000000000000000e+00
-2.998225000000000000e+04	0.000000000000000000e+00	0.000000000000000000e+00	1.358378856776635057e+00	0.000000000000000000e+00
-2.998222999999999956e+04	0.000000000000000000e+00	0.000000000000000000e+00	1.348918118839075975e+00	0.000000000000000000e+00
-2.998220999999999913e+04	0.000000000000000000e+00	0.000000000000000000e+00	1.341898861659596598e+00	0.000000000000000000e+00
-2.998218000000000029e+04	0.000000000000000000e+00	0.000000000000000000e+00	1.334269234290597295e+00	0.000000000000000000e+00
-2.998215999999999985e+04	0.000000000000000000e+00	0.000000000000000000e+00	1.346476638080996047e+00	0.000000000000000000e+00
-2.998211999999999898e+04	0.000000000000000000e+00	0.000000000000000000e+00	1.334269234290597295e+00	0.000000000000000000e+00
-2.998211000000000058e+04	0.000000000000000000e+00	0.000000000000000000e+00	1.336100344859157074e+00	0.000000000000000000e+00
-2.998209000000000015e+04	0.000000000000000000e+00	0.000000000000000000e+00	1.337015900143436964e+00	0.000000000000000000e+00
-2.998208000000000175e+04	0.000000000000000000e+00	0.000000000000000000e+00	1.350749229407635754e+00	0.000000000000000000e+00
-2.998206000000000131e+04	0.000000000000000000e+00	0.000000000000000000e+00	1.351359599597155681e+00	0.000000000000000000e+00
-2.998204000000000087e+04	0.000000000000000000e+00	0.000000000000000000e+00	1.362346263008514580e+00	0.000000000000000000e+00
-2.998202000000000044e+04	0.000000000000000000e+00	0.000000000000000000e+00	1.374553666798913554e+00	0.000000000000000000e+00
-2.998200000000000000e+04	0.000000000000000000e+00	0.000000000000000000e+00	1.379131443220313225e+00	0.000000000000000000e+00
-2.998197999999999956e+04	0.000000000000000000e+00	0.000000000000000000e+00	1.389812921536912160e+00	0.000000000000000000e+00
-2.998197000000000116e+04	0.000000000000000000e+00	0.000000000000000000e+00	1.394390697958311609e+00	0.000000000000000000e+00
-2.998195999999999913e+04	0.000000000000000000e+00	0.000000000000000000e+00	1.388897366252632271e+00	0.000000000000000000e+00
-2.998193000000000029e+04	0.000000000000000000e+00	0.000000000000000000e+00	1.387981810968352381e+00	0.000000000000000000e+00
-2.998190000000000146e+04	0.000000000000000000e+00	0.000000000000000000e+00	1.382793664357432784e+00	0.000000000000000000e+00
-2.998188000000000102e+04	0.000000000000000000e+00	0.000000000000000000e+00	1.373943296609393627e+00	0.000000000000000000e+00
-2.998184999999999854e+04	0.000000000000000000e+00	0.000000000000000000e+00	1.367534409619434177e+00	0.000000000000000000e+00
-2.998181999999999971e+04	0.000000000000000000e+00	0.000000000000000000e+00	1.356242561113315315e+00	0.000000000000000000e+00
-2.998177999999999884e+04	0.000000000000000000e+00	0.000000000000000000e+00	1.338236640522476817e+00	0.000000000000000000e+00
-2.998175999999999840e+04	0.000000000000000000e+00	0.000000000000000000e+00	1.355937376018555351e+00	0.000000000000000000e+00
-2.998175000000000000e+04	0.000000000000000000e+00	0.000000000000000000e+00	1.343729972228156377e+00	0.000000000000000000e+00
-2.998172000000000116e+04	0.000000000000000000e+00	0.000000000000000000e+00	1.343729972228156377e+00	0.000000000000000000e+00
-2.998168000000000029e+04	0.000000000000000000e+00	0.000000000000000000e+00	1.341288491470076671e+00	0.000000000000000000e+00
-2.998165000000000146e+04	0.000000000000000000e+00	0.000000000000000000e+00	1.345866267891476120e+00	0.000000000000000000e+00
-2.998163000000000102e+04	0.000000000000000000e+00	0.000000000000000000e+00	1.348612933744316011e+00	0.000000000000000000e+00
-2.998161000000000058e+04	0.000000000000000000e+00	0.000000000000000000e+00	1.357768486587115131e+00	0.000000000000000000e+00
-2.998158000000000175e+04	0.000000000000000000e+00	0.000000000000000000e+00	1.365092928861354471e+00	0.000000000000000000e+00
-2.998154000000000087e+04	0.000000000000000000e+00	0.000000000000000000e+00	1.370586260567033809e+00	0.000000000000000000e+00
-2.998150999999999840e+04	0.000000000000000000e+00	0.000000000000000000e+00	1.364482558671834544e+00	0.000000000000000000e+00
-2.998149000000000160e+04	0.000000000000000000e+00	0.000000000000000000e+00	1.365703299050874397e+00	0.000000000000000000e+00
-2.998149000000000160e+04	0.000000000000000000e+00	0.000000000000000000e+00	1.376384777367473333e+00	0.000000000000000000e+00
-2.998145999999999913e+04	0.000000000000000000e+00	0.000000000000000000e+00	1.366618854335154287e+00	0.000000000000000000e+00
-2.998143000000000029e+04	0.000000000000000000e+00	0.000000000000000000e+00	1.369060335093233993e+00	0.000000000000000000e+00
-2.998140000000000146e+04	0.000000000000000000e+00	0.000000000000000000e+00	1.365703299050874397e+00	0.000000000000000000e+00
-2.998136999999999898e+04	0.000000000000000000e+00	0.000000000000000000e+00	1.371501815851313921e+00	0.000000000000000000e+00
-2.998133000000000175e+04	0.000000000000000000e+00	0.000000000000000000e+00	1.365092928861354471e+00	0.000000000000000000e+00
-2.998131000000000131e+04	0.000000000000000000e+00	0.000000000000000000e+00	1.364177373577074581e+00	0.000000000000000000e+00
-2.998127999999999884e+04	0.000000000000000000e+00	0.000000000000000000e+00	1.355632190923795388e+00	0.000000000000000000e+00
-2.998125999999999840e+04	0.000000000000000000e+00	0.000000000000000000e+00	1.355937376018555351e+00	0.000000000000000000e+00
-2.998124000000000160e+04	0.000000000000000000e+00	0.000000000000000000e+00	1.353801080355235387e+00	0.000000000000000000e+00
-2.998120999999999913e+04	0.000000000000000000e+00	0.000000000000000000e+00	1.343119602038636451e+00	0.000000000000000000e+00
-2.998118000000000029e+04	0.000000000000000000e+00	0.000000000000000000e+00	1.341898861659596598e+00	0.000000000000000000e+00
-2.998115999999999985e+04	0.000000000000000000e+00	0.000000000000000000e+00	1.338847010711996743e+00	0.000000000000000000e+00
-2.998113999999999942e+04	0.000000000000000000e+00	0.000000000000000000e+00	1.331827753532517367e+00	0.000000000000000000e+00
-2.998111000000000058e+04	0.000000000000000000e+00	0.000000000000000000e+00	1.329996642963957587e+00	0.000000000000000000e+00
-2.998108000000000175e+04	0.000000000000000000e+00	0.000000000000000000e+00	1.329081087679677697e+00	0.000000000000000000e+00
-2.998106000000000131e+04	0.000000000000000000e+00	0.000000000000000000e+00	1.332438123722037515e+00	0.000000000000000000e+00
-2.998102999999999884e+04	0.000000000000000000e+00	0.000000000000000000e+00	1.336100344859157074e+00	0.000000000000000000e+00
-2.998100000000000000e+04	0.000000000000000000e+00	0.000000000000000000e+00	1.347087008270515973e+00	0.000000000000000000e+00
-2.998097000000000116e+04	0.000000000000000000e+00	0.000000000000000000e+00	1.351054414502395717e+00	0.000000000000000000e+00
-2.998093999999999869e+04	0.000000000000000000e+00	0.000000000000000000e+00	1.352275154881435570e+00	0.000000000000000000e+00
-2.998093000000000029e+04	0.000000000000000000e+00	0.000000000000000000e+00	1.360209967345194837e+00	0.000000000000000000e+00
-2.998090999999999985e+04	0.000000000000000000e+00	0.000000000000000000e+00	1.365398113956114434e+00	0.000000000000000000e+00
-2.998086999999999898e+04	0.000000000000000000e+00	0.000000000000000000e+00	1.349528489028595901e+00	0.000000000000000000e+00
-2.998084999999999854e+04	0.000000000000000000e+00	0.000000000000000000e+00	1.357768486587115131e+00	0.000000000000000000e+00
-2.998081999999999971e+04	0.000000000000000000e+00	0.000000000000000000e+00	1.362346263008514580e+00	0.000000000000000000e+00
-2.998079999999999927e+04	0.000000000000000000e+00	0.000000000000000000e+00	1.361125522629474727e+00	0.000000000000000000e+00
-2.998077000000000044e+04	0.000000000000000000e+00	0.000000000000000000e+00	1.351664784691915644e+00	0.000000000000000000e+00
-2.998074000000000160e+04	0.000000000000000000e+00	0.000000000000000000e+00	1.345866267891476120e+00	0.000000000000000000e+00
-2.998070999999999913e+04	0.000000000000000000e+00	0.000000000000000000e+00	1.348002563554796085e+00	0.000000000000000000e+00
-2.998068000000000029e+04	0.000000000000000000e+00	0.000000000000000000e+00	1.347087008270515973e+00	0.000000000000000000e+00
-2.998066999999999825e+04	0.000000000000000000e+00	0.000000000000000000e+00	1.325113681447798175e+00	0.000000000000000000e+00
-2.998065000000000146e+04	0.000000000000000000e+00	0.000000000000000000e+00	1.334574419385357258e+00	0.000000000000000000e+00
-2.998063000000000102e+04	0.000000000000000000e+00	0.000000000000000000e+00	1.326029236732078065e+00	0.000000000000000000e+00
-2.998059999999999854e+04	0.000000000000000000e+00	0.000000000000000000e+00	1.329386272774437661e+00	0.000000000000000000e+00
-2.998056999999999971e+04	0.000000000000000000e+00	0.000000000000000000e+00	1.334269234290597295e+00	0.000000000000000000e+00
-2.998052999999999884e+04	0.000000000000000000e+00	0.000000000000000000e+00	1.331217383342997440e+00	0.000000000000000000e+00
-2.998050000000000000e+04	0.000000000000000000e+00	0.000000000000000000e+00	1.327555162205877881e+00	0.000000000000000000e+00
-2.998047999999999956e+04	0.000000000000000000e+00	0.000000000000000000e+00	1.335489974669637148e+00	0.000000000000000000e+00
-2.998045000000000073e+04	0.000000000000000000e+00	0.000000000000000000e+00	1.337321085238196927e+00	0.000000000000000000e+00
-2.998043000000000029e+04	0.000000000000000000e+00	0.000000000000000000e+00	1.362651448103274543e+00	0.000000000000000000e+00
-2.998040000000000146e+04	0.000000000000000000e+00	0.000000000000000000e+00	1.355021820734275240e+00	0.000000000000000000e+00
-2.998036999999999898e+04	0.000000000000000000e+00	0.000000000000000000e+00	1.348002563554796085e+00	0.000000000000000000e+00
-2.998036000000000058e+04	0.000000000000000000e+00	0.000000000000000000e+00	1.345866267891476120e+00	0.000000000000000000e+00
-2.998033000000000175e+04	0.000000000000000000e+00	0.000000000000000000e+00	1.348612933744316011e+00	0.000000000000000000e+00
-2.998029999999999927e+04	0.000000000000000000e+00	0.000000000000000000e+00	1.341898861659596598e+00	0.000000000000000000e+00
-2.998027999999999884e+04	0.000000000000000000e+00	0.000000000000000000e+00	1.339762565996276633e+00	0.000000000000000000e+00
-2.998025000000000000e+04	0.000000000000000000e+00	0.000000000000000000e+00	1.329996642963957587e+00	0.000000000000000000e+00
-2.998022000000000116e+04	0.000000000000000000e+00	0.000000000000000000e+00	1.325418866542558138e+00	0.000000000000000000e+00
-2.998020000000000073e+04	0.000000000000000000e+00	0.000000000000000000e+00	1.314432203131199017e+00	0.000000000000000000e+00
-2.998016999999999825e+04	0.000000000000000000e+00	0.000000000000000000e+00	1.307412945951719641e+00	0.000000000000000000e+00
-2.998015000000000146e+04	0.000000000000000000e+00	0.000000000000000000e+00	1.308633686330759716e+00	0.000000000000000000e+00
-2.998011000000000058e+04	0.000000000000000000e+00	0.000000000000000000e+00	1.305887020477919824e+00	0.000000000000000000e+00
-2.998008000000000175e+04	0.000000000000000000e+00	0.000000000000000000e+00	1.305887020477919824e+00	0.000000000000000000e+00
-2.998004999999999927e+04	0.000000000000000000e+00	0.000000000000000000e+00	1.304666280098879971e+00	0.000000000000000000e+00
-2.998002000000000044e+04	0.000000000000000000e+00	0.000000000000000000e+00	1.302224799340800265e+00	0.000000000000000000e+00
-2.998000000000000000e+04	0.000000000000000000e+00	0.000000000000000000e+00	1.310464796899319495e+00	0.000000000000000000e+00
-2.997997999999999956e+04	0.000000000000000000e+00	0.000000000000000000e+00	1.313516647846919128e+00	0.000000000000000000e+00
-2.997995000000000073e+04	0.000000000000000000e+00	0.000000000000000000e+00	1.304666280098879971e+00	0.000000000000000000e+00
-2.997991999999999825e+04	0.000000000000000000e+00	0.000000000000000000e+00	1.315652943510238870e+00	0.000000000000000000e+00
-2.997988999999999942e+04	0.000000000000000000e+00	0.000000000000000000e+00	1.318704794457838725e+00	0.000000000000000000e+00
-2.997984999999999854e+04	0.000000000000000000e+00	0.000000000000000000e+00	1.317178868984038909e+00	0.000000000000000000e+00
-2.997981000000000131e+04	0.000000000000000000e+00	0.000000000000000000e+00	1.320230719931638541e+00	0.000000000000000000e+00
-2.997977999999999884e+04	0.000000000000000000e+00	0.000000000000000000e+00	1.317789239173558835e+00	0.000000000000000000e+00
-2.997972999999999956e+04	0.000000000000000000e+00	0.000000000000000000e+00	1.326029236732078065e+00	0.000000000000000000e+00
-2.997968999999999869e+04	0.000000000000000000e+00	0.000000000000000000e+00	1.319925534836878578e+00	0.000000000000000000e+00
-2.997966999999999825e+04	0.000000000000000000e+00	0.000000000000000000e+00	1.322367015594958284e+00	0.000000000000000000e+00
-2.997965000000000146e+04	0.000000000000000000e+00	0.000000000000000000e+00	1.317484054078798872e+00	0.000000000000000000e+00
-2.997963000000000102e+04	0.000000000000000000e+00	0.000000000000000000e+00	1.320230719931638541e+00	0.000000000000000000e+00
-2.997961000000000058e+04	0.000000000000000000e+00	0.000000000000000000e+00	1.304666280098879971e+00	0.000000000000000000e+00
-2.997959000000000015e+04	0.000000000000000000e+00	0.000000000000000000e+00	1.301309244056520376e+00	0.000000000000000000e+00
-2.997956999999999971e+04	0.000000000000000000e+00	0.000000000000000000e+00	1.292458876308480997e+00	0.000000000000000000e+00
-2.997954000000000087e+04	0.000000000000000000e+00	0.000000000000000000e+00	1.304055909909360045e+00	0.000000000000000000e+00
-2.997950000000000000e+04	0.000000000000000000e+00	0.000000000000000000e+00	1.297647022919400595e+00	0.000000000000000000e+00
-2.997945999999999913e+04	0.000000000000000000e+00	0.000000000000000000e+00	1.293984801782281036e+00	0.000000000000000000e+00
-2.997943000000000029e+04	0.000000000000000000e+00	0.000000000000000000e+00	1.303750724814600082e+00	0.000000000000000000e+00
-2.997940000000000146e+04	0.000000000000000000e+00	0.000000000000000000e+00	1.292764061403240961e+00	0.000000000000000000e+00
-2.997936000000000058e+04	0.000000000000000000e+00	0.000000000000000000e+00	1.291543321024201108e+00	0.000000000000000000e+00
-2.997933000000000175e+04	0.000000000000000000e+00	0.000000000000000000e+00	1.286049989318521769e+00	0.000000000000000000e+00
-2.997929999999999927e+04	0.000000000000000000e+00	0.000000000000000000e+00	1.287575914792321585e+00	0.000000000000000000e+00
-2.997927000000000044e+04	0.000000000000000000e+00	0.000000000000000000e+00	1.292764061403240961e+00	0.000000000000000000e+00
-2.997924000000000160e+04	0.000000000000000000e+00	0.000000000000000000e+00	1.288186284981841512e+00	0.000000000000000000e+00
-2.997922000000000116e+04	0.000000000000000000e+00	0.000000000000000000e+00	1.283608508560441841e+00	0.000000000000000000e+00
-2.997920999999999913e+04	0.000000000000000000e+00	0.000000000000000000e+00	1.295205542161320889e+00	0.000000000000000000e+00
-2.997918999999999869e+04	0.000000000000000000e+00	0.000000000000000000e+00	1.288491470076601475e+00	0.000000000000000000e+00
-2.997915999999999985e+04	0.000000000000000000e+00	0.000000000000000000e+00	1.296731467635120705e+00	0.000000000000000000e+00
-2.997913999999999942e+04	0.000000000000000000e+00	0.000000000000000000e+00	1.296426282540360742e+00	0.000000000000000000e+00
-2.997909999999999854e+04	0.000000000000000000e+00	0.000000000000000000e+00	1.290627765739921218e+00	0.000000000000000000e+00
-2.997906999999999971e+04	0.000000000000000000e+00	0.000000000000000000e+00	1.286965544602801659e+00	0.000000000000000000e+00
-2.997904000000000087e+04	0.000000000000000000e+00	0.000000000000000000e+00	1.290627765739921218e+00	0.000000000000000000e+00
-2.997900999999999840e+04	0.000000000000000000e+00	0.000000000000000000e+00	1.294595171971800962e+00	0.000000000000000000e+00
-2.997899000000000160e+04	0.000000000000000000e+00	0.000000000000000000e+00	1.271095919675283126e+00	0.000000000000000000e+00
-2.997897000000000116e+04	0.000000000000000000e+00	0.000000000000000000e+00	1.264687032685323675e+00	0.000000000000000000e+00
-2.997895000000000073e+04	0.000000000000000000e+00	0.000000000000000000e+00	1.254615924558244666e+00	0.000000000000000000e+00
-2.997893000000000029e+04	0.000000000000000000e+00	0.000000000000000000e+00	1.244239631336405472e+00	0.000000000000000000e+00
-2.997890000000000146e+04	0.000000000000000000e+00	0.000000000000000000e+00	1.248817407757805142e+00	0.000000000000000000e+00
-2.997886999999999898e+04	0.000000000000000000e+00	0.000000000000000000e+00	1.255531479842524556e+00	0.000000000000000000e+00
-2.997884999999999854e+04	0.000000000000000000e+00	0.000000000000000000e+00	1.254921109653004629e+00	0.000000000000000000e+00
-2.997881000000000131e+04	0.000000000000000000e+00	0.000000000000000000e+00	1.246986297189245363e+00	0.000000000000000000e+00
-2.997877999999999884e+04	0.000000000000000000e+00	0.000000000000000000e+00	1.261024811548203894e+00	0.000000000000000000e+00
-2.997874000000000160e+04	0.000000000000000000e+00	0.000000000000000000e+00	1.267128513443403381e+00	0.000000000000000000e+00
-2.997870999999999913e+04	0.000000000000000000e+00	0.000000000000000000e+00	1.275368511001922611e+00	0.000000000000000000e+00
-2.997868000000000029e+04	0.000000000000000000e+00	0.000000000000000000e+00	1.276589251380962464e+00	0.000000000000000000e+00
-2.997866999999999825e+04	0.000000000000000000e+00	0.000000000000000000e+00	1.281167027802362135e+00	0.000000000000000000e+00
-2.997865000000000146e+04	0.000000000000000000e+00	0.000000000000000000e+00	1.272927030243842905e+00	0.000000000000000000e+00
-2.997863000000000102e+04	0.000000000000000000e+00	0.000000000000000000e+00	1.262855922116763896e+00	0.000000000000000000e+00
-2.997861999999999898e+04	0.000000000000000000e+00	0.000000000000000000e+00	1.268044068727683271e+00	0.000000000000000000e+00
-2.997859000000000015e+04	0.000000000000000000e+00	0.000000000000000000e+00	1.269875179296243273e+00	0.000000000000000000e+00
-2.997854999999999927e+04	0.000000000000000000e+00	0.000000000000000000e+00	1.262550737022003933e+00	0.000000000000000000e+00
-2.997852000000000044e+04	0.000000000000000000e+00	0.000000000000000000e+00	1.254005554368724740e+00	0.000000000000000000e+00
-2.997849000000000160e+04	0.000000000000000000e+00	0.000000000000000000e+00	1.254921109653004629e+00	0.000000000000000000e+00
-2.997847000000000116e+04	0.000000000000000000e+00	0.000000000000000000e+00	1.253089999084444628e+00	0.000000000000000000e+00
-2.997843999999999869e+04	0.000000000000000000e+00	0.000000000000000000e+00	1.243629261146885545e+00	0.000000000000000000e+00
-2.997843000000000029e+04	0.000000000000000000e+00	0.000000000000000000e+00	1.236610003967406168e+00	0.000000000000000000e+00
-2.997840999999999985e+04	0.000000000000000000e+00	0.000000000000000000e+00	1.231421857356486793e+00	0.000000000000000000e+00
-2.997838999999999942e+04	0.000000000000000000e+00	0.000000000000000000e+00	1.230811487166966867e+00	0.000000000000000000e+00
-2.997836999999999898e+04	0.000000000000000000e+00	0.000000000000000000e+00	1.231727042451246756e+00	0.000000000000000000e+00
-2.997834999999999854e+04	0.000000000000000000e+00	0.000000000000000000e+00	1.245765556810205288e+00	0.000000000000000000e+00
-2.997833000000000175e+04	0.000000000000000000e+00	0.000000000000000000e+00	1.240577410199285913e+00	0.000000000000000000e+00
-2.997831000000000131e+04	0.000000000000000000e+00	0.000000000000000000e+00	1.237220374156926095e+00	0.000000000000000000e+00
-2.997827999999999884e+04	0.000000000000000000e+00	0.000000000000000000e+00	1.241492965483565802e+00	0.000000000000000000e+00
-2.997825999999999840e+04	0.000000000000000000e+00	0.000000000000000000e+00	1.245460371715445325e+00	0.000000000000000000e+00
-2.997824000000000160e+04	0.000000000000000000e+00	0.000000000000000000e+00	1.245765556810205288e+00	0.000000000000000000e+00
-2.997822000000000116e+04	0.000000000000000000e+00	0.000000000000000000e+00	1.248512222663045179e+00	0.000000000000000000e+00
-2.997820000000000073e+04	0.000000000000000000e+00	0.000000000000000000e+00	1.244239631336405472e+00	0.000000000000000000e+00
-2.997816999999999825e+04	0.000000000000000000e+00	0.000000000000000000e+00	1.230201116977446718e+00	0.000000000000000000e+00
-2.997815000000000146e+04	0.000000000000000000e+00	0.000000000000000000e+00	1.233558153019806536e+00	0.000000000000000000e+00
-2.997811999999999898e+04	0.000000000000000000e+00	0.000000000000000000e+00	1.210364085818048663e+00	0.000000000000000000e+00
-2.997809999999999854e+04	0.000000000000000000e+00	0.000000000000000000e+00	1.221350749229407562e+00	0.000000000000000000e+00
-2.997806999999999971e+04	0.000000000000000000e+00	0.000000000000000000e+00	1.221350749229407562e+00	0.000000000000000000e+00
-2.997804000000000087e+04	0.000000000000000000e+00	0.000000000000000000e+00	1.215247047334208297e+00	0.000000000000000000e+00
-2.997802000000000044e+04	0.000000000000000000e+00	0.000000000000000000e+00	1.207922605059968957e+00	0.000000000000000000e+00
-2.997799000000000160e+04	0.000000000000000000e+00	0.000000000000000000e+00	1.211890011291848479e+00	0.000000000000000000e+00
-2.997797000000000116e+04	0.000000000000000000e+00	0.000000000000000000e+00	1.217383342997528040e+00	0.000000000000000000e+00
-2.997793999999999869e+04	0.000000000000000000e+00	0.000000000000000000e+00	1.214941862239448334e+00	0.000000000000000000e+00
-2.997791999999999825e+04	0.000000000000000000e+00	0.000000000000000000e+00	1.208227790154728920e+00	0.000000000000000000e+00
-2.997788999999999942e+04	0.000000000000000000e+00	0.000000000000000000e+00	1.199072237311929578e+00	0.000000000000000000e+00
-2.997784999999999854e+04	0.000000000000000000e+00	0.000000000000000000e+00	1.196630756553849873e+00	0.000000000000000000e+00
-2.997784000000000015e+04	0.000000000000000000e+00	0.000000000000000000e+00	1.204260383922849176e+00	0.000000000000000000e+00
-2.997781999999999971e+04	0.000000000000000000e+00	0.000000000000000000e+00	1.203039643543809323e+00	0.000000000000000000e+00
-2.997779000000000087e+04	0.000000000000000000e+00	0.000000000000000000e+00	1.195104831080050056e+00	0.000000000000000000e+00
-2.997775999999999840e+04	0.000000000000000000e+00	0.000000000000000000e+00	1.207922605059968957e+00	0.000000000000000000e+00
-2.997774000000000160e+04	0.000000000000000000e+00	0.000000000000000000e+00	1.196630756553849873e+00	0.000000000000000000e+00
-2.997770999999999913e+04	0.000000000000000000e+00	0.000000000000000000e+00	1.196020386364329946e+00	0.000000000000000000e+00
-2.997768999999999869e+04	0.000000000000000000e+00	0.000000000000000000e+00	1.198156682027649689e+00	0.000000000000000000e+00
-2.997765999999999985e+04	0.000000000000000000e+00	0.000000000000000000e+00	1.201513718070009507e+00	0.000000000000000000e+00
-2.997765000000000146e+04	0.000000000000000000e+00	0.000000000000000000e+00	1.198156682027649689e+00	0.000000000000000000e+00
-2.997763000000000102e+04	0.000000000000000000e+00	0.000000000000000000e+00	1.203650013733329249e+00	0.000000000000000000e+00
-2.997759999999999854e+04	0.000000000000000000e+00	0.000000000000000000e+00	1.198461867122409652e+00	0.000000000000000000e+00
-2.997756999999999971e+04	0.000000000000000000e+00	0.000000000000000000e+00	1.196935941648609836e+00	0.000000000000000000e+00
-2.997754999999999927e+04	0.000000000000000000e+00	0.000000000000000000e+00	1.197851496932889725e+00	0.000000000000000000e+00
-2.997752999999999884e+04	0.000000000000000000e+00	0.000000000000000000e+00	1.196325571459089909e+00	0.000000000000000000e+00
-2.997750000000000000e+04	0.000000000000000000e+00	0.000000000000000000e+00	1.189611499374370496e+00	0.000000000000000000e+00
-2.997747999999999956e+04	0.000000000000000000e+00	0.000000000000000000e+00	1.183202612384411045e+00	0.000000000000000000e+00
-2.997745999999999913e+04	0.000000000000000000e+00	0.000000000000000000e+00	1.174657429731131852e+00	0.000000000000000000e+00
-2.997743999999999869e+04	0.000000000000000000e+00	0.000000000000000000e+00	1.168248542741172624e+00	0.000000000000000000e+00
-2.997740999999999985e+04	0.000000000000000000e+00	0.000000000000000000e+00	1.160618915372173321e+00	0.000000000000000000e+00
-2.997738999999999942e+04	0.000000000000000000e+00	0.000000000000000000e+00	1.156346324045533613e+00	0.000000000000000000e+00
-2.997738000000000102e+04	0.000000000000000000e+00	0.000000000000000000e+00	1.163975951414532917e+00	0.000000000000000000e+00
-2.997736000000000058e+04	0.000000000000000000e+00	0.000000000000000000e+00	1.161839655751213174e+00	0.000000000000000000e+00
-2.997734000000000015e+04	0.000000000000000000e+00	0.000000000000000000e+00	1.172215948973052146e+00	0.000000000000000000e+00
-2.997731000000000131e+04	0.000000000000000000e+00	0.000000000000000000e+00	1.169164098025452514e+00	0.000000000000000000e+00
-2.997727999999999884e+04	0.000000000000000000e+00	0.000000000000000000e+00	1.151768547624133943e+00	0.000000000000000000e+00
-2.997725999999999840e+04	0.000000000000000000e+00	0.000000000000000000e+00	1.166722617267372586e+00	0.000000000000000000e+00
-2.997722999999999956e+04	0.000000000000000000e+00	0.000000000000000000e+00	1.166722617267372586e+00	0.000000000000000000e+00
-2.997720999999999913e+04	0.000000000000000000e+00	0.000000000000000000e+00	1.167027802362132549e+00	0.000000000000000000e+00
-2.997718999999999869e+04	0.000000000000000000e+00	0.000000000000000000e+00	1.166417432172612623e+00	0.000000000000000000e+00
-2.997716999999999825e+04	0.000000000000000000e+00	0.000000000000000000e+00	1.160618915372173321e+00	0.000000000000000000e+00
-2.997713999999999942e+04	0.000000000000000000e+00	0.000000000000000000e+00	1.163670766319772953e+00	0.000000000000000000e+00
-2.997711999999999898e+04	0.000000000000000000e+00	0.000000000000000000e+00	1.156651509140293577e+00	0.000000000000000000e+00
-2.997709999999999854e+04	0.000000000000000000e+00	0.000000000000000000e+00	1.152684102908414054e+00	0.000000000000000000e+00
-2.997708000000000175e+04	0.000000000000000000e+00	0.000000000000000000e+00	1.147190771202734494e+00	0.000000000000000000e+00
-2.997706000000000131e+04	0.000000000000000000e+00	0.000000000000000000e+00	1.151463362529373979e+00	0.000000000000000000e+00
-2.997704000000000087e+04	0.000000000000000000e+00	0.000000000000000000e+00	1.154515213476973834e+00	0.000000000000000000e+00
-2.997702000000000044e+04	0.000000000000000000e+00	0.000000000000000000e+00	1.139866328928495154e+00	0.000000000000000000e+00
-2.997700000000000000e+04	0.000000000000000000e+00	0.000000000000000000e+00	1.144138920255134639e+00	0.000000000000000000e+00
-2.997697000000000116e+04	0.000000000000000000e+00	0.000000000000000000e+00	1.135593737601855446e+00	0.000000000000000000e+00
-2.997695000000000073e+04	0.000000000000000000e+00	0.000000000000000000e+00	1.133762627033295667e+00	0.000000000000000000e+00
-2.997693000000000029e+04	0.000000000000000000e+00	0.000000000000000000e+00	1.133762627033295667e+00	0.000000000000000000e+00
-2.997691999999999825e+04	0.000000000000000000e+00	0.000000000000000000e+00	1.129490035706656181e+00	0.000000000000000000e+00
-2.997690000000000146e+04	0.000000000000000000e+00	0.000000000000000000e+00	1.139866328928495154e+00	0.000000000000000000e+00
-2.997688999999999942e+04	0.000000000000000000e+00	0.000000000000000000e+00	1.137730033265175411e+00	0.000000000000000000e+00
-2.997686999999999898e+04	0.000000000000000000e+00	0.000000000000000000e+00	1.132541886654255814e+00	0.000000000000000000e+00
-2.997686000000000058e+04	0.000000000000000000e+00	0.000000000000000000e+00	1.127658925138096180e+00	0.000000000000000000e+00
-2.997684000000000015e+04	0.000000000000000000e+00	0.000000000000000000e+00	1.133457441938535704e+00	0.000000000000000000e+00
-2.997681000000000131e+04	0.000000000000000000e+00	0.000000000000000000e+00	1.137424848170415448e+00	0.000000000000000000e+00
-2.997679000000000087e+04	0.000000000000000000e+00	0.000000000000000000e+00	1.132541886654255814e+00	0.000000000000000000e+00
-2.997675999999999840e+04	0.000000000000000000e+00	0.000000000000000000e+00	1.145054475539414751e+00	0.000000000000000000e+00
-2.997672999999999956e+04	0.000000000000000000e+00	0.000000000000000000e+00	1.142612994781334823e+00	0.000000000000000000e+00
-2.997670999999999913e+04	0.000000000000000000e+00	0.000000000000000000e+00	1.140781884212775044e+00	0.000000000000000000e+00
-2.997668999999999869e+04	0.000000000000000000e+00	0.000000000000000000e+00	1.128269295327616106e+00	0.000000000000000000e+00
-2.997666999999999825e+04	0.000000000000000000e+00	0.000000000000000000e+00	1.126438184759056327e+00	0.000000000000000000e+00
-2.997663000000000102e+04	0.000000000000000000e+00	0.000000000000000000e+00	1.119113742484816987e+00	0.000000000000000000e+00
-2.997659999999999854e+04	0.000000000000000000e+00	0.000000000000000000e+00	1.114535966063417538e+00	0.000000000000000000e+00
-2.997658000000000175e+04	0.000000000000000000e+00	0.000000000000000000e+00	1.115146336252937465e+00	0.000000000000000000e+00
-2.997656999999999971e+04	0.000000000000000000e+00	0.000000000000000000e+00	1.112704855494857537e+00	0.000000000000000000e+00
-2.997656000000000131e+04	0.000000000000000000e+00	0.000000000000000000e+00	1.102938932462538490e+00	0.000000000000000000e+00
-2.997652999999999884e+04	0.000000000000000000e+00	0.000000000000000000e+00	1.091952269051179591e+00	0.000000000000000000e+00
-2.997650000000000000e+04	0.000000000000000000e+00	0.000000000000000000e+00	1.099887081514938858e+00	0.000000000000000000e+00
-2.997645999999999913e+04	0.000000000000000000e+00	0.000000000000000000e+00	1.089815973387859627e+00	0.000000000000000000e+00
-2.997643999999999869e+04	0.000000000000000000e+00	0.000000000000000000e+00	1.101107821893978711e+00	0.000000000000000000e+00
-2.997643000000000029e+04	0.000000000000000000e+00	0.000000000000000000e+00	1.098055970946379079e+00	0.000000000000000000e+00
-2.997640000000000146e+04	0.000000000000000000e+00	0.000000000000000000e+00	1.099581896420178895e+00	0.000000000000000000e+00
-2.997638000000000102e+04	0.000000000000000000e+00	0.000000000000000000e+00	1.097750785851619115e+00	0.000000000000000000e+00
-2.997634999999999854e+04	0.000000000000000000e+00	0.000000000000000000e+00	1.091647083956419628e+00	0.000000000000000000e+00
-2.997631999999999971e+04	0.000000000000000000e+00	0.000000000000000000e+00	1.096835230567339003e+00	0.000000000000000000e+00
-2.997629999999999927e+04	0.000000000000000000e+00	0.000000000000000000e+00	1.099887081514938858e+00	0.000000000000000000e+00
-2.997627999999999884e+04	0.000000000000000000e+00	0.000000000000000000e+00	1.084627826776940251e+00	0.000000000000000000e+00
-2.997625000000000000e+04	0.000000000000000000e+00	0.000000000000000000e+00	1.082796716208380472e+00	0.000000000000000000e+00
-2.997622999999999956e+04	0.000000000000000000e+00	0.000000000000000000e+00	1.078829309976500728e+00	0.000000000000000000e+00
-2.997620000000000073e+04	0.000000000000000000e+00	0.000000000000000000e+00	1.075472273934141132e+00	0.000000000000000000e+00
-2.997618000000000029e+04	0.000000000000000000e+00	0.000000000000000000e+00	1.085543382061220141e+00	0.000000000000000000e+00
-2.997615000000000146e+04	0.000000000000000000e+00	0.000000000000000000e+00	1.074861903744621205e+00	0.000000000000000000e+00
-2.997613000000000102e+04	0.000000000000000000e+00	0.000000000000000000e+00	1.078524124881740764e+00	0.000000000000000000e+00
-2.997609999999999854e+04	0.000000000000000000e+00	0.000000000000000000e+00	1.083407086397900398e+00	0.000000000000000000e+00
-2.997608000000000175e+04	0.000000000000000000e+00	0.000000000000000000e+00	1.070589312417981498e+00	0.000000000000000000e+00
-2.997604999999999927e+04	0.000000000000000000e+00	0.000000000000000000e+00	1.068147831659901792e+00	0.000000000000000000e+00
-2.997602000000000044e+04	0.000000000000000000e+00	0.000000000000000000e+00	1.060823389385662452e+00	0.000000000000000000e+00
-2.997599000000000160e+04	0.000000000000000000e+00	0.000000000000000000e+00	1.060823389385662452e+00	0.000000000000000000e+00
-2.997597000000000116e+04	0.000000000000000000e+00	0.000000000000000000e+00	1.058381908627582524e+00	0.000000000000000000e+00
-2.997593999999999869e+04	0.000000000000000000e+00	0.000000000000000000e+00	1.053804132206183075e+00	0.000000000000000000e+00
-2.997591999999999825e+04	0.000000000000000000e+00	0.000000000000000000e+00	1.043427838984344103e+00	0.000000000000000000e+00
-2.997590000000000146e+04	0.000000000000000000e+00	0.000000000000000000e+00	1.050447096163823257e+00	0.000000000000000000e+00
-2.997586999999999898e+04	0.000000000000000000e+00	0.000000000000000000e+00	1.042512283700063991e+00	0.000000000000000000e+00
-2.997584000000000015e+04	0.000000000000000000e+00	0.000000000000000000e+00	1.047090060121463662e+00	0.000000000000000000e+00
-2.997581999999999971e+04	0.000000000000000000e+00	0.000000000000000000e+00	1.051973021637623296e+00	0.000000000000000000e+00
-2.997579999999999927e+04	0.000000000000000000e+00	0.000000000000000000e+00	1.047700430310983588e+00	0.000000000000000000e+00
-2.997577999999999884e+04	0.000000000000000000e+00	0.000000000000000000e+00	1.054414502395703002e+00	0.000000000000000000e+00
-2.997575999999999840e+04	0.000000000000000000e+00	0.000000000000000000e+00	1.040681173131504211e+00	0.000000000000000000e+00
-2.997572999999999956e+04	0.000000000000000000e+00	0.000000000000000000e+00	1.053804132206183075e+00	0.000000000000000000e+00
-2.997570000000000073e+04	0.000000000000000000e+00	0.000000000000000000e+00	1.035187841425824873e+00	0.000000000000000000e+00
-2.997566999999999825e+04	0.000000000000000000e+00	0.000000000000000000e+00	1.040375988036744248e+00	0.000000000000000000e+00
-2.997563999999999942e+04	0.000000000000000000e+00	0.000000000000000000e+00	1.034577471236304724e+00	0.000000000000000000e+00
-2.997561000000000058e+04	0.000000000000000000e+00	0.000000000000000000e+00	1.027253028962065384e+00	0.000000000000000000e+00
-2.997558000000000175e+04	0.000000000000000000e+00	0.000000000000000000e+00	1.020844141972106156e+00	0.000000000000000000e+00
-2.997554999999999927e+04	0.000000000000000000e+00	0.000000000000000000e+00	1.018707846308786191e+00	0.000000000000000000e+00
-2.997552999999999884e+04	0.000000000000000000e+00	0.000000000000000000e+00	1.016571550645466449e+00	0.000000000000000000e+00
-2.997550000000000000e+04	0.000000000000000000e+00	0.000000000000000000e+00	1.017181920834986375e+00	0.000000000000000000e+00
-2.997547000000000116e+04	0.000000000000000000e+00	0.000000000000000000e+00	1.006500442518387439e+00	0.000000000000000000e+00
-2.997543999999999869e+04	0.000000000000000000e+00	0.000000000000000000e+00	1.001617481002227805e+00	0.000000000000000000e+00
-2.997540999999999985e+04	0.000000000000000000e+00	0.000000000000000000e+00	9.979552598651081352e-01	0.000000000000000000e+00
-2.997536999999999898e+04	0.000000000000000000e+00	0.000000000000000000e+00	1.000396740623187952e+00	0.000000000000000000e+00
-2.997534999999999854e+04	0.000000000000000000e+00	0.000000000000000000e+00	1.000701925717947915e+00	0.000000000000000000e+00
-2.997531999999999971e+04	0.000000000000000000e+00	0.000000000000000000e+00	9.994811853389080625e-01	0.000000000000000000e+00
-2.997529999999999927e+04	0.000000000000000000e+00	0.000000000000000000e+00	1.002227851191747732e+00	0.000000000000000000e+00
-2.997527999999999884e+04	0.000000000000000000e+00	0.000000000000000000e+00	1.005279702139347586e+00	0.000000000000000000e+00
-2.997525999999999840e+04	0.000000000000000000e+00	0.000000000000000000e+00	9.985656300546281727e-01	0.000000000000000000e+00
-2.997522999999999956e+04	0.000000000000000000e+00	0.000000000000000000e+00	9.942930387279885762e-01	0.000000000000000000e+00
-2.997518999999999869e+04	0.000000000000000000e+00	0.000000000000000000e+00	9.872737815485091994e-01	0.000000000000000000e+00
-2.997515999999999985e+04	0.000000000000000000e+00	0.000000000000000000e+00	1.009552293465987072e+00	0.000000000000000000e+00
-2.997513000000000102e+04	0.000000000000000000e+00	0.000000000000000000e+00	9.958189642017883925e-01	0.000000000000000000e+00
-2.997511000000000058e+04	0.000000000000000000e+00	0.000000000000000000e+00	9.891048921170689789e-01	0.000000000000000000e+00
-2.997509999999999854e+04	0.000000000000000000e+00	0.000000000000000000e+00	9.842219306009094559e-01	0.000000000000000000e+00
-2.997506999999999971e+04	0.000000000000000000e+00	0.000000000000000000e+00	9.793389690847499329e-01	0.000000000000000000e+00
-2.997504999999999927e+04	0.000000000000000000e+00	0.000000000000000000e+00	9.692678609576708126e-01	0.000000000000000000e+00
-2.997502999999999884e+04	0.000000000000000000e+00	0.000000000000000000e+00	9.631641590624714366e-01	0.000000000000000000e+00
-2.997499000000000160e+04	0.000000000000000000e+00	0.000000000000000000e+00	9.634693441572313999e-01	0.000000000000000000e+00
-2.997497000000000116e+04	0.000000000000000000e+00	0.000000000000000000e+00	9.646900845362712529e-01	0.000000000000000000e+00
-2.997495000000000073e+04	0.000000000000000000e+00	0.000000000000000000e+00	9.561449018829920599e-01	0.000000000000000000e+00
-2.997493999999999869e+04	0.000000000000000000e+00	0.000000000000000000e+00	9.595019379253517666e-01	0.000000000000000000e+00
-2.997490999999999985e+04	0.000000000000000000e+00	0.000000000000000000e+00	9.506515701773124993e-01	0.000000000000000000e+00
-2.997488000000000102e+04	0.000000000000000000e+00	0.000000000000000000e+00	9.598071230201117299e-01	0.000000000000000000e+00
-2.997484999999999854e+04	0.000000000000000000e+00	0.000000000000000000e+00	9.579760124515518394e-01	0.000000000000000000e+00
-2.997483000000000175e+04	0.000000000000000000e+00	0.000000000000000000e+00	9.646900845362712529e-01	0.000000000000000000e+00
-2.997481999999999971e+04	0.000000000000000000e+00	0.000000000000000000e+00	9.573656422620319129e-01	0.000000000000000000e+00
-2.997479000000000087e+04	0.000000000000000000e+00	0.000000000000000000e+00	9.649952696310312161e-01	0.000000000000000000e+00
-2.997475999999999840e+04	0.000000000000000000e+00	0.000000000000000000e+00	9.414960173345133798e-01	0.000000000000000000e+00
-2.997472000000000116e+04	0.000000000000000000e+00	0.000000000000000000e+00	9.408856471449934533e-01	0.000000000000000000e+00
-2.997468000000000029e+04	0.000000000000000000e+00	0.000000000000000000e+00	9.479049043244728301e-01	0.000000000000000000e+00
-2.997465999999999985e+04	0.000000000000000000e+00	0.000000000000000000e+00	9.506515701773124993e-01	0.000000000000000000e+00
-2.997463999999999942e+04	0.000000000000000000e+00	0.000000000000000000e+00	9.372234260078737833e-01	0.000000000000000000e+00
-2.997463000000000102e+04	0.000000000000000000e+00	0.000000000000000000e+00	9.353923154393138928e-01	0.000000000000000000e+00
-2.997461000000000058e+04	0.000000000000000000e+00	0.000000000000000000e+00	9.375286111026337466e-01	0.000000000000000000e+00
-2.997458000000000175e+04	0.000000000000000000e+00	0.000000000000000000e+00	9.366130558183538568e-01	0.000000000000000000e+00
-2.997456000000000131e+04	0.000000000000000000e+00	0.000000000000000000e+00	9.338663899655140765e-01	0.000000000000000000e+00
-2.997452999999999884e+04	0.000000000000000000e+00	0.000000000000000000e+00	9.372234260078737833e-01	0.000000000000000000e+00
-2.997450000000000000e+04	0.000000000000000000e+00	0.000000000000000000e+00	9.360026856288339303e-01	0.000000000000000000e+00
-2.997449000000000160e+04	0.000000000000000000e+00	0.000000000000000000e+00	9.271523178807946630e-01	0.000000000000000000e+00
-2.997445999999999913e+04	0.000000000000000000e+00	0.000000000000000000e+00	9.231849116489150298e-01	0.000000000000000000e+00
-2.997443000000000029e+04	0.000000000000000000e+00	0.000000000000000000e+00	9.201330607013153973e-01	0.000000000000000000e+00
-2.997440000000000146e+04	0.000000000000000000e+00	0.000000000000000000e+00	9.213538010803552503e-01	0.000000000000000000e+00
-2.997436999999999898e+04	0.000000000000000000e+00	0.000000000000000000e+00	9.118930631427960565e-01	0.000000000000000000e+00
-2.997434999999999854e+04	0.000000000000000000e+00	0.000000000000000000e+00	9.067049165318765702e-01	0.000000000000000000e+00
-2.997431000000000131e+04	0.000000000000000000e+00	0.000000000000000000e+00	9.024323252052369737e-01	0.000000000000000000e+00
-2.997427999999999884e+04	0.000000000000000000e+00	0.000000000000000000e+00	9.176915799432355803e-01	0.000000000000000000e+00
-2.997425999999999840e+04	0.000000000000000000e+00	0.000000000000000000e+00	9.063997314371166070e-01	0.000000000000000000e+00
-2.997422999999999956e+04	0.000000000000000000e+00	0.000000000000000000e+00	8.969389934995575242e-01	0.000000000000000000e+00
-2.997420999999999913e+04	0.000000000000000000e+00	0.000000000000000000e+00	9.002960295419171199e-01	0.000000000000000000e+00
-2.997418000000000029e+04	0.000000000000000000e+00	0.000000000000000000e+00	9.063997314371166070e-01	0.000000000000000000e+00
-2.997415000000000146e+04	0.000000000000000000e+00	0.000000000000000000e+00	8.941923276467177439e-01	0.000000000000000000e+00
-2.997411999999999898e+04	0.000000000000000000e+00	0.000000000000000000e+00	8.917508468886379269e-01	0.000000000000000000e+00
-2.997409000000000015e+04	0.000000000000000000e+00	0.000000000000000000e+00	8.893093661305582209e-01	0.000000000000000000e+00
-2.997406000000000131e+04	0.000000000000000000e+00	0.000000000000000000e+00	8.871730704672383672e-01	0.000000000000000000e+00
-2.997404000000000087e+04	0.000000000000000000e+00	0.000000000000000000e+00	8.825952940458388074e-01	0.000000000000000000e+00
-2.997400999999999840e+04	0.000000000000000000e+00	0.000000000000000000e+00	8.825952940458388074e-01	0.000000000000000000e+00
-2.997399000000000160e+04	0.000000000000000000e+00	0.000000000000000000e+00	8.752708517715994674e-01	0.000000000000000000e+00
-2.997397999999999956e+04	0.000000000000000000e+00	0.000000000000000000e+00	8.764915921506393204e-01	0.000000000000000000e+00
-2.997395999999999913e+04	0.000000000000000000e+00	0.000000000000000000e+00	8.719138157292397606e-01	0.000000000000000000e+00
-2.997393999999999869e+04	0.000000000000000000e+00	0.000000000000000000e+00	8.755760368663594306e-01	0.000000000000000000e+00
-2.997391999999999825e+04	0.000000000000000000e+00	0.000000000000000000e+00	8.682515945921200906e-01	0.000000000000000000e+00
-2.997390000000000146e+04	0.000000000000000000e+00	0.000000000000000000e+00	8.667256691183202744e-01	0.000000000000000000e+00
-2.997388000000000102e+04	0.000000000000000000e+00	0.000000000000000000e+00	8.502456740012818148e-01	0.000000000000000000e+00
-2.997386000000000058e+04	0.000000000000000000e+00	0.000000000000000000e+00	8.581804864650410813e-01	0.000000000000000000e+00
-2.997384999999999854e+04	0.000000000000000000e+00	0.000000000000000000e+00	8.587908566545610078e-01	0.000000000000000000e+00
-2.997381999999999971e+04	0.000000000000000000e+00	0.000000000000000000e+00	8.722190008239997239e-01	0.000000000000000000e+00
-2.997377999999999884e+04	0.000000000000000000e+00	0.000000000000000000e+00	8.587908566545610078e-01	0.000000000000000000e+00
-2.997375000000000000e+04	0.000000000000000000e+00	0.000000000000000000e+00	8.572649311807610806e-01	0.000000000000000000e+00
-2.997372000000000116e+04	0.000000000000000000e+00	0.000000000000000000e+00	8.484145634327219243e-01	0.000000000000000000e+00
-2.997370999999999913e+04	0.000000000000000000e+00	0.000000000000000000e+00	8.609271523178807506e-01	0.000000000000000000e+00
-2.997368000000000029e+04	0.000000000000000000e+00	0.000000000000000000e+00	8.511612292855617046e-01	0.000000000000000000e+00
-2.997365000000000146e+04	0.000000000000000000e+00	0.000000000000000000e+00	8.569597460860011173e-01	0.000000000000000000e+00
-2.997363000000000102e+04	0.000000000000000000e+00	0.000000000000000000e+00	8.456678975798821440e-01	0.000000000000000000e+00
-2.997361000000000058e+04	0.000000000000000000e+00	0.000000000000000000e+00	8.380382702108829518e-01	0.000000000000000000e+00
-2.997359000000000015e+04	0.000000000000000000e+00	0.000000000000000000e+00	8.389538254951628415e-01	0.000000000000000000e+00
-2.997356999999999971e+04	0.000000000000000000e+00	0.000000000000000000e+00	8.511612292855617046e-01	0.000000000000000000e+00
-2.997354999999999927e+04	0.000000000000000000e+00	0.000000000000000000e+00	8.468886379589221081e-01	0.000000000000000000e+00
-2.997350999999999840e+04	0.000000000000000000e+00	0.000000000000000000e+00	8.401745658742026945e-01	0.000000000000000000e+00
-2.997347999999999956e+04	0.000000000000000000e+00	0.000000000000000000e+00	8.355967894528031348e-01	0.000000000000000000e+00
-2.997345999999999913e+04	0.000000000000000000e+00	0.000000000000000000e+00	8.297982726523636110e-01	0.000000000000000000e+00
-2.997343999999999869e+04	0.000000000000000000e+00	0.000000000000000000e+00	8.368175298318429878e-01	0.000000000000000000e+00
-2.997341999999999825e+04	0.000000000000000000e+00	0.000000000000000000e+00	8.264412366100040153e-01	0.000000000000000000e+00
-2.997340000000000146e+04	0.000000000000000000e+00	0.000000000000000000e+00	8.258308664204839777e-01	0.000000000000000000e+00
-2.997336000000000058e+04	0.000000000000000000e+00	0.000000000000000000e+00	8.191167943357646752e-01	0.000000000000000000e+00
-2.997331999999999971e+04	0.000000000000000000e+00	0.000000000000000000e+00	8.124027222510452617e-01	0.000000000000000000e+00
-2.997329000000000087e+04	0.000000000000000000e+00	0.000000000000000000e+00	8.075197607348857387e-01	0.000000000000000000e+00
-2.997325999999999840e+04	0.000000000000000000e+00	0.000000000000000000e+00	7.989745780816065457e-01	0.000000000000000000e+00
-2.997324000000000160e+04	0.000000000000000000e+00	0.000000000000000000e+00	7.968382824182866919e-01	0.000000000000000000e+00
-2.997322999999999956e+04	0.000000000000000000e+00	0.000000000000000000e+00	7.980590227973265449e-01	0.000000000000000000e+00
-2.997320999999999913e+04	0.000000000000000000e+00	0.000000000000000000e+00	8.075197607348857387e-01	0.000000000000000000e+00
-2.997318999999999869e+04	0.000000000000000000e+00	0.000000000000000000e+00	7.983642078920865082e-01	0.000000000000000000e+00
-2.997315999999999985e+04	0.000000000000000000e+00	0.000000000000000000e+00	8.081301309244056652e-01	0.000000000000000000e+00
-2.997315000000000146e+04	0.000000000000000000e+00	0.000000000000000000e+00	8.038575395977660687e-01	0.000000000000000000e+00
-2.997311999999999898e+04	0.000000000000000000e+00	0.000000000000000000e+00	8.056886501663258482e-01	0.000000000000000000e+00
-2.997309000000000015e+04	0.000000000000000000e+00	0.000000000000000000e+00	7.934812463759269852e-01	0.000000000000000000e+00
-2.997304999999999927e+04	0.000000000000000000e+00	0.000000000000000000e+00	7.907345805230872049e-01	0.000000000000000000e+00
-2.997302999999999884e+04	0.000000000000000000e+00	0.000000000000000000e+00	7.931760612811670219e-01	0.000000000000000000e+00
-2.997300999999999840e+04	0.000000000000000000e+00	0.000000000000000000e+00	7.736442152165288189e-01	0.000000000000000000e+00
-2.997299000000000160e+04	0.000000000000000000e+00	0.000000000000000000e+00	7.827997680593279384e-01	0.000000000000000000e+00
-2.997297000000000116e+04	0.000000000000000000e+00	0.000000000000000000e+00	7.779168065431684154e-01	0.000000000000000000e+00
-2.997295000000000073e+04	0.000000000000000000e+00	0.000000000000000000e+00	7.736442152165288189e-01	0.000000000000000000e+00
-2.997290999999999985e+04	0.000000000000000000e+00	0.000000000000000000e+00	7.675405133213293318e-01	0.000000000000000000e+00
-2.997288000000000102e+04	0.000000000000000000e+00	0.000000000000000000e+00	7.657094027527695523e-01	0.000000000000000000e+00
-2.997286000000000058e+04	0.000000000000000000e+00	0.000000000000000000e+00	7.663197729422894788e-01	0.000000000000000000e+00
-2.997283000000000175e+04	0.000000000000000000e+00	0.000000000000000000e+00	7.733390301217688556e-01	0.000000000000000000e+00
-2.997279999999999927e+04	0.000000000000000000e+00	0.000000000000000000e+00	7.644886623737296993e-01	0.000000000000000000e+00
-2.997277999999999884e+04	0.000000000000000000e+00	0.000000000000000000e+00	7.632679219946897353e-01	0.000000000000000000e+00
-2.997277000000000044e+04	0.000000000000000000e+00	0.000000000000000000e+00	7.596057008575700653e-01	0.000000000000000000e+00
-2.997275000000000000e+04	0.000000000000000000e+00	0.000000000000000000e+00	7.650990325632496258e-01	0.000000000000000000e+00
-2.997272999999999956e+04	0.000000000000000000e+00	0.000000000000000000e+00	7.715079195532090761e-01	0.000000000000000000e+00
-2.997268999999999869e+04	0.000000000000000000e+00	0.000000000000000000e+00	7.641834772789697361e-01	0.000000000000000000e+00
-2.997265999999999985e+04	0.000000000000000000e+00	0.000000000000000000e+00	7.547227393414105423e-01	0.000000000000000000e+00
-2.997263999999999942e+04	0.000000000000000000e+00	0.000000000000000000e+00	7.589953306680501388e-01	0.000000000000000000e+00
-2.997261999999999898e+04	0.000000000000000000e+00	0.000000000000000000e+00	7.547227393414105423e-01	0.000000000000000000e+00
-2.997258000000000175e+04	0.000000000000000000e+00	0.000000000000000000e+00	7.721182897427290026e-01	0.000000000000000000e+00
-2.997256000000000131e+04	0.000000000000000000e+00	0.000000000000000000e+00	7.556382946256904320e-01	0.000000000000000000e+00
-2.997252999999999884e+04	0.000000000000000000e+00	0.000000000000000000e+00	7.419049653614917528e-01	0.000000000000000000e+00
-2.997250999999999840e+04	0.000000000000000000e+00	0.000000000000000000e+00	7.385479293191320460e-01	0.000000000000000000e+00
-2.997247999999999956e+04	0.000000000000000000e+00	0.000000000000000000e+00	7.361064485610522290e-01	0.000000000000000000e+00
-2.997245999999999913e+04	0.000000000000000000e+00	0.000000000000000000e+00	7.324442274239326700e-01	0.000000000000000000e+00
-2.997245000000000073e+04	0.000000000000000000e+00	0.000000000000000000e+00	7.339701528977324863e-01	0.000000000000000000e+00
-2.997241999999999825e+04	0.000000000000000000e+00	0.000000000000000000e+00	7.333597827082125598e-01	0.000000000000000000e+00
-2.997238999999999942e+04	0.000000000000000000e+00	0.000000000000000000e+00	7.373271889400921930e-01	0.000000000000000000e+00
-2.997236999999999898e+04	0.000000000000000000e+00	0.000000000000000000e+00	7.358012634662922657e-01	0.000000000000000000e+00
-2.997234999999999854e+04	0.000000000000000000e+00	0.000000000000000000e+00	7.300027466658528530e-01	0.000000000000000000e+00
-2.997231999999999971e+04	0.000000000000000000e+00	0.000000000000000000e+00	7.242042298654133292e-01	0.000000000000000000e+00
-2.997227999999999884e+04	0.000000000000000000e+00	0.000000000000000000e+00	7.238990447706533660e-01	0.000000000000000000e+00
-2.997225000000000000e+04	0.000000000000000000e+00	0.000000000000000000e+00	7.174901577806940267e-01	0.000000000000000000e+00
-2.997224000000000160e+04	0.000000000000000000e+00	0.000000000000000000e+00	7.141331217383343200e-01	0.000000000000000000e+00
-2.997222000000000116e+04	0.000000000000000000e+00	0.000000000000000000e+00	7.129123813592944670e-01	0.000000000000000000e+00
-2.997218999999999869e+04	0.000000000000000000e+00	0.000000000000000000e+00	7.107760856959746132e-01	0.000000000000000000e+00
-2.997218000000000029e+04	0.000000000000000000e+00	0.000000000000000000e+00	7.007049775688954929e-01	0.000000000000000000e+00
-2.997215999999999985e+04	0.000000000000000000e+00	0.000000000000000000e+00	6.897183141575365939e-01	0.000000000000000000e+00
-2.997213000000000102e+04	0.000000000000000000e+00	0.000000000000000000e+00	6.952116458632160434e-01	0.000000000000000000e+00
-2.997209999999999854e+04	0.000000000000000000e+00	0.000000000000000000e+00	7.010101626636554562e-01	0.000000000000000000e+00
-2.997206999999999971e+04	0.000000000000000000e+00	0.000000000000000000e+00	6.949064607684560801e-01	0.000000000000000000e+00
-2.997204000000000087e+04	0.000000000000000000e+00	0.000000000000000000e+00	6.939909054841761904e-01	0.000000000000000000e+00
-2.997200999999999840e+04	0.000000000000000000e+00	0.000000000000000000e+00	6.976531266212958604e-01	0.000000000000000000e+00
-2.997197000000000116e+04	0.000000000000000000e+00	0.000000000000000000e+00	6.958220160527359699e-01	0.000000000000000000e+00
-2.997195000000000073e+04	0.000000000000000000e+00	0.000000000000000000e+00	6.878872035889767034e-01	0.000000000000000000e+00
-2.997193000000000029e+04	0.000000000000000000e+00	0.000000000000000000e+00	6.845301675466169966e-01	0.000000000000000000e+00
-2.997191999999999825e+04	0.000000000000000000e+00	0.000000000000000000e+00	6.775109103671376198e-01	0.000000000000000000e+00
-2.997190999999999985e+04	0.000000000000000000e+00	0.000000000000000000e+00	6.741538743247780241e-01	0.000000000000000000e+00
-2.997188000000000102e+04	0.000000000000000000e+00	0.000000000000000000e+00	6.686605426190984636e-01	0.000000000000000000e+00
-2.997184999999999854e+04	0.000000000000000000e+00	0.000000000000000000e+00	6.765953550828577301e-01	0.000000000000000000e+00
-2.997179999999999927e+04	0.000000000000000000e+00	0.000000000000000000e+00	6.640827661976989038e-01	0.000000000000000000e+00
-2.997177000000000044e+04	0.000000000000000000e+00	0.000000000000000000e+00	6.662190618610187576e-01	0.000000000000000000e+00
-2.997175999999999840e+04	0.000000000000000000e+00	0.000000000000000000e+00	6.701864680928983908e-01	0.000000000000000000e+00
-2.997174000000000160e+04	0.000000000000000000e+00	0.000000000000000000e+00	6.637775811029389406e-01	0.000000000000000000e+00
-2.997170999999999913e+04	0.000000000000000000e+00	0.000000000000000000e+00	6.866664632099368504e-01	0.000000000000000000e+00
-2.997168000000000029e+04	0.000000000000000000e+00	0.000000000000000000e+00	6.695760979033783533e-01	0.000000000000000000e+00
-2.997165999999999985e+04	0.000000000000000000e+00	0.000000000000000000e+00	6.698812829981383166e-01	0.000000000000000000e+00
-2.997165000000000146e+04	0.000000000000000000e+00	0.000000000000000000e+00	6.701864680928983908e-01	0.000000000000000000e+00
-2.997163000000000102e+04	0.000000000000000000e+00	0.000000000000000000e+00	6.622516556291391243e-01	0.000000000000000000e+00
-2.997159999999999854e+04	0.000000000000000000e+00	0.000000000000000000e+00	6.622516556291391243e-01	0.000000000000000000e+00
-2.997158000000000175e+04	0.000000000000000000e+00	0.000000000000000000e+00	6.604205450605792338e-01	0.000000000000000000e+00
-2.997154000000000087e+04	0.000000000000000000e+00	0.000000000000000000e+00	6.585894344920194543e-01	0.000000000000000000e+00
-2.997152000000000044e+04	0.000000000000000000e+00	0.000000000000000000e+00	6.567583239234595638e-01	0.000000000000000000e+00
-2.997150000000000000e+04	0.000000000000000000e+00	0.000000000000000000e+00	6.582842493972594911e-01	0.000000000000000000e+00
-2.997147999999999956e+04	0.000000000000000000e+00	0.000000000000000000e+00	6.576738792077394535e-01	0.000000000000000000e+00
-2.997145000000000073e+04	0.000000000000000000e+00	0.000000000000000000e+00	6.656086916714987201e-01	0.000000000000000000e+00
-2.997140999999999985e+04	0.000000000000000000e+00	0.000000000000000000e+00	6.418042542802209205e-01	0.000000000000000000e+00
-2.997138999999999942e+04	0.000000000000000000e+00	0.000000000000000000e+00	6.402783288064211042e-01	0.000000000000000000e+00
-2.997136999999999898e+04	0.000000000000000000e+00	0.000000000000000000e+00	6.387524033326212880e-01	0.000000000000000000e+00
-2.997134000000000015e+04	0.000000000000000000e+00	0.000000000000000000e+00	6.393627735221412145e-01	0.000000000000000000e+00
-2.997131000000000131e+04	0.000000000000000000e+00	0.000000000000000000e+00	6.326487014374218010e-01	0.000000000000000000e+00
-2.997127999999999884e+04	0.000000000000000000e+00	0.000000000000000000e+00	6.002990813928648084e-01	0.000000000000000000e+00
-2.997125999999999840e+04	0.000000000000000000e+00	0.000000000000000000e+00	6.183050019837030842e-01	0.000000000000000000e+00
-2.997124000000000160e+04	0.000000000000000000e+00	0.000000000000000000e+00	6.237983336893826447e-01	0.000000000000000000e+00
-2.997122000000000116e+04	0.000000000000000000e+00	0.000000000000000000e+00	6.146427808465834142e-01	0.000000000000000000e+00
-2.997120000000000073e+04	0.000000000000000000e+00	0.000000000000000000e+00	6.118961149937437449e-01	0.000000000000000000e+00
-2.997118000000000029e+04	0.000000000000000000e+00	0.000000000000000000e+00	6.118961149937437449e-01	0.000000000000000000e+00
-2.997115000000000146e+04	0.000000000000000000e+00	0.000000000000000000e+00	6.115909298989837817e-01	0.000000000000000000e+00
-2.997111999999999898e+04	0.000000000000000000e+00	0.000000000000000000e+00	6.137272255623035244e-01	0.000000000000000000e+00
-2.997109000000000015e+04	0.000000000000000000e+00	0.000000000000000000e+00	6.204412976470229379e-01	0.000000000000000000e+00
-2.997106000000000131e+04	0.000000000000000000e+00	0.000000000000000000e+00	6.158635212256233782e-01	0.000000000000000000e+00
-2.997102999999999884e+04	0.000000000000000000e+00	0.000000000000000000e+00	6.094546342356639279e-01	0.000000000000000000e+00
-2.997099000000000160e+04	0.000000000000000000e+00	0.000000000000000000e+00	6.015198217719046614e-01	0.000000000000000000e+00
-2.997097000000000116e+04	0.000000000000000000e+00	0.000000000000000000e+00	5.966368602557451384e-01	0.000000000000000000e+00
-2.997095000000000073e+04	0.000000000000000000e+00	0.000000000000000000e+00	5.905331583605456514e-01	0.000000000000000000e+00
-2.997093000000000029e+04	0.000000000000000000e+00	0.000000000000000000e+00	5.929746391186254684e-01	0.000000000000000000e+00
-2.997090999999999985e+04	0.000000000000000000e+00	0.000000000000000000e+00	5.926694540238655051e-01	0.000000000000000000e+00
-2.997088999999999942e+04	0.000000000000000000e+00	0.000000000000000000e+00	5.832087160863063113e-01	0.000000000000000000e+00
-2.997086000000000058e+04	0.000000000000000000e+00	0.000000000000000000e+00	5.877864925077058711e-01	0.000000000000000000e+00
-2.997083000000000175e+04	0.000000000000000000e+00	0.000000000000000000e+00	5.990783410138248444e-01	0.000000000000000000e+00
-2.997079999999999927e+04	0.000000000000000000e+00	0.000000000000000000e+00	5.902279732657856881e-01	0.000000000000000000e+00
-2.997077999999999884e+04	0.000000000000000000e+00	0.000000000000000000e+00	5.883968626972259086e-01	0.000000000000000000e+00
-2.997077000000000044e+04	0.000000000000000000e+00	0.000000000000000000e+00	5.816827906125064951e-01	0.000000000000000000e+00
-2.997074000000000160e+04	0.000000000000000000e+00	0.000000000000000000e+00	5.798516800439466046e-01	0.000000000000000000e+00
-2.997070999999999913e+04	0.000000000000000000e+00	0.000000000000000000e+00	5.819879757072664583e-01	0.000000000000000000e+00
-2.997068000000000029e+04	0.000000000000000000e+00	0.000000000000000000e+00	5.844294564653462754e-01	0.000000000000000000e+00
-2.997065000000000146e+04	0.000000000000000000e+00	0.000000000000000000e+00	5.758842738120669713e-01	0.000000000000000000e+00
-2.997061999999999898e+04	0.000000000000000000e+00	0.000000000000000000e+00	5.737479781487472286e-01	0.000000000000000000e+00
-2.997061000000000058e+04	0.000000000000000000e+00	0.000000000000000000e+00	5.740531632435071918e-01	0.000000000000000000e+00
-2.997059000000000015e+04	0.000000000000000000e+00	0.000000000000000000e+00	5.603198339793084015e-01	0.000000000000000000e+00
-2.997056000000000131e+04	0.000000000000000000e+00	0.000000000000000000e+00	5.758842738120669713e-01	0.000000000000000000e+00
-2.997054000000000087e+04	0.000000000000000000e+00	0.000000000000000000e+00	5.609302041688284390e-01	0.000000000000000000e+00
-2.997050999999999840e+04	0.000000000000000000e+00	0.000000000000000000e+00	5.633716849269081450e-01	0.000000000000000000e+00
-2.997047999999999956e+04	0.000000000000000000e+00	0.000000000000000000e+00	5.627613147373882185e-01	0.000000000000000000e+00
-2.997045000000000073e+04	0.000000000000000000e+00	0.000000000000000000e+00	5.603198339793084015e-01	0.000000000000000000e+00
-2.997041999999999825e+04	0.000000000000000000e+00	0.000000000000000000e+00	5.627613147373882185e-01	0.000000000000000000e+00
-2.997040000000000146e+04	0.000000000000000000e+00	0.000000000000000000e+00	5.462813196203497590e-01	0.000000000000000000e+00
-2.997038000000000102e+04	0.000000000000000000e+00	0.000000000000000000e+00	5.606250190740684758e-01	0.000000000000000000e+00
-2.997034999999999854e+04	0.000000000000000000e+00	0.000000000000000000e+00	5.618457594531083288e-01	0.000000000000000000e+00
-2.997033000000000175e+04	0.000000000000000000e+00	0.000000000000000000e+00	5.627613147373882185e-01	0.000000000000000000e+00
-2.997031000000000131e+04	0.000000000000000000e+00	0.000000000000000000e+00	5.465865047151097222e-01	0.000000000000000000e+00
-2.997029000000000087e+04	0.000000000000000000e+00	0.000000000000000000e+00	5.410931730094302727e-01	0.000000000000000000e+00
-2.997025999999999840e+04	0.000000000000000000e+00	0.000000000000000000e+00	5.371257667775506395e-01	0.000000000000000000e+00
-2.997022000000000116e+04	0.000000000000000000e+00	0.000000000000000000e+00	5.298013245033112995e-01	0.000000000000000000e+00
-2.997020000000000073e+04	0.000000000000000000e+00	0.000000000000000000e+00	5.276650288399914457e-01	0.000000000000000000e+00
-2.997018000000000029e+04	0.000000000000000000e+00	0.000000000000000000e+00	5.325479903561509687e-01	0.000000000000000000e+00
-2.997015000000000146e+04	0.000000000000000000e+00	0.000000000000000000e+00	5.255287331766717029e-01	0.000000000000000000e+00
-2.997011999999999898e+04	0.000000000000000000e+00	0.000000000000000000e+00	5.258339182714316662e-01	0.000000000000000000e+00
-2.997011000000000058e+04	0.000000000000000000e+00	0.000000000000000000e+00	5.230872524185918859e-01	0.000000000000000000e+00
-2.997009000000000015e+04	0.000000000000000000e+00	0.000000000000000000e+00	5.230872524185918859e-01	0.000000000000000000e+00
-2.997006000000000131e+04	0.000000000000000000e+00	0.000000000000000000e+00	5.227820673238319227e-01	0.000000000000000000e+00
-2.997002999999999884e+04	0.000000000000000000e+00	0.000000000000000000e+00	5.230872524185918859e-01	0.000000000000000000e+00
-2.997000000000000000e+04	0.000000000000000000e+00	0.000000000000000000e+00	5.307168797875911892e-01	0.000000000000000000e+00
-2.996999000000000160e+04	0.000000000000000000e+00	0.000000000000000000e+00	5.172887356181523622e-01	0.000000000000000000e+00
-2.996997000000000116e+04	0.000000000000000000e+00	0.000000000000000000e+00	5.172887356181523622e-01	0.000000000000000000e+00
-2.996993000000000029e+04	0.000000000000000000e+00	0.000000000000000000e+00	5.175939207129124364e-01	0.000000000000000000e+00
-2.996988999999999942e+04	0.000000000000000000e+00	0.000000000000000000e+00	5.124057741019928391e-01	0.000000000000000000e+00
-2.996986000000000058e+04	0.000000000000000000e+00	0.000000000000000000e+00	5.087435529648731691e-01	0.000000000000000000e+00
-2.996984000000000015e+04	0.000000000000000000e+00	0.000000000000000000e+00	5.026398510696737931e-01	0.000000000000000000e+00
-2.996981999999999971e+04	0.000000000000000000e+00	0.000000000000000000e+00	5.011139255958738659e-01	0.000000000000000000e+00
-2.996979999999999927e+04	0.000000000000000000e+00	0.000000000000000000e+00	5.053865169225134624e-01	0.000000000000000000e+00
-2.996975999999999840e+04	0.000000000000000000e+00	0.000000000000000000e+00	5.023346659749138299e-01	0.000000000000000000e+00
-2.996972999999999956e+04	0.000000000000000000e+00	0.000000000000000000e+00	4.922635578478347096e-01	0.000000000000000000e+00
-2.996970000000000073e+04	0.000000000000000000e+00	0.000000000000000000e+00	4.986724448377941044e-01	0.000000000000000000e+00
-2.996966999999999825e+04	0.000000000000000000e+00	0.000000000000000000e+00	4.950102237006744343e-01	0.000000000000000000e+00
-2.996963999999999942e+04	0.000000000000000000e+00	0.000000000000000000e+00	5.035554063539536829e-01	0.000000000000000000e+00
-2.996959999999999854e+04	0.000000000000000000e+00	0.000000000000000000e+00	4.937894833216345813e-01	0.000000000000000000e+00
-2.996956999999999971e+04	0.000000000000000000e+00	0.000000000000000000e+00	4.922635578478347096e-01	0.000000000000000000e+00
-2.996954000000000087e+04	0.000000000000000000e+00	0.000000000000000000e+00	4.867702261421552046e-01	0.000000000000000000e+00
-2.996950999999999840e+04	0.000000000000000000e+00	0.000000000000000000e+00	4.809717093417157363e-01	0.000000000000000000e+00
-2.996949000000000160e+04	0.000000000000000000e+00	0.000000000000000000e+00	4.797509689626758833e-01	0.000000000000000000e+00
-2.996945999999999913e+04	0.000000000000000000e+00	0.000000000000000000e+00	4.757835627307962501e-01	0.000000000000000000e+00
-2.996943000000000029e+04	0.000000000000000000e+00	0.000000000000000000e+00	4.773094882045960663e-01	0.000000000000000000e+00
-2.996938999999999942e+04	0.000000000000000000e+00	0.000000000000000000e+00	4.727317117831965065e-01	0.000000000000000000e+00
-2.996936999999999898e+04	0.000000000000000000e+00	0.000000000000000000e+00	4.712057863093966348e-01	0.000000000000000000e+00
-2.996934999999999854e+04	0.000000000000000000e+00	0.000000000000000000e+00	4.739524521622364150e-01	0.000000000000000000e+00
-2.996934000000000015e+04	0.000000000000000000e+00	0.000000000000000000e+00	4.712057863093966348e-01	0.000000000000000000e+00
-2.996931999999999971e+04	0.000000000000000000e+00	0.000000000000000000e+00	4.739524521622364150e-01	0.000000000000000000e+00
-2.996929000000000087e+04	0.000000000000000000e+00	0.000000000000000000e+00	4.611346781823175700e-01	0.000000000000000000e+00
-2.996925999999999840e+04	0.000000000000000000e+00	0.000000000000000000e+00	4.611346781823175700e-01	0.000000000000000000e+00
-2.996924000000000160e+04	0.000000000000000000e+00	0.000000000000000000e+00	4.568620868556779735e-01	0.000000000000000000e+00
-2.996920999999999913e+04	0.000000000000000000e+00	0.000000000000000000e+00	4.672383800775170015e-01	0.000000000000000000e+00
-2.996920000000000073e+04	0.000000000000000000e+00	0.000000000000000000e+00	4.510635700552385052e-01	0.000000000000000000e+00
-2.996918000000000029e+04	0.000000000000000000e+00	0.000000000000000000e+00	4.522843104342784137e-01	0.000000000000000000e+00
-2.996915000000000146e+04	0.000000000000000000e+00	0.000000000000000000e+00	4.516739402447584317e-01	0.000000000000000000e+00
-2.996911999999999898e+04	0.000000000000000000e+00	0.000000000000000000e+00	4.568620868556779735e-01	0.000000000000000000e+00
-2.996909000000000015e+04	0.000000000000000000e+00	0.000000000000000000e+00	4.382457960753196602e-01	0.000000000000000000e+00
-2.996908000000000175e+04	0.000000000000000000e+00	0.000000000000000000e+00	4.565569017609180102e-01	0.000000000000000000e+00
-2.996906000000000131e+04	0.000000000000000000e+00	0.000000000000000000e+00	4.712057863093966348e-01	0.000000000000000000e+00
-2.996902999999999884e+04	0.000000000000000000e+00	0.000000000000000000e+00	4.544206060975982120e-01	0.000000000000000000e+00
-2.996899000000000160e+04	0.000000000000000000e+00	0.000000000000000000e+00	4.382457960753196602e-01	0.000000000000000000e+00
-2.996895999999999913e+04	0.000000000000000000e+00	0.000000000000000000e+00	4.385509811700796790e-01	0.000000000000000000e+00
-2.996893999999999869e+04	0.000000000000000000e+00	0.000000000000000000e+00	4.370250556962798072e-01	0.000000000000000000e+00
-2.996891999999999825e+04	0.000000000000000000e+00	0.000000000000000000e+00	4.495376445814386335e-01	0.000000000000000000e+00
-2.996890000000000146e+04	0.000000000000000000e+00	0.000000000000000000e+00	4.483169042023987805e-01	0.000000000000000000e+00
-2.996888000000000102e+04	0.000000000000000000e+00	0.000000000000000000e+00	4.403820917386394584e-01	0.000000000000000000e+00
-2.996886999999999898e+04	0.000000000000000000e+00	0.000000000000000000e+00	4.416028321176793670e-01	0.000000000000000000e+00
-2.996884999999999854e+04	0.000000000000000000e+00	0.000000000000000000e+00	4.287850581377605774e-01	0.000000000000000000e+00
-2.996881999999999971e+04	0.000000000000000000e+00	0.000000000000000000e+00	4.336680196539201004e-01	0.000000000000000000e+00
-2.996877999999999884e+04	0.000000000000000000e+00	0.000000000000000000e+00	4.318369090853602654e-01	0.000000000000000000e+00
-2.996875999999999840e+04	0.000000000000000000e+00	0.000000000000000000e+00	4.330576494644001739e-01	0.000000000000000000e+00
-2.996874000000000160e+04	0.000000000000000000e+00	0.000000000000000000e+00	4.242072817163609622e-01	0.000000000000000000e+00
-2.996870000000000073e+04	0.000000000000000000e+00	0.000000000000000000e+00	4.297006134220404672e-01	0.000000000000000000e+00
-2.996868000000000029e+04	0.000000000000000000e+00	0.000000000000000000e+00	4.272591326639607057e-01	0.000000000000000000e+00
-2.996865999999999985e+04	0.000000000000000000e+00	0.000000000000000000e+00	4.239020966216009989e-01	0.000000000000000000e+00
-2.996863999999999942e+04	0.000000000000000000e+00	0.000000000000000000e+00	4.150517288735618426e-01	0.000000000000000000e+00
-2.996861999999999898e+04	0.000000000000000000e+00	0.000000000000000000e+00	4.058961760307626676e-01	0.000000000000000000e+00
-2.996859999999999854e+04	0.000000000000000000e+00	0.000000000000000000e+00	4.019287697988830343e-01	0.000000000000000000e+00
-2.996858000000000175e+04	0.000000000000000000e+00	0.000000000000000000e+00	4.129154332102419889e-01	0.000000000000000000e+00
-2.996854000000000087e+04	0.000000000000000000e+00	0.000000000000000000e+00	4.095583971678823376e-01	0.000000000000000000e+00
-2.996850999999999840e+04	0.000000000000000000e+00	0.000000000000000000e+00	4.144413586840418606e-01	0.000000000000000000e+00
-2.996849000000000160e+04	0.000000000000000000e+00	0.000000000000000000e+00	4.132206183050020076e-01	0.000000000000000000e+00
-2.996847000000000116e+04	0.000000000000000000e+00	0.000000000000000000e+00	4.126102481154820256e-01	0.000000000000000000e+00
-2.996845000000000073e+04	0.000000000000000000e+00	0.000000000000000000e+00	4.113895077364421726e-01	0.000000000000000000e+00
-2.996843999999999869e+04	0.000000000000000000e+00	0.000000000000000000e+00	4.177983947264015674e-01	0.000000000000000000e+00
-2.996841999999999825e+04	0.000000000000000000e+00	0.000000000000000000e+00	4.040650654622028326e-01	0.000000000000000000e+00
-2.996838000000000102e+04	0.000000000000000000e+00	0.000000000000000000e+00	4.016235847041230711e-01	0.000000000000000000e+00
-2.996834999999999854e+04	0.000000000000000000e+00	0.000000000000000000e+00	4.049806207464827223e-01	0.000000000000000000e+00
-2.996833000000000175e+04	0.000000000000000000e+00	0.000000000000000000e+00	3.970458082827234558e-01	0.000000000000000000e+00
-2.996829999999999927e+04	0.000000000000000000e+00	0.000000000000000000e+00	3.900265511032441346e-01	0.000000000000000000e+00
-2.996827999999999884e+04	0.000000000000000000e+00	0.000000000000000000e+00	3.900265511032441346e-01	0.000000000000000000e+00
-2.996825999999999840e+04	0.000000000000000000e+00	0.000000000000000000e+00	3.909421063875240243e-01	0.000000000000000000e+00
-2.996822999999999956e+04	0.000000000000000000e+00	0.000000000000000000e+00	3.912472914822839876e-01	0.000000000000000000e+00
-2.996820000000000073e+04	0.000000000000000000e+00	0.000000000000000000e+00	3.967406231879634926e-01	0.000000000000000000e+00
-2.996818000000000029e+04	0.000000000000000000e+00	0.000000000000000000e+00	3.900265511032441346e-01	0.000000000000000000e+00
-2.996815999999999985e+04	0.000000000000000000e+00	0.000000000000000000e+00	3.827021088290047945e-01	0.000000000000000000e+00
-2.996813999999999942e+04	0.000000000000000000e+00	0.000000000000000000e+00	3.888058107242042261e-01	0.000000000000000000e+00
-2.996811000000000058e+04	0.000000000000000000e+00	0.000000000000000000e+00	3.796502578814050510e-01	0.000000000000000000e+00
-2.996808000000000175e+04	0.000000000000000000e+00	0.000000000000000000e+00	3.744621112704855648e-01	0.000000000000000000e+00
-2.996806999999999971e+04	0.000000000000000000e+00	0.000000000000000000e+00	3.820917386394848680e-01	0.000000000000000000e+00
-2.996804999999999927e+04	0.000000000000000000e+00	0.000000000000000000e+00	3.698843348490859495e-01	0.000000000000000000e+00
-2.996802000000000044e+04	0.000000000000000000e+00	0.000000000000000000e+00	3.830072939237647578e-01	0.000000000000000000e+00
-2.996800000000000000e+04	0.000000000000000000e+00	0.000000000000000000e+00	3.704947050386059315e-01	0.000000000000000000e+00
-2.996797000000000116e+04	0.000000000000000000e+00	0.000000000000000000e+00	3.683584093752861333e-01	0.000000000000000000e+00
-2.996795000000000073e+04	0.000000000000000000e+00	0.000000000000000000e+00	3.668324839014862615e-01	0.000000000000000000e+00
-2.996791999999999825e+04	0.000000000000000000e+00	0.000000000000000000e+00	3.753776665547654545e-01	0.000000000000000000e+00
-2.996790000000000146e+04	0.000000000000000000e+00	0.000000000000000000e+00	3.750724814600054913e-01	0.000000000000000000e+00
-2.996788000000000102e+04	0.000000000000000000e+00	0.000000000000000000e+00	3.769035920285653263e-01	0.000000000000000000e+00
-2.996786999999999898e+04	0.000000000000000000e+00	0.000000000000000000e+00	3.643910031434065000e-01	0.000000000000000000e+00
-2.996784999999999854e+04	0.000000000000000000e+00	0.000000000000000000e+00	3.659169286172063162e-01	0.000000000000000000e+00
-2.996783000000000175e+04	0.000000000000000000e+00	0.000000000000000000e+00	3.579821161534470497e-01	0.000000000000000000e+00
-2.996781000000000131e+04	0.000000000000000000e+00	0.000000000000000000e+00	3.668324839014862615e-01	0.000000000000000000e+00
-2.996779000000000087e+04	0.000000000000000000e+00	0.000000000000000000e+00	3.622547074800866462e-01	0.000000000000000000e+00
-2.996777999999999884e+04	0.000000000000000000e+00	0.000000000000000000e+00	3.643910031434065000e-01	0.000000000000000000e+00
-2.996775999999999840e+04	0.000000000000000000e+00	0.000000000000000000e+00	3.683584093752861333e-01	0.000000000000000000e+00
-2.996774000000000160e+04	0.000000000000000000e+00	0.000000000000000000e+00	3.659169286172063162e-01	0.000000000000000000e+00
-2.996772999999999956e+04	0.000000000000000000e+00	0.000000000000000000e+00	3.628650776696066282e-01	0.000000000000000000e+00
-2.996770999999999913e+04	0.000000000000000000e+00	0.000000000000000000e+00	3.540147099215674165e-01	0.000000000000000000e+00
-2.996766999999999825e+04	0.000000000000000000e+00	0.000000000000000000e+00	3.564561906796472335e-01	0.000000000000000000e+00
-2.996765000000000146e+04	0.000000000000000000e+00	0.000000000000000000e+00	3.497421185949278200e-01	0.000000000000000000e+00
-2.996763000000000102e+04	0.000000000000000000e+00	0.000000000000000000e+00	3.469954527420880952e-01	0.000000000000000000e+00
-2.996759999999999854e+04	0.000000000000000000e+00	0.000000000000000000e+00	3.476058229316080217e-01	0.000000000000000000e+00
-2.996758000000000175e+04	0.000000000000000000e+00	0.000000000000000000e+00	3.512680440687276917e-01	0.000000000000000000e+00
-2.996754999999999927e+04	0.000000000000000000e+00	0.000000000000000000e+00	3.357036042359691219e-01	0.000000000000000000e+00
-2.996752999999999884e+04	0.000000000000000000e+00	0.000000000000000000e+00	3.424176763206884799e-01	0.000000000000000000e+00
-2.996750999999999840e+04	0.000000000000000000e+00	0.000000000000000000e+00	3.427228614154484432e-01	0.000000000000000000e+00
-2.996749000000000160e+04	0.000000000000000000e+00	0.000000000000000000e+00	3.347880489516891767e-01	0.000000000000000000e+00
-2.996747000000000116e+04	0.000000000000000000e+00	0.000000000000000000e+00	3.387554551835688099e-01	0.000000000000000000e+00
-2.996745999999999913e+04	0.000000000000000000e+00	0.000000000000000000e+00	3.469954527420880952e-01	0.000000000000000000e+00
-2.996743999999999869e+04	0.000000000000000000e+00	0.000000000000000000e+00	3.408917508468886637e-01	0.000000000000000000e+00
-2.996741999999999825e+04	0.000000000000000000e+00	0.000000000000000000e+00	3.421124912259285167e-01	0.000000000000000000e+00
-2.996740999999999985e+04	0.000000000000000000e+00	0.000000000000000000e+00	3.353984191412091587e-01	0.000000000000000000e+00
-2.996738999999999942e+04	0.000000000000000000e+00	0.000000000000000000e+00	3.332621234778893604e-01	0.000000000000000000e+00
-2.996736000000000058e+04	0.000000000000000000e+00	0.000000000000000000e+00	3.256324961088900571e-01	0.000000000000000000e+00
-2.996733000000000175e+04	0.000000000000000000e+00	0.000000000000000000e+00	3.360087893307290852e-01	0.000000000000000000e+00
-2.996731999999999971e+04	0.000000000000000000e+00	0.000000000000000000e+00	3.350932340464491954e-01	0.000000000000000000e+00
-2.996729999999999927e+04	0.000000000000000000e+00	0.000000000000000000e+00	3.302102725302896169e-01	0.000000000000000000e+00
-2.996727999999999884e+04	0.000000000000000000e+00	0.000000000000000000e+00	3.222754600665303504e-01	0.000000000000000000e+00
-2.996725000000000000e+04	0.000000000000000000e+00	0.000000000000000000e+00	3.262428662984099836e-01	0.000000000000000000e+00
-2.996722999999999956e+04	0.000000000000000000e+00	0.000000000000000000e+00	3.183080538346507171e-01	0.000000000000000000e+00
-2.996720000000000073e+04	0.000000000000000000e+00	0.000000000000000000e+00	3.176976836451307906e-01	0.000000000000000000e+00
-2.996718000000000029e+04	0.000000000000000000e+00	0.000000000000000000e+00	3.259376812036500204e-01	0.000000000000000000e+00
-2.996715000000000146e+04	0.000000000000000000e+00	0.000000000000000000e+00	3.268532364879299101e-01	0.000000000000000000e+00
-2.996711999999999898e+04	0.000000000000000000e+00	0.000000000000000000e+00	3.195287942136906256e-01	0.000000000000000000e+00
-2.996709999999999854e+04	0.000000000000000000e+00	0.000000000000000000e+00	3.210547196874904419e-01	0.000000000000000000e+00
-2.996708000000000175e+04	0.000000000000000000e+00	0.000000000000000000e+00	3.036591692861720371e-01	0.000000000000000000e+00
-2.996706999999999971e+04	0.000000000000000000e+00	0.000000000000000000e+00	3.259376812036500204e-01	0.000000000000000000e+00
-2.996704999999999927e+04	0.000000000000000000e+00	0.000000000000000000e+00	3.161717581713309189e-01	0.000000000000000000e+00
-2.996702999999999884e+04	0.000000000000000000e+00	0.000000000000000000e+00	3.146458326975310471e-01	0.000000000000000000e+00
-2.996700000000000000e+04	0.000000000000000000e+00	0.000000000000000000e+00	3.234962004455702589e-01	0.000000000000000000e+00
-2.996697000000000116e+04	0.000000000000000000e+00	0.000000000000000000e+00	3.122043519394512856e-01	0.000000000000000000e+00
-2.996695000000000073e+04	0.000000000000000000e+00	0.000000000000000000e+00	3.054902798547318721e-01	0.000000000000000000e+00
-2.996693000000000029e+04	0.000000000000000000e+00	0.000000000000000000e+00	3.094576860866115053e-01	0.000000000000000000e+00
-2.996690000000000146e+04	0.000000000000000000e+00	0.000000000000000000e+00	3.073213904232917071e-01	0.000000000000000000e+00
-2.996686000000000058e+04	0.000000000000000000e+00	0.000000000000000000e+00	3.094576860866115053e-01	0.000000000000000000e+00
-2.996684000000000015e+04	0.000000000000000000e+00	0.000000000000000000e+00	2.954191717276528073e-01	0.000000000000000000e+00
-2.996681999999999971e+04	0.000000000000000000e+00	0.000000000000000000e+00	2.935880611590929723e-01	0.000000000000000000e+00
-2.996679000000000087e+04	0.000000000000000000e+00	0.000000000000000000e+00	2.963347270119327526e-01	0.000000000000000000e+00
-2.996675999999999840e+04	0.000000000000000000e+00	0.000000000000000000e+00	2.996917630542924038e-01	0.000000000000000000e+00
-2.996672999999999956e+04	0.000000000000000000e+00	0.000000000000000000e+00	2.914517654957731740e-01	0.000000000000000000e+00
-2.996670000000000073e+04	0.000000000000000000e+00	0.000000000000000000e+00	2.963347270119327526e-01	0.000000000000000000e+00
-2.996668000000000029e+04	0.000000000000000000e+00	0.000000000000000000e+00	2.926725058748130825e-01	0.000000000000000000e+00
-2.996665999999999985e+04	0.000000000000000000e+00	0.000000000000000000e+00	3.048799096652119456e-01	0.000000000000000000e+00
-2.996663999999999942e+04	0.000000000000000000e+00	0.000000000000000000e+00	3.079317606128116891e-01	0.000000000000000000e+00
-2.996661999999999898e+04	0.000000000000000000e+00	0.000000000000000000e+00	2.941984313486129543e-01	0.000000000000000000e+00
-2.996659000000000015e+04	0.000000000000000000e+00	0.000000000000000000e+00	2.902310251167333210e-01	0.000000000000000000e+00
-2.996656999999999971e+04	0.000000000000000000e+00	0.000000000000000000e+00	2.902310251167333210e-01	0.000000000000000000e+00
-2.996654999999999927e+04	0.000000000000000000e+00	0.000000000000000000e+00	2.908413953062532475e-01	0.000000000000000000e+00
-2.996652999999999884e+04	0.000000000000000000e+00	0.000000000000000000e+00	2.865688039796136510e-01	0.000000000000000000e+00
-2.996650999999999840e+04	0.000000000000000000e+00	0.000000000000000000e+00	2.832117679372539443e-01	0.000000000000000000e+00
-2.996647999999999956e+04	0.000000000000000000e+00	0.000000000000000000e+00	2.844325083162938528e-01	0.000000000000000000e+00
-2.996647000000000116e+04	0.000000000000000000e+00	0.000000000000000000e+00	2.798547318948942375e-01	0.000000000000000000e+00
-2.996643999999999869e+04	0.000000000000000000e+00	0.000000000000000000e+00	2.887050996429334493e-01	0.000000000000000000e+00
-2.996640999999999985e+04	0.000000000000000000e+00	0.000000000000000000e+00	2.725302896206549530e-01	0.000000000000000000e+00
-2.996638000000000102e+04	0.000000000000000000e+00	0.000000000000000000e+00	2.710043641468550812e-01	0.000000000000000000e+00
-2.996634000000000015e+04	0.000000000000000000e+00	0.000000000000000000e+00	2.731406598101748795e-01	0.000000000000000000e+00
-2.996631999999999971e+04	0.000000000000000000e+00	0.000000000000000000e+00	2.682576982940153010e-01	0.000000000000000000e+00
-2.996629999999999927e+04	0.000000000000000000e+00	0.000000000000000000e+00	2.673421430097354112e-01	0.000000000000000000e+00
-2.996627000000000044e+04	0.000000000000000000e+00	0.000000000000000000e+00	2.667317728202154847e-01	0.000000000000000000e+00
-2.996624000000000160e+04	0.000000000000000000e+00	0.000000000000000000e+00	2.606280709250159977e-01	0.000000000000000000e+00
-2.996620999999999913e+04	0.000000000000000000e+00	0.000000000000000000e+00	2.493362224188970522e-01	0.000000000000000000e+00
-2.996616999999999825e+04	0.000000000000000000e+00	0.000000000000000000e+00	2.566606646931363644e-01	0.000000000000000000e+00
-2.996615000000000146e+04	0.000000000000000000e+00	0.000000000000000000e+00	2.526932584612567312e-01	0.000000000000000000e+00
-2.996611999999999898e+04	0.000000000000000000e+00	0.000000000000000000e+00	2.682576982940153010e-01	0.000000000000000000e+00
-2.996609999999999854e+04	0.000000000000000000e+00	0.000000000000000000e+00	2.655110324411755762e-01	0.000000000000000000e+00
-2.996608000000000175e+04	0.000000000000000000e+00	0.000000000000000000e+00	2.630695516830958147e-01	0.000000000000000000e+00
-2.996606000000000131e+04	0.000000000000000000e+00	0.000000000000000000e+00	2.697836237678151727e-01	0.000000000000000000e+00
-2.996602999999999884e+04	0.000000000000000000e+00	0.000000000000000000e+00	2.609332560197760165e-01	0.000000000000000000e+00
-2.996600000000000000e+04	0.000000000000000000e+00	0.000000000000000000e+00	2.591021454512161815e-01	0.000000000000000000e+00
-2.996597999999999956e+04	0.000000000000000000e+00	0.000000000000000000e+00	2.597125156407361080e-01	0.000000000000000000e+00
-2.996595000000000073e+04	0.000000000000000000e+00	0.000000000000000000e+00	2.609332560197760165e-01	0.000000000000000000e+00
-2.996593000000000029e+04	0.000000000000000000e+00	0.000000000000000000e+00	2.560502945036164379e-01	0.000000000000000000e+00
-2.996590999999999985e+04	0.000000000000000000e+00	0.000000000000000000e+00	2.615436262092959430e-01	0.000000000000000000e+00
-2.996588999999999942e+04	0.000000000000000000e+00	0.000000000000000000e+00	2.578814050721762730e-01	0.000000000000000000e+00
-2.996586000000000058e+04	0.000000000000000000e+00	0.000000000000000000e+00	2.496414075136570432e-01	0.000000000000000000e+00
-2.996584999999999854e+04	0.000000000000000000e+00	0.000000000000000000e+00	2.526932584612567312e-01	0.000000000000000000e+00
-2.996583000000000175e+04	0.000000000000000000e+00	0.000000000000000000e+00	2.490310373241370889e-01	0.000000000000000000e+00
-2.996581000000000131e+04	0.000000000000000000e+00	0.000000000000000000e+00	2.584917752616961995e-01	0.000000000000000000e+00
-2.996579999999999927e+04	0.000000000000000000e+00	0.000000000000000000e+00	2.493362224188970522e-01	0.000000000000000000e+00
-2.996577000000000044e+04	0.000000000000000000e+00	0.000000000000000000e+00	2.444532609027375014e-01	0.000000000000000000e+00
-2.996572999999999956e+04	0.000000000000000000e+00	0.000000000000000000e+00	2.423169652394177032e-01	0.000000000000000000e+00
-2.996570000000000073e+04	0.000000000000000000e+00	0.000000000000000000e+00	2.389599291970580242e-01	0.000000000000000000e+00
-2.996566999999999825e+04	0.000000000000000000e+00	0.000000000000000000e+00	2.380443739127781067e-01	0.000000000000000000e+00
-2.996561999999999898e+04	0.000000000000000000e+00	0.000000000000000000e+00	2.459791863765373732e-01	0.000000000000000000e+00
-2.996559000000000015e+04	0.000000000000000000e+00	0.000000000000000000e+00	2.282784508804590051e-01	0.000000000000000000e+00
-2.996558000000000175e+04	0.000000000000000000e+00	0.000000000000000000e+00	2.285836359752189684e-01	0.000000000000000000e+00
-2.996554999999999927e+04	0.000000000000000000e+00	0.000000000000000000e+00	2.310251167332987576e-01	0.000000000000000000e+00
-2.996552000000000044e+04	0.000000000000000000e+00	0.000000000000000000e+00	2.395702993865779507e-01	0.000000000000000000e+00
-2.996550000000000000e+04	0.000000000000000000e+00	0.000000000000000000e+00	2.237006744590594176e-01	0.000000000000000000e+00
-2.996547000000000116e+04	0.000000000000000000e+00	0.000000000000000000e+00	2.270577105014191244e-01	0.000000000000000000e+00
-2.996543999999999869e+04	0.000000000000000000e+00	0.000000000000000000e+00	2.340769676808984734e-01	0.000000000000000000e+00
-2.996540999999999985e+04	0.000000000000000000e+00	0.000000000000000000e+00	2.319406720175786751e-01	0.000000000000000000e+00
-2.996538000000000102e+04	0.000000000000000000e+00	0.000000000000000000e+00	2.356028931546983174e-01	0.000000000000000000e+00
-2.996536000000000058e+04	0.000000000000000000e+00	0.000000000000000000e+00	2.255317850276192526e-01	0.000000000000000000e+00
-2.996533000000000175e+04	0.000000000000000000e+00	0.000000000000000000e+00	2.209540086062196651e-01	0.000000000000000000e+00
-2.996529000000000087e+04	0.000000000000000000e+00	0.000000000000000000e+00	2.212591937009796561e-01	0.000000000000000000e+00
-2.996525999999999840e+04	0.000000000000000000e+00	0.000000000000000000e+00	2.273628955961790876e-01	0.000000000000000000e+00
-2.996524000000000160e+04	0.000000000000000000e+00	0.000000000000000000e+00	2.166814172795800686e-01	0.000000000000000000e+00
-2.996522000000000116e+04	0.000000000000000000e+00	0.000000000000000000e+00	2.227851191747795001e-01	0.000000000000000000e+00
-2.996520000000000073e+04	0.000000000000000000e+00	0.000000000000000000e+00	2.279732657856990141e-01	0.000000000000000000e+00
-2.996515999999999985e+04	0.000000000000000000e+00	0.000000000000000000e+00	2.252265999328592894e-01	0.000000000000000000e+00
-2.996513000000000102e+04	0.000000000000000000e+00	0.000000000000000000e+00	2.175969725638599861e-01	0.000000000000000000e+00
-2.996509999999999854e+04	0.000000000000000000e+00	0.000000000000000000e+00	2.108829004791406003e-01	0.000000000000000000e+00
-2.996506999999999971e+04	0.000000000000000000e+00	0.000000000000000000e+00	2.108829004791406003e-01	0.000000000000000000e+00
-2.996504000000000087e+04	0.000000000000000000e+00	0.000000000000000000e+00	2.142399365215002793e-01	0.000000000000000000e+00
-2.996500999999999840e+04	0.000000000000000000e+00	0.000000000000000000e+00	2.114932706686605546e-01	0.000000000000000000e+00
-2.996499000000000160e+04	0.000000000000000000e+00	0.000000000000000000e+00	2.111880855739005636e-01	0.000000000000000000e+00
-2.996497000000000116e+04	0.000000000000000000e+00	0.000000000000000000e+00	2.020325327311014163e-01	0.000000000000000000e+00
-2.996493999999999869e+04	0.000000000000000000e+00	0.000000000000000000e+00	2.093569750053407286e-01	0.000000000000000000e+00
-2.996490999999999985e+04	0.000000000000000000e+00	0.000000000000000000e+00	2.041688283944212146e-01	0.000000000000000000e+00
-2.996488000000000102e+04	0.000000000000000000e+00	0.000000000000000000e+00	2.050843836787011321e-01	0.000000000000000000e+00
-2.996486000000000058e+04	0.000000000000000000e+00	0.000000000000000000e+00	2.005066072573015445e-01	0.000000000000000000e+00
-2.996481999999999971e+04	0.000000000000000000e+00	0.000000000000000000e+00	2.148503067110202336e-01	0.000000000000000000e+00
-2.996479000000000087e+04	0.000000000000000000e+00	0.000000000000000000e+00	1.995910519730216270e-01	0.000000000000000000e+00
-2.996475999999999840e+04	0.000000000000000000e+00	0.000000000000000000e+00	2.099673451948606828e-01	0.000000000000000000e+00
-2.996472999999999956e+04	0.000000000000000000e+00	0.000000000000000000e+00	2.075258644367809213e-01	0.000000000000000000e+00
-2.996470999999999913e+04	0.000000000000000000e+00	0.000000000000000000e+00	1.953184606463820305e-01	0.000000000000000000e+00
-2.996468000000000029e+04	0.000000000000000000e+00	0.000000000000000000e+00	1.977599414044618198e-01	0.000000000000000000e+00
-2.996465000000000146e+04	0.000000000000000000e+00	0.000000000000000000e+00	1.947080904568620763e-01	0.000000000000000000e+00
-2.996461999999999898e+04	0.000000000000000000e+00	0.000000000000000000e+00	1.898251289407025255e-01	0.000000000000000000e+00
-2.996459999999999854e+04	0.000000000000000000e+00	0.000000000000000000e+00	1.937925351725821588e-01	0.000000000000000000e+00
-2.996456999999999971e+04	0.000000000000000000e+00	0.000000000000000000e+00	1.965392010254219113e-01	0.000000000000000000e+00
-2.996454000000000087e+04	0.000000000000000000e+00	0.000000000000000000e+00	1.934873500778221955e-01	0.000000000000000000e+00
-2.996450999999999840e+04	0.000000000000000000e+00	0.000000000000000000e+00	1.944029053621021130e-01	0.000000000000000000e+00
-2.996447999999999956e+04	0.000000000000000000e+00	0.000000000000000000e+00	1.873836481826227640e-01	0.000000000000000000e+00
-2.996445999999999913e+04	0.000000000000000000e+00	0.000000000000000000e+00	1.898251289407025255e-01	0.000000000000000000e+00
-2.996443000000000029e+04	0.000000000000000000e+00	0.000000000000000000e+00	1.858577227088228923e-01	0.000000000000000000e+00
-2.996440999999999985e+04	0.000000000000000000e+00	0.000000000000000000e+00	1.895199438459425623e-01	0.000000000000000000e+00
-2.996438999999999942e+04	0.000000000000000000e+00	0.000000000000000000e+00	1.855525376140629290e-01	0.000000000000000000e+00
-2.996436000000000058e+04	0.000000000000000000e+00	0.000000000000000000e+00	1.834162419507431308e-01	0.000000000000000000e+00
-2.996433000000000175e+04	0.000000000000000000e+00	0.000000000000000000e+00	1.724295785393841485e-01	0.000000000000000000e+00
-2.996429999999999927e+04	0.000000000000000000e+00	0.000000000000000000e+00	1.858577227088228923e-01	0.000000000000000000e+00
-2.996425999999999840e+04	0.000000000000000000e+00	0.000000000000000000e+00	1.840266121402630572e-01	0.000000000000000000e+00
-2.996422000000000116e+04	0.000000000000000000e+00	0.000000000000000000e+00	1.840266121402630572e-01	0.000000000000000000e+00
-2.996418999999999869e+04	0.000000000000000000e+00	0.000000000000000000e+00	1.745658742027039467e-01	0.000000000000000000e+00
-2.996415000000000146e+04	0.000000000000000000e+00	0.000000000000000000e+00	1.742606891079439557e-01	0.000000000000000000e+00
-2.996411000000000058e+04	0.000000000000000000e+00	0.000000000000000000e+00	1.843317972350230483e-01	0.000000000000000000e+00
-2.996409000000000015e+04	0.000000000000000000e+00	0.000000000000000000e+00	1.690725424970244417e-01	0.000000000000000000e+00
-2.996406999999999971e+04	0.000000000000000000e+00	0.000000000000000000e+00	1.718192083498641942e-01	0.000000000000000000e+00
-2.996406000000000131e+04	0.000000000000000000e+00	0.000000000000000000e+00	1.684621723075045152e-01	0.000000000000000000e+00
-2.996402999999999884e+04	0.000000000000000000e+00	0.000000000000000000e+00	1.654103213599047717e-01	0.000000000000000000e+00
-2.996399000000000160e+04	0.000000000000000000e+00	0.000000000000000000e+00	1.684621723075045152e-01	0.000000000000000000e+00
-2.996395999999999913e+04	0.000000000000000000e+00	0.000000000000000000e+00	1.647999511703848452e-01	0.000000000000000000e+00
-2.996393000000000029e+04	0.000000000000000000e+00	0.000000000000000000e+00	1.742606891079439557e-01	0.000000000000000000e+00
-2.996390999999999985e+04	0.000000000000000000e+00	0.000000000000000000e+00	1.629688406018250102e-01	0.000000000000000000e+00
-2.996388999999999942e+04	0.000000000000000000e+00	0.000000000000000000e+00	1.657155064546647627e-01	0.000000000000000000e+00
-2.996386999999999898e+04	0.000000000000000000e+00	0.000000000000000000e+00	1.632740256965849734e-01	0.000000000000000000e+00
-2.996384000000000015e+04	0.000000000000000000e+00	0.000000000000000000e+00	1.718192083498641942e-01	0.000000000000000000e+00
-2.996381999999999971e+04	0.000000000000000000e+00	0.000000000000000000e+00	1.614429151280251384e-01	0.000000000000000000e+00
-2.996379999999999927e+04	0.000000000000000000e+00	0.000000000000000000e+00	1.733451338236640660e-01	0.000000000000000000e+00
-2.996377999999999884e+04	0.000000000000000000e+00	0.000000000000000000e+00	1.666310617389446802e-01	0.000000000000000000e+00
-2.996375999999999840e+04	0.000000000000000000e+00	0.000000000000000000e+00	1.644947660756248542e-01	0.000000000000000000e+00
-2.996374000000000160e+04	0.000000000000000000e+00	0.000000000000000000e+00	1.574755088961455052e-01	0.000000000000000000e+00
-2.996372000000000116e+04	0.000000000000000000e+00	0.000000000000000000e+00	1.568651387066255787e-01	0.000000000000000000e+00
-2.996368000000000029e+04	0.000000000000000000e+00	0.000000000000000000e+00	1.644947660756248542e-01	0.000000000000000000e+00
-2.996363999999999942e+04	0.000000000000000000e+00	0.000000000000000000e+00	1.556443983275856702e-01	0.000000000000000000e+00
-2.996361999999999898e+04	0.000000000000000000e+00	0.000000000000000000e+00	1.574755088961455052e-01	0.000000000000000000e+00
-2.996361000000000058e+04	0.000000000000000000e+00	0.000000000000000000e+00	1.507614368114261194e-01	0.000000000000000000e+00
-2.996358000000000175e+04	0.000000000000000000e+00	0.000000000000000000e+00	1.544236579485457894e-01	0.000000000000000000e+00
-2.996354999999999927e+04	0.000000000000000000e+00	0.000000000000000000e+00	1.614429151280251384e-01	0.000000000000000000e+00
-2.996352999999999884e+04	0.000000000000000000e+00	0.000000000000000000e+00	1.538132877590258629e-01	0.000000000000000000e+00
-2.996350999999999840e+04	0.000000000000000000e+00	0.000000000000000000e+00	1.477095858638264037e-01	0.000000000000000000e+00
-2.996349000000000160e+04	0.000000000000000000e+00	0.000000000000000000e+00	1.501510666219061929e-01	0.000000000000000000e+00
-2.996347000000000116e+04	0.000000000000000000e+00	0.000000000000000000e+00	1.461836603900265597e-01	0.000000000000000000e+00
-2.996343000000000029e+04	0.000000000000000000e+00	0.000000000000000000e+00	1.278725547044282373e-01	0.000000000000000000e+00
-2.996340000000000146e+04	0.000000000000000000e+00	0.000000000000000000e+00	1.397747734000671371e-01	0.000000000000000000e+00
-2.996338999999999942e+04	0.000000000000000000e+00	0.000000000000000000e+00	1.513718070009460737e-01	0.000000000000000000e+00
-2.996336000000000058e+04	0.000000000000000000e+00	0.000000000000000000e+00	1.437421796319467704e-01	0.000000000000000000e+00
-2.996334000000000015e+04	0.000000000000000000e+00	0.000000000000000000e+00	1.559495834223456612e-01	0.000000000000000000e+00
-2.996331999999999971e+04	0.000000000000000000e+00	0.000000000000000000e+00	1.504562517166661562e-01	0.000000000000000000e+00
-2.996331000000000131e+04	0.000000000000000000e+00	0.000000000000000000e+00	1.446577349162266879e-01	0.000000000000000000e+00
-2.996329000000000087e+04	0.000000000000000000e+00	0.000000000000000000e+00	1.428266243476668529e-01	0.000000000000000000e+00
-2.996325999999999840e+04	0.000000000000000000e+00	0.000000000000000000e+00	1.446577349162266879e-01	0.000000000000000000e+00
-2.996322000000000116e+04	0.000000000000000000e+00	0.000000000000000000e+00	1.516769920957060369e-01	0.000000000000000000e+00
-2.996318999999999869e+04	0.000000000000000000e+00	0.000000000000000000e+00	1.443525498214667246e-01	0.000000000000000000e+00
-2.996316999999999825e+04	0.000000000000000000e+00	0.000000000000000000e+00	1.443525498214667246e-01	0.000000000000000000e+00
-2.996315999999999985e+04	0.000000000000000000e+00	0.000000000000000000e+00	1.382488479262672931e-01	0.000000000000000000e+00
-2.996313000000000102e+04	0.000000000000000000e+00	0.000000000000000000e+00	1.431318094424268439e-01	0.000000000000000000e+00
-2.996309999999999854e+04	0.000000000000000000e+00	0.000000000000000000e+00	1.431318094424268439e-01	0.000000000000000000e+00
-2.996306999999999971e+04	0.000000000000000000e+00	0.000000000000000000e+00	1.437421796319467704e-01	0.000000000000000000e+00
-2.996304999999999927e+04	0.000000000000000000e+00	0.000000000000000000e+00	1.364177373577074581e-01	0.000000000000000000e+00
-2.996302999999999884e+04	0.000000000000000000e+00	0.000000000000000000e+00	1.394695883053071739e-01	0.000000000000000000e+00
-2.996300000000000000e+04	0.000000000000000000e+00	0.000000000000000000e+00	1.504562517166661562e-01	0.000000000000000000e+00
-2.996297000000000116e+04	0.000000000000000000e+00	0.000000000000000000e+00	1.339762565996276689e-01	0.000000000000000000e+00
-2.996295000000000073e+04	0.000000000000000000e+00	0.000000000000000000e+00	1.364177373577074581e-01	0.000000000000000000e+00
-2.996293000000000029e+04	0.000000000000000000e+00	0.000000000000000000e+00	1.358073671681875039e-01	0.000000000000000000e+00
-2.996290999999999985e+04	0.000000000000000000e+00	0.000000000000000000e+00	1.321451460310678339e-01	0.000000000000000000e+00
-2.996288999999999942e+04	0.000000000000000000e+00	0.000000000000000000e+00	1.351969969786675496e-01	0.000000000000000000e+00
-2.996286000000000058e+04	0.000000000000000000e+00	0.000000000000000000e+00	1.397747734000671371e-01	0.000000000000000000e+00
-2.996284000000000015e+04	0.000000000000000000e+00	0.000000000000000000e+00	1.382488479262672931e-01	0.000000000000000000e+00
-2.996281000000000131e+04	0.000000000000000000e+00	0.000000000000000000e+00	1.385540330210272564e-01	0.000000000000000000e+00
-2.996279000000000087e+04	0.000000000000000000e+00	0.000000000000000000e+00	1.297036652729880724e-01	0.000000000000000000e+00
-2.996277000000000044e+04	0.000000000000000000e+00	0.000000000000000000e+00	1.342814416943876599e-01	0.000000000000000000e+00
-2.996274000000000160e+04	0.000000000000000000e+00	0.000000000000000000e+00	1.342814416943876599e-01	0.000000000000000000e+00
-2.996272000000000116e+04	0.000000000000000000e+00	0.000000000000000000e+00	1.342814416943876599e-01	0.000000000000000000e+00
-2.996270999999999913e+04	0.000000000000000000e+00	0.000000000000000000e+00	1.272621845149082831e-01	0.000000000000000000e+00
-2.996268999999999869e+04	0.000000000000000000e+00	0.000000000000000000e+00	1.272621845149082831e-01	0.000000000000000000e+00
-2.996266999999999825e+04	0.000000000000000000e+00	0.000000000000000000e+00	1.367229224524674214e-01	0.000000000000000000e+00
-2.996265000000000146e+04	0.000000000000000000e+00	0.000000000000000000e+00	1.303140354625079989e-01	0.000000000000000000e+00
-2.996263999999999942e+04	0.000000000000000000e+00	0.000000000000000000e+00	1.101718192083498693e-01	0.000000000000000000e+00
-2.996261999999999898e+04	0.000000000000000000e+00	0.000000000000000000e+00	1.220740379039887691e-01	0.000000000000000000e+00
-2.996259999999999854e+04	0.000000000000000000e+00	0.000000000000000000e+00	1.321451460310678339e-01	0.000000000000000000e+00
-2.996258000000000175e+04	0.000000000000000000e+00	0.000000000000000000e+00	1.364177373577074581e-01	0.000000000000000000e+00
-2.996256000000000131e+04	0.000000000000000000e+00	0.000000000000000000e+00	1.251258888515884848e-01	0.000000000000000000e+00
-2.996252999999999884e+04	0.000000000000000000e+00	0.000000000000000000e+00	1.257362590411084391e-01	0.000000000000000000e+00
-2.996250999999999840e+04	0.000000000000000000e+00	0.000000000000000000e+00	1.257362590411084391e-01	0.000000000000000000e+00
-2.996247999999999956e+04	0.000000000000000000e+00	0.000000000000000000e+00	1.174962614825891954e-01	0.000000000000000000e+00
-2.996245000000000073e+04	0.000000000000000000e+00	0.000000000000000000e+00	1.281777397991882006e-01	0.000000000000000000e+00
-2.996241999999999825e+04	0.000000000000000000e+00	0.000000000000000000e+00	1.138340403454695254e-01	0.000000000000000000e+00
-2.996240999999999985e+04	0.000000000000000000e+00	0.000000000000000000e+00	1.141392254402295026e-01	0.000000000000000000e+00
-2.996238000000000102e+04	0.000000000000000000e+00	0.000000000000000000e+00	1.138340403454695254e-01	0.000000000000000000e+00
-2.996236000000000058e+04	0.000000000000000000e+00	0.000000000000000000e+00	1.153599658192693833e-01	0.000000000000000000e+00
-2.996233000000000175e+04	0.000000000000000000e+00	0.000000000000000000e+00	1.138340403454695254e-01	0.000000000000000000e+00
-2.996229999999999927e+04	0.000000000000000000e+00	0.000000000000000000e+00	1.174962614825891954e-01	0.000000000000000000e+00
-2.996227000000000044e+04	0.000000000000000000e+00	0.000000000000000000e+00	1.156651509140293604e-01	0.000000000000000000e+00
-2.996224000000000160e+04	0.000000000000000000e+00	0.000000000000000000e+00	1.278725547044282373e-01	0.000000000000000000e+00
-2.996222000000000116e+04	0.000000000000000000e+00	0.000000000000000000e+00	1.416058839686269721e-01	0.000000000000000000e+00
-2.996220000000000073e+04	0.000000000000000000e+00	0.000000000000000000e+00	1.306192205572679899e-01	0.000000000000000000e+00
-2.996218000000000029e+04	0.000000000000000000e+00	0.000000000000000000e+00	1.156651509140293604e-01	0.000000000000000000e+00
-2.996215999999999985e+04	0.000000000000000000e+00	0.000000000000000000e+00	1.147495956297494429e-01	0.000000000000000000e+00
-2.996213999999999942e+04	0.000000000000000000e+00	0.000000000000000000e+00	1.162755211035493008e-01	0.000000000000000000e+00
-2.996211999999999898e+04	0.000000000000000000e+00	0.000000000000000000e+00	1.129184850611896079e-01	0.000000000000000000e+00
-2.996209999999999854e+04	0.000000000000000000e+00	0.000000000000000000e+00	1.165807061983092779e-01	0.000000000000000000e+00
-2.996208000000000175e+04	0.000000000000000000e+00	0.000000000000000000e+00	1.083407086397900343e-01	0.000000000000000000e+00
-2.996206000000000131e+04	0.000000000000000000e+00	0.000000000000000000e+00	1.159703360087893376e-01	0.000000000000000000e+00
-2.996204999999999927e+04	0.000000000000000000e+00	0.000000000000000000e+00	1.153599658192693833e-01	0.000000000000000000e+00
-2.996202999999999884e+04	0.000000000000000000e+00	0.000000000000000000e+00	1.165807061983092779e-01	0.000000000000000000e+00
-2.996200999999999840e+04	0.000000000000000000e+00	0.000000000000000000e+00	1.092562639240699518e-01	0.000000000000000000e+00
-2.996197999999999956e+04	0.000000000000000000e+00	0.000000000000000000e+00	1.092562639240699518e-01	0.000000000000000000e+00
-2.996195000000000073e+04	0.000000000000000000e+00	0.000000000000000000e+00	1.086458937345500114e-01	0.000000000000000000e+00
-2.996193000000000029e+04	0.000000000000000000e+00	0.000000000000000000e+00	1.046784875026703643e-01	0.000000000000000000e+00
-2.996190999999999985e+04	0.000000000000000000e+00	0.000000000000000000e+00	1.043733024079104010e-01	0.000000000000000000e+00
-2.996188000000000102e+04	0.000000000000000000e+00	0.000000000000000000e+00	1.062044129764702360e-01	0.000000000000000000e+00
-2.996184000000000015e+04	0.000000000000000000e+00	0.000000000000000000e+00	1.077303384502700939e-01	0.000000000000000000e+00
-2.996181000000000131e+04	0.000000000000000000e+00	0.000000000000000000e+00	9.308145390179144163e-02	0.000000000000000000e+00
-2.996179000000000087e+04	0.000000000000000000e+00	0.000000000000000000e+00	1.010162663655507082e-01	0.000000000000000000e+00
-2.996177000000000044e+04	0.000000000000000000e+00	0.000000000000000000e+00	1.080355235450300572e-01	0.000000000000000000e+00
-2.996175000000000000e+04	0.000000000000000000e+00	0.000000000000000000e+00	1.077303384502700939e-01	0.000000000000000000e+00
-2.996172000000000116e+04	0.000000000000000000e+00	0.000000000000000000e+00	1.001007110812707906e-01	0.000000000000000000e+00
-2.996168999999999869e+04	0.000000000000000000e+00	0.000000000000000000e+00	1.031525620288705064e-01	0.000000000000000000e+00
-2.996165999999999985e+04	0.000000000000000000e+00	0.000000000000000000e+00	9.735404522843103814e-02	0.000000000000000000e+00
-2.996163000000000102e+04	0.000000000000000000e+00	0.000000000000000000e+00	1.007110812707907310e-01	0.000000000000000000e+00
-2.996159999999999854e+04	0.000000000000000000e+00	0.000000000000000000e+00	1.001007110812707906e-01	0.000000000000000000e+00
-2.996156999999999971e+04	0.000000000000000000e+00	0.000000000000000000e+00	1.086458937345500114e-01	0.000000000000000000e+00
-2.996154000000000087e+04	0.000000000000000000e+00	0.000000000000000000e+00	1.031525620288705064e-01	0.000000000000000000e+00
-2.996152999999999884e+04	0.000000000000000000e+00	0.000000000000000000e+00	1.068147831659901764e-01	0.000000000000000000e+00
-2.996150999999999840e+04	0.000000000000000000e+00	0.000000000000000000e+00	1.138340403454695254e-01	0.000000000000000000e+00
-2.996147999999999956e+04	0.000000000000000000e+00	0.000000000000000000e+00	1.007110812707907310e-01	0.000000000000000000e+00
-2.996145999999999913e+04	0.000000000000000000e+00	0.000000000000000000e+00	1.095614490188299150e-01	0.000000000000000000e+00
-2.996143999999999869e+04	0.000000000000000000e+00	0.000000000000000000e+00	9.765923032319101527e-02	0.000000000000000000e+00
-2.996140999999999985e+04	0.000000000000000000e+00	0.000000000000000000e+00	9.826960051271095564e-02	0.000000000000000000e+00
-2.996138999999999942e+04	0.000000000000000000e+00	0.000000000000000000e+00	1.123081148716696676e-01	0.000000000000000000e+00
-2.996136999999999898e+04	0.000000000000000000e+00	0.000000000000000000e+00	1.077303384502700939e-01	0.000000000000000000e+00
-2.996134000000000015e+04	0.000000000000000000e+00	0.000000000000000000e+00	9.918515579699087314e-02	0.000000000000000000e+00
-2.996131999999999971e+04	0.000000000000000000e+00	0.000000000000000000e+00	9.399700918607135913e-02	0.000000000000000000e+00
-2.996129000000000087e+04	0.000000000000000000e+00	0.000000000000000000e+00	1.034577471236304835e-01	0.000000000000000000e+00
-2.996127000000000044e+04	0.000000000000000000e+00	0.000000000000000000e+00	1.019318216498306257e-01	0.000000000000000000e+00
-2.996125000000000000e+04	0.000000000000000000e+00	0.000000000000000000e+00	9.918515579699087314e-02	0.000000000000000000e+00
-2.996124000000000160e+04	0.000000000000000000e+00	0.000000000000000000e+00	1.010162663655507082e-01	0.000000000000000000e+00
-2.996120999999999913e+04	0.000000000000000000e+00	0.000000000000000000e+00	9.674367503891109776e-02	0.000000000000000000e+00
-2.996118999999999869e+04	0.000000000000000000e+00	0.000000000000000000e+00	9.308145390179144163e-02	0.000000000000000000e+00
