# Profile: 030
# Date: 2026-08-03 14:01:28
# Center X: -24948.670 um
# Center Z: -29982.790 um
# Scan axis: x2
# Profile axis: z2
# Profile range: 50 um
# Profile speed: 25 um/s
# 
# main_position	sub1_position	sub2_position	signal1	signal2
0.000000000000000000e+00	0.000000000000000000e+00	0.000000000000000000e+00	0.000000000000000000e+00	0.000000000000000000e+00
0.000000000000000000e+00	0.000000000000000000e+00	0.000000000000000000e+00	0.000000000000000000e+00	0.000000000000000000e+00
0.000000000000000000e+00	0.000000000000000000e+00	0.000000000000000000e+00	0.000000000000000000e+00	0.000000000000000000e+00
0.000000000000000000e+00	0.000000000000000000e+00	0.000000000000000000e+00	0.000000000000000000e+00	0.000000000000000000e+00
0.000000000000000000e+00	0.000000000000000000e+00	0.000000000000000000e+00	0.000000000000000000e+00	0.000000000000000000e+00
0.000000000000000000e+00	0.000000000000000000e+00	0.000000000000000000e+00	0.000000000000000000e+00	0.000000000000000000e+00
0.000000000000000000e+00	0.000000000000000000e+00	0.000000000000000000e+00	0.000000000000000000e+00	0.000000000000000000e+00
0.000000000000000000e+00	0.000000000000000000e+00	0.000000000000000000e+00	0.000000000000000000e+00	0.000000000000000000e+00
0.000000000000000000e+00	0.000000000000000000e+00	0.000000000000000000e+00	0.000000000000000000e+00	0.000000000000000000e+00
0.000000000000000000e+00	0.000000000000000000e+00	0.000000000000000000e+00	0.000000000000000000e+00	0.000000000000000000e+00
0.000000000000000000e+00	0.000000000000000000e+00	0.000000000000000000e+00	0.000000000000000000e+00	0.000000000000000000e+00
0.000000000000000000e+00	0.000000000000000000e+00	0.000000000000000000e+00	0.000000000000000000e+00	0.000000000000000000e+00
0.000000000000000000e+00	0.000000000000000000e+00	0.000000000000000000e+00	0.000000000000000000e+00	0.000000000000000000e+00
0.000000000000000000e+00	0.000000000000000000e+00	0.000000000000000000e+00	0.000000000000000000e+00	0.000000000000000000e+00
0.000000000000000000e+00	0.000000000000000000e+00	0.000000000000000000e+00	0.000000000000000000e+00	0.000000000000000000e+00
0.000000000000000000e+00	0.000000000000000000e+00	0.000000000000000000e+00	0.000000000000000000e+00	0.000000000000000000e+00
0.000000000000000000e+00	0.000000000000000000e+00	0.000000000000000000e+00	0.000000000000000000e+00	0.000000000000000000e+00
0.000000000000000000e+00	0.000000000000000000e+00	0.000000000000000000e+00	0.000000000000000000e+00	0.000000000000000000e+00
0.000000000000000000e+00	0.000000000000000000e+00	0.000000000000000000e+00	0.000000000000000000e+00	0.000000000000000000e+00
0.000000000000000000e+00	0.000000000000000000e+00	0.000000000000000000e+00	0.000000000000000000e+00	0.000000000000000000e+00
0.000000000000000000e+00	0.000000000000000000e+00	0.000000000000000000e+00	0.000000000000000000e+00	0.000000000000000000e+00
0.000000000000000000e+00	0.000000000000000000e+00	0.000000000000000000e+00	0.000000000000000000e+00	0.000000000000000000e+00
0.000000000000000000e+00	0.000000000000000000e+00	0.000000000000000000e+00	0.000000000000000000e+00	0.000000000000000000e+00
0.000000000000000000e+00	0.000000000000000000e+00	0.000000000000000000e+00	0.000000000000000000e+00	0.000000000000000000e+00
0.000000000000000000e+00	0.000000000000000000e+00	0.000000000000000000e+00	0.000000000000000000e+00	0.000000000000000000e+00
0.000000000000000000e+00	0.000000000000000000e+00	0.000000000000000000e+00	0.000000000000000000e+00	0.000000000000000000e+00
0.000000000000000000e+00	0.000000000000000000e+00	0.000000000000000000e+00	0.000000000000000000e+00	0.000000000000000000e+00
0.000000000000000000e+00	0.000000000000000000e+00	0.000000000000000000e+00	0.000000000000000000e+00	0.000000000000000000e+00
0.000000000000000000e+00	0.000000000000000000e+00	0.000000000000000000e+00	0.000000000000000000e+00	0.000000000000000000e+00
0.000000000000000000e+00	0.000000000000000000e+00	0.000000000000000000e+00	0.000000000000000000e+00	0.000000000000000000e+00
0.000000000000000000e+00	0.000000000000000000e+00	0.000000000000000000e+00	0.000000000000000000e+00	0.000000000000000000e+00
0.000000000000000000e+00	0.000000000000000000e+00	0.000000000000000000e+00	0.000000000000000000e+00	0.000000000000000000e+00
0.000000000000000000e+00	0.000000000000000000e+00	0.000000000000000000e+00	0.000000000000000000e+00	0.000000000000000000e+00
0.000000000000000000e+00	0.000000000000000000e+00	0.000000000000000000e+00	0.000000000000000000e+00	0.000000000000000000e+00
0.000000000000000000e+00	0.000000000000000000e+00	0.000000000000000000e+00	0.000000000000000000e+00	0.000000000000000000e+00
0.000000000000000000e+00	0.000000000000000000e+00	0.000000000000000000e+00	0.000000000000000000e+00	0.000000000000000000e+00
0.000000000000000000e+00	0.000000000000000000e+00	0.000000000000000000e+00	0.000000000000000000e+00	0.000000000000000000e+00
0.000000000000000000e+00	0.000000000000000000e+00	0.000000000000000000e+00	0.000000000000000000e+00	0.000000000000000000e+00
0.000000000000000000e+00	0.000000000000000000e+00	0.000000000000000000e+00	0.000000000000000000e+00	0.000000000000000000e+00
0.000000000000000000e+00	0.000000000000000000e+00	0.000000000000000000e+00	0.000000000000000000e+00	0.000000000000000000e+00
0.000000000000000000e+00	0.000000000000000000e+00	0.000000000000000000e+00	0.000000000000000000e+00	0.000000000000000000e+00
0.000000000000000000e+00	0.000000000000000000e+00	0.000000000000000000e+00	0.000000000000000000e+00	0.000000000000000000e+00
0.000000000000000000e+00	0.000000000000000000e+00	0.000000000000000000e+00	0.000000000000000000e+00	0.000000000000000000e+00
0.000000000000000000e+00	0.000000000000000000e+00	0.000000000000000000e+00	0.000000000000000000e+00	0.000000000000000000e+00
0.000000000000000000e+00	0.000000000000000000e+00	0.000000000000000000e+00	0.000000000000000000e+00	0.000000000000000000e+00
0.000000000000000000e+00	0.000000000000000000e+00	0.000000000000000000e+00	0.000000000000000000e+00	0.000000000000000000e+00
0.000000000000000000e+00	0.000000000000000000e+00	0.000000000000000000e+00	0.000000000000000000e+00	0.000000000000000000e+00
0.000000000000000000e+00	0.000000000000000000e+00	0.000000000000000000e+00	0.000000000000000000e+00	0.000000000000000000e+00
0.000000000000000000e+00	0.000000000000000000e+00	0.000000000000000000e+00	0.000000000000000000e+00	0.000000000000000000e+00
0.000000000000000000e+00	0.000000000000000000e+00	0.000000000000000000e+00	0.000000000000000000e+00	0.000000000000000000e+00
0.000000000000000000e+00	0.000000000000000000e+00	0.000000000000000000e+00	0.000000000000000000e+00	0.000000000000000000e+00
0.000000000000000000e+00	0.000000000000000000e+00	0.000000000000000000e+00	0.000000000000000000e+00	0.000000000000000000e+00
0.000000000000000000e+00	0.000000000000000000e+00	0.000000000000000000e+00	0.000000000000000000e+00	0.000000000000000000e+00
0.000000000000000000e+00	0.000000000000000000e+00	0.000000000000000000e+00	0.000000000000000000e+00	0.000000000000000000e+00
0.000000000000000000e+00	0.000000000000000000e+00	0.000000000000000000e+00	0.000000000000000000e+00	0.000000000000000000e+00
0.000000000000000000e+00	0.000000000000000000e+00	0.000000000000000000e+00	0.000000000000000000e+00	0.000000000000000000e+00
0.000000000000000000e+00	0.000000000000000000e+00	0.000000000000000000e+00	0.000000000000000000e+00	0.000000000000000000e+00
0.000000000000000000e+00	0.000000000000000000e+00	0.000000000000000000e+00	0.000000000000000000e+00	0.000000000000000000e+00
0.000000000000000000e+00	0.000000000000000000e+00	0.000000000000000000e+00	0.000000000000000000e+00	0.000000000000000000e+00
0.000000000000000000e+00	0.000000000000000000e+00	0.000000000000000000e+00	0.000000000000000000e+00	0.000000000000000000e+00
0.000000000000000000e+00	0.000000000000000000e+00	0.000000000000000000e+00	0.000000000000000000e+00	0.000000000000000000e+00
0.000000000000000000e+00	0.000000000000000000e+00	0.000000000000000000e+00	0.000000000000000000e+00	0.000000000000000000e+00
0.000000000000000000e+00	0.000000000000000000e+00	0.000000000000000000e+00	0.000000000000000000e+00	0.000000000000000000e+00
0.000000000000000000e+00	0.000000000000000000e+00	0.000000000000000000e+00	0.000000000000000000e+00	0.000000000000000000e+00
0.000000000000000000e+00	0.000000000000000000e+00	0.000000000000000000e+00	0.000000000000000000e+00	0.000000000000000000e+00
0.000000000000000000e+00	0.000000000000000000e+00	0.000000000000000000e+00	0.000000000000000000e+00	0.000000000000000000e+00
0.000000000000000000e+00	0.000000000000000000e+00	0.000000000000000000e+00	0.000000000000000000e+00	0.000000000000000000e+00
0.000000000000000000e+00	0.000000000000000000e+00	0.000000000000000000e+00	0.000000000000000000e+00	0.000000000000000000e+00
0.000000000000000000e+00	0.000000000000000000e+00	0.000000000000000000e+00	0.000000000000000000e+00	0.000000000000000000e+00
0.000000000000000000e+00	0.000000000000000000e+00	0.000000000000000000e+00	0.000000000000000000e+00	0.000000000000000000e+00
0.000000000000000000e+00	0.000000000000000000e+00	0.000000000000000000e+00	0.000000000000000000e+00	0.000000000000000000e+00
0.000000000000000000e+00	0.000000000000000000e+00	0.000000000000000000e+00	0.000000000000000000e+00	0.000000000000000000e+00
0.000000000000000000e+00	0.000000000000000000e+00	0.000000000000000000e+00	0.000000000000000000e+00	0.000000000000000000e+00
0.000000000000000000e+00	0.000000000000000000e+00	0.000000000000000000e+00	0.000000000000000000e+00	0.000000000000000000e+00
0.000000000000000000e+00	0.000000000000000000e+00	0.000000000000000000e+00	0.000000000000000000e+00	0.000000000000000000e+00
0.000000000000000000e+00	0.000000000000000000e+00	0.000000000000000000e+00	0.000000000000000000e+00	0.000000000000000000e+00
0.000000000000000000e+00	0.000000000000000000e+00	0.000000000000000000e+00	0.000000000000000000e+00	0.000000000000000000e+00
0.000000000000000000e+00	0.000000000000000000e+00	0.000000000000000000e+00	0.000000000000000000e+00	0.000000000000000000e+00
0.000000000000000000e+00	0.000000000000000000e+00	0.000000000000000000e+00	0.000000000000000000e+00	0.000000000000000000e+00
0.000000000000000000e+00	0.000000000000000000e+00	0.000000000000000000e+00	0.000000000000000000e+00	0.000000000000000000e+00
0.000000000000000000e+00	0.000000000000000000e+00	0.000000000000000000e+00	0.000000000000000000e+00	0.000000000000000000e+00
0.000000000000000000e+00	0.000000000000000000e+00	0.000000000000000000e+00	0.000000000000000000e+00	0.000000000000000000e+00
0.000000000000000000e+00	0.000000000000000000e+00	0.000000000000000000e+00	0.000000000000000000e+00	0.000000000000000000e+00
0.000000000000000000e+00	0.000000000000000000e+00	0.000000000000000000e+00	0.000000000000000000e+00	0.000000000000000000e+00
0.000000000000000000e+00	0.000000000000000000e+00	0.000000000000000000e+00	0.000000000000000000e+00	0.000000000000000000e+00
0.000000000000000000e+00	0.000000000000000000e+00	0.000000000000000000e+00	0.000000000000000000e+00	0.000000000000000000e+00
0.000000000000000000e+00	0.000000000000000000e+00	0.000000000000000000e+00	0.000000000000000000e+00	0.000000000000000000e+00
0.000000000000000000e+00	0.000000000000000000e+00	0.000000000000000000e+00	0.000000000000000000e+00	0.000000000000000000e+00
0.000000000000000000e+00	0.000000000000000000e+00	0.000000000000000000e+00	0.000000000000000000e+00	0.000000000000000000e+00
0.000000000000000000e+00	0.000000000000000000e+00	0.000000000000000000e+00	0.000000000000000000e+00	0.000000000000000000e+00
0.000000000000000000e+00	0.000000000000000000e+00	0.000000000000000000e+00	0.000000000000000000e+00	0.000000000000000000e+00
0.000000000000000000e+00	0.000000000000000000e+00	0.000000000000000000e+00	0.000000000000000000e+00	0.000000000000000000e+00
0.000000000000000000e+00	0.000000000000000000e+00	0.000000000000000000e+00	0.000000000000000000e+00	0.000000000000000000e+00
0.000000000000000000e+00	0.000000000000000000e+00	0.000000000000000000e+00	0.000000000000000000e+00	0.000000000000000000e+00
0.000000000000000000e+00	0.000000000000000000e+00	0.000000000000000000e+00	0.000000000000000000e+00	0.000000000000000000e+00
0.000000000000000000e+00	0.000000000000000000e+00	0.000000000000000000e+00	0.000000000000000000e+00	0.000000000000000000e+00
0.000000000000000000e+00	0.000000000000000000e+00	0.000000000000000000e+00	0.000000000000000000e+00	0.000000000000000000e+00
0.000000000000000000e+00	0.000000000000000000e+00	0.000000000000000000e+00	0.000000000000000000e+00	0.000000000000000000e+00
0.000000000000000000e+00	0.000000000000000000e+00	0.000000000000000000e+00	0.000000000000000000e+00	0.000000000000000000e+00
0.000000000000000000e+00	0.000000000000000000e+00	0.000000000000000000e+00	0.000000000000000000e+00	0.000000000000000000e+00
0.000000000000000000e+00	0.000000000000000000e+00	0.000000000000000000e+00	0.000000000000000000e+00	0.000000000000000000e+00
0.000000000000000000e+00	0.000000000000000000e+00	0.000000000000000000e+00	0.000000000000000000e+00	0.000000000000000000e+00
0.000000000000000000e+00	0.000000000000000000e+00	0.000000000000000000e+00	0.000000000000000000e+00	0.000000000000000000e+00
0.000000000000000000e+00	0.000000000000000000e+00	0.000000000000000000e+00	0.000000000000000000e+00	0.000000000000000000e+00
0.000000000000000000e+00	0.000000000000000000e+00	0.000000000000000000e+00	0.000000000000000000e+00	0.000000000000000000e+00
0.000000000000000000e+00	0.000000000000000000e+00	0.000000000000000000e+00	0.000000000000000000e+00	0.000000000000000000e+00
0.000000000000000000e+00	0.000000000000000000e+00	0.000000000000000000e+00	0.000000000000000000e+00	0.000000000000000000e+00
0.000000000000000000e+00	0.000000000000000000e+00	0.000000000000000000e+00	0.000000000000000000e+00	0.000000000000000000e+00
0.000000000000000000e+00	0.000000000000000000e+00	0.000000000000000000e+00	0.000000000000000000e+00	0.000000000000000000e+00
0.000000000000000000e+00	0.000000000000000000e+00	0.000000000000000000e+00	0.000000000000000000e+00	0.000000000000000000e+00
0.000000000000000000e+00	0.000000000000000000e+00	0.000000000000000000e+00	0.000000000000000000e+00	0.000000000000000000e+00
0.000000000000000000e+00	0.000000000000000000e+00	0.000000000000000000e+00	0.000000000000000000e+00	0.000000000000000000e+00
0.000000000000000000e+00	0.000000000000000000e+00	0.000000000000000000e+00	0.000000000000000000e+00	0.000000000000000000e+00
0.000000000000000000e+00	0.000000000000000000e+00	0.000000000000000000e+00	0.000000000000000000e+00	0.000000000000000000e+00
0.000000000000000000e+00	0.000000000000000000e+00	0.000000000000000000e+00	0.000000000000000000e+00	0.000000000000000000e+00
0.000000000000000000e+00	0.000000000000000000e+00	0.000000000000000000e+00	0.000000000000000000e+00	0.000000000000000000e+00
0.000000000000000000e+00	0.000000000000000000e+00	0.000000000000000000e+00	0.000000000000000000e+00	0.000000000000000000e+00
0.000000000000000000e+00	0.000000000000000000e+00	0.000000000000000000e+00	0.000000000000000000e+00	0.000000000000000000e+00
0.000000000000000000e+00	0.000000000000000000e+00	0.000000000000000000e+00	0.000000000000000000e+00	0.000000000000000000e+00
0.000000000000000000e+00	0.000000000000000000e+00	0.000000000000000000e+00	0.000000000000000000e+00	0.000000000000000000e+00
0.000000000000000000e+00	0.000000000000000000e+00	0.000000000000000000e+00	0.000000000000000000e+00	0.000000000000000000e+00
0.000000000000000000e+00	0.000000000000000000e+00	0.000000000000000000e+00	0.000000000000000000e+00	0.000000000000000000e+00
0.000000000000000000e+00	0.000000000000000000e+00	0.000000000000000000e+00	0.000000000000000000e+00	0.000000000000000000e+00
0.000000000000000000e+00	0.000000000000000000e+00	0.000000000000000000e+00	0.000000000000000000e+00	0.000000000000000000e+00
0.000000000000000000e+00	0.000000000000000000e+00	0.000000000000000000e+00	0.000000000000000000e+00	0.000000000000000000e+00
0.000000000000000000e+00	0.000000000000000000e+00	0.000000000000000000e+00	0.000000000000000000e+00	0.000000000000000000e+00
0.000000000000000000e+00	0.000000000000000000e+00	0.000000000000000000e+00	0.000000000000000000e+00	0.000000000000000000e+00
0.000000000000000000e+00	0.000000000000000000e+00	0.000000000000000000e+00	0.000000000000000000e+00	0.000000000000000000e+00
0.000000000000000000e+00	0.000000000000000000e+00	0.000000000000000000e+00	0.000000000000000000e+00	0.000000000000000000e+00
0.000000000000000000e+00	0.000000000000000000e+00	0.000000000000000000e+00	0.000000000000000000e+00	0.000000000000000000e+00
0.000000000000000000e+00	0.000000000000000000e+00	0.000000000000000000e+00	0.000000000000000000e+00	0.000000000000000000e+00
0.000000000000000000e+00	0.000000000000000000e+00	0.000000000000000000e+00	0.000000000000000000e+00	0.000000000000000000e+00
0.000000000000000000e+00	0.000000000000000000e+00	0.000000000000000000e+00	0.000000000000000000e+00	0.000000000000000000e+00
0.000000000000000000e+00	0.000000000000000000e+00	0.000000000000000000e+00	0.000000000000000000e+00	0.000000000000000000e+00
0.000000000000000000e+00	0.000000000000000000e+00	0.000000000000000000e+00	0.000000000000000000e+00	0.000000000000000000e+00
0.000000000000000000e+00	0.000000000000000000e+00	0.000000000000000000e+00	0.000000000000000000e+00	0.000000000000000000e+00
0.000000000000000000e+00	0.000000000000000000e+00	0.000000000000000000e+00	0.000000000000000000e+00	0.000000000000000000e+00
0.000000000000000000e+00	0.000000000000000000e+00	0.000000000000000000e+00	0.000000000000000000e+00	0.000000000000000000e+00
0.000000000000000000e+00	0.000000000000000000e+00	0.000000000000000000e+00	0.000000000000000000e+00	0.000000000000000000e+00
0.000000000000000000e+00	0.000000000000000000e+00	0.000000000000000000e+00	0.000000000000000000e+00	0.000000000000000000e+00
0.000000000000000000e+00	0.000000000000000000e+00	0.000000000000000000e+00	0.000000000000000000e+00	0.000000000000000000e+00
0.000000000000000000e+00	0.000000000000000000e+00	0.000000000000000000e+00	0.000000000000000000e+00	0.000000000000000000e+00
0.000000000000000000e+00	0.000000000000000000e+00	0.000000000000000000e+00	0.000000000000000000e+00	0.000000000000000000e+00
0.000000000000000000e+00	0.000000000000000000e+00	0.000000000000000000e+00	0.000000000000000000e+00	0.000000000000000000e+00
0.000000000000000000e+00	0.000000000000000000e+00	0.000000000000000000e+00	0.000000000000000000e+00	0.000000000000000000e+00
0.000000000000000000e+00	0.000000000000000000e+00	0.000000000000000000e+00	0.000000000000000000e+00	0.000000000000000000e+00
0.000000000000000000e+00	0.000000000000000000e+00	0.000000000000000000e+00	0.000000000000000000e+00	0.000000000000000000e+00
0.000000000000000000e+00	0.000000000000000000e+00	0.000000000000000000e+00	0.000000000000000000e+00	0.000000000000000000e+00
0.000000000000000000e+00	0.000000000000000000e+00	0.000000000000000000e+00	0.000000000000000000e+00	0.000000000000000000e+00
0.000000000000000000e+00	0.000000000000000000e+00	0.000000000000000000e+00	0.000000000000000000e+00	0.000000000000000000e+00
0.000000000000000000e+00	0.000000000000000000e+00	0.000000000000000000e+00	0.000000000000000000e+00	0.000000000000000000e+00
0.000000000000000000e+00	0.000000000000000000e+00	0.000000000000000000e+00	0.000000000000000000e+00	0.000000000000000000e+00
0.000000000000000000e+00	0.000000000000000000e+00	0.000000000000000000e+00	0.000000000000000000e+00	0.000000000000000000e+00
0.000000000000000000e+00	0.000000000000000000e+00	0.000000000000000000e+00	0.000000000000000000e+00	0.000000000000000000e+00
0.000000000000000000e+00	0.000000000000000000e+00	0.000000000000000000e+00	0.000000000000000000e+00	0.000000000000000000e+00
0.000000000000000000e+00	0.000000000000000000e+00	0.000000000000000000e+00	0.000000000000000000e+00	0.000000000000000000e+00
0.000000000000000000e+00	0.000000000000000000e+00	0.000000000000000000e+00	0.000000000000000000e+00	0.000000000000000000e+00
0.000000000000000000e+00	0.000000000000000000e+00	0.000000000000000000e+00	0.000000000000000000e+00	0.000000000000000000e+00
0.000000000000000000e+00	0.000000000000000000e+00	0.000000000000000000e+00	0.000000000000000000e+00	0.000000000000000000e+00
0.000000000000000000e+00	0.000000000000000000e+00	0.000000000000000000e+00	0.000000000000000000e+00	0.000000000000000000e+00
0.000000000000000000e+00	0.000000000000000000e+00	0.000000000000000000e+00	0.000000000000000000e+00	0.000000000000000000e+00
0.000000000000000000e+00	0.000000000000000000e+00	0.000000000000000000e+00	0.000000000000000000e+00	0.000000000000000000e+00
0.000000000000000000e+00	0.000000000000000000e+00	0.000000000000000000e+00	0.000000000000000000e+00	0.000000000000000000e+00
0.000000000000000000e+00	0.000000000000000000e+00	0.000000000000000000e+00	0.000000000000000000e+00	0.000000000000000000e+00
0.000000000000000000e+00	0.000000000000000000e+00	0.000000000000000000e+00	0.000000000000000000e+00	0.000000000000000000e+00
0.000000000000000000e+00	0.000000000000000000e+00	0.000000000000000000e+00	0.000000000000000000e+00	0.000000000000000000e+00
0.000000000000000000e+00	0.000000000000000000e+00	0.000000000000000000e+00	0.000000000000000000e+00	0.000000000000000000e+00
0.000000000000000000e+00	0.000000000000000000e+00	0.000000000000000000e+00	0.000000000000000000e+00	0.000000000000000000e+00
0.000000000000000000e+00	0.000000000000000000e+00	0.000000000000000000e+00	0.000000000000000000e+00	0.000000000000000000e+00
0.000000000000000000e+00	0.000000000000000000e+00	0.000000000000000000e+00	0.000000000000000000e+00	0.000000000000000000e+00
0.000000000000000000e+00	0.000000000000000000e+00	0.000000000000000000e+00	0.000000000000000000e+00	0.000000000000000000e+00
0.000000000000000000e+00	0.000000000000000000e+00	0.000000000000000000e+00	0.000000000000000000e+00	0.000000000000000000e+00
0.000000000000000000e+00	0.000000000000000000e+00	0.000000000000000000e+00	0.000000000000000000e+00	0.000000000000000000e+00
0.000000000000000000e+00	0.000000000000000000e+00	0.000000000000000000e+00	0.000000000000000000e+00	0.000000000000000000e+00
0.000000000000000000e+00	0.000000000000000000e+00	0.000000000000000000e+00	0.000000000000000000e+00	0.000000000000000000e+00
0.000000000000000000e+00	0.000000000000000000e+00	0.000000000000000000e+00	0.000000000000000000e+00	0.000000000000000000e+00
0.000000000000000000e+00	0.000000000000000000e+00	0.000000000000000000e+00	0.000000000000000000e+00	0.000000000000000000e+00
0.000000000000000000e+00	0.000000000000000000e+00	0.000000000000000000e+00	0.000000000000000000e+00	0.000000000000000000e+00
0.000000000000000000e+00	0.000000000000000000e+00	0.000000000000000000e+00	0.000000000000000000e+00	0.000000000000000000e+00
0.000000000000000000e+00	0.000000000000000000e+00	0.000000000000000000e+00	0.000000000000000000e+00	0.000000000000000000e+00
0.000000000000000000e+00	0.000000000000000000e+00	0.000000000000000000e+00	0.000000000000000000e+00	0.000000000000000000e+00
0.000000000000000000e+00	0.000000000000000000e+00	0.000000000000000000e+00	0.000000000000000000e+00	0.000000000000000000e+00
0.000000000000000000e+00	0.000000000000000000e+00	0.000000000000000000e+00	0.000000000000000000e+00	0.000000000000000000e+00
0.000000000000000000e+00	0.000000000000000000e+00	0.000000000000000000e+00	0.000000000000000000e+00	0.000000000000000000e+00
0.000000000000000000e+00	0.000000000000000000e+00	0.000000000000000000e+00	0.000000000000000000e+00	0.000000000000000000e+00
0.000000000000000000e+00	0.000000000000000000e+00	0.000000000000000000e+00	0.000000000000000000e+00	0.000000000000000000e+00
0.000000000000000000e+00	0.000000000000000000e+00	0.000000000000000000e+00	0.000000000000000000e+00	0.000000000000000000e+00
0.000000000000000000e+00	0.000000000000000000e+00	0.000000000000000000e+00	0.000000000000000000e+00	0.000000000000000000e+00
0.000000000000000000e+00	0.000000000000000000e+00	0.000000000000000000e+00	0.000000000000000000e+00	0.000000000000000000e+00
0.000000000000000000e+00	0.000000000000000000e+00	0.000000000000000000e+00	0.000000000000000000e+00	0.000000000000000000e+00
0.000000000000000000e+00	0.000000000000000000e+00	0.000000000000000000e+00	0.000000000000000000e+00	0.000000000000000000e+00
0.000000000000000000e+00	0.000000000000000000e+00	0.000000000000000000e+00	0.000000000000000000e+00	0.000000000000000000e+00
0.000000000000000000e+00	0.000000000000000000e+00	0.000000000000000000e+00	0.000000000000000000e+00	0.000000000000000000e+00
0.000000000000000000e+00	0.000000000000000000e+00	0.000000000000000000e+00	0.000000000000000000e+00	0.000000000000000000e+00
0.000000000000000000e+00	0.000000000000000000e+00	0.000000000000000000e+00	0.000000000000000000e+00	0.000000000000000000e+00
0.000000000000000000e+00	0.000000000000000000e+00	0.000000000000000000e+00	0.000000000000000000e+00	0.000000000000000000e+00
0.000000000000000000e+00	0.000000000000000000e+00	0.000000000000000000e+00	0.000000000000000000e+00	0.000000000000000000e+00
0.000000000000000000e+00	0.000000000000000000e+00	0.000000000000000000e+00	0.000000000000000000e+00	0.000000000000000000e+00
0.000000000000000000e+00	0.000000000000000000e+00	0.000000000000000000e+00	0.000000000000000000e+00	0.000000000000000000e+00
0.000000000000000000e+00	0.000000000000000000e+00	0.000000000000000000e+00	0.000000000000000000e+00	0.000000000000000000e+00
0.000000000000000000e+00	0.000000000000000000e+00	0.000000000000000000e+00	0.000000000000000000e+00	0.000000000000000000e+00
0.000000000000000000e+00	0.000000000000000000e+00	0.000000000000000000e+00	0.000000000000000000e+00	0.000000000000000000e+00
0.000000000000000000e+00	0.000000000000000000e+00	0.000000000000000000e+00	0.000000000000000000e+00	0.000000000000000000e+00
0.000000000000000000e+00	0.000000000000000000e+00	0.000000000000000000e+00	0.000000000000000000e+00	0.000000000000000000e+00
0.000000000000000000e+00	0.000000000000000000e+00	0.000000000000000000e+00	0.000000000000000000e+00	0.000000000000000000e+00
0.000000000000000000e+00	0.000000000000000000e+00	0.000000000000000000e+00	0.000000000000000000e+00	0.000000000000000000e+00
0.000000000000000000e+00	0.000000000000000000e+00	0.000000000000000000e+00	0.000000000000000000e+00	0.000000000000000000e+00
0.000000000000000000e+00	0.000000000000000000e+00	0.000000000000000000e+00	0.000000000000000000e+00	0.000000000000000000e+00
0.000000000000000000e+00	0.000000000000000000e+00	0.000000000000000000e+00	0.000000000000000000e+00	0.000000000000000000e+00
0.000000000000000000e+00	0.000000000000000000e+00	0.000000000000000000e+00	0.000000000000000000e+00	0.000000000000000000e+00
0.000000000000000000e+00	0.000000000000000000e+00	0.000000000000000000e+00	0.000000000000000000e+00	0.000000000000000000e+00
0.000000000000000000e+00	0.000000000000000000e+00	0.000000000000000000e+00	0.000000000000000000e+00	0.000000000000000000e+00
0.000000000000000000e+00	0.000000000000000000e+00	0.000000000000000000e+00	0.000000000000000000e+00	0.000000000000000000e+00
0.000000000000000000e+00	0.000000000000000000e+00	0.000000000000000000e+00	0.000000000000000000e+00	0.000000000000000000e+00
0.000000000000000000e+00	0.000000000000000000e+00	0.000000000000000000e+00	0.000000000000000000e+00	0.000000000000000000e+00
0.000000000000000000e+00	0.000000000000000000e+00	0.000000000000000000e+00	0.000000000000000000e+00	0.000000000000000000e+00
0.000000000000000000e+00	0.000000000000000000e+00	0.000000000000000000e+00	0.000000000000000000e+00	0.000000000000000000e+00
0.000000000000000000e+00	0.000000000000000000e+00	0.000000000000000000e+00	0.000000000000000000e+00	0.000000000000000000e+00
0.000000000000000000e+00	0.000000000000000000e+00	0.000000000000000000e+00	0.000000000000000000e+00	0.000000000000000000e+00
0.000000000000000000e+00	0.000000000000000000e+00	0.000000000000000000e+00	0.000000000000000000e+00	0.000000000000000000e+00
0.000000000000000000e+00	0.000000000000000000e+00	0.000000000000000000e+00	0.000000000000000000e+00	0.000000000000000000e+00
0.000000000000000000e+00	0.000000000000000000e+00	0.000000000000000000e+00	0.000000000000000000e+00	0.000000000000000000e+00
0.000000000000000000e+00	0.000000000000000000e+00	0.000000000000000000e+00	0.000000000000000000e+00	0.000000000000000000e+00
0.000000000000000000e+00	0.000000000000000000e+00	0.000000000000000000e+00	0.000000000000000000e+00	0.000000000000000000e+00
0.000000000000000000e+00	0.000000000000000000e+00	0.000000000000000000e+00	0.000000000000000000e+00	0.000000000000000000e+00
0.000000000000000000e+00	0.000000000000000000e+00	0.000000000000000000e+00	0.000000000000000000e+00	0.000000000000000000e+00
0.000000000000000000e+00	0.000000000000000000e+00	0.000000000000000000e+00	0.000000000000000000e+00	0.000000000000000000e+00
0.000000000000000000e+00	0.000000000000000000e+00	0.000000000000000000e+00	0.000000000000000000e+00	0.000000000000000000e+00
0.000000000000000000e+00	0.000000000000000000e+00	0.000000000000000000e+00	0.000000000000000000e+00	0.000000000000000000e+00
0.000000000000000000e+00	0.000000000000000000e+00	0.000000000000000000e+00	0.000000000000000000e+00	0.000000000000000000e+00
0.000000000000000000e+00	0.000000000000000000e+00	0.000000000000000000e+00	0.000000000000000000e+00	0.000000000000000000e+00
0.000000000000000000e+00	0.000000000000000000e+00	0.000000000000000000e+00	0.000000000000000000e+00	0.000000000000000000e+00
0.000000000000000000e+00	0.000000000000000000e+00	0.000000000000000000e+00	0.000000000000000000e+00	0.000000000000000000e+00
0.000000000000000000e+00	0.000000000000000000e+00	0.000000000000000000e+00	0.000000000000000000e+00	0.000000000000000000e+00
0.000000000000000000e+00	0.000000000000000000e+00	0.000000000000000000e+00	0.000000000000000000e+00	0.000000000000000000e+00
0.000000000000000000e+00	0.000000000000000000e+00	0.000000000000000000e+00	0.000000000000000000e+00	0.000000000000000000e+00
0.000000000000000000e+00	0.000000000000000000e+00	0.000000000000000000e+00	0.000000000000000000e+00	0.000000000000000000e+00
0.000000000000000000e+00	0.000000000000000000e+00	0.000000000000000000e+00	0.000000000000000000e+00	0.000000000000000000e+00
0.000000000000000000e+00	0.000000000000000000e+00	0.000000000000000000e+00	0.000000000000000000e+00	0.000000000000000000e+00
0.000000000000000000e+00	0.000000000000000000e+00	0.000000000000000000e+00	0.000000000000000000e+00	0.000000000000000000e+00
0.000000000000000000e+00	0.000000000000000000e+00	0.000000000000000000e+00	0.000000000000000000e+00	0.000000000000000000e+00
0.000000000000000000e+00	0.000000000000000000e+00	0.000000000000000000e+00	0.000000000000000000e+00	0.000000000000000000e+00
0.000000000000000000e+00	0.000000000000000000e+00	0.000000000000000000e+00	0.000000000000000000e+00	0.000000000000000000e+00
0.000000000000000000e+00	0.000000000000000000e+00	0.000000000000000000e+00	0.000000000000000000e+00	0.000000000000000000e+00
0.000000000000000000e+00	0.000000000000000000e+00	0.000000000000000000e+00	0.000000000000000000e+00	0.000000000000000000e+00
0.000000000000000000e+00	0.000000000000000000e+00	0.000000000000000000e+00	0.000000000000000000e+00	0.000000000000000000e+00
0.000000000000000000e+00	0.000000000000000000e+00	0.000000000000000000e+00	0.000000000000000000e+00	0.000000000000000000e+00
0.000000000000000000e+00	0.000000000000000000e+00	0.000000000000000000e+00	0.000000000000000000e+00	0.000000000000000000e+00
0.000000000000000000e+00	0.000000000000000000e+00	0.000000000000000000e+00	0.000000000000000000e+00	0.000000000000000000e+00
0.000000000000000000e+00	0.000000000000000000e+00	0.000000000000000000e+00	0.000000000000000000e+00	0.000000000000000000e+00
0.000000000000000000e+00	0.000000000000000000e+00	0.000000000000000000e+00	0.000000000000000000e+00	0.000000000000000000e+00
0.000000000000000000e+00	0.000000000000000000e+00	0.000000000000000000e+00	0.000000000000000000e+00	0.000000000000000000e+00
0.000000000000000000e+00	0.000000000000000000e+00	0.000000000000000000e+00	0.000000000000000000e+00	0.000000000000000000e+00
0.000000000000000000e+00	0.000000000000000000e+00	0.000000000000000000e+00	0.000000000000000000e+00	0.000000000000000000e+00
0.000000000000000000e+00	0.000000000000000000e+00	0.000000000000000000e+00	0.000000000000000000e+00	0.000000000000000000e+00
0.000000000000000000e+00	0.000000000000000000e+00	0.000000000000000000e+00	0.000000000000000000e+00	0.000000000000000000e+00
0.000000000000000000e+00	0.000000000000000000e+00	0.000000000000000000e+00	0.000000000000000000e+00	0.000000000000000000e+00
0.000000000000000000e+00	0.000000000000000000e+00	0.000000000000000000e+00	0.000000000000000000e+00	0.000000000000000000e+00
0.000000000000000000e+00	0.000000000000000000e+00	0.000000000000000000e+00	0.000000000000000000e+00	0.000000000000000000e+00
0.000000000000000000e+00	0.000000000000000000e+00	0.000000000000000000e+00	0.000000000000000000e+00	0.000000000000000000e+00
0.000000000000000000e+00	0.000000000000000000e+00	0.000000000000000000e+00	0.000000000000000000e+00	0.000000000000000000e+00
0.000000000000000000e+00	0.000000000000000000e+00	0.000000000000000000e+00	0.000000000000000000e+00	0.000000000000000000e+00
0.000000000000000000e+00	0.000000000000000000e+00	0.000000000000000000e+00	0.000000000000000000e+00	0.000000000000000000e+00
0.000000000000000000e+00	0.000000000000000000e+00	0.000000000000000000e+00	0.000000000000000000e+00	0.000000000000000000e+00
0.000000000000000000e+00	0.000000000000000000e+00	0.000000000000000000e+00	0.000000000000000000e+00	0.000000000000000000e+00
0.000000000000000000e+00	0.000000000000000000e+00	0.000000000000000000e+00	0.000000000000000000e+00	0.000000000000000000e+00
0.000000000000000000e+00	0.000000000000000000e+00	0.000000000000000000e+00	0.000000000000000000e+00	0.000000000000000000e+00
0.000000000000000000e+00	0.000000000000000000e+00	0.000000000000000000e+00	0.000000000000000000e+00	0.000000000000000000e+00
0.000000000000000000e+00	0.000000000000000000e+00	0.000000000000000000e+00	0.000000000000000000e+00	0.000000000000000000e+00
0.000000000000000000e+00	0.000000000000000000e+00	0.000000000000000000e+00	0.000000000000000000e+00	0.000000000000000000e+00
0.000000000000000000e+00	0.000000000000000000e+00	0.000000000000000000e+00	0.000000000000000000e+00	0.000000000000000000e+00
0.000000000000000000e+00	0.000000000000000000e+00	0.000000000000000000e+00	0.000000000000000000e+00	0.000000000000000000e+00
0.000000000000000000e+00	0.000000000000000000e+00	0.000000000000000000e+00	0.000000000000000000e+00	0.000000000000000000e+00
0.000000000000000000e+00	0.000000000000000000e+00	0.000000000000000000e+00	0.000000000000000000e+00	0.000000000000000000e+00
0.000000000000000000e+00	0.000000000000000000e+00	0.000000000000000000e+00	0.000000000000000000e+00	0.000000000000000000e+00
0.000000000000000000e+00	0.000000000000000000e+00	0.000000000000000000e+00	0.000000000000000000e+00	0.000000000000000000e+00
0.000000000000000000e+00	0.000000000000000000e+00	0.000000000000000000e+00	0.000000000000000000e+00	0.000000000000000000e+00
0.000000000000000000e+00	0.000000000000000000e+00	0.000000000000000000e+00	0.000000000000000000e+00	0.000000000000000000e+00
0.000000000000000000e+00	0.000000000000000000e+00	0.000000000000000000e+00	0.000000000000000000e+00	0.000000000000000000e+00
0.000000000000000000e+00	0.000000000000000000e+00	0.000000000000000000e+00	0.000000000000000000e+00	0.000000000000000000e+00
0.000000000000000000e+00	0.000000000000000000e+00	0.000000000000000000e+00	0.000000000000000000e+00	0.000000000000000000e+00
0.000000000000000000e+00	0.000000000000000000e+00	0.000000000000000000e+00	0.000000000000000000e+00	0.000000000000000000e+00
0.000000000000000000e+00	0.000000000000000000e+00	0.000000000000000000e+00	0.000000000000000000e+00	0.000000000000000000e+00
0.000000000000000000e+00	0.000000000000000000e+00	0.000000000000000000e+00	0.000000000000000000e+00	0.000000000000000000e+00
0.000000000000000000e+00	0.000000000000000000e+00	0.000000000000000000e+00	0.000000000000000000e+00	0.000000000000000000e+00
0.000000000000000000e+00	0.000000000000000000e+00	0.000000000000000000e+00	0.000000000000000000e+00	0.000000000000000000e+00
0.000000000000000000e+00	0.000000000000000000e+00	0.000000000000000000e+00	0.000000000000000000e+00	0.000000000000000000e+00
0.000000000000000000e+00	0.000000000000000000e+00	0.000000000000000000e+00	0.000000000000000000e+00	0.000000000000000000e+00
0.000000000000000000e+00	0.000000000000000000e+00	0.000000000000000000e+00	0.000000000000000000e+00	0.000000000000000000e+00
0.000000000000000000e+00	0.000000000000000000e+00	0.000000000000000000e+00	0.000000000000000000e+00	0.000000000000000000e+00
0.000000000000000000e+00	0.000000000000000000e+00	0.000000000000000000e+00	0.000000000000000000e+00	0.000000000000000000e+00
0.000000000000000000e+00	0.000000000000000000e+00	0.000000000000000000e+00	0.000000000000000000e+00	0.000000000000000000e+00
0.000000000000000000e+00	0.000000000000000000e+00	0.000000000000000000e+00	0.000000000000000000e+00	0.000000000000000000e+00
0.000000000000000000e+00	0.000000000000000000e+00	0.000000000000000000e+00	0.000000000000000000e+00	0.000000000000000000e+00
0.000000000000000000e+00	0.000000000000000000e+00	0.000000000000000000e+00	0.000000000000000000e+00	0.000000000000000000e+00
0.000000000000000000e+00	0.000000000000000000e+00	0.000000000000000000e+00	0.000000000000000000e+00	0.000000000000000000e+00
0.000000000000000000e+00	0.000000000000000000e+00	0.000000000000000000e+00	0.000000000000000000e+00	0.000000000000000000e+00
0.000000000000000000e+00	0.000000000000000000e+00	0.000000000000000000e+00	0.000000000000000000e+00	0.000000000000000000e+00
0.000000000000000000e+00	0.000000000000000000e+00	0.000000000000000000e+00	0.000000000000000000e+00	0.000000000000000000e+00
0.000000000000000000e+00	0.000000000000000000e+00	0.000000000000000000e+00	0.000000000000000000e+00	0.000000000000000000e+00
0.000000000000000000e+00	0.000000000000000000e+00	0.000000000000000000e+00	0.000000000000000000e+00	0.000000000000000000e+00
0.000000000000000000e+00	0.000000000000000000e+00	0.000000000000000000e+00	0.000000000000000000e+00	0.000000000000000000e+00
0.000000000000000000e+00	0.000000000000000000e+00	0.000000000000000000e+00	0.000000000000000000e+00	0.000000000000000000e+00
0.000000000000000000e+00	0.000000000000000000e+00	0.000000000000000000e+00	0.000000000000000000e+00	0.000000000000000000e+00
0.000000000000000000e+00	0.000000000000000000e+00	0.000000000000000000e+00	0.000000000000000000e+00	0.000000000000000000e+00
0.000000000000000000e+00	0.000000000000000000e+00	0.000000000000000000e+00	0.000000000000000000e+00	0.000000000000000000e+00
0.000000000000000000e+00	0.000000000000000000e+00	0.000000000000000000e+00	0.000000000000000000e+00	0.000000000000000000e+00
0.000000000000000000e+00	0.000000000000000000e+00	0.000000000000000000e+00	0.000000000000000000e+00	0.000000000000000000e+00
0.000000000000000000e+00	0.000000000000000000e+00	0.000000000000000000e+00	0.000000000000000000e+00	0.000000000000000000e+00
0.000000000000000000e+00	0.000000000000000000e+00	0.000000000000000000e+00	0.000000000000000000e+00	0.000000000000000000e+00
0.000000000000000000e+00	0.000000000000000000e+00	0.000000000000000000e+00	0.000000000000000000e+00	0.000000000000000000e+00
0.000000000000000000e+00	0.000000000000000000e+00	0.000000000000000000e+00	0.000000000000000000e+00	0.000000000000000000e+00
0.000000000000000000e+00	0.000000000000000000e+00	0.000000000000000000e+00	0.000000000000000000e+00	0.000000000000000000e+00
0.000000000000000000e+00	0.000000000000000000e+00	0.000000000000000000e+00	0.000000000000000000e+00	0.000000000000000000e+00
0.000000000000000000e+00	0.000000000000000000e+00	0.000000000000000000e+00	0.000000000000000000e+00	0.000000000000000000e+00
0.000000000000000000e+00	0.000000000000000000e+00	0.000000000000000000e+00	0.000000000000000000e+00	0.000000000000000000e+00
0.000000000000000000e+00	0.000000000000000000e+00	0.000000000000000000e+00	0.000000000000000000e+00	0.000000000000000000e+00
0.000000000000000000e+00	0.000000000000000000e+00	0.000000000000000000e+00	0.000000000000000000e+00	0.000000000000000000e+00
0.000000000000000000e+00	0.000000000000000000e+00	0.000000000000000000e+00	0.000000000000000000e+00	0.000000000000000000e+00
0.000000000000000000e+00	0.000000000000000000e+00	0.000000000000000000e+00	0.000000000000000000e+00	0.000000000000000000e+00
0.000000000000000000e+00	0.000000000000000000e+00	0.000000000000000000e+00	0.000000000000000000e+00	0.000000000000000000e+00
0.000000000000000000e+00	0.000000000000000000e+00	0.000000000000000000e+00	0.000000000000000000e+00	0.000000000000000000e+00
0.000000000000000000e+00	0.000000000000000000e+00	0.000000000000000000e+00	0.000000000000000000e+00	0.000000000000000000e+00
0.000000000000000000e+00	0.000000000000000000e+00	0.000000000000000000e+00	0.000000000000000000e+00	0.000000000000000000e+00
0.000000000000000000e+00	0.000000000000000000e+00	0.000000000000000000e+00	0.000000000000000000e+00	0.000000000000000000e+00
0.000000000000000000e+00	0.000000000000000000e+00	0.000000000000000000e+00	0.000000000000000000e+00	0.000000000000000000e+00
0.000000000000000000e+00	0.000000000000000000e+00	0.000000000000000000e+00	0.000000000000000000e+00	0.000000000000000000e+00
0.000000000000000000e+00	0.000000000000000000e+00	0.000000000000000000e+00	0.000000000000000000e+00	0.000000000000000000e+00
0.000000000000000000e+00	0.000000000000000000e+00	0.000000000000000000e+00	0.000000000000000000e+00	0.000000000000000000e+00
0.000000000000000000e+00	0.000000000000000000e+00	0.000000000000000000e+00	0.000000000000000000e+00	0.000000000000000000e+00
0.000000000000000000e+00	0.000000000000000000e+00	0.000000000000000000e+00	0.000000000000000000e+00	0.000000000000000000e+00
0.000000000000000000e+00	0.000000000000000000e+00	0.000000000000000000e+00	0.000000000000000000e+00	0.000000000000000000e+00
0.000000000000000000e+00	0.000000000000000000e+00	0.000000000000000000e+00	0.000000000000000000e+00	0.000000000000000000e+00
0.000000000000000000e+00	0.000000000000000000e+00	0.000000000000000000e+00	0.000000000000000000e+00	0.000000000000000000e+00
0.000000000000000000e+00	0.000000000000000000e+00	0.000000000000000000e+00	0.000000000000000000e+00	0.000000000000000000e+00
0.000000000000000000e+00	0.000000000000000000e+00	0.000000000000000000e+00	0.000000000000000000e+00	0.000000000000000000e+00
0.000000000000000000e+00	0.000000000000000000e+00	0.000000000000000000e+00	0.000000000000000000e+00	0.000000000000000000e+00
0.000000000000000000e+00	0.000000000000000000e+00	0.000000000000000000e+00	0.000000000000000000e+00	0.000000000000000000e+00
0.000000000000000000e+00	0.000000000000000000e+00	0.000000000000000000e+00	0.000000000000000000e+00	0.000000000000000000e+00
0.000000000000000000e+00	0.000000000000000000e+00	0.000000000000000000e+00	0.000000000000000000e+00	0.000000000000000000e+00
0.000000000000000000e+00	0.000000000000000000e+00	0.000000000000000000e+00	0.000000000000000000e+00	0.000000000000000000e+00
0.000000000000000000e+00	0.000000000000000000e+00	0.000000000000000000e+00	0.000000000000000000e+00	0.000000000000000000e+00
0.000000000000000000e+00	0.000000000000000000e+00	0.000000000000000000e+00	0.000000000000000000e+00	0.000000000000000000e+00
0.000000000000000000e+00	0.000000000000000000e+00	0.000000000000000000e+00	0.000000000000000000e+00	0.000000000000000000e+00
0.000000000000000000e+00	0.000000000000000000e+00	0.000000000000000000e+00	0.000000000000000000e+00	0.000000000000000000e+00
0.000000000000000000e+00	0.000000000000000000e+00	0.000000000000000000e+00	0.000000000000000000e+00	0.000000000000000000e+00
0.000000000000000000e+00	0.000000000000000000e+00	0.000000000000000000e+00	0.000000000000000000e+00	0.000000000000000000e+00
0.000000000000000000e+00	0.000000000000000000e+00	0.000000000000000000e+00	0.000000000000000000e+00	0.000000000000000000e+00
0.000000000000000000e+00	0.000000000000000000e+00	0.000000000000000000e+00	0.000000000000000000e+00	0.000000000000000000e+00
0.000000000000000000e+00	0.000000000000000000e+00	0.000000000000000000e+00	0.000000000000000000e+00	0.000000000000000000e+00
0.000000000000000000e+00	0.000000000000000000e+00	0.000000000000000000e+00	0.000000000000000000e+00	0.000000000000000000e+00
0.000000000000000000e+00	0.000000000000000000e+00	0.000000000000000000e+00	0.000000000000000000e+00	0.000000000000000000e+00
0.000000000000000000e+00	0.000000000000000000e+00	0.000000000000000000e+00	0.000000000000000000e+00	0.000000000000000000e+00
0.000000000000000000e+00	0.000000000000000000e+00	0.000000000000000000e+00	0.000000000000000000e+00	0.000000000000000000e+00
0.000000000000000000e+00	0.000000000000000000e+00	0.000000000000000000e+00	0.000000000000000000e+00	0.000000000000000000e+00
0.000000000000000000e+00	0.000000000000000000e+00	0.000000000000000000e+00	0.000000000000000000e+00	0.000000000000000000e+00
0.000000000000000000e+00	0.000000000000000000e+00	0.000000000000000000e+00	0.000000000000000000e+00	0.000000000000000000e+00
0.000000000000000000e+00	0.000000000000000000e+00	0.000000000000000000e+00	0.000000000000000000e+00	0.000000000000000000e+00
0.000000000000000000e+00	0.000000000000000000e+00	0.000000000000000000e+00	0.000000000000000000e+00	0.000000000000000000e+00
0.000000000000000000e+00	0.000000000000000000e+00	0.000000000000000000e+00	0.000000000000000000e+00	0.000000000000000000e+00
0.000000000000000000e+00	0.000000000000000000e+00	0.000000000000000000e+00	0.000000000000000000e+00	0.000000000000000000e+00
0.000000000000000000e+00	0.000000000000000000e+00	0.000000000000000000e+00	0.000000000000000000e+00	0.000000000000000000e+00
0.000000000000000000e+00	0.000000000000000000e+00	0.000000000000000000e+00	0.000000000000000000e+00	0.000000000000000000e+00
0.000000000000000000e+00	0.000000000000000000e+00	0.000000000000000000e+00	0.000000000000000000e+00	0.000000000000000000e+00
0.000000000000000000e+00	0.000000000000000000e+00	0.000000000000000000e+00	0.000000000000000000e+00	0.000000000000000000e+00
0.000000000000000000e+00	0.000000000000000000e+00	0.000000000000000000e+00	0.000000000000000000e+00	0.000000000000000000e+00
0.000000000000000000e+00	0.000000000000000000e+00	0.000000000000000000e+00	0.000000000000000000e+00	0.000000000000000000e+00
0.000000000000000000e+00	0.000000000000000000e+00	0.000000000000000000e+00	0.000000000000000000e+00	0.000000000000000000e+00
0.000000000000000000e+00	0.000000000000000000e+00	0.000000000000000000e+00	0.000000000000000000e+00	0.000000000000000000e+00
0.000000000000000000e+00	0.000000000000000000e+00	0.000000000000000000e+00	0.000000000000000000e+00	0.000000000000000000e+00
0.000000000000000000e+00	0.000000000000000000e+00	0.000000000000000000e+00	0.000000000000000000e+00	0.000000000000000000e+00
0.000000000000000000e+00	0.000000000000000000e+00	0.000000000000000000e+00	0.000000000000000000e+00	0.000000000000000000e+00
0.000000000000000000e+00	0.000000000000000000e+00	0.000000000000000000e+00	0.000000000000000000e+00	0.000000000000000000e+00
0.000000000000000000e+00	0.000000000000000000e+00	0.000000000000000000e+00	0.000000000000000000e+00	0.000000000000000000e+00
0.000000000000000000e+00	0.000000000000000000e+00	0.000000000000000000e+00	0.000000000000000000e+00	0.000000000000000000e+00
0.000000000000000000e+00	0.000000000000000000e+00	0.000000000000000000e+00	0.000000000000000000e+00	0.000000000000000000e+00
0.000000000000000000e+00	0.000000000000000000e+00	0.000000000000000000e+00	0.000000000000000000e+00	0.000000000000000000e+00
0.000000000000000000e+00	0.000000000000000000e+00	0.000000000000000000e+00	0.000000000000000000e+00	0.000000000000000000e+00
0.000000000000000000e+00	0.000000000000000000e+00	0.000000000000000000e+00	0.000000000000000000e+00	0.000000000000000000e+00
0.000000000000000000e+00	0.000000000000000000e+00	0.000000000000000000e+00	0.000000000000000000e+00	0.000000000000000000e+00
0.000000000000000000e+00	0.000000000000000000e+00	0.000000000000000000e+00	0.000000000000000000e+00	0.000000000000000000e+00
0.000000000000000000e+00	0.000000000000000000e+00	0.000000000000000000e+00	0.000000000000000000e+00	0.000000000000000000e+00
0.000000000000000000e+00	0.000000000000000000e+00	0.000000000000000000e+00	0.000000000000000000e+00	0.000000000000000000e+00
0.000000000000000000e+00	0.000000000000000000e+00	0.000000000000000000e+00	0.000000000000000000e+00	0.000000000000000000e+00
0.000000000000000000e+00	0.000000000000000000e+00	0.000000000000000000e+00	0.000000000000000000e+00	0.000000000000000000e+00
0.000000000000000000e+00	0.000000000000000000e+00	0.000000000000000000e+00	0.000000000000000000e+00	0.000000000000000000e+00
0.000000000000000000e+00	0.000000000000000000e+00	0.000000000000000000e+00	0.000000000000000000e+00	0.000000000000000000e+00
0.000000000000000000e+00	0.000000000000000000e+00	0.000000000000000000e+00	0.000000000000000000e+00	0.000000000000000000e+00
0.000000000000000000e+00	0.000000000000000000e+00	0.000000000000000000e+00	0.000000000000000000e+00	0.000000000000000000e+00
0.000000000000000000e+00	0.000000000000000000e+00	0.000000000000000000e+00	0.000000000000000000e+00	0.000000000000000000e+00
0.000000000000000000e+00	0.000000000000000000e+00	0.000000000000000000e+00	0.000000000000000000e+00	0.000000000000000000e+00
0.000000000000000000e+00	0.000000000000000000e+00	0.000000000000000000e+00	0.000000000000000000e+00	0.000000000000000000e+00
0.000000000000000000e+00	0.000000000000000000e+00	0.000000000000000000e+00	0.000000000000000000e+00	0.000000000000000000e+00
0.000000000000000000e+00	0.000000000000000000e+00	0.000000000000000000e+00	0.000000000000000000e+00	0.000000000000000000e+00
0.000000000000000000e+00	0.000000000000000000e+00	0.000000000000000000e+00	0.000000000000000000e+00	0.000000000000000000e+00
0.000000000000000000e+00	0.000000000000000000e+00	0.000000000000000000e+00	0.000000000000000000e+00	0.000000000000000000e+00
0.000000000000000000e+00	0.000000000000000000e+00	0.000000000000000000e+00	0.000000000000000000e+00	0.000000000000000000e+00
0.000000000000000000e+00	0.000000000000000000e+00	0.000000000000000000e+00	0.000000000000000000e+00	0.000000000000000000e+00
0.000000000000000000e+00	0.000000000000000000e+00	0.000000000000000000e+00	0.000000000000000000e+00	0.000000000000000000e+00
0.000000000000000000e+00	0.000000000000000000e+00	0.000000000000000000e+00	0.000000000000000000e+00	0.000000000000000000e+00
0.000000000000000000e+00	0.000000000000000000e+00	0.000000000000000000e+00	0.000000000000000000e+00	0.000000000000000000e+00
0.000000000000000000e+00	0.000000000000000000e+00	0.000000000000000000e+00	0.000000000000000000e+00	0.000000000000000000e+00
0.000000000000000000e+00	0.000000000000000000e+00	0.000000000000000000e+00	0.000000000000000000e+00	0.000000000000000000e+00
0.000000000000000000e+00	0.000000000000000000e+00	0.000000000000000000e+00	0.000000000000000000e+00	0.000000000000000000e+00
0.000000000000000000e+00	0.000000000000000000e+00	0.000000000000000000e+00	0.000000000000000000e+00	0.000000000000000000e+00
0.000000000000000000e+00	0.000000000000000000e+00	0.000000000000000000e+00	0.000000000000000000e+00	0.000000000000000000e+00
0.000000000000000000e+00	0.000000000000000000e+00	0.000000000000000000e+00	0.000000000000000000e+00	0.000000000000000000e+00
0.000000000000000000e+00	0.000000000000000000e+00	0.000000000000000000e+00	0.000000000000000000e+00	0.000000000000000000e+00
0.000000000000000000e+00	0.000000000000000000e+00	0.000000000000000000e+00	0.000000000000000000e+00	0.000000000000000000e+00
0.000000000000000000e+00	0.000000000000000000e+00	0.000000000000000000e+00	0.000000000000000000e+00	0.000000000000000000e+00
0.000000000000000000e+00	0.000000000000000000e+00	0.000000000000000000e+00	0.000000000000000000e+00	0.000000000000000000e+00
0.000000000000000000e+00	0.000000000000000000e+00	0.000000000000000000e+00	0.000000000000000000e+00	0.000000000000000000e+00
0.000000000000000000e+00	0.000000000000000000e+00	0.000000000000000000e+00	0.000000000000000000e+00	0.000000000000000000e+00
0.000000000000000000e+00	0.000000000000000000e+00	0.000000000000000000e+00	0.000000000000000000e+00	0.000000000000000000e+00
0.000000000000000000e+00	0.000000000000000000e+00	0.000000000000000000e+00	0.000000000000000000e+00	0.000000000000000000e+00
0.000000000000000000e+00	0.000000000000000000e+00	0.000000000000000000e+00	0.000000000000000000e+00	0.000000000000000000e+00
0.000000000000000000e+00	0.000000000000000000e+00	0.000000000000000000e+00	0.000000000000000000e+00	0.000000000000000000e+00
0.000000000000000000e+00	0.000000000000000000e+00	0.000000000000000000e+00	0.000000000000000000e+00	0.000000000000000000e+00
0.000000000000000000e+00	0.000000000000000000e+00	0.000000000000000000e+00	0.000000000000000000e+00	0.000000000000000000e+00
0.000000000000000000e+00	0.000000000000000000e+00	0.000000000000000000e+00	0.000000000000000000e+00	0.000000000000000000e+00
0.000000000000000000e+00	0.000000000000000000e+00	0.000000000000000000e+00	0.000000000000000000e+00	0.000000000000000000e+00
0.000000000000000000e+00	0.000000000000000000e+00	0.000000000000000000e+00	0.000000000000000000e+00	0.000000000000000000e+00
0.000000000000000000e+00	0.000000000000000000e+00	0.000000000000000000e+00	0.000000000000000000e+00	0.000000000000000000e+00
0.000000000000000000e+00	0.000000000000000000e+00	0.000000000000000000e+00	0.000000000000000000e+00	0.000000000000000000e+00
0.000000000000000000e+00	0.000000000000000000e+00	0.000000000000000000e+00	0.000000000000000000e+00	0.000000000000000000e+00
0.000000000000000000e+00	0.000000000000000000e+00	0.000000000000000000e+00	0.000000000000000000e+00	0.000000000000000000e+00
0.000000000000000000e+00	0.000000000000000000e+00	0.000000000000000000e+00	0.000000000000000000e+00	0.000000000000000000e+00
0.000000000000000000e+00	0.000000000000000000e+00	0.000000000000000000e+00	0.000000000000000000e+00	0.000000000000000000e+00
0.000000000000000000e+00	0.000000000000000000e+00	0.000000000000000000e+00	0.000000000000000000e+00	0.000000000000000000e+00
0.000000000000000000e+00	0.000000000000000000e+00	0.000000000000000000e+00	0.000000000000000000e+00	0.000000000000000000e+00
0.000000000000000000e+00	0.000000000000000000e+00	0.000000000000000000e+00	0.000000000000000000e+00	0.000000000000000000e+00
0.000000000000000000e+00	0.000000000000000000e+00	0.000000000000000000e+00	0.000000000000000000e+00	0.000000000000000000e+00
0.000000000000000000e+00	0.000000000000000000e+00	0.000000000000000000e+00	0.000000000000000000e+00	0.000000000000000000e+00
0.000000000000000000e+00	0.000000000000000000e+00	0.000000000000000000e+00	0.000000000000000000e+00	0.000000000000000000e+00
0.000000000000000000e+00	0.000000000000000000e+00	0.000000000000000000e+00	0.000000000000000000e+00	0.000000000000000000e+00
0.000000000000000000e+00	0.000000000000000000e+00	0.000000000000000000e+00	0.000000000000000000e+00	0.000000000000000000e+00
0.000000000000000000e+00	0.000000000000000000e+00	0.000000000000000000e+00	0.000000000000000000e+00	0.000000000000000000e+00
0.000000000000000000e+00	0.000000000000000000e+00	0.000000000000000000e+00	0.000000000000000000e+00	0.000000000000000000e+00
0.000000000000000000e+00	0.000000000000000000e+00	0.000000000000000000e+00	0.000000000000000000e+00	0.000000000000000000e+00
0.000000000000000000e+00	0.000000000000000000e+00	0.000000000000000000e+00	0.000000000000000000e+00	0.000000000000000000e+00
0.000000000000000000e+00	0.000000000000000000e+00	0.000000000000000000e+00	0.000000000000000000e+00	0.000000000000000000e+00
0.000000000000000000e+00	0.000000000000000000e+00	0.000000000000000000e+00	0.000000000000000000e+00	0.000000000000000000e+00
0.000000000000000000e+00	0.000000000000000000e+00	0.000000000000000000e+00	0.000000000000000000e+00	0.000000000000000000e+00
0.000000000000000000e+00	0.000000000000000000e+00	0.000000000000000000e+00	0.000000000000000000e+00	0.000000000000000000e+00
0.000000000000000000e+00	0.000000000000000000e+00	0.000000000000000000e+00	0.000000000000000000e+00	0.000000000000000000e+00
0.000000000000000000e+00	0.000000000000000000e+00	0.000000000000000000e+00	0.000000000000000000e+00	0.000000000000000000e+00
0.000000000000000000e+00	0.000000000000000000e+00	0.000000000000000000e+00	0.000000000000000000e+00	0.000000000000000000e+00
0.000000000000000000e+00	0.000000000000000000e+00	0.000000000000000000e+00	0.000000000000000000e+00	0.000000000000000000e+00
0.000000000000000000e+00	0.000000000000000000e+00	0.000000000000000000e+00	0.000000000000000000e+00	0.000000000000000000e+00
0.000000000000000000e+00	0.000000000000000000e+00	0.000000000000000000e+00	0.000000000000000000e+00	0.000000000000000000e+00
0.000000000000000000e+00	0.000000000000000000e+00	0.000000000000000000e+00	0.000000000000000000e+00	0.000000000000000000e+00
0.000000000000000000e+00	0.000000000000000000e+00	0.000000000000000000e+00	0.000000000000000000e+00	0.000000000000000000e+00
0.000000000000000000e+00	0.000000000000000000e+00	0.000000000000000000e+00	0.000000000000000000e+00	0.000000000000000000e+00
0.000000000000000000e+00	0.000000000000000000e+00	0.000000000000000000e+00	0.000000000000000000e+00	0.000000000000000000e+00
0.000000000000000000e+00	0.000000000000000000e+00	0.000000000000000000e+00	0.000000000000000000e+00	0.000000000000000000e+00
0.000000000000000000e+00	0.000000000000000000e+00	0.000000000000000000e+00	0.000000000000000000e+00	0.000000000000000000e+00
0.000000000000000000e+00	0.000000000000000000e+00	0.000000000000000000e+00	0.000000000000000000e+00	0.000000000000000000e+00
0.000000000000000000e+00	0.000000000000000000e+00	0.000000000000000000e+00	0.000000000000000000e+00	0.000000000000000000e+00
0.000000000000000000e+00	0.000000000000000000e+00	0.000000000000000000e+00	0.000000000000000000e+00	0.000000000000000000e+00
0.000000000000000000e+00	0.000000000000000000e+00	0.000000000000000000e+00	0.000000000000000000e+00	0.000000000000000000e+00
0.000000000000000000e+00	0.000000000000000000e+00	0.000000000000000000e+00	0.000000000000000000e+00	0.000000000000000000e+00
0.000000000000000000e+00	0.000000000000000000e+00	0.000000000000000000e+00	0.000000000000000000e+00	0.000000000000000000e+00
0.000000000000000000e+00	0.000000000000000000e+00	0.000000000000000000e+00	0.000000000000000000e+00	0.000000000000000000e+00
0.000000000000000000e+00	0.000000000000000000e+00	0.000000000000000000e+00	0.000000000000000000e+00	0.000000000000000000e+00
0.000000000000000000e+00	0.000000000000000000e+00	0.000000000000000000e+00	0.000000000000000000e+00	0.000000000000000000e+00
0.000000000000000000e+00	0.000000000000000000e+00	0.000000000000000000e+00	0.000000000000000000e+00	0.000000000000000000e+00
0.000000000000000000e+00	0.000000000000000000e+00	0.000000000000000000e+00	0.000000000000000000e+00	0.000000000000000000e+00
0.000000000000000000e+00	0.000000000000000000e+00	0.000000000000000000e+00	0.000000000000000000e+00	0.000000000000000000e+00
0.000000000000000000e+00	0.000000000000000000e+00	0.000000000000000000e+00	0.000000000000000000e+00	0.000000000000000000e+00
0.000000000000000000e+00	0.000000000000000000e+00	0.000000000000000000e+00	0.000000000000000000e+00	0.000000000000000000e+00
0.000000000000000000e+00	0.000000000000000000e+00	0.000000000000000000e+00	0.000000000000000000e+00	0.000000000000000000e+00
0.000000000000000000e+00	0.000000000000000000e+00	0.000000000000000000e+00	0.000000000000000000e+00	0.000000000000000000e+00
0.000000000000000000e+00	0.000000000000000000e+00	0.000000000000000000e+00	0.000000000000000000e+00	0.000000000000000000e+00
0.000000000000000000e+00	0.000000000000000000e+00	0.000000000000000000e+00	0.000000000000000000e+00	0.000000000000000000e+00
0.000000000000000000e+00	0.000000000000000000e+00	0.000000000000000000e+00	0.000000000000000000e+00	0.000000000000000000e+00
0.000000000000000000e+00	0.000000000000000000e+00	0.000000000000000000e+00	0.000000000000000000e+00	0.000000000000000000e+00
0.000000000000000000e+00	0.000000000000000000e+00	0.000000000000000000e+00	0.000000000000000000e+00	0.000000000000000000e+00
0.000000000000000000e+00	0.000000000000000000e+00	0.000000000000000000e+00	0.000000000000000000e+00	0.000000000000000000e+00
0.000000000000000000e+00	0.000000000000000000e+00	0.000000000000000000e+00	0.000000000000000000e+00	0.000000000000000000e+00
0.000000000000000000e+00	0.000000000000000000e+00	0.000000000000000000e+00	0.000000000000000000e+00	0.000000000000000000e+00
0.000000000000000000e+00	0.000000000000000000e+00	0.000000000000000000e+00	0.000000000000000000e+00	0.000000000000000000e+00
0.000000000000000000e+00	0.000000000000000000e+00	0.000000000000000000e+00	0.000000000000000000e+00	0.000000000000000000e+00
0.000000000000000000e+00	0.000000000000000000e+00	0.000000000000000000e+00	0.000000000000000000e+00	0.000000000000000000e+00
0.000000000000000000e+00	0.000000000000000000e+00	0.000000000000000000e+00	0.000000000000000000e+00	0.000000000000000000e+00
0.000000000000000000e+00	0.000000000000000000e+00	0.000000000000000000e+00	0.000000000000000000e+00	0.000000000000000000e+00
0.000000000000000000e+00	0.000000000000000000e+00	0.000000000000000000e+00	0.000000000000000000e+00	0.000000000000000000e+00
0.000000000000000000e+00	0.000000000000000000e+00	0.000000000000000000e+00	0.000000000000000000e+00	0.000000000000000000e+00
0.000000000000000000e+00	0.000000000000000000e+00	0.000000000000000000e+00	0.000000000000000000e+00	0.000000000000000000e+00
0.000000000000000000e+00	0.000000000000000000e+00	0.000000000000000000e+00	0.000000000000000000e+00	0.000000000000000000e+00
0.000000000000000000e+00	0.000000000000000000e+00	0.000000000000000000e+00	0.000000000000000000e+00	0.000000000000000000e+00
0.000000000000000000e+00	0.000000000000000000e+00	0.000000000000000000e+00	0.000000000000000000e+00	0.000000000000000000e+00
0.000000000000000000e+00	0.000000000000000000e+00	0.000000000000000000e+00	0.000000000000000000e+00	0.000000000000000000e+00
0.000000000000000000e+00	0.000000000000000000e+00	0.000000000000000000e+00	0.000000000000000000e+00	0.000000000000000000e+00
0.000000000000000000e+00	0.000000000000000000e+00	0.000000000000000000e+00	0.000000000000000000e+00	0.000000000000000000e+00
0.000000000000000000e+00	0.000000000000000000e+00	0.000000000000000000e+00	0.000000000000000000e+00	0.000000000000000000e+00
0.000000000000000000e+00	0.000000000000000000e+00	0.000000000000000000e+00	0.000000000000000000e+00	0.000000000000000000e+00
0.000000000000000000e+00	0.000000000000000000e+00	0.000000000000000000e+00	0.000000000000000000e+00	0.000000000000000000e+00
0.000000000000000000e+00	0.000000000000000000e+00	0.000000000000000000e+00	0.000000000000000000e+00	0.000000000000000000e+00
0.000000000000000000e+00	0.000000000000000000e+00	0.000000000000000000e+00	0.000000000000000000e+00	0.000000000000000000e+00
0.000000000000000000e+00	0.000000000000000000e+00	0.000000000000000000e+00	0.000000000000000000e+00	0.000000000000000000e+00
0.000000000000000000e+00	0.000000000000000000e+00	0.000000000000000000e+00	0.000000000000000000e+00	0.000000000000000000e+00
0.000000000000000000e+00	0.000000000000000000e+00	0.000000000000000000e+00	0.000000000000000000e+00	0.000000000000000000e+00
0.000000000000000000e+00	0.000000000000000000e+00	0.000000000000000000e+00	0.000000000000000000e+00	0.000000000000000000e+00
0.000000000000000000e+00	0.000000000000000000e+00	0.000000000000000000e+00	0.000000000000000000e+00	0.000000000000000000e+00
0.000000000000000000e+00	0.000000000000000000e+00	0.000000000000000000e+00	0.000000000000000000e+00	0.000000000000000000e+00
0.000000000000000000e+00	0.000000000000000000e+00	0.000000000000000000e+00	0.000000000000000000e+00	0.000000000000000000e+00
0.000000000000000000e+00	0.000000000000000000e+00	0.000000000000000000e+00	0.000000000000000000e+00	0.000000000000000000e+00
0.000000000000000000e+00	0.000000000000000000e+00	0.000000000000000000e+00	0.000000000000000000e+00	0.000000000000000000e+00
0.000000000000000000e+00	0.000000000000000000e+00	0.000000000000000000e+00	0.000000000000000000e+00	0.000000000000000000e+00
0.000000000000000000e+00	0.000000000000000000e+00	0.000000000000000000e+00	0.000000000000000000e+00	0.000000000000000000e+00
0.000000000000000000e+00	0.000000000000000000e+00	0.000000000000000000e+00	0.000000000000000000e+00	0.000000000000000000e+00
0.000000000000000000e+00	0.000000000000000000e+00	0.000000000000000000e+00	0.000000000000000000e+00	0.000000000000000000e+00
0.000000000000000000e+00	0.000000000000000000e+00	0.000000000000000000e+00	0.000000000000000000e+00	0.000000000000000000e+00
0.000000000000000000e+00	0.000000000000000000e+00	0.000000000000000000e+00	0.000000000000000000e+00	0.000000000000000000e+00
0.000000000000000000e+00	0.000000000000000000e+00	0.000000000000000000e+00	0.000000000000000000e+00	0.000000000000000000e+00
0.000000000000000000e+00	0.000000000000000000e+00	0.000000000000000000e+00	0.000000000000000000e+00	0.000000000000000000e+00
0.000000000000000000e+00	0.000000000000000000e+00	0.000000000000000000e+00	0.000000000000000000e+00	0.000000000000000000e+00
0.000000000000000000e+00	0.000000000000000000e+00	0.000000000000000000e+00	0.000000000000000000e+00	0.000000000000000000e+00
0.000000000000000000e+00	0.000000000000000000e+00	0.000000000000000000e+00	0.000000000000000000e+00	0.000000000000000000e+00
0.000000000000000000e+00	0.000000000000000000e+00	0.000000000000000000e+00	0.000000000000000000e+00	0.000000000000000000e+00
0.000000000000000000e+00	0.000000000000000000e+00	0.000000000000000000e+00	0.000000000000000000e+00	0.000000000000000000e+00
0.000000000000000000e+00	0.000000000000000000e+00	0.000000000000000000e+00	0.000000000000000000e+00	0.000000000000000000e+00
0.000000000000000000e+00	0.000000000000000000e+00	0.000000000000000000e+00	0.000000000000000000e+00	0.000000000000000000e+00
0.000000000000000000e+00	0.000000000000000000e+00	0.000000000000000000e+00	0.000000000000000000e+00	0.000000000000000000e+00
0.000000000000000000e+00	0.000000000000000000e+00	0.000000000000000000e+00	0.000000000000000000e+00	0.000000000000000000e+00
0.000000000000000000e+00	0.000000000000000000e+00	0.000000000000000000e+00	0.000000000000000000e+00	0.000000000000000000e+00
0.000000000000000000e+00	0.000000000000000000e+00	0.000000000000000000e+00	0.000000000000000000e+00	0.000000000000000000e+00
0.000000000000000000e+00	0.000000000000000000e+00	0.000000000000000000e+00	0.000000000000000000e+00	0.000000000000000000e+00
0.000000000000000000e+00	0.000000000000000000e+00	0.000000000000000000e+00	0.000000000000000000e+00	0.000000000000000000e+00
0.000000000000000000e+00	0.000000000000000000e+00	0.000000000000000000e+00	0.000000000000000000e+00	0.000000000000000000e+00
0.000000000000000000e+00	0.000000000000000000e+00	0.000000000000000000e+00	0.000000000000000000e+00	0.000000000000000000e+00
0.000000000000000000e+00	0.000000000000000000e+00	0.000000000000000000e+00	0.000000000000000000e+00	0.000000000000000000e+00
0.000000000000000000e+00	0.000000000000000000e+00	0.000000000000000000e+00	0.000000000000000000e+00	0.000000000000000000e+00
0.000000000000000000e+00	0.000000000000000000e+00	0.000000000000000000e+00	0.000000000000000000e+00	0.000000000000000000e+00
0.000000000000000000e+00	0.000000000000000000e+00	0.000000000000000000e+00	0.000000000000000000e+00	0.000000000000000000e+00
0.000000000000000000e+00	0.000000000000000000e+00	0.000000000000000000e+00	0.000000000000000000e+00	0.000000000000000000e+00
0.000000000000000000e+00	0.000000000000000000e+00	0.000000000000000000e+00	0.000000000000000000e+00	0.000000000000000000e+00
0.000000000000000000e+00	0.000000000000000000e+00	0.000000000000000000e+00	0.000000000000000000e+00	0.000000000000000000e+00
0.000000000000000000e+00	0.000000000000000000e+00	0.000000000000000000e+00	0.000000000000000000e+00	0.000000000000000000e+00
0.000000000000000000e+00	0.000000000000000000e+00	0.000000000000000000e+00	0.000000000000000000e+00	0.000000000000000000e+00
0.000000000000000000e+00	0.000000000000000000e+00	0.000000000000000000e+00	0.000000000000000000e+00	0.000000000000000000e+00
0.000000000000000000e+00	0.000000000000000000e+00	0.000000000000000000e+00	0.000000000000000000e+00	0.000000000000000000e+00
0.000000000000000000e+00	0.000000000000000000e+00	0.000000000000000000e+00	0.000000000000000000e+00	0.000000000000000000e+00
0.000000000000000000e+00	0.000000000000000000e+00	0.000000000000000000e+00	0.000000000000000000e+00	0.000000000000000000e+00
0.000000000000000000e+00	0.000000000000000000e+00	0.000000000000000000e+00	0.000000000000000000e+00	0.000000000000000000e+00
0.000000000000000000e+00	0.000000000000000000e+00	0.000000000000000000e+00	0.000000000000000000e+00	0.000000000000000000e+00
0.000000000000000000e+00	0.000000000000000000e+00	0.000000000000000000e+00	0.000000000000000000e+00	0.000000000000000000e+00
0.000000000000000000e+00	0.000000000000000000e+00	0.000000000000000000e+00	0.000000000000000000e+00	0.000000000000000000e+00
0.000000000000000000e+00	0.000000000000000000e+00	0.000000000000000000e+00	0.000000000000000000e+00	0.000000000000000000e+00
0.000000000000000000e+00	0.000000000000000000e+00	0.000000000000000000e+00	0.000000000000000000e+00	0.000000000000000000e+00
0.000000000000000000e+00	0.000000000000000000e+00	0.000000000000000000e+00	0.000000000000000000e+00	0.000000000000000000e+00
0.000000000000000000e+00	0.000000000000000000e+00	0.000000000000000000e+00	0.000000000000000000e+00	0.000000000000000000e+00
0.000000000000000000e+00	0.000000000000000000e+00	0.000000000000000000e+00	0.000000000000000000e+00	0.000000000000000000e+00
0.000000000000000000e+00	0.000000000000000000e+00	0.000000000000000000e+00	0.000000000000000000e+00	0.000000000000000000e+00
0.000000000000000000e+00	0.000000000000000000e+00	0.000000000000000000e+00	0.000000000000000000e+00	0.000000000000000000e+00
0.000000000000000000e+00	0.000000000000000000e+00	0.000000000000000000e+00	0.000000000000000000e+00	0.000000000000000000e+00
0.000000000000000000e+00	0.000000000000000000e+00	0.000000000000000000e+00	0.000000000000000000e+00	0.000000000000000000e+00
0.000000000000000000e+00	0.000000000000000000e+00	0.000000000000000000e+00	0.000000000000000000e+00	0.000000000000000000e+00
0.000000000000000000e+00	0.000000000000000000e+00	0.000000000000000000e+00	0.000000000000000000e+00	0.000000000000000000e+00
0.000000000000000000e+00	0.000000000000000000e+00	0.000000000000000000e+00	0.000000000000000000e+00	0.000000000000000000e+00
0.000000000000000000e+00	0.000000000000000000e+00	0.000000000000000000e+00	0.000000000000000000e+00	0.000000000000000000e+00
0.000000000000000000e+00	0.000000000000000000e+00	0.000000000000000000e+00	0.000000000000000000e+00	0.000000000000000000e+00
0.000000000000000000e+00	0.000000000000000000e+00	0.000000000000000000e+00	0.000000000000000000e+00	0.000000000000000000e+00
0.000000000000000000e+00	0.000000000000000000e+00	0.000000000000000000e+00	0.000000000000000000e+00	0.000000000000000000e+00
0.000000000000000000e+00	0.000000000000000000e+00	0.000000000000000000e+00	0.000000000000000000e+00	0.000000000000000000e+00
0.000000000000000000e+00	0.000000000000000000e+00	0.000000000000000000e+00	0.000000000000000000e+00	0.000000000000000000e+00
0.000000000000000000e+00	0.000000000000000000e+00	0.000000000000000000e+00	0.000000000000000000e+00	0.000000000000000000e+00
0.000000000000000000e+00	0.000000000000000000e+00	0.000000000000000000e+00	0.000000000000000000e+00	0.000000000000000000e+00
0.000000000000000000e+00	0.000000000000000000e+00	0.000000000000000000e+00	0.000000000000000000e+00	0.000000000000000000e+00
0.000000000000000000e+00	0.000000000000000000e+00	0.000000000000000000e+00	0.000000000000000000e+00	0.000000000000000000e+00
0.000000000000000000e+00	0.000000000000000000e+00	0.000000000000000000e+00	0.000000000000000000e+00	0.000000000000000000e+00
0.000000000000000000e+00	0.000000000000000000e+00	0.000000000000000000e+00	0.000000000000000000e+00	0.000000000000000000e+00
0.000000000000000000e+00	0.000000000000000000e+00	0.000000000000000000e+00	0.000000000000000000e+00	0.000000000000000000e+00
0.000000000000000000e+00	0.000000000000000000e+00	0.000000000000000000e+00	0.000000000000000000e+00	0.000000000000000000e+00
0.000000000000000000e+00	0.000000000000000000e+00	0.000000000000000000e+00	0.000000000000000000e+00	0.000000000000000000e+00
0.000000000000000000e+00	0.000000000000000000e+00	0.000000000000000000e+00	0.000000000000000000e+00	0.000000000000000000e+00
0.000000000000000000e+00	0.000000000000000000e+00	0.000000000000000000e+00	0.000000000000000000e+00	0.000000000000000000e+00
0.000000000000000000e+00	0.000000000000000000e+00	0.000000000000000000e+00	0.000000000000000000e+00	0.000000000000000000e+00
0.000000000000000000e+00	0.000000000000000000e+00	0.000000000000000000e+00	0.000000000000000000e+00	0.000000000000000000e+00
0.000000000000000000e+00	0.000000000000000000e+00	0.000000000000000000e+00	0.000000000000000000e+00	0.000000000000000000e+00
0.000000000000000000e+00	0.000000000000000000e+00	0.000000000000000000e+00	0.000000000000000000e+00	0.000000000000000000e+00
0.000000000000000000e+00	0.000000000000000000e+00	0.000000000000000000e+00	0.000000000000000000e+00	0.000000000000000000e+00
0.000000000000000000e+00	0.000000000000000000e+00	0.000000000000000000e+00	0.000000000000000000e+00	0.000000000000000000e+00
0.000000000000000000e+00	0.000000000000000000e+00	0.000000000000000000e+00	0.000000000000000000e+00	0.000000000000000000e+00
0.000000000000000000e+00	0.000000000000000000e+00	0.000000000000000000e+00	0.000000000000000000e+00	0.000000000000000000e+00
0.000000000000000000e+00	0.000000000000000000e+00	0.000000000000000000e+00	0.000000000000000000e+00	0.000000000000000000e+00
0.000000000000000000e+00	0.000000000000000000e+00	0.000000000000000000e+00	0.000000000000000000e+00	0.000000000000000000e+00
0.000000000000000000e+00	0.000000000000000000e+00	0.000000000000000000e+00	0.000000000000000000e+00	0.000000000000000000e+00
0.000000000000000000e+00	0.000000000000000000e+00	0.000000000000000000e+00	0.000000000000000000e+00	0.000000000000000000e+00
0.000000000000000000e+00	0.000000000000000000e+00	0.000000000000000000e+00	0.000000000000000000e+00	0.000000000000000000e+00
0.000000000000000000e+00	0.000000000000000000e+00	0.000000000000000000e+00	0.000000000000000000e+00	0.000000000000000000e+00
0.000000000000000000e+00	0.000000000000000000e+00	0.000000000000000000e+00	0.000000000000000000e+00	0.000000000000000000e+00
0.000000000000000000e+00	0.000000000000000000e+00	0.000000000000000000e+00	0.000000000000000000e+00	0.000000000000000000e+00
0.000000000000000000e+00	0.000000000000000000e+00	0.000000000000000000e+00	0.000000000000000000e+00	0.000000000000000000e+00
0.000000000000000000e+00	0.000000000000000000e+00	0.000000000000000000e+00	0.000000000000000000e+00	0.000000000000000000e+00
0.000000000000000000e+00	0.000000000000000000e+00	0.000000000000000000e+00	0.000000000000000000e+00	0.000000000000000000e+00
0.000000000000000000e+00	0.000000000000000000e+00	0.000000000000000000e+00	0.000000000000000000e+00	0.000000000000000000e+00
0.000000000000000000e+00	0.000000000000000000e+00	0.000000000000000000e+00	0.000000000000000000e+00	0.000000000000000000e+00
0.000000000000000000e+00	0.000000000000000000e+00	0.000000000000000000e+00	0.000000000000000000e+00	0.000000000000000000e+00
0.000000000000000000e+00	0.000000000000000000e+00	0.000000000000000000e+00	0.000000000000000000e+00	0.000000000000000000e+00
0.000000000000000000e+00	0.000000000000000000e+00	0.000000000000000000e+00	0.000000000000000000e+00	0.000000000000000000e+00
0.000000000000000000e+00	0.000000000000000000e+00	0.000000000000000000e+00	0.000000000000000000e+00	0.000000000000000000e+00
0.000000000000000000e+00	0.000000000000000000e+00	0.000000000000000000e+00	0.000000000000000000e+00	0.000000000000000000e+00
0.000000000000000000e+00	0.000000000000000000e+00	0.000000000000000000e+00	0.000000000000000000e+00	0.000000000000000000e+00
0.000000000000000000e+00	0.000000000000000000e+00	0.000000000000000000e+00	0.000000000000000000e+00	0.000000000000000000e+00
0.000000000000000000e+00	0.000000000000000000e+00	0.000000000000000000e+00	0.000000000000000000e+00	0.000000000000000000e+00
0.000000000000000000e+00	0.000000000000000000e+00	0.000000000000000000e+00	0.000000000000000000e+00	0.000000000000000000e+00
0.000000000000000000e+00	0.000000000000000000e+00	0.000000000000000000e+00	0.000000000000000000e+00	0.000000000000000000e+00
0.000000000000000000e+00	0.000000000000000000e+00	0.000000000000000000e+00	0.000000000000000000e+00	0.000000000000000000e+00
0.000000000000000000e+00	0.000000000000000000e+00	0.000000000000000000e+00	0.000000000000000000e+00	0.000000000000000000e+00
0.000000000000000000e+00	0.000000000000000000e+00	0.000000000000000000e+00	0.000000000000000000e+00	0.000000000000000000e+00
0.000000000000000000e+00	0.000000000000000000e+00	0.000000000000000000e+00	0.000000000000000000e+00	0.000000000000000000e+00
0.000000000000000000e+00	0.000000000000000000e+00	0.000000000000000000e+00	0.000000000000000000e+00	0.000000000000000000e+00
0.000000000000000000e+00	0.000000000000000000e+00	0.000000000000000000e+00	0.000000000000000000e+00	0.000000000000000000e+00
0.000000000000000000e+00	0.000000000000000000e+00	0.000000000000000000e+00	0.000000000000000000e+00	0.000000000000000000e+00
0.000000000000000000e+00	0.000000000000000000e+00	0.000000000000000000e+00	0.000000000000000000e+00	0.000000000000000000e+00
0.000000000000000000e+00	0.000000000000000000e+00	0.000000000000000000e+00	0.000000000000000000e+00	0.000000000000000000e+00
0.000000000000000000e+00	0.000000000000000000e+00	0.000000000000000000e+00	0.000000000000000000e+00	0.000000000000000000e+00
0.000000000000000000e+00	0.000000000000000000e+00	0.000000000000000000e+00	0.000000000000000000e+00	0.000000000000000000e+00
0.000000000000000000e+00	0.000000000000000000e+00	0.000000000000000000e+00	0.000000000000000000e+00	0.000000000000000000e+00
0.000000000000000000e+00	0.000000000000000000e+00	0.000000000000000000e+00	0.000000000000000000e+00	0.000000000000000000e+00
0.000000000000000000e+00	0.000000000000000000e+00	0.000000000000000000e+00	0.000000000000000000e+00	0.000000000000000000e+00
0.000000000000000000e+00	0.000000000000000000e+00	0.000000000000000000e+00	0.000000000000000000e+00	0.000000000000000000e+00
0.000000000000000000e+00	0.000000000000000000e+00	0.000000000000000000e+00	0.000000000000000000e+00	0.000000000000000000e+00
0.000000000000000000e+00	0.000000000000000000e+00	0.000000000000000000e+00	0.000000000000000000e+00	0.000000000000000000e+00
0.000000000000000000e+00	0.000000000000000000e+00	0.000000000000000000e+00	0.000000000000000000e+00	0.000000000000000000e+00
0.000000000000000000e+00	0.000000000000000000e+00	0.000000000000000000e+00	0.000000000000000000e+00	0.000000000000000000e+00
0.000000000000000000e+00	0.000000000000000000e+00	0.000000000000000000e+00	0.000000000000000000e+00	0.000000000000000000e+00
0.000000000000000000e+00	0.000000000000000000e+00	0.000000000000000000e+00	0.000000000000000000e+00	0.000000000000000000e+00
0.000000000000000000e+00	0.000000000000000000e+00	0.000000000000000000e+00	0.000000000000000000e+00	0.000000000000000000e+00
0.000000000000000000e+00	0.000000000000000000e+00	0.000000000000000000e+00	0.000000000000000000e+00	0.000000000000000000e+00
0.000000000000000000e+00	0.000000000000000000e+00	0.000000000000000000e+00	0.000000000000000000e+00	0.000000000000000000e+00
0.000000000000000000e+00	0.000000000000000000e+00	0.000000000000000000e+00	0.000000000000000000e+00	0.000000000000000000e+00
0.000000000000000000e+00	0.000000000000000000e+00	0.000000000000000000e+00	0.000000000000000000e+00	0.000000000000000000e+00
0.000000000000000000e+00	0.000000000000000000e+00	0.000000000000000000e+00	0.000000000000000000e+00	0.000000000000000000e+00
0.000000000000000000e+00	0.000000000000000000e+00	0.000000000000000000e+00	0.000000000000000000e+00	0.000000000000000000e+00
0.000000000000000000e+00	0.000000000000000000e+00	0.000000000000000000e+00	0.000000000000000000e+00	0.000000000000000000e+00
0.000000000000000000e+00	0.000000000000000000e+00	0.000000000000000000e+00	0.000000000000000000e+00	0.000000000000000000e+00
0.000000000000000000e+00	0.000000000000000000e+00	0.000000000000000000e+00	0.000000000000000000e+00	0.000000000000000000e+00
0.000000000000000000e+00	0.000000000000000000e+00	0.000000000000000000e+00	0.000000000000000000e+00	0.000000000000000000e+00
0.000000000000000000e+00	0.000000000000000000e+00	0.000000000000000000e+00	0.000000000000000000e+00	0.000000000000000000e+00
0.000000000000000000e+00	0.000000000000000000e+00	0.000000000000000000e+00	0.000000000000000000e+00	0.000000000000000000e+00
0.000000000000000000e+00	0.000000000000000000e+00	0.000000000000000000e+00	0.000000000000000000e+00	0.000000000000000000e+00
0.000000000000000000e+00	0.000000000000000000e+00	0.000000000000000000e+00	0.000000000000000000e+00	0.000000000000000000e+00
0.000000000000000000e+00	0.000000000000000000e+00	0.000000000000000000e+00	0.000000000000000000e+00	0.000000000000000000e+00
0.000000000000000000e+00	0.000000000000000000e+00	0.000000000000000000e+00	0.000000000000000000e+00	0.000000000000000000e+00
0.000000000000000000e+00	0.000000000000000000e+00	0.000000000000000000e+00	0.000000000000000000e+00	0.000000000000000000e+00
0.000000000000000000e+00	0.000000000000000000e+00	0.000000000000000000e+00	0.000000000000000000e+00	0.000000000000000000e+00
0.000000000000000000e+00	0.000000000000000000e+00	0.000000000000000000e+00	0.000000000000000000e+00	0.000000000000000000e+00
0.000000000000000000e+00	0.000000000000000000e+00	0.000000000000000000e+00	0.000000000000000000e+00	0.000000000000000000e+00
0.000000000000000000e+00	0.000000000000000000e+00	0.000000000000000000e+00	0.000000000000000000e+00	0.000000000000000000e+00
0.000000000000000000e+00	0.000000000000000000e+00	0.000000000000000000e+00	0.000000000000000000e+00	0.000000000000000000e+00
0.000000000000000000e+00	0.000000000000000000e+00	0.000000000000000000e+00	0.000000000000000000e+00	0.000000000000000000e+00
0.000000000000000000e+00	0.000000000000000000e+00	0.000000000000000000e+00	0.000000000000000000e+00	0.000000000000000000e+00
0.000000000000000000e+00	0.000000000000000000e+00	0.000000000000000000e+00	0.000000000000000000e+00	0.000000000000000000e+00
0.000000000000000000e+00	0.000000000000000000e+00	0.000000000000000000e+00	0.000000000000000000e+00	0.000000000000000000e+00
0.000000000000000000e+00	0.000000000000000000e+00	0.000000000000000000e+00	0.000000000000000000e+00	0.000000000000000000e+00
0.000000000000000000e+00	0.000000000000000000e+00	0.000000000000000000e+00	0.000000000000000000e+00	0.000000000000000000e+00
0.000000000000000000e+00	0.000000000000000000e+00	0.000000000000000000e+00	0.000000000000000000e+00	0.000000000000000000e+00
0.000000000000000000e+00	0.000000000000000000e+00	0.000000000000000000e+00	0.000000000000000000e+00	0.000000000000000000e+00
0.000000000000000000e+00	0.000000000000000000e+00	0.000000000000000000e+00	0.000000000000000000e+00	0.000000000000000000e+00
0.000000000000000000e+00	0.000000000000000000e+00	0.000000000000000000e+00	0.000000000000000000e+00	0.000000000000000000e+00
0.000000000000000000e+00	0.000000000000000000e+00	0.000000000000000000e+00	0.000000000000000000e+00	0.000000000000000000e+00
0.000000000000000000e+00	0.000000000000000000e+00	0.000000000000000000e+00	0.000000000000000000e+00	0.000000000000000000e+00
0.000000000000000000e+00	0.000000000000000000e+00	0.000000000000000000e+00	0.000000000000000000e+00	0.000000000000000000e+00
0.000000000000000000e+00	0.000000000000000000e+00	0.000000000000000000e+00	0.000000000000000000e+00	0.000000000000000000e+00
0.000000000000000000e+00	0.000000000000000000e+00	0.000000000000000000e+00	0.000000000000000000e+00	0.000000000000000000e+00
0.000000000000000000e+00	0.000000000000000000e+00	0.000000000000000000e+00	0.000000000000000000e+00	0.000000000000000000e+00
0.000000000000000000e+00	0.000000000000000000e+00	0.000000000000000000e+00	0.000000000000000000e+00	0.000000000000000000e+00
0.000000000000000000e+00	0.000000000000000000e+00	0.000000000000000000e+00	0.000000000000000000e+00	0.000000000000000000e+00
0.000000000000000000e+00	0.000000000000000000e+00	0.000000000000000000e+00	0.000000000000000000e+00	0.000000000000000000e+00
0.000000000000000000e+00	0.000000000000000000e+00	0.000000000000000000e+00	0.000000000000000000e+00	0.000000000000000000e+00
0.000000000000000000e+00	0.000000000000000000e+00	0.000000000000000000e+00	0.000000000000000000e+00	0.000000000000000000e+00
0.000000000000000000e+00	0.000000000000000000e+00	0.000000000000000000e+00	0.000000000000000000e+00	0.000000000000000000e+00
0.000000000000000000e+00	0.000000000000000000e+00	0.000000000000000000e+00	0.000000000000000000e+00	0.000000000000000000e+00
0.000000000000000000e+00	0.000000000000000000e+00	0.000000000000000000e+00	0.000000000000000000e+00	0.000000000000000000e+00
0.000000000000000000e+00	0.000000000000000000e+00	0.000000000000000000e+00	0.000000000000000000e+00	0.000000000000000000e+00
0.000000000000000000e+00	0.000000000000000000e+00	0.000000000000000000e+00	0.000000000000000000e+00	0.000000000000000000e+00
0.000000000000000000e+00	0.000000000000000000e+00	0.000000000000000000e+00	0.000000000000000000e+00	0.000000000000000000e+00
0.000000000000000000e+00	0.000000000000000000e+00	0.000000000000000000e+00	0.000000000000000000e+00	0.000000000000000000e+00
0.000000000000000000e+00	0.000000000000000000e+00	0.000000000000000000e+00	0.000000000000000000e+00	0.000000000000000000e+00
0.000000000000000000e+00	0.000000000000000000e+00	0.000000000000000000e+00	0.000000000000000000e+00	0.000000000000000000e+00
0.000000000000000000e+00	0.000000000000000000e+00	0.000000000000000000e+00	0.000000000000000000e+00	0.000000000000000000e+00
0.000000000000000000e+00	0.000000000000000000e+00	0.000000000000000000e+00	0.000000000000000000e+00	0.000000000000000000e+00
0.000000000000000000e+00	0.000000000000000000e+00	0.000000000000000000e+00	0.000000000000000000e+00	0.000000000000000000e+00
0.000000000000000000e+00	0.000000000000000000e+00	0.000000000000000000e+00	0.000000000000000000e+00	0.000000000000000000e+00
0.000000000000000000e+00	0.000000000000000000e+00	0.000000000000000000e+00	0.000000000000000000e+00	0.000000000000000000e+00
0.000000000000000000e+00	0.000000000000000000e+00	0.000000000000000000e+00	0.000000000000000000e+00	0.000000000000000000e+00
0.000000000000000000e+00	0.000000000000000000e+00	0.000000000000000000e+00	0.000000000000000000e+00	0.000000000000000000e+00
0.000000000000000000e+00	0.000000000000000000e+00	0.000000000000000000e+00	0.000000000000000000e+00	0.000000000000000000e+00
0.000000000000000000e+00	0.000000000000000000e+00	0.000000000000000000e+00	0.000000000000000000e+00	0.000000000000000000e+00
0.000000000000000000e+00	0.000000000000000000e+00	0.000000000000000000e+00	0.000000000000000000e+00	0.000000000000000000e+00
0.000000000000000000e+00	0.000000000000000000e+00	0.000000000000000000e+00	0.000000000000000000e+00	0.000000000000000000e+00
0.000000000000000000e+00	0.000000000000000000e+00	0.000000000000000000e+00	0.000000000000000000e+00	0.000000000000000000e+00
0.000000000000000000e+00	0.000000000000000000e+00	0.000000000000000000e+00	0.000000000000000000e+00	0.000000000000000000e+00
0.000000000000000000e+00	0.000000000000000000e+00	0.000000000000000000e+00	0.000000000000000000e+00	0.000000000000000000e+00
0.000000000000000000e+00	0.000000000000000000e+00	0.000000000000000000e+00	0.000000000000000000e+00	0.000000000000000000e+00
0.000000000000000000e+00	0.000000000000000000e+00	0.000000000000000000e+00	0.000000000000000000e+00	0.000000000000000000e+00
0.000000000000000000e+00	0.000000000000000000e+00	0.000000000000000000e+00	0.000000000000000000e+00	0.000000000000000000e+00
0.000000000000000000e+00	0.000000000000000000e+00	0.000000000000000000e+00	0.000000000000000000e+00	0.000000000000000000e+00
0.000000000000000000e+00	0.000000000000000000e+00	0.000000000000000000e+00	0.000000000000000000e+00	0.000000000000000000e+00
0.000000000000000000e+00	0.000000000000000000e+00	0.000000000000000000e+00	0.000000000000000000e+00	0.000000000000000000e+00
0.000000000000000000e+00	0.000000000000000000e+00	0.000000000000000000e+00	0.000000000000000000e+00	0.000000000000000000e+00
0.000000000000000000e+00	0.000000000000000000e+00	0.000000000000000000e+00	0.000000000000000000e+00	0.000000000000000000e+00
0.000000000000000000e+00	0.000000000000000000e+00	0.000000000000000000e+00	0.000000000000000000e+00	0.000000000000000000e+00
0.000000000000000000e+00	0.000000000000000000e+00	0.000000000000000000e+00	0.000000000000000000e+00	0.000000000000000000e+00
0.000000000000000000e+00	0.000000000000000000e+00	0.000000000000000000e+00	0.000000000000000000e+00	0.000000000000000000e+00
0.000000000000000000e+00	0.000000000000000000e+00	0.000000000000000000e+00	0.000000000000000000e+00	0.000000000000000000e+00
0.000000000000000000e+00	0.000000000000000000e+00	0.000000000000000000e+00	0.000000000000000000e+00	0.000000000000000000e+00
0.000000000000000000e+00	0.000000000000000000e+00	0.000000000000000000e+00	0.000000000000000000e+00	0.000000000000000000e+00
0.000000000000000000e+00	0.000000000000000000e+00	0.000000000000000000e+00	0.000000000000000000e+00	0.000000000000000000e+00
0.000000000000000000e+00	0.000000000000000000e+00	0.000000000000000000e+00	0.000000000000000000e+00	0.000000000000000000e+00
0.000000000000000000e+00	0.000000000000000000e+00	0.000000000000000000e+00	0.000000000000000000e+00	0.000000000000000000e+00
0.000000000000000000e+00	0.000000000000000000e+00	0.000000000000000000e+00	0.000000000000000000e+00	0.000000000000000000e+00
0.000000000000000000e+00	0.000000000000000000e+00	0.000000000000000000e+00	0.000000000000000000e+00	0.000000000000000000e+00
0.000000000000000000e+00	0.000000000000000000e+00	0.000000000000000000e+00	0.000000000000000000e+00	0.000000000000000000e+00
0.000000000000000000e+00	0.000000000000000000e+00	0.000000000000000000e+00	0.000000000000000000e+00	0.000000000000000000e+00
0.000000000000000000e+00	0.000000000000000000e+00	0.000000000000000000e+00	0.000000000000000000e+00	0.000000000000000000e+00
0.000000000000000000e+00	0.000000000000000000e+00	0.000000000000000000e+00	0.000000000000000000e+00	0.000000000000000000e+00
0.000000000000000000e+00	0.000000000000000000e+00	0.000000000000000000e+00	0.000000000000000000e+00	0.000000000000000000e+00
0.000000000000000000e+00	0.000000000000000000e+00	0.000000000000000000e+00	0.000000000000000000e+00	0.000000000000000000e+00
0.000000000000000000e+00	0.000000000000000000e+00	0.000000000000000000e+00	0.000000000000000000e+00	0.000000000000000000e+00
0.000000000000000000e+00	0.000000000000000000e+00	0.000000000000000000e+00	0.000000000000000000e+00	0.000000000000000000e+00
0.000000000000000000e+00	0.000000000000000000e+00	0.000000000000000000e+00	0.000000000000000000e+00	0.000000000000000000e+00
0.000000000000000000e+00	0.000000000000000000e+00	0.000000000000000000e+00	0.000000000000000000e+00	0.000000000000000000e+00
0.000000000000000000e+00	0.000000000000000000e+00	0.000000000000000000e+00	0.000000000000000000e+00	0.000000000000000000e+00
0.000000000000000000e+00	0.000000000000000000e+00	0.000000000000000000e+00	0.000000000000000000e+00	0.000000000000000000e+00
0.000000000000000000e+00	0.000000000000000000e+00	0.000000000000000000e+00	0.000000000000000000e+00	0.000000000000000000e+00
0.000000000000000000e+00	0.000000000000000000e+00	0.000000000000000000e+00	0.000000000000000000e+00	0.000000000000000000e+00
0.000000000000000000e+00	0.000000000000000000e+00	0.000000000000000000e+00	0.000000000000000000e+00	0.000000000000000000e+00
0.000000000000000000e+00	0.000000000000000000e+00	0.000000000000000000e+00	0.000000000000000000e+00	0.000000000000000000e+00
0.000000000000000000e+00	0.000000000000000000e+00	0.000000000000000000e+00	0.000000000000000000e+00	0.000000000000000000e+00
0.000000000000000000e+00	0.000000000000000000e+00	0.000000000000000000e+00	0.000000000000000000e+00	0.000000000000000000e+00
0.000000000000000000e+00	0.000000000000000000e+00	0.000000000000000000e+00	0.000000000000000000e+00	0.000000000000000000e+00
0.000000000000000000e+00	0.000000000000000000e+00	0.000000000000000000e+00	0.000000000000000000e+00	0.000000000000000000e+00
0.000000000000000000e+00	0.000000000000000000e+00	0.000000000000000000e+00	0.000000000000000000e+00	0.000000000000000000e+00
0.000000000000000000e+00	0.000000000000000000e+00	0.000000000000000000e+00	0.000000000000000000e+00	0.000000000000000000e+00
0.000000000000000000e+00	0.000000000000000000e+00	0.000000000000000000e+00	0.000000000000000000e+00	0.000000000000000000e+00
0.000000000000000000e+00	0.000000000000000000e+00	0.000000000000000000e+00	0.000000000000000000e+00	0.000000000000000000e+00
0.000000000000000000e+00	0.000000000000000000e+00	0.000000000000000000e+00	0.000000000000000000e+00	0.000000000000000000e+00
0.000000000000000000e+00	0.000000000000000000e+00	0.000000000000000000e+00	0.000000000000000000e+00	0.000000000000000000e+00
0.000000000000000000e+00	0.000000000000000000e+00	0.000000000000000000e+00	0.000000000000000000e+00	0.000000000000000000e+00
0.000000000000000000e+00	0.000000000000000000e+00	0.000000000000000000e+00	0.000000000000000000e+00	0.000000000000000000e+00
0.000000000000000000e+00	0.000000000000000000e+00	0.000000000000000000e+00	0.000000000000000000e+00	0.000000000000000000e+00
0.000000000000000000e+00	0.000000000000000000e+00	0.000000000000000000e+00	0.000000000000000000e+00	0.000000000000000000e+00
0.000000000000000000e+00	0.000000000000000000e+00	0.000000000000000000e+00	0.000000000000000000e+00	0.000000000000000000e+00
0.000000000000000000e+00	0.000000000000000000e+00	0.000000000000000000e+00	0.000000000000000000e+00	0.000000000000000000e+00
0.000000000000000000e+00	0.000000000000000000e+00	0.000000000000000000e+00	0.000000000000000000e+00	0.000000000000000000e+00
0.000000000000000000e+00	0.000000000000000000e+00	0.000000000000000000e+00	0.000000000000000000e+00	0.000000000000000000e+00
0.000000000000000000e+00	0.000000000000000000e+00	0.000000000000000000e+00	0.000000000000000000e+00	0.000000000000000000e+00
0.000000000000000000e+00	0.000000000000000000e+00	0.000000000000000000e+00	0.000000000000000000e+00	0.000000000000000000e+00
0.000000000000000000e+00	0.000000000000000000e+00	0.000000000000000000e+00	0.000000000000000000e+00	0.000000000000000000e+00
0.000000000000000000e+00	0.000000000000000000e+00	0.000000000000000000e+00	0.000000000000000000e+00	0.000000000000000000e+00
0.000000000000000000e+00	0.000000000000000000e+00	0.000000000000000000e+00	0.000000000000000000e+00	0.000000000000000000e+00
0.000000000000000000e+00	0.000000000000000000e+00	0.000000000000000000e+00	0.000000000000000000e+00	0.000000000000000000e+00
0.000000000000000000e+00	0.000000000000000000e+00	0.000000000000000000e+00	0.000000000000000000e+00	0.000000000000000000e+00
0.000000000000000000e+00	0.000000000000000000e+00	0.000000000000000000e+00	0.000000000000000000e+00	0.000000000000000000e+00
0.000000000000000000e+00	0.000000000000000000e+00	0.000000000000000000e+00	0.000000000000000000e+00	0.000000000000000000e+00
0.000000000000000000e+00	0.000000000000000000e+00	0.000000000000000000e+00	0.000000000000000000e+00	0.000000000000000000e+00
0.000000000000000000e+00	0.000000000000000000e+00	0.000000000000000000e+00	0.000000000000000000e+00	0.000000000000000000e+00
0.000000000000000000e+00	0.000000000000000000e+00	0.000000000000000000e+00	0.000000000000000000e+00	0.000000000000000000e+00
0.000000000000000000e+00	0.000000000000000000e+00	0.000000000000000000e+00	0.000000000000000000e+00	0.000000000000000000e+00
0.000000000000000000e+00	0.000000000000000000e+00	0.000000000000000000e+00	0.000000000000000000e+00	0.000000000000000000e+00
0.000000000000000000e+00	0.000000000000000000e+00	0.000000000000000000e+00	0.000000000000000000e+00	0.000000000000000000e+00
0.000000000000000000e+00	0.000000000000000000e+00	0.000000000000000000e+00	0.000000000000000000e+00	0.000000000000000000e+00
0.000000000000000000e+00	0.000000000000000000e+00	0.000000000000000000e+00	0.000000000000000000e+00	0.000000000000000000e+00
0.000000000000000000e+00	0.000000000000000000e+00	0.000000000000000000e+00	0.000000000000000000e+00	0.000000000000000000e+00
0.000000000000000000e+00	0.000000000000000000e+00	0.000000000000000000e+00	0.000000000000000000e+00	0.000000000000000000e+00
0.000000000000000000e+00	0.000000000000000000e+00	0.000000000000000000e+00	0.000000000000000000e+00	0.000000000000000000e+00
0.000000000000000000e+00	0.000000000000000000e+00	0.000000000000000000e+00	0.000000000000000000e+00	0.000000000000000000e+00
0.000000000000000000e+00	0.000000000000000000e+00	0.000000000000000000e+00	0.000000000000000000e+00	0.000000000000000000e+00
0.000000000000000000e+00	0.000000000000000000e+00	0.000000000000000000e+00	0.000000000000000000e+00	0.000000000000000000e+00
0.000000000000000000e+00	0.000000000000000000e+00	0.000000000000000000e+00	0.000000000000000000e+00	0.000000000000000000e+00
0.000000000000000000e+00	0.000000000000000000e+00	0.000000000000000000e+00	0.000000000000000000e+00	0.000000000000000000e+00
0.000000000000000000e+00	0.000000000000000000e+00	0.000000000000000000e+00	0.000000000000000000e+00	0.000000000000000000e+00
0.000000000000000000e+00	0.000000000000000000e+00	0.000000000000000000e+00	0.000000000000000000e+00	0.000000000000000000e+00
0.000000000000000000e+00	0.000000000000000000e+00	0.000000000000000000e+00	0.000000000000000000e+00	0.000000000000000000e+00
0.000000000000000000e+00	0.000000000000000000e+00	0.000000000000000000e+00	0.000000000000000000e+00	0.000000000000000000e+00
0.000000000000000000e+00	0.000000000000000000e+00	0.000000000000000000e+00	0.000000000000000000e+00	0.000000000000000000e+00
0.000000000000000000e+00	0.000000000000000000e+00	0.000000000000000000e+00	0.000000000000000000e+00	0.000000000000000000e+00
0.000000000000000000e+00	0.000000000000000000e+00	0.000000000000000000e+00	0.000000000000000000e+00	0.000000000000000000e+00
0.000000000000000000e+00	0.000000000000000000e+00	0.000000000000000000e+00	0.000000000000000000e+00	0.000000000000000000e+00
0.000000000000000000e+00	0.000000000000000000e+00	0.000000000000000000e+00	0.000000000000000000e+00	0.000000000000000000e+00
0.000000000000000000e+00	0.000000000000000000e+00	0.000000000000000000e+00	0.000000000000000000e+00	0.000000000000000000e+00
0.000000000000000000e+00	0.000000000000000000e+00	0.000000000000000000e+00	0.000000000000000000e+00	0.000000000000000000e+00
0.000000000000000000e+00	0.000000000000000000e+00	0.000000000000000000e+00	0.000000000000000000e+00	0.000000000000000000e+00
0.000000000000000000e+00	0.000000000000000000e+00	0.000000000000000000e+00	0.000000000000000000e+00	0.000000000000000000e+00
0.000000000000000000e+00	0.000000000000000000e+00	0.000000000000000000e+00	0.000000000000000000e+00	0.000000000000000000e+00
0.000000000000000000e+00	0.000000000000000000e+00	0.000000000000000000e+00	0.000000000000000000e+00	0.000000000000000000e+00
0.000000000000000000e+00	0.000000000000000000e+00	0.000000000000000000e+00	0.000000000000000000e+00	0.000000000000000000e+00
0.000000000000000000e+00	0.000000000000000000e+00	0.000000000000000000e+00	0.000000000000000000e+00	0.000000000000000000e+00
0.000000000000000000e+00	0.000000000000000000e+00	0.000000000000000000e+00	0.000000000000000000e+00	0.000000000000000000e+00
0.000000000000000000e+00	0.000000000000000000e+00	0.000000000000000000e+00	0.000000000000000000e+00	0.000000000000000000e+00
0.000000000000000000e+00	0.000000000000000000e+00	0.000000000000000000e+00	0.000000000000000000e+00	0.000000000000000000e+00
0.000000000000000000e+00	0.000000000000000000e+00	0.000000000000000000e+00	0.000000000000000000e+00	0.000000000000000000e+00
0.000000000000000000e+00	0.000000000000000000e+00	0.000000000000000000e+00	0.000000000000000000e+00	0.000000000000000000e+00
0.000000000000000000e+00	0.000000000000000000e+00	0.000000000000000000e+00	0.000000000000000000e+00	0.000000000000000000e+00
0.000000000000000000e+00	0.000000000000000000e+00	0.000000000000000000e+00	0.000000000000000000e+00	0.000000000000000000e+00
0.000000000000000000e+00	0.000000000000000000e+00	0.000000000000000000e+00	0.000000000000000000e+00	0.000000000000000000e+00
0.000000000000000000e+00	0.000000000000000000e+00	0.000000000000000000e+00	0.000000000000000000e+00	0.000000000000000000e+00
0.000000000000000000e+00	0.000000000000000000e+00	0.000000000000000000e+00	0.000000000000000000e+00	0.000000000000000000e+00
0.000000000000000000e+00	0.000000000000000000e+00	0.000000000000000000e+00	0.000000000000000000e+00	0.000000000000000000e+00
0.000000000000000000e+00	0.000000000000000000e+00	0.000000000000000000e+00	0.000000000000000000e+00	0.000000000000000000e+00
0.000000000000000000e+00	0.000000000000000000e+00	0.000000000000000000e+00	0.000000000000000000e+00	0.000000000000000000e+00
0.000000000000000000e+00	0.000000000000000000e+00	0.000000000000000000e+00	0.000000000000000000e+00	0.000000000000000000e+00
0.000000000000000000e+00	0.000000000000000000e+00	0.000000000000000000e+00	0.000000000000000000e+00	0.000000000000000000e+00
0.000000000000000000e+00	0.000000000000000000e+00	0.000000000000000000e+00	0.000000000000000000e+00	0.000000000000000000e+00
0.000000000000000000e+00	0.000000000000000000e+00	0.000000000000000000e+00	0.000000000000000000e+00	0.000000000000000000e+00
0.000000000000000000e+00	0.000000000000000000e+00	0.000000000000000000e+00	0.000000000000000000e+00	0.000000000000000000e+00
0.000000000000000000e+00	0.000000000000000000e+00	0.000000000000000000e+00	0.000000000000000000e+00	0.000000000000000000e+00
0.000000000000000000e+00	0.000000000000000000e+00	0.000000000000000000e+00	0.000000000000000000e+00	0.000000000000000000e+00
0.000000000000000000e+00	0.000000000000000000e+00	0.000000000000000000e+00	0.000000000000000000e+00	0.000000000000000000e+00
0.000000000000000000e+00	0.000000000000000000e+00	0.000000000000000000e+00	0.000000000000000000e+00	0.000000000000000000e+00
0.000000000000000000e+00	0.000000000000000000e+00	0.000000000000000000e+00	0.000000000000000000e+00	0.000000000000000000e+00
0.000000000000000000e+00	0.000000000000000000e+00	0.000000000000000000e+00	0.000000000000000000e+00	0.000000000000000000e+00
0.000000000000000000e+00	0.000000000000000000e+00	0.000000000000000000e+00	0.000000000000000000e+00	0.000000000000000000e+00
0.000000000000000000e+00	0.000000000000000000e+00	0.000000000000000000e+00	0.000000000000000000e+00	0.000000000000000000e+00
0.000000000000000000e+00	0.000000000000000000e+00	0.000000000000000000e+00	0.000000000000000000e+00	0.000000000000000000e+00
0.000000000000000000e+00	0.000000000000000000e+00	0.000000000000000000e+00	0.000000000000000000e+00	0.000000000000000000e+00
0.000000000000000000e+00	0.000000000000000000e+00	0.000000000000000000e+00	0.000000000000000000e+00	0.000000000000000000e+00
0.000000000000000000e+00	0.000000000000000000e+00	0.000000000000000000e+00	0.000000000000000000e+00	0.000000000000000000e+00
0.000000000000000000e+00	0.000000000000000000e+00	0.000000000000000000e+00	0.000000000000000000e+00	0.000000000000000000e+00
0.000000000000000000e+00	0.000000000000000000e+00	0.000000000000000000e+00	0.000000000000000000e+00	0.000000000000000000e+00
0.000000000000000000e+00	0.000000000000000000e+00	0.000000000000000000e+00	0.000000000000000000e+00	0.000000000000000000e+00
0.000000000000000000e+00	0.000000000000000000e+00	0.000000000000000000e+00	0.000000000000000000e+00	0.000000000000000000e+00
0.000000000000000000e+00	0.000000000000000000e+00	0.000000000000000000e+00	0.000000000000000000e+00	0.000000000000000000e+00
0.000000000000000000e+00	0.000000000000000000e+00	0.000000000000000000e+00	0.000000000000000000e+00	0.000000000000000000e+00
0.000000000000000000e+00	0.000000000000000000e+00	0.000000000000000000e+00	0.000000000000000000e+00	0.000000000000000000e+00
0.000000000000000000e+00	0.000000000000000000e+00	0.000000000000000000e+00	0.000000000000000000e+00	0.000000000000000000e+00
0.000000000000000000e+00	0.000000000000000000e+00	0.000000000000000000e+00	0.000000000000000000e+00	0.000000000000000000e+00
0.000000000000000000e+00	0.000000000000000000e+00	0.000000000000000000e+00	0.000000000000000000e+00	0.000000000000000000e+00
0.000000000000000000e+00	0.000000000000000000e+00	0.000000000000000000e+00	0.000000000000000000e+00	0.000000000000000000e+00
0.000000000000000000e+00	0.000000000000000000e+00	0.000000000000000000e+00	0.000000000000000000e+00	0.000000000000000000e+00
0.000000000000000000e+00	0.000000000000000000e+00	0.000000000000000000e+00	0.000000000000000000e+00	0.000000000000000000e+00
0.000000000000000000e+00	0.000000000000000000e+00	0.000000000000000000e+00	0.000000000000000000e+00	0.000000000000000000e+00
0.000000000000000000e+00	0.000000000000000000e+00	0.000000000000000000e+00	0.000000000000000000e+00	0.000000000000000000e+00
0.000000000000000000e+00	0.000000000000000000e+00	0.000000000000000000e+00	0.000000000000000000e+00	0.000000000000000000e+00
0.000000000000000000e+00	0.000000000000000000e+00	0.000000000000000000e+00	0.000000000000000000e+00	0.000000000000000000e+00
0.000000000000000000e+00	0.000000000000000000e+00	0.000000000000000000e+00	0.000000000000000000e+00	0.000000000000000000e+00
0.000000000000000000e+00	0.000000000000000000e+00	0.000000000000000000e+00	0.000000000000000000e+00	0.000000000000000000e+00
0.000000000000000000e+00	0.000000000000000000e+00	0.000000000000000000e+00	0.000000000000000000e+00	0.000000000000000000e+00
0.000000000000000000e+00	0.000000000000000000e+00	0.000000000000000000e+00	0.000000000000000000e+00	0.000000000000000000e+00
0.000000000000000000e+00	0.000000000000000000e+00	0.000000000000000000e+00	0.000000000000000000e+00	0.000000000000000000e+00
0.000000000000000000e+00	0.000000000000000000e+00	0.000000000000000000e+00	0.000000000000000000e+00	0.000000000000000000e+00
0.000000000000000000e+00	0.000000000000000000e+00	0.000000000000000000e+00	0.000000000000000000e+00	0.000000000000000000e+00
0.000000000000000000e+00	0.000000000000000000e+00	0.000000000000000000e+00	0.000000000000000000e+00	0.000000000000000000e+00
0.000000000000000000e+00	0.000000000000000000e+00	0.000000000000000000e+00	0.000000000000000000e+00	0.000000000000000000e+00
0.000000000000000000e+00	0.000000000000000000e+00	0.000000000000000000e+00	0.000000000000000000e+00	0.000000000000000000e+00
0.000000000000000000e+00	0.000000000000000000e+00	0.000000000000000000e+00	0.000000000000000000e+00	0.000000000000000000e+00
0.000000000000000000e+00	0.000000000000000000e+00	0.000000000000000000e+00	0.000000000000000000e+00	0.000000000000000000e+00
0.000000000000000000e+00	0.000000000000000000e+00	0.000000000000000000e+00	0.000000000000000000e+00	0.000000000000000000e+00
0.000000000000000000e+00	0.000000000000000000e+00	0.000000000000000000e+00	0.000000000000000000e+00	0.000000000000000000e+00
0.000000000000000000e+00	0.000000000000000000e+00	0.000000000000000000e+00	0.000000000000000000e+00	0.000000000000000000e+00
0.000000000000000000e+00	0.000000000000000000e+00	0.000000000000000000e+00	0.000000000000000000e+00	0.000000000000000000e+00
0.000000000000000000e+00	0.000000000000000000e+00	0.000000000000000000e+00	0.000000000000000000e+00	0.000000000000000000e+00
0.000000000000000000e+00	0.000000000000000000e+00	0.000000000000000000e+00	0.000000000000000000e+00	0.000000000000000000e+00
0.000000000000000000e+00	0.000000000000000000e+00	0.000000000000000000e+00	0.000000000000000000e+00	0.000000000000000000e+00
0.000000000000000000e+00	0.000000000000000000e+00	0.000000000000000000e+00	0.000000000000000000e+00	0.000000000000000000e+00
0.000000000000000000e+00	0.000000000000000000e+00	0.000000000000000000e+00	0.000000000000000000e+00	0.000000000000000000e+00
0.000000000000000000e+00	0.000000000000000000e+00	0.000000000000000000e+00	0.000000000000000000e+00	0.000000000000000000e+00
0.000000000000000000e+00	0.000000000000000000e+00	0.000000000000000000e+00	0.000000000000000000e+00	0.000000000000000000e+00
0.000000000000000000e+00	0.000000000000000000e+00	0.000000000000000000e+00	0.000000000000000000e+00	0.000000000000000000e+00
0.000000000000000000e+00	0.000000000000000000e+00	0.000000000000000000e+00	0.000000000000000000e+00	0.000000000000000000e+00
0.000000000000000000e+00	0.000000000000000000e+00	0.000000000000000000e+00	0.000000000000000000e+00	0.000000000000000000e+00
0.000000000000000000e+00	0.000000000000000000e+00	0.000000000000000000e+00	0.000000000000000000e+00	0.000000000000000000e+00
0.000000000000000000e+00	0.000000000000000000e+00	0.000000000000000000e+00	0.000000000000000000e+00	0.000000000000000000e+00
0.000000000000000000e+00	0.000000000000000000e+00	0.000000000000000000e+00	0.000000000000000000e+00	0.000000000000000000e+00
0.000000000000000000e+00	0.000000000000000000e+00	0.000000000000000000e+00	0.000000000000000000e+00	0.000000000000000000e+00
0.000000000000000000e+00	0.000000000000000000e+00	0.000000000000000000e+00	0.000000000000000000e+00	0.000000000000000000e+00
0.000000000000000000e+00	0.000000000000000000e+00	0.000000000000000000e+00	0.000000000000000000e+00	0.000000000000000000e+00
0.000000000000000000e+00	0.000000000000000000e+00	0.000000000000000000e+00	0.000000000000000000e+00	0.000000000000000000e+00
0.000000000000000000e+00	0.000000000000000000e+00	0.000000000000000000e+00	0.000000000000000000e+00	0.000000000000000000e+00
0.000000000000000000e+00	0.000000000000000000e+00	0.000000000000000000e+00	0.000000000000000000e+00	0.000000000000000000e+00
0.000000000000000000e+00	0.000000000000000000e+00	0.000000000000000000e+00	0.000000000000000000e+00	0.000000000000000000e+00
0.000000000000000000e+00	0.000000000000000000e+00	0.000000000000000000e+00	0.000000000000000000e+00	0.000000000000000000e+00
0.000000000000000000e+00	0.000000000000000000e+00	0.000000000000000000e+00	0.000000000000000000e+00	0.000000000000000000e+00
0.000000000000000000e+00	0.000000000000000000e+00	0.000000000000000000e+00	0.000000000000000000e+00	0.000000000000000000e+00
0.000000000000000000e+00	0.000000000000000000e+00	0.000000000000000000e+00	0.000000000000000000e+00	0.000000000000000000e+00
0.000000000000000000e+00	0.000000000000000000e+00	0.000000000000000000e+00	0.000000000000000000e+00	0.000000000000000000e+00
0.000000000000000000e+00	0.000000000000000000e+00	0.000000000000000000e+00	0.000000000000000000e+00	0.000000000000000000e+00
0.000000000000000000e+00	0.000000000000000000e+00	0.000000000000000000e+00	0.000000000000000000e+00	0.000000000000000000e+00
0.000000000000000000e+00	0.000000000000000000e+00	0.000000000000000000e+00	0.000000000000000000e+00	0.000000000000000000e+00
0.000000000000000000e+00	0.000000000000000000e+00	0.000000000000000000e+00	0.000000000000000000e+00	0.000000000000000000e+00
0.000000000000000000e+00	0.000000000000000000e+00	0.000000000000000000e+00	0.000000000000000000e+00	0.000000000000000000e+00
0.000000000000000000e+00	0.000000000000000000e+00	0.000000000000000000e+00	0.000000000000000000e+00	0.000000000000000000e+00
0.000000000000000000e+00	0.000000000000000000e+00	0.000000000000000000e+00	0.000000000000000000e+00	0.000000000000000000e+00
0.000000000000000000e+00	0.000000000000000000e+00	0.000000000000000000e+00	0.000000000000000000e+00	0.000000000000000000e+00
0.000000000000000000e+00	0.000000000000000000e+00	0.000000000000000000e+00	0.000000000000000000e+00	0.000000000000000000e+00
0.000000000000000000e+00	0.000000000000000000e+00	0.000000000000000000e+00	0.000000000000000000e+00	0.000000000000000000e+00
0.000000000000000000e+00	0.000000000000000000e+00	0.000000000000000000e+00	0.000000000000000000e+00	0.000000000000000000e+00
0.000000000000000000e+00	0.000000000000000000e+00	0.000000000000000000e+00	0.000000000000000000e+00	0.000000000000000000e+00
0.000000000000000000e+00	0.000000000000000000e+00	0.000000000000000000e+00	0.000000000000000000e+00	0.000000000000000000e+00
0.000000000000000000e+00	0.000000000000000000e+00	0.000000000000000000e+00	0.000000000000000000e+00	0.000000000000000000e+00
0.000000000000000000e+00	0.000000000000000000e+00	0.000000000000000000e+00	0.000000000000000000e+00	0.000000000000000000e+00
0.000000000000000000e+00	0.000000000000000000e+00	0.000000000000000000e+00	0.000000000000000000e+00	0.000000000000000000e+00
0.000000000000000000e+00	0.000000000000000000e+00	0.000000000000000000e+00	0.000000000000000000e+00	0.000000000000000000e+00
0.000000000000000000e+00	0.000000000000000000e+00	0.000000000000000000e+00	0.000000000000000000e+00	0.000000000000000000e+00
0.000000000000000000e+00	0.000000000000000000e+00	0.000000000000000000e+00	0.000000000000000000e+00	0.000000000000000000e+00
0.000000000000000000e+00	0.000000000000000000e+00	0.000000000000000000e+00	0.000000000000000000e+00	0.000000000000000000e+00
0.000000000000000000e+00	0.000000000000000000e+00	0.000000000000000000e+00	0.000000000000000000e+00	0.000000000000000000e+00
0.000000000000000000e+00	0.000000000000000000e+00	0.000000000000000000e+00	0.000000000000000000e+00	0.000000000000000000e+00
0.000000000000000000e+00	0.000000000000000000e+00	0.000000000000000000e+00	0.000000000000000000e+00	0.000000000000000000e+00
0.000000000000000000e+00	0.000000000000000000e+00	0.000000000000000000e+00	0.000000000000000000e+00	0.000000000000000000e+00
0.000000000000000000e+00	0.000000000000000000e+00	0.000000000000000000e+00	0.000000000000000000e+00	0.000000000000000000e+00
0.000000000000000000e+00	0.000000000000000000e+00	0.000000000000000000e+00	0.000000000000000000e+00	0.000000000000000000e+00
0.000000000000000000e+00	0.000000000000000000e+00	0.000000000000000000e+00	0.000000000000000000e+00	0.000000000000000000e+00
0.000000000000000000e+00	0.000000000000000000e+00	0.000000000000000000e+00	0.000000000000000000e+00	0.000000000000000000e+00
0.000000000000000000e+00	0.000000000000000000e+00	0.000000000000000000e+00	0.000000000000000000e+00	0.000000000000000000e+00
0.000000000000000000e+00	0.000000000000000000e+00	0.000000000000000000e+00	0.000000000000000000e+00	0.000000000000000000e+00
0.000000000000000000e+00	0.000000000000000000e+00	0.000000000000000000e+00	0.000000000000000000e+00	0.000000000000000000e+00
0.000000000000000000e+00	0.000000000000000000e+00	0.000000000000000000e+00	0.000000000000000000e+00	0.000000000000000000e+00
0.000000000000000000e+00	0.000000000000000000e+00	0.000000000000000000e+00	0.000000000000000000e+00	0.000000000000000000e+00
0.000000000000000000e+00	0.000000000000000000e+00	0.000000000000000000e+00	0.000000000000000000e+00	0.000000000000000000e+00
0.000000000000000000e+00	0.000000000000000000e+00	0.000000000000000000e+00	0.000000000000000000e+00	0.000000000000000000e+00
0.000000000000000000e+00	0.000000000000000000e+00	0.000000000000000000e+00	0.000000000000000000e+00	0.000000000000000000e+00
0.000000000000000000e+00	0.000000000000000000e+00	0.000000000000000000e+00	0.000000000000000000e+00	0.000000000000000000e+00
0.000000000000000000e+00	0.000000000000000000e+00	0.000000000000000000e+00	0.000000000000000000e+00	0.000000000000000000e+00
0.000000000000000000e+00	0.000000000000000000e+00	0.000000000000000000e+00	0.000000000000000000e+00	0.000000000000000000e+00
0.000000000000000000e+00	0.000000000000000000e+00	0.000000000000000000e+00	0.000000000000000000e+00	0.000000000000000000e+00
0.000000000000000000e+00	0.000000000000000000e+00	0.000000000000000000e+00	0.000000000000000000e+00	0.000000000000000000e+00
0.000000000000000000e+00	0.000000000000000000e+00	0.000000000000000000e+00	0.000000000000000000e+00	0.000000000000000000e+00
0.000000000000000000e+00	0.000000000000000000e+00	0.000000000000000000e+00	0.000000000000000000e+00	0.000000000000000000e+00
0.000000000000000000e+00	0.000000000000000000e+00	0.000000000000000000e+00	0.000000000000000000e+00	0.000000000000000000e+00
0.000000000000000000e+00	0.000000000000000000e+00	0.000000000000000000e+00	0.000000000000000000e+00	0.000000000000000000e+00
0.000000000000000000e+00	0.000000000000000000e+00	0.000000000000000000e+00	0.000000000000000000e+00	0.000000000000000000e+00
0.000000000000000000e+00	0.000000000000000000e+00	0.000000000000000000e+00	0.000000000000000000e+00	0.000000000000000000e+00
0.000000000000000000e+00	0.000000000000000000e+00	0.000000000000000000e+00	0.000000000000000000e+00	0.000000000000000000e+00
0.000000000000000000e+00	0.000000000000000000e+00	0.000000000000000000e+00	0.000000000000000000e+00	0.000000000000000000e+00
0.000000000000000000e+00	0.000000000000000000e+00	0.000000000000000000e+00	0.000000000000000000e+00	0.000000000000000000e+00
0.000000000000000000e+00	0.000000000000000000e+00	0.000000000000000000e+00	0.000000000000000000e+00	0.000000000000000000e+00
0.000000000000000000e+00	0.000000000000000000e+00	0.000000000000000000e+00	0.000000000000000000e+00	0.000000000000000000e+00
0.000000000000000000e+00	0.000000000000000000e+00	0.000000000000000000e+00	0.000000000000000000e+00	0.000000000000000000e+00
0.000000000000000000e+00	0.000000000000000000e+00	0.000000000000000000e+00	0.000000000000000000e+00	0.000000000000000000e+00
0.000000000000000000e+00	0.000000000000000000e+00	0.000000000000000000e+00	0.000000000000000000e+00	0.000000000000000000e+00
0.000000000000000000e+00	0.000000000000000000e+00	0.000000000000000000e+00	0.000000000000000000e+00	0.000000000000000000e+00
0.000000000000000000e+00	0.000000000000000000e+00	0.000000000000000000e+00	0.000000000000000000e+00	0.000000000000000000e+00
0.000000000000000000e+00	0.000000000000000000e+00	0.000000000000000000e+00	0.000000000000000000e+00	0.000000000000000000e+00
0.000000000000000000e+00	0.000000000000000000e+00	0.000000000000000000e+00	0.000000000000000000e+00	0.000000000000000000e+00
0.000000000000000000e+00	0.000000000000000000e+00	0.000000000000000000e+00	0.000000000000000000e+00	0.000000000000000000e+00
0.000000000000000000e+00	0.000000000000000000e+00	0.000000000000000000e+00	0.000000000000000000e+00	0.000000000000000000e+00
0.000000000000000000e+00	0.000000000000000000e+00	0.000000000000000000e+00	0.000000000000000000e+00	0.000000000000000000e+00
0.000000000000000000e+00	0.000000000000000000e+00	0.000000000000000000e+00	0.000000000000000000e+00	0.000000000000000000e+00
0.000000000000000000e+00	0.000000000000000000e+00	0.000000000000000000e+00	0.000000000000000000e+00	0.000000000000000000e+00
0.000000000000000000e+00	0.000000000000000000e+00	0.000000000000000000e+00	0.000000000000000000e+00	0.000000000000000000e+00
0.000000000000000000e+00	0.000000000000000000e+00	0.000000000000000000e+00	0.000000000000000000e+00	0.000000000000000000e+00
0.000000000000000000e+00	0.000000000000000000e+00	0.000000000000000000e+00	0.000000000000000000e+00	0.000000000000000000e+00
0.000000000000000000e+00	0.000000000000000000e+00	0.000000000000000000e+00	0.000000000000000000e+00	0.000000000000000000e+00
0.000000000000000000e+00	0.000000000000000000e+00	0.000000000000000000e+00	0.000000000000000000e+00	0.000000000000000000e+00
0.000000000000000000e+00	0.000000000000000000e+00	0.000000000000000000e+00	0.000000000000000000e+00	0.000000000000000000e+00
0.000000000000000000e+00	0.000000000000000000e+00	0.000000000000000000e+00	0.000000000000000000e+00	0.000000000000000000e+00
0.000000000000000000e+00	0.000000000000000000e+00	0.000000000000000000e+00	0.000000000000000000e+00	0.000000000000000000e+00
0.000000000000000000e+00	0.000000000000000000e+00	0.000000000000000000e+00	0.000000000000000000e+00	0.000000000000000000e+00
0.000000000000000000e+00	0.000000000000000000e+00	0.000000000000000000e+00	0.000000000000000000e+00	0.000000000000000000e+00
0.000000000000000000e+00	0.000000000000000000e+00	0.000000000000000000e+00	0.000000000000000000e+00	0.000000000000000000e+00
0.000000000000000000e+00	0.000000000000000000e+00	0.000000000000000000e+00	0.000000000000000000e+00	0.000000000000000000e+00
0.000000000000000000e+00	0.000000000000000000e+00	0.000000000000000000e+00	0.000000000000000000e+00	0.000000000000000000e+00
0.000000000000000000e+00	0.000000000000000000e+00	0.000000000000000000e+00	0.000000000000000000e+00	0.000000000000000000e+00
0.000000000000000000e+00	0.000000000000000000e+00	0.000000000000000000e+00	0.000000000000000000e+00	0.000000000000000000e+00
0.000000000000000000e+00	0.000000000000000000e+00	0.000000000000000000e+00	0.000000000000000000e+00	0.000000000000000000e+00
0.000000000000000000e+00	0.000000000000000000e+00	0.000000000000000000e+00	0.000000000000000000e+00	0.000000000000000000e+00
0.000000000000000000e+00	0.000000000000000000e+00	0.000000000000000000e+00	0.000000000000000000e+00	0.000000000000000000e+00
0.000000000000000000e+00	0.000000000000000000e+00	0.000000000000000000e+00	0.000000000000000000e+00	0.000000000000000000e+00
0.000000000000000000e+00	0.000000000000000000e+00	0.000000000000000000e+00	0.000000000000000000e+00	0.000000000000000000e+00
0.000000000000000000e+00	0.000000000000000000e+00	0.000000000000000000e+00	0.000000000000000000e+00	0.000000000000000000e+00
0.000000000000000000e+00	0.000000000000000000e+00	0.000000000000000000e+00	0.000000000000000000e+00	0.000000000000000000e+00
0.000000000000000000e+00	0.000000000000000000e+00	0.000000000000000000e+00	0.000000000000000000e+00	0.000000000000000000e+00
0.000000000000000000e+00	0.000000000000000000e+00	0.000000000000000000e+00	0.000000000000000000e+00	0.000000000000000000e+00
0.000000000000000000e+00	0.000000000000000000e+00	0.000000000000000000e+00	0.000000000000000000e+00	0.000000000000000000e+00
0.000000000000000000e+00	0.000000000000000000e+00	0.000000000000000000e+00	0.000000000000000000e+00	0.000000000000000000e+00
0.000000000000000000e+00	0.000000000000000000e+00	0.000000000000000000e+00	0.000000000000000000e+00	0.000000000000000000e+00
0.000000000000000000e+00	0.000000000000000000e+00	0.000000000000000000e+00	0.000000000000000000e+00	0.000000000000000000e+00
0.000000000000000000e+00	0.000000000000000000e+00	0.000000000000000000e+00	0.000000000000000000e+00	0.000000000000000000e+00
0.000000000000000000e+00	0.000000000000000000e+00	0.000000000000000000e+00	0.000000000000000000e+00	0.000000000000000000e+00
0.000000000000000000e+00	0.000000000000000000e+00	0.000000000000000000e+00	0.000000000000000000e+00	0.000000000000000000e+00
0.000000000000000000e+00	0.000000000000000000e+00	0.000000000000000000e+00	0.000000000000000000e+00	0.000000000000000000e+00
0.000000000000000000e+00	0.000000000000000000e+00	0.000000000000000000e+00	0.000000000000000000e+00	0.000000000000000000e+00
0.000000000000000000e+00	0.000000000000000000e+00	0.000000000000000000e+00	0.000000000000000000e+00	0.000000000000000000e+00
0.000000000000000000e+00	0.000000000000000000e+00	0.000000000000000000e+00	0.000000000000000000e+00	0.000000000000000000e+00
0.000000000000000000e+00	0.000000000000000000e+00	0.000000000000000000e+00	0.000000000000000000e+00	0.000000000000000000e+00
0.000000000000000000e+00	0.000000000000000000e+00	0.000000000000000000e+00	0.000000000000000000e+00	0.000000000000000000e+00
0.000000000000000000e+00	0.000000000000000000e+00	0.000000000000000000e+00	0.000000000000000000e+00	0.000000000000000000e+00
0.000000000000000000e+00	0.000000000000000000e+00	0.000000000000000000e+00	0.000000000000000000e+00	0.000000000000000000e+00
0.000000000000000000e+00	0.000000000000000000e+00	0.000000000000000000e+00	0.000000000000000000e+00	0.000000000000000000e+00
0.000000000000000000e+00	0.000000000000000000e+00	0.000000000000000000e+00	0.000000000000000000e+00	0.000000000000000000e+00
0.000000000000000000e+00	0.000000000000000000e+00	0.000000000000000000e+00	0.000000000000000000e+00	0.000000000000000000e+00
0.000000000000000000e+00	0.000000000000000000e+00	0.000000000000000000e+00	0.000000000000000000e+00	0.000000000000000000e+00
0.000000000000000000e+00	0.000000000000000000e+00	0.000000000000000000e+00	0.000000000000000000e+00	0.000000000000000000e+00
0.000000000000000000e+00	0.000000000000000000e+00	0.000000000000000000e+00	0.000000000000000000e+00	0.000000000000000000e+00
0.000000000000000000e+00	0.000000000000000000e+00	0.000000000000000000e+00	0.000000000000000000e+00	0.000000000000000000e+00
0.000000000000000000e+00	0.000000000000000000e+00	0.000000000000000000e+00	0.000000000000000000e+00	0.000000000000000000e+00
0.000000000000000000e+00	0.000000000000000000e+00	0.000000000000000000e+00	0.000000000000000000e+00	0.000000000000000000e+00
0.000000000000000000e+00	0.000000000000000000e+00	0.000000000000000000e+00	0.000000000000000000e+00	0.000000000000000000e+00
0.000000000000000000e+00	0.000000000000000000e+00	0.000000000000000000e+00	0.000000000000000000e+00	0.000000000000000000e+00
0.000000000000000000e+00	0.000000000000000000e+00	0.000000000000000000e+00	0.000000000000000000e+00	0.000000000000000000e+00
0.000000000000000000e+00	0.000000000000000000e+00	0.000000000000000000e+00	0.000000000000000000e+00	0.000000000000000000e+00
0.000000000000000000e+00	0.000000000000000000e+00	0.000000000000000000e+00	0.000000000000000000e+00	0.000000000000000000e+00
0.000000000000000000e+00	0.000000000000000000e+00	0.000000000000000000e+00	0.000000000000000000e+00	0.000000000000000000e+00
0.000000000000000000e+00	0.000000000000000000e+00	0.000000000000000000e+00	0.000000000000000000e+00	0.000000000000000000e+00
0.000000000000000000e+00	0.000000000000000000e+00	0.000000000000000000e+00	0.000000000000000000e+00	0.000000000000000000e+00
0.000000000000000000e+00	0.000000000000000000e+00	0.000000000000000000e+00	0.000000000000000000e+00	0.000000000000000000e+00
-3.000838999999999942e+04	0.000000000000000000e+00	0.000000000000000000e+00	4.058961760307626399e-02	0.000000000000000000e+00
-3.000838000000000102e+04	0.000000000000000000e+00	0.000000000000000000e+00	3.601184118167669035e-02	0.000000000000000000e+00
-3.000838000000000102e+04	0.000000000000000000e+00	0.000000000000000000e+00	4.455702383495590418e-02	0.000000000000000000e+00
-3.000836999999999898e+04	0.000000000000000000e+00	0.000000000000000000e+00	3.692739646595660091e-02	0.000000000000000000e+00
-3.000836999999999898e+04	0.000000000000000000e+00	0.000000000000000000e+00	4.242072817163609899e-02	0.000000000000000000e+00
-3.000836000000000058e+04	0.000000000000000000e+00	0.000000000000000000e+00	4.364146855067598668e-02	0.000000000000000000e+00
-3.000834999999999854e+04	0.000000000000000000e+00	0.000000000000000000e+00	3.875850703451643592e-02	0.000000000000000000e+00
-3.000834000000000015e+04	0.000000000000000000e+00	0.000000000000000000e+00	3.814813684499648860e-02	0.000000000000000000e+00
-3.000834000000000015e+04	0.000000000000000000e+00	0.000000000000000000e+00	4.272591326639606918e-02	0.000000000000000000e+00
-3.000833000000000175e+04	0.000000000000000000e+00	0.000000000000000000e+00	3.662221137119663072e-02	0.000000000000000000e+00
-3.000831999999999971e+04	0.000000000000000000e+00	0.000000000000000000e+00	4.150517288735618149e-02	0.000000000000000000e+00
-3.000831999999999971e+04	0.000000000000000000e+00	0.000000000000000000e+00	5.005035554063539532e-02	0.000000000000000000e+00
-3.000831999999999971e+04	0.000000000000000000e+00	0.000000000000000000e+00	4.547257911923581475e-02	0.000000000000000000e+00
-3.000831000000000131e+04	0.000000000000000000e+00	0.000000000000000000e+00	4.547257911923581475e-02	0.000000000000000000e+00
-3.000829000000000087e+04	0.000000000000000000e+00	0.000000000000000000e+00	5.005035554063539532e-02	0.000000000000000000e+00
-3.000829000000000087e+04	0.000000000000000000e+00	0.000000000000000000e+00	4.119998779259621130e-02	0.000000000000000000e+00
-3.000827999999999884e+04	0.000000000000000000e+00	0.000000000000000000e+00	4.852443006683553745e-02	0.000000000000000000e+00
-3.000825999999999840e+04	0.000000000000000000e+00	0.000000000000000000e+00	3.875850703451643592e-02	0.000000000000000000e+00
-3.000825000000000000e+04	0.000000000000000000e+00	0.000000000000000000e+00	3.570665608691671322e-02	0.000000000000000000e+00
-3.000824000000000160e+04	0.000000000000000000e+00	0.000000000000000000e+00	3.540147099215674303e-02	0.000000000000000000e+00
-3.000822999999999956e+04	0.000000000000000000e+00	0.000000000000000000e+00	4.638813440351573225e-02	0.000000000000000000e+00
-3.000822000000000116e+04	0.000000000000000000e+00	0.000000000000000000e+00	4.547257911923581475e-02	0.000000000000000000e+00
-3.000820999999999913e+04	0.000000000000000000e+00	0.000000000000000000e+00	4.821924497207556726e-02	0.000000000000000000e+00
-3.000820999999999913e+04	0.000000000000000000e+00	0.000000000000000000e+00	5.066072573015534264e-02	0.000000000000000000e+00
-3.000820000000000073e+04	0.000000000000000000e+00	0.000000000000000000e+00	3.814813684499648860e-02	0.000000000000000000e+00
-3.000820000000000073e+04	0.000000000000000000e+00	0.000000000000000000e+00	3.784295175023651842e-02	0.000000000000000000e+00
-3.000818999999999869e+04	0.000000000000000000e+00	0.000000000000000000e+00	5.249183629871517071e-02	0.000000000000000000e+00
-3.000818000000000029e+04	0.000000000000000000e+00	0.000000000000000000e+00	4.516739402447584456e-02	0.000000000000000000e+00
-3.000818000000000029e+04	0.000000000000000000e+00	0.000000000000000000e+00	5.218665120395520052e-02	0.000000000000000000e+00
-3.000815999999999985e+04	0.000000000000000000e+00	0.000000000000000000e+00	3.875850703451643592e-02	0.000000000000000000e+00
-3.000815999999999985e+04	0.000000000000000000e+00	0.000000000000000000e+00	3.814813684499648860e-02	0.000000000000000000e+00
-3.000815000000000146e+04	0.000000000000000000e+00	0.000000000000000000e+00	4.303109836115603937e-02	0.000000000000000000e+00
-3.000815000000000146e+04	0.000000000000000000e+00	0.000000000000000000e+00	4.028443250831629380e-02	0.000000000000000000e+00
-3.000813999999999942e+04	0.000000000000000000e+00	0.000000000000000000e+00	2.197332682271797843e-02	0.000000000000000000e+00
-3.000813999999999942e+04	0.000000000000000000e+00	0.000000000000000000e+00	3.814813684499648860e-02	0.000000000000000000e+00
-3.000813000000000102e+04	0.000000000000000000e+00	0.000000000000000000e+00	4.943998535111545495e-02	0.000000000000000000e+00
-3.000813000000000102e+04	0.000000000000000000e+00	0.000000000000000000e+00	4.303109836115603937e-02	0.000000000000000000e+00
-3.000811999999999898e+04	0.000000000000000000e+00	0.000000000000000000e+00	3.997924741355632361e-02	0.000000000000000000e+00
-3.000809999999999854e+04	0.000000000000000000e+00	0.000000000000000000e+00	3.997924741355632361e-02	0.000000000000000000e+00
-3.000809000000000015e+04	0.000000000000000000e+00	0.000000000000000000e+00	4.089480269783624111e-02	0.000000000000000000e+00
-3.000808000000000175e+04	0.000000000000000000e+00	0.000000000000000000e+00	4.516739402447584456e-02	0.000000000000000000e+00
-3.000808000000000175e+04	0.000000000000000000e+00	0.000000000000000000e+00	4.272591326639606918e-02	0.000000000000000000e+00
-3.000806000000000131e+04	0.000000000000000000e+00	0.000000000000000000e+00	3.692739646595660091e-02	0.000000000000000000e+00
-3.000806000000000131e+04	0.000000000000000000e+00	0.000000000000000000e+00	3.570665608691671322e-02	0.000000000000000000e+00
-3.000804999999999927e+04	0.000000000000000000e+00	0.000000000000000000e+00	4.760887478255561994e-02	0.000000000000000000e+00
-3.000804000000000087e+04	0.000000000000000000e+00	0.000000000000000000e+00	4.364146855067598668e-02	0.000000000000000000e+00
-3.000802999999999884e+04	0.000000000000000000e+00	0.000000000000000000e+00	3.540147099215674303e-02	0.000000000000000000e+00
-3.000802000000000044e+04	0.000000000000000000e+00	0.000000000000000000e+00	5.249183629871517071e-02	0.000000000000000000e+00
-3.000800999999999840e+04	0.000000000000000000e+00	0.000000000000000000e+00	4.455702383495590418e-02	0.000000000000000000e+00
-3.000800999999999840e+04	0.000000000000000000e+00	0.000000000000000000e+00	4.608294930875576206e-02	0.000000000000000000e+00
-3.000800000000000000e+04	0.000000000000000000e+00	0.000000000000000000e+00	4.913480025635547782e-02	0.000000000000000000e+00
-3.000799000000000160e+04	0.000000000000000000e+00	0.000000000000000000e+00	5.523850215155491628e-02	0.000000000000000000e+00
-3.000797999999999956e+04	0.000000000000000000e+00	0.000000000000000000e+00	4.577776421399579188e-02	0.000000000000000000e+00
-3.000797999999999956e+04	0.000000000000000000e+00	0.000000000000000000e+00	3.936887722403637629e-02	0.000000000000000000e+00
-3.000797999999999956e+04	0.000000000000000000e+00	0.000000000000000000e+00	5.096591082491531283e-02	0.000000000000000000e+00
-3.000797000000000116e+04	0.000000000000000000e+00	0.000000000000000000e+00	4.791405987731559013e-02	0.000000000000000000e+00
-3.000795999999999913e+04	0.000000000000000000e+00	0.000000000000000000e+00	4.028443250831629380e-02	0.000000000000000000e+00
-3.000795000000000073e+04	0.000000000000000000e+00	0.000000000000000000e+00	3.631702627643666054e-02	0.000000000000000000e+00
-3.000795000000000073e+04	0.000000000000000000e+00	0.000000000000000000e+00	4.516739402447584456e-02	0.000000000000000000e+00
-3.000793999999999869e+04	0.000000000000000000e+00	0.000000000000000000e+00	4.089480269783624111e-02	0.000000000000000000e+00
-3.000793999999999869e+04	0.000000000000000000e+00	0.000000000000000000e+00	4.608294930875576206e-02	0.000000000000000000e+00
-3.000793000000000029e+04	0.000000000000000000e+00	0.000000000000000000e+00	4.913480025635547782e-02	0.000000000000000000e+00
-3.000791999999999825e+04	0.000000000000000000e+00	0.000000000000000000e+00	4.638813440351573225e-02	0.000000000000000000e+00
-3.000790000000000146e+04	0.000000000000000000e+00	0.000000000000000000e+00	4.272591326639606918e-02	0.000000000000000000e+00
-3.000790000000000146e+04	0.000000000000000000e+00	0.000000000000000000e+00	3.784295175023651842e-02	0.000000000000000000e+00
-3.000790000000000146e+04	0.000000000000000000e+00	0.000000000000000000e+00	4.852443006683553745e-02	0.000000000000000000e+00
-3.000788000000000102e+04	0.000000000000000000e+00	0.000000000000000000e+00	4.211554307687612880e-02	0.000000000000000000e+00
-3.000786999999999898e+04	0.000000000000000000e+00	0.000000000000000000e+00	4.242072817163609899e-02	0.000000000000000000e+00
-3.000786000000000058e+04	0.000000000000000000e+00	0.000000000000000000e+00	2.868739890743736073e-02	0.000000000000000000e+00
-3.000784999999999854e+04	0.000000000000000000e+00	0.000000000000000000e+00	3.936887722403637629e-02	0.000000000000000000e+00
-3.000784000000000015e+04	0.000000000000000000e+00	0.000000000000000000e+00	4.272591326639606918e-02	0.000000000000000000e+00
-3.000783000000000175e+04	0.000000000000000000e+00	0.000000000000000000e+00	4.394665364543595687e-02	0.000000000000000000e+00
-3.000781999999999971e+04	0.000000000000000000e+00	0.000000000000000000e+00	4.394665364543595687e-02	0.000000000000000000e+00
-3.000781000000000131e+04	0.000000000000000000e+00	0.000000000000000000e+00	4.943998535111545495e-02	0.000000000000000000e+00
-3.000779999999999927e+04	0.000000000000000000e+00	0.000000000000000000e+00	5.340739158299508821e-02	0.000000000000000000e+00
-3.000779000000000087e+04	0.000000000000000000e+00	0.000000000000000000e+00	4.577776421399579188e-02	0.000000000000000000e+00
-3.000779000000000087e+04	0.000000000000000000e+00	0.000000000000000000e+00	3.997924741355632361e-02	0.000000000000000000e+00
-3.000777999999999884e+04	0.000000000000000000e+00	0.000000000000000000e+00	4.150517288735618149e-02	0.000000000000000000e+00
-3.000777000000000044e+04	0.000000000000000000e+00	0.000000000000000000e+00	3.845332193975646573e-02	0.000000000000000000e+00
-3.000775999999999840e+04	0.000000000000000000e+00	0.000000000000000000e+00	3.875850703451643592e-02	0.000000000000000000e+00
-3.000775000000000000e+04	0.000000000000000000e+00	0.000000000000000000e+00	4.272591326639606918e-02	0.000000000000000000e+00
-3.000774000000000160e+04	0.000000000000000000e+00	0.000000000000000000e+00	4.577776421399579188e-02	0.000000000000000000e+00
-3.000772999999999956e+04	0.000000000000000000e+00	0.000000000000000000e+00	4.242072817163609899e-02	0.000000000000000000e+00
-3.000772000000000116e+04	0.000000000000000000e+00	0.000000000000000000e+00	4.699850459303567957e-02	0.000000000000000000e+00
-3.000772000000000116e+04	0.000000000000000000e+00	0.000000000000000000e+00	4.303109836115603937e-02	0.000000000000000000e+00
-3.000770999999999913e+04	0.000000000000000000e+00	0.000000000000000000e+00	5.340739158299508821e-02	0.000000000000000000e+00
-3.000770999999999913e+04	0.000000000000000000e+00	0.000000000000000000e+00	5.615405743583483378e-02	0.000000000000000000e+00
-3.000768999999999869e+04	0.000000000000000000e+00	0.000000000000000000e+00	3.875850703451643592e-02	0.000000000000000000e+00
-3.000768000000000029e+04	0.000000000000000000e+00	0.000000000000000000e+00	5.005035554063539532e-02	0.000000000000000000e+00
-3.000766999999999825e+04	0.000000000000000000e+00	0.000000000000000000e+00	4.242072817163609899e-02	0.000000000000000000e+00
-3.000765000000000146e+04	0.000000000000000000e+00	0.000000000000000000e+00	4.791405987731559013e-02	0.000000000000000000e+00
-3.000763999999999942e+04	0.000000000000000000e+00	0.000000000000000000e+00	3.845332193975646573e-02	0.000000000000000000e+00
-3.000763000000000102e+04	0.000000000000000000e+00	0.000000000000000000e+00	4.852443006683553745e-02	0.000000000000000000e+00
-3.000761999999999898e+04	0.000000000000000000e+00	0.000000000000000000e+00	4.058961760307626399e-02	0.000000000000000000e+00
-3.000759999999999854e+04	0.000000000000000000e+00	0.000000000000000000e+00	4.333628345591601649e-02	0.000000000000000000e+00
-3.000759999999999854e+04	0.000000000000000000e+00	0.000000000000000000e+00	3.936887722403637629e-02	0.000000000000000000e+00
-3.000759000000000015e+04	0.000000000000000000e+00	0.000000000000000000e+00	3.906369212927640611e-02	0.000000000000000000e+00
-3.000758000000000175e+04	0.000000000000000000e+00	0.000000000000000000e+00	4.699850459303567957e-02	0.000000000000000000e+00
-3.000756999999999971e+04	0.000000000000000000e+00	0.000000000000000000e+00	5.005035554063539532e-02	0.000000000000000000e+00
-3.000756999999999971e+04	0.000000000000000000e+00	0.000000000000000000e+00	4.913480025635547782e-02	0.000000000000000000e+00
-3.000756000000000131e+04	0.000000000000000000e+00	0.000000000000000000e+00	3.906369212927640611e-02	0.000000000000000000e+00
-3.000754999999999927e+04	0.000000000000000000e+00	0.000000000000000000e+00	4.943998535111545495e-02	0.000000000000000000e+00
-3.000754000000000087e+04	0.000000000000000000e+00	0.000000000000000000e+00	4.272591326639606918e-02	0.000000000000000000e+00
-3.000752999999999884e+04	0.000000000000000000e+00	0.000000000000000000e+00	3.601184118167669035e-02	0.000000000000000000e+00
-3.000752999999999884e+04	0.000000000000000000e+00	0.000000000000000000e+00	4.455702383495590418e-02	0.000000000000000000e+00
-3.000752000000000044e+04	0.000000000000000000e+00	0.000000000000000000e+00	4.364146855067598668e-02	0.000000000000000000e+00
-3.000750999999999840e+04	0.000000000000000000e+00	0.000000000000000000e+00	4.364146855067598668e-02	0.000000000000000000e+00
-3.000750000000000000e+04	0.000000000000000000e+00	0.000000000000000000e+00	4.913480025635547782e-02	0.000000000000000000e+00
-3.000750000000000000e+04	0.000000000000000000e+00	0.000000000000000000e+00	4.608294930875576206e-02	0.000000000000000000e+00
-3.000747999999999956e+04	0.000000000000000000e+00	0.000000000000000000e+00	5.188146610919523033e-02	0.000000000000000000e+00
-3.000747000000000116e+04	0.000000000000000000e+00	0.000000000000000000e+00	4.974517044587542514e-02	0.000000000000000000e+00
-3.000745000000000073e+04	0.000000000000000000e+00	0.000000000000000000e+00	5.554368724631489340e-02	0.000000000000000000e+00
-3.000743999999999869e+04	0.000000000000000000e+00	0.000000000000000000e+00	4.699850459303567957e-02	0.000000000000000000e+00
-3.000741999999999825e+04	0.000000000000000000e+00	0.000000000000000000e+00	4.699850459303567957e-02	0.000000000000000000e+00
-3.000740999999999985e+04	0.000000000000000000e+00	0.000000000000000000e+00	5.005035554063539532e-02	0.000000000000000000e+00
-3.000740000000000146e+04	0.000000000000000000e+00	0.000000000000000000e+00	4.364146855067598668e-02	0.000000000000000000e+00
-3.000738000000000102e+04	0.000000000000000000e+00	0.000000000000000000e+00	5.554368724631489340e-02	0.000000000000000000e+00
-3.000736999999999898e+04	0.000000000000000000e+00	0.000000000000000000e+00	5.401776177251502858e-02	0.000000000000000000e+00
-3.000736000000000058e+04	0.000000000000000000e+00	0.000000000000000000e+00	4.608294930875576206e-02	0.000000000000000000e+00
-3.000734000000000015e+04	0.000000000000000000e+00	0.000000000000000000e+00	4.211554307687612880e-02	0.000000000000000000e+00
-3.000733000000000175e+04	0.000000000000000000e+00	0.000000000000000000e+00	6.164738914151433186e-02	0.000000000000000000e+00
-3.000731999999999971e+04	0.000000000000000000e+00	0.000000000000000000e+00	4.638813440351573225e-02	0.000000000000000000e+00
-3.000731000000000131e+04	0.000000000000000000e+00	0.000000000000000000e+00	4.242072817163609899e-02	0.000000000000000000e+00
-3.000729000000000087e+04	0.000000000000000000e+00	0.000000000000000000e+00	4.364146855067598668e-02	0.000000000000000000e+00
-3.000729000000000087e+04	0.000000000000000000e+00	0.000000000000000000e+00	4.242072817163609899e-02	0.000000000000000000e+00
-3.000727999999999884e+04	0.000000000000000000e+00	0.000000000000000000e+00	5.279702139347514089e-02	0.000000000000000000e+00
-3.000727000000000044e+04	0.000000000000000000e+00	0.000000000000000000e+00	5.432294686727500571e-02	0.000000000000000000e+00
-3.000725000000000000e+04	0.000000000000000000e+00	0.000000000000000000e+00	5.676442762535478109e-02	0.000000000000000000e+00
-3.000725000000000000e+04	0.000000000000000000e+00	0.000000000000000000e+00	5.279702139347514089e-02	0.000000000000000000e+00
-3.000724000000000160e+04	0.000000000000000000e+00	0.000000000000000000e+00	5.401776177251502858e-02	0.000000000000000000e+00
-3.000722999999999956e+04	0.000000000000000000e+00	0.000000000000000000e+00	6.012146366771446704e-02	0.000000000000000000e+00
-3.000720999999999913e+04	0.000000000000000000e+00	0.000000000000000000e+00	5.096591082491531283e-02	0.000000000000000000e+00
-3.000720000000000073e+04	0.000000000000000000e+00	0.000000000000000000e+00	4.821924497207556726e-02	0.000000000000000000e+00
-3.000718999999999869e+04	0.000000000000000000e+00	0.000000000000000000e+00	4.852443006683553745e-02	0.000000000000000000e+00
-3.000716999999999825e+04	0.000000000000000000e+00	0.000000000000000000e+00	5.676442762535478109e-02	0.000000000000000000e+00
-3.000715000000000146e+04	0.000000000000000000e+00	0.000000000000000000e+00	5.676442762535478109e-02	0.000000000000000000e+00
-3.000713999999999942e+04	0.000000000000000000e+00	0.000000000000000000e+00	4.699850459303567957e-02	0.000000000000000000e+00
-3.000711999999999898e+04	0.000000000000000000e+00	0.000000000000000000e+00	4.760887478255561994e-02	0.000000000000000000e+00
-3.000709999999999854e+04	0.000000000000000000e+00	0.000000000000000000e+00	4.028443250831629380e-02	0.000000000000000000e+00
-3.000709000000000015e+04	0.000000000000000000e+00	0.000000000000000000e+00	4.699850459303567957e-02	0.000000000000000000e+00
-3.000706999999999971e+04	0.000000000000000000e+00	0.000000000000000000e+00	4.577776421399579188e-02	0.000000000000000000e+00
-3.000706000000000131e+04	0.000000000000000000e+00	0.000000000000000000e+00	4.638813440351573225e-02	0.000000000000000000e+00
-3.000706000000000131e+04	0.000000000000000000e+00	0.000000000000000000e+00	4.638813440351573225e-02	0.000000000000000000e+00
-3.000704999999999927e+04	0.000000000000000000e+00	0.000000000000000000e+00	4.760887478255561994e-02	0.000000000000000000e+00
-3.000704000000000087e+04	0.000000000000000000e+00	0.000000000000000000e+00	5.249183629871517071e-02	0.000000000000000000e+00
-3.000702999999999884e+04	0.000000000000000000e+00	0.000000000000000000e+00	4.455702383495590418e-02	0.000000000000000000e+00
-3.000702000000000044e+04	0.000000000000000000e+00	0.000000000000000000e+00	4.516739402447584456e-02	0.000000000000000000e+00
-3.000700999999999840e+04	0.000000000000000000e+00	0.000000000000000000e+00	5.676442762535478109e-02	0.000000000000000000e+00
-3.000700000000000000e+04	0.000000000000000000e+00	0.000000000000000000e+00	5.096591082491531283e-02	0.000000000000000000e+00
-3.000697999999999956e+04	0.000000000000000000e+00	0.000000000000000000e+00	5.645924253059480397e-02	0.000000000000000000e+00
-3.000695999999999913e+04	0.000000000000000000e+00	0.000000000000000000e+00	6.012146366771446704e-02	0.000000000000000000e+00
-3.000693999999999869e+04	0.000000000000000000e+00	0.000000000000000000e+00	5.096591082491531283e-02	0.000000000000000000e+00
-3.000691999999999825e+04	0.000000000000000000e+00	0.000000000000000000e+00	5.676442762535478109e-02	0.000000000000000000e+00
-3.000690999999999985e+04	0.000000000000000000e+00	0.000000000000000000e+00	5.737479781487472147e-02	0.000000000000000000e+00
-3.000688999999999942e+04	0.000000000000000000e+00	0.000000000000000000e+00	5.676442762535478109e-02	0.000000000000000000e+00
-3.000686999999999898e+04	0.000000000000000000e+00	0.000000000000000000e+00	6.042664876247444417e-02	0.000000000000000000e+00
-3.000686000000000058e+04	0.000000000000000000e+00	0.000000000000000000e+00	5.157628101443525320e-02	0.000000000000000000e+00
-3.000684999999999854e+04	0.000000000000000000e+00	0.000000000000000000e+00	4.730368968779564975e-02	0.000000000000000000e+00
-3.000684000000000015e+04	0.000000000000000000e+00	0.000000000000000000e+00	4.821924497207556726e-02	0.000000000000000000e+00
-3.000683000000000175e+04	0.000000000000000000e+00	0.000000000000000000e+00	4.943998535111545495e-02	0.000000000000000000e+00
-3.000681999999999971e+04	0.000000000000000000e+00	0.000000000000000000e+00	5.951109347819452666e-02	0.000000000000000000e+00
-3.000681000000000131e+04	0.000000000000000000e+00	0.000000000000000000e+00	5.798516800439466878e-02	0.000000000000000000e+00
-3.000679999999999927e+04	0.000000000000000000e+00	0.000000000000000000e+00	5.188146610919523033e-02	0.000000000000000000e+00
-3.000679000000000087e+04	0.000000000000000000e+00	0.000000000000000000e+00	5.767998290963469166e-02	0.000000000000000000e+00
-3.000677000000000044e+04	0.000000000000000000e+00	0.000000000000000000e+00	5.401776177251502858e-02	0.000000000000000000e+00
-3.000675000000000000e+04	0.000000000000000000e+00	0.000000000000000000e+00	5.706961272011475128e-02	0.000000000000000000e+00
-3.000674000000000160e+04	0.000000000000000000e+00	0.000000000000000000e+00	5.432294686727500571e-02	0.000000000000000000e+00
-3.000672000000000116e+04	0.000000000000000000e+00	0.000000000000000000e+00	5.676442762535478109e-02	0.000000000000000000e+00
-3.000670999999999913e+04	0.000000000000000000e+00	0.000000000000000000e+00	5.035554063539536551e-02	0.000000000000000000e+00
-3.000668999999999869e+04	0.000000000000000000e+00	0.000000000000000000e+00	5.066072573015534264e-02	0.000000000000000000e+00
-3.000668000000000029e+04	0.000000000000000000e+00	0.000000000000000000e+00	5.096591082491531283e-02	0.000000000000000000e+00
-3.000665999999999985e+04	0.000000000000000000e+00	0.000000000000000000e+00	4.699850459303567957e-02	0.000000000000000000e+00
-3.000665000000000146e+04	0.000000000000000000e+00	0.000000000000000000e+00	3.173924985503707996e-02	0.000000000000000000e+00
-3.000663999999999942e+04	0.000000000000000000e+00	0.000000000000000000e+00	5.432294686727500571e-02	0.000000000000000000e+00
-3.000661999999999898e+04	0.000000000000000000e+00	0.000000000000000000e+00	5.493331705679494609e-02	0.000000000000000000e+00
-3.000661000000000058e+04	0.000000000000000000e+00	0.000000000000000000e+00	5.798516800439466878e-02	0.000000000000000000e+00
-3.000659999999999854e+04	0.000000000000000000e+00	0.000000000000000000e+00	5.340739158299508821e-02	0.000000000000000000e+00
-3.000658000000000175e+04	0.000000000000000000e+00	0.000000000000000000e+00	4.974517044587542514e-02	0.000000000000000000e+00
-3.000654999999999927e+04	0.000000000000000000e+00	0.000000000000000000e+00	5.981627857295449685e-02	0.000000000000000000e+00
-3.000652999999999884e+04	0.000000000000000000e+00	0.000000000000000000e+00	5.676442762535478109e-02	0.000000000000000000e+00
-3.000650000000000000e+04	0.000000000000000000e+00	0.000000000000000000e+00	5.523850215155491628e-02	0.000000000000000000e+00
-3.000647999999999956e+04	0.000000000000000000e+00	0.000000000000000000e+00	5.279702139347514089e-02	0.000000000000000000e+00
-3.000647000000000116e+04	0.000000000000000000e+00	0.000000000000000000e+00	5.554368724631489340e-02	0.000000000000000000e+00
-3.000645000000000073e+04	0.000000000000000000e+00	0.000000000000000000e+00	5.279702139347514089e-02	0.000000000000000000e+00
-3.000643999999999869e+04	0.000000000000000000e+00	0.000000000000000000e+00	6.469924008911405455e-02	0.000000000000000000e+00
-3.000641999999999825e+04	0.000000000000000000e+00	0.000000000000000000e+00	6.256294442579424242e-02	0.000000000000000000e+00
-3.000640999999999985e+04	0.000000000000000000e+00	0.000000000000000000e+00	5.676442762535478109e-02	0.000000000000000000e+00
-3.000638999999999942e+04	0.000000000000000000e+00	0.000000000000000000e+00	5.493331705679494609e-02	0.000000000000000000e+00
-3.000638000000000102e+04	0.000000000000000000e+00	0.000000000000000000e+00	6.714072084719382993e-02	0.000000000000000000e+00
-3.000636999999999898e+04	0.000000000000000000e+00	0.000000000000000000e+00	5.798516800439466878e-02	0.000000000000000000e+00
-3.000634999999999854e+04	0.000000000000000000e+00	0.000000000000000000e+00	6.347849971007415992e-02	0.000000000000000000e+00
-3.000631999999999971e+04	0.000000000000000000e+00	0.000000000000000000e+00	5.279702139347514089e-02	0.000000000000000000e+00
-3.000629999999999927e+04	0.000000000000000000e+00	0.000000000000000000e+00	5.615405743583483378e-02	0.000000000000000000e+00
-3.000629000000000087e+04	0.000000000000000000e+00	0.000000000000000000e+00	5.432294686727500571e-02	0.000000000000000000e+00
-3.000627000000000044e+04	0.000000000000000000e+00	0.000000000000000000e+00	5.432294686727500571e-02	0.000000000000000000e+00
-3.000625000000000000e+04	0.000000000000000000e+00	0.000000000000000000e+00	5.554368724631489340e-02	0.000000000000000000e+00
-3.000624000000000160e+04	0.000000000000000000e+00	0.000000000000000000e+00	5.676442762535478109e-02	0.000000000000000000e+00
-3.000622000000000116e+04	0.000000000000000000e+00	0.000000000000000000e+00	6.408886989959410030e-02	0.000000000000000000e+00
-3.000620999999999913e+04	0.000000000000000000e+00	0.000000000000000000e+00	6.225775933103427223e-02	0.000000000000000000e+00
-3.000618000000000029e+04	0.000000000000000000e+00	0.000000000000000000e+00	6.317331461531418280e-02	0.000000000000000000e+00
-3.000615999999999985e+04	0.000000000000000000e+00	0.000000000000000000e+00	5.981627857295449685e-02	0.000000000000000000e+00
-3.000613999999999942e+04	0.000000000000000000e+00	0.000000000000000000e+00	5.218665120395520052e-02	0.000000000000000000e+00
-3.000613000000000102e+04	0.000000000000000000e+00	0.000000000000000000e+00	6.164738914151433186e-02	0.000000000000000000e+00
-3.000611000000000058e+04	0.000000000000000000e+00	0.000000000000000000e+00	5.737479781487472147e-02	0.000000000000000000e+00
-3.000608000000000175e+04	0.000000000000000000e+00	0.000000000000000000e+00	5.218665120395520052e-02	0.000000000000000000e+00
-3.000604999999999927e+04	0.000000000000000000e+00	0.000000000000000000e+00	6.927701651051362819e-02	0.000000000000000000e+00
-3.000604000000000087e+04	0.000000000000000000e+00	0.000000000000000000e+00	6.347849971007415992e-02	0.000000000000000000e+00
-3.000602000000000044e+04	0.000000000000000000e+00	0.000000000000000000e+00	4.760887478255561994e-02	0.000000000000000000e+00
-3.000599000000000160e+04	0.000000000000000000e+00	0.000000000000000000e+00	6.164738914151433186e-02	0.000000000000000000e+00
-3.000595999999999913e+04	0.000000000000000000e+00	0.000000000000000000e+00	6.012146366771446704e-02	0.000000000000000000e+00
-3.000593999999999869e+04	0.000000000000000000e+00	0.000000000000000000e+00	6.927701651051362819e-02	0.000000000000000000e+00
-3.000591999999999825e+04	0.000000000000000000e+00	0.000000000000000000e+00	6.042664876247444417e-02	0.000000000000000000e+00
-3.000590000000000146e+04	0.000000000000000000e+00	0.000000000000000000e+00	6.866664632099368781e-02	0.000000000000000000e+00
-3.000588000000000102e+04	0.000000000000000000e+00	0.000000000000000000e+00	5.981627857295449685e-02	0.000000000000000000e+00
-3.000584999999999854e+04	0.000000000000000000e+00	0.000000000000000000e+00	6.500442518387401780e-02	0.000000000000000000e+00
-3.000583000000000175e+04	0.000000000000000000e+00	0.000000000000000000e+00	5.523850215155491628e-02	0.000000000000000000e+00
-3.000581000000000131e+04	0.000000000000000000e+00	0.000000000000000000e+00	5.737479781487472147e-02	0.000000000000000000e+00
-3.000577999999999884e+04	0.000000000000000000e+00	0.000000000000000000e+00	6.256294442579424242e-02	0.000000000000000000e+00
-3.000575999999999840e+04	0.000000000000000000e+00	0.000000000000000000e+00	6.866664632099368781e-02	0.000000000000000000e+00
-3.000574000000000160e+04	0.000000000000000000e+00	0.000000000000000000e+00	5.859553819391460916e-02	0.000000000000000000e+00
-3.000572999999999956e+04	0.000000000000000000e+00	0.000000000000000000e+00	6.103701895199438454e-02	0.000000000000000000e+00
-3.000570000000000073e+04	0.000000000000000000e+00	0.000000000000000000e+00	6.317331461531418280e-02	0.000000000000000000e+00
-3.000566999999999825e+04	0.000000000000000000e+00	0.000000000000000000e+00	6.317331461531418280e-02	0.000000000000000000e+00
-3.000563999999999942e+04	0.000000000000000000e+00	0.000000000000000000e+00	6.439405499435407743e-02	0.000000000000000000e+00
-3.000563000000000102e+04	0.000000000000000000e+00	0.000000000000000000e+00	6.347849971007415992e-02	0.000000000000000000e+00
-3.000559999999999854e+04	0.000000000000000000e+00	0.000000000000000000e+00	6.500442518387401780e-02	0.000000000000000000e+00
-3.000558000000000175e+04	0.000000000000000000e+00	0.000000000000000000e+00	7.049775688955350894e-02	0.000000000000000000e+00
-3.000554999999999927e+04	0.000000000000000000e+00	0.000000000000000000e+00	6.256294442579424242e-02	0.000000000000000000e+00
-3.000552000000000044e+04	0.000000000000000000e+00	0.000000000000000000e+00	5.951109347819452666e-02	0.000000000000000000e+00
-3.000550000000000000e+04	0.000000000000000000e+00	0.000000000000000000e+00	6.500442518387401780e-02	0.000000000000000000e+00
-3.000547999999999956e+04	0.000000000000000000e+00	0.000000000000000000e+00	6.744590594195379318e-02	0.000000000000000000e+00
-3.000543999999999869e+04	0.000000000000000000e+00	0.000000000000000000e+00	6.561479537339395818e-02	0.000000000000000000e+00
-3.000540999999999985e+04	0.000000000000000000e+00	0.000000000000000000e+00	7.354960783715323858e-02	0.000000000000000000e+00
-3.000538000000000102e+04	0.000000000000000000e+00	0.000000000000000000e+00	6.439405499435407743e-02	0.000000000000000000e+00
-3.000534999999999854e+04	0.000000000000000000e+00	0.000000000000000000e+00	6.378368480483413705e-02	0.000000000000000000e+00
-3.000531999999999971e+04	0.000000000000000000e+00	0.000000000000000000e+00	6.836146122623371069e-02	0.000000000000000000e+00
-3.000529999999999927e+04	0.000000000000000000e+00	0.000000000000000000e+00	6.683553575243385281e-02	0.000000000000000000e+00
-3.000527000000000044e+04	0.000000000000000000e+00	0.000000000000000000e+00	6.866664632099368781e-02	0.000000000000000000e+00
-3.000525000000000000e+04	0.000000000000000000e+00	0.000000000000000000e+00	7.049775688955350894e-02	0.000000000000000000e+00
-3.000522000000000116e+04	0.000000000000000000e+00	0.000000000000000000e+00	6.958220160527360532e-02	0.000000000000000000e+00
-3.000518999999999869e+04	0.000000000000000000e+00	0.000000000000000000e+00	7.812738425855281221e-02	0.000000000000000000e+00
-3.000515000000000146e+04	0.000000000000000000e+00	0.000000000000000000e+00	7.263405255287332107e-02	0.000000000000000000e+00
-3.000511000000000058e+04	0.000000000000000000e+00	0.000000000000000000e+00	6.714072084719382993e-02	0.000000000000000000e+00
-3.000508000000000175e+04	0.000000000000000000e+00	0.000000000000000000e+00	7.721182897427289471e-02	0.000000000000000000e+00
-3.000504999999999927e+04	0.000000000000000000e+00	0.000000000000000000e+00	7.263405255287332107e-02	0.000000000000000000e+00
-3.000502000000000044e+04	0.000000000000000000e+00	0.000000000000000000e+00	8.087405011139256472e-02	0.000000000000000000e+00
-3.000500000000000000e+04	0.000000000000000000e+00	0.000000000000000000e+00	7.965330973235267009e-02	0.000000000000000000e+00
-3.000497999999999956e+04	0.000000000000000000e+00	0.000000000000000000e+00	7.629627368999297721e-02	0.000000000000000000e+00
-3.000495000000000073e+04	0.000000000000000000e+00	0.000000000000000000e+00	7.629627368999297721e-02	0.000000000000000000e+00
-3.000491999999999825e+04	0.000000000000000000e+00	0.000000000000000000e+00	7.751701406903287184e-02	0.000000000000000000e+00
-3.000488000000000102e+04	0.000000000000000000e+00	0.000000000000000000e+00	7.415997802667317895e-02	0.000000000000000000e+00
-3.000484000000000015e+04	0.000000000000000000e+00	0.000000000000000000e+00	7.171849726859340357e-02	0.000000000000000000e+00
-3.000479999999999927e+04	0.000000000000000000e+00	0.000000000000000000e+00	7.141331217383342644e-02	0.000000000000000000e+00
-3.000475999999999840e+04	0.000000000000000000e+00	0.000000000000000000e+00	8.728293710135197336e-02	0.000000000000000000e+00
-3.000472000000000116e+04	0.000000000000000000e+00	0.000000000000000000e+00	8.087405011139256472e-02	0.000000000000000000e+00
-3.000468000000000029e+04	0.000000000000000000e+00	0.000000000000000000e+00	8.606219672231207873e-02	0.000000000000000000e+00
-3.000465999999999985e+04	0.000000000000000000e+00	0.000000000000000000e+00	8.270516067995238585e-02	0.000000000000000000e+00
-3.000461999999999898e+04	0.000000000000000000e+00	0.000000000000000000e+00	8.575701162755211548e-02	0.000000000000000000e+00
-3.000458000000000175e+04	0.000000000000000000e+00	0.000000000000000000e+00	8.514664143803216123e-02	0.000000000000000000e+00
-3.000454999999999927e+04	0.000000000000000000e+00	0.000000000000000000e+00	9.552293465987121701e-02	0.000000000000000000e+00
-3.000450999999999840e+04	0.000000000000000000e+00	0.000000000000000000e+00	8.758812219611193661e-02	0.000000000000000000e+00
-3.000447000000000116e+04	0.000000000000000000e+00	0.000000000000000000e+00	8.819849238563189087e-02	0.000000000000000000e+00
-3.000443000000000029e+04	0.000000000000000000e+00	0.000000000000000000e+00	8.239997558519242260e-02	0.000000000000000000e+00
-3.000438999999999942e+04	0.000000000000000000e+00	0.000000000000000000e+00	8.148442030091250510e-02	0.000000000000000000e+00
-3.000436000000000058e+04	0.000000000000000000e+00	0.000000000000000000e+00	8.362071596423230335e-02	0.000000000000000000e+00
-3.000433000000000175e+04	0.000000000000000000e+00	0.000000000000000000e+00	8.941923276467177162e-02	0.000000000000000000e+00
-3.000429999999999927e+04	0.000000000000000000e+00	0.000000000000000000e+00	9.277626880703146450e-02	0.000000000000000000e+00
-3.000427000000000044e+04	0.000000000000000000e+00	0.000000000000000000e+00	8.819849238563189087e-02	0.000000000000000000e+00
-3.000422999999999956e+04	0.000000000000000000e+00	0.000000000000000000e+00	8.728293710135197336e-02	0.000000000000000000e+00
-3.000418999999999869e+04	0.000000000000000000e+00	0.000000000000000000e+00	9.247108371227148738e-02	0.000000000000000000e+00
-3.000415999999999985e+04	0.000000000000000000e+00	0.000000000000000000e+00	9.186071352275154700e-02	0.000000000000000000e+00
-3.000411000000000058e+04	0.000000000000000000e+00	0.000000000000000000e+00	9.674367503891109776e-02	0.000000000000000000e+00
-3.000406999999999971e+04	0.000000000000000000e+00	0.000000000000000000e+00	8.850367748039185412e-02	0.000000000000000000e+00
-3.000404000000000087e+04	0.000000000000000000e+00	0.000000000000000000e+00	9.063997314371166625e-02	0.000000000000000000e+00
-3.000400000000000000e+04	0.000000000000000000e+00	0.000000000000000000e+00	8.484145634327219798e-02	0.000000000000000000e+00
-3.000397000000000116e+04	0.000000000000000000e+00	0.000000000000000000e+00	9.063997314371166625e-02	0.000000000000000000e+00
-3.000391999999999825e+04	0.000000000000000000e+00	0.000000000000000000e+00	8.850367748039185412e-02	0.000000000000000000e+00
-3.000388999999999942e+04	0.000000000000000000e+00	0.000000000000000000e+00	9.369182409131138201e-02	0.000000000000000000e+00
-3.000386000000000058e+04	0.000000000000000000e+00	0.000000000000000000e+00	8.789330729087191374e-02	0.000000000000000000e+00
-3.000383000000000175e+04	0.000000000000000000e+00	0.000000000000000000e+00	1.022370067445905889e-01	0.000000000000000000e+00
-3.000379000000000087e+04	0.000000000000000000e+00	0.000000000000000000e+00	9.918515579699087314e-02	0.000000000000000000e+00
-3.000375999999999840e+04	0.000000000000000000e+00	0.000000000000000000e+00	9.308145390179144163e-02	0.000000000000000000e+00
-3.000372999999999956e+04	0.000000000000000000e+00	0.000000000000000000e+00	9.643848994415113451e-02	0.000000000000000000e+00
-3.000370000000000073e+04	0.000000000000000000e+00	0.000000000000000000e+00	9.186071352275154700e-02	0.000000000000000000e+00
-3.000365000000000146e+04	0.000000000000000000e+00	0.000000000000000000e+00	1.040681173131504239e-01	0.000000000000000000e+00
-3.000361000000000058e+04	0.000000000000000000e+00	0.000000000000000000e+00	9.491256447035126276e-02	0.000000000000000000e+00
-3.000359000000000015e+04	0.000000000000000000e+00	0.000000000000000000e+00	9.735404522843103814e-02	0.000000000000000000e+00
-3.000356000000000131e+04	0.000000000000000000e+00	0.000000000000000000e+00	9.674367503891109776e-02	0.000000000000000000e+00
-3.000354000000000087e+04	0.000000000000000000e+00	0.000000000000000000e+00	9.704886013367107489e-02	0.000000000000000000e+00
-3.000350999999999840e+04	0.000000000000000000e+00	0.000000000000000000e+00	1.016266365550706485e-01	0.000000000000000000e+00
-3.000349000000000160e+04	0.000000000000000000e+00	0.000000000000000000e+00	1.046784875026703643e-01	0.000000000000000000e+00
-3.000345999999999913e+04	0.000000000000000000e+00	0.000000000000000000e+00	1.062044129764702360e-01	0.000000000000000000e+00
-3.000343000000000029e+04	0.000000000000000000e+00	0.000000000000000000e+00	9.308145390179144163e-02	0.000000000000000000e+00
-3.000340000000000146e+04	0.000000000000000000e+00	0.000000000000000000e+00	1.092562639240699518e-01	0.000000000000000000e+00
-3.000336999999999898e+04	0.000000000000000000e+00	0.000000000000000000e+00	1.150547807245094201e-01	0.000000000000000000e+00
-3.000336000000000058e+04	0.000000000000000000e+00	0.000000000000000000e+00	1.135288552507095622e-01	0.000000000000000000e+00
-3.000334000000000015e+04	0.000000000000000000e+00	0.000000000000000000e+00	9.613330484939115739e-02	0.000000000000000000e+00
-3.000331999999999971e+04	0.000000000000000000e+00	0.000000000000000000e+00	1.104770043031098326e-01	0.000000000000000000e+00
-3.000329999999999927e+04	0.000000000000000000e+00	0.000000000000000000e+00	9.491256447035126276e-02	0.000000000000000000e+00
-3.000329000000000087e+04	0.000000000000000000e+00	0.000000000000000000e+00	9.674367503891109776e-02	0.000000000000000000e+00
-3.000325999999999840e+04	0.000000000000000000e+00	0.000000000000000000e+00	1.007110812707907310e-01	0.000000000000000000e+00
-3.000322000000000116e+04	0.000000000000000000e+00	0.000000000000000000e+00	1.037629322183904607e-01	0.000000000000000000e+00
-3.000320000000000073e+04	0.000000000000000000e+00	0.000000000000000000e+00	9.949034089175085027e-02	0.000000000000000000e+00
-3.000318000000000029e+04	0.000000000000000000e+00	0.000000000000000000e+00	9.979552598651081352e-02	0.000000000000000000e+00
-3.000316999999999825e+04	0.000000000000000000e+00	0.000000000000000000e+00	1.055940427869502818e-01	0.000000000000000000e+00
-3.000315999999999985e+04	0.000000000000000000e+00	0.000000000000000000e+00	1.083407086397900343e-01	0.000000000000000000e+00
-3.000313999999999942e+04	0.000000000000000000e+00	0.000000000000000000e+00	1.107821893978698097e-01	0.000000000000000000e+00
-3.000313999999999942e+04	0.000000000000000000e+00	0.000000000000000000e+00	1.113925595873897501e-01	0.000000000000000000e+00
-3.000311000000000058e+04	0.000000000000000000e+00	0.000000000000000000e+00	1.052888576921903185e-01	0.000000000000000000e+00
-3.000309000000000015e+04	0.000000000000000000e+00	0.000000000000000000e+00	1.199377422406689708e-01	0.000000000000000000e+00
-3.000308000000000175e+04	0.000000000000000000e+00	0.000000000000000000e+00	1.055940427869502818e-01	0.000000000000000000e+00
-3.000306999999999971e+04	0.000000000000000000e+00	0.000000000000000000e+00	9.125034333323160662e-02	0.000000000000000000e+00
-3.000304000000000087e+04	0.000000000000000000e+00	0.000000000000000000e+00	1.080355235450300572e-01	0.000000000000000000e+00
-3.000302000000000044e+04	0.000000000000000000e+00	0.000000000000000000e+00	1.107821893978698097e-01	0.000000000000000000e+00
-3.000300999999999840e+04	0.000000000000000000e+00	0.000000000000000000e+00	1.095614490188299150e-01	0.000000000000000000e+00
-3.000297999999999956e+04	0.000000000000000000e+00	0.000000000000000000e+00	1.101718192083498693e-01	0.000000000000000000e+00
-3.000295999999999913e+04	0.000000000000000000e+00	0.000000000000000000e+00	1.101718192083498693e-01	0.000000000000000000e+00
-3.000295000000000073e+04	0.000000000000000000e+00	0.000000000000000000e+00	1.104770043031098326e-01	0.000000000000000000e+00
-3.000293000000000029e+04	0.000000000000000000e+00	0.000000000000000000e+00	1.058992278817102589e-01	0.000000000000000000e+00
-3.000290999999999985e+04	0.000000000000000000e+00	0.000000000000000000e+00	1.147495956297494429e-01	0.000000000000000000e+00
-3.000288000000000102e+04	0.000000000000000000e+00	0.000000000000000000e+00	1.193273720511490166e-01	0.000000000000000000e+00
-3.000284999999999854e+04	0.000000000000000000e+00	0.000000000000000000e+00	1.156651509140293604e-01	0.000000000000000000e+00
-3.000284000000000015e+04	0.000000000000000000e+00	0.000000000000000000e+00	1.123081148716696676e-01	0.000000000000000000e+00
-3.000283000000000175e+04	0.000000000000000000e+00	0.000000000000000000e+00	1.147495956297494429e-01	0.000000000000000000e+00
-3.000279999999999927e+04	0.000000000000000000e+00	0.000000000000000000e+00	1.092562639240699518e-01	0.000000000000000000e+00
-3.000277000000000044e+04	0.000000000000000000e+00	0.000000000000000000e+00	1.116977446821497272e-01	0.000000000000000000e+00
-3.000275000000000000e+04	0.000000000000000000e+00	0.000000000000000000e+00	1.129184850611896079e-01	0.000000000000000000e+00
-3.000274000000000160e+04	0.000000000000000000e+00	0.000000000000000000e+00	1.116977446821497272e-01	0.000000000000000000e+00
-3.000272000000000116e+04	0.000000000000000000e+00	0.000000000000000000e+00	1.101718192083498693e-01	0.000000000000000000e+00
-3.000270000000000073e+04	0.000000000000000000e+00	0.000000000000000000e+00	1.187170018616290762e-01	0.000000000000000000e+00
-3.000266999999999825e+04	0.000000000000000000e+00	0.000000000000000000e+00	1.193273720511490166e-01	0.000000000000000000e+00
-3.000265000000000146e+04	0.000000000000000000e+00	0.000000000000000000e+00	1.202429273354289341e-01	0.000000000000000000e+00
-3.000263000000000102e+04	0.000000000000000000e+00	0.000000000000000000e+00	1.196325571459089937e-01	0.000000000000000000e+00
-3.000261000000000058e+04	0.000000000000000000e+00	0.000000000000000000e+00	1.184118167668691129e-01	0.000000000000000000e+00
-3.000259000000000015e+04	0.000000000000000000e+00	0.000000000000000000e+00	1.229895931882686866e-01	0.000000000000000000e+00
-3.000256999999999971e+04	0.000000000000000000e+00	0.000000000000000000e+00	1.321451460310678339e-01	0.000000000000000000e+00
-3.000256000000000131e+04	0.000000000000000000e+00	0.000000000000000000e+00	1.181066316721091358e-01	0.000000000000000000e+00
-3.000254000000000087e+04	0.000000000000000000e+00	0.000000000000000000e+00	1.181066316721091358e-01	0.000000000000000000e+00
-3.000252999999999884e+04	0.000000000000000000e+00	0.000000000000000000e+00	1.202429273354289341e-01	0.000000000000000000e+00
-3.000250999999999840e+04	0.000000000000000000e+00	0.000000000000000000e+00	1.315347758415479074e-01	0.000000000000000000e+00
-3.000249000000000160e+04	0.000000000000000000e+00	0.000000000000000000e+00	1.287881099887081549e-01	0.000000000000000000e+00
-3.000247999999999956e+04	0.000000000000000000e+00	0.000000000000000000e+00	1.266518143253883566e-01	0.000000000000000000e+00
-3.000247000000000116e+04	0.000000000000000000e+00	0.000000000000000000e+00	1.199377422406689708e-01	0.000000000000000000e+00
-3.000243999999999869e+04	0.000000000000000000e+00	0.000000000000000000e+00	1.235999633777886270e-01	0.000000000000000000e+00
-3.000241999999999825e+04	0.000000000000000000e+00	0.000000000000000000e+00	1.135288552507095622e-01	0.000000000000000000e+00
-3.000240999999999985e+04	0.000000000000000000e+00	0.000000000000000000e+00	1.199377422406689708e-01	0.000000000000000000e+00
-3.000238000000000102e+04	0.000000000000000000e+00	0.000000000000000000e+00	1.083407086397900343e-01	0.000000000000000000e+00
-3.000234999999999854e+04	0.000000000000000000e+00	0.000000000000000000e+00	1.278725547044282373e-01	0.000000000000000000e+00
-3.000233000000000175e+04	0.000000000000000000e+00	0.000000000000000000e+00	1.217688528092287920e-01	0.000000000000000000e+00
-3.000231000000000131e+04	0.000000000000000000e+00	0.000000000000000000e+00	1.226844080935087095e-01	0.000000000000000000e+00
-3.000227999999999884e+04	0.000000000000000000e+00	0.000000000000000000e+00	1.226844080935087095e-01	0.000000000000000000e+00
-3.000225999999999840e+04	0.000000000000000000e+00	0.000000000000000000e+00	1.263466292306283656e-01	0.000000000000000000e+00
-3.000224000000000160e+04	0.000000000000000000e+00	0.000000000000000000e+00	1.220740379039887691e-01	0.000000000000000000e+00
-3.000222000000000116e+04	0.000000000000000000e+00	0.000000000000000000e+00	1.254310739463484481e-01	0.000000000000000000e+00
-3.000218999999999869e+04	0.000000000000000000e+00	0.000000000000000000e+00	1.232947782830286637e-01	0.000000000000000000e+00
-3.000215999999999985e+04	0.000000000000000000e+00	0.000000000000000000e+00	1.235999633777886270e-01	0.000000000000000000e+00
-3.000213999999999942e+04	0.000000000000000000e+00	0.000000000000000000e+00	1.242103335673085673e-01	0.000000000000000000e+00
-3.000211000000000058e+04	0.000000000000000000e+00	0.000000000000000000e+00	1.312295907467879164e-01	0.000000000000000000e+00
-3.000208000000000175e+04	0.000000000000000000e+00	0.000000000000000000e+00	1.391644032105472106e-01	0.000000000000000000e+00
-3.000206000000000131e+04	0.000000000000000000e+00	0.000000000000000000e+00	1.385540330210272564e-01	0.000000000000000000e+00
-3.000204000000000087e+04	0.000000000000000000e+00	0.000000000000000000e+00	1.336710715048677056e-01	0.000000000000000000e+00
-3.000202000000000044e+04	0.000000000000000000e+00	0.000000000000000000e+00	1.351969969786675496e-01	0.000000000000000000e+00
-3.000200000000000000e+04	0.000000000000000000e+00	0.000000000000000000e+00	1.333658864101077424e-01	0.000000000000000000e+00
-3.000197000000000116e+04	0.000000000000000000e+00	0.000000000000000000e+00	1.339762565996276689e-01	0.000000000000000000e+00
-3.000193999999999869e+04	0.000000000000000000e+00	0.000000000000000000e+00	1.406903286843470546e-01	0.000000000000000000e+00
-3.000191999999999825e+04	0.000000000000000000e+00	0.000000000000000000e+00	1.498458815271462019e-01	0.000000000000000000e+00
-3.000190999999999985e+04	0.000000000000000000e+00	0.000000000000000000e+00	1.364177373577074581e-01	0.000000000000000000e+00
-3.000188000000000102e+04	0.000000000000000000e+00	0.000000000000000000e+00	1.416058839686269721e-01	0.000000000000000000e+00
-3.000186000000000058e+04	0.000000000000000000e+00	0.000000000000000000e+00	1.361125522629474671e-01	0.000000000000000000e+00
-3.000184000000000015e+04	0.000000000000000000e+00	0.000000000000000000e+00	1.342814416943876599e-01	0.000000000000000000e+00
-3.000181999999999971e+04	0.000000000000000000e+00	0.000000000000000000e+00	1.413006988738670089e-01	0.000000000000000000e+00
-3.000181000000000131e+04	0.000000000000000000e+00	0.000000000000000000e+00	1.486251411481063212e-01	0.000000000000000000e+00
-3.000179999999999927e+04	0.000000000000000000e+00	0.000000000000000000e+00	1.351969969786675496e-01	0.000000000000000000e+00
-3.000177999999999884e+04	0.000000000000000000e+00	0.000000000000000000e+00	1.428266243476668529e-01	0.000000000000000000e+00
-3.000175999999999840e+04	0.000000000000000000e+00	0.000000000000000000e+00	1.477095858638264037e-01	0.000000000000000000e+00
-3.000175000000000000e+04	0.000000000000000000e+00	0.000000000000000000e+00	1.342814416943876599e-01	0.000000000000000000e+00
-3.000172999999999956e+04	0.000000000000000000e+00	0.000000000000000000e+00	1.364177373577074581e-01	0.000000000000000000e+00
-3.000170000000000073e+04	0.000000000000000000e+00	0.000000000000000000e+00	1.367229224524674214e-01	0.000000000000000000e+00
-3.000166999999999825e+04	0.000000000000000000e+00	0.000000000000000000e+00	1.474044007690664404e-01	0.000000000000000000e+00
-3.000163999999999942e+04	0.000000000000000000e+00	0.000000000000000000e+00	1.474044007690664404e-01	0.000000000000000000e+00
-3.000159999999999854e+04	0.000000000000000000e+00	0.000000000000000000e+00	1.385540330210272564e-01	0.000000000000000000e+00
-3.000158000000000175e+04	0.000000000000000000e+00	0.000000000000000000e+00	1.409955137791070179e-01	0.000000000000000000e+00
-3.000156999999999971e+04	0.000000000000000000e+00	0.000000000000000000e+00	1.440473647267067614e-01	0.000000000000000000e+00
-3.000154000000000087e+04	0.000000000000000000e+00	0.000000000000000000e+00	1.586962492751854137e-01	0.000000000000000000e+00
-3.000150999999999840e+04	0.000000000000000000e+00	0.000000000000000000e+00	1.535081026642658719e-01	0.000000000000000000e+00
-3.000147999999999956e+04	0.000000000000000000e+00	0.000000000000000000e+00	1.477095858638264037e-01	0.000000000000000000e+00
-3.000145999999999913e+04	0.000000000000000000e+00	0.000000000000000000e+00	1.513718070009460737e-01	0.000000000000000000e+00
-3.000143000000000029e+04	0.000000000000000000e+00	0.000000000000000000e+00	1.556443983275856702e-01	0.000000000000000000e+00
-3.000140999999999985e+04	0.000000000000000000e+00	0.000000000000000000e+00	1.559495834223456612e-01	0.000000000000000000e+00
-3.000138999999999942e+04	0.000000000000000000e+00	0.000000000000000000e+00	1.504562517166661562e-01	0.000000000000000000e+00
-3.000138000000000102e+04	0.000000000000000000e+00	0.000000000000000000e+00	1.480147709585863947e-01	0.000000000000000000e+00
-3.000136000000000058e+04	0.000000000000000000e+00	0.000000000000000000e+00	1.571703238013855419e-01	0.000000000000000000e+00
-3.000134000000000015e+04	0.000000000000000000e+00	0.000000000000000000e+00	1.617481002227851294e-01	0.000000000000000000e+00
-3.000131999999999971e+04	0.000000000000000000e+00	0.000000000000000000e+00	1.544236579485457894e-01	0.000000000000000000e+00
-3.000129999999999927e+04	0.000000000000000000e+00	0.000000000000000000e+00	1.550340281380657437e-01	0.000000000000000000e+00
-3.000129000000000087e+04	0.000000000000000000e+00	0.000000000000000000e+00	1.602221747489852577e-01	0.000000000000000000e+00
-3.000125999999999840e+04	0.000000000000000000e+00	0.000000000000000000e+00	1.583910641804254227e-01	0.000000000000000000e+00
-3.000124000000000160e+04	0.000000000000000000e+00	0.000000000000000000e+00	1.623584704123050559e-01	0.000000000000000000e+00
-3.000120999999999913e+04	0.000000000000000000e+00	0.000000000000000000e+00	1.690725424970244417e-01	0.000000000000000000e+00
-3.000118000000000029e+04	0.000000000000000000e+00	0.000000000000000000e+00	1.553392132328257069e-01	0.000000000000000000e+00
-3.000115000000000146e+04	0.000000000000000000e+00	0.000000000000000000e+00	1.568651387066255787e-01	0.000000000000000000e+00
-3.000111999999999898e+04	0.000000000000000000e+00	0.000000000000000000e+00	1.568651387066255787e-01	0.000000000000000000e+00
-3.000111000000000058e+04	0.000000000000000000e+00	0.000000000000000000e+00	1.562547685171056244e-01	0.000000000000000000e+00
-3.000108000000000175e+04	0.000000000000000000e+00	0.000000000000000000e+00	1.702932828760643225e-01	0.000000000000000000e+00
-3.000104999999999927e+04	0.000000000000000000e+00	0.000000000000000000e+00	1.626636555070650469e-01	0.000000000000000000e+00
-3.000102000000000044e+04	0.000000000000000000e+00	0.000000000000000000e+00	1.712088381603442400e-01	0.000000000000000000e+00
-3.000097999999999956e+04	0.000000000000000000e+00	0.000000000000000000e+00	1.577806939909054962e-01	0.000000000000000000e+00
-3.000095999999999913e+04	0.000000000000000000e+00	0.000000000000000000e+00	1.745658742027039467e-01	0.000000000000000000e+00
-3.000093999999999869e+04	0.000000000000000000e+00	0.000000000000000000e+00	1.690725424970244417e-01	0.000000000000000000e+00
-3.000091999999999825e+04	0.000000000000000000e+00	0.000000000000000000e+00	1.657155064546647627e-01	0.000000000000000000e+00
-3.000088000000000102e+04	0.000000000000000000e+00	0.000000000000000000e+00	1.696829126865443960e-01	0.000000000000000000e+00
-3.000086000000000058e+04	0.000000000000000000e+00	0.000000000000000000e+00	1.736503189184240292e-01	0.000000000000000000e+00
-3.000084000000000015e+04	0.000000000000000000e+00	0.000000000000000000e+00	1.806695760979033782e-01	0.000000000000000000e+00
-3.000081000000000131e+04	0.000000000000000000e+00	0.000000000000000000e+00	1.678518021179845610e-01	0.000000000000000000e+00
-3.000079000000000087e+04	0.000000000000000000e+00	0.000000000000000000e+00	1.675466170232245977e-01	0.000000000000000000e+00
-3.000077000000000044e+04	0.000000000000000000e+00	0.000000000000000000e+00	1.709036530655842767e-01	0.000000000000000000e+00
-3.000074000000000160e+04	0.000000000000000000e+00	0.000000000000000000e+00	1.651051362651448084e-01	0.000000000000000000e+00
-3.000072000000000116e+04	0.000000000000000000e+00	0.000000000000000000e+00	1.760917996765037907e-01	0.000000000000000000e+00
-3.000070000000000073e+04	0.000000000000000000e+00	0.000000000000000000e+00	1.742606891079439557e-01	0.000000000000000000e+00
-3.000068000000000029e+04	0.000000000000000000e+00	0.000000000000000000e+00	1.678518021179845610e-01	0.000000000000000000e+00
-3.000065000000000146e+04	0.000000000000000000e+00	0.000000000000000000e+00	1.818903164769432590e-01	0.000000000000000000e+00
-3.000063000000000102e+04	0.000000000000000000e+00	0.000000000000000000e+00	1.791436506241035065e-01	0.000000000000000000e+00
-3.000061000000000058e+04	0.000000000000000000e+00	0.000000000000000000e+00	1.742606891079439557e-01	0.000000000000000000e+00
-3.000058000000000175e+04	0.000000000000000000e+00	0.000000000000000000e+00	1.757866145817438275e-01	0.000000000000000000e+00
-3.000054999999999927e+04	0.000000000000000000e+00	0.000000000000000000e+00	1.715140232551042310e-01	0.000000000000000000e+00
-3.000052000000000044e+04	0.000000000000000000e+00	0.000000000000000000e+00	1.773125400555436992e-01	0.000000000000000000e+00
-3.000049000000000160e+04	0.000000000000000000e+00	0.000000000000000000e+00	1.773125400555436992e-01	0.000000000000000000e+00
-3.000047000000000116e+04	0.000000000000000000e+00	0.000000000000000000e+00	1.785332804345835800e-01	0.000000000000000000e+00
-3.000043999999999869e+04	0.000000000000000000e+00	0.000000000000000000e+00	1.791436506241035065e-01	0.000000000000000000e+00
-3.000041999999999825e+04	0.000000000000000000e+00	0.000000000000000000e+00	1.803643910031434150e-01	0.000000000000000000e+00
-3.000040000000000146e+04	0.000000000000000000e+00	0.000000000000000000e+00	1.806695760979033782e-01	0.000000000000000000e+00
-3.000038000000000102e+04	0.000000000000000000e+00	0.000000000000000000e+00	1.855525376140629290e-01	0.000000000000000000e+00
-3.000034999999999854e+04	0.000000000000000000e+00	0.000000000000000000e+00	1.867732779931028098e-01	0.000000000000000000e+00
-3.000033000000000175e+04	0.000000000000000000e+00	0.000000000000000000e+00	2.029480880153813338e-01	0.000000000000000000e+00
-3.000029999999999927e+04	0.000000000000000000e+00	0.000000000000000000e+00	1.901303140354625165e-01	0.000000000000000000e+00
-3.000025999999999840e+04	0.000000000000000000e+00	0.000000000000000000e+00	1.828058717612231765e-01	0.000000000000000000e+00
-3.000024000000000160e+04	0.000000000000000000e+00	0.000000000000000000e+00	1.843317972350230483e-01	0.000000000000000000e+00
-3.000022000000000116e+04	0.000000000000000000e+00	0.000000000000000000e+00	1.858577227088228923e-01	0.000000000000000000e+00
-3.000018000000000029e+04	0.000000000000000000e+00	0.000000000000000000e+00	1.910458693197424340e-01	0.000000000000000000e+00
-3.000013999999999942e+04	0.000000000000000000e+00	0.000000000000000000e+00	1.904354991302224798e-01	0.000000000000000000e+00
-3.000011000000000058e+04	0.000000000000000000e+00	0.000000000000000000e+00	1.907406842249824430e-01	0.000000000000000000e+00
-3.000008000000000175e+04	0.000000000000000000e+00	0.000000000000000000e+00	1.956236457411419938e-01	0.000000000000000000e+00
-3.000004999999999927e+04	0.000000000000000000e+00	0.000000000000000000e+00	1.998962370677816180e-01	0.000000000000000000e+00
-3.000002000000000044e+04	0.000000000000000000e+00	0.000000000000000000e+00	1.950132755516220673e-01	0.000000000000000000e+00
-2.999997999999999956e+04	0.000000000000000000e+00	0.000000000000000000e+00	1.992858668782616638e-01	0.000000000000000000e+00
-2.999993999999999869e+04	0.000000000000000000e+00	0.000000000000000000e+00	2.023377178258613796e-01	0.000000000000000000e+00
-2.999990000000000146e+04	0.000000000000000000e+00	0.000000000000000000e+00	1.974547563097018288e-01	0.000000000000000000e+00
-2.999984999999999854e+04	0.000000000000000000e+00	0.000000000000000000e+00	1.977599414044618198e-01	0.000000000000000000e+00
-2.999981000000000131e+04	0.000000000000000000e+00	0.000000000000000000e+00	2.084414197210608111e-01	0.000000000000000000e+00
-2.999977999999999884e+04	0.000000000000000000e+00	0.000000000000000000e+00	2.124088259529404721e-01	0.000000000000000000e+00
-2.999974000000000160e+04	0.000000000000000000e+00	0.000000000000000000e+00	1.977599414044618198e-01	0.000000000000000000e+00
-2.999970999999999913e+04	0.000000000000000000e+00	0.000000000000000000e+00	2.157658619953001511e-01	0.000000000000000000e+00
-2.999966999999999825e+04	0.000000000000000000e+00	0.000000000000000000e+00	2.117984557634205178e-01	0.000000000000000000e+00
-2.999963999999999942e+04	0.000000000000000000e+00	0.000000000000000000e+00	2.179021576586199493e-01	0.000000000000000000e+00
-2.999959999999999854e+04	0.000000000000000000e+00	0.000000000000000000e+00	2.237006744590594176e-01	0.000000000000000000e+00
-2.999956999999999971e+04	0.000000000000000000e+00	0.000000000000000000e+00	2.139347514267403161e-01	0.000000000000000000e+00
-2.999956000000000131e+04	0.000000000000000000e+00	0.000000000000000000e+00	2.258369701223792159e-01	0.000000000000000000e+00
-2.999952999999999884e+04	0.000000000000000000e+00	0.000000000000000000e+00	2.203436384166997386e-01	0.000000000000000000e+00
-2.999950000000000000e+04	0.000000000000000000e+00	0.000000000000000000e+00	2.200384533219397476e-01	0.000000000000000000e+00
-2.999945999999999913e+04	0.000000000000000000e+00	0.000000000000000000e+00	2.175969725638599861e-01	0.000000000000000000e+00
-2.999941999999999825e+04	0.000000000000000000e+00	0.000000000000000000e+00	2.169866023743400318e-01	0.000000000000000000e+00
-2.999938999999999942e+04	0.000000000000000000e+00	0.000000000000000000e+00	2.233954893642994544e-01	0.000000000000000000e+00
-2.999936000000000058e+04	0.000000000000000000e+00	0.000000000000000000e+00	2.331614123966185559e-01	0.000000000000000000e+00
-2.999933000000000175e+04	0.000000000000000000e+00	0.000000000000000000e+00	2.285836359752189684e-01	0.000000000000000000e+00
-2.999929000000000087e+04	0.000000000000000000e+00	0.000000000000000000e+00	2.285836359752189684e-01	0.000000000000000000e+00
-2.999925999999999840e+04	0.000000000000000000e+00	0.000000000000000000e+00	2.270577105014191244e-01	0.000000000000000000e+00
-2.999922000000000116e+04	0.000000000000000000e+00	0.000000000000000000e+00	2.340769676808984734e-01	0.000000000000000000e+00
-2.999918999999999869e+04	0.000000000000000000e+00	0.000000000000000000e+00	2.380443739127781067e-01	0.000000000000000000e+00
-2.999915999999999985e+04	0.000000000000000000e+00	0.000000000000000000e+00	2.410962248603778224e-01	0.000000000000000000e+00
-2.999913999999999942e+04	0.000000000000000000e+00	0.000000000000000000e+00	2.343821527756584366e-01	0.000000000000000000e+00
-2.999911999999999898e+04	0.000000000000000000e+00	0.000000000000000000e+00	2.319406720175786751e-01	0.000000000000000000e+00
-2.999909000000000015e+04	0.000000000000000000e+00	0.000000000000000000e+00	2.392651142918179874e-01	0.000000000000000000e+00
-2.999906999999999971e+04	0.000000000000000000e+00	0.000000000000000000e+00	2.325510422070986016e-01	0.000000000000000000e+00
-2.999904000000000087e+04	0.000000000000000000e+00	0.000000000000000000e+00	2.365184484389782349e-01	0.000000000000000000e+00
-2.999900999999999840e+04	0.000000000000000000e+00	0.000000000000000000e+00	2.310251167332987576e-01	0.000000000000000000e+00
-2.999899000000000160e+04	0.000000000000000000e+00	0.000000000000000000e+00	2.450636310922574557e-01	0.000000000000000000e+00
-2.999895999999999913e+04	0.000000000000000000e+00	0.000000000000000000e+00	2.374340037232581524e-01	0.000000000000000000e+00
-2.999891999999999825e+04	0.000000000000000000e+00	0.000000000000000000e+00	2.456740012817774099e-01	0.000000000000000000e+00
-2.999888000000000102e+04	0.000000000000000000e+00	0.000000000000000000e+00	2.374340037232581524e-01	0.000000000000000000e+00
-2.999884000000000015e+04	0.000000000000000000e+00	0.000000000000000000e+00	2.481154820398571714e-01	0.000000000000000000e+00
-2.999881999999999971e+04	0.000000000000000000e+00	0.000000000000000000e+00	2.435377056184575839e-01	0.000000000000000000e+00
-2.999879999999999927e+04	0.000000000000000000e+00	0.000000000000000000e+00	2.423169652394177032e-01	0.000000000000000000e+00
-2.999879000000000087e+04	0.000000000000000000e+00	0.000000000000000000e+00	2.459791863765373732e-01	0.000000000000000000e+00
-2.999875999999999840e+04	0.000000000000000000e+00	0.000000000000000000e+00	2.508621478926968962e-01	0.000000000000000000e+00
-2.999874000000000160e+04	0.000000000000000000e+00	0.000000000000000000e+00	2.603228858302560345e-01	0.000000000000000000e+00
-2.999872000000000116e+04	0.000000000000000000e+00	0.000000000000000000e+00	2.493362224188970522e-01	0.000000000000000000e+00
-2.999870000000000073e+04	0.000000000000000000e+00	0.000000000000000000e+00	2.493362224188970522e-01	0.000000000000000000e+00
-2.999868000000000029e+04	0.000000000000000000e+00	0.000000000000000000e+00	2.645954771568956310e-01	0.000000000000000000e+00
-2.999865000000000146e+04	0.000000000000000000e+00	0.000000000000000000e+00	2.557451094088564747e-01	0.000000000000000000e+00
-2.999863000000000102e+04	0.000000000000000000e+00	0.000000000000000000e+00	2.545243690298165662e-01	0.000000000000000000e+00
-2.999861000000000058e+04	0.000000000000000000e+00	0.000000000000000000e+00	2.533036286507767132e-01	0.000000000000000000e+00
-2.999858000000000175e+04	0.000000000000000000e+00	0.000000000000000000e+00	2.514725180822168782e-01	0.000000000000000000e+00
-2.999856000000000131e+04	0.000000000000000000e+00	0.000000000000000000e+00	2.545243690298165662e-01	0.000000000000000000e+00
-2.999854000000000087e+04	0.000000000000000000e+00	0.000000000000000000e+00	2.649006622516556497e-01	0.000000000000000000e+00
-2.999850999999999840e+04	0.000000000000000000e+00	0.000000000000000000e+00	2.591021454512161815e-01	0.000000000000000000e+00
-2.999847999999999956e+04	0.000000000000000000e+00	0.000000000000000000e+00	2.624591814935758327e-01	0.000000000000000000e+00
-2.999845000000000073e+04	0.000000000000000000e+00	0.000000000000000000e+00	2.682576982940153010e-01	0.000000000000000000e+00
-2.999841999999999825e+04	0.000000000000000000e+00	0.000000000000000000e+00	2.716147343363750077e-01	0.000000000000000000e+00
-2.999838999999999942e+04	0.000000000000000000e+00	0.000000000000000000e+00	2.621539963988158695e-01	0.000000000000000000e+00
-2.999836000000000058e+04	0.000000000000000000e+00	0.000000000000000000e+00	2.749717703787347145e-01	0.000000000000000000e+00
-2.999831999999999971e+04	0.000000000000000000e+00	0.000000000000000000e+00	2.728354747154149162e-01	0.000000000000000000e+00
-2.999829000000000087e+04	0.000000000000000000e+00	0.000000000000000000e+00	2.780236213263344025e-01	0.000000000000000000e+00
-2.999827000000000044e+04	0.000000000000000000e+00	0.000000000000000000e+00	2.746665852839747513e-01	0.000000000000000000e+00
-2.999825000000000000e+04	0.000000000000000000e+00	0.000000000000000000e+00	2.795495468001342743e-01	0.000000000000000000e+00
-2.999822999999999956e+04	0.000000000000000000e+00	0.000000000000000000e+00	2.774132511368144760e-01	0.000000000000000000e+00
-2.999820000000000073e+04	0.000000000000000000e+00	0.000000000000000000e+00	2.810754722739341460e-01	0.000000000000000000e+00
-2.999818000000000029e+04	0.000000000000000000e+00	0.000000000000000000e+00	2.835169530320139075e-01	0.000000000000000000e+00
-2.999815999999999985e+04	0.000000000000000000e+00	0.000000000000000000e+00	2.710043641468550812e-01	0.000000000000000000e+00
-2.999813000000000102e+04	0.000000000000000000e+00	0.000000000000000000e+00	2.890102847376934125e-01	0.000000000000000000e+00
-2.999809999999999854e+04	0.000000000000000000e+00	0.000000000000000000e+00	2.835169530320139075e-01	0.000000000000000000e+00
-2.999808000000000175e+04	0.000000000000000000e+00	0.000000000000000000e+00	2.826013977477340178e-01	0.000000000000000000e+00
-2.999804999999999927e+04	0.000000000000000000e+00	0.000000000000000000e+00	2.890102847376934125e-01	0.000000000000000000e+00
-2.999802999999999884e+04	0.000000000000000000e+00	0.000000000000000000e+00	2.880947294534135228e-01	0.000000000000000000e+00
-2.999800999999999840e+04	0.000000000000000000e+00	0.000000000000000000e+00	2.908413953062532475e-01	0.000000000000000000e+00
-2.999799000000000160e+04	0.000000000000000000e+00	0.000000000000000000e+00	2.896206549272133390e-01	0.000000000000000000e+00
-2.999795999999999913e+04	0.000000000000000000e+00	0.000000000000000000e+00	2.850428785058137793e-01	0.000000000000000000e+00
-2.999793999999999869e+04	0.000000000000000000e+00	0.000000000000000000e+00	2.917569505905331373e-01	0.000000000000000000e+00
-2.999790999999999985e+04	0.000000000000000000e+00	0.000000000000000000e+00	2.871791741691335775e-01	0.000000000000000000e+00
-2.999788000000000102e+04	0.000000000000000000e+00	0.000000000000000000e+00	2.902310251167333210e-01	0.000000000000000000e+00
-2.999786000000000058e+04	0.000000000000000000e+00	0.000000000000000000e+00	3.045747245704519823e-01	0.000000000000000000e+00
-2.999784000000000015e+04	0.000000000000000000e+00	0.000000000000000000e+00	2.911465804010132108e-01	0.000000000000000000e+00
-2.999781999999999971e+04	0.000000000000000000e+00	0.000000000000000000e+00	2.984710226752525508e-01	0.000000000000000000e+00
-2.999779000000000087e+04	0.000000000000000000e+00	0.000000000000000000e+00	2.996917630542924038e-01	0.000000000000000000e+00
-2.999777000000000044e+04	0.000000000000000000e+00	0.000000000000000000e+00	2.941984313486129543e-01	0.000000000000000000e+00
-2.999775999999999840e+04	0.000000000000000000e+00	0.000000000000000000e+00	2.996917630542924038e-01	0.000000000000000000e+00
-2.999774000000000160e+04	0.000000000000000000e+00	0.000000000000000000e+00	3.079317606128116891e-01	0.000000000000000000e+00
-2.999772000000000116e+04	0.000000000000000000e+00	0.000000000000000000e+00	2.966399121066927158e-01	0.000000000000000000e+00
-2.999770000000000073e+04	0.000000000000000000e+00	0.000000000000000000e+00	3.012176885280922756e-01	0.000000000000000000e+00
-2.999768000000000029e+04	0.000000000000000000e+00	0.000000000000000000e+00	2.990813928647724773e-01	0.000000000000000000e+00
-2.999765999999999985e+04	0.000000000000000000e+00	0.000000000000000000e+00	2.963347270119327526e-01	0.000000000000000000e+00
-2.999763000000000102e+04	0.000000000000000000e+00	0.000000000000000000e+00	2.948088015381328808e-01	0.000000000000000000e+00
-2.999761000000000058e+04	0.000000000000000000e+00	0.000000000000000000e+00	2.987762077700125141e-01	0.000000000000000000e+00
-2.999759999999999854e+04	0.000000000000000000e+00	0.000000000000000000e+00	2.984710226752525508e-01	0.000000000000000000e+00
-2.999756999999999971e+04	0.000000000000000000e+00	0.000000000000000000e+00	3.045747245704519823e-01	0.000000000000000000e+00
-2.999754999999999927e+04	0.000000000000000000e+00	0.000000000000000000e+00	3.018280587176122576e-01	0.000000000000000000e+00
-2.999752999999999884e+04	0.000000000000000000e+00	0.000000000000000000e+00	3.115939817499313591e-01	0.000000000000000000e+00
-2.999750000000000000e+04	0.000000000000000000e+00	0.000000000000000000e+00	3.091525009918515421e-01	0.000000000000000000e+00
-2.999749000000000160e+04	0.000000000000000000e+00	0.000000000000000000e+00	3.341776787621692502e-01	0.000000000000000000e+00
-2.999747999999999956e+04	0.000000000000000000e+00	0.000000000000000000e+00	3.131199072237311753e-01	0.000000000000000000e+00
-2.999745999999999913e+04	0.000000000000000000e+00	0.000000000000000000e+00	3.149510177922910104e-01	0.000000000000000000e+00
-2.999743999999999869e+04	0.000000000000000000e+00	0.000000000000000000e+00	3.176976836451307906e-01	0.000000000000000000e+00
-2.999741999999999825e+04	0.000000000000000000e+00	0.000000000000000000e+00	3.170873134556108086e-01	0.000000000000000000e+00
-2.999740999999999985e+04	0.000000000000000000e+00	0.000000000000000000e+00	3.161717581713309189e-01	0.000000000000000000e+00
-2.999738999999999942e+04	0.000000000000000000e+00	0.000000000000000000e+00	3.167821283608508454e-01	0.000000000000000000e+00
-2.999738000000000102e+04	0.000000000000000000e+00	0.000000000000000000e+00	3.213599047822504606e-01	0.000000000000000000e+00
-2.999736000000000058e+04	0.000000000000000000e+00	0.000000000000000000e+00	3.201391644032105521e-01	0.000000000000000000e+00
-2.999734000000000015e+04	0.000000000000000000e+00	0.000000000000000000e+00	3.170873134556108086e-01	0.000000000000000000e+00
-2.999733000000000175e+04	0.000000000000000000e+00	0.000000000000000000e+00	3.265480513931699469e-01	0.000000000000000000e+00
-2.999731000000000131e+04	0.000000000000000000e+00	0.000000000000000000e+00	3.262428662984099836e-01	0.000000000000000000e+00
-2.999727999999999884e+04	0.000000000000000000e+00	0.000000000000000000e+00	3.210547196874904419e-01	0.000000000000000000e+00
-2.999725999999999840e+04	0.000000000000000000e+00	0.000000000000000000e+00	3.195287942136906256e-01	0.000000000000000000e+00
-2.999724000000000160e+04	0.000000000000000000e+00	0.000000000000000000e+00	3.219702749717703871e-01	0.000000000000000000e+00
-2.999722000000000116e+04	0.000000000000000000e+00	0.000000000000000000e+00	3.244117557298501486e-01	0.000000000000000000e+00
-2.999718999999999869e+04	0.000000000000000000e+00	0.000000000000000000e+00	3.347880489516891767e-01	0.000000000000000000e+00
-2.999715999999999985e+04	0.000000000000000000e+00	0.000000000000000000e+00	3.259376812036500204e-01	0.000000000000000000e+00
-2.999713999999999942e+04	0.000000000000000000e+00	0.000000000000000000e+00	3.308206427198095434e-01	0.000000000000000000e+00
-2.999713000000000102e+04	0.000000000000000000e+00	0.000000000000000000e+00	3.350932340464491954e-01	0.000000000000000000e+00
-2.999709999999999854e+04	0.000000000000000000e+00	0.000000000000000000e+00	3.360087893307290852e-01	0.000000000000000000e+00
-2.999706999999999971e+04	0.000000000000000000e+00	0.000000000000000000e+00	3.402813806573686817e-01	0.000000000000000000e+00
-2.999704999999999927e+04	0.000000000000000000e+00	0.000000000000000000e+00	3.384502700888088467e-01	0.000000000000000000e+00
-2.999702000000000044e+04	0.000000000000000000e+00	0.000000000000000000e+00	3.442487868892483149e-01	0.000000000000000000e+00
-2.999700000000000000e+04	0.000000000000000000e+00	0.000000000000000000e+00	3.411969359416486269e-01	0.000000000000000000e+00
-2.999697999999999956e+04	0.000000000000000000e+00	0.000000000000000000e+00	3.360087893307290852e-01	0.000000000000000000e+00
-2.999695000000000073e+04	0.000000000000000000e+00	0.000000000000000000e+00	3.448591570787682969e-01	0.000000000000000000e+00
-2.999691999999999825e+04	0.000000000000000000e+00	0.000000000000000000e+00	3.433332316049684252e-01	0.000000000000000000e+00
-2.999690000000000146e+04	0.000000000000000000e+00	0.000000000000000000e+00	3.363139744254890484e-01	0.000000000000000000e+00
-2.999688000000000102e+04	0.000000000000000000e+00	0.000000000000000000e+00	3.466902676473281320e-01	0.000000000000000000e+00
-2.999684999999999854e+04	0.000000000000000000e+00	0.000000000000000000e+00	3.488265633106479302e-01	0.000000000000000000e+00
-2.999683000000000175e+04	0.000000000000000000e+00	0.000000000000000000e+00	3.473006378368480584e-01	0.000000000000000000e+00
-2.999679999999999927e+04	0.000000000000000000e+00	0.000000000000000000e+00	3.488265633106479302e-01	0.000000000000000000e+00
-2.999677999999999884e+04	0.000000000000000000e+00	0.000000000000000000e+00	3.457747123630481867e-01	0.000000000000000000e+00
-2.999675000000000000e+04	0.000000000000000000e+00	0.000000000000000000e+00	3.479110080263679849e-01	0.000000000000000000e+00
-2.999672000000000116e+04	0.000000000000000000e+00	0.000000000000000000e+00	3.610339671010467932e-01	0.000000000000000000e+00
-2.999670000000000073e+04	0.000000000000000000e+00	0.000000000000000000e+00	3.497421185949278200e-01	0.000000000000000000e+00
-2.999668000000000029e+04	0.000000000000000000e+00	0.000000000000000000e+00	3.570665608691671600e-01	0.000000000000000000e+00
-2.999665999999999985e+04	0.000000000000000000e+00	0.000000000000000000e+00	3.573717459639271232e-01	0.000000000000000000e+00
-2.999665000000000146e+04	0.000000000000000000e+00	0.000000000000000000e+00	3.549302652058473617e-01	0.000000000000000000e+00
-2.999661999999999898e+04	0.000000000000000000e+00	0.000000000000000000e+00	3.527939695425275635e-01	0.000000000000000000e+00
-2.999661000000000058e+04	0.000000000000000000e+00	0.000000000000000000e+00	3.607287820062868300e-01	0.000000000000000000e+00
-2.999658000000000175e+04	0.000000000000000000e+00	0.000000000000000000e+00	3.683584093752861333e-01	0.000000000000000000e+00
-2.999656000000000131e+04	0.000000000000000000e+00	0.000000000000000000e+00	3.640858180486464812e-01	0.000000000000000000e+00
-2.999654000000000087e+04	0.000000000000000000e+00	0.000000000000000000e+00	3.570665608691671600e-01	0.000000000000000000e+00
-2.999652000000000044e+04	0.000000000000000000e+00	0.000000000000000000e+00	3.613391521958067565e-01	0.000000000000000000e+00
-2.999650999999999840e+04	0.000000000000000000e+00	0.000000000000000000e+00	3.701895199438459683e-01	0.000000000000000000e+00
-2.999649000000000160e+04	0.000000000000000000e+00	0.000000000000000000e+00	3.631702627643665915e-01	0.000000000000000000e+00
-2.999647999999999956e+04	0.000000000000000000e+00	0.000000000000000000e+00	3.772087771233252895e-01	0.000000000000000000e+00
-2.999647000000000116e+04	0.000000000000000000e+00	0.000000000000000000e+00	3.677480391857661512e-01	0.000000000000000000e+00
-2.999643999999999869e+04	0.000000000000000000e+00	0.000000000000000000e+00	3.802606280709250330e-01	0.000000000000000000e+00
-2.999640999999999985e+04	0.000000000000000000e+00	0.000000000000000000e+00	3.674428540910061880e-01	0.000000000000000000e+00
-2.999638999999999942e+04	0.000000000000000000e+00	0.000000000000000000e+00	3.753776665547654545e-01	0.000000000000000000e+00
-2.999638000000000102e+04	0.000000000000000000e+00	0.000000000000000000e+00	3.701895199438459683e-01	0.000000000000000000e+00
-2.999634999999999854e+04	0.000000000000000000e+00	0.000000000000000000e+00	3.762932218390453998e-01	0.000000000000000000e+00
-2.999631999999999971e+04	0.000000000000000000e+00	0.000000000000000000e+00	3.769035920285653263e-01	0.000000000000000000e+00
-2.999629999999999927e+04	0.000000000000000000e+00	0.000000000000000000e+00	3.775139622180852528e-01	0.000000000000000000e+00
-2.999627000000000044e+04	0.000000000000000000e+00	0.000000000000000000e+00	3.784295175023651980e-01	0.000000000000000000e+00
-2.999624000000000160e+04	0.000000000000000000e+00	0.000000000000000000e+00	3.817865535447248493e-01	0.000000000000000000e+00
-2.999622000000000116e+04	0.000000000000000000e+00	0.000000000000000000e+00	3.866695150608844278e-01	0.000000000000000000e+00
-2.999620000000000073e+04	0.000000000000000000e+00	0.000000000000000000e+00	3.839228492080447031e-01	0.000000000000000000e+00
-2.999618000000000029e+04	0.000000000000000000e+00	0.000000000000000000e+00	3.833124790185247210e-01	0.000000000000000000e+00
-2.999615999999999985e+04	0.000000000000000000e+00	0.000000000000000000e+00	3.878902554399243363e-01	0.000000000000000000e+00
-2.999613999999999942e+04	0.000000000000000000e+00	0.000000000000000000e+00	3.885006256294442628e-01	0.000000000000000000e+00
-2.999613000000000102e+04	0.000000000000000000e+00	0.000000000000000000e+00	3.964354380932035293e-01	0.000000000000000000e+00
-2.999611000000000058e+04	0.000000000000000000e+00	0.000000000000000000e+00	3.903317361980040978e-01	0.000000000000000000e+00
-2.999609000000000015e+04	0.000000000000000000e+00	0.000000000000000000e+00	3.869747001556443911e-01	0.000000000000000000e+00
-2.999606000000000131e+04	0.000000000000000000e+00	0.000000000000000000e+00	3.942991424298837311e-01	0.000000000000000000e+00
-2.999602999999999884e+04	0.000000000000000000e+00	0.000000000000000000e+00	3.936887722403638046e-01	0.000000000000000000e+00
-2.999602000000000044e+04	0.000000000000000000e+00	0.000000000000000000e+00	3.982665486617633643e-01	0.000000000000000000e+00
-2.999600000000000000e+04	0.000000000000000000e+00	0.000000000000000000e+00	4.077272865993225026e-01	0.000000000000000000e+00
-2.999597999999999956e+04	0.000000000000000000e+00	0.000000000000000000e+00	3.949095126194036576e-01	0.000000000000000000e+00
-2.999593999999999869e+04	0.000000000000000000e+00	0.000000000000000000e+00	4.104739524521622274e-01	0.000000000000000000e+00
-2.999590999999999985e+04	0.000000000000000000e+00	0.000000000000000000e+00	4.107791375469221906e-01	0.000000000000000000e+00
-2.999588000000000102e+04	0.000000000000000000e+00	0.000000000000000000e+00	4.113895077364421726e-01	0.000000000000000000e+00
-2.999584999999999854e+04	0.000000000000000000e+00	0.000000000000000000e+00	4.077272865993225026e-01	0.000000000000000000e+00
-2.999581999999999971e+04	0.000000000000000000e+00	0.000000000000000000e+00	4.101687673574022641e-01	0.000000000000000000e+00
-2.999579000000000087e+04	0.000000000000000000e+00	0.000000000000000000e+00	4.147465437788018239e-01	0.000000000000000000e+00
-2.999575999999999840e+04	0.000000000000000000e+00	0.000000000000000000e+00	4.141361735892818974e-01	0.000000000000000000e+00
-2.999574000000000160e+04	0.000000000000000000e+00	0.000000000000000000e+00	4.168828394421216221e-01	0.000000000000000000e+00
-2.999572000000000116e+04	0.000000000000000000e+00	0.000000000000000000e+00	4.196295052949614024e-01	0.000000000000000000e+00
-2.999570000000000073e+04	0.000000000000000000e+00	0.000000000000000000e+00	4.144413586840418606e-01	0.000000000000000000e+00
-2.999566999999999825e+04	0.000000000000000000e+00	0.000000000000000000e+00	4.284798730430005587e-01	0.000000000000000000e+00
-2.999565000000000146e+04	0.000000000000000000e+00	0.000000000000000000e+00	4.193243202002014391e-01	0.000000000000000000e+00
-2.999563000000000102e+04	0.000000000000000000e+00	0.000000000000000000e+00	4.199346903897213656e-01	0.000000000000000000e+00
-2.999561000000000058e+04	0.000000000000000000e+00	0.000000000000000000e+00	4.156620990630817691e-01	0.000000000000000000e+00
-2.999558000000000175e+04	0.000000000000000000e+00	0.000000000000000000e+00	4.150517288735618426e-01	0.000000000000000000e+00
-2.999556000000000131e+04	0.000000000000000000e+00	0.000000000000000000e+00	4.132206183050020076e-01	0.000000000000000000e+00
-2.999554000000000087e+04	0.000000000000000000e+00	0.000000000000000000e+00	4.196295052949614024e-01	0.000000000000000000e+00
-2.999552999999999884e+04	0.000000000000000000e+00	0.000000000000000000e+00	4.318369090853602654e-01	0.000000000000000000e+00
-2.999550999999999840e+04	0.000000000000000000e+00	0.000000000000000000e+00	4.300057985168004304e-01	0.000000000000000000e+00
-2.999547999999999956e+04	0.000000000000000000e+00	0.000000000000000000e+00	4.370250556962798072e-01	0.000000000000000000e+00
-2.999547000000000116e+04	0.000000000000000000e+00	0.000000000000000000e+00	4.318369090853602654e-01	0.000000000000000000e+00
-2.999543999999999869e+04	0.000000000000000000e+00	0.000000000000000000e+00	4.358043153172398987e-01	0.000000000000000000e+00
-2.999540000000000146e+04	0.000000000000000000e+00	0.000000000000000000e+00	4.364146855067598252e-01	0.000000000000000000e+00
-2.999538000000000102e+04	0.000000000000000000e+00	0.000000000000000000e+00	4.422132023071992935e-01	0.000000000000000000e+00
-2.999536000000000058e+04	0.000000000000000000e+00	0.000000000000000000e+00	4.403820917386394584e-01	0.000000000000000000e+00
-2.999533000000000175e+04	0.000000000000000000e+00	0.000000000000000000e+00	4.330576494644001739e-01	0.000000000000000000e+00
-2.999529000000000087e+04	0.000000000000000000e+00	0.000000000000000000e+00	4.388561662648396422e-01	0.000000000000000000e+00
-2.999525999999999840e+04	0.000000000000000000e+00	0.000000000000000000e+00	4.492324594866786702e-01	0.000000000000000000e+00
-2.999524000000000160e+04	0.000000000000000000e+00	0.000000000000000000e+00	4.507583849604785420e-01	0.000000000000000000e+00
-2.999522000000000116e+04	0.000000000000000000e+00	0.000000000000000000e+00	4.486220892971587437e-01	0.000000000000000000e+00
-2.999518000000000029e+04	0.000000000000000000e+00	0.000000000000000000e+00	4.507583849604785420e-01	0.000000000000000000e+00
-2.999515999999999985e+04	0.000000000000000000e+00	0.000000000000000000e+00	4.638813440351573503e-01	0.000000000000000000e+00
-2.999513000000000102e+04	0.000000000000000000e+00	0.000000000000000000e+00	4.571672719504379367e-01	0.000000000000000000e+00
-2.999509999999999854e+04	0.000000000000000000e+00	0.000000000000000000e+00	4.620502334665975153e-01	0.000000000000000000e+00
-2.999508000000000175e+04	0.000000000000000000e+00	0.000000000000000000e+00	4.596087527085176982e-01	0.000000000000000000e+00
-2.999504999999999927e+04	0.000000000000000000e+00	0.000000000000000000e+00	4.614398632770775333e-01	0.000000000000000000e+00
-2.999502000000000044e+04	0.000000000000000000e+00	0.000000000000000000e+00	4.647968993194372400e-01	0.000000000000000000e+00
-2.999499000000000160e+04	0.000000000000000000e+00	0.000000000000000000e+00	4.647968993194372400e-01	0.000000000000000000e+00
-2.999495999999999913e+04	0.000000000000000000e+00	0.000000000000000000e+00	4.614398632770775333e-01	0.000000000000000000e+00
-2.999491999999999825e+04	0.000000000000000000e+00	0.000000000000000000e+00	4.651020844141972033e-01	0.000000000000000000e+00
-2.999490000000000146e+04	0.000000000000000000e+00	0.000000000000000000e+00	4.709006012146366715e-01	0.000000000000000000e+00
-2.999488000000000102e+04	0.000000000000000000e+00	0.000000000000000000e+00	4.739524521622364150e-01	0.000000000000000000e+00
-2.999484999999999854e+04	0.000000000000000000e+00	0.000000000000000000e+00	4.763939329203161765e-01	0.000000000000000000e+00
-2.999481999999999971e+04	0.000000000000000000e+00	0.000000000000000000e+00	4.800561540574358466e-01	0.000000000000000000e+00
-2.999479000000000087e+04	0.000000000000000000e+00	0.000000000000000000e+00	4.800561540574358466e-01	0.000000000000000000e+00
-2.999477000000000044e+04	0.000000000000000000e+00	0.000000000000000000e+00	4.803613391521958098e-01	0.000000000000000000e+00
-2.999474000000000160e+04	0.000000000000000000e+00	0.000000000000000000e+00	4.919583727530747463e-01	0.000000000000000000e+00
-2.999470999999999913e+04	0.000000000000000000e+00	0.000000000000000000e+00	4.831080050050355346e-01	0.000000000000000000e+00
-2.999468999999999869e+04	0.000000000000000000e+00	0.000000000000000000e+00	4.846339304788354063e-01	0.000000000000000000e+00
-2.999465999999999985e+04	0.000000000000000000e+00	0.000000000000000000e+00	4.916531876583147831e-01	0.000000000000000000e+00
-2.999463999999999942e+04	0.000000000000000000e+00	0.000000000000000000e+00	4.782250434888760116e-01	0.000000000000000000e+00
-2.999459999999999854e+04	0.000000000000000000e+00	0.000000000000000000e+00	4.947050386059144711e-01	0.000000000000000000e+00
-2.999456999999999971e+04	0.000000000000000000e+00	0.000000000000000000e+00	4.971465193639942881e-01	0.000000000000000000e+00
-2.999454999999999927e+04	0.000000000000000000e+00	0.000000000000000000e+00	4.968413342692342693e-01	0.000000000000000000e+00
-2.999452999999999884e+04	0.000000000000000000e+00	0.000000000000000000e+00	5.020294808801538666e-01	0.000000000000000000e+00
-2.999450000000000000e+04	0.000000000000000000e+00	0.000000000000000000e+00	5.008087405011139026e-01	0.000000000000000000e+00
-2.999447000000000116e+04	0.000000000000000000e+00	0.000000000000000000e+00	4.983672597430341411e-01	0.000000000000000000e+00
-2.999443000000000029e+04	0.000000000000000000e+00	0.000000000000000000e+00	5.026398510696737931e-01	0.000000000000000000e+00
-2.999440999999999985e+04	0.000000000000000000e+00	0.000000000000000000e+00	5.038605914487136461e-01	0.000000000000000000e+00
-2.999438999999999942e+04	0.000000000000000000e+00	0.000000000000000000e+00	5.078279976805932794e-01	0.000000000000000000e+00
-2.999436999999999898e+04	0.000000000000000000e+00	0.000000000000000000e+00	5.105746635334330596e-01	0.000000000000000000e+00
-2.999434000000000015e+04	0.000000000000000000e+00	0.000000000000000000e+00	5.093539231543930956e-01	0.000000000000000000e+00
-2.999431999999999971e+04	0.000000000000000000e+00	0.000000000000000000e+00	5.151524399548326194e-01	0.000000000000000000e+00
-2.999429999999999927e+04	0.000000000000000000e+00	0.000000000000000000e+00	5.178991058076723997e-01	0.000000000000000000e+00
-2.999427000000000044e+04	0.000000000000000000e+00	0.000000000000000000e+00	5.182042909024323629e-01	0.000000000000000000e+00
-2.999424000000000160e+04	0.000000000000000000e+00	0.000000000000000000e+00	5.249183629871516654e-01	0.000000000000000000e+00
-2.999420999999999913e+04	0.000000000000000000e+00	0.000000000000000000e+00	5.182042909024323629e-01	0.000000000000000000e+00
-2.999416999999999825e+04	0.000000000000000000e+00	0.000000000000000000e+00	5.417035431989501992e-01	0.000000000000000000e+00
-2.999415000000000146e+04	0.000000000000000000e+00	0.000000000000000000e+00	5.267494735557115559e-01	0.000000000000000000e+00
-2.999411999999999898e+04	0.000000000000000000e+00	0.000000000000000000e+00	5.185094759971923262e-01	0.000000000000000000e+00
-2.999409999999999854e+04	0.000000000000000000e+00	0.000000000000000000e+00	5.188146610919522894e-01	0.000000000000000000e+00
-2.999406999999999971e+04	0.000000000000000000e+00	0.000000000000000000e+00	5.200354014709921424e-01	0.000000000000000000e+00
-2.999404999999999927e+04	0.000000000000000000e+00	0.000000000000000000e+00	5.298013245033112995e-01	0.000000000000000000e+00
-2.999402000000000044e+04	0.000000000000000000e+00	0.000000000000000000e+00	5.294961394085513362e-01	0.000000000000000000e+00
-2.999400000000000000e+04	0.000000000000000000e+00	0.000000000000000000e+00	5.340739158299508960e-01	0.000000000000000000e+00
-2.999395999999999913e+04	0.000000000000000000e+00	0.000000000000000000e+00	5.362102114932706387e-01	0.000000000000000000e+00
-2.999393999999999869e+04	0.000000000000000000e+00	0.000000000000000000e+00	5.362102114932706387e-01	0.000000000000000000e+00
-2.999390000000000146e+04	0.000000000000000000e+00	0.000000000000000000e+00	5.410931730094302727e-01	0.000000000000000000e+00
-2.999386999999999898e+04	0.000000000000000000e+00	0.000000000000000000e+00	5.420087282937101625e-01	0.000000000000000000e+00
-2.999384999999999854e+04	0.000000000000000000e+00	0.000000000000000000e+00	5.459761345255897957e-01	0.000000000000000000e+00
-2.999383000000000175e+04	0.000000000000000000e+00	0.000000000000000000e+00	5.575731681264687323e-01	0.000000000000000000e+00
-2.999381000000000131e+04	0.000000000000000000e+00	0.000000000000000000e+00	5.523850215155491350e-01	0.000000000000000000e+00
-2.999379000000000087e+04	0.000000000000000000e+00	0.000000000000000000e+00	5.536057618945890990e-01	0.000000000000000000e+00
-2.999375999999999840e+04	0.000000000000000000e+00	0.000000000000000000e+00	5.569627979369488058e-01	0.000000000000000000e+00
-2.999372999999999956e+04	0.000000000000000000e+00	0.000000000000000000e+00	5.691702017273476688e-01	0.000000000000000000e+00
-2.999370000000000073e+04	0.000000000000000000e+00	0.000000000000000000e+00	5.584887234107486220e-01	0.000000000000000000e+00
-2.999368000000000029e+04	0.000000000000000000e+00	0.000000000000000000e+00	5.664235358745078885e-01	0.000000000000000000e+00
-2.999365999999999985e+04	0.000000000000000000e+00	0.000000000000000000e+00	5.639820551164280715e-01	0.000000000000000000e+00
-2.999365000000000146e+04	0.000000000000000000e+00	0.000000000000000000e+00	5.639820551164280715e-01	0.000000000000000000e+00
-2.999361999999999898e+04	0.000000000000000000e+00	0.000000000000000000e+00	5.679494613483077048e-01	0.000000000000000000e+00
-2.999358000000000175e+04	0.000000000000000000e+00	0.000000000000000000e+00	5.676442762535477415e-01	0.000000000000000000e+00
-2.999354999999999927e+04	0.000000000000000000e+00	0.000000000000000000e+00	5.630664998321481818e-01	0.000000000000000000e+00
-2.999354000000000087e+04	0.000000000000000000e+00	0.000000000000000000e+00	5.618457594531083288e-01	0.000000000000000000e+00
-2.999350999999999840e+04	0.000000000000000000e+00	0.000000000000000000e+00	5.676442762535477415e-01	0.000000000000000000e+00
-2.999347999999999956e+04	0.000000000000000000e+00	0.000000000000000000e+00	5.832087160863063113e-01	0.000000000000000000e+00
-2.999345999999999913e+04	0.000000000000000000e+00	0.000000000000000000e+00	5.749687185277870816e-01	0.000000000000000000e+00
-2.999343999999999869e+04	0.000000000000000000e+00	0.000000000000000000e+00	5.792413098544266781e-01	0.000000000000000000e+00
-2.999340000000000146e+04	0.000000000000000000e+00	0.000000000000000000e+00	5.856501968443861283e-01	0.000000000000000000e+00
-2.999336999999999898e+04	0.000000000000000000e+00	0.000000000000000000e+00	5.856501968443861283e-01	0.000000000000000000e+00
-2.999334999999999854e+04	0.000000000000000000e+00	0.000000000000000000e+00	5.856501968443861283e-01	0.000000000000000000e+00
-2.999333000000000175e+04	0.000000000000000000e+00	0.000000000000000000e+00	5.914487136448255411e-01	0.000000000000000000e+00
-2.999331000000000131e+04	0.000000000000000000e+00	0.000000000000000000e+00	5.929746391186254684e-01	0.000000000000000000e+00
-2.999327000000000044e+04	0.000000000000000000e+00	0.000000000000000000e+00	6.051820429090243314e-01	0.000000000000000000e+00
-2.999324000000000160e+04	0.000000000000000000e+00	0.000000000000000000e+00	5.945005645924252846e-01	0.000000000000000000e+00
-2.999322000000000116e+04	0.000000000000000000e+00	0.000000000000000000e+00	5.954161198767051744e-01	0.000000000000000000e+00
-2.999320000000000073e+04	0.000000000000000000e+00	0.000000000000000000e+00	6.006042664876247716e-01	0.000000000000000000e+00
-2.999316999999999825e+04	0.000000000000000000e+00	0.000000000000000000e+00	6.006042664876247716e-01	0.000000000000000000e+00
-2.999315000000000146e+04	0.000000000000000000e+00	0.000000000000000000e+00	6.024353770561845511e-01	0.000000000000000000e+00
-2.999313000000000102e+04	0.000000000000000000e+00	0.000000000000000000e+00	6.060975981933042211e-01	0.000000000000000000e+00
-2.999309999999999854e+04	0.000000000000000000e+00	0.000000000000000000e+00	6.045716727195044049e-01	0.000000000000000000e+00
-2.999306999999999971e+04	0.000000000000000000e+00	0.000000000000000000e+00	6.039613025299844784e-01	0.000000000000000000e+00
-2.999304000000000087e+04	0.000000000000000000e+00	0.000000000000000000e+00	6.088442640461440014e-01	0.000000000000000000e+00
-2.999302000000000044e+04	0.000000000000000000e+00	0.000000000000000000e+00	6.079287087618641117e-01	0.000000000000000000e+00
-2.999300000000000000e+04	0.000000000000000000e+00	0.000000000000000000e+00	6.122013000885037082e-01	0.000000000000000000e+00
-2.999297999999999956e+04	0.000000000000000000e+00	0.000000000000000000e+00	6.140324106570634877e-01	0.000000000000000000e+00
-2.999295999999999913e+04	0.000000000000000000e+00	0.000000000000000000e+00	6.201361125522629747e-01	0.000000000000000000e+00
-2.999291999999999825e+04	0.000000000000000000e+00	0.000000000000000000e+00	6.225775933103426807e-01	0.000000000000000000e+00
-2.999288999999999942e+04	0.000000000000000000e+00	0.000000000000000000e+00	6.146427808465834142e-01	0.000000000000000000e+00
-2.999286000000000058e+04	0.000000000000000000e+00	0.000000000000000000e+00	6.247138889736625345e-01	0.000000000000000000e+00
-2.999283000000000175e+04	0.000000000000000000e+00	0.000000000000000000e+00	6.228827784051026439e-01	0.000000000000000000e+00
-2.999281000000000131e+04	0.000000000000000000e+00	0.000000000000000000e+00	6.369212927640613975e-01	0.000000000000000000e+00
-2.999279000000000087e+04	0.000000000000000000e+00	0.000000000000000000e+00	6.402783288064211042e-01	0.000000000000000000e+00
-2.999277999999999884e+04	0.000000000000000000e+00	0.000000000000000000e+00	6.341746269112216172e-01	0.000000000000000000e+00
-2.999275000000000000e+04	0.000000000000000000e+00	0.000000000000000000e+00	6.286812952055421677e-01	0.000000000000000000e+00
-2.999272999999999956e+04	0.000000000000000000e+00	0.000000000000000000e+00	6.402783288064211042e-01	0.000000000000000000e+00
-2.999270000000000073e+04	0.000000000000000000e+00	0.000000000000000000e+00	6.369212927640613975e-01	0.000000000000000000e+00
-2.999268000000000029e+04	0.000000000000000000e+00	0.000000000000000000e+00	6.341746269112216172e-01	0.000000000000000000e+00
-2.999265999999999985e+04	0.000000000000000000e+00	0.000000000000000000e+00	6.469924008911405178e-01	0.000000000000000000e+00
-2.999263000000000102e+04	0.000000000000000000e+00	0.000000000000000000e+00	6.451612903225806273e-01	0.000000000000000000e+00
-2.999261000000000058e+04	0.000000000000000000e+00	0.000000000000000000e+00	6.445509201330607008e-01	0.000000000000000000e+00
-2.999258000000000175e+04	0.000000000000000000e+00	0.000000000000000000e+00	6.534012878810998570e-01	0.000000000000000000e+00
-2.999254000000000087e+04	0.000000000000000000e+00	0.000000000000000000e+00	6.509598071230201510e-01	0.000000000000000000e+00
-2.999252999999999884e+04	0.000000000000000000e+00	0.000000000000000000e+00	6.552323984496597475e-01	0.000000000000000000e+00
-2.999250999999999840e+04	0.000000000000000000e+00	0.000000000000000000e+00	6.616412854396190868e-01	0.000000000000000000e+00
-2.999250000000000000e+04	0.000000000000000000e+00	0.000000000000000000e+00	6.546220282601398210e-01	0.000000000000000000e+00
-2.999247000000000116e+04	0.000000000000000000e+00	0.000000000000000000e+00	6.613361003448591235e-01	0.000000000000000000e+00
-2.999243999999999869e+04	0.000000000000000000e+00	0.000000000000000000e+00	6.582842493972594911e-01	0.000000000000000000e+00
-2.999240999999999985e+04	0.000000000000000000e+00	0.000000000000000000e+00	6.649983214819787936e-01	0.000000000000000000e+00
-2.999238999999999942e+04	0.000000000000000000e+00	0.000000000000000000e+00	6.711020233771782806e-01	0.000000000000000000e+00
-2.999236000000000058e+04	0.000000000000000000e+00	0.000000000000000000e+00	6.723227637562181336e-01	0.000000000000000000e+00
-2.999233000000000175e+04	0.000000000000000000e+00	0.000000000000000000e+00	6.625568407238990876e-01	0.000000000000000000e+00
-2.999229999999999927e+04	0.000000000000000000e+00	0.000000000000000000e+00	6.622516556291391243e-01	0.000000000000000000e+00
-2.999227000000000044e+04	0.000000000000000000e+00	0.000000000000000000e+00	6.744590594195379873e-01	0.000000000000000000e+00
-2.999225000000000000e+04	0.000000000000000000e+00	0.000000000000000000e+00	6.775109103671376198e-01	0.000000000000000000e+00
-2.999222000000000116e+04	0.000000000000000000e+00	0.000000000000000000e+00	6.738486892300180608e-01	0.000000000000000000e+00
-2.999218999999999869e+04	0.000000000000000000e+00	0.000000000000000000e+00	6.857509079256569606e-01	0.000000000000000000e+00
-2.999218000000000029e+04	0.000000000000000000e+00	0.000000000000000000e+00	6.833094271675771436e-01	0.000000000000000000e+00
-2.999215999999999985e+04	0.000000000000000000e+00	0.000000000000000000e+00	6.826990569780572171e-01	0.000000000000000000e+00
-2.999213999999999942e+04	0.000000000000000000e+00	0.000000000000000000e+00	6.894131290627765196e-01	0.000000000000000000e+00
-2.999211999999999898e+04	0.000000000000000000e+00	0.000000000000000000e+00	6.869716483046968136e-01	0.000000000000000000e+00
-2.999209000000000015e+04	0.000000000000000000e+00	0.000000000000000000e+00	6.857509079256569606e-01	0.000000000000000000e+00
-2.999206999999999971e+04	0.000000000000000000e+00	0.000000000000000000e+00	6.869716483046968136e-01	0.000000000000000000e+00
-2.999204000000000087e+04	0.000000000000000000e+00	0.000000000000000000e+00	6.817835016937773274e-01	0.000000000000000000e+00
-2.999202000000000044e+04	0.000000000000000000e+00	0.000000000000000000e+00	6.826990569780572171e-01	0.000000000000000000e+00
-2.999200000000000000e+04	0.000000000000000000e+00	0.000000000000000000e+00	6.814783165990172531e-01	0.000000000000000000e+00
-2.999197000000000116e+04	0.000000000000000000e+00	0.000000000000000000e+00	6.988738670003357134e-01	0.000000000000000000e+00
-2.999193999999999869e+04	0.000000000000000000e+00	0.000000000000000000e+00	6.997894222846156032e-01	0.000000000000000000e+00
-2.999190999999999985e+04	0.000000000000000000e+00	0.000000000000000000e+00	7.061983092745750534e-01	0.000000000000000000e+00
-2.999188999999999942e+04	0.000000000000000000e+00	0.000000000000000000e+00	6.979583117160558237e-01	0.000000000000000000e+00
-2.999186000000000058e+04	0.000000000000000000e+00	0.000000000000000000e+00	7.013153477584155304e-01	0.000000000000000000e+00
-2.999184000000000015e+04	0.000000000000000000e+00	0.000000000000000000e+00	7.025360881374553834e-01	0.000000000000000000e+00
-2.999181999999999971e+04	0.000000000000000000e+00	0.000000000000000000e+00	7.184057130649739165e-01	0.000000000000000000e+00
-2.999179999999999927e+04	0.000000000000000000e+00	0.000000000000000000e+00	7.171849726859340635e-01	0.000000000000000000e+00
-2.999177999999999884e+04	0.000000000000000000e+00	0.000000000000000000e+00	7.205420087282936592e-01	0.000000000000000000e+00
-2.999175999999999840e+04	0.000000000000000000e+00	0.000000000000000000e+00	7.129123813592944670e-01	0.000000000000000000e+00
-2.999174000000000160e+04	0.000000000000000000e+00	0.000000000000000000e+00	7.132175664540544302e-01	0.000000000000000000e+00
-2.999172000000000116e+04	0.000000000000000000e+00	0.000000000000000000e+00	7.107760856959746132e-01	0.000000000000000000e+00
-2.999170000000000073e+04	0.000000000000000000e+00	0.000000000000000000e+00	7.147434919278542464e-01	0.000000000000000000e+00
-2.999166999999999825e+04	0.000000000000000000e+00	0.000000000000000000e+00	7.187108981597338797e-01	0.000000000000000000e+00
-2.999165999999999985e+04	0.000000000000000000e+00	0.000000000000000000e+00	7.159642323068940994e-01	0.000000000000000000e+00
-2.999163999999999942e+04	0.000000000000000000e+00	0.000000000000000000e+00	7.220679342020935865e-01	0.000000000000000000e+00
-2.999161000000000058e+04	0.000000000000000000e+00	0.000000000000000000e+00	7.193212683492538062e-01	0.000000000000000000e+00
-2.999156999999999971e+04	0.000000000000000000e+00	0.000000000000000000e+00	7.324442274239326700e-01	0.000000000000000000e+00
-2.999154000000000087e+04	0.000000000000000000e+00	0.000000000000000000e+00	7.354960783715323025e-01	0.000000000000000000e+00
-2.999152999999999884e+04	0.000000000000000000e+00	0.000000000000000000e+00	7.293923764763329265e-01	0.000000000000000000e+00
-2.999150999999999840e+04	0.000000000000000000e+00	0.000000000000000000e+00	7.370220038453322298e-01	0.000000000000000000e+00
-2.999147999999999956e+04	0.000000000000000000e+00	0.000000000000000000e+00	7.376323740348521563e-01	0.000000000000000000e+00
-2.999145000000000073e+04	0.000000000000000000e+00	0.000000000000000000e+00	7.394634846034119358e-01	0.000000000000000000e+00
-2.999141999999999825e+04	0.000000000000000000e+00	0.000000000000000000e+00	7.525864436780907996e-01	0.000000000000000000e+00
-2.999138999999999942e+04	0.000000000000000000e+00	0.000000000000000000e+00	7.422101504562517160e-01	0.000000000000000000e+00
-2.999136000000000058e+04	0.000000000000000000e+00	0.000000000000000000e+00	7.559434797204505063e-01	0.000000000000000000e+00
-2.999134999999999854e+04	0.000000000000000000e+00	0.000000000000000000e+00	7.654042176580095891e-01	0.000000000000000000e+00
-2.999133000000000175e+04	0.000000000000000000e+00	0.000000000000000000e+00	7.583849604785302123e-01	0.000000000000000000e+00
-2.999129999999999927e+04	0.000000000000000000e+00	0.000000000000000000e+00	7.535019989623706893e-01	0.000000000000000000e+00
-2.999125999999999840e+04	0.000000000000000000e+00	0.000000000000000000e+00	7.605212561418500661e-01	0.000000000000000000e+00
-2.999122000000000116e+04	0.000000000000000000e+00	0.000000000000000000e+00	7.681508835108493694e-01	0.000000000000000000e+00
-2.999120000000000073e+04	0.000000000000000000e+00	0.000000000000000000e+00	7.611316263313699926e-01	0.000000000000000000e+00
-2.999118999999999869e+04	0.000000000000000000e+00	0.000000000000000000e+00	7.712027344584490018e-01	0.000000000000000000e+00
-2.999116999999999825e+04	0.000000000000000000e+00	0.000000000000000000e+00	7.721182897427290026e-01	0.000000000000000000e+00
-2.999113999999999942e+04	0.000000000000000000e+00	0.000000000000000000e+00	7.605212561418500661e-01	0.000000000000000000e+00
-2.999109999999999854e+04	0.000000000000000000e+00	0.000000000000000000e+00	7.702871791741691121e-01	0.000000000000000000e+00
-2.999108000000000175e+04	0.000000000000000000e+00	0.000000000000000000e+00	7.779168065431684154e-01	0.000000000000000000e+00
-2.999106000000000131e+04	0.000000000000000000e+00	0.000000000000000000e+00	7.760856959746086359e-01	0.000000000000000000e+00
-2.999102999999999884e+04	0.000000000000000000e+00	0.000000000000000000e+00	7.876827295754875724e-01	0.000000000000000000e+00
-2.999100000000000000e+04	0.000000000000000000e+00	0.000000000000000000e+00	7.806634723960081956e-01	0.000000000000000000e+00
-2.999097999999999956e+04	0.000000000000000000e+00	0.000000000000000000e+00	7.806634723960081956e-01	0.000000000000000000e+00
-2.999095999999999913e+04	0.000000000000000000e+00	0.000000000000000000e+00	7.730338450270088924e-01	0.000000000000000000e+00
-2.999093999999999869e+04	0.000000000000000000e+00	0.000000000000000000e+00	7.751701406903286351e-01	0.000000000000000000e+00
-2.999090999999999985e+04	0.000000000000000000e+00	0.000000000000000000e+00	7.876827295754875724e-01	0.000000000000000000e+00
-2.999088000000000102e+04	0.000000000000000000e+00	0.000000000000000000e+00	7.827997680593279384e-01	0.000000000000000000e+00
-2.999084999999999854e+04	0.000000000000000000e+00	0.000000000000000000e+00	7.925656910916470954e-01	0.000000000000000000e+00
-2.999083000000000175e+04	0.000000000000000000e+00	0.000000000000000000e+00	7.889034699545274254e-01	0.000000000000000000e+00
-2.999079999999999927e+04	0.000000000000000000e+00	0.000000000000000000e+00	7.916501358073672057e-01	0.000000000000000000e+00
-2.999077000000000044e+04	0.000000000000000000e+00	0.000000000000000000e+00	7.968382824182866919e-01	0.000000000000000000e+00
-2.999075000000000000e+04	0.000000000000000000e+00	0.000000000000000000e+00	7.950071718497269124e-01	0.000000000000000000e+00
-2.999072999999999956e+04	0.000000000000000000e+00	0.000000000000000000e+00	7.968382824182866919e-01	0.000000000000000000e+00
-2.999070999999999913e+04	0.000000000000000000e+00	0.000000000000000000e+00	8.215582750938443812e-01	0.000000000000000000e+00
-2.999068999999999869e+04	0.000000000000000000e+00	0.000000000000000000e+00	8.099612414929654447e-01	0.000000000000000000e+00
-2.999065999999999985e+04	0.000000000000000000e+00	0.000000000000000000e+00	8.096560563982054815e-01	0.000000000000000000e+00
-2.999063000000000102e+04	0.000000000000000000e+00	0.000000000000000000e+00	8.127079073458052250e-01	0.000000000000000000e+00
-2.999061999999999898e+04	0.000000000000000000e+00	0.000000000000000000e+00	8.032471694082461422e-01	0.000000000000000000e+00
-2.999059999999999854e+04	0.000000000000000000e+00	0.000000000000000000e+00	8.062990203558457747e-01	0.000000000000000000e+00
-2.999058000000000175e+04	0.000000000000000000e+00	0.000000000000000000e+00	8.133182775353251515e-01	0.000000000000000000e+00
-2.999056000000000131e+04	0.000000000000000000e+00	0.000000000000000000e+00	8.136234626300851147e-01	0.000000000000000000e+00
-2.999054000000000087e+04	0.000000000000000000e+00	0.000000000000000000e+00	8.108767967772454455e-01	0.000000000000000000e+00
-2.999052000000000044e+04	0.000000000000000000e+00	0.000000000000000000e+00	8.175908688619647480e-01	0.000000000000000000e+00
-2.999050000000000000e+04	0.000000000000000000e+00	0.000000000000000000e+00	8.154545731986450052e-01	0.000000000000000000e+00
-2.999047000000000116e+04	0.000000000000000000e+00	0.000000000000000000e+00	8.133182775353251515e-01	0.000000000000000000e+00
-2.999045000000000073e+04	0.000000000000000000e+00	0.000000000000000000e+00	8.178960539567247112e-01	0.000000000000000000e+00
-2.999043000000000029e+04	0.000000000000000000e+00	0.000000000000000000e+00	8.270516067995239418e-01	0.000000000000000000e+00
-2.999040999999999985e+04	0.000000000000000000e+00	0.000000000000000000e+00	8.307138279366436118e-01	0.000000000000000000e+00
-2.999038000000000102e+04	0.000000000000000000e+00	0.000000000000000000e+00	8.313241981261635383e-01	0.000000000000000000e+00
-2.999034999999999854e+04	0.000000000000000000e+00	0.000000000000000000e+00	8.346812341685232450e-01	0.000000000000000000e+00
-2.999031999999999971e+04	0.000000000000000000e+00	0.000000000000000000e+00	8.307138279366436118e-01	0.000000000000000000e+00
-2.999027999999999884e+04	0.000000000000000000e+00	0.000000000000000000e+00	8.331553086947233178e-01	0.000000000000000000e+00
-2.999025000000000000e+04	0.000000000000000000e+00	0.000000000000000000e+00	8.386486404004028783e-01	0.000000000000000000e+00
-2.999022999999999956e+04	0.000000000000000000e+00	0.000000000000000000e+00	8.413953062532425475e-01	0.000000000000000000e+00
-2.999022000000000116e+04	0.000000000000000000e+00	0.000000000000000000e+00	8.548234504226813746e-01	0.000000000000000000e+00
-2.999018999999999869e+04	0.000000000000000000e+00	0.000000000000000000e+00	8.484145634327219243e-01	0.000000000000000000e+00
-2.999015000000000146e+04	0.000000000000000000e+00	0.000000000000000000e+00	8.508560441908017413e-01	0.000000000000000000e+00
-2.999011000000000058e+04	0.000000000000000000e+00	0.000000000000000000e+00	8.557390057069612643e-01	0.000000000000000000e+00
-2.999008000000000175e+04	0.000000000000000000e+00	0.000000000000000000e+00	8.505508590960417781e-01	0.000000000000000000e+00
-2.999006000000000131e+04	0.000000000000000000e+00	0.000000000000000000e+00	8.703878902554399444e-01	0.000000000000000000e+00
-2.999002999999999884e+04	0.000000000000000000e+00	0.000000000000000000e+00	8.645893734550004206e-01	0.000000000000000000e+00
-2.999000999999999840e+04	0.000000000000000000e+00	0.000000000000000000e+00	8.673360393078402009e-01	0.000000000000000000e+00
-2.998999000000000160e+04	0.000000000000000000e+00	0.000000000000000000e+00	8.618427076021607514e-01	0.000000000000000000e+00
-2.998995999999999913e+04	0.000000000000000000e+00	0.000000000000000000e+00	8.639790032654804941e-01	0.000000000000000000e+00
-2.998993000000000029e+04	0.000000000000000000e+00	0.000000000000000000e+00	8.651997436445203471e-01	0.000000000000000000e+00
-2.998990000000000146e+04	0.000000000000000000e+00	0.000000000000000000e+00	8.706930753501999076e-01	0.000000000000000000e+00
-2.998986999999999898e+04	0.000000000000000000e+00	0.000000000000000000e+00	8.697775200659200179e-01	0.000000000000000000e+00
-2.998984000000000015e+04	0.000000000000000000e+00	0.000000000000000000e+00	8.719138157292397606e-01	0.000000000000000000e+00
-2.998979999999999927e+04	0.000000000000000000e+00	0.000000000000000000e+00	8.893093661305582209e-01	0.000000000000000000e+00
-2.998977999999999884e+04	0.000000000000000000e+00	0.000000000000000000e+00	8.810693685720389912e-01	0.000000000000000000e+00
-2.998974000000000160e+04	0.000000000000000000e+00	0.000000000000000000e+00	8.783227027191992109e-01	0.000000000000000000e+00
-2.998972000000000116e+04	0.000000000000000000e+00	0.000000000000000000e+00	8.893093661305582209e-01	0.000000000000000000e+00
-2.998968000000000029e+04	0.000000000000000000e+00	0.000000000000000000e+00	8.832056642353587339e-01	0.000000000000000000e+00
-2.998965000000000146e+04	0.000000000000000000e+00	0.000000000000000000e+00	8.966338084047975610e-01	0.000000000000000000e+00
-2.998961000000000058e+04	0.000000000000000000e+00	0.000000000000000000e+00	9.030426953947569002e-01	0.000000000000000000e+00
-2.998956999999999971e+04	0.000000000000000000e+00	0.000000000000000000e+00	8.990752891628772669e-01	0.000000000000000000e+00
-2.998954999999999927e+04	0.000000000000000000e+00	0.000000000000000000e+00	9.009063997314371575e-01	0.000000000000000000e+00
-2.998952999999999884e+04	0.000000000000000000e+00	0.000000000000000000e+00	9.018219550157170472e-01	0.000000000000000000e+00
-2.998950000000000000e+04	0.000000000000000000e+00	0.000000000000000000e+00	9.063997314371166070e-01	0.000000000000000000e+00
-2.998945999999999913e+04	0.000000000000000000e+00	0.000000000000000000e+00	9.079256569109164232e-01	0.000000000000000000e+00
-2.998943000000000029e+04	0.000000000000000000e+00	0.000000000000000000e+00	9.152500991851557632e-01	0.000000000000000000e+00
-2.998940999999999985e+04	0.000000000000000000e+00	0.000000000000000000e+00	9.204382457960753605e-01	0.000000000000000000e+00
-2.998938000000000102e+04	0.000000000000000000e+00	0.000000000000000000e+00	9.173863948484756170e-01	0.000000000000000000e+00
-2.998934999999999854e+04	0.000000000000000000e+00	0.000000000000000000e+00	9.268471327860346998e-01	0.000000000000000000e+00
-2.998931999999999971e+04	0.000000000000000000e+00	0.000000000000000000e+00	9.317300943021943338e-01	0.000000000000000000e+00
-2.998929000000000087e+04	0.000000000000000000e+00	0.000000000000000000e+00	9.164708395641957273e-01	0.000000000000000000e+00
-2.998925999999999840e+04	0.000000000000000000e+00	0.000000000000000000e+00	9.189123203222754332e-01	0.000000000000000000e+00
-2.998922999999999956e+04	0.000000000000000000e+00	0.000000000000000000e+00	9.265419476912747365e-01	0.000000000000000000e+00
-2.998920000000000073e+04	0.000000000000000000e+00	0.000000000000000000e+00	9.274575029755546263e-01	0.000000000000000000e+00
-2.998916999999999825e+04	0.000000000000000000e+00	0.000000000000000000e+00	9.366130558183538568e-01	0.000000000000000000e+00
-2.998913000000000102e+04	0.000000000000000000e+00	0.000000000000000000e+00	9.353923154393138928e-01	0.000000000000000000e+00
-2.998909999999999854e+04	0.000000000000000000e+00	0.000000000000000000e+00	9.439374980925931968e-01	0.000000000000000000e+00
-2.998908000000000175e+04	0.000000000000000000e+00	0.000000000000000000e+00	9.503463850825525361e-01	0.000000000000000000e+00
-2.998906000000000131e+04	0.000000000000000000e+00	0.000000000000000000e+00	9.482100894192327933e-01	0.000000000000000000e+00
-2.998902999999999884e+04	0.000000000000000000e+00	0.000000000000000000e+00	9.634693441572313999e-01	0.000000000000000000e+00
-2.998899000000000160e+04	0.000000000000000000e+00	0.000000000000000000e+00	9.500411999877925728e-01	0.000000000000000000e+00
-2.998897000000000116e+04	0.000000000000000000e+00	0.000000000000000000e+00	9.546189764091921326e-01	0.000000000000000000e+00
-2.998893999999999869e+04	0.000000000000000000e+00	0.000000000000000000e+00	9.570604571672719496e-01	0.000000000000000000e+00
-2.998891999999999825e+04	0.000000000000000000e+00	0.000000000000000000e+00	9.533982360301522796e-01	0.000000000000000000e+00
-2.998888999999999942e+04	0.000000000000000000e+00	0.000000000000000000e+00	9.540086062196722061e-01	0.000000000000000000e+00
-2.998886999999999898e+04	0.000000000000000000e+00	0.000000000000000000e+00	9.552293465987121701e-01	0.000000000000000000e+00
-2.998884000000000015e+04	0.000000000000000000e+00	0.000000000000000000e+00	9.527878658406323531e-01	0.000000000000000000e+00
-2.998881000000000131e+04	0.000000000000000000e+00	0.000000000000000000e+00	9.555345316934721334e-01	0.000000000000000000e+00
-2.998877999999999884e+04	0.000000000000000000e+00	0.000000000000000000e+00	9.665211951048310324e-01	0.000000000000000000e+00
-2.998875000000000000e+04	0.000000000000000000e+00	0.000000000000000000e+00	9.686574907681508861e-01	0.000000000000000000e+00
-2.998872000000000116e+04	0.000000000000000000e+00	0.000000000000000000e+00	9.634693441572313999e-01	0.000000000000000000e+00
-2.998868000000000029e+04	0.000000000000000000e+00	0.000000000000000000e+00	9.726248970000305194e-01	0.000000000000000000e+00
-2.998865000000000146e+04	0.000000000000000000e+00	0.000000000000000000e+00	9.622486037781914359e-01	0.000000000000000000e+00
-2.998863000000000102e+04	0.000000000000000000e+00	0.000000000000000000e+00	9.710989715262307032e-01	0.000000000000000000e+00
-2.998861999999999898e+04	0.000000000000000000e+00	0.000000000000000000e+00	9.723197119052705562e-01	0.000000000000000000e+00
-2.998859999999999854e+04	0.000000000000000000e+00	0.000000000000000000e+00	9.833063753166295662e-01	0.000000000000000000e+00
-2.998856999999999971e+04	0.000000000000000000e+00	0.000000000000000000e+00	9.860530411694692354e-01	0.000000000000000000e+00
-2.998852999999999884e+04	0.000000000000000000e+00	0.000000000000000000e+00	9.765923032319101527e-01	0.000000000000000000e+00
-2.998849000000000160e+04	0.000000000000000000e+00	0.000000000000000000e+00	9.851374858851893457e-01	0.000000000000000000e+00
-2.998845999999999913e+04	0.000000000000000000e+00	0.000000000000000000e+00	9.897152623065889054e-01	0.000000000000000000e+00
-2.998843999999999869e+04	0.000000000000000000e+00	0.000000000000000000e+00	9.897152623065889054e-01	0.000000000000000000e+00
-2.998841999999999825e+04	0.000000000000000000e+00	0.000000000000000000e+00	9.915463728751487960e-01	0.000000000000000000e+00
-2.998840000000000146e+04	0.000000000000000000e+00	0.000000000000000000e+00	9.915463728751487960e-01	0.000000000000000000e+00
-2.998838999999999942e+04	0.000000000000000000e+00	0.000000000000000000e+00	9.921567430646687225e-01	0.000000000000000000e+00
-2.998836999999999898e+04	0.000000000000000000e+00	0.000000000000000000e+00	9.942930387279885762e-01	0.000000000000000000e+00
-2.998836000000000058e+04	0.000000000000000000e+00	0.000000000000000000e+00	9.790337839899899697e-01	0.000000000000000000e+00
-2.998834000000000015e+04	0.000000000000000000e+00	0.000000000000000000e+00	1.002533036286507695e+00	0.000000000000000000e+00
-2.998831999999999971e+04	0.000000000000000000e+00	0.000000000000000000e+00	1.007110812707907366e+00	0.000000000000000000e+00
-2.998829000000000087e+04	0.000000000000000000e+00	0.000000000000000000e+00	1.004669331949827660e+00	0.000000000000000000e+00
-2.998827999999999884e+04	0.000000000000000000e+00	0.000000000000000000e+00	1.011688589129306814e+00	0.000000000000000000e+00
-2.998825000000000000e+04	0.000000000000000000e+00	0.000000000000000000e+00	1.001922666096987768e+00	0.000000000000000000e+00
-2.998822000000000116e+04	0.000000000000000000e+00	0.000000000000000000e+00	9.973448896755882087e-01	0.000000000000000000e+00
-2.998818999999999869e+04	0.000000000000000000e+00	0.000000000000000000e+00	1.002533036286507695e+00	0.000000000000000000e+00
-2.998816999999999825e+04	0.000000000000000000e+00	0.000000000000000000e+00	1.001312295907467842e+00	0.000000000000000000e+00
-2.998815000000000146e+04	0.000000000000000000e+00	0.000000000000000000e+00	1.004364146855067697e+00	0.000000000000000000e+00
-2.998813000000000102e+04	0.000000000000000000e+00	0.000000000000000000e+00	1.012604144413586926e+00	0.000000000000000000e+00
-2.998811000000000058e+04	0.000000000000000000e+00	0.000000000000000000e+00	1.014130069887386743e+00	0.000000000000000000e+00
-2.998809000000000015e+04	0.000000000000000000e+00	0.000000000000000000e+00	1.021454512161626083e+00	0.000000000000000000e+00
-2.998806999999999971e+04	0.000000000000000000e+00	0.000000000000000000e+00	1.019013031403546155e+00	0.000000000000000000e+00
-2.998804999999999927e+04	0.000000000000000000e+00	0.000000000000000000e+00	1.031220435193945129e+00	0.000000000000000000e+00
-2.998802999999999884e+04	0.000000000000000000e+00	0.000000000000000000e+00	1.036408581804864726e+00	0.000000000000000000e+00
-2.998800999999999840e+04	0.000000000000000000e+00	0.000000000000000000e+00	1.038850062562944432e+00	0.000000000000000000e+00
-2.998799000000000160e+04	0.000000000000000000e+00	0.000000000000000000e+00	1.035798211615344799e+00	0.000000000000000000e+00
-2.998797000000000116e+04	0.000000000000000000e+00	0.000000000000000000e+00	1.042512283700063991e+00	0.000000000000000000e+00
-2.998793000000000029e+04	0.000000000000000000e+00	0.000000000000000000e+00	1.032135990478225018e+00	0.000000000000000000e+00
-2.998788999999999942e+04	0.000000000000000000e+00	0.000000000000000000e+00	1.032746360667744945e+00	0.000000000000000000e+00
-2.998786000000000058e+04	0.000000000000000000e+00	0.000000000000000000e+00	1.036408581804864726e+00	0.000000000000000000e+00
-2.998784000000000015e+04	0.000000000000000000e+00	0.000000000000000000e+00	1.040375988036744248e+00	0.000000000000000000e+00
-2.998781999999999971e+04	0.000000000000000000e+00	0.000000000000000000e+00	1.047090060121463662e+00	0.000000000000000000e+00
-2.998779999999999927e+04	0.000000000000000000e+00	0.000000000000000000e+00	1.040681173131504211e+00	0.000000000000000000e+00
-2.998777999999999884e+04	0.000000000000000000e+00	0.000000000000000000e+00	1.042512283700063991e+00	0.000000000000000000e+00
-2.998775999999999840e+04	0.000000000000000000e+00	0.000000000000000000e+00	1.047700430310983588e+00	0.000000000000000000e+00
-2.998774000000000160e+04	0.000000000000000000e+00	0.000000000000000000e+00	1.042207098605304028e+00	0.000000000000000000e+00
-2.998772000000000116e+04	0.000000000000000000e+00	0.000000000000000000e+00	1.044343394268623992e+00	0.000000000000000000e+00
-2.998770000000000073e+04	0.000000000000000000e+00	0.000000000000000000e+00	1.047700430310983588e+00	0.000000000000000000e+00
-2.998768000000000029e+04	0.000000000000000000e+00	0.000000000000000000e+00	1.049226355784783404e+00	0.000000000000000000e+00
-2.998766999999999825e+04	0.000000000000000000e+00	0.000000000000000000e+00	1.049531540879543368e+00	0.000000000000000000e+00
-2.998763999999999942e+04	0.000000000000000000e+00	0.000000000000000000e+00	1.048310800500503515e+00	0.000000000000000000e+00
-2.998761999999999898e+04	0.000000000000000000e+00	0.000000000000000000e+00	1.049531540879543368e+00	0.000000000000000000e+00
-2.998759000000000015e+04	0.000000000000000000e+00	0.000000000000000000e+00	1.047700430310983588e+00	0.000000000000000000e+00
-2.998756000000000131e+04	0.000000000000000000e+00	0.000000000000000000e+00	1.047700430310983588e+00	0.000000000000000000e+00
-2.998754999999999927e+04	0.000000000000000000e+00	0.000000000000000000e+00	1.063570055238502121e+00	0.000000000000000000e+00
-2.998752999999999884e+04	0.000000000000000000e+00	0.000000000000000000e+00	1.062959685048982195e+00	0.000000000000000000e+00
-2.998750000000000000e+04	0.000000000000000000e+00	0.000000000000000000e+00	1.070284127323221535e+00	0.000000000000000000e+00
-2.998747000000000116e+04	0.000000000000000000e+00	0.000000000000000000e+00	1.068758201849421718e+00	0.000000000000000000e+00
-2.998745999999999913e+04	0.000000000000000000e+00	0.000000000000000000e+00	1.073335978270821167e+00	0.000000000000000000e+00
-2.998743999999999869e+04	0.000000000000000000e+00	0.000000000000000000e+00	1.069978942228461571e+00	0.000000000000000000e+00
-2.998741999999999825e+04	0.000000000000000000e+00	0.000000000000000000e+00	1.073946348460341094e+00	0.000000000000000000e+00
-2.998738999999999942e+04	0.000000000000000000e+00	0.000000000000000000e+00	1.084627826776940251e+00	0.000000000000000000e+00
-2.998736000000000058e+04	0.000000000000000000e+00	0.000000000000000000e+00	1.080965605639820470e+00	0.000000000000000000e+00
-2.998731999999999971e+04	0.000000000000000000e+00	0.000000000000000000e+00	1.076387829218421022e+00	0.000000000000000000e+00
-2.998729000000000087e+04	0.000000000000000000e+00	0.000000000000000000e+00	1.070894497512741461e+00	0.000000000000000000e+00
-2.998727000000000044e+04	0.000000000000000000e+00	0.000000000000000000e+00	1.065706350901821864e+00	0.000000000000000000e+00
-2.998725000000000000e+04	0.000000000000000000e+00	0.000000000000000000e+00	1.067842646565141829e+00	0.000000000000000000e+00
-2.998724000000000160e+04	0.000000000000000000e+00	0.000000000000000000e+00	1.070894497512741461e+00	0.000000000000000000e+00
-2.998722000000000116e+04	0.000000000000000000e+00	0.000000000000000000e+00	1.066316721091341790e+00	0.000000000000000000e+00
-2.998720000000000073e+04	0.000000000000000000e+00	0.000000000000000000e+00	1.072420422986541277e+00	0.000000000000000000e+00
-2.998716999999999825e+04	0.000000000000000000e+00	0.000000000000000000e+00	1.089815973387859627e+00	0.000000000000000000e+00
-2.998715000000000146e+04	0.000000000000000000e+00	0.000000000000000000e+00	1.082491531113620509e+00	0.000000000000000000e+00
-2.998711999999999898e+04	0.000000000000000000e+00	0.000000000000000000e+00	1.089205603198339700e+00	0.000000000000000000e+00
-2.998709999999999854e+04	0.000000000000000000e+00	0.000000000000000000e+00	1.091036713766899702e+00	0.000000000000000000e+00
-2.998706999999999971e+04	0.000000000000000000e+00	0.000000000000000000e+00	1.088595233008819774e+00	0.000000000000000000e+00
-2.998704999999999927e+04	0.000000000000000000e+00	0.000000000000000000e+00	1.102023377178258601e+00	0.000000000000000000e+00
-2.998702000000000044e+04	0.000000000000000000e+00	0.000000000000000000e+00	1.096224860377819077e+00	0.000000000000000000e+00
-2.998700000000000000e+04	0.000000000000000000e+00	0.000000000000000000e+00	1.100497451704458785e+00	0.000000000000000000e+00
-2.998697999999999956e+04	0.000000000000000000e+00	0.000000000000000000e+00	1.109042634357737978e+00	0.000000000000000000e+00
-2.998695999999999913e+04	0.000000000000000000e+00	0.000000000000000000e+00	1.102633747367778527e+00	0.000000000000000000e+00
-2.998695000000000073e+04	0.000000000000000000e+00	0.000000000000000000e+00	1.102938932462538490e+00	0.000000000000000000e+00
-2.998693000000000029e+04	0.000000000000000000e+00	0.000000000000000000e+00	1.103854487746818380e+00	0.000000000000000000e+00
-2.998690999999999985e+04	0.000000000000000000e+00	0.000000000000000000e+00	1.116672261726737281e+00	0.000000000000000000e+00
-2.998688999999999942e+04	0.000000000000000000e+00	0.000000000000000000e+00	1.105685598315378382e+00	0.000000000000000000e+00
-2.998686999999999898e+04	0.000000000000000000e+00	0.000000000000000000e+00	1.109653004547257904e+00	0.000000000000000000e+00
-2.998684999999999854e+04	0.000000000000000000e+00	0.000000000000000000e+00	1.108127079073458088e+00	0.000000000000000000e+00
-2.998684000000000015e+04	0.000000000000000000e+00	0.000000000000000000e+00	1.106601153599658272e+00	0.000000000000000000e+00
-2.998681999999999971e+04	0.000000000000000000e+00	0.000000000000000000e+00	1.106906338694418235e+00	0.000000000000000000e+00
-2.998679000000000087e+04	0.000000000000000000e+00	0.000000000000000000e+00	1.094393749809259297e+00	0.000000000000000000e+00
-2.998675999999999840e+04	0.000000000000000000e+00	0.000000000000000000e+00	1.106906338694418235e+00	0.000000000000000000e+00
-2.998674000000000160e+04	0.000000000000000000e+00	0.000000000000000000e+00	1.109347819452497941e+00	0.000000000000000000e+00
-2.998672000000000116e+04	0.000000000000000000e+00	0.000000000000000000e+00	1.115146336252937465e+00	0.000000000000000000e+00
-2.998670000000000073e+04	0.000000000000000000e+00	0.000000000000000000e+00	1.121250038148136952e+00	0.000000000000000000e+00
-2.998668000000000029e+04	0.000000000000000000e+00	0.000000000000000000e+00	1.123691518906216658e+00	0.000000000000000000e+00
-2.998663999999999942e+04	0.000000000000000000e+00	0.000000000000000000e+00	1.124301889095736584e+00	0.000000000000000000e+00
-2.998661000000000058e+04	0.000000000000000000e+00	0.000000000000000000e+00	1.128574480422376070e+00	0.000000000000000000e+00
-2.998659000000000015e+04	0.000000000000000000e+00	0.000000000000000000e+00	1.132541886654255814e+00	0.000000000000000000e+00
-2.998656999999999971e+04	0.000000000000000000e+00	0.000000000000000000e+00	1.138035218359935374e+00	0.000000000000000000e+00
-2.998654000000000087e+04	0.000000000000000000e+00	0.000000000000000000e+00	1.137119663075655485e+00	0.000000000000000000e+00
-2.998650999999999840e+04	0.000000000000000000e+00	0.000000000000000000e+00	1.135593737601855446e+00	0.000000000000000000e+00
-2.998647000000000116e+04	0.000000000000000000e+00	0.000000000000000000e+00	1.142612994781334823e+00	0.000000000000000000e+00
-2.998645000000000073e+04	0.000000000000000000e+00	0.000000000000000000e+00	1.145054475539414751e+00	0.000000000000000000e+00
-2.998643000000000029e+04	0.000000000000000000e+00	0.000000000000000000e+00	1.140781884212775044e+00	0.000000000000000000e+00
-2.998640999999999985e+04	0.000000000000000000e+00	0.000000000000000000e+00	1.139561143833735191e+00	0.000000000000000000e+00
-2.998638000000000102e+04	0.000000000000000000e+00	0.000000000000000000e+00	1.145970030823694641e+00	0.000000000000000000e+00
-2.998636999999999898e+04	0.000000000000000000e+00	0.000000000000000000e+00	1.147190771202734494e+00	0.000000000000000000e+00
-2.998634999999999854e+04	0.000000000000000000e+00	0.000000000000000000e+00	1.135898922696615410e+00	0.000000000000000000e+00
-2.998633000000000175e+04	0.000000000000000000e+00	0.000000000000000000e+00	1.134983367412335520e+00	0.000000000000000000e+00
-2.998629999999999927e+04	0.000000000000000000e+00	0.000000000000000000e+00	1.131931516464735887e+00	0.000000000000000000e+00
-2.998627999999999884e+04	0.000000000000000000e+00	0.000000000000000000e+00	1.135898922696615410e+00	0.000000000000000000e+00
-2.998625000000000000e+04	0.000000000000000000e+00	0.000000000000000000e+00	1.137730033265175411e+00	0.000000000000000000e+00
-2.998622000000000116e+04	0.000000000000000000e+00	0.000000000000000000e+00	1.135288552507095483e+00	0.000000000000000000e+00
-2.998620000000000073e+04	0.000000000000000000e+00	0.000000000000000000e+00	1.153904843287453907e+00	0.000000000000000000e+00
-2.998618000000000029e+04	0.000000000000000000e+00	0.000000000000000000e+00	1.149327066866054237e+00	0.000000000000000000e+00
-2.998615999999999985e+04	0.000000000000000000e+00	0.000000000000000000e+00	1.162755211035493064e+00	0.000000000000000000e+00
-2.998615000000000146e+04	0.000000000000000000e+00	0.000000000000000000e+00	1.158482619708853356e+00	0.000000000000000000e+00
-2.998613000000000102e+04	0.000000000000000000e+00	0.000000000000000000e+00	1.158482619708853356e+00	0.000000000000000000e+00
-2.998611000000000058e+04	0.000000000000000000e+00	0.000000000000000000e+00	1.166722617267372586e+00	0.000000000000000000e+00
-2.998609000000000015e+04	0.000000000000000000e+00	0.000000000000000000e+00	1.163975951414532917e+00	0.000000000000000000e+00
-2.998606999999999971e+04	0.000000000000000000e+00	0.000000000000000000e+00	1.168858912930692551e+00	0.000000000000000000e+00
-2.998602999999999884e+04	0.000000000000000000e+00	0.000000000000000000e+00	1.164281136509292880e+00	0.000000000000000000e+00
-2.998600000000000000e+04	0.000000000000000000e+00	0.000000000000000000e+00	1.160924100466933284e+00	0.000000000000000000e+00
-2.998597999999999956e+04	0.000000000000000000e+00	0.000000000000000000e+00	1.156956694235053540e+00	0.000000000000000000e+00
-2.998595999999999913e+04	0.000000000000000000e+00	0.000000000000000000e+00	1.163365581225012990e+00	0.000000000000000000e+00
-2.998593999999999869e+04	0.000000000000000000e+00	0.000000000000000000e+00	1.165196691793572770e+00	0.000000000000000000e+00
-2.998590000000000146e+04	0.000000000000000000e+00	0.000000000000000000e+00	1.166112247077852659e+00	0.000000000000000000e+00
-2.998588000000000102e+04	0.000000000000000000e+00	0.000000000000000000e+00	1.168858912930692551e+00	0.000000000000000000e+00
-2.998584999999999854e+04	0.000000000000000000e+00	0.000000000000000000e+00	1.166112247077852659e+00	0.000000000000000000e+00
-2.998581999999999971e+04	0.000000000000000000e+00	0.000000000000000000e+00	1.164586321604052843e+00	0.000000000000000000e+00
-2.998579000000000087e+04	0.000000000000000000e+00	0.000000000000000000e+00	1.170384838404492367e+00	0.000000000000000000e+00
-2.998577000000000044e+04	0.000000000000000000e+00	0.000000000000000000e+00	1.165196691793572770e+00	0.000000000000000000e+00
-2.998575000000000000e+04	0.000000000000000000e+00	0.000000000000000000e+00	1.181676686910611229e+00	0.000000000000000000e+00
-2.998572999999999956e+04	0.000000000000000000e+00	0.000000000000000000e+00	1.171300393688772257e+00	0.000000000000000000e+00
-2.998568999999999869e+04	0.000000000000000000e+00	0.000000000000000000e+00	1.172521134067812110e+00	0.000000000000000000e+00
-2.998565999999999985e+04	0.000000000000000000e+00	0.000000000000000000e+00	1.181676686910611229e+00	0.000000000000000000e+00
-2.998565000000000146e+04	0.000000000000000000e+00	0.000000000000000000e+00	1.187170018616290790e+00	0.000000000000000000e+00
-2.998561999999999898e+04	0.000000000000000000e+00	0.000000000000000000e+00	1.191747795037690461e+00	0.000000000000000000e+00
-2.998559000000000015e+04	0.000000000000000000e+00	0.000000000000000000e+00	1.195715201269569983e+00	0.000000000000000000e+00
-2.998554999999999927e+04	0.000000000000000000e+00	0.000000000000000000e+00	1.193884090701010203e+00	0.000000000000000000e+00
-2.998552999999999884e+04	0.000000000000000000e+00	0.000000000000000000e+00	1.210669270912808626e+00	0.000000000000000000e+00
-2.998550999999999840e+04	0.000000000000000000e+00	0.000000000000000000e+00	1.213721121860408259e+00	0.000000000000000000e+00
-2.998549000000000160e+04	0.000000000000000000e+00	0.000000000000000000e+00	1.199682607501449727e+00	0.000000000000000000e+00
-2.998545999999999913e+04	0.000000000000000000e+00	0.000000000000000000e+00	1.198156682027649689e+00	0.000000000000000000e+00
-2.998543000000000029e+04	0.000000000000000000e+00	0.000000000000000000e+00	1.196325571459089909e+00	0.000000000000000000e+00
-2.998540000000000146e+04	0.000000000000000000e+00	0.000000000000000000e+00	1.191442609942930497e+00	0.000000000000000000e+00
-2.998536999999999898e+04	0.000000000000000000e+00	0.000000000000000000e+00	1.192663350321970350e+00	0.000000000000000000e+00
-2.998533000000000175e+04	0.000000000000000000e+00	0.000000000000000000e+00	1.189611499374370496e+00	0.000000000000000000e+00
-2.998531000000000131e+04	0.000000000000000000e+00	0.000000000000000000e+00	1.190221869563890422e+00	0.000000000000000000e+00
-2.998527999999999884e+04	0.000000000000000000e+00	0.000000000000000000e+00	1.187475203711050753e+00	0.000000000000000000e+00
-2.998525000000000000e+04	0.000000000000000000e+00	0.000000000000000000e+00	1.196630756553849873e+00	0.000000000000000000e+00
-2.998524000000000160e+04	0.000000000000000000e+00	0.000000000000000000e+00	1.189916684469130459e+00	0.000000000000000000e+00
-2.998522000000000116e+04	0.000000000000000000e+00	0.000000000000000000e+00	1.197241126743369799e+00	0.000000000000000000e+00
-2.998518999999999869e+04	0.000000000000000000e+00	0.000000000000000000e+00	1.198156682027649689e+00	0.000000000000000000e+00
-2.998515999999999985e+04	0.000000000000000000e+00	0.000000000000000000e+00	1.205175939207129066e+00	0.000000000000000000e+00
-2.998511999999999898e+04	0.000000000000000000e+00	0.000000000000000000e+00	1.199072237311929578e+00	0.000000000000000000e+00
-2.998508000000000175e+04	0.000000000000000000e+00	0.000000000000000000e+00	1.204260383922849176e+00	0.000000000000000000e+00
-2.998506999999999971e+04	0.000000000000000000e+00	0.000000000000000000e+00	1.222876674703207600e+00	0.000000000000000000e+00
-2.998504000000000087e+04	0.000000000000000000e+00	0.000000000000000000e+00	1.209753715628528736e+00	0.000000000000000000e+00
-2.998500000000000000e+04	0.000000000000000000e+00	0.000000000000000000e+00	1.224097415082247453e+00	0.000000000000000000e+00
-2.998497999999999956e+04	0.000000000000000000e+00	0.000000000000000000e+00	1.213415936765648295e+00	0.000000000000000000e+00
-2.998495999999999913e+04	0.000000000000000000e+00	0.000000000000000000e+00	1.219824823755607746e+00	0.000000000000000000e+00
-2.998495000000000073e+04	0.000000000000000000e+00	0.000000000000000000e+00	1.230811487166966867e+00	0.000000000000000000e+00
-2.998491999999999825e+04	0.000000000000000000e+00	0.000000000000000000e+00	1.225928525650807233e+00	0.000000000000000000e+00
-2.998488999999999942e+04	0.000000000000000000e+00	0.000000000000000000e+00	1.225318155461287306e+00	0.000000000000000000e+00
-2.998486000000000058e+04	0.000000000000000000e+00	0.000000000000000000e+00	1.216162602618488187e+00	0.000000000000000000e+00
-2.998483000000000175e+04	0.000000000000000000e+00	0.000000000000000000e+00	1.210364085818048663e+00	0.000000000000000000e+00
-2.998481000000000131e+04	0.000000000000000000e+00	0.000000000000000000e+00	1.212500381481368406e+00	0.000000000000000000e+00
-2.998479000000000087e+04	0.000000000000000000e+00	0.000000000000000000e+00	1.217993713187047966e+00	0.000000000000000000e+00
-2.998477000000000044e+04	0.000000000000000000e+00	0.000000000000000000e+00	1.213415936765648295e+00	0.000000000000000000e+00
-2.998472999999999956e+04	0.000000000000000000e+00	0.000000000000000000e+00	1.204260383922849176e+00	0.000000000000000000e+00
-2.998470000000000073e+04	0.000000000000000000e+00	0.000000000000000000e+00	1.205481124301889029e+00	0.000000000000000000e+00
-2.998466999999999825e+04	0.000000000000000000e+00	0.000000000000000000e+00	1.216162602618488187e+00	0.000000000000000000e+00
-2.998463999999999942e+04	0.000000000000000000e+00	0.000000000000000000e+00	1.234473708304086426e+00	0.000000000000000000e+00
-2.998461999999999898e+04	0.000000000000000000e+00	0.000000000000000000e+00	1.232337412640766683e+00	0.000000000000000000e+00
-2.998459000000000015e+04	0.000000000000000000e+00	0.000000000000000000e+00	1.234473708304086426e+00	0.000000000000000000e+00
-2.998456999999999971e+04	0.000000000000000000e+00	0.000000000000000000e+00	1.239051484725486096e+00	0.000000000000000000e+00
-2.998454000000000087e+04	0.000000000000000000e+00	0.000000000000000000e+00	1.237830744346446021e+00	0.000000000000000000e+00
-2.998450999999999840e+04	0.000000000000000000e+00	0.000000000000000000e+00	1.249427777947325069e+00	0.000000000000000000e+00
-2.998449000000000160e+04	0.000000000000000000e+00	0.000000000000000000e+00	1.246070741904965251e+00	0.000000000000000000e+00
-2.998445999999999913e+04	0.000000000000000000e+00	0.000000000000000000e+00	1.258278145695364225e+00	0.000000000000000000e+00
-2.998443999999999869e+04	0.000000000000000000e+00	0.000000000000000000e+00	1.241492965483565802e+00	0.000000000000000000e+00
-2.998440000000000146e+04	0.000000000000000000e+00	0.000000000000000000e+00	1.245765556810205288e+00	0.000000000000000000e+00
-2.998436999999999898e+04	0.000000000000000000e+00	0.000000000000000000e+00	1.250038148136844995e+00	0.000000000000000000e+00
-2.998434000000000015e+04	0.000000000000000000e+00	0.000000000000000000e+00	1.243934446241645508e+00	0.000000000000000000e+00
-2.998431000000000131e+04	0.000000000000000000e+00	0.000000000000000000e+00	1.243324076052125582e+00	0.000000000000000000e+00
-2.998427999999999884e+04	0.000000000000000000e+00	0.000000000000000000e+00	1.247291482284005326e+00	0.000000000000000000e+00
-2.998425000000000000e+04	0.000000000000000000e+00	0.000000000000000000e+00	1.241798150578325766e+00	0.000000000000000000e+00
-2.998422000000000116e+04	0.000000000000000000e+00	0.000000000000000000e+00	1.238135929441205985e+00	0.000000000000000000e+00
-2.998418000000000029e+04	0.000000000000000000e+00	0.000000000000000000e+00	1.241798150578325766e+00	0.000000000000000000e+00
-2.998415000000000146e+04	0.000000000000000000e+00	0.000000000000000000e+00	1.247901852473525253e+00	0.000000000000000000e+00
-2.998411999999999898e+04	0.000000000000000000e+00	0.000000000000000000e+00	1.244239631336405472e+00	0.000000000000000000e+00
-2.998409000000000015e+04	0.000000000000000000e+00	0.000000000000000000e+00	1.241492965483565802e+00	0.000000000000000000e+00
-2.998408000000000175e+04	0.000000000000000000e+00	0.000000000000000000e+00	1.236610003967406168e+00	0.000000000000000000e+00
-2.998404999999999927e+04	0.000000000000000000e+00	0.000000000000000000e+00	1.244850001525925398e+00	0.000000000000000000e+00
-2.998402000000000044e+04	0.000000000000000000e+00	0.000000000000000000e+00	1.251869258705404775e+00	0.000000000000000000e+00
-2.998400999999999840e+04	0.000000000000000000e+00	0.000000000000000000e+00	1.265297402874843602e+00	0.000000000000000000e+00
-2.998399000000000160e+04	0.000000000000000000e+00	0.000000000000000000e+00	1.256447035126804446e+00	0.000000000000000000e+00
-2.998395999999999913e+04	0.000000000000000000e+00	0.000000000000000000e+00	1.260109256263924005e+00	0.000000000000000000e+00
-2.998391999999999825e+04	0.000000000000000000e+00	0.000000000000000000e+00	1.269875179296243273e+00	0.000000000000000000e+00
-2.998388999999999942e+04	0.000000000000000000e+00	0.000000000000000000e+00	1.261329996642963858e+00	0.000000000000000000e+00
-2.998386000000000058e+04	0.000000000000000000e+00	0.000000000000000000e+00	1.274452955717642721e+00	0.000000000000000000e+00
-2.998384000000000015e+04	0.000000000000000000e+00	0.000000000000000000e+00	1.272927030243842905e+00	0.000000000000000000e+00
-2.998383000000000175e+04	0.000000000000000000e+00	0.000000000000000000e+00	1.269569994201483309e+00	0.000000000000000000e+00
-2.998381000000000131e+04	0.000000000000000000e+00	0.000000000000000000e+00	1.265907773064363528e+00	0.000000000000000000e+00
-2.998379999999999927e+04	0.000000000000000000e+00	0.000000000000000000e+00	1.264992217780083639e+00	0.000000000000000000e+00
-2.998377999999999884e+04	0.000000000000000000e+00	0.000000000000000000e+00	1.254921109653004629e+00	0.000000000000000000e+00
-2.998375000000000000e+04	0.000000000000000000e+00	0.000000000000000000e+00	1.255531479842524556e+00	0.000000000000000000e+00
-2.998370999999999913e+04	0.000000000000000000e+00	0.000000000000000000e+00	1.250953703421124885e+00	0.000000000000000000e+00
-2.998368000000000029e+04	0.000000000000000000e+00	0.000000000000000000e+00	1.247596667378765289e+00	0.000000000000000000e+00
-2.998366999999999825e+04	0.000000000000000000e+00	0.000000000000000000e+00	1.240272225104525949e+00	0.000000000000000000e+00
-2.998365000000000146e+04	0.000000000000000000e+00	0.000000000000000000e+00	1.242713705862605655e+00	0.000000000000000000e+00
-2.998361000000000058e+04	0.000000000000000000e+00	0.000000000000000000e+00	1.237830744346446021e+00	0.000000000000000000e+00
-2.998358000000000175e+04	0.000000000000000000e+00	0.000000000000000000e+00	1.236915189062166132e+00	0.000000000000000000e+00
-2.998356000000000131e+04	0.000000000000000000e+00	0.000000000000000000e+00	1.250648518326364922e+00	0.000000000000000000e+00
-2.998354000000000087e+04	0.000000000000000000e+00	0.000000000000000000e+00	1.252784813989684665e+00	0.000000000000000000e+00
-2.998352999999999884e+04	0.000000000000000000e+00	0.000000000000000000e+00	1.267128513443403381e+00	0.000000000000000000e+00
-2.998350999999999840e+04	0.000000000000000000e+00	0.000000000000000000e+00	1.286049989318521769e+00	0.000000000000000000e+00
-2.998349000000000160e+04	0.000000000000000000e+00	0.000000000000000000e+00	1.278725547044282429e+00	0.000000000000000000e+00
-2.998345000000000073e+04	0.000000000000000000e+00	0.000000000000000000e+00	1.281472212897122098e+00	0.000000000000000000e+00
-2.998341999999999825e+04	0.000000000000000000e+00	0.000000000000000000e+00	1.287270729697561622e+00	0.000000000000000000e+00
-2.998340000000000146e+04	0.000000000000000000e+00	0.000000000000000000e+00	1.287575914792321585e+00	0.000000000000000000e+00
-2.998338999999999942e+04	0.000000000000000000e+00	0.000000000000000000e+00	1.283913693655201804e+00	0.000000000000000000e+00
-2.998338000000000102e+04	0.000000000000000000e+00	0.000000000000000000e+00	1.288491470076601475e+00	0.000000000000000000e+00
-2.998334999999999854e+04	0.000000000000000000e+00	0.000000000000000000e+00	1.278725547044282429e+00	0.000000000000000000e+00
-2.998331999999999971e+04	0.000000000000000000e+00	0.000000000000000000e+00	1.277809991760002539e+00	0.000000000000000000e+00
-2.998329000000000087e+04	0.000000000000000000e+00	0.000000000000000000e+00	1.279030732139042392e+00	0.000000000000000000e+00
-2.998325999999999840e+04	0.000000000000000000e+00	0.000000000000000000e+00	1.279030732139042392e+00	0.000000000000000000e+00
-2.998322999999999956e+04	0.000000000000000000e+00	0.000000000000000000e+00	1.264992217780083639e+00	0.000000000000000000e+00
-2.998322000000000116e+04	0.000000000000000000e+00	0.000000000000000000e+00	1.267433698538163345e+00	0.000000000000000000e+00
-2.998320000000000073e+04	0.000000000000000000e+00	0.000000000000000000e+00	1.269569994201483309e+00	0.000000000000000000e+00
-2.998318000000000029e+04	0.000000000000000000e+00	0.000000000000000000e+00	1.265297402874843602e+00	0.000000000000000000e+00
-2.998315000000000146e+04	0.000000000000000000e+00	0.000000000000000000e+00	1.268044068727683271e+00	0.000000000000000000e+00
-2.998311999999999898e+04	0.000000000000000000e+00	0.000000000000000000e+00	1.261635181737723821e+00	0.000000000000000000e+00
-2.998309000000000015e+04	0.000000000000000000e+00	0.000000000000000000e+00	1.268349253822443234e+00	0.000000000000000000e+00
-2.998306999999999971e+04	0.000000000000000000e+00	0.000000000000000000e+00	1.270485549485763199e+00	0.000000000000000000e+00
-2.998304999999999927e+04	0.000000000000000000e+00	0.000000000000000000e+00	1.279946287423322282e+00	0.000000000000000000e+00
-2.998302000000000044e+04	0.000000000000000000e+00	0.000000000000000000e+00	1.286049989318521769e+00	0.000000000000000000e+00
-2.998299000000000160e+04	0.000000000000000000e+00	0.000000000000000000e+00	1.285744804223761806e+00	0.000000000000000000e+00
-2.998297999999999956e+04	0.000000000000000000e+00	0.000000000000000000e+00	1.289712210455641328e+00	0.000000000000000000e+00
-2.998295999999999913e+04	0.000000000000000000e+00	0.000000000000000000e+00	1.294595171971800962e+00	0.000000000000000000e+00
-2.998293000000000029e+04	0.000000000000000000e+00	0.000000000000000000e+00	1.286049989318521769e+00	0.000000000000000000e+00
-2.998290999999999985e+04	0.000000000000000000e+00	0.000000000000000000e+00	1.292764061403240961e+00	0.000000000000000000e+00
-2.998288000000000102e+04	0.000000000000000000e+00	0.000000000000000000e+00	1.286965544602801659e+00	0.000000000000000000e+00
-2.998286000000000058e+04	0.000000000000000000e+00	0.000000000000000000e+00	1.286049989318521769e+00	0.000000000000000000e+00
-2.998283000000000175e+04	0.000000000000000000e+00	0.000000000000000000e+00	1.303445539719840118e+00	0.000000000000000000e+00
-2.998281000000000131e+04	0.000000000000000000e+00	0.000000000000000000e+00	1.293984801782281036e+00	0.000000000000000000e+00
-2.998279999999999927e+04	0.000000000000000000e+00	0.000000000000000000e+00	1.284829248939481694e+00	0.000000000000000000e+00
-2.998277999999999884e+04	0.000000000000000000e+00	0.000000000000000000e+00	1.269264809106723124e+00	0.000000000000000000e+00
-2.998275999999999840e+04	0.000000000000000000e+00	0.000000000000000000e+00	1.271095919675283126e+00	0.000000000000000000e+00
-2.998275000000000000e+04	0.000000000000000000e+00	0.000000000000000000e+00	1.267433698538163345e+00	0.000000000000000000e+00
-2.998272999999999956e+04	0.000000000000000000e+00	0.000000000000000000e+00	1.260414441358683968e+00	0.000000000000000000e+00
-2.998272999999999956e+04	0.000000000000000000e+00	0.000000000000000000e+00	1.272316660054322979e+00	0.000000000000000000e+00
-2.998270000000000073e+04	0.000000000000000000e+00	0.000000000000000000e+00	1.261024811548203894e+00	0.000000000000000000e+00
-2.998268000000000029e+04	0.000000000000000000e+00	0.000000000000000000e+00	1.262550737022003933e+00	0.000000000000000000e+00
-2.998265000000000146e+04	0.000000000000000000e+00	0.000000000000000000e+00	1.273842585528122795e+00	0.000000000000000000e+00
-2.998263000000000102e+04	0.000000000000000000e+00	0.000000000000000000e+00	1.269264809106723124e+00	0.000000000000000000e+00
-2.998261999999999898e+04	0.000000000000000000e+00	0.000000000000000000e+00	1.272927030243842905e+00	0.000000000000000000e+00
-2.998259999999999854e+04	0.000000000000000000e+00	0.000000000000000000e+00	1.286355174413281732e+00	0.000000000000000000e+00
-2.998258000000000175e+04	0.000000000000000000e+00	0.000000000000000000e+00	1.286355174413281732e+00	0.000000000000000000e+00
-2.998256000000000131e+04	0.000000000000000000e+00	0.000000000000000000e+00	1.298562578203680484e+00	0.000000000000000000e+00
-2.998252999999999884e+04	0.000000000000000000e+00	0.000000000000000000e+00	1.290932950834681181e+00	0.000000000000000000e+00
-2.998250999999999840e+04	0.000000000000000000e+00	0.000000000000000000e+00	1.299478133487960374e+00	0.000000000000000000e+00
-2.998249000000000160e+04	0.000000000000000000e+00	0.000000000000000000e+00	1.299783318582720337e+00	0.000000000000000000e+00
-2.998247000000000116e+04	0.000000000000000000e+00	0.000000000000000000e+00	1.303445539719840118e+00	0.000000000000000000e+00
-2.998245000000000073e+04	0.000000000000000000e+00	0.000000000000000000e+00	1.295510727256080852e+00	0.000000000000000000e+00
-2.998243999999999869e+04	0.000000000000000000e+00	0.000000000000000000e+00	1.302529984435560229e+00	0.000000000000000000e+00
-2.998240999999999985e+04	0.000000000000000000e+00	0.000000000000000000e+00	1.283608508560441841e+00	0.000000000000000000e+00
-2.998238000000000102e+04	0.000000000000000000e+00	0.000000000000000000e+00	1.281472212897122098e+00	0.000000000000000000e+00
-2.998236000000000058e+04	0.000000000000000000e+00	0.000000000000000000e+00	1.289101840266121402e+00	0.000000000000000000e+00
-2.998234000000000015e+04	0.000000000000000000e+00	0.000000000000000000e+00	1.275978881191442538e+00	0.000000000000000000e+00
-2.998231999999999971e+04	0.000000000000000000e+00	0.000000000000000000e+00	1.273232215338602868e+00	0.000000000000000000e+00
-2.998229000000000087e+04	0.000000000000000000e+00	0.000000000000000000e+00	1.273232215338602868e+00	0.000000000000000000e+00
-2.998225999999999840e+04	0.000000000000000000e+00	0.000000000000000000e+00	1.274452955717642721e+00	0.000000000000000000e+00
-2.998222000000000116e+04	0.000000000000000000e+00	0.000000000000000000e+00	1.278115176854762503e+00	0.000000000000000000e+00
-2.998218999999999869e+04	0.000000000000000000e+00	0.000000000000000000e+00	1.289407025360881365e+00	0.000000000000000000e+00
-2.998216999999999825e+04	0.000000000000000000e+00	0.000000000000000000e+00	1.292458876308480997e+00	0.000000000000000000e+00
-2.998213999999999942e+04	0.000000000000000000e+00	0.000000000000000000e+00	1.299478133487960374e+00	0.000000000000000000e+00
-2.998209999999999854e+04	0.000000000000000000e+00	0.000000000000000000e+00	1.297341837824640631e+00	0.000000000000000000e+00
-2.998208000000000175e+04	0.000000000000000000e+00	0.000000000000000000e+00	1.298562578203680484e+00	0.000000000000000000e+00
-2.998204999999999927e+04	0.000000000000000000e+00	0.000000000000000000e+00	1.301919614246040302e+00	0.000000000000000000e+00
-2.998202999999999884e+04	0.000000000000000000e+00	0.000000000000000000e+00	1.308023316141239567e+00	0.000000000000000000e+00
-2.998200000000000000e+04	0.000000000000000000e+00	0.000000000000000000e+00	1.300088503677480301e+00	0.000000000000000000e+00
-2.998197000000000116e+04	0.000000000000000000e+00	0.000000000000000000e+00	1.291543321024201108e+00	0.000000000000000000e+00
-2.998195000000000073e+04	0.000000000000000000e+00	0.000000000000000000e+00	1.289407025360881365e+00	0.000000000000000000e+00
-2.998191999999999825e+04	0.000000000000000000e+00	0.000000000000000000e+00	1.281472212897122098e+00	0.000000000000000000e+00
-2.998190000000000146e+04	0.000000000000000000e+00	0.000000000000000000e+00	1.275673696096682574e+00	0.000000000000000000e+00
-2.998188000000000102e+04	0.000000000000000000e+00	0.000000000000000000e+00	1.285439619129001843e+00	0.000000000000000000e+00
-2.998184999999999854e+04	0.000000000000000000e+00	0.000000000000000000e+00	1.281472212897122098e+00	0.000000000000000000e+00
-2.998183000000000175e+04	0.000000000000000000e+00	0.000000000000000000e+00	1.276894436475722427e+00	0.000000000000000000e+00
-2.998179999999999927e+04	0.000000000000000000e+00	0.000000000000000000e+00	1.278420361949522466e+00	0.000000000000000000e+00
-2.998175999999999840e+04	0.000000000000000000e+00	0.000000000000000000e+00	1.283303323465681878e+00	0.000000000000000000e+00
-2.998172999999999956e+04	0.000000000000000000e+00	0.000000000000000000e+00	1.271095919675283126e+00	0.000000000000000000e+00
-2.998170000000000073e+04	0.000000000000000000e+00	0.000000000000000000e+00	1.278725547044282429e+00	0.000000000000000000e+00
-2.998168000000000029e+04	0.000000000000000000e+00	0.000000000000000000e+00	1.279030732139042392e+00	0.000000000000000000e+00
-2.998165999999999985e+04	0.000000000000000000e+00	0.000000000000000000e+00	1.278420361949522466e+00	0.000000000000000000e+00
-2.998163999999999942e+04	0.000000000000000000e+00	0.000000000000000000e+00	1.288491470076601475e+00	0.000000000000000000e+00
-2.998161000000000058e+04	0.000000000000000000e+00	0.000000000000000000e+00	1.273232215338602868e+00	0.000000000000000000e+00
-2.998158000000000175e+04	0.000000000000000000e+00	0.000000000000000000e+00	1.291543321024201108e+00	0.000000000000000000e+00
-2.998156000000000131e+04	0.000000000000000000e+00	0.000000000000000000e+00	1.302529984435560229e+00	0.000000000000000000e+00
-2.998152999999999884e+04	0.000000000000000000e+00	0.000000000000000000e+00	1.313516647846919128e+00	0.000000000000000000e+00
-2.998150999999999840e+04	0.000000000000000000e+00	0.000000000000000000e+00	1.303445539719840118e+00	0.000000000000000000e+00
-2.998149000000000160e+04	0.000000000000000000e+00	0.000000000000000000e+00	1.305887020477919824e+00	0.000000000000000000e+00
-2.998147000000000116e+04	0.000000000000000000e+00	0.000000000000000000e+00	1.305887020477919824e+00	0.000000000000000000e+00
-2.998143999999999869e+04	0.000000000000000000e+00	0.000000000000000000e+00	1.299172948393200411e+00	0.000000000000000000e+00
-2.998141999999999825e+04	0.000000000000000000e+00	0.000000000000000000e+00	1.299478133487960374e+00	0.000000000000000000e+00
-2.998140000000000146e+04	0.000000000000000000e+00	0.000000000000000000e+00	1.299783318582720337e+00	0.000000000000000000e+00
-2.998138000000000102e+04	0.000000000000000000e+00	0.000000000000000000e+00	1.297341837824640631e+00	0.000000000000000000e+00
-2.998136000000000058e+04	0.000000000000000000e+00	0.000000000000000000e+00	1.283303323465681878e+00	0.000000000000000000e+00
-2.998134000000000015e+04	0.000000000000000000e+00	0.000000000000000000e+00	1.279946287423322282e+00	0.000000000000000000e+00
-2.998131999999999971e+04	0.000000000000000000e+00	0.000000000000000000e+00	1.273537400433362832e+00	0.000000000000000000e+00
-2.998129999999999927e+04	0.000000000000000000e+00	0.000000000000000000e+00	1.267128513443403381e+00	0.000000000000000000e+00
-2.998127999999999884e+04	0.000000000000000000e+00	0.000000000000000000e+00	1.268349253822443234e+00	0.000000000000000000e+00
-2.998125000000000000e+04	0.000000000000000000e+00	0.000000000000000000e+00	1.274452955717642721e+00	0.000000000000000000e+00
-2.998120999999999913e+04	0.000000000000000000e+00	0.000000000000000000e+00	1.265297402874843602e+00	0.000000000000000000e+00
-2.998118999999999869e+04	0.000000000000000000e+00	0.000000000000000000e+00	1.273232215338602868e+00	0.000000000000000000e+00
-2.998116999999999825e+04	0.000000000000000000e+00	0.000000000000000000e+00	1.268044068727683271e+00	0.000000000000000000e+00
-2.998113999999999942e+04	0.000000000000000000e+00	0.000000000000000000e+00	1.279335917233802355e+00	0.000000000000000000e+00
-2.998111000000000058e+04	0.000000000000000000e+00	0.000000000000000000e+00	1.276284066286202501e+00	0.000000000000000000e+00
-2.998109000000000015e+04	0.000000000000000000e+00	0.000000000000000000e+00	1.289712210455641328e+00	0.000000000000000000e+00
-2.998106999999999971e+04	0.000000000000000000e+00	0.000000000000000000e+00	1.286965544602801659e+00	0.000000000000000000e+00
-2.998104000000000087e+04	0.000000000000000000e+00	0.000000000000000000e+00	1.289101840266121402e+00	0.000000000000000000e+00
-2.998100999999999840e+04	0.000000000000000000e+00	0.000000000000000000e+00	1.299478133487960374e+00	0.000000000000000000e+00
-2.998097999999999956e+04	0.000000000000000000e+00	0.000000000000000000e+00	1.298867763298440448e+00	0.000000000000000000e+00
-2.998095999999999913e+04	0.000000000000000000e+00	0.000000000000000000e+00	1.293984801782281036e+00	0.000000000000000000e+00
-2.998093999999999869e+04	0.000000000000000000e+00	0.000000000000000000e+00	1.293374431592761109e+00	0.000000000000000000e+00
-2.998090999999999985e+04	0.000000000000000000e+00	0.000000000000000000e+00	1.292153691213721034e+00	0.000000000000000000e+00
-2.998088000000000102e+04	0.000000000000000000e+00	0.000000000000000000e+00	1.280556657612842208e+00	0.000000000000000000e+00
-2.998084000000000015e+04	0.000000000000000000e+00	0.000000000000000000e+00	1.276284066286202501e+00	0.000000000000000000e+00
-2.998081999999999971e+04	0.000000000000000000e+00	0.000000000000000000e+00	1.268044068727683271e+00	0.000000000000000000e+00
-2.998079000000000087e+04	0.000000000000000000e+00	0.000000000000000000e+00	1.264992217780083639e+00	0.000000000000000000e+00
-2.998075999999999840e+04	0.000000000000000000e+00	0.000000000000000000e+00	1.262245551927243969e+00	0.000000000000000000e+00
-2.998072999999999956e+04	0.000000000000000000e+00	0.000000000000000000e+00	1.258888515884884152e+00	0.000000000000000000e+00
-2.998070000000000073e+04	0.000000000000000000e+00	0.000000000000000000e+00	1.254310739463484703e+00	0.000000000000000000e+00
-2.998068999999999869e+04	0.000000000000000000e+00	0.000000000000000000e+00	1.271095919675283126e+00	0.000000000000000000e+00
-2.998065999999999985e+04	0.000000000000000000e+00	0.000000000000000000e+00	1.270485549485763199e+00	0.000000000000000000e+00
-2.998063999999999942e+04	0.000000000000000000e+00	0.000000000000000000e+00	1.271401104770043089e+00	0.000000000000000000e+00
-2.998061000000000058e+04	0.000000000000000000e+00	0.000000000000000000e+00	1.275978881191442538e+00	0.000000000000000000e+00
-2.998056999999999971e+04	0.000000000000000000e+00	0.000000000000000000e+00	1.272316660054322979e+00	0.000000000000000000e+00
-2.998054000000000087e+04	0.000000000000000000e+00	0.000000000000000000e+00	1.287575914792321585e+00	0.000000000000000000e+00
-2.998050999999999840e+04	0.000000000000000000e+00	0.000000000000000000e+00	1.287270729697561622e+00	0.000000000000000000e+00
-2.998049000000000160e+04	0.000000000000000000e+00	0.000000000000000000e+00	1.286049989318521769e+00	0.000000000000000000e+00
-2.998047000000000116e+04	0.000000000000000000e+00	0.000000000000000000e+00	1.294900357066560925e+00	0.000000000000000000e+00
-2.998045000000000073e+04	0.000000000000000000e+00	0.000000000000000000e+00	1.299783318582720337e+00	0.000000000000000000e+00
-2.998040999999999985e+04	0.000000000000000000e+00	0.000000000000000000e+00	1.288491470076601475e+00	0.000000000000000000e+00
-2.998036999999999898e+04	0.000000000000000000e+00	0.000000000000000000e+00	1.296731467635120705e+00	0.000000000000000000e+00
-2.998034000000000015e+04	0.000000000000000000e+00	0.000000000000000000e+00	1.283608508560441841e+00	0.000000000000000000e+00
-2.998031000000000131e+04	0.000000000000000000e+00	0.000000000000000000e+00	1.281167027802362135e+00	0.000000000000000000e+00
-2.998029000000000087e+04	0.000000000000000000e+00	0.000000000000000000e+00	1.282387768181401988e+00	0.000000000000000000e+00
-2.998027000000000044e+04	0.000000000000000000e+00	0.000000000000000000e+00	1.265907773064363528e+00	0.000000000000000000e+00
-2.998025000000000000e+04	0.000000000000000000e+00	0.000000000000000000e+00	1.264076662495803749e+00	0.000000000000000000e+00
-2.998022999999999956e+04	0.000000000000000000e+00	0.000000000000000000e+00	1.251869258705404775e+00	0.000000000000000000e+00
-2.998020999999999913e+04	0.000000000000000000e+00	0.000000000000000000e+00	1.246070741904965251e+00	0.000000000000000000e+00
-2.998018000000000029e+04	0.000000000000000000e+00	0.000000000000000000e+00	1.243324076052125582e+00	0.000000000000000000e+00
-2.998015000000000146e+04	0.000000000000000000e+00	0.000000000000000000e+00	1.238746299630726133e+00	0.000000000000000000e+00
-2.998011999999999898e+04	0.000000000000000000e+00	0.000000000000000000e+00	1.233863338114566499e+00	0.000000000000000000e+00
-2.998009000000000015e+04	0.000000000000000000e+00	0.000000000000000000e+00	1.243018890957365619e+00	0.000000000000000000e+00
-2.998006000000000131e+04	0.000000000000000000e+00	0.000000000000000000e+00	1.243934446241645508e+00	0.000000000000000000e+00
-2.998004000000000087e+04	0.000000000000000000e+00	0.000000000000000000e+00	1.249732963042085032e+00	0.000000000000000000e+00
-2.998000000000000000e+04	0.000000000000000000e+00	0.000000000000000000e+00	1.255226294747764593e+00	0.000000000000000000e+00
-2.997997999999999956e+04	0.000000000000000000e+00	0.000000000000000000e+00	1.262855922116763896e+00	0.000000000000000000e+00
-2.997995000000000073e+04	0.000000000000000000e+00	0.000000000000000000e+00	1.256752220221564409e+00	0.000000000000000000e+00
-2.997990999999999985e+04	0.000000000000000000e+00	0.000000000000000000e+00	1.269875179296243273e+00	0.000000000000000000e+00
-2.997988000000000102e+04	0.000000000000000000e+00	0.000000000000000000e+00	1.270485549485763199e+00	0.000000000000000000e+00
-2.997984000000000015e+04	0.000000000000000000e+00	0.000000000000000000e+00	1.276284066286202501e+00	0.000000000000000000e+00
-2.997979999999999927e+04	0.000000000000000000e+00	0.000000000000000000e+00	1.260109256263924005e+00	0.000000000000000000e+00
-2.997977000000000044e+04	0.000000000000000000e+00	0.000000000000000000e+00	1.265297402874843602e+00	0.000000000000000000e+00
-2.997972999999999956e+04	0.000000000000000000e+00	0.000000000000000000e+00	1.247291482284005326e+00	0.000000000000000000e+00
-2.997970000000000073e+04	0.000000000000000000e+00	0.000000000000000000e+00	1.266823328348643418e+00	0.000000000000000000e+00
-2.997968000000000029e+04	0.000000000000000000e+00	0.000000000000000000e+00	1.257362590411084335e+00	0.000000000000000000e+00
-2.997965999999999985e+04	0.000000000000000000e+00	0.000000000000000000e+00	1.245765556810205288e+00	0.000000000000000000e+00
-2.997963000000000102e+04	0.000000000000000000e+00	0.000000000000000000e+00	1.240882595294045876e+00	0.000000000000000000e+00
-2.997959000000000015e+04	0.000000000000000000e+00	0.000000000000000000e+00	1.230811487166966867e+00	0.000000000000000000e+00
-2.997956000000000131e+04	0.000000000000000000e+00	0.000000000000000000e+00	1.226844080935087122e+00	0.000000000000000000e+00
-2.997952999999999884e+04	0.000000000000000000e+00	0.000000000000000000e+00	1.233252967925046573e+00	0.000000000000000000e+00
-2.997950999999999840e+04	0.000000000000000000e+00	0.000000000000000000e+00	1.233558153019806536e+00	0.000000000000000000e+00
-2.997947000000000116e+04	0.000000000000000000e+00	0.000000000000000000e+00	1.236304818872646205e+00	0.000000000000000000e+00
-2.997943999999999869e+04	0.000000000000000000e+00	0.000000000000000000e+00	1.234168523209326462e+00	0.000000000000000000e+00
-2.997940999999999985e+04	0.000000000000000000e+00	0.000000000000000000e+00	1.236915189062166132e+00	0.000000000000000000e+00
-2.997938999999999942e+04	0.000000000000000000e+00	0.000000000000000000e+00	1.248512222663045179e+00	0.000000000000000000e+00
-2.997934999999999854e+04	0.000000000000000000e+00	0.000000000000000000e+00	1.259498886074404078e+00	0.000000000000000000e+00
-2.997931000000000131e+04	0.000000000000000000e+00	0.000000000000000000e+00	1.267433698538163345e+00	0.000000000000000000e+00
-2.997929000000000087e+04	0.000000000000000000e+00	0.000000000000000000e+00	1.264381847590563712e+00	0.000000000000000000e+00
-2.997925999999999840e+04	0.000000000000000000e+00	0.000000000000000000e+00	1.254615924558244666e+00	0.000000000000000000e+00
-2.997922999999999956e+04	0.000000000000000000e+00	0.000000000000000000e+00	1.283608508560441841e+00	0.000000000000000000e+00
-2.997920999999999913e+04	0.000000000000000000e+00	0.000000000000000000e+00	1.272927030243842905e+00	0.000000000000000000e+00
-2.997918000000000029e+04	0.000000000000000000e+00	0.000000000000000000e+00	1.252784813989684665e+00	0.000000000000000000e+00
-2.997915999999999985e+04	0.000000000000000000e+00	0.000000000000000000e+00	1.242408520767845692e+00	0.000000000000000000e+00
-2.997913000000000102e+04	0.000000000000000000e+00	0.000000000000000000e+00	1.231421857356486793e+00	0.000000000000000000e+00
-2.997909999999999854e+04	0.000000000000000000e+00	0.000000000000000000e+00	1.220435193945127672e+00	0.000000000000000000e+00
-2.997908000000000175e+04	0.000000000000000000e+00	0.000000000000000000e+00	1.221350749229407562e+00	0.000000000000000000e+00
-2.997904999999999927e+04	0.000000000000000000e+00	0.000000000000000000e+00	1.214331492049928185e+00	0.000000000000000000e+00
-2.997902000000000044e+04	0.000000000000000000e+00	0.000000000000000000e+00	1.214636677144688148e+00	0.000000000000000000e+00
-2.997899000000000160e+04	0.000000000000000000e+00	0.000000000000000000e+00	1.202124088259529433e+00	0.000000000000000000e+00
-2.997895000000000073e+04	0.000000000000000000e+00	0.000000000000000000e+00	1.194494460890530130e+00	0.000000000000000000e+00
-2.997891999999999825e+04	0.000000000000000000e+00	0.000000000000000000e+00	1.192358165227210387e+00	0.000000000000000000e+00
-2.997886999999999898e+04	0.000000000000000000e+00	0.000000000000000000e+00	1.200598162785729617e+00	0.000000000000000000e+00
-2.997883000000000175e+04	0.000000000000000000e+00	0.000000000000000000e+00	1.200292977690969654e+00	0.000000000000000000e+00
-2.997881000000000131e+04	0.000000000000000000e+00	0.000000000000000000e+00	1.189916684469130459e+00	0.000000000000000000e+00
-2.997879000000000087e+04	0.000000000000000000e+00	0.000000000000000000e+00	1.199682607501449727e+00	0.000000000000000000e+00
-2.997875999999999840e+04	0.000000000000000000e+00	0.000000000000000000e+00	1.207617419965208994e+00	0.000000000000000000e+00
-2.997874000000000160e+04	0.000000000000000000e+00	0.000000000000000000e+00	1.210974456007568589e+00	0.000000000000000000e+00
-2.997870999999999913e+04	0.000000000000000000e+00	0.000000000000000000e+00	1.206091494491408955e+00	0.000000000000000000e+00
-2.997868999999999869e+04	0.000000000000000000e+00	0.000000000000000000e+00	1.212195196386608442e+00	0.000000000000000000e+00
-2.997866999999999825e+04	0.000000000000000000e+00	0.000000000000000000e+00	1.213721121860408259e+00	0.000000000000000000e+00
-2.997865000000000146e+04	0.000000000000000000e+00	0.000000000000000000e+00	1.225928525650807233e+00	0.000000000000000000e+00
-2.997861999999999898e+04	0.000000000000000000e+00	0.000000000000000000e+00	1.229285561693166828e+00	0.000000000000000000e+00
-2.997859999999999854e+04	0.000000000000000000e+00	0.000000000000000000e+00	1.219519638660847782e+00	0.000000000000000000e+00
-2.997858000000000175e+04	0.000000000000000000e+00	0.000000000000000000e+00	1.210974456007568589e+00	0.000000000000000000e+00
-2.997856000000000131e+04	0.000000000000000000e+00	0.000000000000000000e+00	1.208838160344248847e+00	0.000000000000000000e+00
-2.997854000000000087e+04	0.000000000000000000e+00	0.000000000000000000e+00	1.202734458449049360e+00	0.000000000000000000e+00
-2.997850999999999840e+04	0.000000000000000000e+00	0.000000000000000000e+00	1.193884090701010203e+00	0.000000000000000000e+00
-2.997847000000000116e+04	0.000000000000000000e+00	0.000000000000000000e+00	1.194189275795770167e+00	0.000000000000000000e+00
-2.997845000000000073e+04	0.000000000000000000e+00	0.000000000000000000e+00	1.188695944090090606e+00	0.000000000000000000e+00
-2.997843999999999869e+04	0.000000000000000000e+00	0.000000000000000000e+00	1.193273720511490277e+00	0.000000000000000000e+00
-2.997840999999999985e+04	0.000000000000000000e+00	0.000000000000000000e+00	1.192358165227210387e+00	0.000000000000000000e+00
-2.997838000000000102e+04	0.000000000000000000e+00	0.000000000000000000e+00	1.192052980132450424e+00	0.000000000000000000e+00
-2.997834999999999854e+04	0.000000000000000000e+00	0.000000000000000000e+00	1.180150761436811413e+00	0.000000000000000000e+00
-2.997834000000000015e+04	0.000000000000000000e+00	0.000000000000000000e+00	1.181981872005371192e+00	0.000000000000000000e+00
-2.997831999999999971e+04	0.000000000000000000e+00	0.000000000000000000e+00	1.199682607501449727e+00	0.000000000000000000e+00
-2.997829000000000087e+04	0.000000000000000000e+00	0.000000000000000000e+00	1.203955198828089213e+00	0.000000000000000000e+00
-2.997825999999999840e+04	0.000000000000000000e+00	0.000000000000000000e+00	1.208838160344248847e+00	0.000000000000000000e+00
-2.997824000000000160e+04	0.000000000000000000e+00	0.000000000000000000e+00	1.197241126743369799e+00	0.000000000000000000e+00
-2.997822999999999956e+04	0.000000000000000000e+00	0.000000000000000000e+00	1.200598162785729617e+00	0.000000000000000000e+00
-2.997820999999999913e+04	0.000000000000000000e+00	0.000000000000000000e+00	1.200598162785729617e+00	0.000000000000000000e+00
-2.997818000000000029e+04	0.000000000000000000e+00	0.000000000000000000e+00	1.202124088259529433e+00	0.000000000000000000e+00
-2.997815000000000146e+04	0.000000000000000000e+00	0.000000000000000000e+00	1.198156682027649689e+00	0.000000000000000000e+00
-2.997813000000000102e+04	0.000000000000000000e+00	0.000000000000000000e+00	1.196020386364329946e+00	0.000000000000000000e+00
-2.997811000000000058e+04	0.000000000000000000e+00	0.000000000000000000e+00	1.188695944090090606e+00	0.000000000000000000e+00
-2.997809000000000015e+04	0.000000000000000000e+00	0.000000000000000000e+00	1.185338908047731010e+00	0.000000000000000000e+00
-2.997806999999999971e+04	0.000000000000000000e+00	0.000000000000000000e+00	1.181066316721091303e+00	0.000000000000000000e+00
-2.997804999999999927e+04	0.000000000000000000e+00	0.000000000000000000e+00	1.174962614825891816e+00	0.000000000000000000e+00
-2.997804000000000087e+04	0.000000000000000000e+00	0.000000000000000000e+00	1.169164098025452514e+00	0.000000000000000000e+00
-2.997802000000000044e+04	0.000000000000000000e+00	0.000000000000000000e+00	1.154820398571733797e+00	0.000000000000000000e+00
-2.997800000000000000e+04	0.000000000000000000e+00	0.000000000000000000e+00	1.151158177434614016e+00	0.000000000000000000e+00
-2.997795999999999913e+04	0.000000000000000000e+00	0.000000000000000000e+00	1.141697439497054933e+00	0.000000000000000000e+00
-2.997793999999999869e+04	0.000000000000000000e+00	0.000000000000000000e+00	1.135898922696615410e+00	0.000000000000000000e+00
-2.997791999999999825e+04	0.000000000000000000e+00	0.000000000000000000e+00	1.147801141392254420e+00	0.000000000000000000e+00
-2.997790999999999985e+04	0.000000000000000000e+00	0.000000000000000000e+00	1.147801141392254420e+00	0.000000000000000000e+00
-2.997788999999999942e+04	0.000000000000000000e+00	0.000000000000000000e+00	1.152684102908414054e+00	0.000000000000000000e+00
-2.997786000000000058e+04	0.000000000000000000e+00	0.000000000000000000e+00	1.160924100466933284e+00	0.000000000000000000e+00
-2.997784000000000015e+04	0.000000000000000000e+00	0.000000000000000000e+00	1.158787804803613319e+00	0.000000000000000000e+00
-2.997783000000000175e+04	0.000000000000000000e+00	0.000000000000000000e+00	1.156041138950773650e+00	0.000000000000000000e+00
-2.997779999999999927e+04	0.000000000000000000e+00	0.000000000000000000e+00	1.164281136509292880e+00	0.000000000000000000e+00
-2.997777000000000044e+04	0.000000000000000000e+00	0.000000000000000000e+00	1.171605578783532220e+00	0.000000000000000000e+00
-2.997774000000000160e+04	0.000000000000000000e+00	0.000000000000000000e+00	1.173131504257332036e+00	0.000000000000000000e+00
-2.997772999999999956e+04	0.000000000000000000e+00	0.000000000000000000e+00	1.172826319162572073e+00	0.000000000000000000e+00
-2.997770000000000073e+04	0.000000000000000000e+00	0.000000000000000000e+00	1.164281136509292880e+00	0.000000000000000000e+00
-2.997768000000000029e+04	0.000000000000000000e+00	0.000000000000000000e+00	1.168553727835932587e+00	0.000000000000000000e+00
-2.997765000000000146e+04	0.000000000000000000e+00	0.000000000000000000e+00	1.165807061983092696e+00	0.000000000000000000e+00
-2.997761999999999898e+04	0.000000000000000000e+00	0.000000000000000000e+00	1.152684102908414054e+00	0.000000000000000000e+00
-2.997761000000000058e+04	0.000000000000000000e+00	0.000000000000000000e+00	1.146580401013214567e+00	0.000000000000000000e+00
-2.997759000000000015e+04	0.000000000000000000e+00	0.000000000000000000e+00	1.138950773644215264e+00	0.000000000000000000e+00
-2.997756000000000131e+04	0.000000000000000000e+00	0.000000000000000000e+00	1.134983367412335520e+00	0.000000000000000000e+00
-2.997754000000000087e+04	0.000000000000000000e+00	0.000000000000000000e+00	1.138645588549455301e+00	0.000000000000000000e+00
-2.997752000000000044e+04	0.000000000000000000e+00	0.000000000000000000e+00	1.119418927579576950e+00	0.000000000000000000e+00
-2.997749000000000160e+04	0.000000000000000000e+00	0.000000000000000000e+00	1.128879665517136033e+00	0.000000000000000000e+00
-2.997747000000000116e+04	0.000000000000000000e+00	0.000000000000000000e+00	1.127048554948576253e+00	0.000000000000000000e+00
-2.997745000000000073e+04	0.000000000000000000e+00	0.000000000000000000e+00	1.128269295327616106e+00	0.000000000000000000e+00
-2.997741999999999825e+04	0.000000000000000000e+00	0.000000000000000000e+00	1.128879665517136033e+00	0.000000000000000000e+00
-2.997740000000000146e+04	0.000000000000000000e+00	0.000000000000000000e+00	1.143223364970854750e+00	0.000000000000000000e+00
-2.997738000000000102e+04	0.000000000000000000e+00	0.000000000000000000e+00	1.134983367412335520e+00	0.000000000000000000e+00
-2.997734999999999854e+04	0.000000000000000000e+00	0.000000000000000000e+00	1.150547807245094090e+00	0.000000000000000000e+00
-2.997733000000000175e+04	0.000000000000000000e+00	0.000000000000000000e+00	1.159703360087893209e+00	0.000000000000000000e+00
-2.997731000000000131e+04	0.000000000000000000e+00	0.000000000000000000e+00	1.154210028382213871e+00	0.000000000000000000e+00
-2.997729000000000087e+04	0.000000000000000000e+00	0.000000000000000000e+00	1.149021881771294273e+00	0.000000000000000000e+00
-2.997725999999999840e+04	0.000000000000000000e+00	0.000000000000000000e+00	1.148106326487014384e+00	0.000000000000000000e+00
-2.997722999999999956e+04	0.000000000000000000e+00	0.000000000000000000e+00	1.138950773644215264e+00	0.000000000000000000e+00
-2.997720000000000073e+04	0.000000000000000000e+00	0.000000000000000000e+00	1.135593737601855446e+00	0.000000000000000000e+00
-2.997720000000000073e+04	0.000000000000000000e+00	0.000000000000000000e+00	1.143223364970854750e+00	0.000000000000000000e+00
-2.997718999999999869e+04	0.000000000000000000e+00	0.000000000000000000e+00	1.137730033265175411e+00	0.000000000000000000e+00
-2.997715999999999985e+04	0.000000000000000000e+00	0.000000000000000000e+00	1.102023377178258601e+00	0.000000000000000000e+00
-2.997713999999999942e+04	0.000000000000000000e+00	0.000000000000000000e+00	1.109958189642017867e+00	0.000000000000000000e+00
-2.997711999999999898e+04	0.000000000000000000e+00	0.000000000000000000e+00	1.102023377178258601e+00	0.000000000000000000e+00
-2.997709000000000015e+04	0.000000000000000000e+00	0.000000000000000000e+00	1.094393749809259297e+00	0.000000000000000000e+00
-2.997706000000000131e+04	0.000000000000000000e+00	0.000000000000000000e+00	1.100192266609698821e+00	0.000000000000000000e+00
-2.997704000000000087e+04	0.000000000000000000e+00	0.000000000000000000e+00	1.088595233008819774e+00	0.000000000000000000e+00
-2.997702000000000044e+04	0.000000000000000000e+00	0.000000000000000000e+00	1.084322641682180288e+00	0.000000000000000000e+00
-2.997700000000000000e+04	0.000000000000000000e+00	0.000000000000000000e+00	1.084933011871700215e+00	0.000000000000000000e+00
-2.997697999999999956e+04	0.000000000000000000e+00	0.000000000000000000e+00	1.093173009430219444e+00	0.000000000000000000e+00
-2.997695999999999913e+04	0.000000000000000000e+00	0.000000000000000000e+00	1.092562639240699518e+00	0.000000000000000000e+00
-2.997693999999999869e+04	0.000000000000000000e+00	0.000000000000000000e+00	1.096835230567339003e+00	0.000000000000000000e+00
-2.997691999999999825e+04	0.000000000000000000e+00	0.000000000000000000e+00	1.110873744926297757e+00	0.000000000000000000e+00
-2.997690000000000146e+04	0.000000000000000000e+00	0.000000000000000000e+00	1.112399670400097573e+00	0.000000000000000000e+00
-2.997688999999999942e+04	0.000000000000000000e+00	0.000000000000000000e+00	1.113010040589617500e+00	0.000000000000000000e+00
-2.997686999999999898e+04	0.000000000000000000e+00	0.000000000000000000e+00	1.107821893978698125e+00	0.000000000000000000e+00
-2.997684999999999854e+04	0.000000000000000000e+00	0.000000000000000000e+00	1.116061891537217354e+00	0.000000000000000000e+00
-2.997683000000000175e+04	0.000000000000000000e+00	0.000000000000000000e+00	1.114535966063417538e+00	0.000000000000000000e+00
-2.997681999999999971e+04	0.000000000000000000e+00	0.000000000000000000e+00	1.108432264168218051e+00	0.000000000000000000e+00
-2.997679000000000087e+04	0.000000000000000000e+00	0.000000000000000000e+00	1.112399670400097573e+00	0.000000000000000000e+00
-2.997675999999999840e+04	0.000000000000000000e+00	0.000000000000000000e+00	1.106601153599658272e+00	0.000000000000000000e+00
-2.997672999999999956e+04	0.000000000000000000e+00	0.000000000000000000e+00	1.089205603198339700e+00	0.000000000000000000e+00
-2.997670999999999913e+04	0.000000000000000000e+00	0.000000000000000000e+00	1.082491531113620509e+00	0.000000000000000000e+00
-2.997668999999999869e+04	0.000000000000000000e+00	0.000000000000000000e+00	1.085543382061220141e+00	0.000000000000000000e+00
-2.997666999999999825e+04	0.000000000000000000e+00	0.000000000000000000e+00	1.083407086397900398e+00	0.000000000000000000e+00
-2.997663999999999942e+04	0.000000000000000000e+00	0.000000000000000000e+00	1.073335978270821167e+00	0.000000000000000000e+00
-2.997661999999999898e+04	0.000000000000000000e+00	0.000000000000000000e+00	1.068453016754661755e+00	0.000000000000000000e+00
-2.997659000000000015e+04	0.000000000000000000e+00	0.000000000000000000e+00	1.057771538438062597e+00	0.000000000000000000e+00
-2.997656999999999971e+04	0.000000000000000000e+00	0.000000000000000000e+00	1.058687093722342709e+00	0.000000000000000000e+00
-2.997654000000000087e+04	0.000000000000000000e+00	0.000000000000000000e+00	1.068758201849421718e+00	0.000000000000000000e+00
-2.997650999999999840e+04	0.000000000000000000e+00	0.000000000000000000e+00	1.073335978270821167e+00	0.000000000000000000e+00
-2.997647999999999956e+04	0.000000000000000000e+00	0.000000000000000000e+00	1.070284127323221535e+00	0.000000000000000000e+00
-2.997645000000000073e+04	0.000000000000000000e+00	0.000000000000000000e+00	1.081881160924100360e+00	0.000000000000000000e+00
-2.997643000000000029e+04	0.000000000000000000e+00	0.000000000000000000e+00	1.075472273934141132e+00	0.000000000000000000e+00
-2.997640999999999985e+04	0.000000000000000000e+00	0.000000000000000000e+00	1.075777459028901095e+00	0.000000000000000000e+00
-2.997638999999999942e+04	0.000000000000000000e+00	0.000000000000000000e+00	1.080355235450300544e+00	0.000000000000000000e+00
-2.997636000000000058e+04	0.000000000000000000e+00	0.000000000000000000e+00	1.080355235450300544e+00	0.000000000000000000e+00
-2.997634000000000015e+04	0.000000000000000000e+00	0.000000000000000000e+00	1.080050050355540581e+00	0.000000000000000000e+00
-2.997631999999999971e+04	0.000000000000000000e+00	0.000000000000000000e+00	1.070284127323221535e+00	0.000000000000000000e+00
-2.997629999999999927e+04	0.000000000000000000e+00	0.000000000000000000e+00	1.065706350901821864e+00	0.000000000000000000e+00
-2.997627999999999884e+04	0.000000000000000000e+00	0.000000000000000000e+00	1.061128574480422415e+00	0.000000000000000000e+00
-2.997625999999999840e+04	0.000000000000000000e+00	0.000000000000000000e+00	1.062349314859462268e+00	0.000000000000000000e+00
-2.997624000000000160e+04	0.000000000000000000e+00	0.000000000000000000e+00	1.055635242774742855e+00	0.000000000000000000e+00
-2.997622000000000116e+04	0.000000000000000000e+00	0.000000000000000000e+00	1.042817468794823954e+00	0.000000000000000000e+00
-2.997620000000000073e+04	0.000000000000000000e+00	0.000000000000000000e+00	1.047090060121463662e+00	0.000000000000000000e+00
-2.997618000000000029e+04	0.000000000000000000e+00	0.000000000000000000e+00	1.030915250099185165e+00	0.000000000000000000e+00
-2.997615999999999985e+04	0.000000000000000000e+00	0.000000000000000000e+00	1.033051545762504908e+00	0.000000000000000000e+00
-2.997613999999999942e+04	0.000000000000000000e+00	0.000000000000000000e+00	1.034882656331064688e+00	0.000000000000000000e+00
-2.997611000000000058e+04	0.000000000000000000e+00	0.000000000000000000e+00	1.026337473677785495e+00	0.000000000000000000e+00
-2.997606999999999971e+04	0.000000000000000000e+00	0.000000000000000000e+00	1.028168584246345496e+00	0.000000000000000000e+00
-2.997604999999999927e+04	0.000000000000000000e+00	0.000000000000000000e+00	1.037629322183904579e+00	0.000000000000000000e+00
-2.997602000000000044e+04	0.000000000000000000e+00	0.000000000000000000e+00	1.039765617847224322e+00	0.000000000000000000e+00
-2.997599000000000160e+04	0.000000000000000000e+00	0.000000000000000000e+00	1.035187841425824873e+00	0.000000000000000000e+00
-2.997597999999999956e+04	0.000000000000000000e+00	0.000000000000000000e+00	1.058687093722342709e+00	0.000000000000000000e+00
-2.997595000000000073e+04	0.000000000000000000e+00	0.000000000000000000e+00	1.048921170690023441e+00	0.000000000000000000e+00
-2.997593000000000029e+04	0.000000000000000000e+00	0.000000000000000000e+00	1.041291543321024138e+00	0.000000000000000000e+00
-2.997590000000000146e+04	0.000000000000000000e+00	0.000000000000000000e+00	1.045869319742423809e+00	0.000000000000000000e+00
-2.997586999999999898e+04	0.000000000000000000e+00	0.000000000000000000e+00	1.043733024079104066e+00	0.000000000000000000e+00
-2.997584000000000015e+04	0.000000000000000000e+00	0.000000000000000000e+00	1.041291543321024138e+00	0.000000000000000000e+00
-2.997579999999999927e+04	0.000000000000000000e+00	0.000000000000000000e+00	1.028473769341105459e+00	0.000000000000000000e+00
-2.997577000000000044e+04	0.000000000000000000e+00	0.000000000000000000e+00	1.026337473677785495e+00	0.000000000000000000e+00
-2.997575999999999840e+04	0.000000000000000000e+00	0.000000000000000000e+00	1.019013031403546155e+00	0.000000000000000000e+00
-2.997575000000000000e+04	0.000000000000000000e+00	0.000000000000000000e+00	1.010162663655506998e+00	0.000000000000000000e+00
-2.997572000000000116e+04	0.000000000000000000e+00	0.000000000000000000e+00	9.976500747703481720e-01	0.000000000000000000e+00
-2.997568999999999869e+04	0.000000000000000000e+00	0.000000000000000000e+00	9.945982238227485395e-01	0.000000000000000000e+00
-2.997565999999999985e+04	0.000000000000000000e+00	0.000000000000000000e+00	9.878841517380291259e-01	0.000000000000000000e+00
-2.997561999999999898e+04	0.000000000000000000e+00	0.000000000000000000e+00	9.830011902218696029e-01	0.000000000000000000e+00
-2.997559000000000015e+04	0.000000000000000000e+00	0.000000000000000000e+00	9.765923032319101527e-01	0.000000000000000000e+00
-2.997556999999999971e+04	0.000000000000000000e+00	0.000000000000000000e+00	9.735404522843104091e-01	0.000000000000000000e+00
-2.997554000000000087e+04	0.000000000000000000e+00	0.000000000000000000e+00	9.765923032319101527e-01	0.000000000000000000e+00
-2.997552000000000044e+04	0.000000000000000000e+00	0.000000000000000000e+00	9.680471205786309596e-01	0.000000000000000000e+00
-2.997549000000000160e+04	0.000000000000000000e+00	0.000000000000000000e+00	9.646900845362712529e-01	0.000000000000000000e+00
-2.997545000000000073e+04	0.000000000000000000e+00	0.000000000000000000e+00	9.805597094637897859e-01	0.000000000000000000e+00
-2.997541999999999825e+04	0.000000000000000000e+00	0.000000000000000000e+00	9.924619281594286857e-01	0.000000000000000000e+00
-2.997540000000000146e+04	0.000000000000000000e+00	0.000000000000000000e+00	9.967345194860682822e-01	0.000000000000000000e+00
-2.997538000000000102e+04	0.000000000000000000e+00	0.000000000000000000e+00	9.945982238227485395e-01	0.000000000000000000e+00
-2.997534999999999854e+04	0.000000000000000000e+00	0.000000000000000000e+00	9.997863704336680257e-01	0.000000000000000000e+00
-2.997533000000000175e+04	0.000000000000000000e+00	0.000000000000000000e+00	1.002838221381267658e+00	0.000000000000000000e+00
-2.997531000000000131e+04	0.000000000000000000e+00	0.000000000000000000e+00	9.906308175908689062e-01	0.000000000000000000e+00
-2.997525999999999840e+04	0.000000000000000000e+00	0.000000000000000000e+00	9.860530411694692354e-01	0.000000000000000000e+00
-2.997522000000000116e+04	0.000000000000000000e+00	0.000000000000000000e+00	9.927671132541886490e-01	0.000000000000000000e+00
-2.997518000000000029e+04	0.000000000000000000e+00	0.000000000000000000e+00	9.808648945585497492e-01	0.000000000000000000e+00
-2.997515000000000146e+04	0.000000000000000000e+00	0.000000000000000000e+00	9.668263801995911066e-01	0.000000000000000000e+00
-2.997511999999999898e+04	0.000000000000000000e+00	0.000000000000000000e+00	9.631641590624714366e-01	0.000000000000000000e+00
-2.997509000000000015e+04	0.000000000000000000e+00	0.000000000000000000e+00	9.503463850825525361e-01	0.000000000000000000e+00
-2.997506999999999971e+04	0.000000000000000000e+00	0.000000000000000000e+00	9.387493514816735996e-01	0.000000000000000000e+00
-2.997504000000000087e+04	0.000000000000000000e+00	0.000000000000000000e+00	9.314249092074342595e-01	0.000000000000000000e+00
-2.997500000000000000e+04	0.000000000000000000e+00	0.000000000000000000e+00	9.295937986388744800e-01	0.000000000000000000e+00
-2.997497000000000116e+04	0.000000000000000000e+00	0.000000000000000000e+00	9.411908322397534166e-01	0.000000000000000000e+00
-2.997493000000000029e+04	0.000000000000000000e+00	0.000000000000000000e+00	9.244056520279549938e-01	0.000000000000000000e+00
-2.997488999999999942e+04	0.000000000000000000e+00	0.000000000000000000e+00	9.204382457960753605e-01	0.000000000000000000e+00
-2.997486999999999898e+04	0.000000000000000000e+00	0.000000000000000000e+00	9.259315775017548100e-01	0.000000000000000000e+00
-2.997484999999999854e+04	0.000000000000000000e+00	0.000000000000000000e+00	9.366130558183538568e-01	0.000000000000000000e+00
-2.997483000000000175e+04	0.000000000000000000e+00	0.000000000000000000e+00	9.320352793969542970e-01	0.000000000000000000e+00
-2.997479999999999927e+04	0.000000000000000000e+00	0.000000000000000000e+00	9.460737937559129396e-01	0.000000000000000000e+00
-2.997477999999999884e+04	0.000000000000000000e+00	0.000000000000000000e+00	9.393597216711935260e-01	0.000000000000000000e+00
-2.997477000000000044e+04	0.000000000000000000e+00	0.000000000000000000e+00	9.369182409131138201e-01	0.000000000000000000e+00
-2.997475000000000000e+04	0.000000000000000000e+00	0.000000000000000000e+00	9.393597216711935260e-01	0.000000000000000000e+00
-2.997470999999999913e+04	0.000000000000000000e+00	0.000000000000000000e+00	9.390545365764335628e-01	0.000000000000000000e+00
-2.997468000000000029e+04	0.000000000000000000e+00	0.000000000000000000e+00	9.405804620502334901e-01	0.000000000000000000e+00
-2.997465000000000146e+04	0.000000000000000000e+00	0.000000000000000000e+00	9.363078707235938936e-01	0.000000000000000000e+00
-2.997463000000000102e+04	0.000000000000000000e+00	0.000000000000000000e+00	9.302041688283944065e-01	0.000000000000000000e+00
-2.997459999999999854e+04	0.000000000000000000e+00	0.000000000000000000e+00	9.204382457960753605e-01	0.000000000000000000e+00
-2.997458000000000175e+04	0.000000000000000000e+00	0.000000000000000000e+00	9.198278756065553230e-01	0.000000000000000000e+00
-2.997454999999999927e+04	0.000000000000000000e+00	0.000000000000000000e+00	9.128086184270760572e-01	0.000000000000000000e+00
-2.997452000000000044e+04	0.000000000000000000e+00	0.000000000000000000e+00	8.819849238563188809e-01	0.000000000000000000e+00
-2.997447999999999956e+04	0.000000000000000000e+00	0.000000000000000000e+00	8.792382580034791006e-01	0.000000000000000000e+00
-2.997445000000000073e+04	0.000000000000000000e+00	0.000000000000000000e+00	8.731345561082797246e-01	0.000000000000000000e+00
-2.997440999999999985e+04	0.000000000000000000e+00	0.000000000000000000e+00	8.703878902554399444e-01	0.000000000000000000e+00
-2.997438000000000102e+04	0.000000000000000000e+00	0.000000000000000000e+00	8.658101138340403846e-01	0.000000000000000000e+00
-2.997434000000000015e+04	0.000000000000000000e+00	0.000000000000000000e+00	8.624530777916806779e-01	0.000000000000000000e+00
-2.997429999999999927e+04	0.000000000000000000e+00	0.000000000000000000e+00	8.621478926969207146e-01	0.000000000000000000e+00
-2.997427999999999884e+04	0.000000000000000000e+00	0.000000000000000000e+00	8.523819696646015576e-01	0.000000000000000000e+00
-2.997425000000000000e+04	0.000000000000000000e+00	0.000000000000000000e+00	8.615375225074007881e-01	0.000000000000000000e+00
-2.997422999999999956e+04	0.000000000000000000e+00	0.000000000000000000e+00	8.679464094973601274e-01	0.000000000000000000e+00
-2.997420999999999913e+04	0.000000000000000000e+00	0.000000000000000000e+00	8.810693685720389912e-01	0.000000000000000000e+00
-2.997418000000000029e+04	0.000000000000000000e+00	0.000000000000000000e+00	8.679464094973601274e-01	0.000000000000000000e+00
-2.997415999999999985e+04	0.000000000000000000e+00	0.000000000000000000e+00	8.737449262977996511e-01	0.000000000000000000e+00
-2.997413999999999942e+04	0.000000000000000000e+00	0.000000000000000000e+00	8.767967772453992836e-01	0.000000000000000000e+00
-2.997411000000000058e+04	0.000000000000000000e+00	0.000000000000000000e+00	8.780175176244392476e-01	0.000000000000000000e+00
-2.997408000000000175e+04	0.000000000000000000e+00	0.000000000000000000e+00	8.737449262977996511e-01	0.000000000000000000e+00
-2.997404999999999927e+04	0.000000000000000000e+00	0.000000000000000000e+00	8.658101138340403846e-01	0.000000000000000000e+00
-2.997402000000000044e+04	0.000000000000000000e+00	0.000000000000000000e+00	8.627582628864406411e-01	0.000000000000000000e+00
-2.997399000000000160e+04	0.000000000000000000e+00	0.000000000000000000e+00	8.645893734550004206e-01	0.000000000000000000e+00
-2.997395999999999913e+04	0.000000000000000000e+00	0.000000000000000000e+00	8.597064119388408976e-01	0.000000000000000000e+00
-2.997391999999999825e+04	0.000000000000000000e+00	0.000000000000000000e+00	8.517715994750816311e-01	0.000000000000000000e+00
-2.997390000000000146e+04	0.000000000000000000e+00	0.000000000000000000e+00	8.520767845698415943e-01	0.000000000000000000e+00
-2.997386999999999898e+04	0.000000000000000000e+00	0.000000000000000000e+00	8.386486404004028783e-01	0.000000000000000000e+00
-2.997384000000000015e+04	0.000000000000000000e+00	0.000000000000000000e+00	8.328501235999633545e-01	0.000000000000000000e+00
-2.997383000000000175e+04	0.000000000000000000e+00	0.000000000000000000e+00	8.276619769890438683e-01	0.000000000000000000e+00
-2.997381000000000131e+04	0.000000000000000000e+00	0.000000000000000000e+00	8.273567918942839050e-01	0.000000000000000000e+00
-2.997379000000000087e+04	0.000000000000000000e+00	0.000000000000000000e+00	8.322397534104434280e-01	0.000000000000000000e+00
-2.997375999999999840e+04	0.000000000000000000e+00	0.000000000000000000e+00	8.297982726523636110e-01	0.000000000000000000e+00
-2.997375000000000000e+04	0.000000000000000000e+00	0.000000000000000000e+00	8.276619769890438683e-01	0.000000000000000000e+00
-2.997372000000000116e+04	0.000000000000000000e+00	0.000000000000000000e+00	8.359019745475630980e-01	0.000000000000000000e+00
-2.997370000000000073e+04	0.000000000000000000e+00	0.000000000000000000e+00	8.401745658742026945e-01	0.000000000000000000e+00
-2.997368000000000029e+04	0.000000000000000000e+00	0.000000000000000000e+00	8.383434553056429150e-01	0.000000000000000000e+00
-2.997365999999999985e+04	0.000000000000000000e+00	0.000000000000000000e+00	8.371227149266029510e-01	0.000000000000000000e+00
-2.997363000000000102e+04	0.000000000000000000e+00	0.000000000000000000e+00	8.441419721060823278e-01	0.000000000000000000e+00
-2.997359999999999854e+04	0.000000000000000000e+00	0.000000000000000000e+00	8.404797509689626578e-01	0.000000000000000000e+00
-2.997358000000000175e+04	0.000000000000000000e+00	0.000000000000000000e+00	8.203375347148045282e-01	0.000000000000000000e+00
-2.997356999999999971e+04	0.000000000000000000e+00	0.000000000000000000e+00	8.273567918942839050e-01	0.000000000000000000e+00
-2.997354000000000087e+04	0.000000000000000000e+00	0.000000000000000000e+00	8.249153111362040880e-01	0.000000000000000000e+00
-2.997350999999999840e+04	0.000000000000000000e+00	0.000000000000000000e+00	8.120975371562852985e-01	0.000000000000000000e+00
-2.997350000000000000e+04	0.000000000000000000e+00	0.000000000000000000e+00	8.102664265877254079e-01	0.000000000000000000e+00
-2.997347000000000116e+04	0.000000000000000000e+00	0.000000000000000000e+00	7.983642078920865082e-01	0.000000000000000000e+00
-2.997343999999999869e+04	0.000000000000000000e+00	0.000000000000000000e+00	7.962279122287667654e-01	0.000000000000000000e+00
-2.997341999999999825e+04	0.000000000000000000e+00	0.000000000000000000e+00	7.766960661641285624e-01	0.000000000000000000e+00
-2.997340999999999985e+04	0.000000000000000000e+00	0.000000000000000000e+00	7.748649555955686719e-01	0.000000000000000000e+00
-2.997338999999999942e+04	0.000000000000000000e+00	0.000000000000000000e+00	7.797479171117283059e-01	0.000000000000000000e+00
-2.997336000000000058e+04	0.000000000000000000e+00	0.000000000000000000e+00	7.809686574907681589e-01	0.000000000000000000e+00
-2.997333000000000175e+04	0.000000000000000000e+00	0.000000000000000000e+00	7.879879146702475357e-01	0.000000000000000000e+00
-2.997331000000000131e+04	0.000000000000000000e+00	0.000000000000000000e+00	7.736442152165288189e-01	0.000000000000000000e+00
-2.997327999999999884e+04	0.000000000000000000e+00	0.000000000000000000e+00	7.837153233436079391e-01	0.000000000000000000e+00
-2.997325999999999840e+04	0.000000000000000000e+00	0.000000000000000000e+00	7.907345805230872049e-01	0.000000000000000000e+00
-2.997322999999999956e+04	0.000000000000000000e+00	0.000000000000000000e+00	7.895138401440473519e-01	0.000000000000000000e+00
-2.997320999999999913e+04	0.000000000000000000e+00	0.000000000000000000e+00	7.950071718497269124e-01	0.000000000000000000e+00
-2.997318999999999869e+04	0.000000000000000000e+00	0.000000000000000000e+00	8.038575395977660687e-01	0.000000000000000000e+00
-2.997315999999999985e+04	0.000000000000000000e+00	0.000000000000000000e+00	7.986693929868464714e-01	0.000000000000000000e+00
-2.997313999999999942e+04	0.000000000000000000e+00	0.000000000000000000e+00	7.925656910916470954e-01	0.000000000000000000e+00
-2.997311999999999898e+04	0.000000000000000000e+00	0.000000000000000000e+00	8.011108737449262884e-01	0.000000000000000000e+00
-2.997309000000000015e+04	0.000000000000000000e+00	0.000000000000000000e+00	7.940916165654469117e-01	0.000000000000000000e+00
-2.997306999999999971e+04	0.000000000000000000e+00	0.000000000000000000e+00	7.885982848597674622e-01	0.000000000000000000e+00
-2.997304999999999927e+04	0.000000000000000000e+00	0.000000000000000000e+00	7.867671742912075716e-01	0.000000000000000000e+00
-2.997302999999999884e+04	0.000000000000000000e+00	0.000000000000000000e+00	7.760856959746086359e-01	0.000000000000000000e+00
-2.997300999999999840e+04	0.000000000000000000e+00	0.000000000000000000e+00	7.687612537003692958e-01	0.000000000000000000e+00
-2.997299000000000160e+04	0.000000000000000000e+00	0.000000000000000000e+00	7.605212561418500661e-01	0.000000000000000000e+00
-2.997297999999999956e+04	0.000000000000000000e+00	0.000000000000000000e+00	7.504501480147709458e-01	0.000000000000000000e+00
-2.997295000000000073e+04	0.000000000000000000e+00	0.000000000000000000e+00	7.464827417828913125e-01	0.000000000000000000e+00
-2.997293000000000029e+04	0.000000000000000000e+00	0.000000000000000000e+00	7.409894100772118630e-01	0.000000000000000000e+00
-2.997290999999999985e+04	0.000000000000000000e+00	0.000000000000000000e+00	7.419049653614917528e-01	0.000000000000000000e+00
-2.997288999999999942e+04	0.000000000000000000e+00	0.000000000000000000e+00	7.544175542466505791e-01	0.000000000000000000e+00
-2.997286000000000058e+04	0.000000000000000000e+00	0.000000000000000000e+00	7.522812585833308363e-01	0.000000000000000000e+00
-2.997283000000000175e+04	0.000000000000000000e+00	0.000000000000000000e+00	7.422101504562517160e-01	0.000000000000000000e+00
-2.997281000000000131e+04	0.000000000000000000e+00	0.000000000000000000e+00	7.501449629200109825e-01	0.000000000000000000e+00
-2.997279999999999927e+04	0.000000000000000000e+00	0.000000000000000000e+00	7.422101504562517160e-01	0.000000000000000000e+00
-2.997277000000000044e+04	0.000000000000000000e+00	0.000000000000000000e+00	7.525864436780907996e-01	0.000000000000000000e+00
-2.997274000000000160e+04	0.000000000000000000e+00	0.000000000000000000e+00	7.583849604785302123e-01	0.000000000000000000e+00
-2.997272000000000116e+04	0.000000000000000000e+00	0.000000000000000000e+00	7.486190374462111663e-01	0.000000000000000000e+00
-2.997270000000000073e+04	0.000000000000000000e+00	0.000000000000000000e+00	7.538071840571306526e-01	0.000000000000000000e+00
-2.997266999999999825e+04	0.000000000000000000e+00	0.000000000000000000e+00	7.480086672566911288e-01	0.000000000000000000e+00
-2.997263999999999942e+04	0.000000000000000000e+00	0.000000000000000000e+00	7.513657032990508355e-01	0.000000000000000000e+00
-2.997261999999999898e+04	0.000000000000000000e+00	0.000000000000000000e+00	7.385479293191320460e-01	0.000000000000000000e+00
-2.997261000000000058e+04	0.000000000000000000e+00	0.000000000000000000e+00	7.354960783715323025e-01	0.000000000000000000e+00
-2.997258000000000175e+04	0.000000000000000000e+00	0.000000000000000000e+00	7.300027466658528530e-01	0.000000000000000000e+00
-2.997254999999999927e+04	0.000000000000000000e+00	0.000000000000000000e+00	7.248146000549333667e-01	0.000000000000000000e+00
-2.997252999999999884e+04	0.000000000000000000e+00	0.000000000000000000e+00	7.058931241798150902e-01	0.000000000000000000e+00
-2.997250999999999840e+04	0.000000000000000000e+00	0.000000000000000000e+00	6.961272011474959331e-01	0.000000000000000000e+00
-2.997250000000000000e+04	0.000000000000000000e+00	0.000000000000000000e+00	6.976531266212958604e-01	0.000000000000000000e+00
-2.997247000000000116e+04	0.000000000000000000e+00	0.000000000000000000e+00	6.936857203894162271e-01	0.000000000000000000e+00
-2.997243999999999869e+04	0.000000000000000000e+00	0.000000000000000000e+00	6.881923886837366666e-01	0.000000000000000000e+00
-2.997240999999999985e+04	0.000000000000000000e+00	0.000000000000000000e+00	6.863612781151768871e-01	0.000000000000000000e+00
-2.997238999999999942e+04	0.000000000000000000e+00	0.000000000000000000e+00	7.025360881374553834e-01	0.000000000000000000e+00
-2.997236000000000058e+04	0.000000000000000000e+00	0.000000000000000000e+00	7.083346049378947962e-01	0.000000000000000000e+00
-2.997234000000000015e+04	0.000000000000000000e+00	0.000000000000000000e+00	7.089449751274147227e-01	0.000000000000000000e+00
-2.997233000000000175e+04	0.000000000000000000e+00	0.000000000000000000e+00	7.010101626636554562e-01	0.000000000000000000e+00
-2.997229999999999927e+04	0.000000000000000000e+00	0.000000000000000000e+00	7.071138645588549432e-01	0.000000000000000000e+00
-2.997227000000000044e+04	0.000000000000000000e+00	0.000000000000000000e+00	7.071138645588549432e-01	0.000000000000000000e+00
-2.997224000000000160e+04	0.000000000000000000e+00	0.000000000000000000e+00	7.184057130649739165e-01	0.000000000000000000e+00
-2.997220999999999913e+04	0.000000000000000000e+00	0.000000000000000000e+00	7.217627491073336232e-01	0.000000000000000000e+00
-2.997218999999999869e+04	0.000000000000000000e+00	0.000000000000000000e+00	7.199316385387737327e-01	0.000000000000000000e+00
-2.997216999999999825e+04	0.000000000000000000e+00	0.000000000000000000e+00	7.153538621173741729e-01	0.000000000000000000e+00
-2.997213999999999942e+04	0.000000000000000000e+00	0.000000000000000000e+00	7.150486770226142097e-01	0.000000000000000000e+00
-2.997211999999999898e+04	0.000000000000000000e+00	0.000000000000000000e+00	7.071138645588549432e-01	0.000000000000000000e+00
-2.997209000000000015e+04	0.000000000000000000e+00	0.000000000000000000e+00	6.955168309579760066e-01	0.000000000000000000e+00
-2.997206000000000131e+04	0.000000000000000000e+00	0.000000000000000000e+00	6.860560930204169239e-01	0.000000000000000000e+00
-2.997204000000000087e+04	0.000000000000000000e+00	0.000000000000000000e+00	6.836146122623371069e-01	0.000000000000000000e+00
-2.997202999999999884e+04	0.000000000000000000e+00	0.000000000000000000e+00	6.729331339457380601e-01	0.000000000000000000e+00
-2.997200999999999840e+04	0.000000000000000000e+00	0.000000000000000000e+00	6.677449873348185738e-01	0.000000000000000000e+00
-2.997197999999999956e+04	0.000000000000000000e+00	0.000000000000000000e+00	6.631672109134190141e-01	0.000000000000000000e+00
-2.997195999999999913e+04	0.000000000000000000e+00	0.000000000000000000e+00	6.558427686391796740e-01	0.000000000000000000e+00
-2.997193000000000029e+04	0.000000000000000000e+00	0.000000000000000000e+00	6.646931363872188303e-01	0.000000000000000000e+00
-2.997190999999999985e+04	0.000000000000000000e+00	0.000000000000000000e+00	6.518753624073000408e-01	0.000000000000000000e+00
-2.997188999999999942e+04	0.000000000000000000e+00	0.000000000000000000e+00	6.500442518387401503e-01	0.000000000000000000e+00
-2.997186000000000058e+04	0.000000000000000000e+00	0.000000000000000000e+00	6.567583239234595638e-01	0.000000000000000000e+00
-2.997183000000000175e+04	0.000000000000000000e+00	0.000000000000000000e+00	6.570635090182195270e-01	0.000000000000000000e+00
-2.997181999999999971e+04	0.000000000000000000e+00	0.000000000000000000e+00	6.469924008911405178e-01	0.000000000000000000e+00
-2.997179999999999927e+04	0.000000000000000000e+00	0.000000000000000000e+00	6.585894344920194543e-01	0.000000000000000000e+00
-2.997179000000000087e+04	0.000000000000000000e+00	0.000000000000000000e+00	6.598101748710593073e-01	0.000000000000000000e+00
-2.997177000000000044e+04	0.000000000000000000e+00	0.000000000000000000e+00	6.631672109134190141e-01	0.000000000000000000e+00
-2.997175999999999840e+04	0.000000000000000000e+00	0.000000000000000000e+00	6.662190618610187576e-01	0.000000000000000000e+00
-2.997174000000000160e+04	0.000000000000000000e+00	0.000000000000000000e+00	6.585894344920194543e-01	0.000000000000000000e+00
-2.997172999999999956e+04	0.000000000000000000e+00	0.000000000000000000e+00	6.546220282601398210e-01	0.000000000000000000e+00
-2.997170000000000073e+04	0.000000000000000000e+00	0.000000000000000000e+00	6.500442518387401503e-01	0.000000000000000000e+00
-2.997166999999999825e+04	0.000000000000000000e+00	0.000000000000000000e+00	6.482131412701803708e-01	0.000000000000000000e+00
-2.997165000000000146e+04	0.000000000000000000e+00	0.000000000000000000e+00	6.396679586169011777e-01	0.000000000000000000e+00
-2.997163000000000102e+04	0.000000000000000000e+00	0.000000000000000000e+00	6.335642567217016907e-01	0.000000000000000000e+00
-2.997159000000000015e+04	0.000000000000000000e+00	0.000000000000000000e+00	6.375316629535813240e-01	0.000000000000000000e+00
-2.997156000000000131e+04	0.000000000000000000e+00	0.000000000000000000e+00	6.341746269112216172e-01	0.000000000000000000e+00
-2.997154999999999927e+04	0.000000000000000000e+00	0.000000000000000000e+00	6.247138889736625345e-01	0.000000000000000000e+00
-2.997152000000000044e+04	0.000000000000000000e+00	0.000000000000000000e+00	6.140324106570634877e-01	0.000000000000000000e+00
-2.997149000000000160e+04	0.000000000000000000e+00	0.000000000000000000e+00	6.262398144474623507e-01	0.000000000000000000e+00
-2.997145999999999913e+04	0.000000000000000000e+00	0.000000000000000000e+00	6.231879634998627182e-01	0.000000000000000000e+00
-2.997143999999999869e+04	0.000000000000000000e+00	0.000000000000000000e+00	6.143375957518234509e-01	0.000000000000000000e+00
-2.997141999999999825e+04	0.000000000000000000e+00	0.000000000000000000e+00	6.164738914151433047e-01	0.000000000000000000e+00
-2.997138999999999942e+04	0.000000000000000000e+00	0.000000000000000000e+00	6.225775933103426807e-01	0.000000000000000000e+00
-2.997134000000000015e+04	0.000000000000000000e+00	0.000000000000000000e+00	6.320383312479018745e-01	0.000000000000000000e+00
-2.997129999999999927e+04	0.000000000000000000e+00	0.000000000000000000e+00	6.195257423627430482e-01	0.000000000000000000e+00
-2.997127999999999884e+04	0.000000000000000000e+00	0.000000000000000000e+00	6.234931485946226815e-01	0.000000000000000000e+00
-2.997125999999999840e+04	0.000000000000000000e+00	0.000000000000000000e+00	6.256294442579424242e-01	0.000000000000000000e+00
-2.997124000000000160e+04	0.000000000000000000e+00	0.000000000000000000e+00	6.424146244697408470e-01	0.000000000000000000e+00
-2.997122000000000116e+04	0.000000000000000000e+00	0.000000000000000000e+00	6.353953672902615812e-01	0.000000000000000000e+00
-2.997120000000000073e+04	0.000000000000000000e+00	0.000000000000000000e+00	6.262398144474623507e-01	0.000000000000000000e+00
-2.997116999999999825e+04	0.000000000000000000e+00	0.000000000000000000e+00	6.115909298989837817e-01	0.000000000000000000e+00
-2.997115000000000146e+04	0.000000000000000000e+00	0.000000000000000000e+00	5.981627857295449546e-01	0.000000000000000000e+00
-2.997111999999999898e+04	0.000000000000000000e+00	0.000000000000000000e+00	5.981627857295449546e-01	0.000000000000000000e+00
-2.997109000000000015e+04	0.000000000000000000e+00	0.000000000000000000e+00	5.969420453505051016e-01	0.000000000000000000e+00
-2.997106999999999971e+04	0.000000000000000000e+00	0.000000000000000000e+00	5.859553819391460916e-01	0.000000000000000000e+00
-2.997104999999999927e+04	0.000000000000000000e+00	0.000000000000000000e+00	5.877864925077058711e-01	0.000000000000000000e+00
-2.997102000000000044e+04	0.000000000000000000e+00	0.000000000000000000e+00	5.810724204229865686e-01	0.000000000000000000e+00
-2.997097999999999956e+04	0.000000000000000000e+00	0.000000000000000000e+00	5.694753868221076321e-01	0.000000000000000000e+00
-2.997095000000000073e+04	0.000000000000000000e+00	0.000000000000000000e+00	5.673390911587877783e-01	0.000000000000000000e+00
-2.997093000000000029e+04	0.000000000000000000e+00	0.000000000000000000e+00	5.618457594531083288e-01	0.000000000000000000e+00
-2.997090000000000146e+04	0.000000000000000000e+00	0.000000000000000000e+00	5.703909421063875218e-01	0.000000000000000000e+00
-2.997086000000000058e+04	0.000000000000000000e+00	0.000000000000000000e+00	5.713064973906674116e-01	0.000000000000000000e+00
-2.997083000000000175e+04	0.000000000000000000e+00	0.000000000000000000e+00	5.703909421063875218e-01	0.000000000000000000e+00
-2.997081000000000131e+04	0.000000000000000000e+00	0.000000000000000000e+00	5.627613147373882185e-01	0.000000000000000000e+00
-2.997077999999999884e+04	0.000000000000000000e+00	0.000000000000000000e+00	5.618457594531083288e-01	0.000000000000000000e+00
-2.997075999999999840e+04	0.000000000000000000e+00	0.000000000000000000e+00	5.624561296426282553e-01	0.000000000000000000e+00
-2.997074000000000160e+04	0.000000000000000000e+00	0.000000000000000000e+00	5.639820551164280715e-01	0.000000000000000000e+00
-2.997070999999999913e+04	0.000000000000000000e+00	0.000000000000000000e+00	5.700857570116275586e-01	0.000000000000000000e+00
-2.997068999999999869e+04	0.000000000000000000e+00	0.000000000000000000e+00	5.667287209692678518e-01	0.000000000000000000e+00
-2.997065999999999985e+04	0.000000000000000000e+00	0.000000000000000000e+00	5.792413098544266781e-01	0.000000000000000000e+00
-2.997063999999999942e+04	0.000000000000000000e+00	0.000000000000000000e+00	5.691702017273476688e-01	0.000000000000000000e+00
-2.997061000000000058e+04	0.000000000000000000e+00	0.000000000000000000e+00	5.627613147373882185e-01	0.000000000000000000e+00
-2.997058000000000175e+04	0.000000000000000000e+00	0.000000000000000000e+00	5.703909421063875218e-01	0.000000000000000000e+00
-2.997054999999999927e+04	0.000000000000000000e+00	0.000000000000000000e+00	5.609302041688284390e-01	0.000000000000000000e+00
-2.997052000000000044e+04	0.000000000000000000e+00	0.000000000000000000e+00	5.444502090517898685e-01	0.000000000000000000e+00
-2.997047999999999956e+04	0.000000000000000000e+00	0.000000000000000000e+00	5.420087282937101625e-01	0.000000000000000000e+00
-2.997045000000000073e+04	0.000000000000000000e+00	0.000000000000000000e+00	5.392620624408703822e-01	0.000000000000000000e+00
-2.997040999999999985e+04	0.000000000000000000e+00	0.000000000000000000e+00	5.282753990295113722e-01	0.000000000000000000e+00
-2.997036999999999898e+04	0.000000000000000000e+00	0.000000000000000000e+00	5.319376201666310422e-01	0.000000000000000000e+00
-2.997033000000000175e+04	0.000000000000000000e+00	0.000000000000000000e+00	5.246131778923917022e-01	0.000000000000000000e+00
-2.997031000000000131e+04	0.000000000000000000e+00	0.000000000000000000e+00	5.166783654286324357e-01	0.000000000000000000e+00
-2.997029000000000087e+04	0.000000000000000000e+00	0.000000000000000000e+00	5.209509567552720322e-01	0.000000000000000000e+00
-2.997027999999999884e+04	0.000000000000000000e+00	0.000000000000000000e+00	5.294961394085513362e-01	0.000000000000000000e+00
-2.997025999999999840e+04	0.000000000000000000e+00	0.000000000000000000e+00	5.212561418500319954e-01	0.000000000000000000e+00
-2.997022000000000116e+04	0.000000000000000000e+00	0.000000000000000000e+00	5.200354014709921424e-01	0.000000000000000000e+00
-2.997018000000000029e+04	0.000000000000000000e+00	0.000000000000000000e+00	5.334635456404309695e-01	0.000000000000000000e+00
-2.997015999999999985e+04	0.000000000000000000e+00	0.000000000000000000e+00	5.127109591967528024e-01	0.000000000000000000e+00
-2.997013000000000102e+04	0.000000000000000000e+00	0.000000000000000000e+00	5.359050263985106755e-01	0.000000000000000000e+00
-2.997011000000000058e+04	0.000000000000000000e+00	0.000000000000000000e+00	5.368205816827905652e-01	0.000000000000000000e+00
-2.997009000000000015e+04	0.000000000000000000e+00	0.000000000000000000e+00	5.395672475356303455e-01	0.000000000000000000e+00
-2.997006999999999971e+04	0.000000000000000000e+00	0.000000000000000000e+00	5.233924375133518492e-01	0.000000000000000000e+00
-2.997004000000000087e+04	0.000000000000000000e+00	0.000000000000000000e+00	5.279702139347514089e-01	0.000000000000000000e+00
-2.997002000000000044e+04	0.000000000000000000e+00	0.000000000000000000e+00	5.200354014709921424e-01	0.000000000000000000e+00
-2.996997999999999956e+04	0.000000000000000000e+00	0.000000000000000000e+00	5.127109591967528024e-01	0.000000000000000000e+00
-2.996995999999999913e+04	0.000000000000000000e+00	0.000000000000000000e+00	5.001983703115939761e-01	0.000000000000000000e+00
-2.996991999999999825e+04	0.000000000000000000e+00	0.000000000000000000e+00	4.919583727530747463e-01	0.000000000000000000e+00
-2.996988999999999942e+04	0.000000000000000000e+00	0.000000000000000000e+00	4.867702261421552046e-01	0.000000000000000000e+00
-2.996986000000000058e+04	0.000000000000000000e+00	0.000000000000000000e+00	4.806665242469557731e-01	0.000000000000000000e+00
-2.996983000000000175e+04	0.000000000000000000e+00	0.000000000000000000e+00	4.782250434888760116e-01	0.000000000000000000e+00
-2.996979999999999927e+04	0.000000000000000000e+00	0.000000000000000000e+00	4.791405987731559013e-01	0.000000000000000000e+00
-2.996975999999999840e+04	0.000000000000000000e+00	0.000000000000000000e+00	4.675435651722769648e-01	0.000000000000000000e+00
-2.996974000000000160e+04	0.000000000000000000e+00	0.000000000000000000e+00	4.687643055513168733e-01	0.000000000000000000e+00
-2.996972000000000116e+04	0.000000000000000000e+00	0.000000000000000000e+00	4.690694906460768365e-01	0.000000000000000000e+00
-2.996970000000000073e+04	0.000000000000000000e+00	0.000000000000000000e+00	4.803613391521958098e-01	0.000000000000000000e+00
-2.996968000000000029e+04	0.000000000000000000e+00	0.000000000000000000e+00	4.925687429425946728e-01	0.000000000000000000e+00
-2.996965000000000146e+04	0.000000000000000000e+00	0.000000000000000000e+00	4.834131900997955533e-01	0.000000000000000000e+00
-2.996961999999999898e+04	0.000000000000000000e+00	0.000000000000000000e+00	4.837183751945555166e-01	0.000000000000000000e+00
-2.996959999999999854e+04	0.000000000000000000e+00	0.000000000000000000e+00	4.861598559526352781e-01	0.000000000000000000e+00
-2.996958000000000175e+04	0.000000000000000000e+00	0.000000000000000000e+00	4.773094882045960663e-01	0.000000000000000000e+00
-2.996956000000000131e+04	0.000000000000000000e+00	0.000000000000000000e+00	4.785302285836359748e-01	0.000000000000000000e+00
-2.996954000000000087e+04	0.000000000000000000e+00	0.000000000000000000e+00	4.773094882045960663e-01	0.000000000000000000e+00
-2.996952000000000044e+04	0.000000000000000000e+00	0.000000000000000000e+00	4.690694906460768365e-01	0.000000000000000000e+00
-2.996949000000000160e+04	0.000000000000000000e+00	0.000000000000000000e+00	4.666280098879970750e-01	0.000000000000000000e+00
-2.996945000000000073e+04	0.000000000000000000e+00	0.000000000000000000e+00	4.617450483718374965e-01	0.000000000000000000e+00
-2.996941999999999825e+04	0.000000000000000000e+00	0.000000000000000000e+00	4.577776421399578632e-01	0.000000000000000000e+00
-2.996940000000000146e+04	0.000000000000000000e+00	0.000000000000000000e+00	4.571672719504379367e-01	0.000000000000000000e+00
-2.996936999999999898e+04	0.000000000000000000e+00	0.000000000000000000e+00	4.632709738456373683e-01	0.000000000000000000e+00
-2.996934000000000015e+04	0.000000000000000000e+00	0.000000000000000000e+00	4.458754234443189635e-01	0.000000000000000000e+00
-2.996931000000000131e+04	0.000000000000000000e+00	0.000000000000000000e+00	4.431287575914792387e-01	0.000000000000000000e+00
-2.996927999999999884e+04	0.000000000000000000e+00	0.000000000000000000e+00	4.391613513595996054e-01	0.000000000000000000e+00
-2.996925000000000000e+04	0.000000000000000000e+00	0.000000000000000000e+00	4.345835749382000457e-01	0.000000000000000000e+00
-2.996920999999999913e+04	0.000000000000000000e+00	0.000000000000000000e+00	4.251228370006409074e-01	0.000000000000000000e+00
-2.996918000000000029e+04	0.000000000000000000e+00	0.000000000000000000e+00	4.272591326639607057e-01	0.000000000000000000e+00
-2.996915999999999985e+04	0.000000000000000000e+00	0.000000000000000000e+00	4.339732047486800637e-01	0.000000000000000000e+00
-2.996913999999999942e+04	0.000000000000000000e+00	0.000000000000000000e+00	4.376354258857997337e-01	0.000000000000000000e+00
-2.996911000000000058e+04	0.000000000000000000e+00	0.000000000000000000e+00	4.312265388958403389e-01	0.000000000000000000e+00
-2.996906999999999971e+04	0.000000000000000000e+00	0.000000000000000000e+00	4.287850581377605774e-01	0.000000000000000000e+00
-2.996904000000000087e+04	0.000000000000000000e+00	0.000000000000000000e+00	4.269539475692007424e-01	0.000000000000000000e+00
-2.996902000000000044e+04	0.000000000000000000e+00	0.000000000000000000e+00	4.336680196539201004e-01	0.000000000000000000e+00
-2.996900000000000000e+04	0.000000000000000000e+00	0.000000000000000000e+00	4.403820917386394584e-01	0.000000000000000000e+00
-2.996897999999999956e+04	0.000000000000000000e+00	0.000000000000000000e+00	4.409924619281594405e-01	0.000000000000000000e+00
-2.996895999999999913e+04	0.000000000000000000e+00	0.000000000000000000e+00	4.367198706015198439e-01	0.000000000000000000e+00
-2.996893999999999869e+04	0.000000000000000000e+00	0.000000000000000000e+00	4.297006134220404672e-01	0.000000000000000000e+00
-2.996891999999999825e+04	0.000000000000000000e+00	0.000000000000000000e+00	4.312265388958403389e-01	0.000000000000000000e+00
-2.996890000000000146e+04	0.000000000000000000e+00	0.000000000000000000e+00	4.245124668111209254e-01	0.000000000000000000e+00
-2.996888999999999942e+04	0.000000000000000000e+00	0.000000000000000000e+00	4.245124668111209254e-01	0.000000000000000000e+00
-2.996886000000000058e+04	0.000000000000000000e+00	0.000000000000000000e+00	4.181035798211615306e-01	0.000000000000000000e+00
-2.996883000000000175e+04	0.000000000000000000e+00	0.000000000000000000e+00	4.065065462202825941e-01	0.000000000000000000e+00
-2.996881000000000131e+04	0.000000000000000000e+00	0.000000000000000000e+00	4.324472792748801919e-01	0.000000000000000000e+00
-2.996877999999999884e+04	0.000000000000000000e+00	0.000000000000000000e+00	4.202398754844813289e-01	0.000000000000000000e+00
-2.996875999999999840e+04	0.000000000000000000e+00	0.000000000000000000e+00	4.049806207464827223e-01	0.000000000000000000e+00
-2.996874000000000160e+04	0.000000000000000000e+00	0.000000000000000000e+00	4.040650654622028326e-01	0.000000000000000000e+00
-2.996872000000000116e+04	0.000000000000000000e+00	0.000000000000000000e+00	4.019287697988830343e-01	0.000000000000000000e+00
-2.996868999999999869e+04	0.000000000000000000e+00	0.000000000000000000e+00	3.988769188512832908e-01	0.000000000000000000e+00
-2.996866999999999825e+04	0.000000000000000000e+00	0.000000000000000000e+00	4.019287697988830343e-01	0.000000000000000000e+00
-2.996865000000000146e+04	0.000000000000000000e+00	0.000000000000000000e+00	4.083376567888424291e-01	0.000000000000000000e+00
-2.996861999999999898e+04	0.000000000000000000e+00	0.000000000000000000e+00	4.062013611255226309e-01	0.000000000000000000e+00
-2.996859999999999854e+04	0.000000000000000000e+00	0.000000000000000000e+00	4.037598803674428694e-01	0.000000000000000000e+00
-2.996859000000000015e+04	0.000000000000000000e+00	0.000000000000000000e+00	4.062013611255226309e-01	0.000000000000000000e+00
-2.996856999999999971e+04	0.000000000000000000e+00	0.000000000000000000e+00	4.089480269783623556e-01	0.000000000000000000e+00
-2.996854999999999927e+04	0.000000000000000000e+00	0.000000000000000000e+00	4.086428418836023924e-01	0.000000000000000000e+00
-2.996852999999999884e+04	0.000000000000000000e+00	0.000000000000000000e+00	4.055909909360027044e-01	0.000000000000000000e+00
-2.996850000000000000e+04	0.000000000000000000e+00	0.000000000000000000e+00	4.126102481154820256e-01	0.000000000000000000e+00
-2.996847999999999956e+04	0.000000000000000000e+00	0.000000000000000000e+00	4.062013611255226309e-01	0.000000000000000000e+00
-2.996845999999999913e+04	0.000000000000000000e+00	0.000000000000000000e+00	3.942991424298837311e-01	0.000000000000000000e+00
-2.996843999999999869e+04	0.000000000000000000e+00	0.000000000000000000e+00	3.991821039460432541e-01	0.000000000000000000e+00
-2.996840999999999985e+04	0.000000000000000000e+00	0.000000000000000000e+00	3.863643299661244646e-01	0.000000000000000000e+00
-2.996838999999999942e+04	0.000000000000000000e+00	0.000000000000000000e+00	3.796502578814050510e-01	0.000000000000000000e+00
-2.996836000000000058e+04	0.000000000000000000e+00	0.000000000000000000e+00	3.723258156071657665e-01	0.000000000000000000e+00
-2.996834000000000015e+04	0.000000000000000000e+00	0.000000000000000000e+00	3.622547074800866462e-01	0.000000000000000000e+00
-2.996831999999999971e+04	0.000000000000000000e+00	0.000000000000000000e+00	3.640858180486464812e-01	0.000000000000000000e+00
-2.996829999999999927e+04	0.000000000000000000e+00	0.000000000000000000e+00	3.607287820062868300e-01	0.000000000000000000e+00
-2.996827999999999884e+04	0.000000000000000000e+00	0.000000000000000000e+00	3.714102603228858213e-01	0.000000000000000000e+00
-2.996825999999999840e+04	0.000000000000000000e+00	0.000000000000000000e+00	3.723258156071657665e-01	0.000000000000000000e+00
-2.996822999999999956e+04	0.000000000000000000e+00	0.000000000000000000e+00	3.747672963652455280e-01	0.000000000000000000e+00
-2.996820999999999913e+04	0.000000000000000000e+00	0.000000000000000000e+00	3.686635944700460965e-01	0.000000000000000000e+00
-2.996818999999999869e+04	0.000000000000000000e+00	0.000000000000000000e+00	3.701895199438459683e-01	0.000000000000000000e+00
-2.996816999999999825e+04	0.000000000000000000e+00	0.000000000000000000e+00	3.750724814600054913e-01	0.000000000000000000e+00
-2.996815000000000146e+04	0.000000000000000000e+00	0.000000000000000000e+00	3.726310007019257298e-01	0.000000000000000000e+00
-2.996811000000000058e+04	0.000000000000000000e+00	0.000000000000000000e+00	3.756828516495254178e-01	0.000000000000000000e+00
-2.996808000000000175e+04	0.000000000000000000e+00	0.000000000000000000e+00	3.714102603228858213e-01	0.000000000000000000e+00
-2.996806000000000131e+04	0.000000000000000000e+00	0.000000000000000000e+00	3.686635944700460965e-01	0.000000000000000000e+00
-2.996804000000000087e+04	0.000000000000000000e+00	0.000000000000000000e+00	3.677480391857661512e-01	0.000000000000000000e+00
-2.996802999999999884e+04	0.000000000000000000e+00	0.000000000000000000e+00	3.851435895870845560e-01	0.000000000000000000e+00
-2.996800000000000000e+04	0.000000000000000000e+00	0.000000000000000000e+00	3.619495223853266830e-01	0.000000000000000000e+00
-2.996797999999999956e+04	0.000000000000000000e+00	0.000000000000000000e+00	3.668324839014862615e-01	0.000000000000000000e+00
-2.996795000000000073e+04	0.000000000000000000e+00	0.000000000000000000e+00	3.628650776696066282e-01	0.000000000000000000e+00
-2.996791999999999825e+04	0.000000000000000000e+00	0.000000000000000000e+00	3.567613757744071967e-01	0.000000000000000000e+00
-2.996790999999999985e+04	0.000000000000000000e+00	0.000000000000000000e+00	3.491317484054078935e-01	0.000000000000000000e+00
-2.996788999999999942e+04	0.000000000000000000e+00	0.000000000000000000e+00	3.497421185949278200e-01	0.000000000000000000e+00
-2.996786000000000058e+04	0.000000000000000000e+00	0.000000000000000000e+00	3.421124912259285167e-01	0.000000000000000000e+00
-2.996783000000000175e+04	0.000000000000000000e+00	0.000000000000000000e+00	3.387554551835688099e-01	0.000000000000000000e+00
-2.996781000000000131e+04	0.000000000000000000e+00	0.000000000000000000e+00	3.448591570787682969e-01	0.000000000000000000e+00
-2.996779000000000087e+04	0.000000000000000000e+00	0.000000000000000000e+00	3.454695272682882234e-01	0.000000000000000000e+00
-2.996777000000000044e+04	0.000000000000000000e+00	0.000000000000000000e+00	3.469954527420880952e-01	0.000000000000000000e+00
-2.996774000000000160e+04	0.000000000000000000e+00	0.000000000000000000e+00	3.463850825525681132e-01	0.000000000000000000e+00
-2.996772000000000116e+04	0.000000000000000000e+00	0.000000000000000000e+00	3.411969359416486269e-01	0.000000000000000000e+00
-2.996768999999999869e+04	0.000000000000000000e+00	0.000000000000000000e+00	3.491317484054078935e-01	0.000000000000000000e+00
-2.996765999999999985e+04	0.000000000000000000e+00	0.000000000000000000e+00	3.534043397320474900e-01	0.000000000000000000e+00
-2.996763999999999942e+04	0.000000000000000000e+00	0.000000000000000000e+00	3.469954527420880952e-01	0.000000000000000000e+00
-2.996761999999999898e+04	0.000000000000000000e+00	0.000000000000000000e+00	3.579821161534470497e-01	0.000000000000000000e+00
-2.996759999999999854e+04	0.000000000000000000e+00	0.000000000000000000e+00	3.488265633106479302e-01	0.000000000000000000e+00
-2.996758000000000175e+04	0.000000000000000000e+00	0.000000000000000000e+00	3.381450849940488834e-01	0.000000000000000000e+00
-2.996754999999999927e+04	0.000000000000000000e+00	0.000000000000000000e+00	3.384502700888088467e-01	0.000000000000000000e+00
-2.996752999999999884e+04	0.000000000000000000e+00	0.000000000000000000e+00	3.399761955626087184e-01	0.000000000000000000e+00
-2.996750999999999840e+04	0.000000000000000000e+00	0.000000000000000000e+00	3.338724936674092869e-01	0.000000000000000000e+00
-2.996747999999999956e+04	0.000000000000000000e+00	0.000000000000000000e+00	3.277687917722098554e-01	0.000000000000000000e+00
-2.996745999999999913e+04	0.000000000000000000e+00	0.000000000000000000e+00	3.323465681936094152e-01	0.000000000000000000e+00
-2.996745000000000073e+04	0.000000000000000000e+00	0.000000000000000000e+00	3.201391644032105521e-01	0.000000000000000000e+00
-2.996743000000000029e+04	0.000000000000000000e+00	0.000000000000000000e+00	3.152562028870509736e-01	0.000000000000000000e+00
-2.996741999999999825e+04	0.000000000000000000e+00	0.000000000000000000e+00	3.222754600665303504e-01	0.000000000000000000e+00
-2.996740000000000146e+04	0.000000000000000000e+00	0.000000000000000000e+00	3.195287942136906256e-01	0.000000000000000000e+00
-2.996738999999999942e+04	0.000000000000000000e+00	0.000000000000000000e+00	2.984710226752525508e-01	0.000000000000000000e+00
-2.996736999999999898e+04	0.000000000000000000e+00	0.000000000000000000e+00	3.097628711813715241e-01	0.000000000000000000e+00
-2.996734999999999854e+04	0.000000000000000000e+00	0.000000000000000000e+00	3.057954649494918908e-01	0.000000000000000000e+00
-2.996733000000000175e+04	0.000000000000000000e+00	0.000000000000000000e+00	3.118991668446913224e-01	0.000000000000000000e+00
-2.996731000000000131e+04	0.000000000000000000e+00	0.000000000000000000e+00	3.054902798547318721e-01	0.000000000000000000e+00
-2.996727999999999884e+04	0.000000000000000000e+00	0.000000000000000000e+00	3.103732413708914506e-01	0.000000000000000000e+00
-2.996725000000000000e+04	0.000000000000000000e+00	0.000000000000000000e+00	3.265480513931699469e-01	0.000000000000000000e+00
-2.996722000000000116e+04	0.000000000000000000e+00	0.000000000000000000e+00	3.091525009918515421e-01	0.000000000000000000e+00
-2.996718999999999869e+04	0.000000000000000000e+00	0.000000000000000000e+00	3.122043519394512856e-01	0.000000000000000000e+00
-2.996716999999999825e+04	0.000000000000000000e+00	0.000000000000000000e+00	3.131199072237311753e-01	0.000000000000000000e+00
-2.996715999999999985e+04	0.000000000000000000e+00	0.000000000000000000e+00	3.100680562761314873e-01	0.000000000000000000e+00
-2.996713999999999942e+04	0.000000000000000000e+00	0.000000000000000000e+00	3.079317606128116891e-01	0.000000000000000000e+00
-2.996711999999999898e+04	0.000000000000000000e+00	0.000000000000000000e+00	3.033539841914120738e-01	0.000000000000000000e+00
-2.996709999999999854e+04	0.000000000000000000e+00	0.000000000000000000e+00	3.030487990966521106e-01	0.000000000000000000e+00
-2.996706999999999971e+04	0.000000000000000000e+00	0.000000000000000000e+00	3.009125034333323123e-01	0.000000000000000000e+00
-2.996706000000000131e+04	0.000000000000000000e+00	0.000000000000000000e+00	3.112887966551713403e-01	0.000000000000000000e+00
-2.996704000000000087e+04	0.000000000000000000e+00	0.000000000000000000e+00	3.033539841914120738e-01	0.000000000000000000e+00
-2.996702999999999884e+04	0.000000000000000000e+00	0.000000000000000000e+00	3.067110202337717806e-01	0.000000000000000000e+00
-2.996700000000000000e+04	0.000000000000000000e+00	0.000000000000000000e+00	2.963347270119327526e-01	0.000000000000000000e+00
-2.996697999999999956e+04	0.000000000000000000e+00	0.000000000000000000e+00	2.932828760643330090e-01	0.000000000000000000e+00
-2.996695999999999913e+04	0.000000000000000000e+00	0.000000000000000000e+00	2.978606524857326243e-01	0.000000000000000000e+00
-2.996693999999999869e+04	0.000000000000000000e+00	0.000000000000000000e+00	2.951139866328928441e-01	0.000000000000000000e+00
-2.996690999999999985e+04	0.000000000000000000e+00	0.000000000000000000e+00	2.975554673909726056e-01	0.000000000000000000e+00
-2.996688000000000102e+04	0.000000000000000000e+00	0.000000000000000000e+00	2.871791741691335775e-01	0.000000000000000000e+00
-2.996684000000000015e+04	0.000000000000000000e+00	0.000000000000000000e+00	2.896206549272133390e-01	0.000000000000000000e+00
-2.996681000000000131e+04	0.000000000000000000e+00	0.000000000000000000e+00	2.877895443586535040e-01	0.000000000000000000e+00
-2.996679000000000087e+04	0.000000000000000000e+00	0.000000000000000000e+00	2.917569505905331373e-01	0.000000000000000000e+00
-2.996679000000000087e+04	0.000000000000000000e+00	0.000000000000000000e+00	3.057954649494918908e-01	0.000000000000000000e+00
-2.996677000000000044e+04	0.000000000000000000e+00	0.000000000000000000e+00	3.045747245704519823e-01	0.000000000000000000e+00
-2.996675000000000000e+04	0.000000000000000000e+00	0.000000000000000000e+00	2.941984313486129543e-01	0.000000000000000000e+00
-2.996672999999999956e+04	0.000000000000000000e+00	0.000000000000000000e+00	2.926725058748130825e-01	0.000000000000000000e+00
-2.996670000000000073e+04	0.000000000000000000e+00	0.000000000000000000e+00	2.911465804010132108e-01	0.000000000000000000e+00
-2.996668000000000029e+04	0.000000000000000000e+00	0.000000000000000000e+00	2.911465804010132108e-01	0.000000000000000000e+00
-2.996665999999999985e+04	0.000000000000000000e+00	0.000000000000000000e+00	2.862636188848536878e-01	0.000000000000000000e+00
-2.996665000000000146e+04	0.000000000000000000e+00	0.000000000000000000e+00	2.810754722739341460e-01	0.000000000000000000e+00
-2.996663000000000102e+04	0.000000000000000000e+00	0.000000000000000000e+00	2.768028809472945495e-01	0.000000000000000000e+00
-2.996661000000000058e+04	0.000000000000000000e+00	0.000000000000000000e+00	2.737510299996948060e-01	0.000000000000000000e+00
-2.996658000000000175e+04	0.000000000000000000e+00	0.000000000000000000e+00	2.658162175359355395e-01	0.000000000000000000e+00
-2.996654999999999927e+04	0.000000000000000000e+00	0.000000000000000000e+00	2.621539963988158695e-01	0.000000000000000000e+00
-2.996652000000000044e+04	0.000000000000000000e+00	0.000000000000000000e+00	2.725302896206549530e-01	0.000000000000000000e+00
-2.996649000000000160e+04	0.000000000000000000e+00	0.000000000000000000e+00	2.597125156407361080e-01	0.000000000000000000e+00
-2.996645999999999913e+04	0.000000000000000000e+00	0.000000000000000000e+00	2.639851069673757045e-01	0.000000000000000000e+00
-2.996643999999999869e+04	0.000000000000000000e+00	0.000000000000000000e+00	2.563554795983764012e-01	0.000000000000000000e+00
-2.996640999999999985e+04	0.000000000000000000e+00	0.000000000000000000e+00	2.649006622516556497e-01	0.000000000000000000e+00
-2.996638999999999942e+04	0.000000000000000000e+00	0.000000000000000000e+00	2.603228858302560345e-01	0.000000000000000000e+00
-2.996636000000000058e+04	0.000000000000000000e+00	0.000000000000000000e+00	2.676473281044953745e-01	0.000000000000000000e+00
-2.996634000000000015e+04	0.000000000000000000e+00	0.000000000000000000e+00	2.569658497878963832e-01	0.000000000000000000e+00
-2.996631999999999971e+04	0.000000000000000000e+00	0.000000000000000000e+00	2.600177007354960712e-01	0.000000000000000000e+00
-2.996629000000000087e+04	0.000000000000000000e+00	0.000000000000000000e+00	2.615436262092959430e-01	0.000000000000000000e+00
-2.996627000000000044e+04	0.000000000000000000e+00	0.000000000000000000e+00	2.667317728202154847e-01	0.000000000000000000e+00
-2.996625000000000000e+04	0.000000000000000000e+00	0.000000000000000000e+00	2.682576982940153010e-01	0.000000000000000000e+00
-2.996622999999999956e+04	0.000000000000000000e+00	0.000000000000000000e+00	2.615436262092959430e-01	0.000000000000000000e+00
-2.996620999999999913e+04	0.000000000000000000e+00	0.000000000000000000e+00	2.569658497878963832e-01	0.000000000000000000e+00
-2.996618999999999869e+04	0.000000000000000000e+00	0.000000000000000000e+00	2.591021454512161815e-01	0.000000000000000000e+00
-2.996615999999999985e+04	0.000000000000000000e+00	0.000000000000000000e+00	2.560502945036164379e-01	0.000000000000000000e+00
-2.996613999999999942e+04	0.000000000000000000e+00	0.000000000000000000e+00	2.511673329874569149e-01	0.000000000000000000e+00
-2.996613000000000102e+04	0.000000000000000000e+00	0.000000000000000000e+00	2.578814050721762730e-01	0.000000000000000000e+00
-2.996609999999999854e+04	0.000000000000000000e+00	0.000000000000000000e+00	2.429273354289376574e-01	0.000000000000000000e+00
-2.996606999999999971e+04	0.000000000000000000e+00	0.000000000000000000e+00	2.304147465437788034e-01	0.000000000000000000e+00
-2.996604000000000087e+04	0.000000000000000000e+00	0.000000000000000000e+00	2.389599291970580242e-01	0.000000000000000000e+00
-2.996600000000000000e+04	0.000000000000000000e+00	0.000000000000000000e+00	2.380443739127781067e-01	0.000000000000000000e+00
-2.996597000000000116e+04	0.000000000000000000e+00	0.000000000000000000e+00	2.307199316385387666e-01	0.000000000000000000e+00
-2.996595000000000073e+04	0.000000000000000000e+00	0.000000000000000000e+00	2.346873378704183999e-01	0.000000000000000000e+00
-2.996593000000000029e+04	0.000000000000000000e+00	0.000000000000000000e+00	2.401806695760979049e-01	0.000000000000000000e+00
-2.996588999999999942e+04	0.000000000000000000e+00	0.000000000000000000e+00	2.404858546708578682e-01	0.000000000000000000e+00
-2.996586999999999898e+04	0.000000000000000000e+00	0.000000000000000000e+00	2.398754844813379417e-01	0.000000000000000000e+00
-2.996584000000000015e+04	0.000000000000000000e+00	0.000000000000000000e+00	2.438428907132175749e-01	0.000000000000000000e+00
-2.996581000000000131e+04	0.000000000000000000e+00	0.000000000000000000e+00	2.496414075136570432e-01	0.000000000000000000e+00
-2.996577999999999884e+04	0.000000000000000000e+00	0.000000000000000000e+00	2.386547441022980331e-01	0.000000000000000000e+00
-2.996575000000000000e+04	0.000000000000000000e+00	0.000000000000000000e+00	2.346873378704183999e-01	0.000000000000000000e+00
-2.996572999999999956e+04	0.000000000000000000e+00	0.000000000000000000e+00	2.386547441022980331e-01	0.000000000000000000e+00
-2.996570000000000073e+04	0.000000000000000000e+00	0.000000000000000000e+00	2.322458571123386384e-01	0.000000000000000000e+00
-2.996566999999999825e+04	0.000000000000000000e+00	0.000000000000000000e+00	2.298043763542588491e-01	0.000000000000000000e+00
-2.996563999999999942e+04	0.000000000000000000e+00	0.000000000000000000e+00	2.285836359752189684e-01	0.000000000000000000e+00
-2.996561000000000058e+04	0.000000000000000000e+00	0.000000000000000000e+00	2.298043763542588491e-01	0.000000000000000000e+00
-2.996558000000000175e+04	0.000000000000000000e+00	0.000000000000000000e+00	2.471999267555772539e-01	0.000000000000000000e+00
-2.996556000000000131e+04	0.000000000000000000e+00	0.000000000000000000e+00	2.258369701223792159e-01	0.000000000000000000e+00
-2.996554000000000087e+04	0.000000000000000000e+00	0.000000000000000000e+00	2.191228980376598301e-01	0.000000000000000000e+00
-2.996550999999999840e+04	0.000000000000000000e+00	0.000000000000000000e+00	2.240058595538193809e-01	0.000000000000000000e+00
-2.996547999999999956e+04	0.000000000000000000e+00	0.000000000000000000e+00	2.252265999328592894e-01	0.000000000000000000e+00
-2.996545000000000073e+04	0.000000000000000000e+00	0.000000000000000000e+00	2.157658619953001511e-01	0.000000000000000000e+00
-2.996541999999999825e+04	0.000000000000000000e+00	0.000000000000000000e+00	2.200384533219397476e-01	0.000000000000000000e+00
-2.996538999999999942e+04	0.000000000000000000e+00	0.000000000000000000e+00	2.224799340800195369e-01	0.000000000000000000e+00
-2.996536000000000058e+04	0.000000000000000000e+00	0.000000000000000000e+00	2.059999389629810496e-01	0.000000000000000000e+00
-2.996533000000000175e+04	0.000000000000000000e+00	0.000000000000000000e+00	2.069154942472609671e-01	0.000000000000000000e+00
-2.996529999999999927e+04	0.000000000000000000e+00	0.000000000000000000e+00	2.035584582049012603e-01	0.000000000000000000e+00
-2.996527000000000044e+04	0.000000000000000000e+00	0.000000000000000000e+00	2.026429029206213706e-01	0.000000000000000000e+00
-2.996525000000000000e+04	0.000000000000000000e+00	0.000000000000000000e+00	2.041688283944212146e-01	0.000000000000000000e+00
-2.996524000000000160e+04	0.000000000000000000e+00	0.000000000000000000e+00	2.111880855739005636e-01	0.000000000000000000e+00
-2.996520999999999913e+04	0.000000000000000000e+00	0.000000000000000000e+00	2.148503067110202336e-01	0.000000000000000000e+00
-2.996518000000000029e+04	0.000000000000000000e+00	0.000000000000000000e+00	2.066103091525010038e-01	0.000000000000000000e+00
-2.996515999999999985e+04	0.000000000000000000e+00	0.000000000000000000e+00	2.136295663319803528e-01	0.000000000000000000e+00
-2.996513999999999942e+04	0.000000000000000000e+00	0.000000000000000000e+00	1.998962370677816180e-01	0.000000000000000000e+00
-2.996511000000000058e+04	0.000000000000000000e+00	0.000000000000000000e+00	2.008117923520615355e-01	0.000000000000000000e+00
-2.996508000000000175e+04	0.000000000000000000e+00	0.000000000000000000e+00	2.078310495315408846e-01	0.000000000000000000e+00
-2.996506000000000131e+04	0.000000000000000000e+00	0.000000000000000000e+00	2.111880855739005636e-01	0.000000000000000000e+00
-2.996502999999999884e+04	0.000000000000000000e+00	0.000000000000000000e+00	2.017273476363414531e-01	0.000000000000000000e+00
-2.996500000000000000e+04	0.000000000000000000e+00	0.000000000000000000e+00	1.971495712149418655e-01	0.000000000000000000e+00
-2.996497000000000116e+04	0.000000000000000000e+00	0.000000000000000000e+00	1.980651264992217830e-01	0.000000000000000000e+00
-2.996493999999999869e+04	0.000000000000000000e+00	0.000000000000000000e+00	1.947080904568620763e-01	0.000000000000000000e+00
-2.996490999999999985e+04	0.000000000000000000e+00	0.000000000000000000e+00	1.907406842249824430e-01	0.000000000000000000e+00
-2.996488000000000102e+04	0.000000000000000000e+00	0.000000000000000000e+00	1.953184606463820305e-01	0.000000000000000000e+00
-2.996484999999999854e+04	0.000000000000000000e+00	0.000000000000000000e+00	1.873836481826227640e-01	0.000000000000000000e+00
-2.996483000000000175e+04	0.000000000000000000e+00	0.000000000000000000e+00	1.937925351725821588e-01	0.000000000000000000e+00
-2.996481000000000131e+04	0.000000000000000000e+00	0.000000000000000000e+00	1.974547563097018288e-01	0.000000000000000000e+00
-2.996479000000000087e+04	0.000000000000000000e+00	0.000000000000000000e+00	1.834162419507431308e-01	0.000000000000000000e+00
-2.996475999999999840e+04	0.000000000000000000e+00	0.000000000000000000e+00	1.944029053621021130e-01	0.000000000000000000e+00
-2.996472999999999956e+04	0.000000000000000000e+00	0.000000000000000000e+00	1.825006866664632132e-01	0.000000000000000000e+00
-2.996468999999999869e+04	0.000000000000000000e+00	0.000000000000000000e+00	1.849421674245429748e-01	0.000000000000000000e+00
-2.996465999999999985e+04	0.000000000000000000e+00	0.000000000000000000e+00	1.953184606463820305e-01	0.000000000000000000e+00
-2.996463000000000102e+04	0.000000000000000000e+00	0.000000000000000000e+00	2.005066072573015445e-01	0.000000000000000000e+00
-2.996459999999999854e+04	0.000000000000000000e+00	0.000000000000000000e+00	1.965392010254219113e-01	0.000000000000000000e+00
-2.996456000000000131e+04	0.000000000000000000e+00	0.000000000000000000e+00	1.901303140354625165e-01	0.000000000000000000e+00
-2.996454000000000087e+04	0.000000000000000000e+00	0.000000000000000000e+00	1.873836481826227640e-01	0.000000000000000000e+00
-2.996452000000000044e+04	0.000000000000000000e+00	0.000000000000000000e+00	1.861629078035828833e-01	0.000000000000000000e+00
-2.996449000000000160e+04	0.000000000000000000e+00	0.000000000000000000e+00	1.828058717612231765e-01	0.000000000000000000e+00
-2.996445999999999913e+04	0.000000000000000000e+00	0.000000000000000000e+00	1.736503189184240292e-01	0.000000000000000000e+00
-2.996443999999999869e+04	0.000000000000000000e+00	0.000000000000000000e+00	1.724295785393841485e-01	0.000000000000000000e+00
-2.996441999999999825e+04	0.000000000000000000e+00	0.000000000000000000e+00	1.687673574022644785e-01	0.000000000000000000e+00
-2.996440000000000146e+04	0.000000000000000000e+00	0.000000000000000000e+00	1.678518021179845610e-01	0.000000000000000000e+00
-2.996436999999999898e+04	0.000000000000000000e+00	0.000000000000000000e+00	1.675466170232245977e-01	0.000000000000000000e+00
-2.996434000000000015e+04	0.000000000000000000e+00	0.000000000000000000e+00	1.712088381603442400e-01	0.000000000000000000e+00
-2.996431000000000131e+04	0.000000000000000000e+00	0.000000000000000000e+00	1.690725424970244417e-01	0.000000000000000000e+00
-2.996427999999999884e+04	0.000000000000000000e+00	0.000000000000000000e+00	1.654103213599047717e-01	0.000000000000000000e+00
-2.996427000000000044e+04	0.000000000000000000e+00	0.000000000000000000e+00	1.654103213599047717e-01	0.000000000000000000e+00
-2.996425000000000000e+04	0.000000000000000000e+00	0.000000000000000000e+00	1.663258766441846892e-01	0.000000000000000000e+00
-2.996422000000000116e+04	0.000000000000000000e+00	0.000000000000000000e+00	1.651051362651448084e-01	0.000000000000000000e+00
-2.996418000000000029e+04	0.000000000000000000e+00	0.000000000000000000e+00	1.684621723075045152e-01	0.000000000000000000e+00
-2.996413999999999942e+04	0.000000000000000000e+00	0.000000000000000000e+00	1.538132877590258629e-01	0.000000000000000000e+00
-2.996411999999999898e+04	0.000000000000000000e+00	0.000000000000000000e+00	1.580858790856654594e-01	0.000000000000000000e+00
-2.996409999999999854e+04	0.000000000000000000e+00	0.000000000000000000e+00	1.626636555070650469e-01	0.000000000000000000e+00
-2.996408000000000175e+04	0.000000000000000000e+00	0.000000000000000000e+00	1.672414319284646067e-01	0.000000000000000000e+00
-2.996406000000000131e+04	0.000000000000000000e+00	0.000000000000000000e+00	1.644947660756248542e-01	0.000000000000000000e+00
-2.996402000000000044e+04	0.000000000000000000e+00	0.000000000000000000e+00	1.574755088961455052e-01	0.000000000000000000e+00
-2.996400000000000000e+04	0.000000000000000000e+00	0.000000000000000000e+00	1.620532853175450927e-01	0.000000000000000000e+00
-2.996395999999999913e+04	0.000000000000000000e+00	0.000000000000000000e+00	1.602221747489852577e-01	0.000000000000000000e+00
-2.996393999999999869e+04	0.000000000000000000e+00	0.000000000000000000e+00	1.571703238013855419e-01	0.000000000000000000e+00
-2.996391999999999825e+04	0.000000000000000000e+00	0.000000000000000000e+00	1.596118045594653034e-01	0.000000000000000000e+00
-2.996388999999999942e+04	0.000000000000000000e+00	0.000000000000000000e+00	1.513718070009460737e-01	0.000000000000000000e+00
-2.996386999999999898e+04	0.000000000000000000e+00	0.000000000000000000e+00	1.522873622852259912e-01	0.000000000000000000e+00
-2.996384000000000015e+04	0.000000000000000000e+00	0.000000000000000000e+00	1.580858790856654594e-01	0.000000000000000000e+00
-2.996381000000000131e+04	0.000000000000000000e+00	0.000000000000000000e+00	1.553392132328257069e-01	0.000000000000000000e+00
-2.996379000000000087e+04	0.000000000000000000e+00	0.000000000000000000e+00	1.550340281380657437e-01	0.000000000000000000e+00
-2.996377999999999884e+04	0.000000000000000000e+00	0.000000000000000000e+00	1.528977324747459454e-01	0.000000000000000000e+00
-2.996375999999999840e+04	0.000000000000000000e+00	0.000000000000000000e+00	1.489303262428663122e-01	0.000000000000000000e+00
-2.996372999999999956e+04	0.000000000000000000e+00	0.000000000000000000e+00	1.614429151280251384e-01	0.000000000000000000e+00
-2.996368999999999869e+04	0.000000000000000000e+00	0.000000000000000000e+00	1.467940305795464861e-01	0.000000000000000000e+00
-2.996365999999999985e+04	0.000000000000000000e+00	0.000000000000000000e+00	1.464888454847865229e-01	0.000000000000000000e+00
-2.996363999999999942e+04	0.000000000000000000e+00	0.000000000000000000e+00	1.538132877590258629e-01	0.000000000000000000e+00
-2.996361999999999898e+04	0.000000000000000000e+00	0.000000000000000000e+00	1.522873622852259912e-01	0.000000000000000000e+00
-2.996359000000000015e+04	0.000000000000000000e+00	0.000000000000000000e+00	1.532029175695059087e-01	0.000000000000000000e+00
-2.996356999999999971e+04	0.000000000000000000e+00	0.000000000000000000e+00	1.596118045594653034e-01	0.000000000000000000e+00
-2.996354000000000087e+04	0.000000000000000000e+00	0.000000000000000000e+00	1.507614368114261194e-01	0.000000000000000000e+00
-2.996352000000000044e+04	0.000000000000000000e+00	0.000000000000000000e+00	1.416058839686269721e-01	0.000000000000000000e+00
-2.996349000000000160e+04	0.000000000000000000e+00	0.000000000000000000e+00	1.489303262428663122e-01	0.000000000000000000e+00
-2.996347000000000116e+04	0.000000000000000000e+00	0.000000000000000000e+00	1.419110690633869354e-01	0.000000000000000000e+00
-2.996345000000000073e+04	0.000000000000000000e+00	0.000000000000000000e+00	1.367229224524674214e-01	0.000000000000000000e+00
-2.996341999999999825e+04	0.000000000000000000e+00	0.000000000000000000e+00	1.327555162205877881e-01	0.000000000000000000e+00
-2.996338999999999942e+04	0.000000000000000000e+00	0.000000000000000000e+00	1.419110690633869354e-01	0.000000000000000000e+00
-2.996336000000000058e+04	0.000000000000000000e+00	0.000000000000000000e+00	1.428266243476668529e-01	0.000000000000000000e+00
-2.996334000000000015e+04	0.000000000000000000e+00	0.000000000000000000e+00	1.394695883053071739e-01	0.000000000000000000e+00
-2.996333000000000175e+04	0.000000000000000000e+00	0.000000000000000000e+00	1.358073671681875039e-01	0.000000000000000000e+00
-2.996329000000000087e+04	0.000000000000000000e+00	0.000000000000000000e+00	1.138340403454695254e-01	0.000000000000000000e+00
-2.996325999999999840e+04	0.000000000000000000e+00	0.000000000000000000e+00	1.358073671681875039e-01	0.000000000000000000e+00
-2.996325000000000000e+04	0.000000000000000000e+00	0.000000000000000000e+00	1.275673696096682741e-01	0.000000000000000000e+00
-2.996322999999999956e+04	0.000000000000000000e+00	0.000000000000000000e+00	1.397747734000671371e-01	0.000000000000000000e+00
-2.996320000000000073e+04	0.000000000000000000e+00	0.000000000000000000e+00	1.351969969786675496e-01	0.000000000000000000e+00
-2.996316999999999825e+04	0.000000000000000000e+00	0.000000000000000000e+00	1.342814416943876599e-01	0.000000000000000000e+00
-2.996315000000000146e+04	0.000000000000000000e+00	0.000000000000000000e+00	1.312295907467879164e-01	0.000000000000000000e+00
-2.996311999999999898e+04	0.000000000000000000e+00	0.000000000000000000e+00	1.324503311258278249e-01	0.000000000000000000e+00
-2.996309000000000015e+04	0.000000000000000000e+00	0.000000000000000000e+00	1.333658864101077424e-01	0.000000000000000000e+00
-2.996306999999999971e+04	0.000000000000000000e+00	0.000000000000000000e+00	1.397747734000671371e-01	0.000000000000000000e+00
-2.996304999999999927e+04	0.000000000000000000e+00	0.000000000000000000e+00	1.345866267891476231e-01	0.000000000000000000e+00
-2.996302999999999884e+04	0.000000000000000000e+00	0.000000000000000000e+00	1.351969969786675496e-01	0.000000000000000000e+00
-2.996300000000000000e+04	0.000000000000000000e+00	0.000000000000000000e+00	1.336710715048677056e-01	0.000000000000000000e+00
-2.996297999999999956e+04	0.000000000000000000e+00	0.000000000000000000e+00	1.364177373577074581e-01	0.000000000000000000e+00
-2.996295999999999913e+04	0.000000000000000000e+00	0.000000000000000000e+00	1.303140354625079989e-01	0.000000000000000000e+00
-2.996293000000000029e+04	0.000000000000000000e+00	0.000000000000000000e+00	1.321451460310678339e-01	0.000000000000000000e+00
-2.996290000000000146e+04	0.000000000000000000e+00	0.000000000000000000e+00	1.312295907467879164e-01	0.000000000000000000e+00
-2.996288000000000102e+04	0.000000000000000000e+00	0.000000000000000000e+00	1.306192205572679899e-01	0.000000000000000000e+00
-2.996286000000000058e+04	0.000000000000000000e+00	0.000000000000000000e+00	1.248207037568285216e-01	0.000000000000000000e+00
-2.996284000000000015e+04	0.000000000000000000e+00	0.000000000000000000e+00	1.297036652729880724e-01	0.000000000000000000e+00
-2.996281999999999971e+04	0.000000000000000000e+00	0.000000000000000000e+00	1.312295907467879164e-01	0.000000000000000000e+00
-2.996279000000000087e+04	0.000000000000000000e+00	0.000000000000000000e+00	1.220740379039887691e-01	0.000000000000000000e+00
-2.996277000000000044e+04	0.000000000000000000e+00	0.000000000000000000e+00	1.257362590411084391e-01	0.000000000000000000e+00
-2.996275999999999840e+04	0.000000000000000000e+00	0.000000000000000000e+00	1.217688528092287920e-01	0.000000000000000000e+00
-2.996274000000000160e+04	0.000000000000000000e+00	0.000000000000000000e+00	1.187170018616290762e-01	0.000000000000000000e+00
-2.996272000000000116e+04	0.000000000000000000e+00	0.000000000000000000e+00	1.138340403454695254e-01	0.000000000000000000e+00
-2.996270000000000073e+04	0.000000000000000000e+00	0.000000000000000000e+00	1.171910763878292183e-01	0.000000000000000000e+00
-2.996268000000000029e+04	0.000000000000000000e+00	0.000000000000000000e+00	1.174962614825891954e-01	0.000000000000000000e+00
-2.996266999999999825e+04	0.000000000000000000e+00	0.000000000000000000e+00	1.104770043031098326e-01	0.000000000000000000e+00
-2.996265000000000146e+04	0.000000000000000000e+00	0.000000000000000000e+00	1.287881099887081549e-01	0.000000000000000000e+00
-2.996261000000000058e+04	0.000000000000000000e+00	0.000000000000000000e+00	1.159703360087893376e-01	0.000000000000000000e+00
-2.996258000000000175e+04	0.000000000000000000e+00	0.000000000000000000e+00	1.184118167668691129e-01	0.000000000000000000e+00
-2.996256000000000131e+04	0.000000000000000000e+00	0.000000000000000000e+00	1.193273720511490166e-01	0.000000000000000000e+00
-2.996254999999999927e+04	0.000000000000000000e+00	0.000000000000000000e+00	1.181066316721091358e-01	0.000000000000000000e+00
-2.996252999999999884e+04	0.000000000000000000e+00	0.000000000000000000e+00	1.162755211035493008e-01	0.000000000000000000e+00
-2.996249000000000160e+04	0.000000000000000000e+00	0.000000000000000000e+00	1.065095980712301993e-01	0.000000000000000000e+00
-2.996245999999999913e+04	0.000000000000000000e+00	0.000000000000000000e+00	1.129184850611896079e-01	0.000000000000000000e+00
-2.996243999999999869e+04	0.000000000000000000e+00	0.000000000000000000e+00	1.104770043031098326e-01	0.000000000000000000e+00
-2.996240999999999985e+04	0.000000000000000000e+00	0.000000000000000000e+00	1.110873744926297868e-01	0.000000000000000000e+00
-2.996238999999999942e+04	0.000000000000000000e+00	0.000000000000000000e+00	1.092562639240699518e-01	0.000000000000000000e+00
-2.996236000000000058e+04	0.000000000000000000e+00	0.000000000000000000e+00	1.089510788293099747e-01	0.000000000000000000e+00
-2.996234000000000015e+04	0.000000000000000000e+00	0.000000000000000000e+00	1.046784875026703643e-01	0.000000000000000000e+00
-2.996231999999999971e+04	0.000000000000000000e+00	0.000000000000000000e+00	1.025421918393505660e-01	0.000000000000000000e+00
-2.996229999999999927e+04	0.000000000000000000e+00	0.000000000000000000e+00	1.007110812707907310e-01	0.000000000000000000e+00
-2.996229000000000087e+04	0.000000000000000000e+00	0.000000000000000000e+00	1.147495956297494429e-01	0.000000000000000000e+00
-2.996227000000000044e+04	0.000000000000000000e+00	0.000000000000000000e+00	1.104770043031098326e-01	0.000000000000000000e+00
-2.996225000000000000e+04	0.000000000000000000e+00	0.000000000000000000e+00	1.034577471236304835e-01	0.000000000000000000e+00
-2.996222999999999956e+04	0.000000000000000000e+00	0.000000000000000000e+00	1.031525620288705064e-01	0.000000000000000000e+00
-2.996220999999999913e+04	0.000000000000000000e+00	0.000000000000000000e+00	1.095614490188299150e-01	0.000000000000000000e+00
-2.996220000000000073e+04	0.000000000000000000e+00	0.000000000000000000e+00	1.171910763878292183e-01	0.000000000000000000e+00
-2.996216999999999825e+04	0.000000000000000000e+00	0.000000000000000000e+00	1.165807061983092779e-01	0.000000000000000000e+00
-2.996213999999999942e+04	0.000000000000000000e+00	0.000000000000000000e+00	1.080355235450300572e-01	0.000000000000000000e+00
-2.996209999999999854e+04	0.000000000000000000e+00	0.000000000000000000e+00	1.229895931882686866e-01	0.000000000000000000e+00
-2.996206999999999971e+04	0.000000000000000000e+00	0.000000000000000000e+00	1.086458937345500114e-01	0.000000000000000000e+00
-2.996204999999999927e+04	0.000000000000000000e+00	0.000000000000000000e+00	1.071199682607501397e-01	0.000000000000000000e+00
-2.996202999999999884e+04	0.000000000000000000e+00	0.000000000000000000e+00	1.153599658192693833e-01	0.000000000000000000e+00
-2.996200000000000000e+04	0.000000000000000000e+00	0.000000000000000000e+00	1.107821893978698097e-01	0.000000000000000000e+00
-2.996197000000000116e+04	0.000000000000000000e+00	0.000000000000000000e+00	1.159703360087893376e-01	0.000000000000000000e+00
-2.996195000000000073e+04	0.000000000000000000e+00	0.000000000000000000e+00	1.052888576921903185e-01	0.000000000000000000e+00
-2.996191999999999825e+04	0.000000000000000000e+00	0.000000000000000000e+00	1.046784875026703643e-01	0.000000000000000000e+00
-2.996188999999999942e+04	0.000000000000000000e+00	0.000000000000000000e+00	9.887997070223090990e-02	0.000000000000000000e+00
-2.996186000000000058e+04	0.000000000000000000e+00	0.000000000000000000e+00	9.765923032319101527e-02	0.000000000000000000e+00
-2.996184000000000015e+04	0.000000000000000000e+00	0.000000000000000000e+00	9.491256447035126276e-02	0.000000000000000000e+00
-2.996181000000000131e+04	0.000000000000000000e+00	0.000000000000000000e+00	9.887997070223090990e-02	0.000000000000000000e+00
-2.996177999999999884e+04	0.000000000000000000e+00	0.000000000000000000e+00	9.430219428083132238e-02	0.000000000000000000e+00
-2.996175000000000000e+04	0.000000000000000000e+00	0.000000000000000000e+00	9.857478560747093277e-02	0.000000000000000000e+00
-2.996172999999999956e+04	0.000000000000000000e+00	0.000000000000000000e+00	1.043733024079104010e-01	0.000000000000000000e+00
-2.996170000000000073e+04	0.000000000000000000e+00	0.000000000000000000e+00	9.887997070223090990e-02	0.000000000000000000e+00
-2.996166999999999825e+04	0.000000000000000000e+00	0.000000000000000000e+00	9.186071352275154700e-02	0.000000000000000000e+00
-2.996165000000000146e+04	0.000000000000000000e+00	0.000000000000000000e+00	9.979552598651081352e-02	0.000000000000000000e+00
-2.996163000000000102e+04	0.000000000000000000e+00	0.000000000000000000e+00	9.460737937559129951e-02	0.000000000000000000e+00
-2.996161000000000058e+04	0.000000000000000000e+00	0.000000000000000000e+00	1.025421918393505660e-01	0.000000000000000000e+00
-2.996159000000000015e+04	0.000000000000000000e+00	0.000000000000000000e+00	1.031525620288705064e-01	0.000000000000000000e+00
-2.996156000000000131e+04	0.000000000000000000e+00	0.000000000000000000e+00	9.918515579699087314e-02	0.000000000000000000e+00
-2.996154999999999927e+04	0.000000000000000000e+00	0.000000000000000000e+00	1.040681173131504239e-01	0.000000000000000000e+00
-2.996152999999999884e+04	0.000000000000000000e+00	0.000000000000000000e+00	9.735404522843103814e-02	0.000000000000000000e+00
-2.996150999999999840e+04	0.000000000000000000e+00	0.000000000000000000e+00	8.941923276467177162e-02	0.000000000000000000e+00
-2.996147999999999956e+04	0.000000000000000000e+00	0.000000000000000000e+00	8.911404766991180837e-02	0.000000000000000000e+00
-2.996145999999999913e+04	0.000000000000000000e+00	0.000000000000000000e+00	8.758812219611193661e-02	0.000000000000000000e+00
-2.996143000000000029e+04	0.000000000000000000e+00	0.000000000000000000e+00	9.186071352275154700e-02	0.000000000000000000e+00
-2.996140000000000146e+04	0.000000000000000000e+00	0.000000000000000000e+00	9.674367503891109776e-02	0.000000000000000000e+00
-2.996136999999999898e+04	0.000000000000000000e+00	0.000000000000000000e+00	1.010162663655507082e-01	0.000000000000000000e+00
-2.996134999999999854e+04	0.000000000000000000e+00	0.000000000000000000e+00	9.918515579699087314e-02	0.000000000000000000e+00
-2.996131999999999971e+04	0.000000000000000000e+00	0.000000000000000000e+00	9.460737937559129951e-02	0.000000000000000000e+00
-2.996129000000000087e+04	0.000000000000000000e+00	0.000000000000000000e+00	9.460737937559129951e-02	0.000000000000000000e+00
-2.996125999999999840e+04	0.000000000000000000e+00	0.000000000000000000e+00	9.949034089175085027e-02	0.000000000000000000e+00
-2.996124000000000160e+04	0.000000000000000000e+00	0.000000000000000000e+00	8.850367748039185412e-02	0.000000000000000000e+00
-2.996122999999999956e+04	0.000000000000000000e+00	0.000000000000000000e+00	1.010162663655507082e-01	0.000000000000000000e+00
-2.996120000000000073e+04	0.000000000000000000e+00	0.000000000000000000e+00	8.697775200659199624e-02	0.000000000000000000e+00
-2.996116999999999825e+04	0.000000000000000000e+00	0.000000000000000000e+00	8.667256691183203299e-02	0.000000000000000000e+00
