# Profile: 006
# Date: 2026-08-03 13:59:15
# Center X: -24972.780 um
# Center Z: -29982.780 um
# Scan axis: x2
# Profile axis: z2
# Profile range: 50 um
# Profile speed: 25 um/s
# 
# main_position	sub1_position	sub2_position	signal1	signal2
0.000000000000000000e+00	0.000000000000000000e+00	0.000000000000000000e+00	0.000000000000000000e+00	0.000000000000000000e+00
0.000000000000000000e+00	0.000000000000000000e+00	0.000000000000000000e+00	0.000000000000000000e+00	0.000000000000000000e+00
0.000000000000000000e+00	0.000000000000000000e+00	0.000000000000000000e+00	0.000000000000000000e+00	0.000000000000000000e+00
0.000000000000000000e+00	0.000000000000000000e+00	0.000000000000000000e+00	0.000000000000000000e+00	0.000000000000000000e+00
0.000000000000000000e+00	0.000000000000000000e+00	0.000000000000000000e+00	0.000000000000000000e+00	0.000000000000000000e+00
0.000000000000000000e+00	0.000000000000000000e+00	0.000000000000000000e+00	0.000000000000000000e+00	0.000000000000000000e+00
0.000000000000000000e+00	0.000000000000000000e+00	0.000000000000000000e+00	0.000000000000000000e+00	0.000000000000000000e+00
0.000000000000000000e+00	0.000000000000000000e+00	0.000000000000000000e+00	0.000000000000000000e+00	0.000000000000000000e+00
0.000000000000000000e+00	0.000000000000000000e+00	0.000000000000000000e+00	0.000000000000000000e+00	0.000000000000000000e+00
0.000000000000000000e+00	0.000000000000000000e+00	0.000000000000000000e+00	0.000000000000000000e+00	0.000000000000000000e+00
0.000000000000000000e+00	0.000000000000000000e+00	0.000000000000000000e+00	0.000000000000000000e+00	0.000000000000000000e+00
0.000000000000000000e+00	0.000000000000000000e+00	0.000000000000000000e+00	0.000000000000000000e+00	0.000000000000000000e+00
0.000000000000000000e+00	0.000000000000000000e+00	0.000000000000000000e+00	0.000000000000000000e+00	0.000000000000000000e+00
0.000000000000000000e+00	0.000000000000000000e+00	0.000000000000000000e+00	0.000000000000000000e+00	0.000000000000000000e+00
0.000000000000000000e+00	0.000000000000000000e+00	0.000000000000000000e+00	0.000000000000000000e+00	0.000000000000000000e+00
0.000000000000000000e+00	0.000000000000000000e+00	0.000000000000000000e+00	0.000000000000000000e+00	0.000000000000000000e+00
0.000000000000000000e+00	0.000000000000000000e+00	0.000000000000000000e+00	0.000000000000000000e+00	0.000000000000000000e+00
0.000000000000000000e+00	0.000000000000000000e+00	0.000000000000000000e+00	0.000000000000000000e+00	0.000000000000000000e+00
0.000000000000000000e+00	0.000000000000000000e+00	0.000000000000000000e+00	0.000000000000000000e+00	0.000000000000000000e+00
0.000000000000000000e+00	0.000000000000000000e+00	0.000000000000000000e+00	0.000000000000000000e+00	0.000000000000000000e+00
0.000000000000000000e+00	0.000000000000000000e+00	0.000000000000000000e+00	0.000000000000000000e+00	0.000000000000000000e+00
0.000000000000000000e+00	0.000000000000000000e+00	0.000000000000000000e+00	0.000000000000000000e+00	0.000000000000000000e+00
0.000000000000000000e+00	0.000000000000000000e+00	0.000000000000000000e+00	0.000000000000000000e+00	0.000000000000000000e+00
0.000000000000000000e+00	0.000000000000000000e+00	0.000000000000000000e+00	0.000000000000000000e+00	0.000000000000000000e+00
0.000000000000000000e+00	0.000000000000000000e+00	0.000000000000000000e+00	0.000000000000000000e+00	0.000000000000000000e+00
0.000000000000000000e+00	0.000000000000000000e+00	0.000000000000000000e+00	0.000000000000000000e+00	0.000000000000000000e+00
0.000000000000000000e+00	0.000000000000000000e+00	0.000000000000000000e+00	0.000000000000000000e+00	0.000000000000000000e+00
0.000000000000000000e+00	0.000000000000000000e+00	0.000000000000000000e+00	0.000000000000000000e+00	0.000000000000000000e+00
0.000000000000000000e+00	0.000000000000000000e+00	0.000000000000000000e+00	0.000000000000000000e+00	0.000000000000000000e+00
0.000000000000000000e+00	0.000000000000000000e+00	0.000000000000000000e+00	0.000000000000000000e+00	0.000000000000000000e+00
0.000000000000000000e+00	0.000000000000000000e+00	0.000000000000000000e+00	0.000000000000000000e+00	0.000000000000000000e+00
0.000000000000000000e+00	0.000000000000000000e+00	0.000000000000000000e+00	0.000000000000000000e+00	0.000000000000000000e+00
0.000000000000000000e+00	0.000000000000000000e+00	0.000000000000000000e+00	0.000000000000000000e+00	0.000000000000000000e+00
0.000000000000000000e+00	0.000000000000000000e+00	0.000000000000000000e+00	0.000000000000000000e+00	0.000000000000000000e+00
0.000000000000000000e+00	0.000000000000000000e+00	0.000000000000000000e+00	0.000000000000000000e+00	0.000000000000000000e+00
0.000000000000000000e+00	0.000000000000000000e+00	0.000000000000000000e+00	0.000000000000000000e+00	0.000000000000000000e+00
0.000000000000000000e+00	0.000000000000000000e+00	0.000000000000000000e+00	0.000000000000000000e+00	0.000000000000000000e+00
0.000000000000000000e+00	0.000000000000000000e+00	0.000000000000000000e+00	0.000000000000000000e+00	0.000000000000000000e+00
0.000000000000000000e+00	0.000000000000000000e+00	0.000000000000000000e+00	0.000000000000000000e+00	0.000000000000000000e+00
0.000000000000000000e+00	0.000000000000000000e+00	0.000000000000000000e+00	0.000000000000000000e+00	0.000000000000000000e+00
0.000000000000000000e+00	0.000000000000000000e+00	0.000000000000000000e+00	0.000000000000000000e+00	0.000000000000000000e+00
0.000000000000000000e+00	0.000000000000000000e+00	0.000000000000000000e+00	0.000000000000000000e+00	0.000000000000000000e+00
0.000000000000000000e+00	0.000000000000000000e+00	0.000000000000000000e+00	0.000000000000000000e+00	0.000000000000000000e+00
0.000000000000000000e+00	0.000000000000000000e+00	0.000000000000000000e+00	0.000000000000000000e+00	0.000000000000000000e+00
0.000000000000000000e+00	0.000000000000000000e+00	0.000000000000000000e+00	0.000000000000000000e+00	0.000000000000000000e+00
0.000000000000000000e+00	0.000000000000000000e+00	0.000000000000000000e+00	0.000000000000000000e+00	0.000000000000000000e+00
0.000000000000000000e+00	0.000000000000000000e+00	0.000000000000000000e+00	0.000000000000000000e+00	0.000000000000000000e+00
0.000000000000000000e+00	0.000000000000000000e+00	0.000000000000000000e+00	0.000000000000000000e+00	0.000000000000000000e+00
0.000000000000000000e+00	0.000000000000000000e+00	0.000000000000000000e+00	0.000000000000000000e+00	0.000000000000000000e+00
0.000000000000000000e+00	0.000000000000000000e+00	0.000000000000000000e+00	0.000000000000000000e+00	0.000000000000000000e+00
0.000000000000000000e+00	0.000000000000000000e+00	0.000000000000000000e+00	0.000000000000000000e+00	0.000000000000000000e+00
0.000000000000000000e+00	0.000000000000000000e+00	0.000000000000000000e+00	0.000000000000000000e+00	0.000000000000000000e+00
0.000000000000000000e+00	0.000000000000000000e+00	0.000000000000000000e+00	0.000000000000000000e+00	0.000000000000000000e+00
0.000000000000000000e+00	0.000000000000000000e+00	0.000000000000000000e+00	0.000000000000000000e+00	0.000000000000000000e+00
0.000000000000000000e+00	0.000000000000000000e+00	0.000000000000000000e+00	0.000000000000000000e+00	0.000000000000000000e+00
0.000000000000000000e+00	0.000000000000000000e+00	0.000000000000000000e+00	0.000000000000000000e+00	0.000000000000000000e+00
0.000000000000000000e+00	0.000000000000000000e+00	0.000000000000000000e+00	0.000000000000000000e+00	0.000000000000000000e+00
0.000000000000000000e+00	0.000000000000000000e+00	0.000000000000000000e+00	0.000000000000000000e+00	0.000000000000000000e+00
0.000000000000000000e+00	0.000000000000000000e+00	0.000000000000000000e+00	0.000000000000000000e+00	0.000000000000000000e+00
0.000000000000000000e+00	0.000000000000000000e+00	0.000000000000000000e+00	0.000000000000000000e+00	0.000000000000000000e+00
0.000000000000000000e+00	0.000000000000000000e+00	0.000000000000000000e+00	0.000000000000000000e+00	0.000000000000000000e+00
0.000000000000000000e+00	0.000000000000000000e+00	0.000000000000000000e+00	0.000000000000000000e+00	0.000000000000000000e+00
0.000000000000000000e+00	0.000000000000000000e+00	0.000000000000000000e+00	0.000000000000000000e+00	0.000000000000000000e+00
0.000000000000000000e+00	0.000000000000000000e+00	0.000000000000000000e+00	0.000000000000000000e+00	0.000000000000000000e+00
0.000000000000000000e+00	0.000000000000000000e+00	0.000000000000000000e+00	0.000000000000000000e+00	0.000000000000000000e+00
0.000000000000000000e+00	0.000000000000000000e+00	0.000000000000000000e+00	0.000000000000000000e+00	0.000000000000000000e+00
0.000000000000000000e+00	0.000000000000000000e+00	0.000000000000000000e+00	0.000000000000000000e+00	0.000000000000000000e+00
0.000000000000000000e+00	0.000000000000000000e+00	0.000000000000000000e+00	0.000000000000000000e+00	0.000000000000000000e+00
0.000000000000000000e+00	0.000000000000000000e+00	0.000000000000000000e+00	0.000000000000000000e+00	0.000000000000000000e+00
0.000000000000000000e+00	0.000000000000000000e+00	0.000000000000000000e+00	0.000000000000000000e+00	0.000000000000000000e+00
0.000000000000000000e+00	0.000000000000000000e+00	0.000000000000000000e+00	0.000000000000000000e+00	0.000000000000000000e+00
0.000000000000000000e+00	0.000000000000000000e+00	0.000000000000000000e+00	0.000000000000000000e+00	0.000000000000000000e+00
0.000000000000000000e+00	0.000000000000000000e+00	0.000000000000000000e+00	0.000000000000000000e+00	0.000000000000000000e+00
0.000000000000000000e+00	0.000000000000000000e+00	0.000000000000000000e+00	0.000000000000000000e+00	0.000000000000000000e+00
0.000000000000000000e+00	0.000000000000000000e+00	0.000000000000000000e+00	0.000000000000000000e+00	0.000000000000000000e+00
0.000000000000000000e+00	0.000000000000000000e+00	0.000000000000000000e+00	0.000000000000000000e+00	0.000000000000000000e+00
0.000000000000000000e+00	0.000000000000000000e+00	0.000000000000000000e+00	0.000000000000000000e+00	0.000000000000000000e+00
0.000000000000000000e+00	0.000000000000000000e+00	0.000000000000000000e+00	0.000000000000000000e+00	0.000000000000000000e+00
0.000000000000000000e+00	0.000000000000000000e+00	0.000000000000000000e+00	0.000000000000000000e+00	0.000000000000000000e+00
0.000000000000000000e+00	0.000000000000000000e+00	0.000000000000000000e+00	0.000000000000000000e+00	0.000000000000000000e+00
0.000000000000000000e+00	0.000000000000000000e+00	0.000000000000000000e+00	0.000000000000000000e+00	0.000000000000000000e+00
0.000000000000000000e+00	0.000000000000000000e+00	0.000000000000000000e+00	0.000000000000000000e+00	0.000000000000000000e+00
0.000000000000000000e+00	0.000000000000000000e+00	0.000000000000000000e+00	0.000000000000000000e+00	0.000000000000000000e+00
0.000000000000000000e+00	0.000000000000000000e+00	0.000000000000000000e+00	0.000000000000000000e+00	0.000000000000000000e+00
0.000000000000000000e+00	0.000000000000000000e+00	0.000000000000000000e+00	0.000000000000000000e+00	0.000000000000000000e+00
0.000000000000000000e+00	0.000000000000000000e+00	0.000000000000000000e+00	0.000000000000000000e+00	0.000000000000000000e+00
0.000000000000000000e+00	0.000000000000000000e+00	0.000000000000000000e+00	0.000000000000000000e+00	0.000000000000000000e+00
0.000000000000000000e+00	0.000000000000000000e+00	0.000000000000000000e+00	0.000000000000000000e+00	0.000000000000000000e+00
0.000000000000000000e+00	0.000000000000000000e+00	0.000000000000000000e+00	0.000000000000000000e+00	0.000000000000000000e+00
0.000000000000000000e+00	0.000000000000000000e+00	0.000000000000000000e+00	0.000000000000000000e+00	0.000000000000000000e+00
0.000000000000000000e+00	0.000000000000000000e+00	0.000000000000000000e+00	0.000000000000000000e+00	0.000000000000000000e+00
0.000000000000000000e+00	0.000000000000000000e+00	0.000000000000000000e+00	0.000000000000000000e+00	0.000000000000000000e+00
0.000000000000000000e+00	0.000000000000000000e+00	0.000000000000000000e+00	0.000000000000000000e+00	0.000000000000000000e+00
0.000000000000000000e+00	0.000000000000000000e+00	0.000000000000000000e+00	0.000000000000000000e+00	0.000000000000000000e+00
0.000000000000000000e+00	0.000000000000000000e+00	0.000000000000000000e+00	0.000000000000000000e+00	0.000000000000000000e+00
0.000000000000000000e+00	0.000000000000000000e+00	0.000000000000000000e+00	0.000000000000000000e+00	0.000000000000000000e+00
0.000000000000000000e+00	0.000000000000000000e+00	0.000000000000000000e+00	0.000000000000000000e+00	0.000000000000000000e+00
0.000000000000000000e+00	0.000000000000000000e+00	0.000000000000000000e+00	0.000000000000000000e+00	0.000000000000000000e+00
0.000000000000000000e+00	0.000000000000000000e+00	0.000000000000000000e+00	0.000000000000000000e+00	0.000000000000000000e+00
0.000000000000000000e+00	0.000000000000000000e+00	0.000000000000000000e+00	0.000000000000000000e+00	0.000000000000000000e+00
0.000000000000000000e+00	0.000000000000000000e+00	0.000000000000000000e+00	0.000000000000000000e+00	0.000000000000000000e+00
0.000000000000000000e+00	0.000000000000000000e+00	0.000000000000000000e+00	0.000000000000000000e+00	0.000000000000000000e+00
0.000000000000000000e+00	0.000000000000000000e+00	0.000000000000000000e+00	0.000000000000000000e+00	0.000000000000000000e+00
0.000000000000000000e+00	0.000000000000000000e+00	0.000000000000000000e+00	0.000000000000000000e+00	0.000000000000000000e+00
0.000000000000000000e+00	0.000000000000000000e+00	0.000000000000000000e+00	0.000000000000000000e+00	0.000000000000000000e+00
0.000000000000000000e+00	0.000000000000000000e+00	0.000000000000000000e+00	0.000000000000000000e+00	0.000000000000000000e+00
0.000000000000000000e+00	0.000000000000000000e+00	0.000000000000000000e+00	0.000000000000000000e+00	0.000000000000000000e+00
0.000000000000000000e+00	0.000000000000000000e+00	0.000000000000000000e+00	0.000000000000000000e+00	0.000000000000000000e+00
0.000000000000000000e+00	0.000000000000000000e+00	0.000000000000000000e+00	0.000000000000000000e+00	0.000000000000000000e+00
0.000000000000000000e+00	0.000000000000000000e+00	0.000000000000000000e+00	0.000000000000000000e+00	0.000000000000000000e+00
0.000000000000000000e+00	0.000000000000000000e+00	0.000000000000000000e+00	0.000000000000000000e+00	0.000000000000000000e+00
0.000000000000000000e+00	0.000000000000000000e+00	0.000000000000000000e+00	0.000000000000000000e+00	0.000000000000000000e+00
0.000000000000000000e+00	0.000000000000000000e+00	0.000000000000000000e+00	0.000000000000000000e+00	0.000000000000000000e+00
0.000000000000000000e+00	0.000000000000000000e+00	0.000000000000000000e+00	0.000000000000000000e+00	0.000000000000000000e+00
0.000000000000000000e+00	0.000000000000000000e+00	0.000000000000000000e+00	0.000000000000000000e+00	0.000000000000000000e+00
0.000000000000000000e+00	0.000000000000000000e+00	0.000000000000000000e+00	0.000000000000000000e+00	0.000000000000000000e+00
0.000000000000000000e+00	0.000000000000000000e+00	0.000000000000000000e+00	0.000000000000000000e+00	0.000000000000000000e+00
0.000000000000000000e+00	0.000000000000000000e+00	0.000000000000000000e+00	0.000000000000000000e+00	0.000000000000000000e+00
0.000000000000000000e+00	0.000000000000000000e+00	0.000000000000000000e+00	0.000000000000000000e+00	0.000000000000000000e+00
0.000000000000000000e+00	0.000000000000000000e+00	0.000000000000000000e+00	0.000000000000000000e+00	0.000000000000000000e+00
0.000000000000000000e+00	0.000000000000000000e+00	0.000000000000000000e+00	0.000000000000000000e+00	0.000000000000000000e+00
0.000000000000000000e+00	0.000000000000000000e+00	0.000000000000000000e+00	0.000000000000000000e+00	0.000000000000000000e+00
0.000000000000000000e+00	0.000000000000000000e+00	0.000000000000000000e+00	0.000000000000000000e+00	0.000000000000000000e+00
0.000000000000000000e+00	0.000000000000000000e+00	0.000000000000000000e+00	0.000000000000000000e+00	0.000000000000000000e+00
0.000000000000000000e+00	0.000000000000000000e+00	0.000000000000000000e+00	0.000000000000000000e+00	0.000000000000000000e+00
0.000000000000000000e+00	0.000000000000000000e+00	0.000000000000000000e+00	0.000000000000000000e+00	0.000000000000000000e+00
0.000000000000000000e+00	0.000000000000000000e+00	0.000000000000000000e+00	0.000000000000000000e+00	0.000000000000000000e+00
0.000000000000000000e+00	0.000000000000000000e+00	0.000000000000000000e+00	0.000000000000000000e+00	0.000000000000000000e+00
0.000000000000000000e+00	0.000000000000000000e+00	0.000000000000000000e+00	0.000000000000000000e+00	0.000000000000000000e+00
0.000000000000000000e+00	0.000000000000000000e+00	0.000000000000000000e+00	0.000000000000000000e+00	0.000000000000000000e+00
0.000000000000000000e+00	0.000000000000000000e+00	0.000000000000000000e+00	0.000000000000000000e+00	0.000000000000000000e+00
0.000000000000000000e+00	0.000000000000000000e+00	0.000000000000000000e+00	0.000000000000000000e+00	0.000000000000000000e+00
0.000000000000000000e+00	0.000000000000000000e+00	0.000000000000000000e+00	0.000000000000000000e+00	0.000000000000000000e+00
0.000000000000000000e+00	0.000000000000000000e+00	0.000000000000000000e+00	0.000000000000000000e+00	0.000000000000000000e+00
0.000000000000000000e+00	0.000000000000000000e+00	0.000000000000000000e+00	0.000000000000000000e+00	0.000000000000000000e+00
0.000000000000000000e+00	0.000000000000000000e+00	0.000000000000000000e+00	0.000000000000000000e+00	0.000000000000000000e+00
0.000000000000000000e+00	0.000000000000000000e+00	0.000000000000000000e+00	0.000000000000000000e+00	0.000000000000000000e+00
0.000000000000000000e+00	0.000000000000000000e+00	0.000000000000000000e+00	0.000000000000000000e+00	0.000000000000000000e+00
0.000000000000000000e+00	0.000000000000000000e+00	0.000000000000000000e+00	0.000000000000000000e+00	0.000000000000000000e+00
0.000000000000000000e+00	0.000000000000000000e+00	0.000000000000000000e+00	0.000000000000000000e+00	0.000000000000000000e+00
0.000000000000000000e+00	0.000000000000000000e+00	0.000000000000000000e+00	0.000000000000000000e+00	0.000000000000000000e+00
0.000000000000000000e+00	0.000000000000000000e+00	0.000000000000000000e+00	0.000000000000000000e+00	0.000000000000000000e+00
0.000000000000000000e+00	0.000000000000000000e+00	0.000000000000000000e+00	0.000000000000000000e+00	0.000000000000000000e+00
0.000000000000000000e+00	0.000000000000000000e+00	0.000000000000000000e+00	0.000000000000000000e+00	0.000000000000000000e+00
0.000000000000000000e+00	0.000000000000000000e+00	0.000000000000000000e+00	0.000000000000000000e+00	0.000000000000000000e+00
0.000000000000000000e+00	0.000000000000000000e+00	0.000000000000000000e+00	0.000000000000000000e+00	0.000000000000000000e+00
0.000000000000000000e+00	0.000000000000000000e+00	0.000000000000000000e+00	0.000000000000000000e+00	0.000000000000000000e+00
0.000000000000000000e+00	0.000000000000000000e+00	0.000000000000000000e+00	0.000000000000000000e+00	0.000000000000000000e+00
0.000000000000000000e+00	0.000000000000000000e+00	0.000000000000000000e+00	0.000000000000000000e+00	0.000000000000000000e+00
0.000000000000000000e+00	0.000000000000000000e+00	0.000000000000000000e+00	0.000000000000000000e+00	0.000000000000000000e+00
0.000000000000000000e+00	0.000000000000000000e+00	0.000000000000000000e+00	0.000000000000000000e+00	0.000000000000000000e+00
0.000000000000000000e+00	0.000000000000000000e+00	0.000000000000000000e+00	0.000000000000000000e+00	0.000000000000000000e+00
0.000000000000000000e+00	0.000000000000000000e+00	0.000000000000000000e+00	0.000000000000000000e+00	0.000000000000000000e+00
0.000000000000000000e+00	0.000000000000000000e+00	0.000000000000000000e+00	0.000000000000000000e+00	0.000000000000000000e+00
0.000000000000000000e+00	0.000000000000000000e+00	0.000000000000000000e+00	0.000000000000000000e+00	0.000000000000000000e+00
0.000000000000000000e+00	0.000000000000000000e+00	0.000000000000000000e+00	0.000000000000000000e+00	0.000000000000000000e+00
0.000000000000000000e+00	0.000000000000000000e+00	0.000000000000000000e+00	0.000000000000000000e+00	0.000000000000000000e+00
0.000000000000000000e+00	0.000000000000000000e+00	0.000000000000000000e+00	0.000000000000000000e+00	0.000000000000000000e+00
0.000000000000000000e+00	0.000000000000000000e+00	0.000000000000000000e+00	0.000000000000000000e+00	0.000000000000000000e+00
0.000000000000000000e+00	0.000000000000000000e+00	0.000000000000000000e+00	0.000000000000000000e+00	0.000000000000000000e+00
0.000000000000000000e+00	0.000000000000000000e+00	0.000000000000000000e+00	0.000000000000000000e+00	0.000000000000000000e+00
0.000000000000000000e+00	0.000000000000000000e+00	0.000000000000000000e+00	0.000000000000000000e+00	0.000000000000000000e+00
0.000000000000000000e+00	0.000000000000000000e+00	0.000000000000000000e+00	0.000000000000000000e+00	0.000000000000000000e+00
0.000000000000000000e+00	0.000000000000000000e+00	0.000000000000000000e+00	0.000000000000000000e+00	0.000000000000000000e+00
0.000000000000000000e+00	0.000000000000000000e+00	0.000000000000000000e+00	0.000000000000000000e+00	0.000000000000000000e+00
0.000000000000000000e+00	0.000000000000000000e+00	0.000000000000000000e+00	0.000000000000000000e+00	0.000000000000000000e+00
0.000000000000000000e+00	0.000000000000000000e+00	0.000000000000000000e+00	0.000000000000000000e+00	0.000000000000000000e+00
0.000000000000000000e+00	0.000000000000000000e+00	0.000000000000000000e+00	0.000000000000000000e+00	0.000000000000000000e+00
0.000000000000000000e+00	0.000000000000000000e+00	0.000000000000000000e+00	0.000000000000000000e+00	0.000000000000000000e+00
0.000000000000000000e+00	0.000000000000000000e+00	0.000000000000000000e+00	0.000000000000000000e+00	0.000000000000000000e+00
0.000000000000000000e+00	0.000000000000000000e+00	0.000000000000000000e+00	0.000000000000000000e+00	0.000000000000000000e+00
0.000000000000000000e+00	0.000000000000000000e+00	0.000000000000000000e+00	0.000000000000000000e+00	0.000000000000000000e+00
0.000000000000000000e+00	0.000000000000000000e+00	0.000000000000000000e+00	0.000000000000000000e+00	0.000000000000000000e+00
0.000000000000000000e+00	0.000000000000000000e+00	0.000000000000000000e+00	0.000000000000000000e+00	0.000000000000000000e+00
0.000000000000000000e+00	0.000000000000000000e+00	0.000000000000000000e+00	0.000000000000000000e+00	0.000000000000000000e+00
0.000000000000000000e+00	0.000000000000000000e+00	0.000000000000000000e+00	0.000000000000000000e+00	0.000000000000000000e+00
0.000000000000000000e+00	0.000000000000000000e+00	0.000000000000000000e+00	0.000000000000000000e+00	0.000000000000000000e+00
0.000000000000000000e+00	0.000000000000000000e+00	0.000000000000000000e+00	0.000000000000000000e+00	0.000000000000000000e+00
0.000000000000000000e+00	0.000000000000000000e+00	0.000000000000000000e+00	0.000000000000000000e+00	0.000000000000000000e+00
0.000000000000000000e+00	0.000000000000000000e+00	0.000000000000000000e+00	0.000000000000000000e+00	0.000000000000000000e+00
0.000000000000000000e+00	0.000000000000000000e+00	0.000000000000000000e+00	0.000000000000000000e+00	0.000000000000000000e+00
0.000000000000000000e+00	0.000000000000000000e+00	0.000000000000000000e+00	0.000000000000000000e+00	0.000000000000000000e+00
0.000000000000000000e+00	0.000000000000000000e+00	0.000000000000000000e+00	0.000000000000000000e+00	0.000000000000000000e+00
0.000000000000000000e+00	0.000000000000000000e+00	0.000000000000000000e+00	0.000000000000000000e+00	0.000000000000000000e+00
0.000000000000000000e+00	0.000000000000000000e+00	0.000000000000000000e+00	0.000000000000000000e+00	0.000000000000000000e+00
0.000000000000000000e+00	0.000000000000000000e+00	0.000000000000000000e+00	0.000000000000000000e+00	0.000000000000000000e+00
0.000000000000000000e+00	0.000000000000000000e+00	0.000000000000000000e+00	0.000000000000000000e+00	0.000000000000000000e+00
0.000000000000000000e+00	0.000000000000000000e+00	0.000000000000000000e+00	0.000000000000000000e+00	0.000000000000000000e+00
0.000000000000000000e+00	0.000000000000000000e+00	0.000000000000000000e+00	0.000000000000000000e+00	0.000000000000000000e+00
0.000000000000000000e+00	0.000000000000000000e+00	0.000000000000000000e+00	0.000000000000000000e+00	0.000000000000000000e+00
0.000000000000000000e+00	0.000000000000000000e+00	0.000000000000000000e+00	0.000000000000000000e+00	0.000000000000000000e+00
0.000000000000000000e+00	0.000000000000000000e+00	0.000000000000000000e+00	0.000000000000000000e+00	0.000000000000000000e+00
0.000000000000000000e+00	0.000000000000000000e+00	0.000000000000000000e+00	0.000000000000000000e+00	0.000000000000000000e+00
0.000000000000000000e+00	0.000000000000000000e+00	0.000000000000000000e+00	0.000000000000000000e+00	0.000000000000000000e+00
0.000000000000000000e+00	0.000000000000000000e+00	0.000000000000000000e+00	0.000000000000000000e+00	0.000000000000000000e+00
0.000000000000000000e+00	0.000000000000000000e+00	0.000000000000000000e+00	0.000000000000000000e+00	0.000000000000000000e+00
0.000000000000000000e+00	0.000000000000000000e+00	0.000000000000000000e+00	0.000000000000000000e+00	0.000000000000000000e+00
0.000000000000000000e+00	0.000000000000000000e+00	0.000000000000000000e+00	0.000000000000000000e+00	0.000000000000000000e+00
0.000000000000000000e+00	0.000000000000000000e+00	0.000000000000000000e+00	0.000000000000000000e+00	0.000000000000000000e+00
0.000000000000000000e+00	0.000000000000000000e+00	0.000000000000000000e+00	0.000000000000000000e+00	0.000000000000000000e+00
0.000000000000000000e+00	0.000000000000000000e+00	0.000000000000000000e+00	0.000000000000000000e+00	0.000000000000000000e+00
0.000000000000000000e+00	0.000000000000000000e+00	0.000000000000000000e+00	0.000000000000000000e+00	0.000000000000000000e+00
0.000000000000000000e+00	0.000000000000000000e+00	0.000000000000000000e+00	0.000000000000000000e+00	0.000000000000000000e+00
0.000000000000000000e+00	0.000000000000000000e+00	0.000000000000000000e+00	0.000000000000000000e+00	0.000000000000000000e+00
0.000000000000000000e+00	0.000000000000000000e+00	0.000000000000000000e+00	0.000000000000000000e+00	0.000000000000000000e+00
0.000000000000000000e+00	0.000000000000000000e+00	0.000000000000000000e+00	0.000000000000000000e+00	0.000000000000000000e+00
0.000000000000000000e+00	0.000000000000000000e+00	0.000000000000000000e+00	0.000000000000000000e+00	0.000000000000000000e+00
0.000000000000000000e+00	0.000000000000000000e+00	0.000000000000000000e+00	0.000000000000000000e+00	0.000000000000000000e+00
0.000000000000000000e+00	0.000000000000000000e+00	0.000000000000000000e+00	0.000000000000000000e+00	0.000000000000000000e+00
0.000000000000000000e+00	0.000000000000000000e+00	0.000000000000000000e+00	0.000000000000000000e+00	0.000000000000000000e+00
0.000000000000000000e+00	0.000000000000000000e+00	0.000000000000000000e+00	0.000000000000000000e+00	0.000000000000000000e+00
0.000000000000000000e+00	0.000000000000000000e+00	0.000000000000000000e+00	0.000000000000000000e+00	0.000000000000000000e+00
0.000000000000000000e+00	0.000000000000000000e+00	0.000000000000000000e+00	0.000000000000000000e+00	0.000000000000000000e+00
0.000000000000000000e+00	0.000000000000000000e+00	0.000000000000000000e+00	0.000000000000000000e+00	0.000000000000000000e+00
0.000000000000000000e+00	0.000000000000000000e+00	0.000000000000000000e+00	0.000000000000000000e+00	0.000000000000000000e+00
0.000000000000000000e+00	0.000000000000000000e+00	0.000000000000000000e+00	0.000000000000000000e+00	0.000000000000000000e+00
0.000000000000000000e+00	0.000000000000000000e+00	0.000000000000000000e+00	0.000000000000000000e+00	0.000000000000000000e+00
0.000000000000000000e+00	0.000000000000000000e+00	0.000000000000000000e+00	0.000000000000000000e+00	0.000000000000000000e+00
0.000000000000000000e+00	0.000000000000000000e+00	0.000000000000000000e+00	0.000000000000000000e+00	0.000000000000000000e+00
0.000000000000000000e+00	0.000000000000000000e+00	0.000000000000000000e+00	0.000000000000000000e+00	0.000000000000000000e+00
0.000000000000000000e+00	0.000000000000000000e+00	0.000000000000000000e+00	0.000000000000000000e+00	0.000000000000000000e+00
0.000000000000000000e+00	0.000000000000000000e+00	0.000000000000000000e+00	0.000000000000000000e+00	0.000000000000000000e+00
0.000000000000000000e+00	0.000000000000000000e+00	0.000000000000000000e+00	0.000000000000000000e+00	0.000000000000000000e+00
0.000000000000000000e+00	0.000000000000000000e+00	0.000000000000000000e+00	0.000000000000000000e+00	0.000000000000000000e+00
0.000000000000000000e+00	0.000000000000000000e+00	0.000000000000000000e+00	0.000000000000000000e+00	0.000000000000000000e+00
0.000000000000000000e+00	0.000000000000000000e+00	0.000000000000000000e+00	0.000000000000000000e+00	0.000000000000000000e+00
0.000000000000000000e+00	0.000000000000000000e+00	0.000000000000000000e+00	0.000000000000000000e+00	0.000000000000000000e+00
0.000000000000000000e+00	0.000000000000000000e+00	0.000000000000000000e+00	0.000000000000000000e+00	0.000000000000000000e+00
0.000000000000000000e+00	0.000000000000000000e+00	0.000000000000000000e+00	0.000000000000000000e+00	0.000000000000000000e+00
0.000000000000000000e+00	0.000000000000000000e+00	0.000000000000000000e+00	0.000000000000000000e+00	0.000000000000000000e+00
0.000000000000000000e+00	0.000000000000000000e+00	0.000000000000000000e+00	0.000000000000000000e+00	0.000000000000000000e+00
0.000000000000000000e+00	0.000000000000000000e+00	0.000000000000000000e+00	0.000000000000000000e+00	0.000000000000000000e+00
0.000000000000000000e+00	0.000000000000000000e+00	0.000000000000000000e+00	0.000000000000000000e+00	0.000000000000000000e+00
0.000000000000000000e+00	0.000000000000000000e+00	0.000000000000000000e+00	0.000000000000000000e+00	0.000000000000000000e+00
0.000000000000000000e+00	0.000000000000000000e+00	0.000000000000000000e+00	0.000000000000000000e+00	0.000000000000000000e+00
0.000000000000000000e+00	0.000000000000000000e+00	0.000000000000000000e+00	0.000000000000000000e+00	0.000000000000000000e+00
0.000000000000000000e+00	0.000000000000000000e+00	0.000000000000000000e+00	0.000000000000000000e+00	0.000000000000000000e+00
0.000000000000000000e+00	0.000000000000000000e+00	0.000000000000000000e+00	0.000000000000000000e+00	0.000000000000000000e+00
0.000000000000000000e+00	0.000000000000000000e+00	0.000000000000000000e+00	0.000000000000000000e+00	0.000000000000000000e+00
0.000000000000000000e+00	0.000000000000000000e+00	0.000000000000000000e+00	0.000000000000000000e+00	0.000000000000000000e+00
0.000000000000000000e+00	0.000000000000000000e+00	0.000000000000000000e+00	0.000000000000000000e+00	0.000000000000000000e+00
0.000000000000000000e+00	0.000000000000000000e+00	0.000000000000000000e+00	0.000000000000000000e+00	0.000000000000000000e+00
0.000000000000000000e+00	0.000000000000000000e+00	0.000000000000000000e+00	0.000000000000000000e+00	0.000000000000000000e+00
0.000000000000000000e+00	0.000000000000000000e+00	0.000000000000000000e+00	0.000000000000000000e+00	0.000000000000000000e+00
0.000000000000000000e+00	0.000000000000000000e+00	0.000000000000000000e+00	0.000000000000000000e+00	0.000000000000000000e+00
0.000000000000000000e+00	0.000000000000000000e+00	0.000000000000000000e+00	0.000000000000000000e+00	0.000000000000000000e+00
0.000000000000000000e+00	0.000000000000000000e+00	0.000000000000000000e+00	0.000000000000000000e+00	0.000000000000000000e+00
0.000000000000000000e+00	0.000000000000000000e+00	0.000000000000000000e+00	0.000000000000000000e+00	0.000000000000000000e+00
0.000000000000000000e+00	0.000000000000000000e+00	0.000000000000000000e+00	0.000000000000000000e+00	0.000000000000000000e+00
0.000000000000000000e+00	0.000000000000000000e+00	0.000000000000000000e+00	0.000000000000000000e+00	0.000000000000000000e+00
0.000000000000000000e+00	0.000000000000000000e+00	0.000000000000000000e+00	0.000000000000000000e+00	0.000000000000000000e+00
0.000000000000000000e+00	0.000000000000000000e+00	0.000000000000000000e+00	0.000000000000000000e+00	0.000000000000000000e+00
0.000000000000000000e+00	0.000000000000000000e+00	0.000000000000000000e+00	0.000000000000000000e+00	0.000000000000000000e+00
0.000000000000000000e+00	0.000000000000000000e+00	0.000000000000000000e+00	0.000000000000000000e+00	0.000000000000000000e+00
0.000000000000000000e+00	0.000000000000000000e+00	0.000000000000000000e+00	0.000000000000000000e+00	0.000000000000000000e+00
0.000000000000000000e+00	0.000000000000000000e+00	0.000000000000000000e+00	0.000000000000000000e+00	0.000000000000000000e+00
0.000000000000000000e+00	0.000000000000000000e+00	0.000000000000000000e+00	0.000000000000000000e+00	0.000000000000000000e+00
0.000000000000000000e+00	0.000000000000000000e+00	0.000000000000000000e+00	0.000000000000000000e+00	0.000000000000000000e+00
0.000000000000000000e+00	0.000000000000000000e+00	0.000000000000000000e+00	0.000000000000000000e+00	0.000000000000000000e+00
0.000000000000000000e+00	0.000000000000000000e+00	0.000000000000000000e+00	0.000000000000000000e+00	0.000000000000000000e+00
0.000000000000000000e+00	0.000000000000000000e+00	0.000000000000000000e+00	0.000000000000000000e+00	0.000000000000000000e+00
0.000000000000000000e+00	0.000000000000000000e+00	0.000000000000000000e+00	0.000000000000000000e+00	0.000000000000000000e+00
0.000000000000000000e+00	0.000000000000000000e+00	0.000000000000000000e+00	0.000000000000000000e+00	0.000000000000000000e+00
0.000000000000000000e+00	0.000000000000000000e+00	0.000000000000000000e+00	0.000000000000000000e+00	0.000000000000000000e+00
0.000000000000000000e+00	0.000000000000000000e+00	0.000000000000000000e+00	0.000000000000000000e+00	0.000000000000000000e+00
0.000000000000000000e+00	0.000000000000000000e+00	0.000000000000000000e+00	0.000000000000000000e+00	0.000000000000000000e+00
0.000000000000000000e+00	0.000000000000000000e+00	0.000000000000000000e+00	0.000000000000000000e+00	0.000000000000000000e+00
0.000000000000000000e+00	0.000000000000000000e+00	0.000000000000000000e+00	0.000000000000000000e+00	0.000000000000000000e+00
0.000000000000000000e+00	0.000000000000000000e+00	0.000000000000000000e+00	0.000000000000000000e+00	0.000000000000000000e+00
0.000000000000000000e+00	0.000000000000000000e+00	0.000000000000000000e+00	0.000000000000000000e+00	0.000000000000000000e+00
0.000000000000000000e+00	0.000000000000000000e+00	0.000000000000000000e+00	0.000000000000000000e+00	0.000000000000000000e+00
0.000000000000000000e+00	0.000000000000000000e+00	0.000000000000000000e+00	0.000000000000000000e+00	0.000000000000000000e+00
0.000000000000000000e+00	0.000000000000000000e+00	0.000000000000000000e+00	0.000000000000000000e+00	0.000000000000000000e+00
0.000000000000000000e+00	0.000000000000000000e+00	0.000000000000000000e+00	0.000000000000000000e+00	0.000000000000000000e+00
0.000000000000000000e+00	0.000000000000000000e+00	0.000000000000000000e+00	0.000000000000000000e+00	0.000000000000000000e+00
0.000000000000000000e+00	0.000000000000000000e+00	0.000000000000000000e+00	0.000000000000000000e+00	0.000000000000000000e+00
0.000000000000000000e+00	0.000000000000000000e+00	0.000000000000000000e+00	0.000000000000000000e+00	0.000000000000000000e+00
0.000000000000000000e+00	0.000000000000000000e+00	0.000000000000000000e+00	0.000000000000000000e+00	0.000000000000000000e+00
0.000000000000000000e+00	0.000000000000000000e+00	0.000000000000000000e+00	0.000000000000000000e+00	0.000000000000000000e+00
0.000000000000000000e+00	0.000000000000000000e+00	0.000000000000000000e+00	0.000000000000000000e+00	0.000000000000000000e+00
0.000000000000000000e+00	0.000000000000000000e+00	0.000000000000000000e+00	0.000000000000000000e+00	0.000000000000000000e+00
0.000000000000000000e+00	0.000000000000000000e+00	0.000000000000000000e+00	0.000000000000000000e+00	0.000000000000000000e+00
0.000000000000000000e+00	0.000000000000000000e+00	0.000000000000000000e+00	0.000000000000000000e+00	0.000000000000000000e+00
0.000000000000000000e+00	0.000000000000000000e+00	0.000000000000000000e+00	0.000000000000000000e+00	0.000000000000000000e+00
0.000000000000000000e+00	0.000000000000000000e+00	0.000000000000000000e+00	0.000000000000000000e+00	0.000000000000000000e+00
0.000000000000000000e+00	0.000000000000000000e+00	0.000000000000000000e+00	0.000000000000000000e+00	0.000000000000000000e+00
0.000000000000000000e+00	0.000000000000000000e+00	0.000000000000000000e+00	0.000000000000000000e+00	0.000000000000000000e+00
0.000000000000000000e+00	0.000000000000000000e+00	0.000000000000000000e+00	0.000000000000000000e+00	0.000000000000000000e+00
0.000000000000000000e+00	0.000000000000000000e+00	0.000000000000000000e+00	0.000000000000000000e+00	0.000000000000000000e+00
0.000000000000000000e+00	0.000000000000000000e+00	0.000000000000000000e+00	0.000000000000000000e+00	0.000000000000000000e+00
0.000000000000000000e+00	0.000000000000000000e+00	0.000000000000000000e+00	0.000000000000000000e+00	0.000000000000000000e+00
0.000000000000000000e+00	0.000000000000000000e+00	0.000000000000000000e+00	0.000000000000000000e+00	0.000000000000000000e+00
0.000000000000000000e+00	0.000000000000000000e+00	0.000000000000000000e+00	0.000000000000000000e+00	0.000000000000000000e+00
0.000000000000000000e+00	0.000000000000000000e+00	0.000000000000000000e+00	0.000000000000000000e+00	0.000000000000000000e+00
0.000000000000000000e+00	0.000000000000000000e+00	0.000000000000000000e+00	0.000000000000000000e+00	0.000000000000000000e+00
0.000000000000000000e+00	0.000000000000000000e+00	0.000000000000000000e+00	0.000000000000000000e+00	0.000000000000000000e+00
0.000000000000000000e+00	0.000000000000000000e+00	0.000000000000000000e+00	0.000000000000000000e+00	0.000000000000000000e+00
0.000000000000000000e+00	0.000000000000000000e+00	0.000000000000000000e+00	0.000000000000000000e+00	0.000000000000000000e+00
0.000000000000000000e+00	0.000000000000000000e+00	0.000000000000000000e+00	0.000000000000000000e+00	0.000000000000000000e+00
0.000000000000000000e+00	0.000000000000000000e+00	0.000000000000000000e+00	0.000000000000000000e+00	0.000000000000000000e+00
0.000000000000000000e+00	0.000000000000000000e+00	0.000000000000000000e+00	0.000000000000000000e+00	0.000000000000000000e+00
0.000000000000000000e+00	0.000000000000000000e+00	0.000000000000000000e+00	0.000000000000000000e+00	0.000000000000000000e+00
0.000000000000000000e+00	0.000000000000000000e+00	0.000000000000000000e+00	0.000000000000000000e+00	0.000000000000000000e+00
0.000000000000000000e+00	0.000000000000000000e+00	0.000000000000000000e+00	0.000000000000000000e+00	0.000000000000000000e+00
0.000000000000000000e+00	0.000000000000000000e+00	0.000000000000000000e+00	0.000000000000000000e+00	0.000000000000000000e+00
0.000000000000000000e+00	0.000000000000000000e+00	0.000000000000000000e+00	0.000000000000000000e+00	0.000000000000000000e+00
0.000000000000000000e+00	0.000000000000000000e+00	0.000000000000000000e+00	0.000000000000000000e+00	0.000000000000000000e+00
0.000000000000000000e+00	0.000000000000000000e+00	0.000000000000000000e+00	0.000000000000000000e+00	0.000000000000000000e+00
0.000000000000000000e+00	0.000000000000000000e+00	0.000000000000000000e+00	0.000000000000000000e+00	0.000000000000000000e+00
0.000000000000000000e+00	0.000000000000000000e+00	0.000000000000000000e+00	0.000000000000000000e+00	0.000000000000000000e+00
0.000000000000000000e+00	0.000000000000000000e+00	0.000000000000000000e+00	0.000000000000000000e+00	0.000000000000000000e+00
0.000000000000000000e+00	0.000000000000000000e+00	0.000000000000000000e+00	0.000000000000000000e+00	0.000000000000000000e+00
0.000000000000000000e+00	0.000000000000000000e+00	0.000000000000000000e+00	0.000000000000000000e+00	0.000000000000000000e+00
0.000000000000000000e+00	0.000000000000000000e+00	0.000000000000000000e+00	0.000000000000000000e+00	0.000000000000000000e+00
0.000000000000000000e+00	0.000000000000000000e+00	0.000000000000000000e+00	0.000000000000000000e+00	0.000000000000000000e+00
0.000000000000000000e+00	0.000000000000000000e+00	0.000000000000000000e+00	0.000000000000000000e+00	0.000000000000000000e+00
0.000000000000000000e+00	0.000000000000000000e+00	0.000000000000000000e+00	0.000000000000000000e+00	0.000000000000000000e+00
0.000000000000000000e+00	0.000000000000000000e+00	0.000000000000000000e+00	0.000000000000000000e+00	0.000000000000000000e+00
0.000000000000000000e+00	0.000000000000000000e+00	0.000000000000000000e+00	0.000000000000000000e+00	0.000000000000000000e+00
0.000000000000000000e+00	0.000000000000000000e+00	0.000000000000000000e+00	0.000000000000000000e+00	0.000000000000000000e+00
0.000000000000000000e+00	0.000000000000000000e+00	0.000000000000000000e+00	0.000000000000000000e+00	0.000000000000000000e+00
0.000000000000000000e+00	0.000000000000000000e+00	0.000000000000000000e+00	0.000000000000000000e+00	0.000000000000000000e+00
0.000000000000000000e+00	0.000000000000000000e+00	0.000000000000000000e+00	0.000000000000000000e+00	0.000000000000000000e+00
0.000000000000000000e+00	0.000000000000000000e+00	0.000000000000000000e+00	0.000000000000000000e+00	0.000000000000000000e+00
0.000000000000000000e+00	0.000000000000000000e+00	0.000000000000000000e+00	0.000000000000000000e+00	0.000000000000000000e+00
0.000000000000000000e+00	0.000000000000000000e+00	0.000000000000000000e+00	0.000000000000000000e+00	0.000000000000000000e+00
0.000000000000000000e+00	0.000000000000000000e+00	0.000000000000000000e+00	0.000000000000000000e+00	0.000000000000000000e+00
0.000000000000000000e+00	0.000000000000000000e+00	0.000000000000000000e+00	0.000000000000000000e+00	0.000000000000000000e+00
0.000000000000000000e+00	0.000000000000000000e+00	0.000000000000000000e+00	0.000000000000000000e+00	0.000000000000000000e+00
0.000000000000000000e+00	0.000000000000000000e+00	0.000000000000000000e+00	0.000000000000000000e+00	0.000000000000000000e+00
0.000000000000000000e+00	0.000000000000000000e+00	0.000000000000000000e+00	0.000000000000000000e+00	0.000000000000000000e+00
0.000000000000000000e+00	0.000000000000000000e+00	0.000000000000000000e+00	0.000000000000000000e+00	0.000000000000000000e+00
0.000000000000000000e+00	0.000000000000000000e+00	0.000000000000000000e+00	0.000000000000000000e+00	0.000000000000000000e+00
0.000000000000000000e+00	0.000000000000000000e+00	0.000000000000000000e+00	0.000000000000000000e+00	0.000000000000000000e+00
0.000000000000000000e+00	0.000000000000000000e+00	0.000000000000000000e+00	0.000000000000000000e+00	0.000000000000000000e+00
0.000000000000000000e+00	0.000000000000000000e+00	0.000000000000000000e+00	0.000000000000000000e+00	0.000000000000000000e+00
0.000000000000000000e+00	0.000000000000000000e+00	0.000000000000000000e+00	0.000000000000000000e+00	0.000000000000000000e+00
0.000000000000000000e+00	0.000000000000000000e+00	0.000000000000000000e+00	0.000000000000000000e+00	0.000000000000000000e+00
0.000000000000000000e+00	0.000000000000000000e+00	0.000000000000000000e+00	0.000000000000000000e+00	0.000000000000000000e+00
0.000000000000000000e+00	0.000000000000000000e+00	0.000000000000000000e+00	0.000000000000000000e+00	0.000000000000000000e+00
0.000000000000000000e+00	0.000000000000000000e+00	0.000000000000000000e+00	0.000000000000000000e+00	0.000000000000000000e+00
0.000000000000000000e+00	0.000000000000000000e+00	0.000000000000000000e+00	0.000000000000000000e+00	0.000000000000000000e+00
0.000000000000000000e+00	0.000000000000000000e+00	0.000000000000000000e+00	0.000000000000000000e+00	0.000000000000000000e+00
0.000000000000000000e+00	0.000000000000000000e+00	0.000000000000000000e+00	0.000000000000000000e+00	0.000000000000000000e+00
0.000000000000000000e+00	0.000000000000000000e+00	0.000000000000000000e+00	0.000000000000000000e+00	0.000000000000000000e+00
0.000000000000000000e+00	0.000000000000000000e+00	0.000000000000000000e+00	0.000000000000000000e+00	0.000000000000000000e+00
0.000000000000000000e+00	0.000000000000000000e+00	0.000000000000000000e+00	0.000000000000000000e+00	0.000000000000000000e+00
0.000000000000000000e+00	0.000000000000000000e+00	0.000000000000000000e+00	0.000000000000000000e+00	0.000000000000000000e+00
0.000000000000000000e+00	0.000000000000000000e+00	0.000000000000000000e+00	0.000000000000000000e+00	0.000000000000000000e+00
0.000000000000000000e+00	0.000000000000000000e+00	0.000000000000000000e+00	0.000000000000000000e+00	0.000000000000000000e+00
0.000000000000000000e+00	0.000000000000000000e+00	0.000000000000000000e+00	0.000000000000000000e+00	0.000000000000000000e+00
0.000000000000000000e+00	0.000000000000000000e+00	0.000000000000000000e+00	0.000000000000000000e+00	0.000000000000000000e+00
0.000000000000000000e+00	0.000000000000000000e+00	0.000000000000000000e+00	0.000000000000000000e+00	0.000000000000000000e+00
0.000000000000000000e+00	0.000000000000000000e+00	0.000000000000000000e+00	0.000000000000000000e+00	0.000000000000000000e+00
0.000000000000000000e+00	0.000000000000000000e+00	0.000000000000000000e+00	0.000000000000000000e+00	0.000000000000000000e+00
0.000000000000000000e+00	0.000000000000000000e+00	0.000000000000000000e+00	0.000000000000000000e+00	0.000000000000000000e+00
0.000000000000000000e+00	0.000000000000000000e+00	0.000000000000000000e+00	0.000000000000000000e+00	0.000000000000000000e+00
0.000000000000000000e+00	0.000000000000000000e+00	0.000000000000000000e+00	0.000000000000000000e+00	0.000000000000000000e+00
0.000000000000000000e+00	0.000000000000000000e+00	0.000000000000000000e+00	0.000000000000000000e+00	0.000000000000000000e+00
0.000000000000000000e+00	0.000000000000000000e+00	0.000000000000000000e+00	0.000000000000000000e+00	0.000000000000000000e+00
0.000000000000000000e+00	0.000000000000000000e+00	0.000000000000000000e+00	0.000000000000000000e+00	0.000000000000000000e+00
0.000000000000000000e+00	0.000000000000000000e+00	0.000000000000000000e+00	0.000000000000000000e+00	0.000000000000000000e+00
0.000000000000000000e+00	0.000000000000000000e+00	0.000000000000000000e+00	0.000000000000000000e+00	0.000000000000000000e+00
0.000000000000000000e+00	0.000000000000000000e+00	0.000000000000000000e+00	0.000000000000000000e+00	0.000000000000000000e+00
0.000000000000000000e+00	0.000000000000000000e+00	0.000000000000000000e+00	0.000000000000000000e+00	0.000000000000000000e+00
0.000000000000000000e+00	0.000000000000000000e+00	0.000000000000000000e+00	0.000000000000000000e+00	0.000000000000000000e+00
0.000000000000000000e+00	0.000000000000000000e+00	0.000000000000000000e+00	0.000000000000000000e+00	0.000000000000000000e+00
0.000000000000000000e+00	0.000000000000000000e+00	0.000000000000000000e+00	0.000000000000000000e+00	0.000000000000000000e+00
0.000000000000000000e+00	0.000000000000000000e+00	0.000000000000000000e+00	0.000000000000000000e+00	0.000000000000000000e+00
0.000000000000000000e+00	0.000000000000000000e+00	0.000000000000000000e+00	0.000000000000000000e+00	0.000000000000000000e+00
0.000000000000000000e+00	0.000000000000000000e+00	0.000000000000000000e+00	0.000000000000000000e+00	0.000000000000000000e+00
0.000000000000000000e+00	0.000000000000000000e+00	0.000000000000000000e+00	0.000000000000000000e+00	0.000000000000000000e+00
0.000000000000000000e+00	0.000000000000000000e+00	0.000000000000000000e+00	0.000000000000000000e+00	0.000000000000000000e+00
0.000000000000000000e+00	0.000000000000000000e+00	0.000000000000000000e+00	0.000000000000000000e+00	0.000000000000000000e+00
0.000000000000000000e+00	0.000000000000000000e+00	0.000000000000000000e+00	0.000000000000000000e+00	0.000000000000000000e+00
0.000000000000000000e+00	0.000000000000000000e+00	0.000000000000000000e+00	0.000000000000000000e+00	0.000000000000000000e+00
0.000000000000000000e+00	0.000000000000000000e+00	0.000000000000000000e+00	0.000000000000000000e+00	0.000000000000000000e+00
0.000000000000000000e+00	0.000000000000000000e+00	0.000000000000000000e+00	0.000000000000000000e+00	0.000000000000000000e+00
0.000000000000000000e+00	0.000000000000000000e+00	0.000000000000000000e+00	0.000000000000000000e+00	0.000000000000000000e+00
0.000000000000000000e+00	0.000000000000000000e+00	0.000000000000000000e+00	0.000000000000000000e+00	0.000000000000000000e+00
0.000000000000000000e+00	0.000000000000000000e+00	0.000000000000000000e+00	0.000000000000000000e+00	0.000000000000000000e+00
0.000000000000000000e+00	0.000000000000000000e+00	0.000000000000000000e+00	0.000000000000000000e+00	0.000000000000000000e+00
0.000000000000000000e+00	0.000000000000000000e+00	0.000000000000000000e+00	0.000000000000000000e+00	0.000000000000000000e+00
0.000000000000000000e+00	0.000000000000000000e+00	0.000000000000000000e+00	0.000000000000000000e+00	0.000000000000000000e+00
0.000000000000000000e+00	0.000000000000000000e+00	0.000000000000000000e+00	0.000000000000000000e+00	0.000000000000000000e+00
0.000000000000000000e+00	0.000000000000000000e+00	0.000000000000000000e+00	0.000000000000000000e+00	0.000000000000000000e+00
0.000000000000000000e+00	0.000000000000000000e+00	0.000000000000000000e+00	0.000000000000000000e+00	0.000000000000000000e+00
0.000000000000000000e+00	0.000000000000000000e+00	0.000000000000000000e+00	0.000000000000000000e+00	0.000000000000000000e+00
0.000000000000000000e+00	0.000000000000000000e+00	0.000000000000000000e+00	0.000000000000000000e+00	0.000000000000000000e+00
0.000000000000000000e+00	0.000000000000000000e+00	0.000000000000000000e+00	0.000000000000000000e+00	0.000000000000000000e+00
0.000000000000000000e+00	0.000000000000000000e+00	0.000000000000000000e+00	0.000000000000000000e+00	0.000000000000000000e+00
0.000000000000000000e+00	0.000000000000000000e+00	0.000000000000000000e+00	0.000000000000000000e+00	0.000000000000000000e+00
0.000000000000000000e+00	0.000000000000000000e+00	0.000000000000000000e+00	0.000000000000000000e+00	0.000000000000000000e+00
0.000000000000000000e+00	0.000000000000000000e+00	0.000000000000000000e+00	0.000000000000000000e+00	0.000000000000000000e+00
0.000000000000000000e+00	0.000000000000000000e+00	0.000000000000000000e+00	0.000000000000000000e+00	0.000000000000000000e+00
0.000000000000000000e+00	0.000000000000000000e+00	0.000000000000000000e+00	0.000000000000000000e+00	0.000000000000000000e+00
0.000000000000000000e+00	0.000000000000000000e+00	0.000000000000000000e+00	0.000000000000000000e+00	0.000000000000000000e+00
0.000000000000000000e+00	0.000000000000000000e+00	0.000000000000000000e+00	0.000000000000000000e+00	0.000000000000000000e+00
0.000000000000000000e+00	0.000000000000000000e+00	0.000000000000000000e+00	0.000000000000000000e+00	0.000000000000000000e+00
0.000000000000000000e+00	0.000000000000000000e+00	0.000000000000000000e+00	0.000000000000000000e+00	0.000000000000000000e+00
0.000000000000000000e+00	0.000000000000000000e+00	0.000000000000000000e+00	0.000000000000000000e+00	0.000000000000000000e+00
0.000000000000000000e+00	0.000000000000000000e+00	0.000000000000000000e+00	0.000000000000000000e+00	0.000000000000000000e+00
0.000000000000000000e+00	0.000000000000000000e+00	0.000000000000000000e+00	0.000000000000000000e+00	0.000000000000000000e+00
0.000000000000000000e+00	0.000000000000000000e+00	0.000000000000000000e+00	0.000000000000000000e+00	0.000000000000000000e+00
0.000000000000000000e+00	0.000000000000000000e+00	0.000000000000000000e+00	0.000000000000000000e+00	0.000000000000000000e+00
0.000000000000000000e+00	0.000000000000000000e+00	0.000000000000000000e+00	0.000000000000000000e+00	0.000000000000000000e+00
0.000000000000000000e+00	0.000000000000000000e+00	0.000000000000000000e+00	0.000000000000000000e+00	0.000000000000000000e+00
0.000000000000000000e+00	0.000000000000000000e+00	0.000000000000000000e+00	0.000000000000000000e+00	0.000000000000000000e+00
0.000000000000000000e+00	0.000000000000000000e+00	0.000000000000000000e+00	0.000000000000000000e+00	0.000000000000000000e+00
0.000000000000000000e+00	0.000000000000000000e+00	0.000000000000000000e+00	0.000000000000000000e+00	0.000000000000000000e+00
0.000000000000000000e+00	0.000000000000000000e+00	0.000000000000000000e+00	0.000000000000000000e+00	0.000000000000000000e+00
0.000000000000000000e+00	0.000000000000000000e+00	0.000000000000000000e+00	0.000000000000000000e+00	0.000000000000000000e+00
0.000000000000000000e+00	0.000000000000000000e+00	0.000000000000000000e+00	0.000000000000000000e+00	0.000000000000000000e+00
0.000000000000000000e+00	0.000000000000000000e+00	0.000000000000000000e+00	0.000000000000000000e+00	0.000000000000000000e+00
0.000000000000000000e+00	0.000000000000000000e+00	0.000000000000000000e+00	0.000000000000000000e+00	0.000000000000000000e+00
0.000000000000000000e+00	0.000000000000000000e+00	0.000000000000000000e+00	0.000000000000000000e+00	0.000000000000000000e+00
0.000000000000000000e+00	0.000000000000000000e+00	0.000000000000000000e+00	0.000000000000000000e+00	0.000000000000000000e+00
0.000000000000000000e+00	0.000000000000000000e+00	0.000000000000000000e+00	0.000000000000000000e+00	0.000000000000000000e+00
0.000000000000000000e+00	0.000000000000000000e+00	0.000000000000000000e+00	0.000000000000000000e+00	0.000000000000000000e+00
0.000000000000000000e+00	0.000000000000000000e+00	0.000000000000000000e+00	0.000000000000000000e+00	0.000000000000000000e+00
0.000000000000000000e+00	0.000000000000000000e+00	0.000000000000000000e+00	0.000000000000000000e+00	0.000000000000000000e+00
0.000000000000000000e+00	0.000000000000000000e+00	0.000000000000000000e+00	0.000000000000000000e+00	0.000000000000000000e+00
0.000000000000000000e+00	0.000000000000000000e+00	0.000000000000000000e+00	0.000000000000000000e+00	0.000000000000000000e+00
0.000000000000000000e+00	0.000000000000000000e+00	0.000000000000000000e+00	0.000000000000000000e+00	0.000000000000000000e+00
0.000000000000000000e+00	0.000000000000000000e+00	0.000000000000000000e+00	0.000000000000000000e+00	0.000000000000000000e+00
0.000000000000000000e+00	0.000000000000000000e+00	0.000000000000000000e+00	0.000000000000000000e+00	0.000000000000000000e+00
0.000000000000000000e+00	0.000000000000000000e+00	0.000000000000000000e+00	0.000000000000000000e+00	0.000000000000000000e+00
0.000000000000000000e+00	0.000000000000000000e+00	0.000000000000000000e+00	0.000000000000000000e+00	0.000000000000000000e+00
0.000000000000000000e+00	0.000000000000000000e+00	0.000000000000000000e+00	0.000000000000000000e+00	0.000000000000000000e+00
0.000000000000000000e+00	0.000000000000000000e+00	0.000000000000000000e+00	0.000000000000000000e+00	0.000000000000000000e+00
0.000000000000000000e+00	0.000000000000000000e+00	0.000000000000000000e+00	0.000000000000000000e+00	0.000000000000000000e+00
0.000000000000000000e+00	0.000000000000000000e+00	0.000000000000000000e+00	0.000000000000000000e+00	0.000000000000000000e+00
0.000000000000000000e+00	0.000000000000000000e+00	0.000000000000000000e+00	0.000000000000000000e+00	0.000000000000000000e+00
0.000000000000000000e+00	0.000000000000000000e+00	0.000000000000000000e+00	0.000000000000000000e+00	0.000000000000000000e+00
0.000000000000000000e+00	0.000000000000000000e+00	0.000000000000000000e+00	0.000000000000000000e+00	0.000000000000000000e+00
0.000000000000000000e+00	0.000000000000000000e+00	0.000000000000000000e+00	0.000000000000000000e+00	0.000000000000000000e+00
0.000000000000000000e+00	0.000000000000000000e+00	0.000000000000000000e+00	0.000000000000000000e+00	0.000000000000000000e+00
0.000000000000000000e+00	0.000000000000000000e+00	0.000000000000000000e+00	0.000000000000000000e+00	0.000000000000000000e+00
0.000000000000000000e+00	0.000000000000000000e+00	0.000000000000000000e+00	0.000000000000000000e+00	0.000000000000000000e+00
0.000000000000000000e+00	0.000000000000000000e+00	0.000000000000000000e+00	0.000000000000000000e+00	0.000000000000000000e+00
0.000000000000000000e+00	0.000000000000000000e+00	0.000000000000000000e+00	0.000000000000000000e+00	0.000000000000000000e+00
0.000000000000000000e+00	0.000000000000000000e+00	0.000000000000000000e+00	0.000000000000000000e+00	0.000000000000000000e+00
0.000000000000000000e+00	0.000000000000000000e+00	0.000000000000000000e+00	0.000000000000000000e+00	0.000000000000000000e+00
0.000000000000000000e+00	0.000000000000000000e+00	0.000000000000000000e+00	0.000000000000000000e+00	0.000000000000000000e+00
0.000000000000000000e+00	0.000000000000000000e+00	0.000000000000000000e+00	0.000000000000000000e+00	0.000000000000000000e+00
0.000000000000000000e+00	0.000000000000000000e+00	0.000000000000000000e+00	0.000000000000000000e+00	0.000000000000000000e+00
0.000000000000000000e+00	0.000000000000000000e+00	0.000000000000000000e+00	0.000000000000000000e+00	0.000000000000000000e+00
0.000000000000000000e+00	0.000000000000000000e+00	0.000000000000000000e+00	0.000000000000000000e+00	0.000000000000000000e+00
0.000000000000000000e+00	0.000000000000000000e+00	0.000000000000000000e+00	0.000000000000000000e+00	0.000000000000000000e+00
0.000000000000000000e+00	0.000000000000000000e+00	0.000000000000000000e+00	0.000000000000000000e+00	0.000000000000000000e+00
0.000000000000000000e+00	0.000000000000000000e+00	0.000000000000000000e+00	0.000000000000000000e+00	0.000000000000000000e+00
0.000000000000000000e+00	0.000000000000000000e+00	0.000000000000000000e+00	0.000000000000000000e+00	0.000000000000000000e+00
0.000000000000000000e+00	0.000000000000000000e+00	0.000000000000000000e+00	0.000000000000000000e+00	0.000000000000000000e+00
0.000000000000000000e+00	0.000000000000000000e+00	0.000000000000000000e+00	0.000000000000000000e+00	0.000000000000000000e+00
0.000000000000000000e+00	0.000000000000000000e+00	0.000000000000000000e+00	0.000000000000000000e+00	0.000000000000000000e+00
0.000000000000000000e+00	0.000000000000000000e+00	0.000000000000000000e+00	0.000000000000000000e+00	0.000000000000000000e+00
0.000000000000000000e+00	0.000000000000000000e+00	0.000000000000000000e+00	0.000000000000000000e+00	0.000000000000000000e+00
0.000000000000000000e+00	0.000000000000000000e+00	0.000000000000000000e+00	0.000000000000000000e+00	0.000000000000000000e+00
0.000000000000000000e+00	0.000000000000000000e+00	0.000000000000000000e+00	0.000000000000000000e+00	0.000000000000000000e+00
0.000000000000000000e+00	0.000000000000000000e+00	0.000000000000000000e+00	0.000000000000000000e+00	0.000000000000000000e+00
0.000000000000000000e+00	0.000000000000000000e+00	0.000000000000000000e+00	0.000000000000000000e+00	0.000000000000000000e+00
0.000000000000000000e+00	0.000000000000000000e+00	0.000000000000000000e+00	0.000000000000000000e+00	0.000000000000000000e+00
0.000000000000000000e+00	0.000000000000000000e+00	0.000000000000000000e+00	0.000000000000000000e+00	0.000000000000000000e+00
0.000000000000000000e+00	0.000000000000000000e+00	0.000000000000000000e+00	0.000000000000000000e+00	0.000000000000000000e+00
0.000000000000000000e+00	0.000000000000000000e+00	0.000000000000000000e+00	0.000000000000000000e+00	0.000000000000000000e+00
0.000000000000000000e+00	0.000000000000000000e+00	0.000000000000000000e+00	0.000000000000000000e+00	0.000000000000000000e+00
0.000000000000000000e+00	0.000000000000000000e+00	0.000000000000000000e+00	0.000000000000000000e+00	0.000000000000000000e+00
0.000000000000000000e+00	0.000000000000000000e+00	0.000000000000000000e+00	0.000000000000000000e+00	0.000000000000000000e+00
0.000000000000000000e+00	0.000000000000000000e+00	0.000000000000000000e+00	0.000000000000000000e+00	0.000000000000000000e+00
0.000000000000000000e+00	0.000000000000000000e+00	0.000000000000000000e+00	0.000000000000000000e+00	0.000000000000000000e+00
0.000000000000000000e+00	0.000000000000000000e+00	0.000000000000000000e+00	0.000000000000000000e+00	0.000000000000000000e+00
0.000000000000000000e+00	0.000000000000000000e+00	0.000000000000000000e+00	0.000000000000000000e+00	0.000000000000000000e+00
0.000000000000000000e+00	0.000000000000000000e+00	0.000000000000000000e+00	0.000000000000000000e+00	0.000000000000000000e+00
0.000000000000000000e+00	0.000000000000000000e+00	0.000000000000000000e+00	0.000000000000000000e+00	0.000000000000000000e+00
0.000000000000000000e+00	0.000000000000000000e+00	0.000000000000000000e+00	0.000000000000000000e+00	0.000000000000000000e+00
0.000000000000000000e+00	0.000000000000000000e+00	0.000000000000000000e+00	0.000000000000000000e+00	0.000000000000000000e+00
0.000000000000000000e+00	0.000000000000000000e+00	0.000000000000000000e+00	0.000000000000000000e+00	0.000000000000000000e+00
0.000000000000000000e+00	0.000000000000000000e+00	0.000000000000000000e+00	0.000000000000000000e+00	0.000000000000000000e+00
0.000000000000000000e+00	0.000000000000000000e+00	0.000000000000000000e+00	0.000000000000000000e+00	0.000000000000000000e+00
0.000000000000000000e+00	0.000000000000000000e+00	0.000000000000000000e+00	0.000000000000000000e+00	0.000000000000000000e+00
0.000000000000000000e+00	0.000000000000000000e+00	0.000000000000000000e+00	0.000000000000000000e+00	0.000000000000000000e+00
0.000000000000000000e+00	0.000000000000000000e+00	0.000000000000000000e+00	0.000000000000000000e+00	0.000000000000000000e+00
0.000000000000000000e+00	0.000000000000000000e+00	0.000000000000000000e+00	0.000000000000000000e+00	0.000000000000000000e+00
0.000000000000000000e+00	0.000000000000000000e+00	0.000000000000000000e+00	0.000000000000000000e+00	0.000000000000000000e+00
0.000000000000000000e+00	0.000000000000000000e+00	0.000000000000000000e+00	0.000000000000000000e+00	0.000000000000000000e+00
0.000000000000000000e+00	0.000000000000000000e+00	0.000000000000000000e+00	0.000000000000000000e+00	0.000000000000000000e+00
0.000000000000000000e+00	0.000000000000000000e+00	0.000000000000000000e+00	0.000000000000000000e+00	0.000000000000000000e+00
0.000000000000000000e+00	0.000000000000000000e+00	0.000000000000000000e+00	0.000000000000000000e+00	0.000000000000000000e+00
0.000000000000000000e+00	0.000000000000000000e+00	0.000000000000000000e+00	0.000000000000000000e+00	0.000000000000000000e+00
0.000000000000000000e+00	0.000000000000000000e+00	0.000000000000000000e+00	0.000000000000000000e+00	0.000000000000000000e+00
0.000000000000000000e+00	0.000000000000000000e+00	0.000000000000000000e+00	0.000000000000000000e+00	0.000000000000000000e+00
0.000000000000000000e+00	0.000000000000000000e+00	0.000000000000000000e+00	0.000000000000000000e+00	0.000000000000000000e+00
0.000000000000000000e+00	0.000000000000000000e+00	0.000000000000000000e+00	0.000000000000000000e+00	0.000000000000000000e+00
0.000000000000000000e+00	0.000000000000000000e+00	0.000000000000000000e+00	0.000000000000000000e+00	0.000000000000000000e+00
0.000000000000000000e+00	0.000000000000000000e+00	0.000000000000000000e+00	0.000000000000000000e+00	0.000000000000000000e+00
0.000000000000000000e+00	0.000000000000000000e+00	0.000000000000000000e+00	0.000000000000000000e+00	0.000000000000000000e+00
0.000000000000000000e+00	0.000000000000000000e+00	0.000000000000000000e+00	0.000000000000000000e+00	0.000000000000000000e+00
0.000000000000000000e+00	0.000000000000000000e+00	0.000000000000000000e+00	0.000000000000000000e+00	0.000000000000000000e+00
0.000000000000000000e+00	0.000000000000000000e+00	0.000000000000000000e+00	0.000000000000000000e+00	0.000000000000000000e+00
0.000000000000000000e+00	0.000000000000000000e+00	0.000000000000000000e+00	0.000000000000000000e+00	0.000000000000000000e+00
0.000000000000000000e+00	0.000000000000000000e+00	0.000000000000000000e+00	0.000000000000000000e+00	0.000000000000000000e+00
0.000000000000000000e+00	0.000000000000000000e+00	0.000000000000000000e+00	0.000000000000000000e+00	0.000000000000000000e+00
0.000000000000000000e+00	0.000000000000000000e+00	0.000000000000000000e+00	0.000000000000000000e+00	0.000000000000000000e+00
0.000000000000000000e+00	0.000000000000000000e+00	0.000000000000000000e+00	0.000000000000000000e+00	0.000000000000000000e+00
0.000000000000000000e+00	0.000000000000000000e+00	0.000000000000000000e+00	0.000000000000000000e+00	0.000000000000000000e+00
0.000000000000000000e+00	0.000000000000000000e+00	0.000000000000000000e+00	0.000000000000000000e+00	0.000000000000000000e+00
0.000000000000000000e+00	0.000000000000000000e+00	0.000000000000000000e+00	0.000000000000000000e+00	0.000000000000000000e+00
0.000000000000000000e+00	0.000000000000000000e+00	0.000000000000000000e+00	0.000000000000000000e+00	0.000000000000000000e+00
0.000000000000000000e+00	0.000000000000000000e+00	0.000000000000000000e+00	0.000000000000000000e+00	0.000000000000000000e+00
0.000000000000000000e+00	0.000000000000000000e+00	0.000000000000000000e+00	0.000000000000000000e+00	0.000000000000000000e+00
0.000000000000000000e+00	0.000000000000000000e+00	0.000000000000000000e+00	0.000000000000000000e+00	0.000000000000000000e+00
0.000000000000000000e+00	0.000000000000000000e+00	0.000000000000000000e+00	0.000000000000000000e+00	0.000000000000000000e+00
0.000000000000000000e+00	0.000000000000000000e+00	0.000000000000000000e+00	0.000000000000000000e+00	0.000000000000000000e+00
0.000000000000000000e+00	0.000000000000000000e+00	0.000000000000000000e+00	0.000000000000000000e+00	0.000000000000000000e+00
0.000000000000000000e+00	0.000000000000000000e+00	0.000000000000000000e+00	0.000000000000000000e+00	0.000000000000000000e+00
0.000000000000000000e+00	0.000000000000000000e+00	0.000000000000000000e+00	0.000000000000000000e+00	0.000000000000000000e+00
0.000000000000000000e+00	0.000000000000000000e+00	0.000000000000000000e+00	0.000000000000000000e+00	0.000000000000000000e+00
0.000000000000000000e+00	0.000000000000000000e+00	0.000000000000000000e+00	0.000000000000000000e+00	0.000000000000000000e+00
0.000000000000000000e+00	0.000000000000000000e+00	0.000000000000000000e+00	0.000000000000000000e+00	0.000000000000000000e+00
0.000000000000000000e+00	0.000000000000000000e+00	0.000000000000000000e+00	0.000000000000000000e+00	0.000000000000000000e+00
0.000000000000000000e+00	0.000000000000000000e+00	0.000000000000000000e+00	0.000000000000000000e+00	0.000000000000000000e+00
0.000000000000000000e+00	0.000000000000000000e+00	0.000000000000000000e+00	0.000000000000000000e+00	0.000000000000000000e+00
0.000000000000000000e+00	0.000000000000000000e+00	0.000000000000000000e+00	0.000000000000000000e+00	0.000000000000000000e+00
0.000000000000000000e+00	0.000000000000000000e+00	0.000000000000000000e+00	0.000000000000000000e+00	0.000000000000000000e+00
0.000000000000000000e+00	0.000000000000000000e+00	0.000000000000000000e+00	0.000000000000000000e+00	0.000000000000000000e+00
0.000000000000000000e+00	0.000000000000000000e+00	0.000000000000000000e+00	0.000000000000000000e+00	0.000000000000000000e+00
0.000000000000000000e+00	0.000000000000000000e+00	0.000000000000000000e+00	0.000000000000000000e+00	0.000000000000000000e+00
0.000000000000000000e+00	0.000000000000000000e+00	0.000000000000000000e+00	0.000000000000000000e+00	0.000000000000000000e+00
0.000000000000000000e+00	0.000000000000000000e+00	0.000000000000000000e+00	0.000000000000000000e+00	0.000000000000000000e+00
0.000000000000000000e+00	0.000000000000000000e+00	0.000000000000000000e+00	0.000000000000000000e+00	0.000000000000000000e+00
0.000000000000000000e+00	0.000000000000000000e+00	0.000000000000000000e+00	0.000000000000000000e+00	0.000000000000000000e+00
0.000000000000000000e+00	0.000000000000000000e+00	0.000000000000000000e+00	0.000000000000000000e+00	0.000000000000000000e+00
0.000000000000000000e+00	0.000000000000000000e+00	0.000000000000000000e+00	0.000000000000000000e+00	0.000000000000000000e+00
0.000000000000000000e+00	0.000000000000000000e+00	0.000000000000000000e+00	0.000000000000000000e+00	0.000000000000000000e+00
0.000000000000000000e+00	0.000000000000000000e+00	0.000000000000000000e+00	0.000000000000000000e+00	0.000000000000000000e+00
0.000000000000000000e+00	0.000000000000000000e+00	0.000000000000000000e+00	0.000000000000000000e+00	0.000000000000000000e+00
0.000000000000000000e+00	0.000000000000000000e+00	0.000000000000000000e+00	0.000000000000000000e+00	0.000000000000000000e+00
0.000000000000000000e+00	0.000000000000000000e+00	0.000000000000000000e+00	0.000000000000000000e+00	0.000000000000000000e+00
0.000000000000000000e+00	0.000000000000000000e+00	0.000000000000000000e+00	0.000000000000000000e+00	0.000000000000000000e+00
0.000000000000000000e+00	0.000000000000000000e+00	0.000000000000000000e+00	0.000000000000000000e+00	0.000000000000000000e+00
0.000000000000000000e+00	0.000000000000000000e+00	0.000000000000000000e+00	0.000000000000000000e+00	0.000000000000000000e+00
0.000000000000000000e+00	0.000000000000000000e+00	0.000000000000000000e+00	0.000000000000000000e+00	0.000000000000000000e+00
0.000000000000000000e+00	0.000000000000000000e+00	0.000000000000000000e+00	0.000000000000000000e+00	0.000000000000000000e+00
0.000000000000000000e+00	0.000000000000000000e+00	0.000000000000000000e+00	0.000000000000000000e+00	0.000000000000000000e+00
0.000000000000000000e+00	0.000000000000000000e+00	0.000000000000000000e+00	0.000000000000000000e+00	0.000000000000000000e+00
0.000000000000000000e+00	0.000000000000000000e+00	0.000000000000000000e+00	0.000000000000000000e+00	0.000000000000000000e+00
0.000000000000000000e+00	0.000000000000000000e+00	0.000000000000000000e+00	0.000000000000000000e+00	0.000000000000000000e+00
0.000000000000000000e+00	0.000000000000000000e+00	0.000000000000000000e+00	0.000000000000000000e+00	0.000000000000000000e+00
0.000000000000000000e+00	0.000000000000000000e+00	0.000000000000000000e+00	0.000000000000000000e+00	0.000000000000000000e+00
0.000000000000000000e+00	0.000000000000000000e+00	0.000000000000000000e+00	0.000000000000000000e+00	0.000000000000000000e+00
0.000000000000000000e+00	0.000000000000000000e+00	0.000000000000000000e+00	0.000000000000000000e+00	0.000000000000000000e+00
0.000000000000000000e+00	0.000000000000000000e+00	0.000000000000000000e+00	0.000000000000000000e+00	0.000000000000000000e+00
0.000000000000000000e+00	0.000000000000000000e+00	0.000000000000000000e+00	0.000000000000000000e+00	0.000000000000000000e+00
0.000000000000000000e+00	0.000000000000000000e+00	0.000000000000000000e+00	0.000000000000000000e+00	0.000000000000000000e+00
0.000000000000000000e+00	0.000000000000000000e+00	0.000000000000000000e+00	0.000000000000000000e+00	0.000000000000000000e+00
0.000000000000000000e+00	0.000000000000000000e+00	0.000000000000000000e+00	0.000000000000000000e+00	0.000000000000000000e+00
0.000000000000000000e+00	0.000000000000000000e+00	0.000000000000000000e+00	0.000000000000000000e+00	0.000000000000000000e+00
0.000000000000000000e+00	0.000000000000000000e+00	0.000000000000000000e+00	0.000000000000000000e+00	0.000000000000000000e+00
0.000000000000000000e+00	0.000000000000000000e+00	0.000000000000000000e+00	0.000000000000000000e+00	0.000000000000000000e+00
0.000000000000000000e+00	0.000000000000000000e+00	0.000000000000000000e+00	0.000000000000000000e+00	0.000000000000000000e+00
0.000000000000000000e+00	0.000000000000000000e+00	0.000000000000000000e+00	0.000000000000000000e+00	0.000000000000000000e+00
0.000000000000000000e+00	0.000000000000000000e+00	0.000000000000000000e+00	0.000000000000000000e+00	0.000000000000000000e+00
0.000000000000000000e+00	0.000000000000000000e+00	0.000000000000000000e+00	0.000000000000000000e+00	0.000000000000000000e+00
0.000000000000000000e+00	0.000000000000000000e+00	0.000000000000000000e+00	0.000000000000000000e+00	0.000000000000000000e+00
0.000000000000000000e+00	0.000000000000000000e+00	0.000000000000000000e+00	0.000000000000000000e+00	0.000000000000000000e+00
0.000000000000000000e+00	0.000000000000000000e+00	0.000000000000000000e+00	0.000000000000000000e+00	0.000000000000000000e+00
0.000000000000000000e+00	0.000000000000000000e+00	0.000000000000000000e+00	0.000000000000000000e+00	0.000000000000000000e+00
0.000000000000000000e+00	0.000000000000000000e+00	0.000000000000000000e+00	0.000000000000000000e+00	0.000000000000000000e+00
0.000000000000000000e+00	0.000000000000000000e+00	0.000000000000000000e+00	0.000000000000000000e+00	0.000000000000000000e+00
0.000000000000000000e+00	0.000000000000000000e+00	0.000000000000000000e+00	0.000000000000000000e+00	0.000000000000000000e+00
0.000000000000000000e+00	0.000000000000000000e+00	0.000000000000000000e+00	0.000000000000000000e+00	0.000000000000000000e+00
0.000000000000000000e+00	0.000000000000000000e+00	0.000000000000000000e+00	0.000000000000000000e+00	0.000000000000000000e+00
0.000000000000000000e+00	0.000000000000000000e+00	0.000000000000000000e+00	0.000000000000000000e+00	0.000000000000000000e+00
0.000000000000000000e+00	0.000000000000000000e+00	0.000000000000000000e+00	0.000000000000000000e+00	0.000000000000000000e+00
0.000000000000000000e+00	0.000000000000000000e+00	0.000000000000000000e+00	0.000000000000000000e+00	0.000000000000000000e+00
0.000000000000000000e+00	0.000000000000000000e+00	0.000000000000000000e+00	0.000000000000000000e+00	0.000000000000000000e+00
0.000000000000000000e+00	0.000000000000000000e+00	0.000000000000000000e+00	0.000000000000000000e+00	0.000000000000000000e+00
0.000000000000000000e+00	0.000000000000000000e+00	0.000000000000000000e+00	0.000000000000000000e+00	0.000000000000000000e+00
0.000000000000000000e+00	0.000000000000000000e+00	0.000000000000000000e+00	0.000000000000000000e+00	0.000000000000000000e+00
0.000000000000000000e+00	0.000000000000000000e+00	0.000000000000000000e+00	0.000000000000000000e+00	0.000000000000000000e+00
0.000000000000000000e+00	0.000000000000000000e+00	0.000000000000000000e+00	0.000000000000000000e+00	0.000000000000000000e+00
0.000000000000000000e+00	0.000000000000000000e+00	0.000000000000000000e+00	0.000000000000000000e+00	0.000000000000000000e+00
0.000000000000000000e+00	0.000000000000000000e+00	0.000000000000000000e+00	0.000000000000000000e+00	0.000000000000000000e+00
0.000000000000000000e+00	0.000000000000000000e+00	0.000000000000000000e+00	0.000000000000000000e+00	0.000000000000000000e+00
0.000000000000000000e+00	0.000000000000000000e+00	0.000000000000000000e+00	0.000000000000000000e+00	0.000000000000000000e+00
0.000000000000000000e+00	0.000000000000000000e+00	0.000000000000000000e+00	0.000000000000000000e+00	0.000000000000000000e+00
0.000000000000000000e+00	0.000000000000000000e+00	0.000000000000000000e+00	0.000000000000000000e+00	0.000000000000000000e+00
0.000000000000000000e+00	0.000000000000000000e+00	0.000000000000000000e+00	0.000000000000000000e+00	0.000000000000000000e+00
0.000000000000000000e+00	0.000000000000000000e+00	0.000000000000000000e+00	0.000000000000000000e+00	0.000000000000000000e+00
0.000000000000000000e+00	0.000000000000000000e+00	0.000000000000000000e+00	0.000000000000000000e+00	0.000000000000000000e+00
0.000000000000000000e+00	0.000000000000000000e+00	0.000000000000000000e+00	0.000000000000000000e+00	0.000000000000000000e+00
0.000000000000000000e+00	0.000000000000000000e+00	0.000000000000000000e+00	0.000000000000000000e+00	0.000000000000000000e+00
0.000000000000000000e+00	0.000000000000000000e+00	0.000000000000000000e+00	0.000000000000000000e+00	0.000000000000000000e+00
0.000000000000000000e+00	0.000000000000000000e+00	0.000000000000000000e+00	0.000000000000000000e+00	0.000000000000000000e+00
0.000000000000000000e+00	0.000000000000000000e+00	0.000000000000000000e+00	0.000000000000000000e+00	0.000000000000000000e+00
0.000000000000000000e+00	0.000000000000000000e+00	0.000000000000000000e+00	0.000000000000000000e+00	0.000000000000000000e+00
0.000000000000000000e+00	0.000000000000000000e+00	0.000000000000000000e+00	0.000000000000000000e+00	0.000000000000000000e+00
0.000000000000000000e+00	0.000000000000000000e+00	0.000000000000000000e+00	0.000000000000000000e+00	0.000000000000000000e+00
0.000000000000000000e+00	0.000000000000000000e+00	0.000000000000000000e+00	0.000000000000000000e+00	0.000000000000000000e+00
0.000000000000000000e+00	0.000000000000000000e+00	0.000000000000000000e+00	0.000000000000000000e+00	0.000000000000000000e+00
0.000000000000000000e+00	0.000000000000000000e+00	0.000000000000000000e+00	0.000000000000000000e+00	0.000000000000000000e+00
0.000000000000000000e+00	0.000000000000000000e+00	0.000000000000000000e+00	0.000000000000000000e+00	0.000000000000000000e+00
0.000000000000000000e+00	0.000000000000000000e+00	0.000000000000000000e+00	0.000000000000000000e+00	0.000000000000000000e+00
0.000000000000000000e+00	0.000000000000000000e+00	0.000000000000000000e+00	0.000000000000000000e+00	0.000000000000000000e+00
0.000000000000000000e+00	0.000000000000000000e+00	0.000000000000000000e+00	0.000000000000000000e+00	0.000000000000000000e+00
0.000000000000000000e+00	0.000000000000000000e+00	0.000000000000000000e+00	0.000000000000000000e+00	0.000000000000000000e+00
0.000000000000000000e+00	0.000000000000000000e+00	0.000000000000000000e+00	0.000000000000000000e+00	0.000000000000000000e+00
0.000000000000000000e+00	0.000000000000000000e+00	0.000000000000000000e+00	0.000000000000000000e+00	0.000000000000000000e+00
0.000000000000000000e+00	0.000000000000000000e+00	0.000000000000000000e+00	0.000000000000000000e+00	0.000000000000000000e+00
0.000000000000000000e+00	0.000000000000000000e+00	0.000000000000000000e+00	0.000000000000000000e+00	0.000000000000000000e+00
0.000000000000000000e+00	0.000000000000000000e+00	0.000000000000000000e+00	0.000000000000000000e+00	0.000000000000000000e+00
0.000000000000000000e+00	0.000000000000000000e+00	0.000000000000000000e+00	0.000000000000000000e+00	0.000000000000000000e+00
0.000000000000000000e+00	0.000000000000000000e+00	0.000000000000000000e+00	0.000000000000000000e+00	0.000000000000000000e+00
0.000000000000000000e+00	0.000000000000000000e+00	0.000000000000000000e+00	0.000000000000000000e+00	0.000000000000000000e+00
0.000000000000000000e+00	0.000000000000000000e+00	0.000000000000000000e+00	0.000000000000000000e+00	0.000000000000000000e+00
0.000000000000000000e+00	0.000000000000000000e+00	0.000000000000000000e+00	0.000000000000000000e+00	0.000000000000000000e+00
0.000000000000000000e+00	0.000000000000000000e+00	0.000000000000000000e+00	0.000000000000000000e+00	0.000000000000000000e+00
0.000000000000000000e+00	0.000000000000000000e+00	0.000000000000000000e+00	0.000000000000000000e+00	0.000000000000000000e+00
0.000000000000000000e+00	0.000000000000000000e+00	0.000000000000000000e+00	0.000000000000000000e+00	0.000000000000000000e+00
0.000000000000000000e+00	0.000000000000000000e+00	0.000000000000000000e+00	0.000000000000000000e+00	0.000000000000000000e+00
0.000000000000000000e+00	0.000000000000000000e+00	0.000000000000000000e+00	0.000000000000000000e+00	0.000000000000000000e+00
0.000000000000000000e+00	0.000000000000000000e+00	0.000000000000000000e+00	0.000000000000000000e+00	0.000000000000000000e+00
0.000000000000000000e+00	0.000000000000000000e+00	0.000000000000000000e+00	0.000000000000000000e+00	0.000000000000000000e+00
0.000000000000000000e+00	0.000000000000000000e+00	0.000000000000000000e+00	0.000000000000000000e+00	0.000000000000000000e+00
0.000000000000000000e+00	0.000000000000000000e+00	0.000000000000000000e+00	0.000000000000000000e+00	0.000000000000000000e+00
0.000000000000000000e+00	0.000000000000000000e+00	0.000000000000000000e+00	0.000000000000000000e+00	0.000000000000000000e+00
0.000000000000000000e+00	0.000000000000000000e+00	0.000000000000000000e+00	0.000000000000000000e+00	0.000000000000000000e+00
0.000000000000000000e+00	0.000000000000000000e+00	0.000000000000000000e+00	0.000000000000000000e+00	0.000000000000000000e+00
0.000000000000000000e+00	0.000000000000000000e+00	0.000000000000000000e+00	0.000000000000000000e+00	0.000000000000000000e+00
0.000000000000000000e+00	0.000000000000000000e+00	0.000000000000000000e+00	0.000000000000000000e+00	0.000000000000000000e+00
0.000000000000000000e+00	0.000000000000000000e+00	0.000000000000000000e+00	0.000000000000000000e+00	0.000000000000000000e+00
0.000000000000000000e+00	0.000000000000000000e+00	0.000000000000000000e+00	0.000000000000000000e+00	0.000000000000000000e+00
0.000000000000000000e+00	0.000000000000000000e+00	0.000000000000000000e+00	0.000000000000000000e+00	0.000000000000000000e+00
0.000000000000000000e+00	0.000000000000000000e+00	0.000000000000000000e+00	0.000000000000000000e+00	0.000000000000000000e+00
0.000000000000000000e+00	0.000000000000000000e+00	0.000000000000000000e+00	0.000000000000000000e+00	0.000000000000000000e+00
0.000000000000000000e+00	0.000000000000000000e+00	0.000000000000000000e+00	0.000000000000000000e+00	0.000000000000000000e+00
0.000000000000000000e+00	0.000000000000000000e+00	0.000000000000000000e+00	0.000000000000000000e+00	0.000000000000000000e+00
0.000000000000000000e+00	0.000000000000000000e+00	0.000000000000000000e+00	0.000000000000000000e+00	0.000000000000000000e+00
0.000000000000000000e+00	0.000000000000000000e+00	0.000000000000000000e+00	0.000000000000000000e+00	0.000000000000000000e+00
0.000000000000000000e+00	0.000000000000000000e+00	0.000000000000000000e+00	0.000000000000000000e+00	0.000000000000000000e+00
0.000000000000000000e+00	0.000000000000000000e+00	0.000000000000000000e+00	0.000000000000000000e+00	0.000000000000000000e+00
0.000000000000000000e+00	0.000000000000000000e+00	0.000000000000000000e+00	0.000000000000000000e+00	0.000000000000000000e+00
0.000000000000000000e+00	0.000000000000000000e+00	0.000000000000000000e+00	0.000000000000000000e+00	0.000000000000000000e+00
0.000000000000000000e+00	0.000000000000000000e+00	0.000000000000000000e+00	0.000000000000000000e+00	0.000000000000000000e+00
0.000000000000000000e+00	0.000000000000000000e+00	0.000000000000000000e+00	0.000000000000000000e+00	0.000000000000000000e+00
0.000000000000000000e+00	0.000000000000000000e+00	0.000000000000000000e+00	0.000000000000000000e+00	0.000000000000000000e+00
0.000000000000000000e+00	0.000000000000000000e+00	0.000000000000000000e+00	0.000000000000000000e+00	0.000000000000000000e+00
0.000000000000000000e+00	0.000000000000000000e+00	0.000000000000000000e+00	0.000000000000000000e+00	0.000000000000000000e+00
0.000000000000000000e+00	0.000000000000000000e+00	0.000000000000000000e+00	0.000000000000000000e+00	0.000000000000000000e+00
0.000000000000000000e+00	0.000000000000000000e+00	0.000000000000000000e+00	0.000000000000000000e+00	0.000000000000000000e+00
0.000000000000000000e+00	0.000000000000000000e+00	0.000000000000000000e+00	0.000000000000000000e+00	0.000000000000000000e+00
0.000000000000000000e+00	0.000000000000000000e+00	0.000000000000000000e+00	0.000000000000000000e+00	0.000000000000000000e+00
0.000000000000000000e+00	0.000000000000000000e+00	0.000000000000000000e+00	0.000000000000000000e+00	0.000000000000000000e+00
0.000000000000000000e+00	0.000000000000000000e+00	0.000000000000000000e+00	0.000000000000000000e+00	0.000000000000000000e+00
0.000000000000000000e+00	0.000000000000000000e+00	0.000000000000000000e+00	0.000000000000000000e+00	0.000000000000000000e+00
0.000000000000000000e+00	0.000000000000000000e+00	0.000000000000000000e+00	0.000000000000000000e+00	0.000000000000000000e+00
0.000000000000000000e+00	0.000000000000000000e+00	0.000000000000000000e+00	0.000000000000000000e+00	0.000000000000000000e+00
0.000000000000000000e+00	0.000000000000000000e+00	0.000000000000000000e+00	0.000000000000000000e+00	0.000000000000000000e+00
0.000000000000000000e+00	0.000000000000000000e+00	0.000000000000000000e+00	0.000000000000000000e+00	0.000000000000000000e+00
0.000000000000000000e+00	0.000000000000000000e+00	0.000000000000000000e+00	0.000000000000000000e+00	0.000000000000000000e+00
0.000000000000000000e+00	0.000000000000000000e+00	0.000000000000000000e+00	0.000000000000000000e+00	0.000000000000000000e+00
0.000000000000000000e+00	0.000000000000000000e+00	0.000000000000000000e+00	0.000000000000000000e+00	0.000000000000000000e+00
0.000000000000000000e+00	0.000000000000000000e+00	0.000000000000000000e+00	0.000000000000000000e+00	0.000000000000000000e+00
0.000000000000000000e+00	0.000000000000000000e+00	0.000000000000000000e+00	0.000000000000000000e+00	0.000000000000000000e+00
0.000000000000000000e+00	0.000000000000000000e+00	0.000000000000000000e+00	0.000000000000000000e+00	0.000000000000000000e+00
0.000000000000000000e+00	0.000000000000000000e+00	0.000000000000000000e+00	0.000000000000000000e+00	0.000000000000000000e+00
0.000000000000000000e+00	0.000000000000000000e+00	0.000000000000000000e+00	0.000000000000000000e+00	0.000000000000000000e+00
0.000000000000000000e+00	0.000000000000000000e+00	0.000000000000000000e+00	0.000000000000000000e+00	0.000000000000000000e+00
0.000000000000000000e+00	0.000000000000000000e+00	0.000000000000000000e+00	0.000000000000000000e+00	0.000000000000000000e+00
0.000000000000000000e+00	0.000000000000000000e+00	0.000000000000000000e+00	0.000000000000000000e+00	0.000000000000000000e+00
0.000000000000000000e+00	0.000000000000000000e+00	0.000000000000000000e+00	0.000000000000000000e+00	0.000000000000000000e+00
0.000000000000000000e+00	0.000000000000000000e+00	0.000000000000000000e+00	0.000000000000000000e+00	0.000000000000000000e+00
0.000000000000000000e+00	0.000000000000000000e+00	0.000000000000000000e+00	0.000000000000000000e+00	0.000000000000000000e+00
0.000000000000000000e+00	0.000000000000000000e+00	0.000000000000000000e+00	0.000000000000000000e+00	0.000000000000000000e+00
0.000000000000000000e+00	0.000000000000000000e+00	0.000000000000000000e+00	0.000000000000000000e+00	0.000000000000000000e+00
0.000000000000000000e+00	0.000000000000000000e+00	0.000000000000000000e+00	0.000000000000000000e+00	0.000000000000000000e+00
0.000000000000000000e+00	0.000000000000000000e+00	0.000000000000000000e+00	0.000000000000000000e+00	0.000000000000000000e+00
0.000000000000000000e+00	0.000000000000000000e+00	0.000000000000000000e+00	0.000000000000000000e+00	0.000000000000000000e+00
0.000000000000000000e+00	0.000000000000000000e+00	0.000000000000000000e+00	0.000000000000000000e+00	0.000000000000000000e+00
0.000000000000000000e+00	0.000000000000000000e+00	0.000000000000000000e+00	0.000000000000000000e+00	0.000000000000000000e+00
0.000000000000000000e+00	0.000000000000000000e+00	0.000000000000000000e+00	0.000000000000000000e+00	0.000000000000000000e+00
0.000000000000000000e+00	0.000000000000000000e+00	0.000000000000000000e+00	0.000000000000000000e+00	0.000000000000000000e+00
0.000000000000000000e+00	0.000000000000000000e+00	0.000000000000000000e+00	0.000000000000000000e+00	0.000000000000000000e+00
0.000000000000000000e+00	0.000000000000000000e+00	0.000000000000000000e+00	0.000000000000000000e+00	0.000000000000000000e+00
0.000000000000000000e+00	0.000000000000000000e+00	0.000000000000000000e+00	0.000000000000000000e+00	0.000000000000000000e+00
0.000000000000000000e+00	0.000000000000000000e+00	0.000000000000000000e+00	0.000000000000000000e+00	0.000000000000000000e+00
0.000000000000000000e+00	0.000000000000000000e+00	0.000000000000000000e+00	0.000000000000000000e+00	0.000000000000000000e+00
0.000000000000000000e+00	0.000000000000000000e+00	0.000000000000000000e+00	0.000000000000000000e+00	0.000000000000000000e+00
0.000000000000000000e+00	0.000000000000000000e+00	0.000000000000000000e+00	0.000000000000000000e+00	0.000000000000000000e+00
0.000000000000000000e+00	0.000000000000000000e+00	0.000000000000000000e+00	0.000000000000000000e+00	0.000000000000000000e+00
0.000000000000000000e+00	0.000000000000000000e+00	0.000000000000000000e+00	0.000000000000000000e+00	0.000000000000000000e+00
0.000000000000000000e+00	0.000000000000000000e+00	0.000000000000000000e+00	0.000000000000000000e+00	0.000000000000000000e+00
0.000000000000000000e+00	0.000000000000000000e+00	0.000000000000000000e+00	0.000000000000000000e+00	0.000000000000000000e+00
0.000000000000000000e+00	0.000000000000000000e+00	0.000000000000000000e+00	0.000000000000000000e+00	0.000000000000000000e+00
0.000000000000000000e+00	0.000000000000000000e+00	0.000000000000000000e+00	0.000000000000000000e+00	0.000000000000000000e+00
0.000000000000000000e+00	0.000000000000000000e+00	0.000000000000000000e+00	0.000000000000000000e+00	0.000000000000000000e+00
0.000000000000000000e+00	0.000000000000000000e+00	0.000000000000000000e+00	0.000000000000000000e+00	0.000000000000000000e+00
0.000000000000000000e+00	0.000000000000000000e+00	0.000000000000000000e+00	0.000000000000000000e+00	0.000000000000000000e+00
0.000000000000000000e+00	0.000000000000000000e+00	0.000000000000000000e+00	0.000000000000000000e+00	0.000000000000000000e+00
0.000000000000000000e+00	0.000000000000000000e+00	0.000000000000000000e+00	0.000000000000000000e+00	0.000000000000000000e+00
0.000000000000000000e+00	0.000000000000000000e+00	0.000000000000000000e+00	0.000000000000000000e+00	0.000000000000000000e+00
0.000000000000000000e+00	0.000000000000000000e+00	0.000000000000000000e+00	0.000000000000000000e+00	0.000000000000000000e+00
0.000000000000000000e+00	0.000000000000000000e+00	0.000000000000000000e+00	0.000000000000000000e+00	0.000000000000000000e+00
0.000000000000000000e+00	0.000000000000000000e+00	0.000000000000000000e+00	0.000000000000000000e+00	0.000000000000000000e+00
0.000000000000000000e+00	0.000000000000000000e+00	0.000000000000000000e+00	0.000000000000000000e+00	0.000000000000000000e+00
0.000000000000000000e+00	0.000000000000000000e+00	0.000000000000000000e+00	0.000000000000000000e+00	0.000000000000000000e+00
0.000000000000000000e+00	0.000000000000000000e+00	0.000000000000000000e+00	0.000000000000000000e+00	0.000000000000000000e+00
0.000000000000000000e+00	0.000000000000000000e+00	0.000000000000000000e+00	0.000000000000000000e+00	0.000000000000000000e+00
0.000000000000000000e+00	0.000000000000000000e+00	0.000000000000000000e+00	0.000000000000000000e+00	0.000000000000000000e+00
0.000000000000000000e+00	0.000000000000000000e+00	0.000000000000000000e+00	0.000000000000000000e+00	0.000000000000000000e+00
0.000000000000000000e+00	0.000000000000000000e+00	0.000000000000000000e+00	0.000000000000000000e+00	0.000000000000000000e+00
0.000000000000000000e+00	0.000000000000000000e+00	0.000000000000000000e+00	0.000000000000000000e+00	0.000000000000000000e+00
0.000000000000000000e+00	0.000000000000000000e+00	0.000000000000000000e+00	0.000000000000000000e+00	0.000000000000000000e+00
0.000000000000000000e+00	0.000000000000000000e+00	0.000000000000000000e+00	0.000000000000000000e+00	0.000000000000000000e+00
0.000000000000000000e+00	0.000000000000000000e+00	0.000000000000000000e+00	0.000000000000000000e+00	0.000000000000000000e+00
0.000000000000000000e+00	0.000000000000000000e+00	0.000000000000000000e+00	0.000000000000000000e+00	0.000000000000000000e+00
0.000000000000000000e+00	0.000000000000000000e+00	0.000000000000000000e+00	0.000000000000000000e+00	0.000000000000000000e+00
0.000000000000000000e+00	0.000000000000000000e+00	0.000000000000000000e+00	0.000000000000000000e+00	0.000000000000000000e+00
0.000000000000000000e+00	0.000000000000000000e+00	0.000000000000000000e+00	0.000000000000000000e+00	0.000000000000000000e+00
0.000000000000000000e+00	0.000000000000000000e+00	0.000000000000000000e+00	0.000000000000000000e+00	0.000000000000000000e+00
0.000000000000000000e+00	0.000000000000000000e+00	0.000000000000000000e+00	0.000000000000000000e+00	0.000000000000000000e+00
0.000000000000000000e+00	0.000000000000000000e+00	0.000000000000000000e+00	0.000000000000000000e+00	0.000000000000000000e+00
0.000000000000000000e+00	0.000000000000000000e+00	0.000000000000000000e+00	0.000000000000000000e+00	0.000000000000000000e+00
0.000000000000000000e+00	0.000000000000000000e+00	0.000000000000000000e+00	0.000000000000000000e+00	0.000000000000000000e+00
0.000000000000000000e+00	0.000000000000000000e+00	0.000000000000000000e+00	0.000000000000000000e+00	0.000000000000000000e+00
0.000000000000000000e+00	0.000000000000000000e+00	0.000000000000000000e+00	0.000000000000000000e+00	0.000000000000000000e+00
0.000000000000000000e+00	0.000000000000000000e+00	0.000000000000000000e+00	0.000000000000000000e+00	0.000000000000000000e+00
0.000000000000000000e+00	0.000000000000000000e+00	0.000000000000000000e+00	0.000000000000000000e+00	0.000000000000000000e+00
0.000000000000000000e+00	0.000000000000000000e+00	0.000000000000000000e+00	0.000000000000000000e+00	0.000000000000000000e+00
0.000000000000000000e+00	0.000000000000000000e+00	0.000000000000000000e+00	0.000000000000000000e+00	0.000000000000000000e+00
0.000000000000000000e+00	0.000000000000000000e+00	0.000000000000000000e+00	0.000000000000000000e+00	0.000000000000000000e+00
0.000000000000000000e+00	0.000000000000000000e+00	0.000000000000000000e+00	0.000000000000000000e+00	0.000000000000000000e+00
0.000000000000000000e+00	0.000000000000000000e+00	0.000000000000000000e+00	0.000000000000000000e+00	0.000000000000000000e+00
0.000000000000000000e+00	0.000000000000000000e+00	0.000000000000000000e+00	0.000000000000000000e+00	0.000000000000000000e+00
0.000000000000000000e+00	0.000000000000000000e+00	0.000000000000000000e+00	0.000000000000000000e+00	0.000000000000000000e+00
0.000000000000000000e+00	0.000000000000000000e+00	0.000000000000000000e+00	0.000000000000000000e+00	0.000000000000000000e+00
0.000000000000000000e+00	0.000000000000000000e+00	0.000000000000000000e+00	0.000000000000000000e+00	0.000000000000000000e+00
0.000000000000000000e+00	0.000000000000000000e+00	0.000000000000000000e+00	0.000000000000000000e+00	0.000000000000000000e+00
0.000000000000000000e+00	0.000000000000000000e+00	0.000000000000000000e+00	0.000000000000000000e+00	0.000000000000000000e+00
0.000000000000000000e+00	0.000000000000000000e+00	0.000000000000000000e+00	0.000000000000000000e+00	0.000000000000000000e+00
0.000000000000000000e+00	0.000000000000000000e+00	0.000000000000000000e+00	0.000000000000000000e+00	0.000000000000000000e+00
0.000000000000000000e+00	0.000000000000000000e+00	0.000000000000000000e+00	0.000000000000000000e+00	0.000000000000000000e+00
0.000000000000000000e+00	0.000000000000000000e+00	0.000000000000000000e+00	0.000000000000000000e+00	0.000000000000000000e+00
0.000000000000000000e+00	0.000000000000000000e+00	0.000000000000000000e+00	0.000000000000000000e+00	0.000000000000000000e+00
0.000000000000000000e+00	0.000000000000000000e+00	0.000000000000000000e+00	0.000000000000000000e+00	0.000000000000000000e+00
0.000000000000000000e+00	0.000000000000000000e+00	0.000000000000000000e+00	0.000000000000000000e+00	0.000000000000000000e+00
0.000000000000000000e+00	0.000000000000000000e+00	0.000000000000000000e+00	0.000000000000000000e+00	0.000000000000000000e+00
0.000000000000000000e+00	0.000000000000000000e+00	0.000000000000000000e+00	0.000000000000000000e+00	0.000000000000000000e+00
0.000000000000000000e+00	0.000000000000000000e+00	0.000000000000000000e+00	0.000000000000000000e+00	0.000000000000000000e+00
0.000000000000000000e+00	0.000000000000000000e+00	0.000000000000000000e+00	0.000000000000000000e+00	0.000000000000000000e+00
0.000000000000000000e+00	0.000000000000000000e+00	0.000000000000000000e+00	0.000000000000000000e+00	0.000000000000000000e+00
0.000000000000000000e+00	0.000000000000000000e+00	0.000000000000000000e+00	0.000000000000000000e+00	0.000000000000000000e+00
0.000000000000000000e+00	0.000000000000000000e+00	0.000000000000000000e+00	0.000000000000000000e+00	0.000000000000000000e+00
0.000000000000000000e+00	0.000000000000000000e+00	0.000000000000000000e+00	0.000000000000000000e+00	0.000000000000000000e+00
0.000000000000000000e+00	0.000000000000000000e+00	0.000000000000000000e+00	0.000000000000000000e+00	0.000000000000000000e+00
0.000000000000000000e+00	0.000000000000000000e+00	0.000000000000000000e+00	0.000000000000000000e+00	0.000000000000000000e+00
0.000000000000000000e+00	0.000000000000000000e+00	0.000000000000000000e+00	0.000000000000000000e+00	0.000000000000000000e+00
0.000000000000000000e+00	0.000000000000000000e+00	0.000000000000000000e+00	0.000000000000000000e+00	0.000000000000000000e+00
0.000000000000000000e+00	0.000000000000000000e+00	0.000000000000000000e+00	0.000000000000000000e+00	0.000000000000000000e+00
0.000000000000000000e+00	0.000000000000000000e+00	0.000000000000000000e+00	0.000000000000000000e+00	0.000000000000000000e+00
0.000000000000000000e+00	0.000000000000000000e+00	0.000000000000000000e+00	0.000000000000000000e+00	0.000000000000000000e+00
0.000000000000000000e+00	0.000000000000000000e+00	0.000000000000000000e+00	0.000000000000000000e+00	0.000000000000000000e+00
0.000000000000000000e+00	0.000000000000000000e+00	0.000000000000000000e+00	0.000000000000000000e+00	0.000000000000000000e+00
0.000000000000000000e+00	0.000000000000000000e+00	0.000000000000000000e+00	0.000000000000000000e+00	0.000000000000000000e+00
0.000000000000000000e+00	0.000000000000000000e+00	0.000000000000000000e+00	0.000000000000000000e+00	0.000000000000000000e+00
0.000000000000000000e+00	0.000000000000000000e+00	0.000000000000000000e+00	0.000000000000000000e+00	0.000000000000000000e+00
0.000000000000000000e+00	0.000000000000000000e+00	0.000000000000000000e+00	0.000000000000000000e+00	0.000000000000000000e+00
0.000000000000000000e+00	0.000000000000000000e+00	0.000000000000000000e+00	0.000000000000000000e+00	0.000000000000000000e+00
0.000000000000000000e+00	0.000000000000000000e+00	0.000000000000000000e+00	0.000000000000000000e+00	0.000000000000000000e+00
0.000000000000000000e+00	0.000000000000000000e+00	0.000000000000000000e+00	0.000000000000000000e+00	0.000000000000000000e+00
0.000000000000000000e+00	0.000000000000000000e+00	0.000000000000000000e+00	0.000000000000000000e+00	0.000000000000000000e+00
0.000000000000000000e+00	0.000000000000000000e+00	0.000000000000000000e+00	0.000000000000000000e+00	0.000000000000000000e+00
0.000000000000000000e+00	0.000000000000000000e+00	0.000000000000000000e+00	0.000000000000000000e+00	0.000000000000000000e+00
0.000000000000000000e+00	0.000000000000000000e+00	0.000000000000000000e+00	0.000000000000000000e+00	0.000000000000000000e+00
0.000000000000000000e+00	0.000000000000000000e+00	0.000000000000000000e+00	0.000000000000000000e+00	0.000000000000000000e+00
0.000000000000000000e+00	0.000000000000000000e+00	0.000000000000000000e+00	0.000000000000000000e+00	0.000000000000000000e+00
0.000000000000000000e+00	0.000000000000000000e+00	0.000000000000000000e+00	0.000000000000000000e+00	0.000000000000000000e+00
0.000000000000000000e+00	0.000000000000000000e+00	0.000000000000000000e+00	0.000000000000000000e+00	0.000000000000000000e+00
0.000000000000000000e+00	0.000000000000000000e+00	0.000000000000000000e+00	0.000000000000000000e+00	0.000000000000000000e+00
0.000000000000000000e+00	0.000000000000000000e+00	0.000000000000000000e+00	0.000000000000000000e+00	0.000000000000000000e+00
0.000000000000000000e+00	0.000000000000000000e+00	0.000000000000000000e+00	0.000000000000000000e+00	0.000000000000000000e+00
0.000000000000000000e+00	0.000000000000000000e+00	0.000000000000000000e+00	0.000000000000000000e+00	0.000000000000000000e+00
0.000000000000000000e+00	0.000000000000000000e+00	0.000000000000000000e+00	0.000000000000000000e+00	0.000000000000000000e+00
0.000000000000000000e+00	0.000000000000000000e+00	0.000000000000000000e+00	0.000000000000000000e+00	0.000000000000000000e+00
0.000000000000000000e+00	0.000000000000000000e+00	0.000000000000000000e+00	0.000000000000000000e+00	0.000000000000000000e+00
0.000000000000000000e+00	0.000000000000000000e+00	0.000000000000000000e+00	0.000000000000000000e+00	0.000000000000000000e+00
0.000000000000000000e+00	0.000000000000000000e+00	0.000000000000000000e+00	0.000000000000000000e+00	0.000000000000000000e+00
0.000000000000000000e+00	0.000000000000000000e+00	0.000000000000000000e+00	0.000000000000000000e+00	0.000000000000000000e+00
0.000000000000000000e+00	0.000000000000000000e+00	0.000000000000000000e+00	0.000000000000000000e+00	0.000000000000000000e+00
0.000000000000000000e+00	0.000000000000000000e+00	0.000000000000000000e+00	0.000000000000000000e+00	0.000000000000000000e+00
0.000000000000000000e+00	0.000000000000000000e+00	0.000000000000000000e+00	0.000000000000000000e+00	0.000000000000000000e+00
0.000000000000000000e+00	0.000000000000000000e+00	0.000000000000000000e+00	0.000000000000000000e+00	0.000000000000000000e+00
0.000000000000000000e+00	0.000000000000000000e+00	0.000000000000000000e+00	0.000000000000000000e+00	0.000000000000000000e+00
0.000000000000000000e+00	0.000000000000000000e+00	0.000000000000000000e+00	0.000000000000000000e+00	0.000000000000000000e+00
0.000000000000000000e+00	0.000000000000000000e+00	0.000000000000000000e+00	0.000000000000000000e+00	0.000000000000000000e+00
0.000000000000000000e+00	0.000000000000000000e+00	0.000000000000000000e+00	0.000000000000000000e+00	0.000000000000000000e+00
0.000000000000000000e+00	0.000000000000000000e+00	0.000000000000000000e+00	0.000000000000000000e+00	0.000000000000000000e+00
0.000000000000000000e+00	0.000000000000000000e+00	0.000000000000000000e+00	0.000000000000000000e+00	0.000000000000000000e+00
0.000000000000000000e+00	0.000000000000000000e+00	0.000000000000000000e+00	0.000000000000000000e+00	0.000000000000000000e+00
0.000000000000000000e+00	0.000000000000000000e+00	0.000000000000000000e+00	0.000000000000000000e+00	0.000000000000000000e+00
0.000000000000000000e+00	0.000000000000000000e+00	0.000000000000000000e+00	0.000000000000000000e+00	0.000000000000000000e+00
0.000000000000000000e+00	0.000000000000000000e+00	0.000000000000000000e+00	0.000000000000000000e+00	0.000000000000000000e+00
0.000000000000000000e+00	0.000000000000000000e+00	0.000000000000000000e+00	0.000000000000000000e+00	0.000000000000000000e+00
0.000000000000000000e+00	0.000000000000000000e+00	0.000000000000000000e+00	0.000000000000000000e+00	0.000000000000000000e+00
0.000000000000000000e+00	0.000000000000000000e+00	0.000000000000000000e+00	0.000000000000000000e+00	0.000000000000000000e+00
0.000000000000000000e+00	0.000000000000000000e+00	0.000000000000000000e+00	0.000000000000000000e+00	0.000000000000000000e+00
0.000000000000000000e+00	0.000000000000000000e+00	0.000000000000000000e+00	0.000000000000000000e+00	0.000000000000000000e+00
0.000000000000000000e+00	0.000000000000000000e+00	0.000000000000000000e+00	0.000000000000000000e+00	0.000000000000000000e+00
0.000000000000000000e+00	0.000000000000000000e+00	0.000000000000000000e+00	0.000000000000000000e+00	0.000000000000000000e+00
0.000000000000000000e+00	0.000000000000000000e+00	0.000000000000000000e+00	0.000000000000000000e+00	0.000000000000000000e+00
0.000000000000000000e+00	0.000000000000000000e+00	0.000000000000000000e+00	0.000000000000000000e+00	0.000000000000000000e+00
0.000000000000000000e+00	0.000000000000000000e+00	0.000000000000000000e+00	0.000000000000000000e+00	0.000000000000000000e+00
0.000000000000000000e+00	0.000000000000000000e+00	0.000000000000000000e+00	0.000000000000000000e+00	0.000000000000000000e+00
0.000000000000000000e+00	0.000000000000000000e+00	0.000000000000000000e+00	0.000000000000000000e+00	0.000000000000000000e+00
0.000000000000000000e+00	0.000000000000000000e+00	0.000000000000000000e+00	0.000000000000000000e+00	0.000000000000000000e+00
0.000000000000000000e+00	0.000000000000000000e+00	0.000000000000000000e+00	0.000000000000000000e+00	0.000000000000000000e+00
0.000000000000000000e+00	0.000000000000000000e+00	0.000000000000000000e+00	0.000000000000000000e+00	0.000000000000000000e+00
0.000000000000000000e+00	0.000000000000000000e+00	0.000000000000000000e+00	0.000000000000000000e+00	0.000000000000000000e+00
0.000000000000000000e+00	0.000000000000000000e+00	0.000000000000000000e+00	0.000000000000000000e+00	0.000000000000000000e+00
0.000000000000000000e+00	0.000000000000000000e+00	0.000000000000000000e+00	0.000000000000000000e+00	0.000000000000000000e+00
0.000000000000000000e+00	0.000000000000000000e+00	0.000000000000000000e+00	0.000000000000000000e+00	0.000000000000000000e+00
0.000000000000000000e+00	0.000000000000000000e+00	0.000000000000000000e+00	0.000000000000000000e+00	0.000000000000000000e+00
0.000000000000000000e+00	0.000000000000000000e+00	0.000000000000000000e+00	0.000000000000000000e+00	0.000000000000000000e+00
0.000000000000000000e+00	0.000000000000000000e+00	0.000000000000000000e+00	0.000000000000000000e+00	0.000000000000000000e+00
0.000000000000000000e+00	0.000000000000000000e+00	0.000000000000000000e+00	0.000000000000000000e+00	0.000000000000000000e+00
0.000000000000000000e+00	0.000000000000000000e+00	0.000000000000000000e+00	0.000000000000000000e+00	0.000000000000000000e+00
0.000000000000000000e+00	0.000000000000000000e+00	0.000000000000000000e+00	0.000000000000000000e+00	0.000000000000000000e+00
0.000000000000000000e+00	0.000000000000000000e+00	0.000000000000000000e+00	0.000000000000000000e+00	0.000000000000000000e+00
0.000000000000000000e+00	0.000000000000000000e+00	0.000000000000000000e+00	0.000000000000000000e+00	0.000000000000000000e+00
0.000000000000000000e+00	0.000000000000000000e+00	0.000000000000000000e+00	0.000000000000000000e+00	0.000000000000000000e+00
0.000000000000000000e+00	0.000000000000000000e+00	0.000000000000000000e+00	0.000000000000000000e+00	0.000000000000000000e+00
0.000000000000000000e+00	0.000000000000000000e+00	0.000000000000000000e+00	0.000000000000000000e+00	0.000000000000000000e+00
0.000000000000000000e+00	0.000000000000000000e+00	0.000000000000000000e+00	0.000000000000000000e+00	0.000000000000000000e+00
0.000000000000000000e+00	0.000000000000000000e+00	0.000000000000000000e+00	0.000000000000000000e+00	0.000000000000000000e+00
0.000000000000000000e+00	0.000000000000000000e+00	0.000000000000000000e+00	0.000000000000000000e+00	0.000000000000000000e+00
0.000000000000000000e+00	0.000000000000000000e+00	0.000000000000000000e+00	0.000000000000000000e+00	0.000000000000000000e+00
0.000000000000000000e+00	0.000000000000000000e+00	0.000000000000000000e+00	0.000000000000000000e+00	0.000000000000000000e+00
0.000000000000000000e+00	0.000000000000000000e+00	0.000000000000000000e+00	0.000000000000000000e+00	0.000000000000000000e+00
0.000000000000000000e+00	0.000000000000000000e+00	0.000000000000000000e+00	0.000000000000000000e+00	0.000000000000000000e+00
0.000000000000000000e+00	0.000000000000000000e+00	0.000000000000000000e+00	0.000000000000000000e+00	0.000000000000000000e+00
0.000000000000000000e+00	0.000000000000000000e+00	0.000000000000000000e+00	0.000000000000000000e+00	0.000000000000000000e+00
0.000000000000000000e+00	0.000000000000000000e+00	0.000000000000000000e+00	0.000000000000000000e+00	0.000000000000000000e+00
0.000000000000000000e+00	0.000000000000000000e+00	0.000000000000000000e+00	0.000000000000000000e+00	0.000000000000000000e+00
0.000000000000000000e+00	0.000000000000000000e+00	0.000000000000000000e+00	0.000000000000000000e+00	0.000000000000000000e+00
0.000000000000000000e+00	0.000000000000000000e+00	0.000000000000000000e+00	0.000000000000000000e+00	0.000000000000000000e+00
0.000000000000000000e+00	0.000000000000000000e+00	0.000000000000000000e+00	0.000000000000000000e+00	0.000000000000000000e+00
0.000000000000000000e+00	0.000000000000000000e+00	0.000000000000000000e+00	0.000000000000000000e+00	0.000000000000000000e+00
0.000000000000000000e+00	0.000000000000000000e+00	0.000000000000000000e+00	0.000000000000000000e+00	0.000000000000000000e+00
0.000000000000000000e+00	0.000000000000000000e+00	0.000000000000000000e+00	0.000000000000000000e+00	0.000000000000000000e+00
0.000000000000000000e+00	0.000000000000000000e+00	0.000000000000000000e+00	0.000000000000000000e+00	0.000000000000000000e+00
0.000000000000000000e+00	0.000000000000000000e+00	0.000000000000000000e+00	0.000000000000000000e+00	0.000000000000000000e+00
0.000000000000000000e+00	0.000000000000000000e+00	0.000000000000000000e+00	0.000000000000000000e+00	0.000000000000000000e+00
0.000000000000000000e+00	0.000000000000000000e+00	0.000000000000000000e+00	0.000000000000000000e+00	0.000000000000000000e+00
0.000000000000000000e+00	0.000000000000000000e+00	0.000000000000000000e+00	0.000000000000000000e+00	0.000000000000000000e+00
0.000000000000000000e+00	0.000000000000000000e+00	0.000000000000000000e+00	0.000000000000000000e+00	0.000000000000000000e+00
0.000000000000000000e+00	0.000000000000000000e+00	0.000000000000000000e+00	0.000000000000000000e+00	0.000000000000000000e+00
0.000000000000000000e+00	0.000000000000000000e+00	0.000000000000000000e+00	0.000000000000000000e+00	0.000000000000000000e+00
0.000000000000000000e+00	0.000000000000000000e+00	0.000000000000000000e+00	0.000000000000000000e+00	0.000000000000000000e+00
0.000000000000000000e+00	0.000000000000000000e+00	0.000000000000000000e+00	0.000000000000000000e+00	0.000000000000000000e+00
0.000000000000000000e+00	0.000000000000000000e+00	0.000000000000000000e+00	0.000000000000000000e+00	0.000000000000000000e+00
0.000000000000000000e+00	0.000000000000000000e+00	0.000000000000000000e+00	0.000000000000000000e+00	0.000000000000000000e+00
0.000000000000000000e+00	0.000000000000000000e+00	0.000000000000000000e+00	0.000000000000000000e+00	0.000000000000000000e+00
0.000000000000000000e+00	0.000000000000000000e+00	0.000000000000000000e+00	0.000000000000000000e+00	0.000000000000000000e+00
0.000000000000000000e+00	0.000000000000000000e+00	0.000000000000000000e+00	0.000000000000000000e+00	0.000000000000000000e+00
0.000000000000000000e+00	0.000000000000000000e+00	0.000000000000000000e+00	0.000000000000000000e+00	0.000000000000000000e+00
0.000000000000000000e+00	0.000000000000000000e+00	0.000000000000000000e+00	0.000000000000000000e+00	0.000000000000000000e+00
0.000000000000000000e+00	0.000000000000000000e+00	0.000000000000000000e+00	0.000000000000000000e+00	0.000000000000000000e+00
0.000000000000000000e+00	0.000000000000000000e+00	0.000000000000000000e+00	0.000000000000000000e+00	0.000000000000000000e+00
0.000000000000000000e+00	0.000000000000000000e+00	0.000000000000000000e+00	0.000000000000000000e+00	0.000000000000000000e+00
0.000000000000000000e+00	0.000000000000000000e+00	0.000000000000000000e+00	0.000000000000000000e+00	0.000000000000000000e+00
0.000000000000000000e+00	0.000000000000000000e+00	0.000000000000000000e+00	0.000000000000000000e+00	0.000000000000000000e+00
0.000000000000000000e+00	0.000000000000000000e+00	0.000000000000000000e+00	0.000000000000000000e+00	0.000000000000000000e+00
0.000000000000000000e+00	0.000000000000000000e+00	0.000000000000000000e+00	0.000000000000000000e+00	0.000000000000000000e+00
0.000000000000000000e+00	0.000000000000000000e+00	0.000000000000000000e+00	0.000000000000000000e+00	0.000000000000000000e+00
0.000000000000000000e+00	0.000000000000000000e+00	0.000000000000000000e+00	0.000000000000000000e+00	0.000000000000000000e+00
0.000000000000000000e+00	0.000000000000000000e+00	0.000000000000000000e+00	0.000000000000000000e+00	0.000000000000000000e+00
0.000000000000000000e+00	0.000000000000000000e+00	0.000000000000000000e+00	0.000000000000000000e+00	0.000000000000000000e+00
0.000000000000000000e+00	0.000000000000000000e+00	0.000000000000000000e+00	0.000000000000000000e+00	0.000000000000000000e+00
0.000000000000000000e+00	0.000000000000000000e+00	0.000000000000000000e+00	0.000000000000000000e+00	0.000000000000000000e+00
0.000000000000000000e+00	0.000000000000000000e+00	0.000000000000000000e+00	0.000000000000000000e+00	0.000000000000000000e+00
0.000000000000000000e+00	0.000000000000000000e+00	0.000000000000000000e+00	0.000000000000000000e+00	0.000000000000000000e+00
0.000000000000000000e+00	0.000000000000000000e+00	0.000000000000000000e+00	0.000000000000000000e+00	0.000000000000000000e+00
0.000000000000000000e+00	0.000000000000000000e+00	0.000000000000000000e+00	0.000000000000000000e+00	0.000000000000000000e+00
0.000000000000000000e+00	0.000000000000000000e+00	0.000000000000000000e+00	0.000000000000000000e+00	0.000000000000000000e+00
0.000000000000000000e+00	0.000000000000000000e+00	0.000000000000000000e+00	0.000000000000000000e+00	0.000000000000000000e+00
0.000000000000000000e+00	0.000000000000000000e+00	0.000000000000000000e+00	0.000000000000000000e+00	0.000000000000000000e+00
0.000000000000000000e+00	0.000000000000000000e+00	0.000000000000000000e+00	0.000000000000000000e+00	0.000000000000000000e+00
0.000000000000000000e+00	0.000000000000000000e+00	0.000000000000000000e+00	0.000000000000000000e+00	0.000000000000000000e+00
0.000000000000000000e+00	0.000000000000000000e+00	0.000000000000000000e+00	0.000000000000000000e+00	0.000000000000000000e+00
0.000000000000000000e+00	0.000000000000000000e+00	0.000000000000000000e+00	0.000000000000000000e+00	0.000000000000000000e+00
0.000000000000000000e+00	0.000000000000000000e+00	0.000000000000000000e+00	0.000000000000000000e+00	0.000000000000000000e+00
0.000000000000000000e+00	0.000000000000000000e+00	0.000000000000000000e+00	0.000000000000000000e+00	0.000000000000000000e+00
0.000000000000000000e+00	0.000000000000000000e+00	0.000000000000000000e+00	0.000000000000000000e+00	0.000000000000000000e+00
0.000000000000000000e+00	0.000000000000000000e+00	0.000000000000000000e+00	0.000000000000000000e+00	0.000000000000000000e+00
0.000000000000000000e+00	0.000000000000000000e+00	0.000000000000000000e+00	0.000000000000000000e+00	0.000000000000000000e+00
0.000000000000000000e+00	0.000000000000000000e+00	0.000000000000000000e+00	0.000000000000000000e+00	0.000000000000000000e+00
0.000000000000000000e+00	0.000000000000000000e+00	0.000000000000000000e+00	0.000000000000000000e+00	0.000000000000000000e+00
0.000000000000000000e+00	0.000000000000000000e+00	0.000000000000000000e+00	0.000000000000000000e+00	0.000000000000000000e+00
0.000000000000000000e+00	0.000000000000000000e+00	0.000000000000000000e+00	0.000000000000000000e+00	0.000000000000000000e+00
0.000000000000000000e+00	0.000000000000000000e+00	0.000000000000000000e+00	0.000000000000000000e+00	0.000000000000000000e+00
0.000000000000000000e+00	0.000000000000000000e+00	0.000000000000000000e+00	0.000000000000000000e+00	0.000000000000000000e+00
0.000000000000000000e+00	0.000000000000000000e+00	0.000000000000000000e+00	0.000000000000000000e+00	0.000000000000000000e+00
0.000000000000000000e+00	0.000000000000000000e+00	0.000000000000000000e+00	0.000000000000000000e+00	0.000000000000000000e+00
0.000000000000000000e+00	0.000000000000000000e+00	0.000000000000000000e+00	0.000000000000000000e+00	0.000000000000000000e+00
0.000000000000000000e+00	0.000000000000000000e+00	0.000000000000000000e+00	0.000000000000000000e+00	0.000000000000000000e+00
0.000000000000000000e+00	0.000000000000000000e+00	0.000000000000000000e+00	0.000000000000000000e+00	0.000000000000000000e+00
0.000000000000000000e+00	0.000000000000000000e+00	0.000000000000000000e+00	0.000000000000000000e+00	0.000000000000000000e+00
0.000000000000000000e+00	0.000000000000000000e+00	0.000000000000000000e+00	0.000000000000000000e+00	0.000000000000000000e+00
0.000000000000000000e+00	0.000000000000000000e+00	0.000000000000000000e+00	0.000000000000000000e+00	0.000000000000000000e+00
0.000000000000000000e+00	0.000000000000000000e+00	0.000000000000000000e+00	0.000000000000000000e+00	0.000000000000000000e+00
0.000000000000000000e+00	0.000000000000000000e+00	0.000000000000000000e+00	0.000000000000000000e+00	0.000000000000000000e+00
0.000000000000000000e+00	0.000000000000000000e+00	0.000000000000000000e+00	0.000000000000000000e+00	0.000000000000000000e+00
0.000000000000000000e+00	0.000000000000000000e+00	0.000000000000000000e+00	0.000000000000000000e+00	0.000000000000000000e+00
0.000000000000000000e+00	0.000000000000000000e+00	0.000000000000000000e+00	0.000000000000000000e+00	0.000000000000000000e+00
0.000000000000000000e+00	0.000000000000000000e+00	0.000000000000000000e+00	0.000000000000000000e+00	0.000000000000000000e+00
0.000000000000000000e+00	0.000000000000000000e+00	0.000000000000000000e+00	0.000000000000000000e+00	0.000000000000000000e+00
0.000000000000000000e+00	0.000000000000000000e+00	0.000000000000000000e+00	0.000000000000000000e+00	0.000000000000000000e+00
0.000000000000000000e+00	0.000000000000000000e+00	0.000000000000000000e+00	0.000000000000000000e+00	0.000000000000000000e+00
0.000000000000000000e+00	0.000000000000000000e+00	0.000000000000000000e+00	0.000000000000000000e+00	0.000000000000000000e+00
0.000000000000000000e+00	0.000000000000000000e+00	0.000000000000000000e+00	0.000000000000000000e+00	0.000000000000000000e+00
0.000000000000000000e+00	0.000000000000000000e+00	0.000000000000000000e+00	0.000000000000000000e+00	0.000000000000000000e+00
0.000000000000000000e+00	0.000000000000000000e+00	0.000000000000000000e+00	0.000000000000000000e+00	0.000000000000000000e+00
0.000000000000000000e+00	0.000000000000000000e+00	0.000000000000000000e+00	0.000000000000000000e+00	0.000000000000000000e+00
0.000000000000000000e+00	0.000000000000000000e+00	0.000000000000000000e+00	0.000000000000000000e+00	0.000000000000000000e+00
0.000000000000000000e+00	0.000000000000000000e+00	0.000000000000000000e+00	0.000000000000000000e+00	0.000000000000000000e+00
0.000000000000000000e+00	0.000000000000000000e+00	0.000000000000000000e+00	0.000000000000000000e+00	0.000000000000000000e+00
0.000000000000000000e+00	0.000000000000000000e+00	0.000000000000000000e+00	0.000000000000000000e+00	0.000000000000000000e+00
0.000000000000000000e+00	0.000000000000000000e+00	0.000000000000000000e+00	0.000000000000000000e+00	0.000000000000000000e+00
0.000000000000000000e+00	0.000000000000000000e+00	0.000000000000000000e+00	0.000000000000000000e+00	0.000000000000000000e+00
0.000000000000000000e+00	0.000000000000000000e+00	0.000000000000000000e+00	0.000000000000000000e+00	0.000000000000000000e+00
0.000000000000000000e+00	0.000000000000000000e+00	0.000000000000000000e+00	0.000000000000000000e+00	0.000000000000000000e+00
0.000000000000000000e+00	0.000000000000000000e+00	0.000000000000000000e+00	0.000000000000000000e+00	0.000000000000000000e+00
0.000000000000000000e+00	0.000000000000000000e+00	0.000000000000000000e+00	0.000000000000000000e+00	0.000000000000000000e+00
0.000000000000000000e+00	0.000000000000000000e+00	0.000000000000000000e+00	0.000000000000000000e+00	0.000000000000000000e+00
0.000000000000000000e+00	0.000000000000000000e+00	0.000000000000000000e+00	0.000000000000000000e+00	0.000000000000000000e+00
0.000000000000000000e+00	0.000000000000000000e+00	0.000000000000000000e+00	0.000000000000000000e+00	0.000000000000000000e+00
0.000000000000000000e+00	0.000000000000000000e+00	0.000000000000000000e+00	0.000000000000000000e+00	0.000000000000000000e+00
0.000000000000000000e+00	0.000000000000000000e+00	0.000000000000000000e+00	0.000000000000000000e+00	0.000000000000000000e+00
0.000000000000000000e+00	0.000000000000000000e+00	0.000000000000000000e+00	0.000000000000000000e+00	0.000000000000000000e+00
0.000000000000000000e+00	0.000000000000000000e+00	0.000000000000000000e+00	0.000000000000000000e+00	0.000000000000000000e+00
0.000000000000000000e+00	0.000000000000000000e+00	0.000000000000000000e+00	0.000000000000000000e+00	0.000000000000000000e+00
0.000000000000000000e+00	0.000000000000000000e+00	0.000000000000000000e+00	0.000000000000000000e+00	0.000000000000000000e+00
0.000000000000000000e+00	0.000000000000000000e+00	0.000000000000000000e+00	0.000000000000000000e+00	0.000000000000000000e+00
0.000000000000000000e+00	0.000000000000000000e+00	0.000000000000000000e+00	0.000000000000000000e+00	0.000000000000000000e+00
0.000000000000000000e+00	0.000000000000000000e+00	0.000000000000000000e+00	0.000000000000000000e+00	0.000000000000000000e+00
0.000000000000000000e+00	0.000000000000000000e+00	0.000000000000000000e+00	0.000000000000000000e+00	0.000000000000000000e+00
0.000000000000000000e+00	0.000000000000000000e+00	0.000000000000000000e+00	0.000000000000000000e+00	0.000000000000000000e+00
0.000000000000000000e+00	0.000000000000000000e+00	0.000000000000000000e+00	0.000000000000000000e+00	0.000000000000000000e+00
0.000000000000000000e+00	0.000000000000000000e+00	0.000000000000000000e+00	0.000000000000000000e+00	0.000000000000000000e+00
0.000000000000000000e+00	0.000000000000000000e+00	0.000000000000000000e+00	0.000000000000000000e+00	0.000000000000000000e+00
0.000000000000000000e+00	0.000000000000000000e+00	0.000000000000000000e+00	0.000000000000000000e+00	0.000000000000000000e+00
0.000000000000000000e+00	0.000000000000000000e+00	0.000000000000000000e+00	0.000000000000000000e+00	0.000000000000000000e+00
0.000000000000000000e+00	0.000000000000000000e+00	0.000000000000000000e+00	0.000000000000000000e+00	0.000000000000000000e+00
0.000000000000000000e+00	0.000000000000000000e+00	0.000000000000000000e+00	0.000000000000000000e+00	0.000000000000000000e+00
0.000000000000000000e+00	0.000000000000000000e+00	0.000000000000000000e+00	0.000000000000000000e+00	0.000000000000000000e+00
0.000000000000000000e+00	0.000000000000000000e+00	0.000000000000000000e+00	0.000000000000000000e+00	0.000000000000000000e+00
0.000000000000000000e+00	0.000000000000000000e+00	0.000000000000000000e+00	0.000000000000000000e+00	0.000000000000000000e+00
0.000000000000000000e+00	0.000000000000000000e+00	0.000000000000000000e+00	0.000000000000000000e+00	0.000000000000000000e+00
0.000000000000000000e+00	0.000000000000000000e+00	0.000000000000000000e+00	0.000000000000000000e+00	0.000000000000000000e+00
0.000000000000000000e+00	0.000000000000000000e+00	0.000000000000000000e+00	0.000000000000000000e+00	0.000000000000000000e+00
0.000000000000000000e+00	0.000000000000000000e+00	0.000000000000000000e+00	0.000000000000000000e+00	0.000000000000000000e+00
0.000000000000000000e+00	0.000000000000000000e+00	0.000000000000000000e+00	0.000000000000000000e+00	0.000000000000000000e+00
0.000000000000000000e+00	0.000000000000000000e+00	0.000000000000000000e+00	0.000000000000000000e+00	0.000000000000000000e+00
0.000000000000000000e+00	0.000000000000000000e+00	0.000000000000000000e+00	0.000000000000000000e+00	0.000000000000000000e+00
0.000000000000000000e+00	0.000000000000000000e+00	0.000000000000000000e+00	0.000000000000000000e+00	0.000000000000000000e+00
0.000000000000000000e+00	0.000000000000000000e+00	0.000000000000000000e+00	0.000000000000000000e+00	0.000000000000000000e+00
0.000000000000000000e+00	0.000000000000000000e+00	0.000000000000000000e+00	0.000000000000000000e+00	0.000000000000000000e+00
0.000000000000000000e+00	0.000000000000000000e+00	0.000000000000000000e+00	0.000000000000000000e+00	0.000000000000000000e+00
0.000000000000000000e+00	0.000000000000000000e+00	0.000000000000000000e+00	0.000000000000000000e+00	0.000000000000000000e+00
0.000000000000000000e+00	0.000000000000000000e+00	0.000000000000000000e+00	0.000000000000000000e+00	0.000000000000000000e+00
0.000000000000000000e+00	0.000000000000000000e+00	0.000000000000000000e+00	0.000000000000000000e+00	0.000000000000000000e+00
0.000000000000000000e+00	0.000000000000000000e+00	0.000000000000000000e+00	0.000000000000000000e+00	0.000000000000000000e+00
0.000000000000000000e+00	0.000000000000000000e+00	0.000000000000000000e+00	0.000000000000000000e+00	0.000000000000000000e+00
0.000000000000000000e+00	0.000000000000000000e+00	0.000000000000000000e+00	0.000000000000000000e+00	0.000000000000000000e+00
0.000000000000000000e+00	0.000000000000000000e+00	0.000000000000000000e+00	0.000000000000000000e+00	0.000000000000000000e+00
0.000000000000000000e+00	0.000000000000000000e+00	0.000000000000000000e+00	0.000000000000000000e+00	0.000000000000000000e+00
0.000000000000000000e+00	0.000000000000000000e+00	0.000000000000000000e+00	0.000000000000000000e+00	0.000000000000000000e+00
0.000000000000000000e+00	0.000000000000000000e+00	0.000000000000000000e+00	0.000000000000000000e+00	0.000000000000000000e+00
0.000000000000000000e+00	0.000000000000000000e+00	0.000000000000000000e+00	0.000000000000000000e+00	0.000000000000000000e+00
0.000000000000000000e+00	0.000000000000000000e+00	0.000000000000000000e+00	0.000000000000000000e+00	0.000000000000000000e+00
0.000000000000000000e+00	0.000000000000000000e+00	0.000000000000000000e+00	0.000000000000000000e+00	0.000000000000000000e+00
0.000000000000000000e+00	0.000000000000000000e+00	0.000000000000000000e+00	0.000000000000000000e+00	0.000000000000000000e+00
0.000000000000000000e+00	0.000000000000000000e+00	0.000000000000000000e+00	0.000000000000000000e+00	0.000000000000000000e+00
0.000000000000000000e+00	0.000000000000000000e+00	0.000000000000000000e+00	0.000000000000000000e+00	0.000000000000000000e+00
0.000000000000000000e+00	0.000000000000000000e+00	0.000000000000000000e+00	0.000000000000000000e+00	0.000000000000000000e+00
0.000000000000000000e+00	0.000000000000000000e+00	0.000000000000000000e+00	0.000000000000000000e+00	0.000000000000000000e+00
0.000000000000000000e+00	0.000000000000000000e+00	0.000000000000000000e+00	0.000000000000000000e+00	0.000000000000000000e+00
0.000000000000000000e+00	0.000000000000000000e+00	0.000000000000000000e+00	0.000000000000000000e+00	0.000000000000000000e+00
0.000000000000000000e+00	0.000000000000000000e+00	0.000000000000000000e+00	0.000000000000000000e+00	0.000000000000000000e+00
0.000000000000000000e+00	0.000000000000000000e+00	0.000000000000000000e+00	0.000000000000000000e+00	0.000000000000000000e+00
0.000000000000000000e+00	0.000000000000000000e+00	0.000000000000000000e+00	0.000000000000000000e+00	0.000000000000000000e+00
0.000000000000000000e+00	0.000000000000000000e+00	0.000000000000000000e+00	0.000000000000000000e+00	0.000000000000000000e+00
0.000000000000000000e+00	0.000000000000000000e+00	0.000000000000000000e+00	0.000000000000000000e+00	0.000000000000000000e+00
0.000000000000000000e+00	0.000000000000000000e+00	0.000000000000000000e+00	0.000000000000000000e+00	0.000000000000000000e+00
0.000000000000000000e+00	0.000000000000000000e+00	0.000000000000000000e+00	0.000000000000000000e+00	0.000000000000000000e+00
0.000000000000000000e+00	0.000000000000000000e+00	0.000000000000000000e+00	0.000000000000000000e+00	0.000000000000000000e+00
0.000000000000000000e+00	0.000000000000000000e+00	0.000000000000000000e+00	0.000000000000000000e+00	0.000000000000000000e+00
0.000000000000000000e+00	0.000000000000000000e+00	0.000000000000000000e+00	0.000000000000000000e+00	0.000000000000000000e+00
0.000000000000000000e+00	0.000000000000000000e+00	0.000000000000000000e+00	0.000000000000000000e+00	0.000000000000000000e+00
0.000000000000000000e+00	0.000000000000000000e+00	0.000000000000000000e+00	0.000000000000000000e+00	0.000000000000000000e+00
-3.000850999999999840e+04	0.000000000000000000e+00	0.000000000000000000e+00	1.800592059083834517e-02	0.000000000000000000e+00
-3.000850000000000000e+04	0.000000000000000000e+00	0.000000000000000000e+00	2.166814172795800825e-02	0.000000000000000000e+00
-3.000849000000000160e+04	0.000000000000000000e+00	0.000000000000000000e+00	1.709036530655842767e-02	0.000000000000000000e+00
-3.000847999999999956e+04	0.000000000000000000e+00	0.000000000000000000e+00	1.495406964323862421e-02	0.000000000000000000e+00
-3.000847000000000116e+04	0.000000000000000000e+00	0.000000000000000000e+00	2.288888210699789594e-02	0.000000000000000000e+00
-3.000847000000000116e+04	0.000000000000000000e+00	0.000000000000000000e+00	2.105777153843806440e-02	0.000000000000000000e+00
-3.000845000000000073e+04	0.000000000000000000e+00	0.000000000000000000e+00	1.007110812707907345e-02	0.000000000000000000e+00
-3.000845000000000073e+04	0.000000000000000000e+00	0.000000000000000000e+00	1.068147831659901729e-02	0.000000000000000000e+00
-3.000843000000000029e+04	0.000000000000000000e+00	0.000000000000000000e+00	1.342814416943876460e-02	0.000000000000000000e+00
-3.000841999999999825e+04	0.000000000000000000e+00	0.000000000000000000e+00	1.220740379039887691e-02	0.000000000000000000e+00
-3.000840999999999985e+04	0.000000000000000000e+00	0.000000000000000000e+00	9.460737937559129604e-03	0.000000000000000000e+00
-3.000840999999999985e+04	0.000000000000000000e+00	0.000000000000000000e+00	1.464888454847865229e-02	0.000000000000000000e+00
-3.000840000000000146e+04	0.000000000000000000e+00	0.000000000000000000e+00	1.709036530655842767e-02	0.000000000000000000e+00
-3.000838000000000102e+04	0.000000000000000000e+00	0.000000000000000000e+00	2.014221625415814690e-02	0.000000000000000000e+00
-3.000836999999999898e+04	0.000000000000000000e+00	0.000000000000000000e+00	1.983703115939817671e-02	0.000000000000000000e+00
-3.000836999999999898e+04	0.000000000000000000e+00	0.000000000000000000e+00	1.312295907467879268e-02	0.000000000000000000e+00
-3.000834999999999854e+04	0.000000000000000000e+00	0.000000000000000000e+00	2.746665852839747304e-02	0.000000000000000000e+00
-3.000834000000000015e+04	0.000000000000000000e+00	0.000000000000000000e+00	1.586962492751853998e-02	0.000000000000000000e+00
-3.000831999999999971e+04	0.000000000000000000e+00	0.000000000000000000e+00	1.678518021179845748e-02	0.000000000000000000e+00
-3.000831000000000131e+04	0.000000000000000000e+00	0.000000000000000000e+00	1.709036530655842767e-02	0.000000000000000000e+00
-3.000831000000000131e+04	0.000000000000000000e+00	0.000000000000000000e+00	1.342814416943876460e-02	0.000000000000000000e+00
-3.000829999999999927e+04	0.000000000000000000e+00	0.000000000000000000e+00	1.281777397991882075e-02	0.000000000000000000e+00
-3.000829000000000087e+04	0.000000000000000000e+00	0.000000000000000000e+00	1.647999511703848383e-02	0.000000000000000000e+00
-3.000829000000000087e+04	0.000000000000000000e+00	0.000000000000000000e+00	2.929776909695730458e-02	0.000000000000000000e+00
-3.000827999999999884e+04	0.000000000000000000e+00	0.000000000000000000e+00	2.166814172795800825e-02	0.000000000000000000e+00
-3.000827000000000044e+04	0.000000000000000000e+00	0.000000000000000000e+00	1.983703115939817671e-02	0.000000000000000000e+00
-3.000825000000000000e+04	0.000000000000000000e+00	0.000000000000000000e+00	2.166814172795800825e-02	0.000000000000000000e+00
-3.000825000000000000e+04	0.000000000000000000e+00	0.000000000000000000e+00	1.525925473799859614e-02	0.000000000000000000e+00
-3.000824000000000160e+04	0.000000000000000000e+00	0.000000000000000000e+00	1.770073549607837152e-02	0.000000000000000000e+00
-3.000824000000000160e+04	0.000000000000000000e+00	0.000000000000000000e+00	1.586962492751853998e-02	0.000000000000000000e+00
-3.000822999999999956e+04	0.000000000000000000e+00	0.000000000000000000e+00	1.098666341135898922e-02	0.000000000000000000e+00
-3.000822000000000116e+04	0.000000000000000000e+00	0.000000000000000000e+00	1.220740379039887691e-02	0.000000000000000000e+00
-3.000820999999999913e+04	0.000000000000000000e+00	0.000000000000000000e+00	1.739555040131840133e-02	0.000000000000000000e+00
-3.000820999999999913e+04	0.000000000000000000e+00	0.000000000000000000e+00	1.434369945371868037e-02	0.000000000000000000e+00
-3.000820000000000073e+04	0.000000000000000000e+00	0.000000000000000000e+00	2.624591814935758535e-02	0.000000000000000000e+00
-3.000818999999999869e+04	0.000000000000000000e+00	0.000000000000000000e+00	2.471999267555772747e-02	0.000000000000000000e+00
-3.000818000000000029e+04	0.000000000000000000e+00	0.000000000000000000e+00	1.983703115939817671e-02	0.000000000000000000e+00
-3.000815999999999985e+04	0.000000000000000000e+00	0.000000000000000000e+00	1.312295907467879268e-02	0.000000000000000000e+00
-3.000815999999999985e+04	0.000000000000000000e+00	0.000000000000000000e+00	1.495406964323862421e-02	0.000000000000000000e+00
-3.000815000000000146e+04	0.000000000000000000e+00	0.000000000000000000e+00	1.647999511703848383e-02	0.000000000000000000e+00
-3.000813999999999942e+04	0.000000000000000000e+00	0.000000000000000000e+00	3.051850947599719227e-04	0.000000000000000000e+00
-3.000813000000000102e+04	0.000000000000000000e+00	0.000000000000000000e+00	1.678518021179845748e-02	0.000000000000000000e+00
-3.000811999999999898e+04	0.000000000000000000e+00	0.000000000000000000e+00	1.403851435895870844e-02	0.000000000000000000e+00
-3.000811000000000058e+04	0.000000000000000000e+00	0.000000000000000000e+00	1.281777397991882075e-02	0.000000000000000000e+00
-3.000809000000000015e+04	0.000000000000000000e+00	0.000000000000000000e+00	1.586962492751853998e-02	0.000000000000000000e+00
-3.000808000000000175e+04	0.000000000000000000e+00	0.000000000000000000e+00	2.136295663319803459e-02	0.000000000000000000e+00
-3.000806999999999971e+04	0.000000000000000000e+00	0.000000000000000000e+00	1.342814416943876460e-02	0.000000000000000000e+00
-3.000806000000000131e+04	0.000000000000000000e+00	0.000000000000000000e+00	2.105777153843806440e-02	0.000000000000000000e+00
-3.000804999999999927e+04	0.000000000000000000e+00	0.000000000000000000e+00	2.044740134891812056e-02	0.000000000000000000e+00
-3.000804000000000087e+04	0.000000000000000000e+00	0.000000000000000000e+00	1.831110568559831536e-02	0.000000000000000000e+00
-3.000802000000000044e+04	0.000000000000000000e+00	0.000000000000000000e+00	1.678518021179845748e-02	0.000000000000000000e+00
-3.000802000000000044e+04	0.000000000000000000e+00	0.000000000000000000e+00	1.709036530655842767e-02	0.000000000000000000e+00
-3.000800999999999840e+04	0.000000000000000000e+00	0.000000000000000000e+00	2.136295663319803459e-02	0.000000000000000000e+00
-3.000800999999999840e+04	0.000000000000000000e+00	0.000000000000000000e+00	1.312295907467879268e-02	0.000000000000000000e+00
-3.000800000000000000e+04	0.000000000000000000e+00	0.000000000000000000e+00	1.495406964323862421e-02	0.000000000000000000e+00
-3.000800000000000000e+04	0.000000000000000000e+00	0.000000000000000000e+00	1.556443983275856806e-02	0.000000000000000000e+00
-3.000799000000000160e+04	0.000000000000000000e+00	0.000000000000000000e+00	1.190221869563890499e-02	0.000000000000000000e+00
-3.000797999999999956e+04	0.000000000000000000e+00	0.000000000000000000e+00	2.410962248603778363e-02	0.000000000000000000e+00
-3.000797999999999956e+04	0.000000000000000000e+00	0.000000000000000000e+00	2.502517777031769766e-02	0.000000000000000000e+00
-3.000797000000000116e+04	0.000000000000000000e+00	0.000000000000000000e+00	2.533036286507767132e-02	0.000000000000000000e+00
-3.000795999999999913e+04	0.000000000000000000e+00	0.000000000000000000e+00	1.831110568559831536e-02	0.000000000000000000e+00
-3.000793999999999869e+04	0.000000000000000000e+00	0.000000000000000000e+00	1.709036530655842767e-02	0.000000000000000000e+00
-3.000793999999999869e+04	0.000000000000000000e+00	0.000000000000000000e+00	1.647999511703848383e-02	0.000000000000000000e+00
-3.000793000000000029e+04	0.000000000000000000e+00	0.000000000000000000e+00	1.403851435895870844e-02	0.000000000000000000e+00
-3.000790999999999985e+04	0.000000000000000000e+00	0.000000000000000000e+00	1.709036530655842767e-02	0.000000000000000000e+00
-3.000790000000000146e+04	0.000000000000000000e+00	0.000000000000000000e+00	1.831110568559831536e-02	0.000000000000000000e+00
-3.000788999999999942e+04	0.000000000000000000e+00	0.000000000000000000e+00	2.044740134891812056e-02	0.000000000000000000e+00
-3.000788000000000102e+04	0.000000000000000000e+00	0.000000000000000000e+00	1.831110568559831536e-02	0.000000000000000000e+00
-3.000786999999999898e+04	0.000000000000000000e+00	0.000000000000000000e+00	1.892147587511825921e-02	0.000000000000000000e+00
-3.000786000000000058e+04	0.000000000000000000e+00	0.000000000000000000e+00	2.441480758079775382e-02	0.000000000000000000e+00
-3.000784999999999854e+04	0.000000000000000000e+00	0.000000000000000000e+00	2.960295419171727824e-02	0.000000000000000000e+00
-3.000784000000000015e+04	0.000000000000000000e+00	0.000000000000000000e+00	2.197332682271797843e-02	0.000000000000000000e+00
-3.000783000000000175e+04	0.000000000000000000e+00	0.000000000000000000e+00	2.014221625415814690e-02	0.000000000000000000e+00
-3.000781000000000131e+04	0.000000000000000000e+00	0.000000000000000000e+00	2.166814172795800825e-02	0.000000000000000000e+00
-3.000779999999999927e+04	0.000000000000000000e+00	0.000000000000000000e+00	1.342814416943876460e-02	0.000000000000000000e+00
-3.000779000000000087e+04	0.000000000000000000e+00	0.000000000000000000e+00	7.324442274239326145e-03	0.000000000000000000e+00
-3.000779000000000087e+04	0.000000000000000000e+00	0.000000000000000000e+00	1.892147587511825921e-02	0.000000000000000000e+00
-3.000777999999999884e+04	0.000000000000000000e+00	0.000000000000000000e+00	1.800592059083834517e-02	0.000000000000000000e+00
-3.000777000000000044e+04	0.000000000000000000e+00	0.000000000000000000e+00	2.197332682271797843e-02	0.000000000000000000e+00
-3.000777000000000044e+04	0.000000000000000000e+00	0.000000000000000000e+00	1.556443983275856806e-02	0.000000000000000000e+00
-3.000775999999999840e+04	0.000000000000000000e+00	0.000000000000000000e+00	2.594073305459761516e-02	0.000000000000000000e+00
-3.000775000000000000e+04	0.000000000000000000e+00	0.000000000000000000e+00	2.166814172795800825e-02	0.000000000000000000e+00
-3.000772999999999956e+04	0.000000000000000000e+00	0.000000000000000000e+00	1.739555040131840133e-02	0.000000000000000000e+00
-3.000772999999999956e+04	0.000000000000000000e+00	0.000000000000000000e+00	2.380443739127780997e-02	0.000000000000000000e+00
-3.000772999999999956e+04	0.000000000000000000e+00	0.000000000000000000e+00	1.556443983275856806e-02	0.000000000000000000e+00
-3.000772000000000116e+04	0.000000000000000000e+00	0.000000000000000000e+00	1.556443983275856806e-02	0.000000000000000000e+00
-3.000772000000000116e+04	0.000000000000000000e+00	0.000000000000000000e+00	1.464888454847865229e-02	0.000000000000000000e+00
-3.000770000000000073e+04	0.000000000000000000e+00	0.000000000000000000e+00	2.105777153843806440e-02	0.000000000000000000e+00
-3.000768999999999869e+04	0.000000000000000000e+00	0.000000000000000000e+00	2.136295663319803459e-02	0.000000000000000000e+00
-3.000768000000000029e+04	0.000000000000000000e+00	0.000000000000000000e+00	2.227851191747795209e-02	0.000000000000000000e+00
-3.000766999999999825e+04	0.000000000000000000e+00	0.000000000000000000e+00	3.082369457075716593e-02	0.000000000000000000e+00
-3.000765999999999985e+04	0.000000000000000000e+00	0.000000000000000000e+00	2.594073305459761516e-02	0.000000000000000000e+00
-3.000765000000000146e+04	0.000000000000000000e+00	0.000000000000000000e+00	2.166814172795800825e-02	0.000000000000000000e+00
-3.000763999999999942e+04	0.000000000000000000e+00	0.000000000000000000e+00	2.380443739127780997e-02	0.000000000000000000e+00
-3.000761999999999898e+04	0.000000000000000000e+00	0.000000000000000000e+00	1.586962492751853998e-02	0.000000000000000000e+00
-3.000761000000000058e+04	0.000000000000000000e+00	0.000000000000000000e+00	1.495406964323862421e-02	0.000000000000000000e+00
-3.000759999999999854e+04	0.000000000000000000e+00	0.000000000000000000e+00	1.525925473799859614e-02	0.000000000000000000e+00
-3.000758000000000175e+04	0.000000000000000000e+00	0.000000000000000000e+00	1.495406964323862421e-02	0.000000000000000000e+00
-3.000756999999999971e+04	0.000000000000000000e+00	0.000000000000000000e+00	1.403851435895870844e-02	0.000000000000000000e+00
-3.000756000000000131e+04	0.000000000000000000e+00	0.000000000000000000e+00	1.312295907467879268e-02	0.000000000000000000e+00
-3.000754999999999927e+04	0.000000000000000000e+00	0.000000000000000000e+00	1.342814416943876460e-02	0.000000000000000000e+00
-3.000754000000000087e+04	0.000000000000000000e+00	0.000000000000000000e+00	1.709036530655842767e-02	0.000000000000000000e+00
-3.000754000000000087e+04	0.000000000000000000e+00	0.000000000000000000e+00	1.434369945371868037e-02	0.000000000000000000e+00
-3.000752999999999884e+04	0.000000000000000000e+00	0.000000000000000000e+00	2.166814172795800825e-02	0.000000000000000000e+00
-3.000752000000000044e+04	0.000000000000000000e+00	0.000000000000000000e+00	2.441480758079775382e-02	0.000000000000000000e+00
-3.000750999999999840e+04	0.000000000000000000e+00	0.000000000000000000e+00	1.312295907467879268e-02	0.000000000000000000e+00
-3.000750000000000000e+04	0.000000000000000000e+00	0.000000000000000000e+00	1.770073549607837152e-02	0.000000000000000000e+00
-3.000750000000000000e+04	0.000000000000000000e+00	0.000000000000000000e+00	1.770073549607837152e-02	0.000000000000000000e+00
-3.000749000000000160e+04	0.000000000000000000e+00	0.000000000000000000e+00	2.044740134891812056e-02	0.000000000000000000e+00
-3.000747999999999956e+04	0.000000000000000000e+00	0.000000000000000000e+00	1.525925473799859614e-02	0.000000000000000000e+00
-3.000747000000000116e+04	0.000000000000000000e+00	0.000000000000000000e+00	1.434369945371868037e-02	0.000000000000000000e+00
-3.000745999999999913e+04	0.000000000000000000e+00	0.000000000000000000e+00	1.464888454847865229e-02	0.000000000000000000e+00
-3.000743999999999869e+04	0.000000000000000000e+00	0.000000000000000000e+00	1.556443983275856806e-02	0.000000000000000000e+00
-3.000743999999999869e+04	0.000000000000000000e+00	0.000000000000000000e+00	2.716147343363750286e-02	0.000000000000000000e+00
-3.000743000000000029e+04	0.000000000000000000e+00	0.000000000000000000e+00	1.068147831659901729e-02	0.000000000000000000e+00
-3.000740999999999985e+04	0.000000000000000000e+00	0.000000000000000000e+00	1.770073549607837152e-02	0.000000000000000000e+00
-3.000740000000000146e+04	0.000000000000000000e+00	0.000000000000000000e+00	2.838221381267739055e-02	0.000000000000000000e+00
-3.000738999999999942e+04	0.000000000000000000e+00	0.000000000000000000e+00	1.190221869563890499e-02	0.000000000000000000e+00
-3.000738000000000102e+04	0.000000000000000000e+00	0.000000000000000000e+00	2.227851191747795209e-02	0.000000000000000000e+00
-3.000736999999999898e+04	0.000000000000000000e+00	0.000000000000000000e+00	2.380443739127780997e-02	0.000000000000000000e+00
-3.000734999999999854e+04	0.000000000000000000e+00	0.000000000000000000e+00	1.586962492751853998e-02	0.000000000000000000e+00
-3.000734000000000015e+04	0.000000000000000000e+00	0.000000000000000000e+00	1.403851435895870844e-02	0.000000000000000000e+00
-3.000733000000000175e+04	0.000000000000000000e+00	0.000000000000000000e+00	2.502517777031769766e-02	0.000000000000000000e+00
-3.000731999999999971e+04	0.000000000000000000e+00	0.000000000000000000e+00	2.990813928647724843e-02	0.000000000000000000e+00
-3.000731000000000131e+04	0.000000000000000000e+00	0.000000000000000000e+00	1.922666096987823287e-02	0.000000000000000000e+00
-3.000729999999999927e+04	0.000000000000000000e+00	0.000000000000000000e+00	1.922666096987823287e-02	0.000000000000000000e+00
-3.000729000000000087e+04	0.000000000000000000e+00	0.000000000000000000e+00	2.960295419171727824e-02	0.000000000000000000e+00
-3.000727000000000044e+04	0.000000000000000000e+00	0.000000000000000000e+00	4.577776421399579188e-02	0.000000000000000000e+00
-3.000725999999999840e+04	0.000000000000000000e+00	0.000000000000000000e+00	2.349925229651783978e-02	0.000000000000000000e+00
-3.000725000000000000e+04	0.000000000000000000e+00	0.000000000000000000e+00	2.258369701223792228e-02	0.000000000000000000e+00
-3.000722999999999956e+04	0.000000000000000000e+00	0.000000000000000000e+00	1.831110568559831536e-02	0.000000000000000000e+00
-3.000720000000000073e+04	0.000000000000000000e+00	0.000000000000000000e+00	2.014221625415814690e-02	0.000000000000000000e+00
-3.000718999999999869e+04	0.000000000000000000e+00	0.000000000000000000e+00	1.586962492751853998e-02	0.000000000000000000e+00
-3.000718999999999869e+04	0.000000000000000000e+00	0.000000000000000000e+00	2.258369701223792228e-02	0.000000000000000000e+00
-3.000716999999999825e+04	0.000000000000000000e+00	0.000000000000000000e+00	2.410962248603778363e-02	0.000000000000000000e+00
-3.000715999999999985e+04	0.000000000000000000e+00	0.000000000000000000e+00	1.556443983275856806e-02	0.000000000000000000e+00
-3.000713999999999942e+04	0.000000000000000000e+00	0.000000000000000000e+00	1.678518021179845748e-02	0.000000000000000000e+00
-3.000713000000000102e+04	0.000000000000000000e+00	0.000000000000000000e+00	1.586962492751853998e-02	0.000000000000000000e+00
-3.000711999999999898e+04	0.000000000000000000e+00	0.000000000000000000e+00	1.312295907467879268e-02	0.000000000000000000e+00
-3.000711000000000058e+04	0.000000000000000000e+00	0.000000000000000000e+00	1.647999511703848383e-02	0.000000000000000000e+00
-3.000709999999999854e+04	0.000000000000000000e+00	0.000000000000000000e+00	2.197332682271797843e-02	0.000000000000000000e+00
-3.000709000000000015e+04	0.000000000000000000e+00	0.000000000000000000e+00	1.770073549607837152e-02	0.000000000000000000e+00
-3.000708000000000175e+04	0.000000000000000000e+00	0.000000000000000000e+00	1.678518021179845748e-02	0.000000000000000000e+00
-3.000706999999999971e+04	0.000000000000000000e+00	0.000000000000000000e+00	1.464888454847865229e-02	0.000000000000000000e+00
-3.000706000000000131e+04	0.000000000000000000e+00	0.000000000000000000e+00	2.471999267555772747e-02	0.000000000000000000e+00
-3.000704000000000087e+04	0.000000000000000000e+00	0.000000000000000000e+00	7.629627368999298068e-03	0.000000000000000000e+00
-3.000702999999999884e+04	0.000000000000000000e+00	0.000000000000000000e+00	1.525925473799859614e-02	0.000000000000000000e+00
-3.000700999999999840e+04	0.000000000000000000e+00	0.000000000000000000e+00	1.739555040131840133e-02	0.000000000000000000e+00
-3.000699000000000160e+04	0.000000000000000000e+00	0.000000000000000000e+00	2.197332682271797843e-02	0.000000000000000000e+00
-3.000697999999999956e+04	0.000000000000000000e+00	0.000000000000000000e+00	2.288888210699789594e-02	0.000000000000000000e+00
-3.000695999999999913e+04	0.000000000000000000e+00	0.000000000000000000e+00	1.831110568559831536e-02	0.000000000000000000e+00
-3.000693999999999869e+04	0.000000000000000000e+00	0.000000000000000000e+00	2.746665852839747304e-02	0.000000000000000000e+00
-3.000693000000000029e+04	0.000000000000000000e+00	0.000000000000000000e+00	2.655110324411755901e-02	0.000000000000000000e+00
-3.000691999999999825e+04	0.000000000000000000e+00	0.000000000000000000e+00	2.288888210699789594e-02	0.000000000000000000e+00
-3.000690999999999985e+04	0.000000000000000000e+00	0.000000000000000000e+00	2.044740134891812056e-02	0.000000000000000000e+00
-3.000688999999999942e+04	0.000000000000000000e+00	0.000000000000000000e+00	1.434369945371868037e-02	0.000000000000000000e+00
-3.000688000000000102e+04	0.000000000000000000e+00	0.000000000000000000e+00	1.129184850611896114e-02	0.000000000000000000e+00
-3.000686999999999898e+04	0.000000000000000000e+00	0.000000000000000000e+00	1.281777397991882075e-02	0.000000000000000000e+00
-3.000686000000000058e+04	0.000000000000000000e+00	0.000000000000000000e+00	1.098666341135898922e-02	0.000000000000000000e+00
-3.000684000000000015e+04	0.000000000000000000e+00	0.000000000000000000e+00	1.220740379039887691e-02	0.000000000000000000e+00
-3.000683000000000175e+04	0.000000000000000000e+00	0.000000000000000000e+00	1.525925473799859614e-02	0.000000000000000000e+00
-3.000681999999999971e+04	0.000000000000000000e+00	0.000000000000000000e+00	1.586962492751853998e-02	0.000000000000000000e+00
-3.000679000000000087e+04	0.000000000000000000e+00	0.000000000000000000e+00	2.655110324411755901e-02	0.000000000000000000e+00
-3.000677999999999884e+04	0.000000000000000000e+00	0.000000000000000000e+00	1.770073549607837152e-02	0.000000000000000000e+00
-3.000677000000000044e+04	0.000000000000000000e+00	0.000000000000000000e+00	1.709036530655842767e-02	0.000000000000000000e+00
-3.000675000000000000e+04	0.000000000000000000e+00	0.000000000000000000e+00	1.647999511703848383e-02	0.000000000000000000e+00
-3.000674000000000160e+04	0.000000000000000000e+00	0.000000000000000000e+00	1.770073549607837152e-02	0.000000000000000000e+00
-3.000672000000000116e+04	0.000000000000000000e+00	0.000000000000000000e+00	1.342814416943876460e-02	0.000000000000000000e+00
-3.000670000000000073e+04	0.000000000000000000e+00	0.000000000000000000e+00	2.288888210699789594e-02	0.000000000000000000e+00
-3.000668999999999869e+04	0.000000000000000000e+00	0.000000000000000000e+00	2.105777153843806440e-02	0.000000000000000000e+00
-3.000668000000000029e+04	0.000000000000000000e+00	0.000000000000000000e+00	2.014221625415814690e-02	0.000000000000000000e+00
-3.000666999999999825e+04	0.000000000000000000e+00	0.000000000000000000e+00	2.380443739127780997e-02	0.000000000000000000e+00
-3.000665999999999985e+04	0.000000000000000000e+00	0.000000000000000000e+00	2.746665852839747304e-02	0.000000000000000000e+00
-3.000665000000000146e+04	0.000000000000000000e+00	0.000000000000000000e+00	2.136295663319803459e-02	0.000000000000000000e+00
-3.000663999999999942e+04	0.000000000000000000e+00	0.000000000000000000e+00	2.105777153843806440e-02	0.000000000000000000e+00
-3.000661000000000058e+04	0.000000000000000000e+00	0.000000000000000000e+00	1.647999511703848383e-02	0.000000000000000000e+00
-3.000659000000000015e+04	0.000000000000000000e+00	0.000000000000000000e+00	1.464888454847865229e-02	0.000000000000000000e+00
-3.000656999999999971e+04	0.000000000000000000e+00	0.000000000000000000e+00	1.556443983275856806e-02	0.000000000000000000e+00
-3.000654999999999927e+04	0.000000000000000000e+00	0.000000000000000000e+00	1.586962492751853998e-02	0.000000000000000000e+00
-3.000652999999999884e+04	0.000000000000000000e+00	0.000000000000000000e+00	-4.272591326639606918e-03	0.000000000000000000e+00
-3.000650999999999840e+04	0.000000000000000000e+00	0.000000000000000000e+00	8.850367748039185758e-03	0.000000000000000000e+00
-3.000650000000000000e+04	0.000000000000000000e+00	0.000000000000000000e+00	8.239997558519241913e-03	0.000000000000000000e+00
-3.000649000000000160e+04	0.000000000000000000e+00	0.000000000000000000e+00	1.922666096987823287e-02	0.000000000000000000e+00
-3.000647000000000116e+04	0.000000000000000000e+00	0.000000000000000000e+00	1.831110568559831536e-02	0.000000000000000000e+00
-3.000645999999999913e+04	0.000000000000000000e+00	0.000000000000000000e+00	2.594073305459761516e-02	0.000000000000000000e+00
-3.000645000000000073e+04	0.000000000000000000e+00	0.000000000000000000e+00	1.770073549607837152e-02	0.000000000000000000e+00
-3.000643999999999869e+04	0.000000000000000000e+00	0.000000000000000000e+00	2.746665852839747304e-02	0.000000000000000000e+00
-3.000641999999999825e+04	0.000000000000000000e+00	0.000000000000000000e+00	1.495406964323862421e-02	0.000000000000000000e+00
-3.000638999999999942e+04	0.000000000000000000e+00	0.000000000000000000e+00	1.800592059083834517e-02	0.000000000000000000e+00
-3.000636999999999898e+04	0.000000000000000000e+00	0.000000000000000000e+00	2.136295663319803459e-02	0.000000000000000000e+00
-3.000634000000000015e+04	0.000000000000000000e+00	0.000000000000000000e+00	1.190221869563890499e-02	0.000000000000000000e+00
-3.000631999999999971e+04	0.000000000000000000e+00	0.000000000000000000e+00	1.647999511703848383e-02	0.000000000000000000e+00
-3.000631000000000131e+04	0.000000000000000000e+00	0.000000000000000000e+00	1.281777397991882075e-02	0.000000000000000000e+00
-3.000629000000000087e+04	0.000000000000000000e+00	0.000000000000000000e+00	1.983703115939817671e-02	0.000000000000000000e+00
-3.000627999999999884e+04	0.000000000000000000e+00	0.000000000000000000e+00	2.197332682271797843e-02	0.000000000000000000e+00
-3.000625999999999840e+04	0.000000000000000000e+00	0.000000000000000000e+00	2.044740134891812056e-02	0.000000000000000000e+00
-3.000624000000000160e+04	0.000000000000000000e+00	0.000000000000000000e+00	2.838221381267739055e-02	0.000000000000000000e+00
-3.000622000000000116e+04	0.000000000000000000e+00	0.000000000000000000e+00	3.204443494979705015e-02	0.000000000000000000e+00
-3.000620999999999913e+04	0.000000000000000000e+00	0.000000000000000000e+00	1.953184606463820305e-02	0.000000000000000000e+00
-3.000620000000000073e+04	0.000000000000000000e+00	0.000000000000000000e+00	2.594073305459761516e-02	0.000000000000000000e+00
-3.000616999999999825e+04	0.000000000000000000e+00	0.000000000000000000e+00	1.739555040131840133e-02	0.000000000000000000e+00
-3.000615000000000146e+04	0.000000000000000000e+00	0.000000000000000000e+00	2.014221625415814690e-02	0.000000000000000000e+00
-3.000613000000000102e+04	0.000000000000000000e+00	0.000000000000000000e+00	1.495406964323862421e-02	0.000000000000000000e+00
-3.000611000000000058e+04	0.000000000000000000e+00	0.000000000000000000e+00	1.892147587511825921e-02	0.000000000000000000e+00
-3.000609000000000015e+04	0.000000000000000000e+00	0.000000000000000000e+00	3.143406476027710977e-02	0.000000000000000000e+00
-3.000606999999999971e+04	0.000000000000000000e+00	0.000000000000000000e+00	2.288888210699789594e-02	0.000000000000000000e+00
-3.000604999999999927e+04	0.000000000000000000e+00	0.000000000000000000e+00	2.746665852839747304e-02	0.000000000000000000e+00
-3.000602000000000044e+04	0.000000000000000000e+00	0.000000000000000000e+00	2.166814172795800825e-02	0.000000000000000000e+00
-3.000600000000000000e+04	0.000000000000000000e+00	0.000000000000000000e+00	1.770073549607837152e-02	0.000000000000000000e+00
-3.000597999999999956e+04	0.000000000000000000e+00	0.000000000000000000e+00	1.831110568559831536e-02	0.000000000000000000e+00
-3.000595999999999913e+04	0.000000000000000000e+00	0.000000000000000000e+00	2.716147343363750286e-02	0.000000000000000000e+00
-3.000593000000000029e+04	0.000000000000000000e+00	0.000000000000000000e+00	1.403851435895870844e-02	0.000000000000000000e+00
-3.000590000000000146e+04	0.000000000000000000e+00	0.000000000000000000e+00	1.495406964323862421e-02	0.000000000000000000e+00
-3.000588000000000102e+04	0.000000000000000000e+00	0.000000000000000000e+00	1.647999511703848383e-02	0.000000000000000000e+00
-3.000586000000000058e+04	0.000000000000000000e+00	0.000000000000000000e+00	5.188146610919522686e-03	0.000000000000000000e+00
-3.000584000000000015e+04	0.000000000000000000e+00	0.000000000000000000e+00	2.044740134891812056e-02	0.000000000000000000e+00
-3.000583000000000175e+04	0.000000000000000000e+00	0.000000000000000000e+00	1.464888454847865229e-02	0.000000000000000000e+00
-3.000581000000000131e+04	0.000000000000000000e+00	0.000000000000000000e+00	2.533036286507767132e-02	0.000000000000000000e+00
-3.000577000000000044e+04	0.000000000000000000e+00	0.000000000000000000e+00	1.556443983275856806e-02	0.000000000000000000e+00
-3.000574000000000160e+04	0.000000000000000000e+00	0.000000000000000000e+00	2.960295419171727824e-02	0.000000000000000000e+00
-3.000572000000000116e+04	0.000000000000000000e+00	0.000000000000000000e+00	2.136295663319803459e-02	0.000000000000000000e+00
-3.000570000000000073e+04	0.000000000000000000e+00	0.000000000000000000e+00	1.709036530655842767e-02	0.000000000000000000e+00
-3.000565999999999985e+04	0.000000000000000000e+00	0.000000000000000000e+00	1.556443983275856806e-02	0.000000000000000000e+00
-3.000563000000000102e+04	0.000000000000000000e+00	0.000000000000000000e+00	2.136295663319803459e-02	0.000000000000000000e+00
-3.000561000000000058e+04	0.000000000000000000e+00	0.000000000000000000e+00	2.166814172795800825e-02	0.000000000000000000e+00
-3.000558000000000175e+04	0.000000000000000000e+00	0.000000000000000000e+00	1.678518021179845748e-02	0.000000000000000000e+00
-3.000556000000000131e+04	0.000000000000000000e+00	0.000000000000000000e+00	1.831110568559831536e-02	0.000000000000000000e+00
-3.000552999999999884e+04	0.000000000000000000e+00	0.000000000000000000e+00	2.014221625415814690e-02	0.000000000000000000e+00
-3.000550000000000000e+04	0.000000000000000000e+00	0.000000000000000000e+00	2.044740134891812056e-02	0.000000000000000000e+00
-3.000547999999999956e+04	0.000000000000000000e+00	0.000000000000000000e+00	2.044740134891812056e-02	0.000000000000000000e+00
-3.000545999999999913e+04	0.000000000000000000e+00	0.000000000000000000e+00	2.868739890743736073e-02	0.000000000000000000e+00
-3.000543000000000029e+04	0.000000000000000000e+00	0.000000000000000000e+00	3.601184118167669035e-02	0.000000000000000000e+00
-3.000540000000000146e+04	0.000000000000000000e+00	0.000000000000000000e+00	2.594073305459761516e-02	0.000000000000000000e+00
-3.000536999999999898e+04	0.000000000000000000e+00	0.000000000000000000e+00	1.342814416943876460e-02	0.000000000000000000e+00
-3.000534000000000015e+04	0.000000000000000000e+00	0.000000000000000000e+00	2.105777153843806440e-02	0.000000000000000000e+00
-3.000529999999999927e+04	0.000000000000000000e+00	0.000000000000000000e+00	2.136295663319803459e-02	0.000000000000000000e+00
-3.000527000000000044e+04	0.000000000000000000e+00	0.000000000000000000e+00	1.281777397991882075e-02	0.000000000000000000e+00
-3.000524000000000160e+04	0.000000000000000000e+00	0.000000000000000000e+00	1.342814416943876460e-02	0.000000000000000000e+00
-3.000522000000000116e+04	0.000000000000000000e+00	0.000000000000000000e+00	2.410962248603778363e-02	0.000000000000000000e+00
-3.000518999999999869e+04	0.000000000000000000e+00	0.000000000000000000e+00	2.929776909695730458e-02	0.000000000000000000e+00
-3.000516999999999825e+04	0.000000000000000000e+00	0.000000000000000000e+00	1.525925473799859614e-02	0.000000000000000000e+00
-3.000515000000000146e+04	0.000000000000000000e+00	0.000000000000000000e+00	2.624591814935758535e-02	0.000000000000000000e+00
-3.000511000000000058e+04	0.000000000000000000e+00	0.000000000000000000e+00	2.197332682271797843e-02	0.000000000000000000e+00
-3.000506999999999971e+04	0.000000000000000000e+00	0.000000000000000000e+00	2.533036286507767132e-02	0.000000000000000000e+00
-3.000504000000000087e+04	0.000000000000000000e+00	0.000000000000000000e+00	1.953184606463820305e-02	0.000000000000000000e+00
-3.000502000000000044e+04	0.000000000000000000e+00	0.000000000000000000e+00	1.953184606463820305e-02	0.000000000000000000e+00
-3.000499000000000160e+04	0.000000000000000000e+00	0.000000000000000000e+00	2.227851191747795209e-02	0.000000000000000000e+00
-3.000495999999999913e+04	0.000000000000000000e+00	0.000000000000000000e+00	1.922666096987823287e-02	0.000000000000000000e+00
-3.000493999999999869e+04	0.000000000000000000e+00	0.000000000000000000e+00	2.288888210699789594e-02	0.000000000000000000e+00
-3.000491999999999825e+04	0.000000000000000000e+00	0.000000000000000000e+00	1.525925473799859614e-02	0.000000000000000000e+00
-3.000488999999999942e+04	0.000000000000000000e+00	0.000000000000000000e+00	1.739555040131840133e-02	0.000000000000000000e+00
-3.000486999999999898e+04	0.000000000000000000e+00	0.000000000000000000e+00	2.197332682271797843e-02	0.000000000000000000e+00
-3.000484000000000015e+04	0.000000000000000000e+00	0.000000000000000000e+00	1.983703115939817671e-02	0.000000000000000000e+00
-3.000481999999999971e+04	0.000000000000000000e+00	0.000000000000000000e+00	1.922666096987823287e-02	0.000000000000000000e+00
-3.000477999999999884e+04	0.000000000000000000e+00	0.000000000000000000e+00	1.892147587511825921e-02	0.000000000000000000e+00
-3.000474000000000160e+04	0.000000000000000000e+00	0.000000000000000000e+00	2.136295663319803459e-02	0.000000000000000000e+00
-3.000470000000000073e+04	0.000000000000000000e+00	0.000000000000000000e+00	1.586962492751853998e-02	0.000000000000000000e+00
-3.000465999999999985e+04	0.000000000000000000e+00	0.000000000000000000e+00	2.258369701223792228e-02	0.000000000000000000e+00
-3.000461999999999898e+04	0.000000000000000000e+00	0.000000000000000000e+00	1.434369945371868037e-02	0.000000000000000000e+00
-3.000458000000000175e+04	0.000000000000000000e+00	0.000000000000000000e+00	1.251258888515884883e-02	0.000000000000000000e+00
-3.000454000000000087e+04	0.000000000000000000e+00	0.000000000000000000e+00	2.746665852839747304e-02	0.000000000000000000e+00
-3.000449000000000160e+04	0.000000000000000000e+00	0.000000000000000000e+00	1.831110568559831536e-02	0.000000000000000000e+00
-3.000445000000000073e+04	0.000000000000000000e+00	0.000000000000000000e+00	1.922666096987823287e-02	0.000000000000000000e+00
-3.000440999999999985e+04	0.000000000000000000e+00	0.000000000000000000e+00	2.014221625415814690e-02	0.000000000000000000e+00
-3.000438000000000102e+04	0.000000000000000000e+00	0.000000000000000000e+00	1.953184606463820305e-02	0.000000000000000000e+00
-3.000434000000000015e+04	0.000000000000000000e+00	0.000000000000000000e+00	1.770073549607837152e-02	0.000000000000000000e+00
-3.000429000000000087e+04	0.000000000000000000e+00	0.000000000000000000e+00	2.990813928647724843e-02	0.000000000000000000e+00
-3.000425000000000000e+04	0.000000000000000000e+00	0.000000000000000000e+00	3.387554551835688516e-02	0.000000000000000000e+00
-3.000420999999999913e+04	0.000000000000000000e+00	0.000000000000000000e+00	1.983703115939817671e-02	0.000000000000000000e+00
-3.000416999999999825e+04	0.000000000000000000e+00	0.000000000000000000e+00	1.739555040131840133e-02	0.000000000000000000e+00
-3.000413999999999942e+04	0.000000000000000000e+00	0.000000000000000000e+00	2.746665852839747304e-02	0.000000000000000000e+00
-3.000409000000000015e+04	0.000000000000000000e+00	0.000000000000000000e+00	2.533036286507767132e-02	0.000000000000000000e+00
-3.000404999999999927e+04	0.000000000000000000e+00	0.000000000000000000e+00	3.112887966551713612e-02	0.000000000000000000e+00
-3.000402000000000044e+04	0.000000000000000000e+00	0.000000000000000000e+00	2.166814172795800825e-02	0.000000000000000000e+00
-3.000400000000000000e+04	0.000000000000000000e+00	0.000000000000000000e+00	3.234962004455702728e-02	0.000000000000000000e+00
-3.000397000000000116e+04	0.000000000000000000e+00	0.000000000000000000e+00	2.197332682271797843e-02	0.000000000000000000e+00
-3.000393999999999869e+04	0.000000000000000000e+00	0.000000000000000000e+00	3.570665608691671322e-02	0.000000000000000000e+00
-3.000390999999999985e+04	0.000000000000000000e+00	0.000000000000000000e+00	2.258369701223792228e-02	0.000000000000000000e+00
-3.000386999999999898e+04	0.000000000000000000e+00	0.000000000000000000e+00	2.533036286507767132e-02	0.000000000000000000e+00
-3.000384000000000015e+04	0.000000000000000000e+00	0.000000000000000000e+00	2.288888210699789594e-02	0.000000000000000000e+00
-3.000381000000000131e+04	0.000000000000000000e+00	0.000000000000000000e+00	2.471999267555772747e-02	0.000000000000000000e+00
-3.000377999999999884e+04	0.000000000000000000e+00	0.000000000000000000e+00	2.594073305459761516e-02	0.000000000000000000e+00
-3.000375000000000000e+04	0.000000000000000000e+00	0.000000000000000000e+00	2.197332682271797843e-02	0.000000000000000000e+00
-3.000372999999999956e+04	0.000000000000000000e+00	0.000000000000000000e+00	2.227851191747795209e-02	0.000000000000000000e+00
-3.000370999999999913e+04	0.000000000000000000e+00	0.000000000000000000e+00	1.037629322183904537e-02	0.000000000000000000e+00
-3.000368999999999869e+04	0.000000000000000000e+00	0.000000000000000000e+00	2.685628833887752920e-02	0.000000000000000000e+00
-3.000366999999999825e+04	0.000000000000000000e+00	0.000000000000000000e+00	2.410962248603778363e-02	0.000000000000000000e+00
-3.000363999999999942e+04	0.000000000000000000e+00	0.000000000000000000e+00	2.807702871791741689e-02	0.000000000000000000e+00
-3.000361000000000058e+04	0.000000000000000000e+00	0.000000000000000000e+00	1.983703115939817671e-02	0.000000000000000000e+00
-3.000359000000000015e+04	0.000000000000000000e+00	0.000000000000000000e+00	1.983703115939817671e-02	0.000000000000000000e+00
-3.000356000000000131e+04	0.000000000000000000e+00	0.000000000000000000e+00	2.166814172795800825e-02	0.000000000000000000e+00
-3.000352999999999884e+04	0.000000000000000000e+00	0.000000000000000000e+00	2.288888210699789594e-02	0.000000000000000000e+00
-3.000350000000000000e+04	0.000000000000000000e+00	0.000000000000000000e+00	2.624591814935758535e-02	0.000000000000000000e+00
-3.000347000000000116e+04	0.000000000000000000e+00	0.000000000000000000e+00	2.868739890743736073e-02	0.000000000000000000e+00
-3.000345000000000073e+04	0.000000000000000000e+00	0.000000000000000000e+00	2.624591814935758535e-02	0.000000000000000000e+00
-3.000341999999999825e+04	0.000000000000000000e+00	0.000000000000000000e+00	3.143406476027710977e-02	0.000000000000000000e+00
-3.000340000000000146e+04	0.000000000000000000e+00	0.000000000000000000e+00	2.594073305459761516e-02	0.000000000000000000e+00
-3.000338999999999942e+04	0.000000000000000000e+00	0.000000000000000000e+00	3.204443494979705015e-02	0.000000000000000000e+00
-3.000336999999999898e+04	0.000000000000000000e+00	0.000000000000000000e+00	2.380443739127780997e-02	0.000000000000000000e+00
-3.000334000000000015e+04	0.000000000000000000e+00	0.000000000000000000e+00	3.082369457075716593e-02	0.000000000000000000e+00
-3.000331999999999971e+04	0.000000000000000000e+00	0.000000000000000000e+00	2.227851191747795209e-02	0.000000000000000000e+00
-3.000329000000000087e+04	0.000000000000000000e+00	0.000000000000000000e+00	3.418073061311685534e-02	0.000000000000000000e+00
-3.000327999999999884e+04	0.000000000000000000e+00	0.000000000000000000e+00	2.624591814935758535e-02	0.000000000000000000e+00
-3.000325999999999840e+04	0.000000000000000000e+00	0.000000000000000000e+00	2.685628833887752920e-02	0.000000000000000000e+00
-3.000324000000000160e+04	0.000000000000000000e+00	0.000000000000000000e+00	2.533036286507767132e-02	0.000000000000000000e+00
-3.000322999999999956e+04	0.000000000000000000e+00	0.000000000000000000e+00	2.288888210699789594e-02	0.000000000000000000e+00
-3.000320999999999913e+04	0.000000000000000000e+00	0.000000000000000000e+00	2.105777153843806440e-02	0.000000000000000000e+00
-3.000318000000000029e+04	0.000000000000000000e+00	0.000000000000000000e+00	2.410962248603778363e-02	0.000000000000000000e+00
-3.000315999999999985e+04	0.000000000000000000e+00	0.000000000000000000e+00	2.655110324411755901e-02	0.000000000000000000e+00
-3.000313999999999942e+04	0.000000000000000000e+00	0.000000000000000000e+00	2.868739890743736073e-02	0.000000000000000000e+00
-3.000311999999999898e+04	0.000000000000000000e+00	0.000000000000000000e+00	2.288888210699789594e-02	0.000000000000000000e+00
-3.000309999999999854e+04	0.000000000000000000e+00	0.000000000000000000e+00	2.685628833887752920e-02	0.000000000000000000e+00
-3.000308000000000175e+04	0.000000000000000000e+00	0.000000000000000000e+00	2.807702871791741689e-02	0.000000000000000000e+00
-3.000306999999999971e+04	0.000000000000000000e+00	0.000000000000000000e+00	2.746665852839747304e-02	0.000000000000000000e+00
-3.000304999999999927e+04	0.000000000000000000e+00	0.000000000000000000e+00	2.227851191747795209e-02	0.000000000000000000e+00
-3.000302000000000044e+04	0.000000000000000000e+00	0.000000000000000000e+00	2.258369701223792228e-02	0.000000000000000000e+00
-3.000299000000000160e+04	0.000000000000000000e+00	0.000000000000000000e+00	2.594073305459761516e-02	0.000000000000000000e+00
-3.000297000000000116e+04	0.000000000000000000e+00	0.000000000000000000e+00	3.295999023407696765e-02	0.000000000000000000e+00
-3.000295000000000073e+04	0.000000000000000000e+00	0.000000000000000000e+00	3.662221137119663072e-03	0.000000000000000000e+00
-3.000293000000000029e+04	0.000000000000000000e+00	0.000000000000000000e+00	1.678518021179845748e-02	0.000000000000000000e+00
-3.000291999999999825e+04	0.000000000000000000e+00	0.000000000000000000e+00	1.709036530655842767e-02	0.000000000000000000e+00
-3.000288999999999942e+04	0.000000000000000000e+00	0.000000000000000000e+00	3.509628589739677285e-02	0.000000000000000000e+00
-3.000286999999999898e+04	0.000000000000000000e+00	0.000000000000000000e+00	3.540147099215674303e-02	0.000000000000000000e+00
-3.000284000000000015e+04	0.000000000000000000e+00	0.000000000000000000e+00	3.173924985503707996e-02	0.000000000000000000e+00
-3.000281999999999971e+04	0.000000000000000000e+00	0.000000000000000000e+00	2.929776909695730458e-02	0.000000000000000000e+00
-3.000279999999999927e+04	0.000000000000000000e+00	0.000000000000000000e+00	3.143406476027710977e-02	0.000000000000000000e+00
-3.000277000000000044e+04	0.000000000000000000e+00	0.000000000000000000e+00	3.357036042359691497e-02	0.000000000000000000e+00
-3.000274000000000160e+04	0.000000000000000000e+00	0.000000000000000000e+00	2.197332682271797843e-02	0.000000000000000000e+00
-3.000272000000000116e+04	0.000000000000000000e+00	0.000000000000000000e+00	2.624591814935758535e-02	0.000000000000000000e+00
-3.000270999999999913e+04	0.000000000000000000e+00	0.000000000000000000e+00	2.685628833887752920e-02	0.000000000000000000e+00
-3.000268999999999869e+04	0.000000000000000000e+00	0.000000000000000000e+00	2.166814172795800825e-02	0.000000000000000000e+00
-3.000266999999999825e+04	0.000000000000000000e+00	0.000000000000000000e+00	3.082369457075716593e-02	0.000000000000000000e+00
-3.000263999999999942e+04	0.000000000000000000e+00	0.000000000000000000e+00	3.051850947599719227e-02	0.000000000000000000e+00
-3.000261999999999898e+04	0.000000000000000000e+00	0.000000000000000000e+00	2.502517777031769766e-02	0.000000000000000000e+00
-3.000259999999999854e+04	0.000000000000000000e+00	0.000000000000000000e+00	2.960295419171727824e-02	0.000000000000000000e+00
-3.000256999999999971e+04	0.000000000000000000e+00	0.000000000000000000e+00	2.044740134891812056e-02	0.000000000000000000e+00
-3.000254000000000087e+04	0.000000000000000000e+00	0.000000000000000000e+00	2.716147343363750286e-02	0.000000000000000000e+00
-3.000252999999999884e+04	0.000000000000000000e+00	0.000000000000000000e+00	2.258369701223792228e-02	0.000000000000000000e+00
-3.000250999999999840e+04	0.000000000000000000e+00	0.000000000000000000e+00	2.349925229651783978e-02	0.000000000000000000e+00
-3.000247999999999956e+04	0.000000000000000000e+00	0.000000000000000000e+00	2.197332682271797843e-02	0.000000000000000000e+00
-3.000245999999999913e+04	0.000000000000000000e+00	0.000000000000000000e+00	1.831110568559831536e-02	0.000000000000000000e+00
-3.000243000000000029e+04	0.000000000000000000e+00	0.000000000000000000e+00	1.831110568559831536e-02	0.000000000000000000e+00
-3.000240999999999985e+04	0.000000000000000000e+00	0.000000000000000000e+00	1.831110568559831536e-02	0.000000000000000000e+00
-3.000240000000000146e+04	0.000000000000000000e+00	0.000000000000000000e+00	2.899258400219733439e-02	0.000000000000000000e+00
-3.000236999999999898e+04	0.000000000000000000e+00	0.000000000000000000e+00	2.716147343363750286e-02	0.000000000000000000e+00
-3.000234999999999854e+04	0.000000000000000000e+00	0.000000000000000000e+00	3.845332193975646573e-02	0.000000000000000000e+00
-3.000233000000000175e+04	0.000000000000000000e+00	0.000000000000000000e+00	2.960295419171727824e-02	0.000000000000000000e+00
-3.000231000000000131e+04	0.000000000000000000e+00	0.000000000000000000e+00	3.540147099215674303e-02	0.000000000000000000e+00
-3.000227999999999884e+04	0.000000000000000000e+00	0.000000000000000000e+00	2.624591814935758535e-02	0.000000000000000000e+00
-3.000225999999999840e+04	0.000000000000000000e+00	0.000000000000000000e+00	3.784295175023651842e-02	0.000000000000000000e+00
-3.000224000000000160e+04	0.000000000000000000e+00	0.000000000000000000e+00	2.960295419171727824e-02	0.000000000000000000e+00
-3.000220999999999913e+04	0.000000000000000000e+00	0.000000000000000000e+00	3.234962004455702728e-02	0.000000000000000000e+00
-3.000218000000000029e+04	0.000000000000000000e+00	0.000000000000000000e+00	2.716147343363750286e-02	0.000000000000000000e+00
-3.000215000000000146e+04	0.000000000000000000e+00	0.000000000000000000e+00	1.556443983275856806e-02	0.000000000000000000e+00
-3.000211999999999898e+04	0.000000000000000000e+00	0.000000000000000000e+00	2.685628833887752920e-02	0.000000000000000000e+00
-3.000211000000000058e+04	0.000000000000000000e+00	0.000000000000000000e+00	2.441480758079775382e-02	0.000000000000000000e+00
-3.000209000000000015e+04	0.000000000000000000e+00	0.000000000000000000e+00	2.441480758079775382e-02	0.000000000000000000e+00
-3.000206000000000131e+04	0.000000000000000000e+00	0.000000000000000000e+00	2.685628833887752920e-02	0.000000000000000000e+00
-3.000204000000000087e+04	0.000000000000000000e+00	0.000000000000000000e+00	2.410962248603778363e-02	0.000000000000000000e+00
-3.000200999999999840e+04	0.000000000000000000e+00	0.000000000000000000e+00	2.258369701223792228e-02	0.000000000000000000e+00
-3.000197999999999956e+04	0.000000000000000000e+00	0.000000000000000000e+00	2.746665852839747304e-02	0.000000000000000000e+00
-3.000195999999999913e+04	0.000000000000000000e+00	0.000000000000000000e+00	2.044740134891812056e-02	0.000000000000000000e+00
-3.000193999999999869e+04	0.000000000000000000e+00	0.000000000000000000e+00	2.807702871791741689e-02	0.000000000000000000e+00
-3.000190999999999985e+04	0.000000000000000000e+00	0.000000000000000000e+00	2.929776909695730458e-02	0.000000000000000000e+00
-3.000188000000000102e+04	0.000000000000000000e+00	0.000000000000000000e+00	2.349925229651783978e-02	0.000000000000000000e+00
-3.000186000000000058e+04	0.000000000000000000e+00	0.000000000000000000e+00	2.990813928647724843e-02	0.000000000000000000e+00
-3.000184000000000015e+04	0.000000000000000000e+00	0.000000000000000000e+00	2.441480758079775382e-02	0.000000000000000000e+00
-3.000181000000000131e+04	0.000000000000000000e+00	0.000000000000000000e+00	3.601184118167669035e-02	0.000000000000000000e+00
-3.000179000000000087e+04	0.000000000000000000e+00	0.000000000000000000e+00	3.326517532883693784e-02	0.000000000000000000e+00
-3.000177000000000044e+04	0.000000000000000000e+00	0.000000000000000000e+00	3.326517532883693784e-02	0.000000000000000000e+00
-3.000175000000000000e+04	0.000000000000000000e+00	0.000000000000000000e+00	2.533036286507767132e-02	0.000000000000000000e+00
-3.000172000000000116e+04	0.000000000000000000e+00	0.000000000000000000e+00	2.807702871791741689e-02	0.000000000000000000e+00
-3.000168999999999869e+04	0.000000000000000000e+00	0.000000000000000000e+00	2.441480758079775382e-02	0.000000000000000000e+00
-3.000165999999999985e+04	0.000000000000000000e+00	0.000000000000000000e+00	3.692739646595660091e-02	0.000000000000000000e+00
-3.000165999999999985e+04	0.000000000000000000e+00	0.000000000000000000e+00	2.746665852839747304e-02	0.000000000000000000e+00
-3.000163999999999942e+04	0.000000000000000000e+00	0.000000000000000000e+00	2.838221381267739055e-02	0.000000000000000000e+00
-3.000161999999999898e+04	0.000000000000000000e+00	0.000000000000000000e+00	3.234962004455702728e-02	0.000000000000000000e+00
-3.000159000000000015e+04	0.000000000000000000e+00	0.000000000000000000e+00	2.899258400219733439e-02	0.000000000000000000e+00
-3.000154999999999927e+04	0.000000000000000000e+00	0.000000000000000000e+00	3.875850703451643592e-02	0.000000000000000000e+00
-3.000152999999999884e+04	0.000000000000000000e+00	0.000000000000000000e+00	2.655110324411755901e-02	0.000000000000000000e+00
-3.000152000000000044e+04	0.000000000000000000e+00	0.000000000000000000e+00	2.594073305459761516e-02	0.000000000000000000e+00
-3.000149000000000160e+04	0.000000000000000000e+00	0.000000000000000000e+00	2.594073305459761516e-02	0.000000000000000000e+00
-3.000147000000000116e+04	0.000000000000000000e+00	0.000000000000000000e+00	2.838221381267739055e-02	0.000000000000000000e+00
-3.000143999999999869e+04	0.000000000000000000e+00	0.000000000000000000e+00	2.685628833887752920e-02	0.000000000000000000e+00
-3.000140999999999985e+04	0.000000000000000000e+00	0.000000000000000000e+00	2.990813928647724843e-02	0.000000000000000000e+00
-3.000138999999999942e+04	0.000000000000000000e+00	0.000000000000000000e+00	3.082369457075716593e-02	0.000000000000000000e+00
-3.000136000000000058e+04	0.000000000000000000e+00	0.000000000000000000e+00	2.197332682271797843e-02	0.000000000000000000e+00
-3.000134000000000015e+04	0.000000000000000000e+00	0.000000000000000000e+00	3.448591570787682553e-02	0.000000000000000000e+00
-3.000131999999999971e+04	0.000000000000000000e+00	0.000000000000000000e+00	2.960295419171727824e-02	0.000000000000000000e+00
-3.000131000000000131e+04	0.000000000000000000e+00	0.000000000000000000e+00	2.655110324411755901e-02	0.000000000000000000e+00
-3.000127999999999884e+04	0.000000000000000000e+00	0.000000000000000000e+00	2.624591814935758535e-02	0.000000000000000000e+00
-3.000125999999999840e+04	0.000000000000000000e+00	0.000000000000000000e+00	2.380443739127780997e-02	0.000000000000000000e+00
-3.000122999999999956e+04	0.000000000000000000e+00	0.000000000000000000e+00	2.899258400219733439e-02	0.000000000000000000e+00
-3.000120999999999913e+04	0.000000000000000000e+00	0.000000000000000000e+00	2.471999267555772747e-02	0.000000000000000000e+00
-3.000118999999999869e+04	0.000000000000000000e+00	0.000000000000000000e+00	3.387554551835688516e-02	0.000000000000000000e+00
-3.000115999999999985e+04	0.000000000000000000e+00	0.000000000000000000e+00	2.471999267555772747e-02	0.000000000000000000e+00
-3.000113999999999942e+04	0.000000000000000000e+00	0.000000000000000000e+00	3.051850947599719227e-02	0.000000000000000000e+00
-3.000111000000000058e+04	0.000000000000000000e+00	0.000000000000000000e+00	2.471999267555772747e-02	0.000000000000000000e+00
-3.000108000000000175e+04	0.000000000000000000e+00	0.000000000000000000e+00	2.960295419171727824e-02	0.000000000000000000e+00
-3.000104999999999927e+04	0.000000000000000000e+00	0.000000000000000000e+00	3.112887966551713612e-02	0.000000000000000000e+00
-3.000102000000000044e+04	0.000000000000000000e+00	0.000000000000000000e+00	3.601184118167669035e-02	0.000000000000000000e+00
-3.000100000000000000e+04	0.000000000000000000e+00	0.000000000000000000e+00	2.990813928647724843e-02	0.000000000000000000e+00
-3.000097000000000116e+04	0.000000000000000000e+00	0.000000000000000000e+00	3.082369457075716593e-02	0.000000000000000000e+00
-3.000095000000000073e+04	0.000000000000000000e+00	0.000000000000000000e+00	2.685628833887752920e-02	0.000000000000000000e+00
-3.000091999999999825e+04	0.000000000000000000e+00	0.000000000000000000e+00	2.807702871791741689e-02	0.000000000000000000e+00
-3.000090000000000146e+04	0.000000000000000000e+00	0.000000000000000000e+00	4.791405987731559013e-02	0.000000000000000000e+00
-3.000086999999999898e+04	0.000000000000000000e+00	0.000000000000000000e+00	3.570665608691671322e-02	0.000000000000000000e+00
-3.000084000000000015e+04	0.000000000000000000e+00	0.000000000000000000e+00	2.838221381267739055e-02	0.000000000000000000e+00
-3.000081999999999971e+04	0.000000000000000000e+00	0.000000000000000000e+00	3.357036042359691497e-02	0.000000000000000000e+00
-3.000077999999999884e+04	0.000000000000000000e+00	0.000000000000000000e+00	2.685628833887752920e-02	0.000000000000000000e+00
-3.000075000000000000e+04	0.000000000000000000e+00	0.000000000000000000e+00	3.143406476027710977e-02	0.000000000000000000e+00
-3.000072999999999956e+04	0.000000000000000000e+00	0.000000000000000000e+00	2.533036286507767132e-02	0.000000000000000000e+00
-3.000070999999999913e+04	0.000000000000000000e+00	0.000000000000000000e+00	3.326517532883693784e-02	0.000000000000000000e+00
-3.000068000000000029e+04	0.000000000000000000e+00	0.000000000000000000e+00	2.807702871791741689e-02	0.000000000000000000e+00
-3.000065000000000146e+04	0.000000000000000000e+00	0.000000000000000000e+00	2.655110324411755901e-02	0.000000000000000000e+00
-3.000061999999999898e+04	0.000000000000000000e+00	0.000000000000000000e+00	2.929776909695730458e-02	0.000000000000000000e+00
-3.000059999999999854e+04	0.000000000000000000e+00	0.000000000000000000e+00	2.868739890743736073e-02	0.000000000000000000e+00
-3.000059000000000015e+04	0.000000000000000000e+00	0.000000000000000000e+00	2.594073305459761516e-02	0.000000000000000000e+00
-3.000056000000000131e+04	0.000000000000000000e+00	0.000000000000000000e+00	2.197332682271797843e-02	0.000000000000000000e+00
-3.000054000000000087e+04	0.000000000000000000e+00	0.000000000000000000e+00	2.288888210699789594e-02	0.000000000000000000e+00
-3.000052000000000044e+04	0.000000000000000000e+00	0.000000000000000000e+00	3.051850947599719227e-02	0.000000000000000000e+00
-3.000047999999999956e+04	0.000000000000000000e+00	0.000000000000000000e+00	3.051850947599719227e-02	0.000000000000000000e+00
-3.000043999999999869e+04	0.000000000000000000e+00	0.000000000000000000e+00	2.929776909695730458e-02	0.000000000000000000e+00
-3.000040999999999985e+04	0.000000000000000000e+00	0.000000000000000000e+00	2.410962248603778363e-02	0.000000000000000000e+00
-3.000038999999999942e+04	0.000000000000000000e+00	0.000000000000000000e+00	2.899258400219733439e-02	0.000000000000000000e+00
-3.000036999999999898e+04	0.000000000000000000e+00	0.000000000000000000e+00	3.601184118167669035e-02	0.000000000000000000e+00
-3.000034000000000015e+04	0.000000000000000000e+00	0.000000000000000000e+00	3.448591570787682553e-02	0.000000000000000000e+00
-3.000031999999999971e+04	0.000000000000000000e+00	0.000000000000000000e+00	2.868739890743736073e-02	0.000000000000000000e+00
-3.000029000000000087e+04	0.000000000000000000e+00	0.000000000000000000e+00	2.990813928647724843e-02	0.000000000000000000e+00
-3.000027000000000044e+04	0.000000000000000000e+00	0.000000000000000000e+00	2.899258400219733439e-02	0.000000000000000000e+00
-3.000024000000000160e+04	0.000000000000000000e+00	0.000000000000000000e+00	3.418073061311685534e-02	0.000000000000000000e+00
-3.000020999999999913e+04	0.000000000000000000e+00	0.000000000000000000e+00	3.631702627643666054e-02	0.000000000000000000e+00
-3.000018000000000029e+04	0.000000000000000000e+00	0.000000000000000000e+00	3.357036042359691497e-02	0.000000000000000000e+00
-3.000015000000000146e+04	0.000000000000000000e+00	0.000000000000000000e+00	3.112887966551713612e-02	0.000000000000000000e+00
-3.000011000000000058e+04	0.000000000000000000e+00	0.000000000000000000e+00	3.234962004455702728e-02	0.000000000000000000e+00
-3.000006000000000131e+04	0.000000000000000000e+00	0.000000000000000000e+00	4.089480269783624111e-02	0.000000000000000000e+00
-3.000002000000000044e+04	0.000000000000000000e+00	0.000000000000000000e+00	3.814813684499648860e-02	0.000000000000000000e+00
-3.000000000000000000e+04	0.000000000000000000e+00	0.000000000000000000e+00	3.601184118167669035e-02	0.000000000000000000e+00
-2.999997000000000116e+04	0.000000000000000000e+00	0.000000000000000000e+00	4.089480269783624111e-02	0.000000000000000000e+00
-2.999993999999999869e+04	0.000000000000000000e+00	0.000000000000000000e+00	4.089480269783624111e-02	0.000000000000000000e+00
-2.999990999999999985e+04	0.000000000000000000e+00	0.000000000000000000e+00	4.242072817163609899e-02	0.000000000000000000e+00
-2.999986999999999898e+04	0.000000000000000000e+00	0.000000000000000000e+00	3.448591570787682553e-02	0.000000000000000000e+00
-2.999983000000000175e+04	0.000000000000000000e+00	0.000000000000000000e+00	2.685628833887752920e-02	0.000000000000000000e+00
-2.999979000000000087e+04	0.000000000000000000e+00	0.000000000000000000e+00	3.051850947599719227e-02	0.000000000000000000e+00
-2.999975000000000000e+04	0.000000000000000000e+00	0.000000000000000000e+00	3.082369457075716593e-02	0.000000000000000000e+00
-2.999972999999999956e+04	0.000000000000000000e+00	0.000000000000000000e+00	3.326517532883693784e-02	0.000000000000000000e+00
-2.999970999999999913e+04	0.000000000000000000e+00	0.000000000000000000e+00	2.746665852839747304e-02	0.000000000000000000e+00
-2.999968999999999869e+04	0.000000000000000000e+00	0.000000000000000000e+00	3.387554551835688516e-02	0.000000000000000000e+00
-2.999966999999999825e+04	0.000000000000000000e+00	0.000000000000000000e+00	3.570665608691671322e-02	0.000000000000000000e+00
-2.999963999999999942e+04	0.000000000000000000e+00	0.000000000000000000e+00	4.852443006683553745e-02	0.000000000000000000e+00
-2.999961999999999898e+04	0.000000000000000000e+00	0.000000000000000000e+00	3.814813684499648860e-02	0.000000000000000000e+00
-2.999959000000000015e+04	0.000000000000000000e+00	0.000000000000000000e+00	3.204443494979705015e-02	0.000000000000000000e+00
-2.999956000000000131e+04	0.000000000000000000e+00	0.000000000000000000e+00	3.845332193975646573e-02	0.000000000000000000e+00
-2.999952999999999884e+04	0.000000000000000000e+00	0.000000000000000000e+00	3.875850703451643592e-02	0.000000000000000000e+00
-2.999949000000000160e+04	0.000000000000000000e+00	0.000000000000000000e+00	3.204443494979705015e-02	0.000000000000000000e+00
-2.999945999999999913e+04	0.000000000000000000e+00	0.000000000000000000e+00	3.753776665547654823e-02	0.000000000000000000e+00
-2.999941999999999825e+04	0.000000000000000000e+00	0.000000000000000000e+00	4.364146855067598668e-02	0.000000000000000000e+00
-2.999938000000000102e+04	0.000000000000000000e+00	0.000000000000000000e+00	2.197332682271797843e-02	0.000000000000000000e+00
-2.999936000000000058e+04	0.000000000000000000e+00	0.000000000000000000e+00	3.814813684499648860e-02	0.000000000000000000e+00
-2.999934000000000015e+04	0.000000000000000000e+00	0.000000000000000000e+00	4.943998535111545495e-02	0.000000000000000000e+00
-2.999931000000000131e+04	0.000000000000000000e+00	0.000000000000000000e+00	4.058961760307626399e-02	0.000000000000000000e+00
-2.999929000000000087e+04	0.000000000000000000e+00	0.000000000000000000e+00	4.333628345591601649e-02	0.000000000000000000e+00
-2.999925999999999840e+04	0.000000000000000000e+00	0.000000000000000000e+00	3.234962004455702728e-02	0.000000000000000000e+00
-2.999924000000000160e+04	0.000000000000000000e+00	0.000000000000000000e+00	3.784295175023651842e-02	0.000000000000000000e+00
-2.999920999999999913e+04	0.000000000000000000e+00	0.000000000000000000e+00	3.814813684499648860e-02	0.000000000000000000e+00
-2.999918000000000029e+04	0.000000000000000000e+00	0.000000000000000000e+00	2.746665852839747304e-02	0.000000000000000000e+00
-2.999915000000000146e+04	0.000000000000000000e+00	0.000000000000000000e+00	2.929776909695730458e-02	0.000000000000000000e+00
-2.999911000000000058e+04	0.000000000000000000e+00	0.000000000000000000e+00	2.990813928647724843e-02	0.000000000000000000e+00
-2.999909000000000015e+04	0.000000000000000000e+00	0.000000000000000000e+00	3.418073061311685534e-02	0.000000000000000000e+00
-2.999906000000000131e+04	0.000000000000000000e+00	0.000000000000000000e+00	3.112887966551713612e-02	0.000000000000000000e+00
-2.999904000000000087e+04	0.000000000000000000e+00	0.000000000000000000e+00	3.448591570787682553e-02	0.000000000000000000e+00
-2.999902999999999884e+04	0.000000000000000000e+00	0.000000000000000000e+00	3.173924985503707996e-02	0.000000000000000000e+00
-2.999900999999999840e+04	0.000000000000000000e+00	0.000000000000000000e+00	2.929776909695730458e-02	0.000000000000000000e+00
-2.999897999999999956e+04	0.000000000000000000e+00	0.000000000000000000e+00	4.089480269783624111e-02	0.000000000000000000e+00
-2.999893999999999869e+04	0.000000000000000000e+00	0.000000000000000000e+00	3.997924741355632361e-02	0.000000000000000000e+00
-2.999893000000000029e+04	0.000000000000000000e+00	0.000000000000000000e+00	4.852443006683553745e-02	0.000000000000000000e+00
-2.999890999999999985e+04	0.000000000000000000e+00	0.000000000000000000e+00	3.997924741355632361e-02	0.000000000000000000e+00
-2.999890000000000146e+04	0.000000000000000000e+00	0.000000000000000000e+00	4.821924497207556726e-02	0.000000000000000000e+00
-2.999886999999999898e+04	0.000000000000000000e+00	0.000000000000000000e+00	3.875850703451643592e-02	0.000000000000000000e+00
-2.999884999999999854e+04	0.000000000000000000e+00	0.000000000000000000e+00	3.814813684499648860e-02	0.000000000000000000e+00
-2.999883000000000175e+04	0.000000000000000000e+00	0.000000000000000000e+00	4.150517288735618149e-02	0.000000000000000000e+00
-2.999881000000000131e+04	0.000000000000000000e+00	0.000000000000000000e+00	3.906369212927640611e-02	0.000000000000000000e+00
-2.999879000000000087e+04	0.000000000000000000e+00	0.000000000000000000e+00	4.638813440351573225e-02	0.000000000000000000e+00
-2.999877000000000044e+04	0.000000000000000000e+00	0.000000000000000000e+00	3.997924741355632361e-02	0.000000000000000000e+00
-2.999875000000000000e+04	0.000000000000000000e+00	0.000000000000000000e+00	4.821924497207556726e-02	0.000000000000000000e+00
-2.999872999999999956e+04	0.000000000000000000e+00	0.000000000000000000e+00	3.662221137119663072e-02	0.000000000000000000e+00
-2.999870999999999913e+04	0.000000000000000000e+00	0.000000000000000000e+00	3.784295175023651842e-02	0.000000000000000000e+00
-2.999868999999999869e+04	0.000000000000000000e+00	0.000000000000000000e+00	3.601184118167669035e-02	0.000000000000000000e+00
-2.999865999999999985e+04	0.000000000000000000e+00	0.000000000000000000e+00	4.089480269783624111e-02	0.000000000000000000e+00
-2.999863999999999942e+04	0.000000000000000000e+00	0.000000000000000000e+00	3.692739646595660091e-02	0.000000000000000000e+00
-2.999861999999999898e+04	0.000000000000000000e+00	0.000000000000000000e+00	3.112887966551713612e-02	0.000000000000000000e+00
-2.999859999999999854e+04	0.000000000000000000e+00	0.000000000000000000e+00	3.692739646595660091e-02	0.000000000000000000e+00
-2.999858000000000175e+04	0.000000000000000000e+00	0.000000000000000000e+00	2.197332682271797843e-02	0.000000000000000000e+00
-2.999856000000000131e+04	0.000000000000000000e+00	0.000000000000000000e+00	3.875850703451643592e-02	0.000000000000000000e+00
-2.999854999999999927e+04	0.000000000000000000e+00	0.000000000000000000e+00	3.875850703451643592e-02	0.000000000000000000e+00
-2.999852999999999884e+04	0.000000000000000000e+00	0.000000000000000000e+00	4.821924497207556726e-02	0.000000000000000000e+00
-2.999850000000000000e+04	0.000000000000000000e+00	0.000000000000000000e+00	3.570665608691671322e-02	0.000000000000000000e+00
-2.999847999999999956e+04	0.000000000000000000e+00	0.000000000000000000e+00	3.540147099215674303e-02	0.000000000000000000e+00
-2.999845999999999913e+04	0.000000000000000000e+00	0.000000000000000000e+00	4.455702383495590418e-02	0.000000000000000000e+00
-2.999843999999999869e+04	0.000000000000000000e+00	0.000000000000000000e+00	3.387554551835688516e-02	0.000000000000000000e+00
-2.999843000000000029e+04	0.000000000000000000e+00	0.000000000000000000e+00	3.540147099215674303e-02	0.000000000000000000e+00
-2.999840000000000146e+04	0.000000000000000000e+00	0.000000000000000000e+00	4.852443006683553745e-02	0.000000000000000000e+00
-2.999838000000000102e+04	0.000000000000000000e+00	0.000000000000000000e+00	3.509628589739677285e-02	0.000000000000000000e+00
-2.999836000000000058e+04	0.000000000000000000e+00	0.000000000000000000e+00	3.997924741355632361e-02	0.000000000000000000e+00
-2.999834000000000015e+04	0.000000000000000000e+00	0.000000000000000000e+00	3.692739646595660091e-02	0.000000000000000000e+00
-2.999831000000000131e+04	0.000000000000000000e+00	0.000000000000000000e+00	4.119998779259621130e-02	0.000000000000000000e+00
-2.999827999999999884e+04	0.000000000000000000e+00	0.000000000000000000e+00	4.272591326639606918e-02	0.000000000000000000e+00
-2.999825999999999840e+04	0.000000000000000000e+00	0.000000000000000000e+00	3.753776665547654823e-02	0.000000000000000000e+00
-2.999824000000000160e+04	0.000000000000000000e+00	0.000000000000000000e+00	4.272591326639606918e-02	0.000000000000000000e+00
-2.999822999999999956e+04	0.000000000000000000e+00	0.000000000000000000e+00	4.058961760307626399e-02	0.000000000000000000e+00
-2.999820999999999913e+04	0.000000000000000000e+00	0.000000000000000000e+00	4.364146855067598668e-02	0.000000000000000000e+00
-2.999818000000000029e+04	0.000000000000000000e+00	0.000000000000000000e+00	3.448591570787682553e-02	0.000000000000000000e+00
-2.999815999999999985e+04	0.000000000000000000e+00	0.000000000000000000e+00	4.272591326639606918e-02	0.000000000000000000e+00
-2.999813000000000102e+04	0.000000000000000000e+00	0.000000000000000000e+00	4.364146855067598668e-02	0.000000000000000000e+00
-2.999811000000000058e+04	0.000000000000000000e+00	0.000000000000000000e+00	4.333628345591601649e-02	0.000000000000000000e+00
-2.999809000000000015e+04	0.000000000000000000e+00	0.000000000000000000e+00	4.364146855067598668e-02	0.000000000000000000e+00
-2.999806999999999971e+04	0.000000000000000000e+00	0.000000000000000000e+00	4.821924497207556726e-02	0.000000000000000000e+00
-2.999804000000000087e+04	0.000000000000000000e+00	0.000000000000000000e+00	4.730368968779564975e-02	0.000000000000000000e+00
-2.999800999999999840e+04	0.000000000000000000e+00	0.000000000000000000e+00	3.662221137119663072e-02	0.000000000000000000e+00
-2.999799000000000160e+04	0.000000000000000000e+00	0.000000000000000000e+00	3.784295175023651842e-02	0.000000000000000000e+00
-2.999797999999999956e+04	0.000000000000000000e+00	0.000000000000000000e+00	4.150517288735618149e-02	0.000000000000000000e+00
-2.999795000000000073e+04	0.000000000000000000e+00	0.000000000000000000e+00	3.601184118167669035e-02	0.000000000000000000e+00
-2.999791999999999825e+04	0.000000000000000000e+00	0.000000000000000000e+00	3.753776665547654823e-02	0.000000000000000000e+00
-2.999790000000000146e+04	0.000000000000000000e+00	0.000000000000000000e+00	4.272591326639606918e-02	0.000000000000000000e+00
-2.999788000000000102e+04	0.000000000000000000e+00	0.000000000000000000e+00	3.631702627643666054e-02	0.000000000000000000e+00
-2.999786000000000058e+04	0.000000000000000000e+00	0.000000000000000000e+00	4.119998779259621130e-02	0.000000000000000000e+00
-2.999784000000000015e+04	0.000000000000000000e+00	0.000000000000000000e+00	3.692739646595660091e-02	0.000000000000000000e+00
-2.999781999999999971e+04	0.000000000000000000e+00	0.000000000000000000e+00	3.357036042359691497e-02	0.000000000000000000e+00
-2.999779999999999927e+04	0.000000000000000000e+00	0.000000000000000000e+00	4.028443250831629380e-02	0.000000000000000000e+00
-2.999777999999999884e+04	0.000000000000000000e+00	0.000000000000000000e+00	4.608294930875576206e-02	0.000000000000000000e+00
-2.999775000000000000e+04	0.000000000000000000e+00	0.000000000000000000e+00	5.462813196203497590e-02	0.000000000000000000e+00
-2.999772999999999956e+04	0.000000000000000000e+00	0.000000000000000000e+00	4.028443250831629380e-02	0.000000000000000000e+00
-2.999770999999999913e+04	0.000000000000000000e+00	0.000000000000000000e+00	5.279702139347514089e-02	0.000000000000000000e+00
-2.999768999999999869e+04	0.000000000000000000e+00	0.000000000000000000e+00	4.943998535111545495e-02	0.000000000000000000e+00
-2.999768000000000029e+04	0.000000000000000000e+00	0.000000000000000000e+00	4.119998779259621130e-02	0.000000000000000000e+00
-2.999765999999999985e+04	0.000000000000000000e+00	0.000000000000000000e+00	4.455702383495590418e-02	0.000000000000000000e+00
-2.999765000000000146e+04	0.000000000000000000e+00	0.000000000000000000e+00	4.638813440351573225e-02	0.000000000000000000e+00
-2.999763000000000102e+04	0.000000000000000000e+00	0.000000000000000000e+00	4.272591326639606918e-02	0.000000000000000000e+00
-2.999761999999999898e+04	0.000000000000000000e+00	0.000000000000000000e+00	4.821924497207556726e-02	0.000000000000000000e+00
-2.999759000000000015e+04	0.000000000000000000e+00	0.000000000000000000e+00	4.730368968779564975e-02	0.000000000000000000e+00
-2.999756999999999971e+04	0.000000000000000000e+00	0.000000000000000000e+00	5.096591082491531283e-02	0.000000000000000000e+00
-2.999754999999999927e+04	0.000000000000000000e+00	0.000000000000000000e+00	4.608294930875576206e-02	0.000000000000000000e+00
-2.999754000000000087e+04	0.000000000000000000e+00	0.000000000000000000e+00	4.119998779259621130e-02	0.000000000000000000e+00
-2.999750999999999840e+04	0.000000000000000000e+00	0.000000000000000000e+00	4.333628345591601649e-02	0.000000000000000000e+00
-2.999747999999999956e+04	0.000000000000000000e+00	0.000000000000000000e+00	5.645924253059480397e-02	0.000000000000000000e+00
-2.999745999999999913e+04	0.000000000000000000e+00	0.000000000000000000e+00	4.577776421399579188e-02	0.000000000000000000e+00
-2.999743999999999869e+04	0.000000000000000000e+00	0.000000000000000000e+00	4.211554307687612880e-02	0.000000000000000000e+00
-2.999740999999999985e+04	0.000000000000000000e+00	0.000000000000000000e+00	4.303109836115603937e-02	0.000000000000000000e+00
-2.999740000000000146e+04	0.000000000000000000e+00	0.000000000000000000e+00	4.577776421399579188e-02	0.000000000000000000e+00
-2.999738000000000102e+04	0.000000000000000000e+00	0.000000000000000000e+00	4.211554307687612880e-02	0.000000000000000000e+00
-2.999734999999999854e+04	0.000000000000000000e+00	0.000000000000000000e+00	5.279702139347514089e-02	0.000000000000000000e+00
-2.999734000000000015e+04	0.000000000000000000e+00	0.000000000000000000e+00	4.455702383495590418e-02	0.000000000000000000e+00
-2.999731999999999971e+04	0.000000000000000000e+00	0.000000000000000000e+00	4.455702383495590418e-02	0.000000000000000000e+00
-2.999729999999999927e+04	0.000000000000000000e+00	0.000000000000000000e+00	4.486220892971587437e-02	0.000000000000000000e+00
-2.999727999999999884e+04	0.000000000000000000e+00	0.000000000000000000e+00	4.577776421399579188e-02	0.000000000000000000e+00
-2.999725000000000000e+04	0.000000000000000000e+00	0.000000000000000000e+00	4.547257911923581475e-02	0.000000000000000000e+00
-2.999724000000000160e+04	0.000000000000000000e+00	0.000000000000000000e+00	4.730368968779564975e-02	0.000000000000000000e+00
-2.999720999999999913e+04	0.000000000000000000e+00	0.000000000000000000e+00	4.730368968779564975e-02	0.000000000000000000e+00
-2.999718000000000029e+04	0.000000000000000000e+00	0.000000000000000000e+00	4.608294930875576206e-02	0.000000000000000000e+00
-2.999715999999999985e+04	0.000000000000000000e+00	0.000000000000000000e+00	4.364146855067598668e-02	0.000000000000000000e+00
-2.999713999999999942e+04	0.000000000000000000e+00	0.000000000000000000e+00	4.699850459303567957e-02	0.000000000000000000e+00
-2.999711000000000058e+04	0.000000000000000000e+00	0.000000000000000000e+00	4.852443006683553745e-02	0.000000000000000000e+00
-2.999708000000000175e+04	0.000000000000000000e+00	0.000000000000000000e+00	4.455702383495590418e-02	0.000000000000000000e+00
-2.999706000000000131e+04	0.000000000000000000e+00	0.000000000000000000e+00	5.676442762535478109e-02	0.000000000000000000e+00
-2.999704000000000087e+04	0.000000000000000000e+00	0.000000000000000000e+00	3.997924741355632361e-02	0.000000000000000000e+00
-2.999700999999999840e+04	0.000000000000000000e+00	0.000000000000000000e+00	4.791405987731559013e-02	0.000000000000000000e+00
-2.999697999999999956e+04	0.000000000000000000e+00	0.000000000000000000e+00	5.157628101443525320e-02	0.000000000000000000e+00
-2.999695000000000073e+04	0.000000000000000000e+00	0.000000000000000000e+00	4.943998535111545495e-02	0.000000000000000000e+00
-2.999691999999999825e+04	0.000000000000000000e+00	0.000000000000000000e+00	5.523850215155491628e-02	0.000000000000000000e+00
-2.999688999999999942e+04	0.000000000000000000e+00	0.000000000000000000e+00	4.913480025635547782e-02	0.000000000000000000e+00
-2.999686999999999898e+04	0.000000000000000000e+00	0.000000000000000000e+00	5.279702139347514089e-02	0.000000000000000000e+00
-2.999684999999999854e+04	0.000000000000000000e+00	0.000000000000000000e+00	4.547257911923581475e-02	0.000000000000000000e+00
-2.999681999999999971e+04	0.000000000000000000e+00	0.000000000000000000e+00	4.394665364543595687e-02	0.000000000000000000e+00
-2.999679999999999927e+04	0.000000000000000000e+00	0.000000000000000000e+00	4.272591326639606918e-02	0.000000000000000000e+00
-2.999677999999999884e+04	0.000000000000000000e+00	0.000000000000000000e+00	4.699850459303567957e-02	0.000000000000000000e+00
-2.999675999999999840e+04	0.000000000000000000e+00	0.000000000000000000e+00	4.394665364543595687e-02	0.000000000000000000e+00
-2.999674000000000160e+04	0.000000000000000000e+00	0.000000000000000000e+00	4.852443006683553745e-02	0.000000000000000000e+00
-2.999672000000000116e+04	0.000000000000000000e+00	0.000000000000000000e+00	5.767998290963469166e-02	0.000000000000000000e+00
-2.999670999999999913e+04	0.000000000000000000e+00	0.000000000000000000e+00	5.676442762535478109e-02	0.000000000000000000e+00
-2.999668000000000029e+04	0.000000000000000000e+00	0.000000000000000000e+00	5.615405743583483378e-02	0.000000000000000000e+00
-2.999666999999999825e+04	0.000000000000000000e+00	0.000000000000000000e+00	4.852443006683553745e-02	0.000000000000000000e+00
-2.999665000000000146e+04	0.000000000000000000e+00	0.000000000000000000e+00	5.310220648823511802e-02	0.000000000000000000e+00
-2.999661999999999898e+04	0.000000000000000000e+00	0.000000000000000000e+00	5.310220648823511802e-02	0.000000000000000000e+00
-2.999659000000000015e+04	0.000000000000000000e+00	0.000000000000000000e+00	4.699850459303567957e-02	0.000000000000000000e+00
-2.999656999999999971e+04	0.000000000000000000e+00	0.000000000000000000e+00	4.760887478255561994e-02	0.000000000000000000e+00
-2.999654999999999927e+04	0.000000000000000000e+00	0.000000000000000000e+00	6.164738914151433186e-02	0.000000000000000000e+00
-2.999652000000000044e+04	0.000000000000000000e+00	0.000000000000000000e+00	4.638813440351573225e-02	0.000000000000000000e+00
-2.999647999999999956e+04	0.000000000000000000e+00	0.000000000000000000e+00	4.394665364543595687e-02	0.000000000000000000e+00
-2.999645000000000073e+04	0.000000000000000000e+00	0.000000000000000000e+00	4.974517044587542514e-02	0.000000000000000000e+00
-2.999643000000000029e+04	0.000000000000000000e+00	0.000000000000000000e+00	4.455702383495590418e-02	0.000000000000000000e+00
-2.999640999999999985e+04	0.000000000000000000e+00	0.000000000000000000e+00	4.730368968779564975e-02	0.000000000000000000e+00
-2.999638000000000102e+04	0.000000000000000000e+00	0.000000000000000000e+00	5.676442762535478109e-02	0.000000000000000000e+00
-2.999636000000000058e+04	0.000000000000000000e+00	0.000000000000000000e+00	5.249183629871517071e-02	0.000000000000000000e+00
-2.999631999999999971e+04	0.000000000000000000e+00	0.000000000000000000e+00	4.852443006683553745e-02	0.000000000000000000e+00
-2.999629999999999927e+04	0.000000000000000000e+00	0.000000000000000000e+00	4.791405987731559013e-02	0.000000000000000000e+00
-2.999629000000000087e+04	0.000000000000000000e+00	0.000000000000000000e+00	4.730368968779564975e-02	0.000000000000000000e+00
-2.999627000000000044e+04	0.000000000000000000e+00	0.000000000000000000e+00	4.303109836115603937e-02	0.000000000000000000e+00
-2.999624000000000160e+04	0.000000000000000000e+00	0.000000000000000000e+00	4.730368968779564975e-02	0.000000000000000000e+00
-2.999620999999999913e+04	0.000000000000000000e+00	0.000000000000000000e+00	5.920590838343455647e-02	0.000000000000000000e+00
-2.999618999999999869e+04	0.000000000000000000e+00	0.000000000000000000e+00	5.188146610919523033e-02	0.000000000000000000e+00
-2.999615999999999985e+04	0.000000000000000000e+00	0.000000000000000000e+00	4.699850459303567957e-02	0.000000000000000000e+00
-2.999613999999999942e+04	0.000000000000000000e+00	0.000000000000000000e+00	4.516739402447584456e-02	0.000000000000000000e+00
-2.999611999999999898e+04	0.000000000000000000e+00	0.000000000000000000e+00	5.279702139347514089e-02	0.000000000000000000e+00
-2.999609999999999854e+04	0.000000000000000000e+00	0.000000000000000000e+00	5.890072328867457935e-02	0.000000000000000000e+00
-2.999608000000000175e+04	0.000000000000000000e+00	0.000000000000000000e+00	4.852443006683553745e-02	0.000000000000000000e+00
-2.999606000000000131e+04	0.000000000000000000e+00	0.000000000000000000e+00	5.157628101443525320e-02	0.000000000000000000e+00
-2.999602999999999884e+04	0.000000000000000000e+00	0.000000000000000000e+00	5.188146610919523033e-02	0.000000000000000000e+00
-2.999600999999999840e+04	0.000000000000000000e+00	0.000000000000000000e+00	5.279702139347514089e-02	0.000000000000000000e+00
-2.999599000000000160e+04	0.000000000000000000e+00	0.000000000000000000e+00	4.943998535111545495e-02	0.000000000000000000e+00
-2.999597000000000116e+04	0.000000000000000000e+00	0.000000000000000000e+00	5.615405743583483378e-02	0.000000000000000000e+00
-2.999593999999999869e+04	0.000000000000000000e+00	0.000000000000000000e+00	6.195257423627430204e-02	0.000000000000000000e+00
-2.999590000000000146e+04	0.000000000000000000e+00	0.000000000000000000e+00	5.432294686727500571e-02	0.000000000000000000e+00
-2.999586999999999898e+04	0.000000000000000000e+00	0.000000000000000000e+00	5.615405743583483378e-02	0.000000000000000000e+00
-2.999584000000000015e+04	0.000000000000000000e+00	0.000000000000000000e+00	5.920590838343455647e-02	0.000000000000000000e+00
-2.999583000000000175e+04	0.000000000000000000e+00	0.000000000000000000e+00	6.408886989959410030e-02	0.000000000000000000e+00
-2.999579999999999927e+04	0.000000000000000000e+00	0.000000000000000000e+00	5.737479781487472147e-02	0.000000000000000000e+00
-2.999575999999999840e+04	0.000000000000000000e+00	0.000000000000000000e+00	5.981627857295449685e-02	0.000000000000000000e+00
-2.999572999999999956e+04	0.000000000000000000e+00	0.000000000000000000e+00	5.706961272011475128e-02	0.000000000000000000e+00
-2.999570999999999913e+04	0.000000000000000000e+00	0.000000000000000000e+00	5.859553819391460916e-02	0.000000000000000000e+00
-2.999568999999999869e+04	0.000000000000000000e+00	0.000000000000000000e+00	5.798516800439466878e-02	0.000000000000000000e+00
-2.999565000000000146e+04	0.000000000000000000e+00	0.000000000000000000e+00	5.493331705679494609e-02	0.000000000000000000e+00
-2.999561999999999898e+04	0.000000000000000000e+00	0.000000000000000000e+00	6.683553575243385281e-02	0.000000000000000000e+00
-2.999559000000000015e+04	0.000000000000000000e+00	0.000000000000000000e+00	5.340739158299508821e-02	0.000000000000000000e+00
-2.999556000000000131e+04	0.000000000000000000e+00	0.000000000000000000e+00	6.500442518387401780e-02	0.000000000000000000e+00
-2.999552999999999884e+04	0.000000000000000000e+00	0.000000000000000000e+00	6.256294442579424242e-02	0.000000000000000000e+00
-2.999550999999999840e+04	0.000000000000000000e+00	0.000000000000000000e+00	6.012146366771446704e-02	0.000000000000000000e+00
-2.999547999999999956e+04	0.000000000000000000e+00	0.000000000000000000e+00	5.035554063539536551e-02	0.000000000000000000e+00
-2.999545000000000073e+04	0.000000000000000000e+00	0.000000000000000000e+00	5.401776177251502858e-02	0.000000000000000000e+00
-2.999541999999999825e+04	0.000000000000000000e+00	0.000000000000000000e+00	5.218665120395520052e-02	0.000000000000000000e+00
-2.999540000000000146e+04	0.000000000000000000e+00	0.000000000000000000e+00	6.042664876247444417e-02	0.000000000000000000e+00
-2.999536000000000058e+04	0.000000000000000000e+00	0.000000000000000000e+00	5.279702139347514089e-02	0.000000000000000000e+00
-2.999533000000000175e+04	0.000000000000000000e+00	0.000000000000000000e+00	4.791405987731559013e-02	0.000000000000000000e+00
-2.999529999999999927e+04	0.000000000000000000e+00	0.000000000000000000e+00	5.645924253059480397e-02	0.000000000000000000e+00
-2.999527999999999884e+04	0.000000000000000000e+00	0.000000000000000000e+00	5.798516800439466878e-02	0.000000000000000000e+00
-2.999525000000000000e+04	0.000000000000000000e+00	0.000000000000000000e+00	5.615405743583483378e-02	0.000000000000000000e+00
-2.999522000000000116e+04	0.000000000000000000e+00	0.000000000000000000e+00	5.951109347819452666e-02	0.000000000000000000e+00
-2.999520000000000073e+04	0.000000000000000000e+00	0.000000000000000000e+00	5.981627857295449685e-02	0.000000000000000000e+00
-2.999516999999999825e+04	0.000000000000000000e+00	0.000000000000000000e+00	5.523850215155491628e-02	0.000000000000000000e+00
-2.999513999999999942e+04	0.000000000000000000e+00	0.000000000000000000e+00	6.225775933103427223e-02	0.000000000000000000e+00
-2.999511999999999898e+04	0.000000000000000000e+00	0.000000000000000000e+00	6.103701895199438454e-02	0.000000000000000000e+00
-2.999509999999999854e+04	0.000000000000000000e+00	0.000000000000000000e+00	6.653035065767387568e-02	0.000000000000000000e+00
-2.999508000000000175e+04	0.000000000000000000e+00	0.000000000000000000e+00	5.554368724631489340e-02	0.000000000000000000e+00
-2.999504999999999927e+04	0.000000000000000000e+00	0.000000000000000000e+00	5.615405743583483378e-02	0.000000000000000000e+00
-2.999500999999999840e+04	0.000000000000000000e+00	0.000000000000000000e+00	6.103701895199438454e-02	0.000000000000000000e+00
-2.999497999999999956e+04	0.000000000000000000e+00	0.000000000000000000e+00	6.836146122623371069e-02	0.000000000000000000e+00
-2.999493999999999869e+04	0.000000000000000000e+00	0.000000000000000000e+00	5.493331705679494609e-02	0.000000000000000000e+00
-2.999490000000000146e+04	0.000000000000000000e+00	0.000000000000000000e+00	5.676442762535478109e-02	0.000000000000000000e+00
-2.999484999999999854e+04	0.000000000000000000e+00	0.000000000000000000e+00	6.256294442579424242e-02	0.000000000000000000e+00
-2.999481000000000131e+04	0.000000000000000000e+00	0.000000000000000000e+00	5.798516800439466878e-02	0.000000000000000000e+00
-2.999477000000000044e+04	0.000000000000000000e+00	0.000000000000000000e+00	5.798516800439466878e-02	0.000000000000000000e+00
-2.999475000000000000e+04	0.000000000000000000e+00	0.000000000000000000e+00	6.042664876247444417e-02	0.000000000000000000e+00
-2.999472000000000116e+04	0.000000000000000000e+00	0.000000000000000000e+00	5.767998290963469166e-02	0.000000000000000000e+00
-2.999470000000000073e+04	0.000000000000000000e+00	0.000000000000000000e+00	5.767998290963469166e-02	0.000000000000000000e+00
-2.999466999999999825e+04	0.000000000000000000e+00	0.000000000000000000e+00	6.561479537339395818e-02	0.000000000000000000e+00
-2.999465000000000146e+04	0.000000000000000000e+00	0.000000000000000000e+00	6.653035065767387568e-02	0.000000000000000000e+00
-2.999461999999999898e+04	0.000000000000000000e+00	0.000000000000000000e+00	7.538071840571305970e-02	0.000000000000000000e+00
-2.999459999999999854e+04	0.000000000000000000e+00	0.000000000000000000e+00	6.591998046815393530e-02	0.000000000000000000e+00
-2.999458000000000175e+04	0.000000000000000000e+00	0.000000000000000000e+00	6.622516556291391243e-02	0.000000000000000000e+00
-2.999454999999999927e+04	0.000000000000000000e+00	0.000000000000000000e+00	6.683553575243385281e-02	0.000000000000000000e+00
-2.999452999999999884e+04	0.000000000000000000e+00	0.000000000000000000e+00	6.836146122623371069e-02	0.000000000000000000e+00
-2.999450000000000000e+04	0.000000000000000000e+00	0.000000000000000000e+00	6.897183141575365106e-02	0.000000000000000000e+00
-2.999447000000000116e+04	0.000000000000000000e+00	0.000000000000000000e+00	6.378368480483413705e-02	0.000000000000000000e+00
-2.999443999999999869e+04	0.000000000000000000e+00	0.000000000000000000e+00	6.683553575243385281e-02	0.000000000000000000e+00
-2.999441999999999825e+04	0.000000000000000000e+00	0.000000000000000000e+00	6.164738914151433186e-02	0.000000000000000000e+00
-2.999440000000000146e+04	0.000000000000000000e+00	0.000000000000000000e+00	7.019257179479354569e-02	0.000000000000000000e+00
-2.999438000000000102e+04	0.000000000000000000e+00	0.000000000000000000e+00	6.744590594195379318e-02	0.000000000000000000e+00
-2.999434999999999854e+04	0.000000000000000000e+00	0.000000000000000000e+00	5.737479781487472147e-02	0.000000000000000000e+00
-2.999431000000000131e+04	0.000000000000000000e+00	0.000000000000000000e+00	5.737479781487472147e-02	0.000000000000000000e+00
-2.999429000000000087e+04	0.000000000000000000e+00	0.000000000000000000e+00	6.225775933103427223e-02	0.000000000000000000e+00
-2.999425000000000000e+04	0.000000000000000000e+00	0.000000000000000000e+00	5.951109347819452666e-02	0.000000000000000000e+00
-2.999422000000000116e+04	0.000000000000000000e+00	0.000000000000000000e+00	5.798516800439466878e-02	0.000000000000000000e+00
-2.999418999999999869e+04	0.000000000000000000e+00	0.000000000000000000e+00	6.927701651051362819e-02	0.000000000000000000e+00
-2.999415999999999985e+04	0.000000000000000000e+00	0.000000000000000000e+00	6.042664876247444417e-02	0.000000000000000000e+00
-2.999411999999999898e+04	0.000000000000000000e+00	0.000000000000000000e+00	5.737479781487472147e-02	0.000000000000000000e+00
-2.999409000000000015e+04	0.000000000000000000e+00	0.000000000000000000e+00	7.202368236335338070e-02	0.000000000000000000e+00
-2.999406000000000131e+04	0.000000000000000000e+00	0.000000000000000000e+00	6.195257423627430204e-02	0.000000000000000000e+00
-2.999404999999999927e+04	0.000000000000000000e+00	0.000000000000000000e+00	6.469924008911405455e-02	0.000000000000000000e+00
-2.999402999999999884e+04	0.000000000000000000e+00	0.000000000000000000e+00	6.683553575243385281e-02	0.000000000000000000e+00
-2.999400999999999840e+04	0.000000000000000000e+00	0.000000000000000000e+00	6.653035065767387568e-02	0.000000000000000000e+00
-2.999397999999999956e+04	0.000000000000000000e+00	0.000000000000000000e+00	7.080294198431348607e-02	0.000000000000000000e+00
-2.999395000000000073e+04	0.000000000000000000e+00	0.000000000000000000e+00	7.019257179479354569e-02	0.000000000000000000e+00
-2.999391999999999825e+04	0.000000000000000000e+00	0.000000000000000000e+00	7.660145878475295433e-02	0.000000000000000000e+00
-2.999388999999999942e+04	0.000000000000000000e+00	0.000000000000000000e+00	6.927701651051362819e-02	0.000000000000000000e+00
-2.999388000000000102e+04	0.000000000000000000e+00	0.000000000000000000e+00	8.453627124851222085e-02	0.000000000000000000e+00
-2.999386000000000058e+04	0.000000000000000000e+00	0.000000000000000000e+00	7.324442274239326145e-02	0.000000000000000000e+00
-2.999383000000000175e+04	0.000000000000000000e+00	0.000000000000000000e+00	7.446516312143315608e-02	0.000000000000000000e+00
-2.999379999999999927e+04	0.000000000000000000e+00	0.000000000000000000e+00	7.782219916379283509e-02	0.000000000000000000e+00
-2.999377000000000044e+04	0.000000000000000000e+00	0.000000000000000000e+00	7.507553331095309646e-02	0.000000000000000000e+00
-2.999375999999999840e+04	0.000000000000000000e+00	0.000000000000000000e+00	6.744590594195379318e-02	0.000000000000000000e+00
-2.999374000000000160e+04	0.000000000000000000e+00	0.000000000000000000e+00	7.568590350047303683e-02	0.000000000000000000e+00
-2.999372000000000116e+04	0.000000000000000000e+00	0.000000000000000000e+00	7.538071840571305970e-02	0.000000000000000000e+00
-2.999368999999999869e+04	0.000000000000000000e+00	0.000000000000000000e+00	7.171849726859340357e-02	0.000000000000000000e+00
-2.999365999999999985e+04	0.000000000000000000e+00	0.000000000000000000e+00	7.110812707907346319e-02	0.000000000000000000e+00
-2.999365000000000146e+04	0.000000000000000000e+00	0.000000000000000000e+00	7.171849726859340357e-02	0.000000000000000000e+00
-2.999363000000000102e+04	0.000000000000000000e+00	0.000000000000000000e+00	6.134220404675435473e-02	0.000000000000000000e+00
-2.999359999999999854e+04	0.000000000000000000e+00	0.000000000000000000e+00	6.622516556291391243e-02	0.000000000000000000e+00
-2.999358000000000175e+04	0.000000000000000000e+00	0.000000000000000000e+00	6.805627613147373356e-02	0.000000000000000000e+00
-2.999354999999999927e+04	0.000000000000000000e+00	0.000000000000000000e+00	7.263405255287332107e-02	0.000000000000000000e+00
-2.999352000000000044e+04	0.000000000000000000e+00	0.000000000000000000e+00	6.805627613147373356e-02	0.000000000000000000e+00
-2.999349000000000160e+04	0.000000000000000000e+00	0.000000000000000000e+00	7.049775688955350894e-02	0.000000000000000000e+00
-2.999347999999999956e+04	0.000000000000000000e+00	0.000000000000000000e+00	7.263405255287332107e-02	0.000000000000000000e+00
-2.999345999999999913e+04	0.000000000000000000e+00	0.000000000000000000e+00	6.408886989959410030e-02	0.000000000000000000e+00
-2.999343999999999869e+04	0.000000000000000000e+00	0.000000000000000000e+00	8.239997558519242260e-02	0.000000000000000000e+00
-2.999340999999999985e+04	0.000000000000000000e+00	0.000000000000000000e+00	7.385479293191320183e-02	0.000000000000000000e+00
-2.999338000000000102e+04	0.000000000000000000e+00	0.000000000000000000e+00	7.263405255287332107e-02	0.000000000000000000e+00
-2.999336000000000058e+04	0.000000000000000000e+00	0.000000000000000000e+00	7.202368236335338070e-02	0.000000000000000000e+00
-2.999334000000000015e+04	0.000000000000000000e+00	0.000000000000000000e+00	7.171849726859340357e-02	0.000000000000000000e+00
-2.999331999999999971e+04	0.000000000000000000e+00	0.000000000000000000e+00	7.263405255287332107e-02	0.000000000000000000e+00
-2.999329999999999927e+04	0.000000000000000000e+00	0.000000000000000000e+00	7.202368236335338070e-02	0.000000000000000000e+00
-2.999327999999999884e+04	0.000000000000000000e+00	0.000000000000000000e+00	6.805627613147373356e-02	0.000000000000000000e+00
-2.999325999999999840e+04	0.000000000000000000e+00	0.000000000000000000e+00	7.171849726859340357e-02	0.000000000000000000e+00
-2.999322999999999956e+04	0.000000000000000000e+00	0.000000000000000000e+00	6.836146122623371069e-02	0.000000000000000000e+00
-2.999320999999999913e+04	0.000000000000000000e+00	0.000000000000000000e+00	7.324442274239326145e-02	0.000000000000000000e+00
-2.999318000000000029e+04	0.000000000000000000e+00	0.000000000000000000e+00	6.836146122623371069e-02	0.000000000000000000e+00
-2.999315999999999985e+04	0.000000000000000000e+00	0.000000000000000000e+00	6.836146122623371069e-02	0.000000000000000000e+00
-2.999313000000000102e+04	0.000000000000000000e+00	0.000000000000000000e+00	7.873775444807275259e-02	0.000000000000000000e+00
-2.999309999999999854e+04	0.000000000000000000e+00	0.000000000000000000e+00	7.843256935331278934e-02	0.000000000000000000e+00
-2.999308000000000175e+04	0.000000000000000000e+00	0.000000000000000000e+00	7.782219916379283509e-02	0.000000000000000000e+00
-2.999306000000000131e+04	0.000000000000000000e+00	0.000000000000000000e+00	8.697775200659199624e-02	0.000000000000000000e+00
-2.999304000000000087e+04	0.000000000000000000e+00	0.000000000000000000e+00	8.545182653279213836e-02	0.000000000000000000e+00
-2.999302999999999884e+04	0.000000000000000000e+00	0.000000000000000000e+00	8.362071596423230335e-02	0.000000000000000000e+00
-2.999300999999999840e+04	0.000000000000000000e+00	0.000000000000000000e+00	7.995849482711264722e-02	0.000000000000000000e+00
-2.999300000000000000e+04	0.000000000000000000e+00	0.000000000000000000e+00	8.362071596423230335e-02	0.000000000000000000e+00
-2.999297999999999956e+04	0.000000000000000000e+00	0.000000000000000000e+00	7.202368236335338070e-02	0.000000000000000000e+00
-2.999297000000000116e+04	0.000000000000000000e+00	0.000000000000000000e+00	8.789330729087191374e-02	0.000000000000000000e+00
-2.999295000000000073e+04	0.000000000000000000e+00	0.000000000000000000e+00	7.660145878475295433e-02	0.000000000000000000e+00
-2.999293000000000029e+04	0.000000000000000000e+00	0.000000000000000000e+00	7.538071840571305970e-02	0.000000000000000000e+00
-2.999291999999999825e+04	0.000000000000000000e+00	0.000000000000000000e+00	7.629627368999297721e-02	0.000000000000000000e+00
-2.999290000000000146e+04	0.000000000000000000e+00	0.000000000000000000e+00	8.239997558519242260e-02	0.000000000000000000e+00
-2.999286000000000058e+04	0.000000000000000000e+00	0.000000000000000000e+00	8.362071596423230335e-02	0.000000000000000000e+00
-2.999284000000000015e+04	0.000000000000000000e+00	0.000000000000000000e+00	6.958220160527360532e-02	0.000000000000000000e+00
-2.999281000000000131e+04	0.000000000000000000e+00	0.000000000000000000e+00	6.927701651051362819e-02	0.000000000000000000e+00
-2.999279000000000087e+04	0.000000000000000000e+00	0.000000000000000000e+00	8.301034577471236298e-02	0.000000000000000000e+00
-2.999275000000000000e+04	0.000000000000000000e+00	0.000000000000000000e+00	7.873775444807275259e-02	0.000000000000000000e+00
-2.999272000000000116e+04	0.000000000000000000e+00	0.000000000000000000e+00	7.141331217383342644e-02	0.000000000000000000e+00
-2.999270000000000073e+04	0.000000000000000000e+00	0.000000000000000000e+00	5.767998290963469166e-02	0.000000000000000000e+00
-2.999268000000000029e+04	0.000000000000000000e+00	0.000000000000000000e+00	7.324442274239326145e-02	0.000000000000000000e+00
-2.999265999999999985e+04	0.000000000000000000e+00	0.000000000000000000e+00	8.819849238563189087e-02	0.000000000000000000e+00
-2.999263000000000102e+04	0.000000000000000000e+00	0.000000000000000000e+00	7.660145878475295433e-02	0.000000000000000000e+00
-2.999259999999999854e+04	0.000000000000000000e+00	0.000000000000000000e+00	8.423108615375225761e-02	0.000000000000000000e+00
-2.999256000000000131e+04	0.000000000000000000e+00	0.000000000000000000e+00	8.209479049043244547e-02	0.000000000000000000e+00
-2.999254000000000087e+04	0.000000000000000000e+00	0.000000000000000000e+00	8.850367748039185412e-02	0.000000000000000000e+00
-2.999250999999999840e+04	0.000000000000000000e+00	0.000000000000000000e+00	8.026367992187261047e-02	0.000000000000000000e+00
-2.999250000000000000e+04	0.000000000000000000e+00	0.000000000000000000e+00	8.331553086947234010e-02	0.000000000000000000e+00
-2.999247999999999956e+04	0.000000000000000000e+00	0.000000000000000000e+00	7.721182897427289471e-02	0.000000000000000000e+00
-2.999245999999999913e+04	0.000000000000000000e+00	0.000000000000000000e+00	7.629627368999297721e-02	0.000000000000000000e+00
-2.999243999999999869e+04	0.000000000000000000e+00	0.000000000000000000e+00	7.873775444807275259e-02	0.000000000000000000e+00
-2.999240999999999985e+04	0.000000000000000000e+00	0.000000000000000000e+00	8.362071596423230335e-02	0.000000000000000000e+00
-2.999238999999999942e+04	0.000000000000000000e+00	0.000000000000000000e+00	7.873775444807275259e-02	0.000000000000000000e+00
-2.999236999999999898e+04	0.000000000000000000e+00	0.000000000000000000e+00	7.995849482711264722e-02	0.000000000000000000e+00
-2.999234999999999854e+04	0.000000000000000000e+00	0.000000000000000000e+00	8.575701162755211548e-02	0.000000000000000000e+00
-2.999233000000000175e+04	0.000000000000000000e+00	0.000000000000000000e+00	7.385479293191320183e-02	0.000000000000000000e+00
-2.999231999999999971e+04	0.000000000000000000e+00	0.000000000000000000e+00	7.202368236335338070e-02	0.000000000000000000e+00
-2.999231000000000131e+04	0.000000000000000000e+00	0.000000000000000000e+00	8.667256691183203299e-02	0.000000000000000000e+00
-2.999227999999999884e+04	0.000000000000000000e+00	0.000000000000000000e+00	7.446516312143315608e-02	0.000000000000000000e+00
-2.999225000000000000e+04	0.000000000000000000e+00	0.000000000000000000e+00	7.965330973235267009e-02	0.000000000000000000e+00
-2.999222999999999956e+04	0.000000000000000000e+00	0.000000000000000000e+00	8.087405011139256472e-02	0.000000000000000000e+00
-2.999222000000000116e+04	0.000000000000000000e+00	0.000000000000000000e+00	7.995849482711264722e-02	0.000000000000000000e+00
-2.999218999999999869e+04	0.000000000000000000e+00	0.000000000000000000e+00	8.606219672231207873e-02	0.000000000000000000e+00
-2.999216999999999825e+04	0.000000000000000000e+00	0.000000000000000000e+00	8.484145634327219798e-02	0.000000000000000000e+00
-2.999215000000000146e+04	0.000000000000000000e+00	0.000000000000000000e+00	9.491256447035126276e-02	0.000000000000000000e+00
-2.999211999999999898e+04	0.000000000000000000e+00	0.000000000000000000e+00	9.399700918607135913e-02	0.000000000000000000e+00
-2.999209000000000015e+04	0.000000000000000000e+00	0.000000000000000000e+00	8.606219672231207873e-02	0.000000000000000000e+00
-2.999206000000000131e+04	0.000000000000000000e+00	0.000000000000000000e+00	8.606219672231207873e-02	0.000000000000000000e+00
-2.999202000000000044e+04	0.000000000000000000e+00	0.000000000000000000e+00	8.575701162755211548e-02	0.000000000000000000e+00
-2.999199000000000160e+04	0.000000000000000000e+00	0.000000000000000000e+00	8.453627124851222085e-02	0.000000000000000000e+00
-2.999197999999999956e+04	0.000000000000000000e+00	0.000000000000000000e+00	8.362071596423230335e-02	0.000000000000000000e+00
-2.999195999999999913e+04	0.000000000000000000e+00	0.000000000000000000e+00	8.331553086947234010e-02	0.000000000000000000e+00
-2.999193000000000029e+04	0.000000000000000000e+00	0.000000000000000000e+00	8.697775200659199624e-02	0.000000000000000000e+00
-2.999190000000000146e+04	0.000000000000000000e+00	0.000000000000000000e+00	8.911404766991180837e-02	0.000000000000000000e+00
-2.999186999999999898e+04	0.000000000000000000e+00	0.000000000000000000e+00	6.805627613147373356e-02	0.000000000000000000e+00
-2.999184999999999854e+04	0.000000000000000000e+00	0.000000000000000000e+00	7.263405255287332107e-02	0.000000000000000000e+00
-2.999183000000000175e+04	0.000000000000000000e+00	0.000000000000000000e+00	7.995849482711264722e-02	0.000000000000000000e+00
-2.999181000000000131e+04	0.000000000000000000e+00	0.000000000000000000e+00	7.782219916379283509e-02	0.000000000000000000e+00
-2.999179000000000087e+04	0.000000000000000000e+00	0.000000000000000000e+00	8.087405011139256472e-02	0.000000000000000000e+00
-2.999177000000000044e+04	0.000000000000000000e+00	0.000000000000000000e+00	7.843256935331278934e-02	0.000000000000000000e+00
-2.999175000000000000e+04	0.000000000000000000e+00	0.000000000000000000e+00	7.812738425855281221e-02	0.000000000000000000e+00
-2.999172999999999956e+04	0.000000000000000000e+00	0.000000000000000000e+00	8.270516067995238585e-02	0.000000000000000000e+00
-2.999170000000000073e+04	0.000000000000000000e+00	0.000000000000000000e+00	7.782219916379283509e-02	0.000000000000000000e+00
-2.999168999999999869e+04	0.000000000000000000e+00	0.000000000000000000e+00	8.026367992187261047e-02	0.000000000000000000e+00
-2.999166999999999825e+04	0.000000000000000000e+00	0.000000000000000000e+00	8.575701162755211548e-02	0.000000000000000000e+00
-2.999165000000000146e+04	0.000000000000000000e+00	0.000000000000000000e+00	9.491256447035126276e-02	0.000000000000000000e+00
-2.999163000000000102e+04	0.000000000000000000e+00	0.000000000000000000e+00	9.216589861751152413e-02	0.000000000000000000e+00
-2.999159999999999854e+04	0.000000000000000000e+00	0.000000000000000000e+00	9.887997070223090990e-02	0.000000000000000000e+00
-2.999156000000000131e+04	0.000000000000000000e+00	0.000000000000000000e+00	1.016266365550706485e-01	0.000000000000000000e+00
-2.999152999999999884e+04	0.000000000000000000e+00	0.000000000000000000e+00	9.399700918607135913e-02	0.000000000000000000e+00
-2.999150999999999840e+04	0.000000000000000000e+00	0.000000000000000000e+00	9.826960051271095564e-02	0.000000000000000000e+00
-2.999149000000000160e+04	0.000000000000000000e+00	0.000000000000000000e+00	9.430219428083132238e-02	0.000000000000000000e+00
-2.999145000000000073e+04	0.000000000000000000e+00	0.000000000000000000e+00	9.521774956511123988e-02	0.000000000000000000e+00
-2.999141999999999825e+04	0.000000000000000000e+00	0.000000000000000000e+00	9.002960295419171199e-02	0.000000000000000000e+00
-2.999140999999999985e+04	0.000000000000000000e+00	0.000000000000000000e+00	8.331553086947234010e-02	0.000000000000000000e+00
-2.999138999999999942e+04	0.000000000000000000e+00	0.000000000000000000e+00	8.728293710135197336e-02	0.000000000000000000e+00
-2.999136000000000058e+04	0.000000000000000000e+00	0.000000000000000000e+00	8.484145634327219798e-02	0.000000000000000000e+00
-2.999131999999999971e+04	0.000000000000000000e+00	0.000000000000000000e+00	8.575701162755211548e-02	0.000000000000000000e+00
-2.999129000000000087e+04	0.000000000000000000e+00	0.000000000000000000e+00	8.697775200659199624e-02	0.000000000000000000e+00
-2.999125999999999840e+04	0.000000000000000000e+00	0.000000000000000000e+00	8.148442030091250510e-02	0.000000000000000000e+00
-2.999122999999999956e+04	0.000000000000000000e+00	0.000000000000000000e+00	9.125034333323160662e-02	0.000000000000000000e+00
-2.999120000000000073e+04	0.000000000000000000e+00	0.000000000000000000e+00	8.972441785943174875e-02	0.000000000000000000e+00
-2.999118000000000029e+04	0.000000000000000000e+00	0.000000000000000000e+00	8.484145634327219798e-02	0.000000000000000000e+00
-2.999115999999999985e+04	0.000000000000000000e+00	0.000000000000000000e+00	8.850367748039185412e-02	0.000000000000000000e+00
-2.999111999999999898e+04	0.000000000000000000e+00	0.000000000000000000e+00	9.430219428083132238e-02	0.000000000000000000e+00
-2.999109000000000015e+04	0.000000000000000000e+00	0.000000000000000000e+00	8.514664143803216123e-02	0.000000000000000000e+00
-2.999108000000000175e+04	0.000000000000000000e+00	0.000000000000000000e+00	1.010162663655507082e-01	0.000000000000000000e+00
-2.999106000000000131e+04	0.000000000000000000e+00	0.000000000000000000e+00	1.007110812707907310e-01	0.000000000000000000e+00
-2.999102999999999884e+04	0.000000000000000000e+00	0.000000000000000000e+00	1.031525620288705064e-01	0.000000000000000000e+00
-2.999099000000000160e+04	0.000000000000000000e+00	0.000000000000000000e+00	8.514664143803216123e-02	0.000000000000000000e+00
-2.999095999999999913e+04	0.000000000000000000e+00	0.000000000000000000e+00	1.001007110812707906e-01	0.000000000000000000e+00
-2.999095000000000073e+04	0.000000000000000000e+00	0.000000000000000000e+00	8.911404766991180837e-02	0.000000000000000000e+00
-2.999093000000000029e+04	0.000000000000000000e+00	0.000000000000000000e+00	9.002960295419171199e-02	0.000000000000000000e+00
-2.999090000000000146e+04	0.000000000000000000e+00	0.000000000000000000e+00	9.216589861751152413e-02	0.000000000000000000e+00
-2.999086999999999898e+04	0.000000000000000000e+00	0.000000000000000000e+00	9.887997070223090990e-02	0.000000000000000000e+00
-2.999083000000000175e+04	0.000000000000000000e+00	0.000000000000000000e+00	9.430219428083132238e-02	0.000000000000000000e+00
-2.999081000000000131e+04	0.000000000000000000e+00	0.000000000000000000e+00	9.002960295419171199e-02	0.000000000000000000e+00
-2.999079000000000087e+04	0.000000000000000000e+00	0.000000000000000000e+00	8.362071596423230335e-02	0.000000000000000000e+00
-2.999075000000000000e+04	0.000000000000000000e+00	0.000000000000000000e+00	8.667256691183203299e-02	0.000000000000000000e+00
-2.999072999999999956e+04	0.000000000000000000e+00	0.000000000000000000e+00	8.941923276467177162e-02	0.000000000000000000e+00
-2.999070999999999913e+04	0.000000000000000000e+00	0.000000000000000000e+00	9.369182409131138201e-02	0.000000000000000000e+00
-2.999068999999999869e+04	0.000000000000000000e+00	0.000000000000000000e+00	9.155552842799158375e-02	0.000000000000000000e+00
-2.999065000000000146e+04	0.000000000000000000e+00	0.000000000000000000e+00	9.765923032319101527e-02	0.000000000000000000e+00
-2.999061999999999898e+04	0.000000000000000000e+00	0.000000000000000000e+00	9.369182409131138201e-02	0.000000000000000000e+00
-2.999059000000000015e+04	0.000000000000000000e+00	0.000000000000000000e+00	9.369182409131138201e-02	0.000000000000000000e+00
-2.999054999999999927e+04	0.000000000000000000e+00	0.000000000000000000e+00	9.674367503891109776e-02	0.000000000000000000e+00
-2.999052000000000044e+04	0.000000000000000000e+00	0.000000000000000000e+00	1.208532975249488883e-01	0.000000000000000000e+00
-2.999050999999999840e+04	0.000000000000000000e+00	0.000000000000000000e+00	1.046784875026703643e-01	0.000000000000000000e+00
-2.999049000000000160e+04	0.000000000000000000e+00	0.000000000000000000e+00	9.460737937559129951e-02	0.000000000000000000e+00
-2.999045999999999913e+04	0.000000000000000000e+00	0.000000000000000000e+00	9.521774956511123988e-02	0.000000000000000000e+00
-2.999043000000000029e+04	0.000000000000000000e+00	0.000000000000000000e+00	9.369182409131138201e-02	0.000000000000000000e+00
-2.999040999999999985e+04	0.000000000000000000e+00	0.000000000000000000e+00	1.019318216498306257e-01	0.000000000000000000e+00
-2.999036999999999898e+04	0.000000000000000000e+00	0.000000000000000000e+00	1.007110812707907310e-01	0.000000000000000000e+00
-2.999034000000000015e+04	0.000000000000000000e+00	0.000000000000000000e+00	9.186071352275154700e-02	0.000000000000000000e+00
-2.999031999999999971e+04	0.000000000000000000e+00	0.000000000000000000e+00	9.918515579699087314e-02	0.000000000000000000e+00
-2.999029999999999927e+04	0.000000000000000000e+00	0.000000000000000000e+00	1.016266365550706485e-01	0.000000000000000000e+00
-2.999027000000000044e+04	0.000000000000000000e+00	0.000000000000000000e+00	1.031525620288705064e-01	0.000000000000000000e+00
-2.999024000000000160e+04	0.000000000000000000e+00	0.000000000000000000e+00	1.010162663655507082e-01	0.000000000000000000e+00
-2.999020999999999913e+04	0.000000000000000000e+00	0.000000000000000000e+00	1.007110812707907310e-01	0.000000000000000000e+00
-2.999020000000000073e+04	0.000000000000000000e+00	0.000000000000000000e+00	9.674367503891109776e-02	0.000000000000000000e+00
-2.999016999999999825e+04	0.000000000000000000e+00	0.000000000000000000e+00	1.001007110812707906e-01	0.000000000000000000e+00
-2.999013999999999942e+04	0.000000000000000000e+00	0.000000000000000000e+00	9.643848994415113451e-02	0.000000000000000000e+00
-2.999011000000000058e+04	0.000000000000000000e+00	0.000000000000000000e+00	9.521774956511123988e-02	0.000000000000000000e+00
-2.999008000000000175e+04	0.000000000000000000e+00	0.000000000000000000e+00	1.034577471236304835e-01	0.000000000000000000e+00
-2.999006000000000131e+04	0.000000000000000000e+00	0.000000000000000000e+00	9.460737937559129951e-02	0.000000000000000000e+00
-2.999004999999999927e+04	0.000000000000000000e+00	0.000000000000000000e+00	1.031525620288705064e-01	0.000000000000000000e+00
-2.999002000000000044e+04	0.000000000000000000e+00	0.000000000000000000e+00	1.016266365550706485e-01	0.000000000000000000e+00
-2.998999000000000160e+04	0.000000000000000000e+00	0.000000000000000000e+00	1.080355235450300572e-01	0.000000000000000000e+00
-2.998995000000000073e+04	0.000000000000000000e+00	0.000000000000000000e+00	1.123081148716696676e-01	0.000000000000000000e+00
-2.998991999999999825e+04	0.000000000000000000e+00	0.000000000000000000e+00	1.116977446821497272e-01	0.000000000000000000e+00
-2.998988000000000102e+04	0.000000000000000000e+00	0.000000000000000000e+00	1.043733024079104010e-01	0.000000000000000000e+00
-2.998986000000000058e+04	0.000000000000000000e+00	0.000000000000000000e+00	9.704886013367107489e-02	0.000000000000000000e+00
-2.998984000000000015e+04	0.000000000000000000e+00	0.000000000000000000e+00	9.552293465987121701e-02	0.000000000000000000e+00
-2.998981999999999971e+04	0.000000000000000000e+00	0.000000000000000000e+00	1.058992278817102589e-01	0.000000000000000000e+00
-2.998981000000000131e+04	0.000000000000000000e+00	0.000000000000000000e+00	1.055940427869502818e-01	0.000000000000000000e+00
-2.998977999999999884e+04	0.000000000000000000e+00	0.000000000000000000e+00	1.104770043031098326e-01	0.000000000000000000e+00
-2.998975000000000000e+04	0.000000000000000000e+00	0.000000000000000000e+00	9.826960051271095564e-02	0.000000000000000000e+00
-2.998972999999999956e+04	0.000000000000000000e+00	0.000000000000000000e+00	9.186071352275154700e-02	0.000000000000000000e+00
-2.998970000000000073e+04	0.000000000000000000e+00	0.000000000000000000e+00	9.735404522843103814e-02	0.000000000000000000e+00
-2.998965000000000146e+04	0.000000000000000000e+00	0.000000000000000000e+00	9.155552842799158375e-02	0.000000000000000000e+00
-2.998961999999999898e+04	0.000000000000000000e+00	0.000000000000000000e+00	1.013214514603106853e-01	0.000000000000000000e+00
-2.998958000000000175e+04	0.000000000000000000e+00	0.000000000000000000e+00	1.101718192083498693e-01	0.000000000000000000e+00
-2.998956000000000131e+04	0.000000000000000000e+00	0.000000000000000000e+00	1.013214514603106853e-01	0.000000000000000000e+00
-2.998952000000000044e+04	0.000000000000000000e+00	0.000000000000000000e+00	1.031525620288705064e-01	0.000000000000000000e+00
-2.998947999999999956e+04	0.000000000000000000e+00	0.000000000000000000e+00	1.080355235450300572e-01	0.000000000000000000e+00
-2.998943999999999869e+04	0.000000000000000000e+00	0.000000000000000000e+00	1.089510788293099747e-01	0.000000000000000000e+00
-2.998940999999999985e+04	0.000000000000000000e+00	0.000000000000000000e+00	1.065095980712301993e-01	0.000000000000000000e+00
-2.998938000000000102e+04	0.000000000000000000e+00	0.000000000000000000e+00	1.065095980712301993e-01	0.000000000000000000e+00
-2.998936000000000058e+04	0.000000000000000000e+00	0.000000000000000000e+00	1.132236701559495851e-01	0.000000000000000000e+00
-2.998934000000000015e+04	0.000000000000000000e+00	0.000000000000000000e+00	1.092562639240699518e-01	0.000000000000000000e+00
-2.998931000000000131e+04	0.000000000000000000e+00	0.000000000000000000e+00	1.147495956297494429e-01	0.000000000000000000e+00
-2.998927999999999884e+04	0.000000000000000000e+00	0.000000000000000000e+00	1.129184850611896079e-01	0.000000000000000000e+00
-2.998925999999999840e+04	0.000000000000000000e+00	0.000000000000000000e+00	1.199377422406689708e-01	0.000000000000000000e+00
-2.998924000000000160e+04	0.000000000000000000e+00	0.000000000000000000e+00	1.129184850611896079e-01	0.000000000000000000e+00
-2.998920999999999913e+04	0.000000000000000000e+00	0.000000000000000000e+00	1.162755211035493008e-01	0.000000000000000000e+00
-2.998918999999999869e+04	0.000000000000000000e+00	0.000000000000000000e+00	1.101718192083498693e-01	0.000000000000000000e+00
-2.998915999999999985e+04	0.000000000000000000e+00	0.000000000000000000e+00	1.031525620288705064e-01	0.000000000000000000e+00
-2.998913999999999942e+04	0.000000000000000000e+00	0.000000000000000000e+00	1.110873744926297868e-01	0.000000000000000000e+00
-2.998911000000000058e+04	0.000000000000000000e+00	0.000000000000000000e+00	8.606219672231207873e-02	0.000000000000000000e+00
-2.998909000000000015e+04	0.000000000000000000e+00	0.000000000000000000e+00	9.430219428083132238e-02	0.000000000000000000e+00
-2.998906000000000131e+04	0.000000000000000000e+00	0.000000000000000000e+00	9.643848994415113451e-02	0.000000000000000000e+00
-2.998902999999999884e+04	0.000000000000000000e+00	0.000000000000000000e+00	1.052888576921903185e-01	0.000000000000000000e+00
-2.998900000000000000e+04	0.000000000000000000e+00	0.000000000000000000e+00	9.979552598651081352e-02	0.000000000000000000e+00
-2.998897000000000116e+04	0.000000000000000000e+00	0.000000000000000000e+00	1.016266365550706485e-01	0.000000000000000000e+00
-2.998893000000000029e+04	0.000000000000000000e+00	0.000000000000000000e+00	1.007110812707907310e-01	0.000000000000000000e+00
-2.998888999999999942e+04	0.000000000000000000e+00	0.000000000000000000e+00	1.055940427869502818e-01	0.000000000000000000e+00
-2.998884999999999854e+04	0.000000000000000000e+00	0.000000000000000000e+00	1.043733024079104010e-01	0.000000000000000000e+00
-2.998881999999999971e+04	0.000000000000000000e+00	0.000000000000000000e+00	1.156651509140293604e-01	0.000000000000000000e+00
-2.998879999999999927e+04	0.000000000000000000e+00	0.000000000000000000e+00	1.193273720511490166e-01	0.000000000000000000e+00
-2.998877000000000044e+04	0.000000000000000000e+00	0.000000000000000000e+00	1.193273720511490166e-01	0.000000000000000000e+00
-2.998875000000000000e+04	0.000000000000000000e+00	0.000000000000000000e+00	1.107821893978698097e-01	0.000000000000000000e+00
-2.998872000000000116e+04	0.000000000000000000e+00	0.000000000000000000e+00	1.266518143253883566e-01	0.000000000000000000e+00
-2.998870000000000073e+04	0.000000000000000000e+00	0.000000000000000000e+00	1.126132999664296447e-01	0.000000000000000000e+00
-2.998866999999999825e+04	0.000000000000000000e+00	0.000000000000000000e+00	1.126132999664296447e-01	0.000000000000000000e+00
-2.998863999999999942e+04	0.000000000000000000e+00	0.000000000000000000e+00	1.104770043031098326e-01	0.000000000000000000e+00
-2.998861000000000058e+04	0.000000000000000000e+00	0.000000000000000000e+00	1.116977446821497272e-01	0.000000000000000000e+00
-2.998856999999999971e+04	0.000000000000000000e+00	0.000000000000000000e+00	1.174962614825891954e-01	0.000000000000000000e+00
-2.998854000000000087e+04	0.000000000000000000e+00	0.000000000000000000e+00	1.095614490188299150e-01	0.000000000000000000e+00
-2.998850999999999840e+04	0.000000000000000000e+00	0.000000000000000000e+00	1.147495956297494429e-01	0.000000000000000000e+00
-2.998847999999999956e+04	0.000000000000000000e+00	0.000000000000000000e+00	1.101718192083498693e-01	0.000000000000000000e+00
-2.998845999999999913e+04	0.000000000000000000e+00	0.000000000000000000e+00	1.055940427869502818e-01	0.000000000000000000e+00
-2.998843999999999869e+04	0.000000000000000000e+00	0.000000000000000000e+00	1.013214514603106853e-01	0.000000000000000000e+00
-2.998840999999999985e+04	0.000000000000000000e+00	0.000000000000000000e+00	1.080355235450300572e-01	0.000000000000000000e+00
-2.998838999999999942e+04	0.000000000000000000e+00	0.000000000000000000e+00	1.043733024079104010e-01	0.000000000000000000e+00
-2.998836999999999898e+04	0.000000000000000000e+00	0.000000000000000000e+00	1.147495956297494429e-01	0.000000000000000000e+00
-2.998836000000000058e+04	0.000000000000000000e+00	0.000000000000000000e+00	1.086458937345500114e-01	0.000000000000000000e+00
-2.998833000000000175e+04	0.000000000000000000e+00	0.000000000000000000e+00	1.153599658192693833e-01	0.000000000000000000e+00
-2.998831000000000131e+04	0.000000000000000000e+00	0.000000000000000000e+00	1.181066316721091358e-01	0.000000000000000000e+00
-2.998827999999999884e+04	0.000000000000000000e+00	0.000000000000000000e+00	1.226844080935087095e-01	0.000000000000000000e+00
-2.998825000000000000e+04	0.000000000000000000e+00	0.000000000000000000e+00	1.184118167668691129e-01	0.000000000000000000e+00
-2.998822999999999956e+04	0.000000000000000000e+00	0.000000000000000000e+00	1.171910763878292183e-01	0.000000000000000000e+00
-2.998820999999999913e+04	0.000000000000000000e+00	0.000000000000000000e+00	1.281777397991882006e-01	0.000000000000000000e+00
-2.998820000000000073e+04	0.000000000000000000e+00	0.000000000000000000e+00	1.281777397991882006e-01	0.000000000000000000e+00
-2.998816999999999825e+04	0.000000000000000000e+00	0.000000000000000000e+00	1.147495956297494429e-01	0.000000000000000000e+00
-2.998815000000000146e+04	0.000000000000000000e+00	0.000000000000000000e+00	1.141392254402295026e-01	0.000000000000000000e+00
-2.998813000000000102e+04	0.000000000000000000e+00	0.000000000000000000e+00	1.153599658192693833e-01	0.000000000000000000e+00
-2.998809999999999854e+04	0.000000000000000000e+00	0.000000000000000000e+00	1.095614490188299150e-01	0.000000000000000000e+00
-2.998809000000000015e+04	0.000000000000000000e+00	0.000000000000000000e+00	1.092562639240699518e-01	0.000000000000000000e+00
-2.998806000000000131e+04	0.000000000000000000e+00	0.000000000000000000e+00	1.068147831659901764e-01	0.000000000000000000e+00
-2.998804000000000087e+04	0.000000000000000000e+00	0.000000000000000000e+00	1.086458937345500114e-01	0.000000000000000000e+00
-2.998802000000000044e+04	0.000000000000000000e+00	0.000000000000000000e+00	1.110873744926297868e-01	0.000000000000000000e+00
-2.998800000000000000e+04	0.000000000000000000e+00	0.000000000000000000e+00	1.132236701559495851e-01	0.000000000000000000e+00
-2.998799000000000160e+04	0.000000000000000000e+00	0.000000000000000000e+00	1.138340403454695254e-01	0.000000000000000000e+00
-2.998797999999999956e+04	0.000000000000000000e+00	0.000000000000000000e+00	1.116977446821497272e-01	0.000000000000000000e+00
-2.998793999999999869e+04	0.000000000000000000e+00	0.000000000000000000e+00	1.138340403454695254e-01	0.000000000000000000e+00
-2.998790000000000146e+04	0.000000000000000000e+00	0.000000000000000000e+00	1.208532975249488883e-01	0.000000000000000000e+00
-2.998788000000000102e+04	0.000000000000000000e+00	0.000000000000000000e+00	1.229895931882686866e-01	0.000000000000000000e+00
-2.998786999999999898e+04	0.000000000000000000e+00	0.000000000000000000e+00	1.184118167668691129e-01	0.000000000000000000e+00
-2.998784000000000015e+04	0.000000000000000000e+00	0.000000000000000000e+00	1.171910763878292183e-01	0.000000000000000000e+00
-2.998781999999999971e+04	0.000000000000000000e+00	0.000000000000000000e+00	1.297036652729880724e-01	0.000000000000000000e+00
-2.998779999999999927e+04	0.000000000000000000e+00	0.000000000000000000e+00	1.290932950834681181e-01	0.000000000000000000e+00
-2.998777000000000044e+04	0.000000000000000000e+00	0.000000000000000000e+00	1.226844080935087095e-01	0.000000000000000000e+00
-2.998775999999999840e+04	0.000000000000000000e+00	0.000000000000000000e+00	1.229895931882686866e-01	0.000000000000000000e+00
-2.998774000000000160e+04	0.000000000000000000e+00	0.000000000000000000e+00	1.226844080935087095e-01	0.000000000000000000e+00
-2.998770000000000073e+04	0.000000000000000000e+00	0.000000000000000000e+00	1.229895931882686866e-01	0.000000000000000000e+00
-2.998766999999999825e+04	0.000000000000000000e+00	0.000000000000000000e+00	1.248207037568285216e-01	0.000000000000000000e+00
-2.998765999999999985e+04	0.000000000000000000e+00	0.000000000000000000e+00	1.178014465773491587e-01	0.000000000000000000e+00
-2.998763999999999942e+04	0.000000000000000000e+00	0.000000000000000000e+00	1.104770043031098326e-01	0.000000000000000000e+00
-2.998761000000000058e+04	0.000000000000000000e+00	0.000000000000000000e+00	1.141392254402295026e-01	0.000000000000000000e+00
-2.998759000000000015e+04	0.000000000000000000e+00	0.000000000000000000e+00	1.126132999664296447e-01	0.000000000000000000e+00
-2.998756999999999971e+04	0.000000000000000000e+00	0.000000000000000000e+00	1.129184850611896079e-01	0.000000000000000000e+00
-2.998754000000000087e+04	0.000000000000000000e+00	0.000000000000000000e+00	1.138340403454695254e-01	0.000000000000000000e+00
-2.998750999999999840e+04	0.000000000000000000e+00	0.000000000000000000e+00	1.153599658192693833e-01	0.000000000000000000e+00
-2.998750000000000000e+04	0.000000000000000000e+00	0.000000000000000000e+00	1.165807061983092779e-01	0.000000000000000000e+00
-2.998747999999999956e+04	0.000000000000000000e+00	0.000000000000000000e+00	1.211584826197088516e-01	0.000000000000000000e+00
-2.998745999999999913e+04	0.000000000000000000e+00	0.000000000000000000e+00	1.232947782830286637e-01	0.000000000000000000e+00
-2.998743000000000029e+04	0.000000000000000000e+00	0.000000000000000000e+00	1.248207037568285216e-01	0.000000000000000000e+00
-2.998741999999999825e+04	0.000000000000000000e+00	0.000000000000000000e+00	1.297036652729880724e-01	0.000000000000000000e+00
-2.998740000000000146e+04	0.000000000000000000e+00	0.000000000000000000e+00	1.254310739463484481e-01	0.000000000000000000e+00
-2.998738000000000102e+04	0.000000000000000000e+00	0.000000000000000000e+00	1.242103335673085673e-01	0.000000000000000000e+00
-2.998734999999999854e+04	0.000000000000000000e+00	0.000000000000000000e+00	1.287881099887081549e-01	0.000000000000000000e+00
-2.998733000000000175e+04	0.000000000000000000e+00	0.000000000000000000e+00	1.245155186620685445e-01	0.000000000000000000e+00
-2.998731000000000131e+04	0.000000000000000000e+00	0.000000000000000000e+00	1.257362590411084391e-01	0.000000000000000000e+00
-2.998729000000000087e+04	0.000000000000000000e+00	0.000000000000000000e+00	1.336710715048677056e-01	0.000000000000000000e+00
-2.998727999999999884e+04	0.000000000000000000e+00	0.000000000000000000e+00	1.315347758415479074e-01	0.000000000000000000e+00
-2.998725999999999840e+04	0.000000000000000000e+00	0.000000000000000000e+00	1.318399609363078706e-01	0.000000000000000000e+00
-2.998724000000000160e+04	0.000000000000000000e+00	0.000000000000000000e+00	1.165807061983092779e-01	0.000000000000000000e+00
-2.998722999999999956e+04	0.000000000000000000e+00	0.000000000000000000e+00	1.217688528092287920e-01	0.000000000000000000e+00
-2.998720999999999913e+04	0.000000000000000000e+00	0.000000000000000000e+00	1.153599658192693833e-01	0.000000000000000000e+00
-2.998718999999999869e+04	0.000000000000000000e+00	0.000000000000000000e+00	1.159703360087893376e-01	0.000000000000000000e+00
-2.998716999999999825e+04	0.000000000000000000e+00	0.000000000000000000e+00	1.141392254402295026e-01	0.000000000000000000e+00
-2.998715000000000146e+04	0.000000000000000000e+00	0.000000000000000000e+00	1.135288552507095622e-01	0.000000000000000000e+00
-2.998713000000000102e+04	0.000000000000000000e+00	0.000000000000000000e+00	1.159703360087893376e-01	0.000000000000000000e+00
-2.998709999999999854e+04	0.000000000000000000e+00	0.000000000000000000e+00	1.187170018616290762e-01	0.000000000000000000e+00
-2.998706000000000131e+04	0.000000000000000000e+00	0.000000000000000000e+00	1.235999633777886270e-01	0.000000000000000000e+00
-2.998704000000000087e+04	0.000000000000000000e+00	0.000000000000000000e+00	1.321451460310678339e-01	0.000000000000000000e+00
-2.998702000000000044e+04	0.000000000000000000e+00	0.000000000000000000e+00	1.315347758415479074e-01	0.000000000000000000e+00
-2.998700999999999840e+04	0.000000000000000000e+00	0.000000000000000000e+00	1.287881099887081549e-01	0.000000000000000000e+00
-2.998699000000000160e+04	0.000000000000000000e+00	0.000000000000000000e+00	1.391644032105472106e-01	0.000000000000000000e+00
-2.998695999999999913e+04	0.000000000000000000e+00	0.000000000000000000e+00	1.315347758415479074e-01	0.000000000000000000e+00
-2.998693000000000029e+04	0.000000000000000000e+00	0.000000000000000000e+00	1.342814416943876599e-01	0.000000000000000000e+00
-2.998690000000000146e+04	0.000000000000000000e+00	0.000000000000000000e+00	1.312295907467879164e-01	0.000000000000000000e+00
-2.998686999999999898e+04	0.000000000000000000e+00	0.000000000000000000e+00	1.300088503677480356e-01	0.000000000000000000e+00
-2.998684000000000015e+04	0.000000000000000000e+00	0.000000000000000000e+00	1.406903286843470546e-01	0.000000000000000000e+00
-2.998681000000000131e+04	0.000000000000000000e+00	0.000000000000000000e+00	1.293984801782281091e-01	0.000000000000000000e+00
-2.998679000000000087e+04	0.000000000000000000e+00	0.000000000000000000e+00	1.348918118839075864e-01	0.000000000000000000e+00
-2.998677000000000044e+04	0.000000000000000000e+00	0.000000000000000000e+00	1.321451460310678339e-01	0.000000000000000000e+00
-2.998675000000000000e+04	0.000000000000000000e+00	0.000000000000000000e+00	1.312295907467879164e-01	0.000000000000000000e+00
-2.998672999999999956e+04	0.000000000000000000e+00	0.000000000000000000e+00	1.254310739463484481e-01	0.000000000000000000e+00
-2.998670000000000073e+04	0.000000000000000000e+00	0.000000000000000000e+00	1.232947782830286637e-01	0.000000000000000000e+00
-2.998668000000000029e+04	0.000000000000000000e+00	0.000000000000000000e+00	1.156651509140293604e-01	0.000000000000000000e+00
-2.998665999999999985e+04	0.000000000000000000e+00	0.000000000000000000e+00	1.229895931882686866e-01	0.000000000000000000e+00
-2.998663999999999942e+04	0.000000000000000000e+00	0.000000000000000000e+00	1.141392254402295026e-01	0.000000000000000000e+00
-2.998661999999999898e+04	0.000000000000000000e+00	0.000000000000000000e+00	1.062044129764702360e-01	0.000000000000000000e+00
-2.998659999999999854e+04	0.000000000000000000e+00	0.000000000000000000e+00	1.193273720511490166e-01	0.000000000000000000e+00
-2.998659000000000015e+04	0.000000000000000000e+00	0.000000000000000000e+00	1.162755211035493008e-01	0.000000000000000000e+00
-2.998656999999999971e+04	0.000000000000000000e+00	0.000000000000000000e+00	1.181066316721091358e-01	0.000000000000000000e+00
-2.998654999999999927e+04	0.000000000000000000e+00	0.000000000000000000e+00	1.242103335673085673e-01	0.000000000000000000e+00
-2.998652999999999884e+04	0.000000000000000000e+00	0.000000000000000000e+00	1.269569994201483198e-01	0.000000000000000000e+00
-2.998652000000000044e+04	0.000000000000000000e+00	0.000000000000000000e+00	1.321451460310678339e-01	0.000000000000000000e+00
-2.998649000000000160e+04	0.000000000000000000e+00	0.000000000000000000e+00	1.437421796319467704e-01	0.000000000000000000e+00
-2.998645999999999913e+04	0.000000000000000000e+00	0.000000000000000000e+00	1.431318094424268439e-01	0.000000000000000000e+00
-2.998641999999999825e+04	0.000000000000000000e+00	0.000000000000000000e+00	1.342814416943876599e-01	0.000000000000000000e+00
-2.998640000000000146e+04	0.000000000000000000e+00	0.000000000000000000e+00	1.382488479262672931e-01	0.000000000000000000e+00
-2.998636999999999898e+04	0.000000000000000000e+00	0.000000000000000000e+00	1.318399609363078706e-01	0.000000000000000000e+00
-2.998634000000000015e+04	0.000000000000000000e+00	0.000000000000000000e+00	1.348918118839075864e-01	0.000000000000000000e+00
-2.998631999999999971e+04	0.000000000000000000e+00	0.000000000000000000e+00	1.281777397991882006e-01	0.000000000000000000e+00
-2.998631000000000131e+04	0.000000000000000000e+00	0.000000000000000000e+00	1.303140354625079989e-01	0.000000000000000000e+00
-2.998627999999999884e+04	0.000000000000000000e+00	0.000000000000000000e+00	1.269569994201483198e-01	0.000000000000000000e+00
-2.998625000000000000e+04	0.000000000000000000e+00	0.000000000000000000e+00	1.245155186620685445e-01	0.000000000000000000e+00
-2.998622000000000116e+04	0.000000000000000000e+00	0.000000000000000000e+00	1.437421796319467704e-01	0.000000000000000000e+00
-2.998618999999999869e+04	0.000000000000000000e+00	0.000000000000000000e+00	1.242103335673085673e-01	0.000000000000000000e+00
-2.998615999999999985e+04	0.000000000000000000e+00	0.000000000000000000e+00	1.251258888515884848e-01	0.000000000000000000e+00
-2.998615000000000146e+04	0.000000000000000000e+00	0.000000000000000000e+00	1.364177373577074581e-01	0.000000000000000000e+00
-2.998613000000000102e+04	0.000000000000000000e+00	0.000000000000000000e+00	1.324503311258278249e-01	0.000000000000000000e+00
-2.998609999999999854e+04	0.000000000000000000e+00	0.000000000000000000e+00	1.306192205572679899e-01	0.000000000000000000e+00
-2.998608000000000175e+04	0.000000000000000000e+00	0.000000000000000000e+00	1.367229224524674214e-01	0.000000000000000000e+00
-2.998606000000000131e+04	0.000000000000000000e+00	0.000000000000000000e+00	1.293984801782281091e-01	0.000000000000000000e+00
-2.998604000000000087e+04	0.000000000000000000e+00	0.000000000000000000e+00	1.324503311258278249e-01	0.000000000000000000e+00
-2.998602000000000044e+04	0.000000000000000000e+00	0.000000000000000000e+00	1.315347758415479074e-01	0.000000000000000000e+00
-2.998600000000000000e+04	0.000000000000000000e+00	0.000000000000000000e+00	1.297036652729880724e-01	0.000000000000000000e+00
-2.998597000000000116e+04	0.000000000000000000e+00	0.000000000000000000e+00	1.327555162205877881e-01	0.000000000000000000e+00
-2.998595000000000073e+04	0.000000000000000000e+00	0.000000000000000000e+00	1.336710715048677056e-01	0.000000000000000000e+00
-2.998591999999999825e+04	0.000000000000000000e+00	0.000000000000000000e+00	1.300088503677480356e-01	0.000000000000000000e+00
-2.998590000000000146e+04	0.000000000000000000e+00	0.000000000000000000e+00	1.367229224524674214e-01	0.000000000000000000e+00
-2.998588000000000102e+04	0.000000000000000000e+00	0.000000000000000000e+00	1.367229224524674214e-01	0.000000000000000000e+00
-2.998586000000000058e+04	0.000000000000000000e+00	0.000000000000000000e+00	1.324503311258278249e-01	0.000000000000000000e+00
-2.998584000000000015e+04	0.000000000000000000e+00	0.000000000000000000e+00	1.281777397991882006e-01	0.000000000000000000e+00
-2.998581000000000131e+04	0.000000000000000000e+00	0.000000000000000000e+00	1.281777397991882006e-01	0.000000000000000000e+00
-2.998577999999999884e+04	0.000000000000000000e+00	0.000000000000000000e+00	1.370281075472273846e-01	0.000000000000000000e+00
-2.998575999999999840e+04	0.000000000000000000e+00	0.000000000000000000e+00	1.306192205572679899e-01	0.000000000000000000e+00
-2.998574000000000160e+04	0.000000000000000000e+00	0.000000000000000000e+00	1.351969969786675496e-01	0.000000000000000000e+00
-2.998570000000000073e+04	0.000000000000000000e+00	0.000000000000000000e+00	1.269569994201483198e-01	0.000000000000000000e+00
-2.998566999999999825e+04	0.000000000000000000e+00	0.000000000000000000e+00	1.327555162205877881e-01	0.000000000000000000e+00
-2.998565000000000146e+04	0.000000000000000000e+00	0.000000000000000000e+00	1.409955137791070179e-01	0.000000000000000000e+00
-2.998563000000000102e+04	0.000000000000000000e+00	0.000000000000000000e+00	1.321451460310678339e-01	0.000000000000000000e+00
-2.998559999999999854e+04	0.000000000000000000e+00	0.000000000000000000e+00	1.364177373577074581e-01	0.000000000000000000e+00
-2.998558000000000175e+04	0.000000000000000000e+00	0.000000000000000000e+00	1.306192205572679899e-01	0.000000000000000000e+00
-2.998554000000000087e+04	0.000000000000000000e+00	0.000000000000000000e+00	1.391644032105472106e-01	0.000000000000000000e+00
-2.998550999999999840e+04	0.000000000000000000e+00	0.000000000000000000e+00	1.342814416943876599e-01	0.000000000000000000e+00
-2.998549000000000160e+04	0.000000000000000000e+00	0.000000000000000000e+00	1.422162541581469264e-01	0.000000000000000000e+00
-2.998545999999999913e+04	0.000000000000000000e+00	0.000000000000000000e+00	1.483199560533463579e-01	0.000000000000000000e+00
-2.998543000000000029e+04	0.000000000000000000e+00	0.000000000000000000e+00	1.385540330210272564e-01	0.000000000000000000e+00
-2.998540000000000146e+04	0.000000000000000000e+00	0.000000000000000000e+00	1.489303262428663122e-01	0.000000000000000000e+00
-2.998538000000000102e+04	0.000000000000000000e+00	0.000000000000000000e+00	1.397747734000671371e-01	0.000000000000000000e+00
-2.998534999999999854e+04	0.000000000000000000e+00	0.000000000000000000e+00	1.446577349162266879e-01	0.000000000000000000e+00
-2.998531999999999971e+04	0.000000000000000000e+00	0.000000000000000000e+00	1.336710715048677056e-01	0.000000000000000000e+00
-2.998529000000000087e+04	0.000000000000000000e+00	0.000000000000000000e+00	1.324503311258278249e-01	0.000000000000000000e+00
-2.998527000000000044e+04	0.000000000000000000e+00	0.000000000000000000e+00	1.373332926419873756e-01	0.000000000000000000e+00
-2.998525000000000000e+04	0.000000000000000000e+00	0.000000000000000000e+00	1.358073671681875039e-01	0.000000000000000000e+00
-2.998522000000000116e+04	0.000000000000000000e+00	0.000000000000000000e+00	1.303140354625079989e-01	0.000000000000000000e+00
-2.998518999999999869e+04	0.000000000000000000e+00	0.000000000000000000e+00	1.339762565996276689e-01	0.000000000000000000e+00
-2.998515999999999985e+04	0.000000000000000000e+00	0.000000000000000000e+00	1.324503311258278249e-01	0.000000000000000000e+00
-2.998513000000000102e+04	0.000000000000000000e+00	0.000000000000000000e+00	1.312295907467879164e-01	0.000000000000000000e+00
-2.998509999999999854e+04	0.000000000000000000e+00	0.000000000000000000e+00	1.321451460310678339e-01	0.000000000000000000e+00
-2.998508000000000175e+04	0.000000000000000000e+00	0.000000000000000000e+00	1.303140354625079989e-01	0.000000000000000000e+00
-2.998506000000000131e+04	0.000000000000000000e+00	0.000000000000000000e+00	1.306192205572679899e-01	0.000000000000000000e+00
-2.998502999999999884e+04	0.000000000000000000e+00	0.000000000000000000e+00	1.351969969786675496e-01	0.000000000000000000e+00
-2.998500000000000000e+04	0.000000000000000000e+00	0.000000000000000000e+00	1.385540330210272564e-01	0.000000000000000000e+00
-2.998495999999999913e+04	0.000000000000000000e+00	0.000000000000000000e+00	1.428266243476668529e-01	0.000000000000000000e+00
-2.998493000000000029e+04	0.000000000000000000e+00	0.000000000000000000e+00	1.419110690633869354e-01	0.000000000000000000e+00
-2.998491999999999825e+04	0.000000000000000000e+00	0.000000000000000000e+00	1.409955137791070179e-01	0.000000000000000000e+00
-2.998490000000000146e+04	0.000000000000000000e+00	0.000000000000000000e+00	1.351969969786675496e-01	0.000000000000000000e+00
-2.998486000000000058e+04	0.000000000000000000e+00	0.000000000000000000e+00	1.452681051057466421e-01	0.000000000000000000e+00
-2.998483000000000175e+04	0.000000000000000000e+00	0.000000000000000000e+00	1.428266243476668529e-01	0.000000000000000000e+00
-2.998481000000000131e+04	0.000000000000000000e+00	0.000000000000000000e+00	1.452681051057466421e-01	0.000000000000000000e+00
-2.998477999999999884e+04	0.000000000000000000e+00	0.000000000000000000e+00	1.370281075472273846e-01	0.000000000000000000e+00
-2.998475000000000000e+04	0.000000000000000000e+00	0.000000000000000000e+00	1.385540330210272564e-01	0.000000000000000000e+00
-2.998472999999999956e+04	0.000000000000000000e+00	0.000000000000000000e+00	1.257362590411084391e-01	0.000000000000000000e+00
-2.998472000000000116e+04	0.000000000000000000e+00	0.000000000000000000e+00	1.327555162205877881e-01	0.000000000000000000e+00
-2.998468000000000029e+04	0.000000000000000000e+00	0.000000000000000000e+00	1.297036652729880724e-01	0.000000000000000000e+00
-2.998465999999999985e+04	0.000000000000000000e+00	0.000000000000000000e+00	1.312295907467879164e-01	0.000000000000000000e+00
-2.998461999999999898e+04	0.000000000000000000e+00	0.000000000000000000e+00	1.248207037568285216e-01	0.000000000000000000e+00
-2.998459999999999854e+04	0.000000000000000000e+00	0.000000000000000000e+00	1.272621845149082831e-01	0.000000000000000000e+00
-2.998456999999999971e+04	0.000000000000000000e+00	0.000000000000000000e+00	1.272621845149082831e-01	0.000000000000000000e+00
-2.998454999999999927e+04	0.000000000000000000e+00	0.000000000000000000e+00	1.370281075472273846e-01	0.000000000000000000e+00
-2.998452000000000044e+04	0.000000000000000000e+00	0.000000000000000000e+00	1.358073671681875039e-01	0.000000000000000000e+00
-2.998450000000000000e+04	0.000000000000000000e+00	0.000000000000000000e+00	1.394695883053071739e-01	0.000000000000000000e+00
-2.998447999999999956e+04	0.000000000000000000e+00	0.000000000000000000e+00	1.434369945371868071e-01	0.000000000000000000e+00
-2.998443999999999869e+04	0.000000000000000000e+00	0.000000000000000000e+00	1.492355113376262754e-01	0.000000000000000000e+00
-2.998440999999999985e+04	0.000000000000000000e+00	0.000000000000000000e+00	1.629688406018250102e-01	0.000000000000000000e+00
-2.998438999999999942e+04	0.000000000000000000e+00	0.000000000000000000e+00	1.577806939909054962e-01	0.000000000000000000e+00
-2.998436000000000058e+04	0.000000000000000000e+00	0.000000000000000000e+00	1.458784752952665686e-01	0.000000000000000000e+00
-2.998431999999999971e+04	0.000000000000000000e+00	0.000000000000000000e+00	1.452681051057466421e-01	0.000000000000000000e+00
-2.998429999999999927e+04	0.000000000000000000e+00	0.000000000000000000e+00	1.550340281380657437e-01	0.000000000000000000e+00
-2.998427999999999884e+04	0.000000000000000000e+00	0.000000000000000000e+00	1.501510666219061929e-01	0.000000000000000000e+00
-2.998425999999999840e+04	0.000000000000000000e+00	0.000000000000000000e+00	1.461836603900265597e-01	0.000000000000000000e+00
-2.998422999999999956e+04	0.000000000000000000e+00	0.000000000000000000e+00	1.535081026642658719e-01	0.000000000000000000e+00
-2.998420999999999913e+04	0.000000000000000000e+00	0.000000000000000000e+00	1.431318094424268439e-01	0.000000000000000000e+00
-2.998418000000000029e+04	0.000000000000000000e+00	0.000000000000000000e+00	1.351969969786675496e-01	0.000000000000000000e+00
-2.998415999999999985e+04	0.000000000000000000e+00	0.000000000000000000e+00	1.370281075472273846e-01	0.000000000000000000e+00
-2.998413000000000102e+04	0.000000000000000000e+00	0.000000000000000000e+00	1.306192205572679899e-01	0.000000000000000000e+00
-2.998411000000000058e+04	0.000000000000000000e+00	0.000000000000000000e+00	1.303140354625079989e-01	0.000000000000000000e+00
-2.998408000000000175e+04	0.000000000000000000e+00	0.000000000000000000e+00	1.348918118839075864e-01	0.000000000000000000e+00
-2.998404999999999927e+04	0.000000000000000000e+00	0.000000000000000000e+00	1.385540330210272564e-01	0.000000000000000000e+00
-2.998402999999999884e+04	0.000000000000000000e+00	0.000000000000000000e+00	1.428266243476668529e-01	0.000000000000000000e+00
-2.998400000000000000e+04	0.000000000000000000e+00	0.000000000000000000e+00	1.422162541581469264e-01	0.000000000000000000e+00
-2.998397000000000116e+04	0.000000000000000000e+00	0.000000000000000000e+00	1.336710715048677056e-01	0.000000000000000000e+00
-2.998393999999999869e+04	0.000000000000000000e+00	0.000000000000000000e+00	1.376384777367473389e-01	0.000000000000000000e+00
-2.998390000000000146e+04	0.000000000000000000e+00	0.000000000000000000e+00	1.443525498214667246e-01	0.000000000000000000e+00
-2.998386999999999898e+04	0.000000000000000000e+00	0.000000000000000000e+00	1.458784752952665686e-01	0.000000000000000000e+00
-2.998383000000000175e+04	0.000000000000000000e+00	0.000000000000000000e+00	1.434369945371868071e-01	0.000000000000000000e+00
-2.998381000000000131e+04	0.000000000000000000e+00	0.000000000000000000e+00	1.516769920957060369e-01	0.000000000000000000e+00
-2.998377000000000044e+04	0.000000000000000000e+00	0.000000000000000000e+00	1.544236579485457894e-01	0.000000000000000000e+00
-2.998374000000000160e+04	0.000000000000000000e+00	0.000000000000000000e+00	1.489303262428663122e-01	0.000000000000000000e+00
-2.998370999999999913e+04	0.000000000000000000e+00	0.000000000000000000e+00	1.452681051057466421e-01	0.000000000000000000e+00
-2.998368000000000029e+04	0.000000000000000000e+00	0.000000000000000000e+00	1.446577349162266879e-01	0.000000000000000000e+00
-2.998365000000000146e+04	0.000000000000000000e+00	0.000000000000000000e+00	1.480147709585863947e-01	0.000000000000000000e+00
-2.998361999999999898e+04	0.000000000000000000e+00	0.000000000000000000e+00	1.440473647267067614e-01	0.000000000000000000e+00
-2.998359000000000015e+04	0.000000000000000000e+00	0.000000000000000000e+00	1.397747734000671371e-01	0.000000000000000000e+00
-2.998358000000000175e+04	0.000000000000000000e+00	0.000000000000000000e+00	1.373332926419873756e-01	0.000000000000000000e+00
-2.998356000000000131e+04	0.000000000000000000e+00	0.000000000000000000e+00	1.397747734000671371e-01	0.000000000000000000e+00
-2.998352999999999884e+04	0.000000000000000000e+00	0.000000000000000000e+00	1.336710715048677056e-01	0.000000000000000000e+00
-2.998350000000000000e+04	0.000000000000000000e+00	0.000000000000000000e+00	1.391644032105472106e-01	0.000000000000000000e+00
-2.998345999999999913e+04	0.000000000000000000e+00	0.000000000000000000e+00	1.504562517166661562e-01	0.000000000000000000e+00
-2.998343000000000029e+04	0.000000000000000000e+00	0.000000000000000000e+00	1.409955137791070179e-01	0.000000000000000000e+00
-2.998340999999999985e+04	0.000000000000000000e+00	0.000000000000000000e+00	1.437421796319467704e-01	0.000000000000000000e+00
-2.998338999999999942e+04	0.000000000000000000e+00	0.000000000000000000e+00	1.351969969786675496e-01	0.000000000000000000e+00
-2.998336999999999898e+04	0.000000000000000000e+00	0.000000000000000000e+00	1.385540330210272564e-01	0.000000000000000000e+00
-2.998336000000000058e+04	0.000000000000000000e+00	0.000000000000000000e+00	1.498458815271462019e-01	0.000000000000000000e+00
-2.998333000000000175e+04	0.000000000000000000e+00	0.000000000000000000e+00	1.532029175695059087e-01	0.000000000000000000e+00
-2.998329999999999927e+04	0.000000000000000000e+00	0.000000000000000000e+00	1.525925473799859544e-01	0.000000000000000000e+00
-2.998327000000000044e+04	0.000000000000000000e+00	0.000000000000000000e+00	1.467940305795464861e-01	0.000000000000000000e+00
-2.998325000000000000e+04	0.000000000000000000e+00	0.000000000000000000e+00	1.474044007690664404e-01	0.000000000000000000e+00
-2.998322999999999956e+04	0.000000000000000000e+00	0.000000000000000000e+00	1.461836603900265597e-01	0.000000000000000000e+00
-2.998320999999999913e+04	0.000000000000000000e+00	0.000000000000000000e+00	1.492355113376262754e-01	0.000000000000000000e+00
-2.998320000000000073e+04	0.000000000000000000e+00	0.000000000000000000e+00	1.483199560533463579e-01	0.000000000000000000e+00
-2.998316999999999825e+04	0.000000000000000000e+00	0.000000000000000000e+00	1.562547685171056244e-01	0.000000000000000000e+00
-2.998313999999999942e+04	0.000000000000000000e+00	0.000000000000000000e+00	1.455732902005066054e-01	0.000000000000000000e+00
-2.998309999999999854e+04	0.000000000000000000e+00	0.000000000000000000e+00	1.483199560533463579e-01	0.000000000000000000e+00
-2.998309000000000015e+04	0.000000000000000000e+00	0.000000000000000000e+00	1.467940305795464861e-01	0.000000000000000000e+00
-2.998306000000000131e+04	0.000000000000000000e+00	0.000000000000000000e+00	1.397747734000671371e-01	0.000000000000000000e+00
-2.998304000000000087e+04	0.000000000000000000e+00	0.000000000000000000e+00	1.287881099887081549e-01	0.000000000000000000e+00
-2.998302000000000044e+04	0.000000000000000000e+00	0.000000000000000000e+00	1.391644032105472106e-01	0.000000000000000000e+00
-2.998300000000000000e+04	0.000000000000000000e+00	0.000000000000000000e+00	1.428266243476668529e-01	0.000000000000000000e+00
-2.998299000000000160e+04	0.000000000000000000e+00	0.000000000000000000e+00	1.458784752952665686e-01	0.000000000000000000e+00
-2.998295999999999913e+04	0.000000000000000000e+00	0.000000000000000000e+00	1.391644032105472106e-01	0.000000000000000000e+00
-2.998291999999999825e+04	0.000000000000000000e+00	0.000000000000000000e+00	1.480147709585863947e-01	0.000000000000000000e+00
-2.998288999999999942e+04	0.000000000000000000e+00	0.000000000000000000e+00	1.504562517166661562e-01	0.000000000000000000e+00
-2.998286000000000058e+04	0.000000000000000000e+00	0.000000000000000000e+00	1.397747734000671371e-01	0.000000000000000000e+00
-2.998284000000000015e+04	0.000000000000000000e+00	0.000000000000000000e+00	1.583910641804254227e-01	0.000000000000000000e+00
-2.998281999999999971e+04	0.000000000000000000e+00	0.000000000000000000e+00	1.443525498214667246e-01	0.000000000000000000e+00
-2.998281000000000131e+04	0.000000000000000000e+00	0.000000000000000000e+00	1.538132877590258629e-01	0.000000000000000000e+00
-2.998277999999999884e+04	0.000000000000000000e+00	0.000000000000000000e+00	1.492355113376262754e-01	0.000000000000000000e+00
-2.998275000000000000e+04	0.000000000000000000e+00	0.000000000000000000e+00	1.498458815271462019e-01	0.000000000000000000e+00
-2.998274000000000160e+04	0.000000000000000000e+00	0.000000000000000000e+00	1.483199560533463579e-01	0.000000000000000000e+00
-2.998270999999999913e+04	0.000000000000000000e+00	0.000000000000000000e+00	1.492355113376262754e-01	0.000000000000000000e+00
-2.998268999999999869e+04	0.000000000000000000e+00	0.000000000000000000e+00	1.492355113376262754e-01	0.000000000000000000e+00
-2.998265999999999985e+04	0.000000000000000000e+00	0.000000000000000000e+00	1.593066194647053402e-01	0.000000000000000000e+00
-2.998265000000000146e+04	0.000000000000000000e+00	0.000000000000000000e+00	1.684621723075045152e-01	0.000000000000000000e+00
-2.998261999999999898e+04	0.000000000000000000e+00	0.000000000000000000e+00	1.443525498214667246e-01	0.000000000000000000e+00
-2.998259000000000015e+04	0.000000000000000000e+00	0.000000000000000000e+00	1.504562517166661562e-01	0.000000000000000000e+00
-2.998256000000000131e+04	0.000000000000000000e+00	0.000000000000000000e+00	1.516769920957060369e-01	0.000000000000000000e+00
-2.998252999999999884e+04	0.000000000000000000e+00	0.000000000000000000e+00	1.553392132328257069e-01	0.000000000000000000e+00
-2.998250999999999840e+04	0.000000000000000000e+00	0.000000000000000000e+00	1.443525498214667246e-01	0.000000000000000000e+00
-2.998250000000000000e+04	0.000000000000000000e+00	0.000000000000000000e+00	1.385540330210272564e-01	0.000000000000000000e+00
-2.998247999999999956e+04	0.000000000000000000e+00	0.000000000000000000e+00	1.446577349162266879e-01	0.000000000000000000e+00
-2.998243999999999869e+04	0.000000000000000000e+00	0.000000000000000000e+00	1.443525498214667246e-01	0.000000000000000000e+00
-2.998241999999999825e+04	0.000000000000000000e+00	0.000000000000000000e+00	1.440473647267067614e-01	0.000000000000000000e+00
-2.998240999999999985e+04	0.000000000000000000e+00	0.000000000000000000e+00	1.434369945371868071e-01	0.000000000000000000e+00
-2.998238999999999942e+04	0.000000000000000000e+00	0.000000000000000000e+00	1.516769920957060369e-01	0.000000000000000000e+00
-2.998236000000000058e+04	0.000000000000000000e+00	0.000000000000000000e+00	1.498458815271462019e-01	0.000000000000000000e+00
-2.998231999999999971e+04	0.000000000000000000e+00	0.000000000000000000e+00	1.513718070009460737e-01	0.000000000000000000e+00
-2.998229000000000087e+04	0.000000000000000000e+00	0.000000000000000000e+00	1.504562517166661562e-01	0.000000000000000000e+00
-2.998227999999999884e+04	0.000000000000000000e+00	0.000000000000000000e+00	1.596118045594653034e-01	0.000000000000000000e+00
-2.998225999999999840e+04	0.000000000000000000e+00	0.000000000000000000e+00	1.651051362651448084e-01	0.000000000000000000e+00
-2.998224000000000160e+04	0.000000000000000000e+00	0.000000000000000000e+00	1.596118045594653034e-01	0.000000000000000000e+00
-2.998220999999999913e+04	0.000000000000000000e+00	0.000000000000000000e+00	1.391644032105472106e-01	0.000000000000000000e+00
-2.998218000000000029e+04	0.000000000000000000e+00	0.000000000000000000e+00	1.535081026642658719e-01	0.000000000000000000e+00
-2.998215999999999985e+04	0.000000000000000000e+00	0.000000000000000000e+00	1.419110690633869354e-01	0.000000000000000000e+00
-2.998213000000000102e+04	0.000000000000000000e+00	0.000000000000000000e+00	1.440473647267067614e-01	0.000000000000000000e+00
-2.998209999999999854e+04	0.000000000000000000e+00	0.000000000000000000e+00	1.382488479262672931e-01	0.000000000000000000e+00
-2.998206999999999971e+04	0.000000000000000000e+00	0.000000000000000000e+00	1.452681051057466421e-01	0.000000000000000000e+00
-2.998204999999999927e+04	0.000000000000000000e+00	0.000000000000000000e+00	1.464888454847865229e-01	0.000000000000000000e+00
-2.998202999999999884e+04	0.000000000000000000e+00	0.000000000000000000e+00	1.385540330210272564e-01	0.000000000000000000e+00
-2.998200999999999840e+04	0.000000000000000000e+00	0.000000000000000000e+00	1.342814416943876599e-01	0.000000000000000000e+00
-2.998197999999999956e+04	0.000000000000000000e+00	0.000000000000000000e+00	1.376384777367473389e-01	0.000000000000000000e+00
-2.998195999999999913e+04	0.000000000000000000e+00	0.000000000000000000e+00	1.394695883053071739e-01	0.000000000000000000e+00
-2.998193000000000029e+04	0.000000000000000000e+00	0.000000000000000000e+00	1.440473647267067614e-01	0.000000000000000000e+00
-2.998190999999999985e+04	0.000000000000000000e+00	0.000000000000000000e+00	1.455732902005066054e-01	0.000000000000000000e+00
-2.998188000000000102e+04	0.000000000000000000e+00	0.000000000000000000e+00	1.443525498214667246e-01	0.000000000000000000e+00
-2.998184999999999854e+04	0.000000000000000000e+00	0.000000000000000000e+00	1.477095858638264037e-01	0.000000000000000000e+00
-2.998181999999999971e+04	0.000000000000000000e+00	0.000000000000000000e+00	1.486251411481063212e-01	0.000000000000000000e+00
-2.998181000000000131e+04	0.000000000000000000e+00	0.000000000000000000e+00	1.559495834223456612e-01	0.000000000000000000e+00
-2.998179999999999927e+04	0.000000000000000000e+00	0.000000000000000000e+00	1.617481002227851294e-01	0.000000000000000000e+00
-2.998177000000000044e+04	0.000000000000000000e+00	0.000000000000000000e+00	1.513718070009460737e-01	0.000000000000000000e+00
-2.998174000000000160e+04	0.000000000000000000e+00	0.000000000000000000e+00	1.510666219061861104e-01	0.000000000000000000e+00
-2.998172000000000116e+04	0.000000000000000000e+00	0.000000000000000000e+00	1.550340281380657437e-01	0.000000000000000000e+00
-2.998170000000000073e+04	0.000000000000000000e+00	0.000000000000000000e+00	1.525925473799859544e-01	0.000000000000000000e+00
-2.998166999999999825e+04	0.000000000000000000e+00	0.000000000000000000e+00	1.464888454847865229e-01	0.000000000000000000e+00
-2.998165000000000146e+04	0.000000000000000000e+00	0.000000000000000000e+00	1.416058839686269721e-01	0.000000000000000000e+00
-2.998161999999999898e+04	0.000000000000000000e+00	0.000000000000000000e+00	1.394695883053071739e-01	0.000000000000000000e+00
-2.998159999999999854e+04	0.000000000000000000e+00	0.000000000000000000e+00	1.446577349162266879e-01	0.000000000000000000e+00
-2.998156999999999971e+04	0.000000000000000000e+00	0.000000000000000000e+00	1.446577349162266879e-01	0.000000000000000000e+00
-2.998154999999999927e+04	0.000000000000000000e+00	0.000000000000000000e+00	1.474044007690664404e-01	0.000000000000000000e+00
-2.998152999999999884e+04	0.000000000000000000e+00	0.000000000000000000e+00	1.382488479262672931e-01	0.000000000000000000e+00
-2.998150999999999840e+04	0.000000000000000000e+00	0.000000000000000000e+00	1.376384777367473389e-01	0.000000000000000000e+00
-2.998149000000000160e+04	0.000000000000000000e+00	0.000000000000000000e+00	1.431318094424268439e-01	0.000000000000000000e+00
-2.998147000000000116e+04	0.000000000000000000e+00	0.000000000000000000e+00	1.428266243476668529e-01	0.000000000000000000e+00
-2.998145000000000073e+04	0.000000000000000000e+00	0.000000000000000000e+00	1.434369945371868071e-01	0.000000000000000000e+00
-2.998143000000000029e+04	0.000000000000000000e+00	0.000000000000000000e+00	1.452681051057466421e-01	0.000000000000000000e+00
-2.998140999999999985e+04	0.000000000000000000e+00	0.000000000000000000e+00	1.281777397991882006e-01	0.000000000000000000e+00
-2.998138999999999942e+04	0.000000000000000000e+00	0.000000000000000000e+00	1.419110690633869354e-01	0.000000000000000000e+00
-2.998136999999999898e+04	0.000000000000000000e+00	0.000000000000000000e+00	1.504562517166661562e-01	0.000000000000000000e+00
-2.998134999999999854e+04	0.000000000000000000e+00	0.000000000000000000e+00	1.461836603900265597e-01	0.000000000000000000e+00
-2.998133000000000175e+04	0.000000000000000000e+00	0.000000000000000000e+00	1.586962492751854137e-01	0.000000000000000000e+00
-2.998129000000000087e+04	0.000000000000000000e+00	0.000000000000000000e+00	1.538132877590258629e-01	0.000000000000000000e+00
-2.998125999999999840e+04	0.000000000000000000e+00	0.000000000000000000e+00	1.544236579485457894e-01	0.000000000000000000e+00
-2.998124000000000160e+04	0.000000000000000000e+00	0.000000000000000000e+00	1.467940305795464861e-01	0.000000000000000000e+00
-2.998122999999999956e+04	0.000000000000000000e+00	0.000000000000000000e+00	1.480147709585863947e-01	0.000000000000000000e+00
-2.998120999999999913e+04	0.000000000000000000e+00	0.000000000000000000e+00	1.409955137791070179e-01	0.000000000000000000e+00
-2.998118000000000029e+04	0.000000000000000000e+00	0.000000000000000000e+00	1.419110690633869354e-01	0.000000000000000000e+00
-2.998115000000000146e+04	0.000000000000000000e+00	0.000000000000000000e+00	1.406903286843470546e-01	0.000000000000000000e+00
-2.998111999999999898e+04	0.000000000000000000e+00	0.000000000000000000e+00	1.437421796319467704e-01	0.000000000000000000e+00
-2.998108000000000175e+04	0.000000000000000000e+00	0.000000000000000000e+00	1.373332926419873756e-01	0.000000000000000000e+00
-2.998104999999999927e+04	0.000000000000000000e+00	0.000000000000000000e+00	1.446577349162266879e-01	0.000000000000000000e+00
-2.998104000000000087e+04	0.000000000000000000e+00	0.000000000000000000e+00	1.440473647267067614e-01	0.000000000000000000e+00
-2.998100999999999840e+04	0.000000000000000000e+00	0.000000000000000000e+00	1.489303262428663122e-01	0.000000000000000000e+00
-2.998099000000000160e+04	0.000000000000000000e+00	0.000000000000000000e+00	1.480147709585863947e-01	0.000000000000000000e+00
-2.998095999999999913e+04	0.000000000000000000e+00	0.000000000000000000e+00	1.477095858638264037e-01	0.000000000000000000e+00
-2.998093999999999869e+04	0.000000000000000000e+00	0.000000000000000000e+00	1.547288430433057527e-01	0.000000000000000000e+00
-2.998090000000000146e+04	0.000000000000000000e+00	0.000000000000000000e+00	1.397747734000671371e-01	0.000000000000000000e+00
-2.998086000000000058e+04	0.000000000000000000e+00	0.000000000000000000e+00	1.562547685171056244e-01	0.000000000000000000e+00
-2.998084000000000015e+04	0.000000000000000000e+00	0.000000000000000000e+00	1.489303262428663122e-01	0.000000000000000000e+00
-2.998081999999999971e+04	0.000000000000000000e+00	0.000000000000000000e+00	1.483199560533463579e-01	0.000000000000000000e+00
-2.998079000000000087e+04	0.000000000000000000e+00	0.000000000000000000e+00	1.467940305795464861e-01	0.000000000000000000e+00
-2.998077000000000044e+04	0.000000000000000000e+00	0.000000000000000000e+00	1.492355113376262754e-01	0.000000000000000000e+00
-2.998075999999999840e+04	0.000000000000000000e+00	0.000000000000000000e+00	1.556443983275856702e-01	0.000000000000000000e+00
-2.998074000000000160e+04	0.000000000000000000e+00	0.000000000000000000e+00	1.568651387066255787e-01	0.000000000000000000e+00
-2.998070999999999913e+04	0.000000000000000000e+00	0.000000000000000000e+00	1.507614368114261194e-01	0.000000000000000000e+00
-2.998068000000000029e+04	0.000000000000000000e+00	0.000000000000000000e+00	1.593066194647053402e-01	0.000000000000000000e+00
-2.998065000000000146e+04	0.000000000000000000e+00	0.000000000000000000e+00	1.452681051057466421e-01	0.000000000000000000e+00
-2.998063000000000102e+04	0.000000000000000000e+00	0.000000000000000000e+00	1.535081026642658719e-01	0.000000000000000000e+00
-2.998059999999999854e+04	0.000000000000000000e+00	0.000000000000000000e+00	1.431318094424268439e-01	0.000000000000000000e+00
-2.998056999999999971e+04	0.000000000000000000e+00	0.000000000000000000e+00	1.498458815271462019e-01	0.000000000000000000e+00
-2.998054999999999927e+04	0.000000000000000000e+00	0.000000000000000000e+00	1.388592181157872196e-01	0.000000000000000000e+00
-2.998052999999999884e+04	0.000000000000000000e+00	0.000000000000000000e+00	1.336710715048677056e-01	0.000000000000000000e+00
-2.998050000000000000e+04	0.000000000000000000e+00	0.000000000000000000e+00	1.452681051057466421e-01	0.000000000000000000e+00
-2.998049000000000160e+04	0.000000000000000000e+00	0.000000000000000000e+00	1.397747734000671371e-01	0.000000000000000000e+00
-2.998047000000000116e+04	0.000000000000000000e+00	0.000000000000000000e+00	1.394695883053071739e-01	0.000000000000000000e+00
-2.998045000000000073e+04	0.000000000000000000e+00	0.000000000000000000e+00	1.406903286843470546e-01	0.000000000000000000e+00
-2.998041999999999825e+04	0.000000000000000000e+00	0.000000000000000000e+00	1.434369945371868071e-01	0.000000000000000000e+00
-2.998038999999999942e+04	0.000000000000000000e+00	0.000000000000000000e+00	1.483199560533463579e-01	0.000000000000000000e+00
-2.998036000000000058e+04	0.000000000000000000e+00	0.000000000000000000e+00	1.550340281380657437e-01	0.000000000000000000e+00
-2.998033000000000175e+04	0.000000000000000000e+00	0.000000000000000000e+00	1.525925473799859544e-01	0.000000000000000000e+00
-2.998029999999999927e+04	0.000000000000000000e+00	0.000000000000000000e+00	1.483199560533463579e-01	0.000000000000000000e+00
-2.998027000000000044e+04	0.000000000000000000e+00	0.000000000000000000e+00	1.556443983275856702e-01	0.000000000000000000e+00
-2.998024000000000160e+04	0.000000000000000000e+00	0.000000000000000000e+00	1.525925473799859544e-01	0.000000000000000000e+00
-2.998020999999999913e+04	0.000000000000000000e+00	0.000000000000000000e+00	1.452681051057466421e-01	0.000000000000000000e+00
-2.998018000000000029e+04	0.000000000000000000e+00	0.000000000000000000e+00	1.455732902005066054e-01	0.000000000000000000e+00
-2.998015000000000146e+04	0.000000000000000000e+00	0.000000000000000000e+00	1.382488479262672931e-01	0.000000000000000000e+00
-2.998013000000000102e+04	0.000000000000000000e+00	0.000000000000000000e+00	1.464888454847865229e-01	0.000000000000000000e+00
-2.998009999999999854e+04	0.000000000000000000e+00	0.000000000000000000e+00	1.467940305795464861e-01	0.000000000000000000e+00
-2.998006000000000131e+04	0.000000000000000000e+00	0.000000000000000000e+00	1.455732902005066054e-01	0.000000000000000000e+00
-2.998004000000000087e+04	0.000000000000000000e+00	0.000000000000000000e+00	1.477095858638264037e-01	0.000000000000000000e+00
-2.998002000000000044e+04	0.000000000000000000e+00	0.000000000000000000e+00	1.437421796319467704e-01	0.000000000000000000e+00
-2.998000000000000000e+04	0.000000000000000000e+00	0.000000000000000000e+00	1.416058839686269721e-01	0.000000000000000000e+00
-2.997997000000000116e+04	0.000000000000000000e+00	0.000000000000000000e+00	1.376384777367473389e-01	0.000000000000000000e+00
-2.997993999999999869e+04	0.000000000000000000e+00	0.000000000000000000e+00	1.367229224524674214e-01	0.000000000000000000e+00
-2.997991999999999825e+04	0.000000000000000000e+00	0.000000000000000000e+00	1.391644032105472106e-01	0.000000000000000000e+00
-2.997990999999999985e+04	0.000000000000000000e+00	0.000000000000000000e+00	1.464888454847865229e-01	0.000000000000000000e+00
-2.997988000000000102e+04	0.000000000000000000e+00	0.000000000000000000e+00	1.446577349162266879e-01	0.000000000000000000e+00
-2.997984999999999854e+04	0.000000000000000000e+00	0.000000000000000000e+00	1.461836603900265597e-01	0.000000000000000000e+00
-2.997981000000000131e+04	0.000000000000000000e+00	0.000000000000000000e+00	1.461836603900265597e-01	0.000000000000000000e+00
-2.997979000000000087e+04	0.000000000000000000e+00	0.000000000000000000e+00	1.492355113376262754e-01	0.000000000000000000e+00
-2.997977000000000044e+04	0.000000000000000000e+00	0.000000000000000000e+00	1.571703238013855419e-01	0.000000000000000000e+00
-2.997975000000000000e+04	0.000000000000000000e+00	0.000000000000000000e+00	1.507614368114261194e-01	0.000000000000000000e+00
-2.997972000000000116e+04	0.000000000000000000e+00	0.000000000000000000e+00	1.464888454847865229e-01	0.000000000000000000e+00
-2.997968999999999869e+04	0.000000000000000000e+00	0.000000000000000000e+00	1.474044007690664404e-01	0.000000000000000000e+00
-2.997965999999999985e+04	0.000000000000000000e+00	0.000000000000000000e+00	1.510666219061861104e-01	0.000000000000000000e+00
-2.997963999999999942e+04	0.000000000000000000e+00	0.000000000000000000e+00	1.483199560533463579e-01	0.000000000000000000e+00
-2.997961999999999898e+04	0.000000000000000000e+00	0.000000000000000000e+00	1.394695883053071739e-01	0.000000000000000000e+00
-2.997959999999999854e+04	0.000000000000000000e+00	0.000000000000000000e+00	1.367229224524674214e-01	0.000000000000000000e+00
-2.997956999999999971e+04	0.000000000000000000e+00	0.000000000000000000e+00	1.437421796319467704e-01	0.000000000000000000e+00
-2.997952999999999884e+04	0.000000000000000000e+00	0.000000000000000000e+00	1.437421796319467704e-01	0.000000000000000000e+00
-2.997950000000000000e+04	0.000000000000000000e+00	0.000000000000000000e+00	1.361125522629474671e-01	0.000000000000000000e+00
-2.997947999999999956e+04	0.000000000000000000e+00	0.000000000000000000e+00	1.348918118839075864e-01	0.000000000000000000e+00
-2.997947000000000116e+04	0.000000000000000000e+00	0.000000000000000000e+00	1.336710715048677056e-01	0.000000000000000000e+00
-2.997945000000000073e+04	0.000000000000000000e+00	0.000000000000000000e+00	1.376384777367473389e-01	0.000000000000000000e+00
-2.997940999999999985e+04	0.000000000000000000e+00	0.000000000000000000e+00	1.306192205572679899e-01	0.000000000000000000e+00
-2.997938000000000102e+04	0.000000000000000000e+00	0.000000000000000000e+00	1.391644032105472106e-01	0.000000000000000000e+00
-2.997936000000000058e+04	0.000000000000000000e+00	0.000000000000000000e+00	1.406903286843470546e-01	0.000000000000000000e+00
-2.997933000000000175e+04	0.000000000000000000e+00	0.000000000000000000e+00	1.440473647267067614e-01	0.000000000000000000e+00
-2.997929999999999927e+04	0.000000000000000000e+00	0.000000000000000000e+00	1.434369945371868071e-01	0.000000000000000000e+00
-2.997927000000000044e+04	0.000000000000000000e+00	0.000000000000000000e+00	1.419110690633869354e-01	0.000000000000000000e+00
-2.997925000000000000e+04	0.000000000000000000e+00	0.000000000000000000e+00	1.419110690633869354e-01	0.000000000000000000e+00
-2.997922000000000116e+04	0.000000000000000000e+00	0.000000000000000000e+00	1.455732902005066054e-01	0.000000000000000000e+00
-2.997920000000000073e+04	0.000000000000000000e+00	0.000000000000000000e+00	1.443525498214667246e-01	0.000000000000000000e+00
-2.997916999999999825e+04	0.000000000000000000e+00	0.000000000000000000e+00	1.571703238013855419e-01	0.000000000000000000e+00
-2.997915000000000146e+04	0.000000000000000000e+00	0.000000000000000000e+00	1.556443983275856702e-01	0.000000000000000000e+00
-2.997911999999999898e+04	0.000000000000000000e+00	0.000000000000000000e+00	1.510666219061861104e-01	0.000000000000000000e+00
-2.997909999999999854e+04	0.000000000000000000e+00	0.000000000000000000e+00	1.498458815271462019e-01	0.000000000000000000e+00
-2.997906999999999971e+04	0.000000000000000000e+00	0.000000000000000000e+00	1.382488479262672931e-01	0.000000000000000000e+00
-2.997902999999999884e+04	0.000000000000000000e+00	0.000000000000000000e+00	1.373332926419873756e-01	0.000000000000000000e+00
-2.997899000000000160e+04	0.000000000000000000e+00	0.000000000000000000e+00	1.345866267891476231e-01	0.000000000000000000e+00
-2.997893999999999869e+04	0.000000000000000000e+00	0.000000000000000000e+00	1.281777397991882006e-01	0.000000000000000000e+00
-2.997890999999999985e+04	0.000000000000000000e+00	0.000000000000000000e+00	1.342814416943876599e-01	0.000000000000000000e+00
-2.997886999999999898e+04	0.000000000000000000e+00	0.000000000000000000e+00	1.275673696096682741e-01	0.000000000000000000e+00
-2.997884000000000015e+04	0.000000000000000000e+00	0.000000000000000000e+00	1.312295907467879164e-01	0.000000000000000000e+00
-2.997881000000000131e+04	0.000000000000000000e+00	0.000000000000000000e+00	1.287881099887081549e-01	0.000000000000000000e+00
-2.997879999999999927e+04	0.000000000000000000e+00	0.000000000000000000e+00	1.342814416943876599e-01	0.000000000000000000e+00
-2.997877000000000044e+04	0.000000000000000000e+00	0.000000000000000000e+00	1.339762565996276689e-01	0.000000000000000000e+00
-2.997872999999999956e+04	0.000000000000000000e+00	0.000000000000000000e+00	1.342814416943876599e-01	0.000000000000000000e+00
-2.997870000000000073e+04	0.000000000000000000e+00	0.000000000000000000e+00	1.455732902005066054e-01	0.000000000000000000e+00
-2.997866999999999825e+04	0.000000000000000000e+00	0.000000000000000000e+00	1.364177373577074581e-01	0.000000000000000000e+00
-2.997863999999999942e+04	0.000000000000000000e+00	0.000000000000000000e+00	1.413006988738670089e-01	0.000000000000000000e+00
-2.997861000000000058e+04	0.000000000000000000e+00	0.000000000000000000e+00	1.397747734000671371e-01	0.000000000000000000e+00
-2.997858000000000175e+04	0.000000000000000000e+00	0.000000000000000000e+00	1.446577349162266879e-01	0.000000000000000000e+00
-2.997854999999999927e+04	0.000000000000000000e+00	0.000000000000000000e+00	1.513718070009460737e-01	0.000000000000000000e+00
-2.997852999999999884e+04	0.000000000000000000e+00	0.000000000000000000e+00	1.437421796319467704e-01	0.000000000000000000e+00
-2.997849000000000160e+04	0.000000000000000000e+00	0.000000000000000000e+00	1.446577349162266879e-01	0.000000000000000000e+00
-2.997845999999999913e+04	0.000000000000000000e+00	0.000000000000000000e+00	1.406903286843470546e-01	0.000000000000000000e+00
-2.997845000000000073e+04	0.000000000000000000e+00	0.000000000000000000e+00	1.416058839686269721e-01	0.000000000000000000e+00
-2.997843000000000029e+04	0.000000000000000000e+00	0.000000000000000000e+00	1.394695883053071739e-01	0.000000000000000000e+00
-2.997840000000000146e+04	0.000000000000000000e+00	0.000000000000000000e+00	1.397747734000671371e-01	0.000000000000000000e+00
-2.997836999999999898e+04	0.000000000000000000e+00	0.000000000000000000e+00	1.351969969786675496e-01	0.000000000000000000e+00
-2.997834999999999854e+04	0.000000000000000000e+00	0.000000000000000000e+00	1.351969969786675496e-01	0.000000000000000000e+00
-2.997833000000000175e+04	0.000000000000000000e+00	0.000000000000000000e+00	1.306192205572679899e-01	0.000000000000000000e+00
-2.997829999999999927e+04	0.000000000000000000e+00	0.000000000000000000e+00	1.287881099887081549e-01	0.000000000000000000e+00
-2.997827000000000044e+04	0.000000000000000000e+00	0.000000000000000000e+00	1.281777397991882006e-01	0.000000000000000000e+00
-2.997825000000000000e+04	0.000000000000000000e+00	0.000000000000000000e+00	1.303140354625079989e-01	0.000000000000000000e+00
-2.997822999999999956e+04	0.000000000000000000e+00	0.000000000000000000e+00	1.419110690633869354e-01	0.000000000000000000e+00
-2.997820000000000073e+04	0.000000000000000000e+00	0.000000000000000000e+00	1.428266243476668529e-01	0.000000000000000000e+00
-2.997818000000000029e+04	0.000000000000000000e+00	0.000000000000000000e+00	1.525925473799859544e-01	0.000000000000000000e+00
-2.997815999999999985e+04	0.000000000000000000e+00	0.000000000000000000e+00	1.455732902005066054e-01	0.000000000000000000e+00
-2.997815000000000146e+04	0.000000000000000000e+00	0.000000000000000000e+00	1.327555162205877881e-01	0.000000000000000000e+00
-2.997811999999999898e+04	0.000000000000000000e+00	0.000000000000000000e+00	1.367229224524674214e-01	0.000000000000000000e+00
-2.997809000000000015e+04	0.000000000000000000e+00	0.000000000000000000e+00	1.440473647267067614e-01	0.000000000000000000e+00
-2.997806000000000131e+04	0.000000000000000000e+00	0.000000000000000000e+00	1.367229224524674214e-01	0.000000000000000000e+00
-2.997804000000000087e+04	0.000000000000000000e+00	0.000000000000000000e+00	1.351969969786675496e-01	0.000000000000000000e+00
-2.997802000000000044e+04	0.000000000000000000e+00	0.000000000000000000e+00	1.385540330210272564e-01	0.000000000000000000e+00
-2.997800000000000000e+04	0.000000000000000000e+00	0.000000000000000000e+00	1.287881099887081549e-01	0.000000000000000000e+00
-2.997797999999999956e+04	0.000000000000000000e+00	0.000000000000000000e+00	1.348918118839075864e-01	0.000000000000000000e+00
-2.997795000000000073e+04	0.000000000000000000e+00	0.000000000000000000e+00	1.419110690633869354e-01	0.000000000000000000e+00
-2.997793000000000029e+04	0.000000000000000000e+00	0.000000000000000000e+00	1.358073671681875039e-01	0.000000000000000000e+00
-2.997790999999999985e+04	0.000000000000000000e+00	0.000000000000000000e+00	1.345866267891476231e-01	0.000000000000000000e+00
-2.997788999999999942e+04	0.000000000000000000e+00	0.000000000000000000e+00	1.434369945371868071e-01	0.000000000000000000e+00
-2.997786999999999898e+04	0.000000000000000000e+00	0.000000000000000000e+00	1.370281075472273846e-01	0.000000000000000000e+00
-2.997784999999999854e+04	0.000000000000000000e+00	0.000000000000000000e+00	1.287881099887081549e-01	0.000000000000000000e+00
-2.997783000000000175e+04	0.000000000000000000e+00	0.000000000000000000e+00	1.306192205572679899e-01	0.000000000000000000e+00
-2.997779999999999927e+04	0.000000000000000000e+00	0.000000000000000000e+00	1.147495956297494429e-01	0.000000000000000000e+00
-2.997777999999999884e+04	0.000000000000000000e+00	0.000000000000000000e+00	1.272621845149082831e-01	0.000000000000000000e+00
-2.997775999999999840e+04	0.000000000000000000e+00	0.000000000000000000e+00	1.333658864101077424e-01	0.000000000000000000e+00
-2.997775000000000000e+04	0.000000000000000000e+00	0.000000000000000000e+00	1.315347758415479074e-01	0.000000000000000000e+00
-2.997772000000000116e+04	0.000000000000000000e+00	0.000000000000000000e+00	1.382488479262672931e-01	0.000000000000000000e+00
-2.997768999999999869e+04	0.000000000000000000e+00	0.000000000000000000e+00	1.428266243476668529e-01	0.000000000000000000e+00
-2.997766999999999825e+04	0.000000000000000000e+00	0.000000000000000000e+00	1.300088503677480356e-01	0.000000000000000000e+00
-2.997765000000000146e+04	0.000000000000000000e+00	0.000000000000000000e+00	1.306192205572679899e-01	0.000000000000000000e+00
-2.997763000000000102e+04	0.000000000000000000e+00	0.000000000000000000e+00	1.312295907467879164e-01	0.000000000000000000e+00
-2.997761999999999898e+04	0.000000000000000000e+00	0.000000000000000000e+00	1.345866267891476231e-01	0.000000000000000000e+00
-2.997759000000000015e+04	0.000000000000000000e+00	0.000000000000000000e+00	1.419110690633869354e-01	0.000000000000000000e+00
-2.997756000000000131e+04	0.000000000000000000e+00	0.000000000000000000e+00	1.312295907467879164e-01	0.000000000000000000e+00
-2.997754999999999927e+04	0.000000000000000000e+00	0.000000000000000000e+00	1.293984801782281091e-01	0.000000000000000000e+00
-2.997752000000000044e+04	0.000000000000000000e+00	0.000000000000000000e+00	1.272621845149082831e-01	0.000000000000000000e+00
-2.997747999999999956e+04	0.000000000000000000e+00	0.000000000000000000e+00	1.269569994201483198e-01	0.000000000000000000e+00
-2.997745000000000073e+04	0.000000000000000000e+00	0.000000000000000000e+00	1.278725547044282373e-01	0.000000000000000000e+00
-2.997743000000000029e+04	0.000000000000000000e+00	0.000000000000000000e+00	1.367229224524674214e-01	0.000000000000000000e+00
-2.997741999999999825e+04	0.000000000000000000e+00	0.000000000000000000e+00	1.388592181157872196e-01	0.000000000000000000e+00
-2.997740000000000146e+04	0.000000000000000000e+00	0.000000000000000000e+00	1.367229224524674214e-01	0.000000000000000000e+00
-2.997736999999999898e+04	0.000000000000000000e+00	0.000000000000000000e+00	1.287881099887081549e-01	0.000000000000000000e+00
-2.997734000000000015e+04	0.000000000000000000e+00	0.000000000000000000e+00	1.275673696096682741e-01	0.000000000000000000e+00
-2.997731999999999971e+04	0.000000000000000000e+00	0.000000000000000000e+00	1.251258888515884848e-01	0.000000000000000000e+00
-2.997729000000000087e+04	0.000000000000000000e+00	0.000000000000000000e+00	1.297036652729880724e-01	0.000000000000000000e+00
-2.997727000000000044e+04	0.000000000000000000e+00	0.000000000000000000e+00	1.315347758415479074e-01	0.000000000000000000e+00
-2.997724000000000160e+04	0.000000000000000000e+00	0.000000000000000000e+00	1.281777397991882006e-01	0.000000000000000000e+00
-2.997722000000000116e+04	0.000000000000000000e+00	0.000000000000000000e+00	1.342814416943876599e-01	0.000000000000000000e+00
-2.997718999999999869e+04	0.000000000000000000e+00	0.000000000000000000e+00	1.321451460310678339e-01	0.000000000000000000e+00
-2.997716999999999825e+04	0.000000000000000000e+00	0.000000000000000000e+00	1.321451460310678339e-01	0.000000000000000000e+00
-2.997715000000000146e+04	0.000000000000000000e+00	0.000000000000000000e+00	1.300088503677480356e-01	0.000000000000000000e+00
-2.997713000000000102e+04	0.000000000000000000e+00	0.000000000000000000e+00	1.303140354625079989e-01	0.000000000000000000e+00
-2.997711000000000058e+04	0.000000000000000000e+00	0.000000000000000000e+00	1.376384777367473389e-01	0.000000000000000000e+00
-2.997708000000000175e+04	0.000000000000000000e+00	0.000000000000000000e+00	1.318399609363078706e-01	0.000000000000000000e+00
-2.997704999999999927e+04	0.000000000000000000e+00	0.000000000000000000e+00	1.303140354625079989e-01	0.000000000000000000e+00
-2.997702999999999884e+04	0.000000000000000000e+00	0.000000000000000000e+00	1.293984801782281091e-01	0.000000000000000000e+00
-2.997700999999999840e+04	0.000000000000000000e+00	0.000000000000000000e+00	1.300088503677480356e-01	0.000000000000000000e+00
-2.997697999999999956e+04	0.000000000000000000e+00	0.000000000000000000e+00	1.092562639240699518e-01	0.000000000000000000e+00
-2.997695000000000073e+04	0.000000000000000000e+00	0.000000000000000000e+00	1.156651509140293604e-01	0.000000000000000000e+00
-2.997693999999999869e+04	0.000000000000000000e+00	0.000000000000000000e+00	1.193273720511490166e-01	0.000000000000000000e+00
-2.997691999999999825e+04	0.000000000000000000e+00	0.000000000000000000e+00	1.229895931882686866e-01	0.000000000000000000e+00
-2.997688999999999942e+04	0.000000000000000000e+00	0.000000000000000000e+00	1.324503311258278249e-01	0.000000000000000000e+00
-2.997686000000000058e+04	0.000000000000000000e+00	0.000000000000000000e+00	1.248207037568285216e-01	0.000000000000000000e+00
-2.997683000000000175e+04	0.000000000000000000e+00	0.000000000000000000e+00	1.290932950834681181e-01	0.000000000000000000e+00
-2.997683000000000175e+04	0.000000000000000000e+00	0.000000000000000000e+00	1.345866267891476231e-01	0.000000000000000000e+00
-2.997681000000000131e+04	0.000000000000000000e+00	0.000000000000000000e+00	1.327555162205877881e-01	0.000000000000000000e+00
-2.997677999999999884e+04	0.000000000000000000e+00	0.000000000000000000e+00	1.254310739463484481e-01	0.000000000000000000e+00
-2.997675000000000000e+04	0.000000000000000000e+00	0.000000000000000000e+00	1.364177373577074581e-01	0.000000000000000000e+00
-2.997672000000000116e+04	0.000000000000000000e+00	0.000000000000000000e+00	1.245155186620685445e-01	0.000000000000000000e+00
-2.997668000000000029e+04	0.000000000000000000e+00	0.000000000000000000e+00	1.248207037568285216e-01	0.000000000000000000e+00
-2.997665999999999985e+04	0.000000000000000000e+00	0.000000000000000000e+00	1.324503311258278249e-01	0.000000000000000000e+00
-2.997665000000000146e+04	0.000000000000000000e+00	0.000000000000000000e+00	1.321451460310678339e-01	0.000000000000000000e+00
-2.997663999999999942e+04	0.000000000000000000e+00	0.000000000000000000e+00	1.297036652729880724e-01	0.000000000000000000e+00
-2.997661999999999898e+04	0.000000000000000000e+00	0.000000000000000000e+00	1.281777397991882006e-01	0.000000000000000000e+00
-2.997659000000000015e+04	0.000000000000000000e+00	0.000000000000000000e+00	1.434369945371868071e-01	0.000000000000000000e+00
-2.997656000000000131e+04	0.000000000000000000e+00	0.000000000000000000e+00	1.281777397991882006e-01	0.000000000000000000e+00
-2.997652999999999884e+04	0.000000000000000000e+00	0.000000000000000000e+00	1.324503311258278249e-01	0.000000000000000000e+00
-2.997650999999999840e+04	0.000000000000000000e+00	0.000000000000000000e+00	1.251258888515884848e-01	0.000000000000000000e+00
-2.997647999999999956e+04	0.000000000000000000e+00	0.000000000000000000e+00	1.150547807245094201e-01	0.000000000000000000e+00
-2.997645000000000073e+04	0.000000000000000000e+00	0.000000000000000000e+00	1.220740379039887691e-01	0.000000000000000000e+00
-2.997643000000000029e+04	0.000000000000000000e+00	0.000000000000000000e+00	1.205481124301889112e-01	0.000000000000000000e+00
-2.997640000000000146e+04	0.000000000000000000e+00	0.000000000000000000e+00	1.242103335673085673e-01	0.000000000000000000e+00
-2.997638000000000102e+04	0.000000000000000000e+00	0.000000000000000000e+00	1.242103335673085673e-01	0.000000000000000000e+00
-2.997636000000000058e+04	0.000000000000000000e+00	0.000000000000000000e+00	1.174962614825891954e-01	0.000000000000000000e+00
-2.997633000000000175e+04	0.000000000000000000e+00	0.000000000000000000e+00	1.297036652729880724e-01	0.000000000000000000e+00
-2.997631000000000131e+04	0.000000000000000000e+00	0.000000000000000000e+00	1.153599658192693833e-01	0.000000000000000000e+00
-2.997629000000000087e+04	0.000000000000000000e+00	0.000000000000000000e+00	1.235999633777886270e-01	0.000000000000000000e+00
-2.997627000000000044e+04	0.000000000000000000e+00	0.000000000000000000e+00	1.135288552507095622e-01	0.000000000000000000e+00
-2.997625000000000000e+04	0.000000000000000000e+00	0.000000000000000000e+00	1.199377422406689708e-01	0.000000000000000000e+00
-2.997622999999999956e+04	0.000000000000000000e+00	0.000000000000000000e+00	1.229895931882686866e-01	0.000000000000000000e+00
-2.997622000000000116e+04	0.000000000000000000e+00	0.000000000000000000e+00	1.235999633777886270e-01	0.000000000000000000e+00
-2.997620000000000073e+04	0.000000000000000000e+00	0.000000000000000000e+00	1.318399609363078706e-01	0.000000000000000000e+00
-2.997618000000000029e+04	0.000000000000000000e+00	0.000000000000000000e+00	1.202429273354289341e-01	0.000000000000000000e+00
-2.997615999999999985e+04	0.000000000000000000e+00	0.000000000000000000e+00	1.220740379039887691e-01	0.000000000000000000e+00
-2.997615000000000146e+04	0.000000000000000000e+00	0.000000000000000000e+00	1.254310739463484481e-01	0.000000000000000000e+00
-2.997611999999999898e+04	0.000000000000000000e+00	0.000000000000000000e+00	1.254310739463484481e-01	0.000000000000000000e+00
-2.997609999999999854e+04	0.000000000000000000e+00	0.000000000000000000e+00	1.245155186620685445e-01	0.000000000000000000e+00
-2.997608000000000175e+04	0.000000000000000000e+00	0.000000000000000000e+00	1.226844080935087095e-01	0.000000000000000000e+00
-2.997606000000000131e+04	0.000000000000000000e+00	0.000000000000000000e+00	1.232947782830286637e-01	0.000000000000000000e+00
-2.997602999999999884e+04	0.000000000000000000e+00	0.000000000000000000e+00	1.257362590411084391e-01	0.000000000000000000e+00
-2.997600000000000000e+04	0.000000000000000000e+00	0.000000000000000000e+00	1.229895931882686866e-01	0.000000000000000000e+00
-2.997595999999999913e+04	0.000000000000000000e+00	0.000000000000000000e+00	1.235999633777886270e-01	0.000000000000000000e+00
-2.997593000000000029e+04	0.000000000000000000e+00	0.000000000000000000e+00	1.297036652729880724e-01	0.000000000000000000e+00
-2.997591999999999825e+04	0.000000000000000000e+00	0.000000000000000000e+00	1.193273720511490166e-01	0.000000000000000000e+00
-2.997588999999999942e+04	0.000000000000000000e+00	0.000000000000000000e+00	1.138340403454695254e-01	0.000000000000000000e+00
-2.997586999999999898e+04	0.000000000000000000e+00	0.000000000000000000e+00	1.147495956297494429e-01	0.000000000000000000e+00
-2.997584000000000015e+04	0.000000000000000000e+00	0.000000000000000000e+00	1.229895931882686866e-01	0.000000000000000000e+00
-2.997581000000000131e+04	0.000000000000000000e+00	0.000000000000000000e+00	1.293984801782281091e-01	0.000000000000000000e+00
-2.997577000000000044e+04	0.000000000000000000e+00	0.000000000000000000e+00	1.287881099887081549e-01	0.000000000000000000e+00
-2.997575000000000000e+04	0.000000000000000000e+00	0.000000000000000000e+00	1.339762565996276689e-01	0.000000000000000000e+00
-2.997572999999999956e+04	0.000000000000000000e+00	0.000000000000000000e+00	1.217688528092287920e-01	0.000000000000000000e+00
-2.997572000000000116e+04	0.000000000000000000e+00	0.000000000000000000e+00	1.297036652729880724e-01	0.000000000000000000e+00
-2.997570000000000073e+04	0.000000000000000000e+00	0.000000000000000000e+00	1.336710715048677056e-01	0.000000000000000000e+00
-2.997568000000000029e+04	0.000000000000000000e+00	0.000000000000000000e+00	1.184118167668691129e-01	0.000000000000000000e+00
-2.997563999999999942e+04	0.000000000000000000e+00	0.000000000000000000e+00	1.223792229987487462e-01	0.000000000000000000e+00
-2.997561000000000058e+04	0.000000000000000000e+00	0.000000000000000000e+00	1.306192205572679899e-01	0.000000000000000000e+00
-2.997558000000000175e+04	0.000000000000000000e+00	0.000000000000000000e+00	1.202429273354289341e-01	0.000000000000000000e+00
-2.997554999999999927e+04	0.000000000000000000e+00	0.000000000000000000e+00	1.205481124301889112e-01	0.000000000000000000e+00
-2.997552000000000044e+04	0.000000000000000000e+00	0.000000000000000000e+00	1.165807061983092779e-01	0.000000000000000000e+00
-2.997550000000000000e+04	0.000000000000000000e+00	0.000000000000000000e+00	1.196325571459089937e-01	0.000000000000000000e+00
-2.997547999999999956e+04	0.000000000000000000e+00	0.000000000000000000e+00	1.165807061983092779e-01	0.000000000000000000e+00
-2.997545000000000073e+04	0.000000000000000000e+00	0.000000000000000000e+00	1.159703360087893376e-01	0.000000000000000000e+00
-2.997543000000000029e+04	0.000000000000000000e+00	0.000000000000000000e+00	1.110873744926297868e-01	0.000000000000000000e+00
-2.997540999999999985e+04	0.000000000000000000e+00	0.000000000000000000e+00	1.126132999664296447e-01	0.000000000000000000e+00
-2.997536999999999898e+04	0.000000000000000000e+00	0.000000000000000000e+00	1.101718192083498693e-01	0.000000000000000000e+00
-2.997534999999999854e+04	0.000000000000000000e+00	0.000000000000000000e+00	1.110873744926297868e-01	0.000000000000000000e+00
-2.997531999999999971e+04	0.000000000000000000e+00	0.000000000000000000e+00	1.156651509140293604e-01	0.000000000000000000e+00
-2.997529999999999927e+04	0.000000000000000000e+00	0.000000000000000000e+00	1.077303384502700939e-01	0.000000000000000000e+00
-2.997525999999999840e+04	0.000000000000000000e+00	0.000000000000000000e+00	1.159703360087893376e-01	0.000000000000000000e+00
-2.997522999999999956e+04	0.000000000000000000e+00	0.000000000000000000e+00	1.156651509140293604e-01	0.000000000000000000e+00
-2.997520999999999913e+04	0.000000000000000000e+00	0.000000000000000000e+00	1.229895931882686866e-01	0.000000000000000000e+00
-2.997518999999999869e+04	0.000000000000000000e+00	0.000000000000000000e+00	1.104770043031098326e-01	0.000000000000000000e+00
-2.997515999999999985e+04	0.000000000000000000e+00	0.000000000000000000e+00	1.211584826197088516e-01	0.000000000000000000e+00
-2.997513999999999942e+04	0.000000000000000000e+00	0.000000000000000000e+00	1.138340403454695254e-01	0.000000000000000000e+00
-2.997511999999999898e+04	0.000000000000000000e+00	0.000000000000000000e+00	1.080355235450300572e-01	0.000000000000000000e+00
-2.997509000000000015e+04	0.000000000000000000e+00	0.000000000000000000e+00	1.058992278817102589e-01	0.000000000000000000e+00
-2.997506000000000131e+04	0.000000000000000000e+00	0.000000000000000000e+00	1.165807061983092779e-01	0.000000000000000000e+00
-2.997502999999999884e+04	0.000000000000000000e+00	0.000000000000000000e+00	1.116977446821497272e-01	0.000000000000000000e+00
-2.997500000000000000e+04	0.000000000000000000e+00	0.000000000000000000e+00	1.156651509140293604e-01	0.000000000000000000e+00
-2.997497999999999956e+04	0.000000000000000000e+00	0.000000000000000000e+00	1.055940427869502818e-01	0.000000000000000000e+00
-2.997495999999999913e+04	0.000000000000000000e+00	0.000000000000000000e+00	1.187170018616290762e-01	0.000000000000000000e+00
-2.997493999999999869e+04	0.000000000000000000e+00	0.000000000000000000e+00	1.089510788293099747e-01	0.000000000000000000e+00
-2.997490000000000146e+04	0.000000000000000000e+00	0.000000000000000000e+00	1.104770043031098326e-01	0.000000000000000000e+00
-2.997486999999999898e+04	0.000000000000000000e+00	0.000000000000000000e+00	1.126132999664296447e-01	0.000000000000000000e+00
-2.997484000000000015e+04	0.000000000000000000e+00	0.000000000000000000e+00	1.278725547044282373e-01	0.000000000000000000e+00
-2.997483000000000175e+04	0.000000000000000000e+00	0.000000000000000000e+00	1.141392254402295026e-01	0.000000000000000000e+00
-2.997481000000000131e+04	0.000000000000000000e+00	0.000000000000000000e+00	1.165807061983092779e-01	0.000000000000000000e+00
-2.997477999999999884e+04	0.000000000000000000e+00	0.000000000000000000e+00	1.174962614825891954e-01	0.000000000000000000e+00
-2.997475000000000000e+04	0.000000000000000000e+00	0.000000000000000000e+00	1.153599658192693833e-01	0.000000000000000000e+00
-2.997472000000000116e+04	0.000000000000000000e+00	0.000000000000000000e+00	1.147495956297494429e-01	0.000000000000000000e+00
-2.997468999999999869e+04	0.000000000000000000e+00	0.000000000000000000e+00	1.068147831659901764e-01	0.000000000000000000e+00
-2.997466999999999825e+04	0.000000000000000000e+00	0.000000000000000000e+00	1.138340403454695254e-01	0.000000000000000000e+00
-2.997465000000000146e+04	0.000000000000000000e+00	0.000000000000000000e+00	1.138340403454695254e-01	0.000000000000000000e+00
-2.997461000000000058e+04	0.000000000000000000e+00	0.000000000000000000e+00	1.129184850611896079e-01	0.000000000000000000e+00
-2.997458000000000175e+04	0.000000000000000000e+00	0.000000000000000000e+00	1.116977446821497272e-01	0.000000000000000000e+00
-2.997456000000000131e+04	0.000000000000000000e+00	0.000000000000000000e+00	1.071199682607501397e-01	0.000000000000000000e+00
-2.997454999999999927e+04	0.000000000000000000e+00	0.000000000000000000e+00	1.071199682607501397e-01	0.000000000000000000e+00
-2.997452000000000044e+04	0.000000000000000000e+00	0.000000000000000000e+00	1.025421918393505660e-01	0.000000000000000000e+00
-2.997449000000000160e+04	0.000000000000000000e+00	0.000000000000000000e+00	1.095614490188299150e-01	0.000000000000000000e+00
-2.997447000000000116e+04	0.000000000000000000e+00	0.000000000000000000e+00	1.043733024079104010e-01	0.000000000000000000e+00
-2.997445000000000073e+04	0.000000000000000000e+00	0.000000000000000000e+00	1.037629322183904607e-01	0.000000000000000000e+00
-2.997440999999999985e+04	0.000000000000000000e+00	0.000000000000000000e+00	8.362071596423230335e-02	0.000000000000000000e+00
-2.997436999999999898e+04	0.000000000000000000e+00	0.000000000000000000e+00	9.430219428083132238e-02	0.000000000000000000e+00
-2.997434999999999854e+04	0.000000000000000000e+00	0.000000000000000000e+00	9.918515579699087314e-02	0.000000000000000000e+00
-2.997431999999999971e+04	0.000000000000000000e+00	0.000000000000000000e+00	9.887997070223090990e-02	0.000000000000000000e+00
-2.997429999999999927e+04	0.000000000000000000e+00	0.000000000000000000e+00	1.086458937345500114e-01	0.000000000000000000e+00
-2.997427999999999884e+04	0.000000000000000000e+00	0.000000000000000000e+00	1.116977446821497272e-01	0.000000000000000000e+00
-2.997425999999999840e+04	0.000000000000000000e+00	0.000000000000000000e+00	1.065095980712301993e-01	0.000000000000000000e+00
-2.997424000000000160e+04	0.000000000000000000e+00	0.000000000000000000e+00	1.037629322183904607e-01	0.000000000000000000e+00
-2.997422000000000116e+04	0.000000000000000000e+00	0.000000000000000000e+00	1.040681173131504239e-01	0.000000000000000000e+00
-2.997418999999999869e+04	0.000000000000000000e+00	0.000000000000000000e+00	1.022370067445905889e-01	0.000000000000000000e+00
-2.997415000000000146e+04	0.000000000000000000e+00	0.000000000000000000e+00	1.019318216498306257e-01	0.000000000000000000e+00
-2.997411999999999898e+04	0.000000000000000000e+00	0.000000000000000000e+00	1.116977446821497272e-01	0.000000000000000000e+00
-2.997409999999999854e+04	0.000000000000000000e+00	0.000000000000000000e+00	1.165807061983092779e-01	0.000000000000000000e+00
-2.997408000000000175e+04	0.000000000000000000e+00	0.000000000000000000e+00	1.080355235450300572e-01	0.000000000000000000e+00
-2.997406000000000131e+04	0.000000000000000000e+00	0.000000000000000000e+00	1.071199682607501397e-01	0.000000000000000000e+00
-2.997404000000000087e+04	0.000000000000000000e+00	0.000000000000000000e+00	1.068147831659901764e-01	0.000000000000000000e+00
-2.997400999999999840e+04	0.000000000000000000e+00	0.000000000000000000e+00	1.013214514603106853e-01	0.000000000000000000e+00
-2.997399000000000160e+04	0.000000000000000000e+00	0.000000000000000000e+00	1.025421918393505660e-01	0.000000000000000000e+00
-2.997397000000000116e+04	0.000000000000000000e+00	0.000000000000000000e+00	1.110873744926297868e-01	0.000000000000000000e+00
-2.997393999999999869e+04	0.000000000000000000e+00	0.000000000000000000e+00	1.025421918393505660e-01	0.000000000000000000e+00
-2.997390999999999985e+04	0.000000000000000000e+00	0.000000000000000000e+00	1.010162663655507082e-01	0.000000000000000000e+00
-2.997388000000000102e+04	0.000000000000000000e+00	0.000000000000000000e+00	9.887997070223090990e-02	0.000000000000000000e+00
-2.997386000000000058e+04	0.000000000000000000e+00	0.000000000000000000e+00	9.887997070223090990e-02	0.000000000000000000e+00
-2.997384000000000015e+04	0.000000000000000000e+00	0.000000000000000000e+00	1.043733024079104010e-01	0.000000000000000000e+00
-2.997381000000000131e+04	0.000000000000000000e+00	0.000000000000000000e+00	9.704886013367107489e-02	0.000000000000000000e+00
-2.997379999999999927e+04	0.000000000000000000e+00	0.000000000000000000e+00	9.643848994415113451e-02	0.000000000000000000e+00
-2.997377000000000044e+04	0.000000000000000000e+00	0.000000000000000000e+00	9.949034089175085027e-02	0.000000000000000000e+00
-2.997372000000000116e+04	0.000000000000000000e+00	0.000000000000000000e+00	1.095614490188299150e-01	0.000000000000000000e+00
-2.997368000000000029e+04	0.000000000000000000e+00	0.000000000000000000e+00	1.092562639240699518e-01	0.000000000000000000e+00
-2.997365000000000146e+04	0.000000000000000000e+00	0.000000000000000000e+00	1.052888576921903185e-01	0.000000000000000000e+00
-2.997363000000000102e+04	0.000000000000000000e+00	0.000000000000000000e+00	1.116977446821497272e-01	0.000000000000000000e+00
-2.997359999999999854e+04	0.000000000000000000e+00	0.000000000000000000e+00	1.025421918393505660e-01	0.000000000000000000e+00
-2.997358000000000175e+04	0.000000000000000000e+00	0.000000000000000000e+00	1.040681173131504239e-01	0.000000000000000000e+00
-2.997356999999999971e+04	0.000000000000000000e+00	0.000000000000000000e+00	1.123081148716696676e-01	0.000000000000000000e+00
-2.997354999999999927e+04	0.000000000000000000e+00	0.000000000000000000e+00	1.110873744926297868e-01	0.000000000000000000e+00
-2.997352999999999884e+04	0.000000000000000000e+00	0.000000000000000000e+00	8.972441785943174875e-02	0.000000000000000000e+00
-2.997350999999999840e+04	0.000000000000000000e+00	0.000000000000000000e+00	1.086458937345500114e-01	0.000000000000000000e+00
-2.997350000000000000e+04	0.000000000000000000e+00	0.000000000000000000e+00	9.887997070223090990e-02	0.000000000000000000e+00
-2.997347000000000116e+04	0.000000000000000000e+00	0.000000000000000000e+00	1.013214514603106853e-01	0.000000000000000000e+00
-2.997343999999999869e+04	0.000000000000000000e+00	0.000000000000000000e+00	9.765923032319101527e-02	0.000000000000000000e+00
-2.997340999999999985e+04	0.000000000000000000e+00	0.000000000000000000e+00	1.022370067445905889e-01	0.000000000000000000e+00
-2.997338999999999942e+04	0.000000000000000000e+00	0.000000000000000000e+00	9.826960051271095564e-02	0.000000000000000000e+00
-2.997336000000000058e+04	0.000000000000000000e+00	0.000000000000000000e+00	9.552293465987121701e-02	0.000000000000000000e+00
-2.997334000000000015e+04	0.000000000000000000e+00	0.000000000000000000e+00	9.613330484939115739e-02	0.000000000000000000e+00
-2.997331999999999971e+04	0.000000000000000000e+00	0.000000000000000000e+00	9.765923032319101527e-02	0.000000000000000000e+00
-2.997331000000000131e+04	0.000000000000000000e+00	0.000000000000000000e+00	9.369182409131138201e-02	0.000000000000000000e+00
-2.997327000000000044e+04	0.000000000000000000e+00	0.000000000000000000e+00	8.911404766991180837e-02	0.000000000000000000e+00
-2.997325000000000000e+04	0.000000000000000000e+00	0.000000000000000000e+00	9.613330484939115739e-02	0.000000000000000000e+00
-2.997322000000000116e+04	0.000000000000000000e+00	0.000000000000000000e+00	9.887997070223090990e-02	0.000000000000000000e+00
-2.997318000000000029e+04	0.000000000000000000e+00	0.000000000000000000e+00	9.430219428083132238e-02	0.000000000000000000e+00
-2.997315000000000146e+04	0.000000000000000000e+00	0.000000000000000000e+00	9.735404522843103814e-02	0.000000000000000000e+00
-2.997313999999999942e+04	0.000000000000000000e+00	0.000000000000000000e+00	9.063997314371166625e-02	0.000000000000000000e+00
-2.997311999999999898e+04	0.000000000000000000e+00	0.000000000000000000e+00	1.232947782830286637e-01	0.000000000000000000e+00
-2.997309999999999854e+04	0.000000000000000000e+00	0.000000000000000000e+00	9.979552598651081352e-02	0.000000000000000000e+00
-2.997306999999999971e+04	0.000000000000000000e+00	0.000000000000000000e+00	9.430219428083132238e-02	0.000000000000000000e+00
-2.997304000000000087e+04	0.000000000000000000e+00	0.000000000000000000e+00	9.308145390179144163e-02	0.000000000000000000e+00
-2.997302000000000044e+04	0.000000000000000000e+00	0.000000000000000000e+00	9.918515579699087314e-02	0.000000000000000000e+00
-2.997300999999999840e+04	0.000000000000000000e+00	0.000000000000000000e+00	9.826960051271095564e-02	0.000000000000000000e+00
-2.997297999999999956e+04	0.000000000000000000e+00	0.000000000000000000e+00	1.013214514603106853e-01	0.000000000000000000e+00
-2.997295999999999913e+04	0.000000000000000000e+00	0.000000000000000000e+00	9.674367503891109776e-02	0.000000000000000000e+00
-2.997293000000000029e+04	0.000000000000000000e+00	0.000000000000000000e+00	9.765923032319101527e-02	0.000000000000000000e+00
-2.997290000000000146e+04	0.000000000000000000e+00	0.000000000000000000e+00	9.277626880703146450e-02	0.000000000000000000e+00
-2.997288000000000102e+04	0.000000000000000000e+00	0.000000000000000000e+00	9.033478804895168912e-02	0.000000000000000000e+00
-2.997286000000000058e+04	0.000000000000000000e+00	0.000000000000000000e+00	9.033478804895168912e-02	0.000000000000000000e+00
-2.997284000000000015e+04	0.000000000000000000e+00	0.000000000000000000e+00	9.216589861751152413e-02	0.000000000000000000e+00
-2.997283000000000175e+04	0.000000000000000000e+00	0.000000000000000000e+00	8.728293710135197336e-02	0.000000000000000000e+00
-2.997279999999999927e+04	0.000000000000000000e+00	0.000000000000000000e+00	9.308145390179144163e-02	0.000000000000000000e+00
-2.997277999999999884e+04	0.000000000000000000e+00	0.000000000000000000e+00	8.972441785943174875e-02	0.000000000000000000e+00
-2.997275999999999840e+04	0.000000000000000000e+00	0.000000000000000000e+00	8.911404766991180837e-02	0.000000000000000000e+00
-2.997275000000000000e+04	0.000000000000000000e+00	0.000000000000000000e+00	9.369182409131138201e-02	0.000000000000000000e+00
-2.997272999999999956e+04	0.000000000000000000e+00	0.000000000000000000e+00	8.606219672231207873e-02	0.000000000000000000e+00
-2.997272000000000116e+04	0.000000000000000000e+00	0.000000000000000000e+00	8.789330729087191374e-02	0.000000000000000000e+00
-2.997268999999999869e+04	0.000000000000000000e+00	0.000000000000000000e+00	9.247108371227148738e-02	0.000000000000000000e+00
-2.997266999999999825e+04	0.000000000000000000e+00	0.000000000000000000e+00	1.019318216498306257e-01	0.000000000000000000e+00
-2.997263999999999942e+04	0.000000000000000000e+00	0.000000000000000000e+00	9.491256447035126276e-02	0.000000000000000000e+00
-2.997261999999999898e+04	0.000000000000000000e+00	0.000000000000000000e+00	1.001007110812707906e-01	0.000000000000000000e+00
-2.997259999999999854e+04	0.000000000000000000e+00	0.000000000000000000e+00	9.491256447035126276e-02	0.000000000000000000e+00
-2.997256999999999971e+04	0.000000000000000000e+00	0.000000000000000000e+00	8.362071596423230335e-02	0.000000000000000000e+00
-2.997252999999999884e+04	0.000000000000000000e+00	0.000000000000000000e+00	8.758812219611193661e-02	0.000000000000000000e+00
-2.997250000000000000e+04	0.000000000000000000e+00	0.000000000000000000e+00	8.667256691183203299e-02	0.000000000000000000e+00
-2.997247999999999956e+04	0.000000000000000000e+00	0.000000000000000000e+00	8.270516067995238585e-02	0.000000000000000000e+00
-2.997245999999999913e+04	0.000000000000000000e+00	0.000000000000000000e+00	8.850367748039185412e-02	0.000000000000000000e+00
-2.997243000000000029e+04	0.000000000000000000e+00	0.000000000000000000e+00	8.728293710135197336e-02	0.000000000000000000e+00
-2.997240000000000146e+04	0.000000000000000000e+00	0.000000000000000000e+00	9.033478804895168912e-02	0.000000000000000000e+00
-2.997238000000000102e+04	0.000000000000000000e+00	0.000000000000000000e+00	8.758812219611193661e-02	0.000000000000000000e+00
-2.997236000000000058e+04	0.000000000000000000e+00	0.000000000000000000e+00	8.850367748039185412e-02	0.000000000000000000e+00
-2.997234000000000015e+04	0.000000000000000000e+00	0.000000000000000000e+00	8.514664143803216123e-02	0.000000000000000000e+00
-2.997231000000000131e+04	0.000000000000000000e+00	0.000000000000000000e+00	1.001007110812707906e-01	0.000000000000000000e+00
-2.997227999999999884e+04	0.000000000000000000e+00	0.000000000000000000e+00	9.216589861751152413e-02	0.000000000000000000e+00
-2.997225000000000000e+04	0.000000000000000000e+00	0.000000000000000000e+00	8.728293710135197336e-02	0.000000000000000000e+00
-2.997222000000000116e+04	0.000000000000000000e+00	0.000000000000000000e+00	8.362071596423230335e-02	0.000000000000000000e+00
-2.997218999999999869e+04	0.000000000000000000e+00	0.000000000000000000e+00	8.301034577471236298e-02	0.000000000000000000e+00
-2.997216999999999825e+04	0.000000000000000000e+00	0.000000000000000000e+00	9.155552842799158375e-02	0.000000000000000000e+00
-2.997215000000000146e+04	0.000000000000000000e+00	0.000000000000000000e+00	8.758812219611193661e-02	0.000000000000000000e+00
-2.997213000000000102e+04	0.000000000000000000e+00	0.000000000000000000e+00	9.949034089175085027e-02	0.000000000000000000e+00
-2.997209999999999854e+04	0.000000000000000000e+00	0.000000000000000000e+00	8.758812219611193661e-02	0.000000000000000000e+00
-2.997208000000000175e+04	0.000000000000000000e+00	0.000000000000000000e+00	8.941923276467177162e-02	0.000000000000000000e+00
-2.997204999999999927e+04	0.000000000000000000e+00	0.000000000000000000e+00	9.033478804895168912e-02	0.000000000000000000e+00
-2.997202999999999884e+04	0.000000000000000000e+00	0.000000000000000000e+00	8.697775200659199624e-02	0.000000000000000000e+00
-2.997200000000000000e+04	0.000000000000000000e+00	0.000000000000000000e+00	8.209479049043244547e-02	0.000000000000000000e+00
-2.997197999999999956e+04	0.000000000000000000e+00	0.000000000000000000e+00	9.125034333323160662e-02	0.000000000000000000e+00
-2.997195999999999913e+04	0.000000000000000000e+00	0.000000000000000000e+00	8.239997558519242260e-02	0.000000000000000000e+00
-2.997193999999999869e+04	0.000000000000000000e+00	0.000000000000000000e+00	8.941923276467177162e-02	0.000000000000000000e+00
-2.997193000000000029e+04	0.000000000000000000e+00	0.000000000000000000e+00	9.002960295419171199e-02	0.000000000000000000e+00
-2.997190000000000146e+04	0.000000000000000000e+00	0.000000000000000000e+00	8.362071596423230335e-02	0.000000000000000000e+00
-2.997188999999999942e+04	0.000000000000000000e+00	0.000000000000000000e+00	7.751701406903287184e-02	0.000000000000000000e+00
-2.997186999999999898e+04	0.000000000000000000e+00	0.000000000000000000e+00	8.209479049043244547e-02	0.000000000000000000e+00
-2.997184999999999854e+04	0.000000000000000000e+00	0.000000000000000000e+00	8.789330729087191374e-02	0.000000000000000000e+00
-2.997183000000000175e+04	0.000000000000000000e+00	0.000000000000000000e+00	8.667256691183203299e-02	0.000000000000000000e+00
-2.997179999999999927e+04	0.000000000000000000e+00	0.000000000000000000e+00	8.484145634327219798e-02	0.000000000000000000e+00
-2.997177000000000044e+04	0.000000000000000000e+00	0.000000000000000000e+00	8.209479049043244547e-02	0.000000000000000000e+00
-2.997175999999999840e+04	0.000000000000000000e+00	0.000000000000000000e+00	8.209479049043244547e-02	0.000000000000000000e+00
-2.997172999999999956e+04	0.000000000000000000e+00	0.000000000000000000e+00	8.117923520615252797e-02	0.000000000000000000e+00
-2.997170000000000073e+04	0.000000000000000000e+00	0.000000000000000000e+00	8.026367992187261047e-02	0.000000000000000000e+00
-2.997166999999999825e+04	0.000000000000000000e+00	0.000000000000000000e+00	8.789330729087191374e-02	0.000000000000000000e+00
-2.997163999999999942e+04	0.000000000000000000e+00	0.000000000000000000e+00	9.613330484939115739e-02	0.000000000000000000e+00
-2.997159999999999854e+04	0.000000000000000000e+00	0.000000000000000000e+00	9.430219428083132238e-02	0.000000000000000000e+00
-2.997158000000000175e+04	0.000000000000000000e+00	0.000000000000000000e+00	9.613330484939115739e-02	0.000000000000000000e+00
-2.997154999999999927e+04	0.000000000000000000e+00	0.000000000000000000e+00	8.911404766991180837e-02	0.000000000000000000e+00
-2.997150999999999840e+04	0.000000000000000000e+00	0.000000000000000000e+00	8.117923520615252797e-02	0.000000000000000000e+00
-2.997147999999999956e+04	0.000000000000000000e+00	0.000000000000000000e+00	8.728293710135197336e-02	0.000000000000000000e+00
-2.997145999999999913e+04	0.000000000000000000e+00	0.000000000000000000e+00	8.575701162755211548e-02	0.000000000000000000e+00
-2.997143999999999869e+04	0.000000000000000000e+00	0.000000000000000000e+00	8.911404766991180837e-02	0.000000000000000000e+00
-2.997143000000000029e+04	0.000000000000000000e+00	0.000000000000000000e+00	8.667256691183203299e-02	0.000000000000000000e+00
-2.997140000000000146e+04	0.000000000000000000e+00	0.000000000000000000e+00	8.362071596423230335e-02	0.000000000000000000e+00
-2.997136999999999898e+04	0.000000000000000000e+00	0.000000000000000000e+00	7.629627368999297721e-02	0.000000000000000000e+00
-2.997133000000000175e+04	0.000000000000000000e+00	0.000000000000000000e+00	7.507553331095309646e-02	0.000000000000000000e+00
-2.997129999999999927e+04	0.000000000000000000e+00	0.000000000000000000e+00	7.446516312143315608e-02	0.000000000000000000e+00
-2.997127999999999884e+04	0.000000000000000000e+00	0.000000000000000000e+00	7.415997802667317895e-02	0.000000000000000000e+00
-2.997125999999999840e+04	0.000000000000000000e+00	0.000000000000000000e+00	7.843256935331278934e-02	0.000000000000000000e+00
-2.997124000000000160e+04	0.000000000000000000e+00	0.000000000000000000e+00	7.446516312143315608e-02	0.000000000000000000e+00
-2.997120999999999913e+04	0.000000000000000000e+00	0.000000000000000000e+00	7.721182897427289471e-02	0.000000000000000000e+00
-2.997118000000000029e+04	0.000000000000000000e+00	0.000000000000000000e+00	8.362071596423230335e-02	0.000000000000000000e+00
-2.997115000000000146e+04	0.000000000000000000e+00	0.000000000000000000e+00	7.080294198431348607e-02	0.000000000000000000e+00
-2.997111999999999898e+04	0.000000000000000000e+00	0.000000000000000000e+00	8.239997558519242260e-02	0.000000000000000000e+00
-2.997109000000000015e+04	0.000000000000000000e+00	0.000000000000000000e+00	7.721182897427289471e-02	0.000000000000000000e+00
-2.997106000000000131e+04	0.000000000000000000e+00	0.000000000000000000e+00	7.629627368999297721e-02	0.000000000000000000e+00
-2.997104000000000087e+04	0.000000000000000000e+00	0.000000000000000000e+00	7.721182897427289471e-02	0.000000000000000000e+00
-2.997100999999999840e+04	0.000000000000000000e+00	0.000000000000000000e+00	8.362071596423230335e-02	0.000000000000000000e+00
-2.997100000000000000e+04	0.000000000000000000e+00	0.000000000000000000e+00	6.225775933103427223e-02	0.000000000000000000e+00
-2.997097999999999956e+04	0.000000000000000000e+00	0.000000000000000000e+00	7.080294198431348607e-02	0.000000000000000000e+00
-2.997093999999999869e+04	0.000000000000000000e+00	0.000000000000000000e+00	7.538071840571305970e-02	0.000000000000000000e+00
-2.997090999999999985e+04	0.000000000000000000e+00	0.000000000000000000e+00	7.812738425855281221e-02	0.000000000000000000e+00
-2.997088999999999942e+04	0.000000000000000000e+00	0.000000000000000000e+00	7.324442274239326145e-02	0.000000000000000000e+00
-2.997084999999999854e+04	0.000000000000000000e+00	0.000000000000000000e+00	7.629627368999297721e-02	0.000000000000000000e+00
-2.997081999999999971e+04	0.000000000000000000e+00	0.000000000000000000e+00	7.293923764763328432e-02	0.000000000000000000e+00
-2.997079999999999927e+04	0.000000000000000000e+00	0.000000000000000000e+00	7.080294198431348607e-02	0.000000000000000000e+00
-2.997079000000000087e+04	0.000000000000000000e+00	0.000000000000000000e+00	7.202368236335338070e-02	0.000000000000000000e+00
-2.997075999999999840e+04	0.000000000000000000e+00	0.000000000000000000e+00	6.866664632099368781e-02	0.000000000000000000e+00
-2.997072000000000116e+04	0.000000000000000000e+00	0.000000000000000000e+00	7.660145878475295433e-02	0.000000000000000000e+00
-2.997068999999999869e+04	0.000000000000000000e+00	0.000000000000000000e+00	7.354960783715323858e-02	0.000000000000000000e+00
-2.997066999999999825e+04	0.000000000000000000e+00	0.000000000000000000e+00	7.293923764763328432e-02	0.000000000000000000e+00
-2.997063999999999942e+04	0.000000000000000000e+00	0.000000000000000000e+00	7.995849482711264722e-02	0.000000000000000000e+00
-2.997061999999999898e+04	0.000000000000000000e+00	0.000000000000000000e+00	7.446516312143315608e-02	0.000000000000000000e+00
-2.997059999999999854e+04	0.000000000000000000e+00	0.000000000000000000e+00	8.117923520615252797e-02	0.000000000000000000e+00
-2.997058000000000175e+04	0.000000000000000000e+00	0.000000000000000000e+00	6.744590594195379318e-02	0.000000000000000000e+00
-2.997054999999999927e+04	0.000000000000000000e+00	0.000000000000000000e+00	6.897183141575365106e-02	0.000000000000000000e+00
-2.997050999999999840e+04	0.000000000000000000e+00	0.000000000000000000e+00	7.415997802667317895e-02	0.000000000000000000e+00
-2.997047999999999956e+04	0.000000000000000000e+00	0.000000000000000000e+00	7.080294198431348607e-02	0.000000000000000000e+00
-2.997045999999999913e+04	0.000000000000000000e+00	0.000000000000000000e+00	7.324442274239326145e-02	0.000000000000000000e+00
-2.997043999999999869e+04	0.000000000000000000e+00	0.000000000000000000e+00	8.056886501663258759e-02	0.000000000000000000e+00
-2.997041999999999825e+04	0.000000000000000000e+00	0.000000000000000000e+00	7.995849482711264722e-02	0.000000000000000000e+00
-2.997038999999999942e+04	0.000000000000000000e+00	0.000000000000000000e+00	7.263405255287332107e-02	0.000000000000000000e+00
-2.997034999999999854e+04	0.000000000000000000e+00	0.000000000000000000e+00	7.080294198431348607e-02	0.000000000000000000e+00
-2.997031999999999971e+04	0.000000000000000000e+00	0.000000000000000000e+00	7.354960783715323858e-02	0.000000000000000000e+00
-2.997029000000000087e+04	0.000000000000000000e+00	0.000000000000000000e+00	6.653035065767387568e-02	0.000000000000000000e+00
-2.997027000000000044e+04	0.000000000000000000e+00	0.000000000000000000e+00	6.866664632099368781e-02	0.000000000000000000e+00
-2.997025000000000000e+04	0.000000000000000000e+00	0.000000000000000000e+00	6.683553575243385281e-02	0.000000000000000000e+00
-2.997022999999999956e+04	0.000000000000000000e+00	0.000000000000000000e+00	6.958220160527360532e-02	0.000000000000000000e+00
-2.997020000000000073e+04	0.000000000000000000e+00	0.000000000000000000e+00	6.866664632099368781e-02	0.000000000000000000e+00
-2.997016999999999825e+04	0.000000000000000000e+00	0.000000000000000000e+00	6.561479537339395818e-02	0.000000000000000000e+00
-2.997013999999999942e+04	0.000000000000000000e+00	0.000000000000000000e+00	7.782219916379283509e-02	0.000000000000000000e+00
-2.997009999999999854e+04	0.000000000000000000e+00	0.000000000000000000e+00	6.378368480483413705e-02	0.000000000000000000e+00
-2.997008000000000175e+04	0.000000000000000000e+00	0.000000000000000000e+00	6.805627613147373356e-02	0.000000000000000000e+00
-2.997004999999999927e+04	0.000000000000000000e+00	0.000000000000000000e+00	6.347849971007415992e-02	0.000000000000000000e+00
-2.997000999999999840e+04	0.000000000000000000e+00	0.000000000000000000e+00	6.469924008911405455e-02	0.000000000000000000e+00
-2.996997000000000116e+04	0.000000000000000000e+00	0.000000000000000000e+00	6.378368480483413705e-02	0.000000000000000000e+00
-2.996993000000000029e+04	0.000000000000000000e+00	0.000000000000000000e+00	6.256294442579424242e-02	0.000000000000000000e+00
-2.996990000000000146e+04	0.000000000000000000e+00	0.000000000000000000e+00	6.103701895199438454e-02	0.000000000000000000e+00
-2.996986999999999898e+04	0.000000000000000000e+00	0.000000000000000000e+00	7.324442274239326145e-02	0.000000000000000000e+00
-2.996984999999999854e+04	0.000000000000000000e+00	0.000000000000000000e+00	6.805627613147373356e-02	0.000000000000000000e+00
-2.996981999999999971e+04	0.000000000000000000e+00	0.000000000000000000e+00	6.500442518387401780e-02	0.000000000000000000e+00
-2.996977999999999884e+04	0.000000000000000000e+00	0.000000000000000000e+00	6.225775933103427223e-02	0.000000000000000000e+00
-2.996975999999999840e+04	0.000000000000000000e+00	0.000000000000000000e+00	6.836146122623371069e-02	0.000000000000000000e+00
-2.996974000000000160e+04	0.000000000000000000e+00	0.000000000000000000e+00	6.653035065767387568e-02	0.000000000000000000e+00
-2.996970999999999913e+04	0.000000000000000000e+00	0.000000000000000000e+00	6.256294442579424242e-02	0.000000000000000000e+00
-2.996968000000000029e+04	0.000000000000000000e+00	0.000000000000000000e+00	6.469924008911405455e-02	0.000000000000000000e+00
-2.996965000000000146e+04	0.000000000000000000e+00	0.000000000000000000e+00	6.958220160527360532e-02	0.000000000000000000e+00
-2.996961999999999898e+04	0.000000000000000000e+00	0.000000000000000000e+00	7.171849726859340357e-02	0.000000000000000000e+00
-2.996959999999999854e+04	0.000000000000000000e+00	0.000000000000000000e+00	6.408886989959410030e-02	0.000000000000000000e+00
-2.996958000000000175e+04	0.000000000000000000e+00	0.000000000000000000e+00	6.439405499435407743e-02	0.000000000000000000e+00
-2.996954999999999927e+04	0.000000000000000000e+00	0.000000000000000000e+00	6.347849971007415992e-02	0.000000000000000000e+00
-2.996952000000000044e+04	0.000000000000000000e+00	0.000000000000000000e+00	6.683553575243385281e-02	0.000000000000000000e+00
-2.996950000000000000e+04	0.000000000000000000e+00	0.000000000000000000e+00	5.951109347819452666e-02	0.000000000000000000e+00
-2.996947000000000116e+04	0.000000000000000000e+00	0.000000000000000000e+00	5.981627857295449685e-02	0.000000000000000000e+00
-2.996943000000000029e+04	0.000000000000000000e+00	0.000000000000000000e+00	6.469924008911405455e-02	0.000000000000000000e+00
-2.996938999999999942e+04	0.000000000000000000e+00	0.000000000000000000e+00	6.317331461531418280e-02	0.000000000000000000e+00
-2.996934000000000015e+04	0.000000000000000000e+00	0.000000000000000000e+00	6.103701895199438454e-02	0.000000000000000000e+00
-2.996929999999999927e+04	0.000000000000000000e+00	0.000000000000000000e+00	6.408886989959410030e-02	0.000000000000000000e+00
-2.996925999999999840e+04	0.000000000000000000e+00	0.000000000000000000e+00	6.317331461531418280e-02	0.000000000000000000e+00
-2.996922999999999956e+04	0.000000000000000000e+00	0.000000000000000000e+00	6.469924008911405455e-02	0.000000000000000000e+00
-2.996920999999999913e+04	0.000000000000000000e+00	0.000000000000000000e+00	6.622516556291391243e-02	0.000000000000000000e+00
-2.996918000000000029e+04	0.000000000000000000e+00	0.000000000000000000e+00	6.042664876247444417e-02	0.000000000000000000e+00
-2.996913999999999942e+04	0.000000000000000000e+00	0.000000000000000000e+00	6.897183141575365106e-02	0.000000000000000000e+00
-2.996911000000000058e+04	0.000000000000000000e+00	0.000000000000000000e+00	6.561479537339395818e-02	0.000000000000000000e+00
-2.996909999999999854e+04	0.000000000000000000e+00	0.000000000000000000e+00	6.683553575243385281e-02	0.000000000000000000e+00
-2.996908000000000175e+04	0.000000000000000000e+00	0.000000000000000000e+00	5.859553819391460916e-02	0.000000000000000000e+00
-2.996904999999999927e+04	0.000000000000000000e+00	0.000000000000000000e+00	6.225775933103427223e-02	0.000000000000000000e+00
-2.996902000000000044e+04	0.000000000000000000e+00	0.000000000000000000e+00	6.561479537339395818e-02	0.000000000000000000e+00
-2.996900999999999840e+04	0.000000000000000000e+00	0.000000000000000000e+00	4.638813440351573225e-02	0.000000000000000000e+00
-2.996899000000000160e+04	0.000000000000000000e+00	0.000000000000000000e+00	5.493331705679494609e-02	0.000000000000000000e+00
-2.996895999999999913e+04	0.000000000000000000e+00	0.000000000000000000e+00	5.951109347819452666e-02	0.000000000000000000e+00
-2.996893999999999869e+04	0.000000000000000000e+00	0.000000000000000000e+00	6.439405499435407743e-02	0.000000000000000000e+00
-2.996891999999999825e+04	0.000000000000000000e+00	0.000000000000000000e+00	7.049775688955350894e-02	0.000000000000000000e+00
-2.996890999999999985e+04	0.000000000000000000e+00	0.000000000000000000e+00	5.493331705679494609e-02	0.000000000000000000e+00
-2.996888999999999942e+04	0.000000000000000000e+00	0.000000000000000000e+00	5.951109347819452666e-02	0.000000000000000000e+00
-2.996884999999999854e+04	0.000000000000000000e+00	0.000000000000000000e+00	6.195257423627430204e-02	0.000000000000000000e+00
-2.996881999999999971e+04	0.000000000000000000e+00	0.000000000000000000e+00	5.981627857295449685e-02	0.000000000000000000e+00
-2.996879999999999927e+04	0.000000000000000000e+00	0.000000000000000000e+00	6.225775933103427223e-02	0.000000000000000000e+00
-2.996879000000000087e+04	0.000000000000000000e+00	0.000000000000000000e+00	6.347849971007415992e-02	0.000000000000000000e+00
-2.996877000000000044e+04	0.000000000000000000e+00	0.000000000000000000e+00	5.981627857295449685e-02	0.000000000000000000e+00
-2.996875999999999840e+04	0.000000000000000000e+00	0.000000000000000000e+00	6.408886989959410030e-02	0.000000000000000000e+00
-2.996874000000000160e+04	0.000000000000000000e+00	0.000000000000000000e+00	5.981627857295449685e-02	0.000000000000000000e+00
-2.996870000000000073e+04	0.000000000000000000e+00	0.000000000000000000e+00	5.981627857295449685e-02	0.000000000000000000e+00
-2.996866999999999825e+04	0.000000000000000000e+00	0.000000000000000000e+00	7.446516312143315608e-02	0.000000000000000000e+00
-2.996865000000000146e+04	0.000000000000000000e+00	0.000000000000000000e+00	5.951109347819452666e-02	0.000000000000000000e+00
-2.996863000000000102e+04	0.000000000000000000e+00	0.000000000000000000e+00	7.721182897427289471e-02	0.000000000000000000e+00
-2.996861000000000058e+04	0.000000000000000000e+00	0.000000000000000000e+00	6.500442518387401780e-02	0.000000000000000000e+00
-2.996859999999999854e+04	0.000000000000000000e+00	0.000000000000000000e+00	5.096591082491531283e-02	0.000000000000000000e+00
-2.996856999999999971e+04	0.000000000000000000e+00	0.000000000000000000e+00	6.408886989959410030e-02	0.000000000000000000e+00
-2.996854999999999927e+04	0.000000000000000000e+00	0.000000000000000000e+00	6.134220404675435473e-02	0.000000000000000000e+00
-2.996852999999999884e+04	0.000000000000000000e+00	0.000000000000000000e+00	6.683553575243385281e-02	0.000000000000000000e+00
-2.996850999999999840e+04	0.000000000000000000e+00	0.000000000000000000e+00	6.408886989959410030e-02	0.000000000000000000e+00
-2.996850000000000000e+04	0.000000000000000000e+00	0.000000000000000000e+00	5.615405743583483378e-02	0.000000000000000000e+00
-2.996847000000000116e+04	0.000000000000000000e+00	0.000000000000000000e+00	5.523850215155491628e-02	0.000000000000000000e+00
-2.996843000000000029e+04	0.000000000000000000e+00	0.000000000000000000e+00	5.798516800439466878e-02	0.000000000000000000e+00
-2.996840000000000146e+04	0.000000000000000000e+00	0.000000000000000000e+00	6.378368480483413705e-02	0.000000000000000000e+00
-2.996838000000000102e+04	0.000000000000000000e+00	0.000000000000000000e+00	6.866664632099368781e-02	0.000000000000000000e+00
-2.996836999999999898e+04	0.000000000000000000e+00	0.000000000000000000e+00	5.951109347819452666e-02	0.000000000000000000e+00
-2.996834999999999854e+04	0.000000000000000000e+00	0.000000000000000000e+00	5.340739158299508821e-02	0.000000000000000000e+00
-2.996831999999999971e+04	0.000000000000000000e+00	0.000000000000000000e+00	5.676442762535478109e-02	0.000000000000000000e+00
-2.996829999999999927e+04	0.000000000000000000e+00	0.000000000000000000e+00	5.859553819391460916e-02	0.000000000000000000e+00
-2.996827999999999884e+04	0.000000000000000000e+00	0.000000000000000000e+00	5.157628101443525320e-02	0.000000000000000000e+00
-2.996825999999999840e+04	0.000000000000000000e+00	0.000000000000000000e+00	5.188146610919523033e-02	0.000000000000000000e+00
-2.996824000000000160e+04	0.000000000000000000e+00	0.000000000000000000e+00	6.164738914151433186e-02	0.000000000000000000e+00
-2.996822000000000116e+04	0.000000000000000000e+00	0.000000000000000000e+00	6.500442518387401780e-02	0.000000000000000000e+00
-2.996818999999999869e+04	0.000000000000000000e+00	0.000000000000000000e+00	6.469924008911405455e-02	0.000000000000000000e+00
-2.996816999999999825e+04	0.000000000000000000e+00	0.000000000000000000e+00	6.134220404675435473e-02	0.000000000000000000e+00
-2.996815000000000146e+04	0.000000000000000000e+00	0.000000000000000000e+00	5.493331705679494609e-02	0.000000000000000000e+00
-2.996813000000000102e+04	0.000000000000000000e+00	0.000000000000000000e+00	5.951109347819452666e-02	0.000000000000000000e+00
-2.996811000000000058e+04	0.000000000000000000e+00	0.000000000000000000e+00	5.401776177251502858e-02	0.000000000000000000e+00
-2.996808000000000175e+04	0.000000000000000000e+00	0.000000000000000000e+00	5.493331705679494609e-02	0.000000000000000000e+00
-2.996806000000000131e+04	0.000000000000000000e+00	0.000000000000000000e+00	5.340739158299508821e-02	0.000000000000000000e+00
-2.996804000000000087e+04	0.000000000000000000e+00	0.000000000000000000e+00	5.279702139347514089e-02	0.000000000000000000e+00
-2.996802000000000044e+04	0.000000000000000000e+00	0.000000000000000000e+00	5.798516800439466878e-02	0.000000000000000000e+00
-2.996799000000000160e+04	0.000000000000000000e+00	0.000000000000000000e+00	5.066072573015534264e-02	0.000000000000000000e+00
-2.996795999999999913e+04	0.000000000000000000e+00	0.000000000000000000e+00	4.821924497207556726e-02	0.000000000000000000e+00
-2.996793999999999869e+04	0.000000000000000000e+00	0.000000000000000000e+00	4.821924497207556726e-02	0.000000000000000000e+00
-2.996790999999999985e+04	0.000000000000000000e+00	0.000000000000000000e+00	6.012146366771446704e-02	0.000000000000000000e+00
-2.996786999999999898e+04	0.000000000000000000e+00	0.000000000000000000e+00	5.676442762535478109e-02	0.000000000000000000e+00
-2.996784999999999854e+04	0.000000000000000000e+00	0.000000000000000000e+00	4.974517044587542514e-02	0.000000000000000000e+00
-2.996784000000000015e+04	0.000000000000000000e+00	0.000000000000000000e+00	5.737479781487472147e-02	0.000000000000000000e+00
-2.996781999999999971e+04	0.000000000000000000e+00	0.000000000000000000e+00	6.683553575243385281e-02	0.000000000000000000e+00
-2.996779999999999927e+04	0.000000000000000000e+00	0.000000000000000000e+00	6.378368480483413705e-02	0.000000000000000000e+00
-2.996777000000000044e+04	0.000000000000000000e+00	0.000000000000000000e+00	6.134220404675435473e-02	0.000000000000000000e+00
-2.996775000000000000e+04	0.000000000000000000e+00	0.000000000000000000e+00	5.218665120395520052e-02	0.000000000000000000e+00
-2.996772000000000116e+04	0.000000000000000000e+00	0.000000000000000000e+00	6.439405499435407743e-02	0.000000000000000000e+00
-2.996770000000000073e+04	0.000000000000000000e+00	0.000000000000000000e+00	6.225775933103427223e-02	0.000000000000000000e+00
-2.996768000000000029e+04	0.000000000000000000e+00	0.000000000000000000e+00	5.066072573015534264e-02	0.000000000000000000e+00
-2.996765999999999985e+04	0.000000000000000000e+00	0.000000000000000000e+00	5.401776177251502858e-02	0.000000000000000000e+00
-2.996763999999999942e+04	0.000000000000000000e+00	0.000000000000000000e+00	5.005035554063539532e-02	0.000000000000000000e+00
-2.996761999999999898e+04	0.000000000000000000e+00	0.000000000000000000e+00	5.218665120395520052e-02	0.000000000000000000e+00
-2.996759999999999854e+04	0.000000000000000000e+00	0.000000000000000000e+00	4.699850459303567957e-02	0.000000000000000000e+00
-2.996758000000000175e+04	0.000000000000000000e+00	0.000000000000000000e+00	4.211554307687612880e-02	0.000000000000000000e+00
-2.996756999999999971e+04	0.000000000000000000e+00	0.000000000000000000e+00	5.432294686727500571e-02	0.000000000000000000e+00
-2.996756000000000131e+04	0.000000000000000000e+00	0.000000000000000000e+00	4.638813440351573225e-02	0.000000000000000000e+00
-2.996754000000000087e+04	0.000000000000000000e+00	0.000000000000000000e+00	4.547257911923581475e-02	0.000000000000000000e+00
-2.996752999999999884e+04	0.000000000000000000e+00	0.000000000000000000e+00	5.493331705679494609e-02	0.000000000000000000e+00
-2.996750999999999840e+04	0.000000000000000000e+00	0.000000000000000000e+00	3.509628589739677285e-02	0.000000000000000000e+00
-2.996747000000000116e+04	0.000000000000000000e+00	0.000000000000000000e+00	4.119998779259621130e-02	0.000000000000000000e+00
-2.996743999999999869e+04	0.000000000000000000e+00	0.000000000000000000e+00	5.035554063539536551e-02	0.000000000000000000e+00
-2.996743000000000029e+04	0.000000000000000000e+00	0.000000000000000000e+00	4.638813440351573225e-02	0.000000000000000000e+00
-2.996740999999999985e+04	0.000000000000000000e+00	0.000000000000000000e+00	5.523850215155491628e-02	0.000000000000000000e+00
-2.996738000000000102e+04	0.000000000000000000e+00	0.000000000000000000e+00	4.364146855067598668e-02	0.000000000000000000e+00
-2.996736000000000058e+04	0.000000000000000000e+00	0.000000000000000000e+00	5.676442762535478109e-02	0.000000000000000000e+00
-2.996734000000000015e+04	0.000000000000000000e+00	0.000000000000000000e+00	5.554368724631489340e-02	0.000000000000000000e+00
-2.996729999999999927e+04	0.000000000000000000e+00	0.000000000000000000e+00	5.066072573015534264e-02	0.000000000000000000e+00
-2.996727999999999884e+04	0.000000000000000000e+00	0.000000000000000000e+00	4.943998535111545495e-02	0.000000000000000000e+00
-2.996725000000000000e+04	0.000000000000000000e+00	0.000000000000000000e+00	5.493331705679494609e-02	0.000000000000000000e+00
-2.996724000000000160e+04	0.000000000000000000e+00	0.000000000000000000e+00	4.760887478255561994e-02	0.000000000000000000e+00
-2.996722000000000116e+04	0.000000000000000000e+00	0.000000000000000000e+00	4.608294930875576206e-02	0.000000000000000000e+00
-2.996720000000000073e+04	0.000000000000000000e+00	0.000000000000000000e+00	5.157628101443525320e-02	0.000000000000000000e+00
-2.996718000000000029e+04	0.000000000000000000e+00	0.000000000000000000e+00	5.310220648823511802e-02	0.000000000000000000e+00
-2.996716999999999825e+04	0.000000000000000000e+00	0.000000000000000000e+00	5.005035554063539532e-02	0.000000000000000000e+00
-2.996715000000000146e+04	0.000000000000000000e+00	0.000000000000000000e+00	5.554368724631489340e-02	0.000000000000000000e+00
-2.996713999999999942e+04	0.000000000000000000e+00	0.000000000000000000e+00	4.333628345591601649e-02	0.000000000000000000e+00
-2.996711999999999898e+04	0.000000000000000000e+00	0.000000000000000000e+00	5.859553819391460916e-02	0.000000000000000000e+00
-2.996711000000000058e+04	0.000000000000000000e+00	0.000000000000000000e+00	5.188146610919523033e-02	0.000000000000000000e+00
-2.996709000000000015e+04	0.000000000000000000e+00	0.000000000000000000e+00	4.211554307687612880e-02	0.000000000000000000e+00
-2.996706000000000131e+04	0.000000000000000000e+00	0.000000000000000000e+00	5.005035554063539532e-02	0.000000000000000000e+00
-2.996702999999999884e+04	0.000000000000000000e+00	0.000000000000000000e+00	4.608294930875576206e-02	0.000000000000000000e+00
-2.996700000000000000e+04	0.000000000000000000e+00	0.000000000000000000e+00	5.340739158299508821e-02	0.000000000000000000e+00
-2.996697000000000116e+04	0.000000000000000000e+00	0.000000000000000000e+00	4.852443006683553745e-02	0.000000000000000000e+00
-2.996695000000000073e+04	0.000000000000000000e+00	0.000000000000000000e+00	4.394665364543595687e-02	0.000000000000000000e+00
-2.996691999999999825e+04	0.000000000000000000e+00	0.000000000000000000e+00	5.767998290963469166e-02	0.000000000000000000e+00
-2.996690000000000146e+04	0.000000000000000000e+00	0.000000000000000000e+00	5.218665120395520052e-02	0.000000000000000000e+00
-2.996688000000000102e+04	0.000000000000000000e+00	0.000000000000000000e+00	4.333628345591601649e-02	0.000000000000000000e+00
-2.996686000000000058e+04	0.000000000000000000e+00	0.000000000000000000e+00	4.119998779259621130e-02	0.000000000000000000e+00
-2.996683000000000175e+04	0.000000000000000000e+00	0.000000000000000000e+00	4.943998535111545495e-02	0.000000000000000000e+00
-2.996681000000000131e+04	0.000000000000000000e+00	0.000000000000000000e+00	4.913480025635547782e-02	0.000000000000000000e+00
-2.996679000000000087e+04	0.000000000000000000e+00	0.000000000000000000e+00	4.058961760307626399e-02	0.000000000000000000e+00
-2.996675999999999840e+04	0.000000000000000000e+00	0.000000000000000000e+00	4.058961760307626399e-02	0.000000000000000000e+00
-2.996674000000000160e+04	0.000000000000000000e+00	0.000000000000000000e+00	5.645924253059480397e-02	0.000000000000000000e+00
-2.996672999999999956e+04	0.000000000000000000e+00	0.000000000000000000e+00	4.242072817163609899e-02	0.000000000000000000e+00
-2.996672000000000116e+04	0.000000000000000000e+00	0.000000000000000000e+00	3.906369212927640611e-02	0.000000000000000000e+00
-2.996668999999999869e+04	0.000000000000000000e+00	0.000000000000000000e+00	5.645924253059480397e-02	0.000000000000000000e+00
-2.996666999999999825e+04	0.000000000000000000e+00	0.000000000000000000e+00	4.303109836115603937e-02	0.000000000000000000e+00
-2.996663999999999942e+04	0.000000000000000000e+00	0.000000000000000000e+00	5.523850215155491628e-02	0.000000000000000000e+00
-2.996661999999999898e+04	0.000000000000000000e+00	0.000000000000000000e+00	4.211554307687612880e-02	0.000000000000000000e+00
-2.996659999999999854e+04	0.000000000000000000e+00	0.000000000000000000e+00	4.516739402447584456e-02	0.000000000000000000e+00
-2.996656999999999971e+04	0.000000000000000000e+00	0.000000000000000000e+00	4.455702383495590418e-02	0.000000000000000000e+00
-2.996652999999999884e+04	0.000000000000000000e+00	0.000000000000000000e+00	4.974517044587542514e-02	0.000000000000000000e+00
-2.996650999999999840e+04	0.000000000000000000e+00	0.000000000000000000e+00	4.760887478255561994e-02	0.000000000000000000e+00
-2.996649000000000160e+04	0.000000000000000000e+00	0.000000000000000000e+00	5.066072573015534264e-02	0.000000000000000000e+00
-2.996645999999999913e+04	0.000000000000000000e+00	0.000000000000000000e+00	4.577776421399579188e-02	0.000000000000000000e+00
-2.996643000000000029e+04	0.000000000000000000e+00	0.000000000000000000e+00	4.089480269783624111e-02	0.000000000000000000e+00
-2.996640999999999985e+04	0.000000000000000000e+00	0.000000000000000000e+00	4.303109836115603937e-02	0.000000000000000000e+00
-2.996638000000000102e+04	0.000000000000000000e+00	0.000000000000000000e+00	3.906369212927640611e-02	0.000000000000000000e+00
-2.996634999999999854e+04	0.000000000000000000e+00	0.000000000000000000e+00	3.753776665547654823e-02	0.000000000000000000e+00
-2.996631000000000131e+04	0.000000000000000000e+00	0.000000000000000000e+00	3.906369212927640611e-02	0.000000000000000000e+00
-2.996627999999999884e+04	0.000000000000000000e+00	0.000000000000000000e+00	4.638813440351573225e-02	0.000000000000000000e+00
-2.996625000000000000e+04	0.000000000000000000e+00	0.000000000000000000e+00	5.340739158299508821e-02	0.000000000000000000e+00
-2.996622999999999956e+04	0.000000000000000000e+00	0.000000000000000000e+00	3.662221137119663072e-02	0.000000000000000000e+00
-2.996620999999999913e+04	0.000000000000000000e+00	0.000000000000000000e+00	3.997924741355632361e-02	0.000000000000000000e+00
-2.996618000000000029e+04	0.000000000000000000e+00	0.000000000000000000e+00	3.814813684499648860e-02	0.000000000000000000e+00
-2.996615999999999985e+04	0.000000000000000000e+00	0.000000000000000000e+00	4.943998535111545495e-02	0.000000000000000000e+00
-2.996613000000000102e+04	0.000000000000000000e+00	0.000000000000000000e+00	4.730368968779564975e-02	0.000000000000000000e+00
-2.996611000000000058e+04	0.000000000000000000e+00	0.000000000000000000e+00	5.218665120395520052e-02	0.000000000000000000e+00
-2.996609000000000015e+04	0.000000000000000000e+00	0.000000000000000000e+00	4.943998535111545495e-02	0.000000000000000000e+00
-2.996606000000000131e+04	0.000000000000000000e+00	0.000000000000000000e+00	5.096591082491531283e-02	0.000000000000000000e+00
-2.996604000000000087e+04	0.000000000000000000e+00	0.000000000000000000e+00	5.310220648823511802e-02	0.000000000000000000e+00
-2.996600999999999840e+04	0.000000000000000000e+00	0.000000000000000000e+00	4.058961760307626399e-02	0.000000000000000000e+00
-2.996599000000000160e+04	0.000000000000000000e+00	0.000000000000000000e+00	3.997924741355632361e-02	0.000000000000000000e+00
-2.996597999999999956e+04	0.000000000000000000e+00	0.000000000000000000e+00	4.150517288735618149e-02	0.000000000000000000e+00
-2.996595999999999913e+04	0.000000000000000000e+00	0.000000000000000000e+00	4.638813440351573225e-02	0.000000000000000000e+00
-2.996593999999999869e+04	0.000000000000000000e+00	0.000000000000000000e+00	4.516739402447584456e-02	0.000000000000000000e+00
-2.996590999999999985e+04	0.000000000000000000e+00	0.000000000000000000e+00	5.249183629871517071e-02	0.000000000000000000e+00
-2.996588000000000102e+04	0.000000000000000000e+00	0.000000000000000000e+00	4.577776421399579188e-02	0.000000000000000000e+00
-2.996586000000000058e+04	0.000000000000000000e+00	0.000000000000000000e+00	3.295999023407696765e-02	0.000000000000000000e+00
-2.996583000000000175e+04	0.000000000000000000e+00	0.000000000000000000e+00	3.875850703451643592e-02	0.000000000000000000e+00
-2.996579000000000087e+04	0.000000000000000000e+00	0.000000000000000000e+00	3.692739646595660091e-02	0.000000000000000000e+00
-2.996575999999999840e+04	0.000000000000000000e+00	0.000000000000000000e+00	3.448591570787682553e-02	0.000000000000000000e+00
-2.996574000000000160e+04	0.000000000000000000e+00	0.000000000000000000e+00	4.303109836115603937e-02	0.000000000000000000e+00
-2.996572000000000116e+04	0.000000000000000000e+00	0.000000000000000000e+00	4.242072817163609899e-02	0.000000000000000000e+00
-2.996568000000000029e+04	0.000000000000000000e+00	0.000000000000000000e+00	3.662221137119663072e-02	0.000000000000000000e+00
-2.996565999999999985e+04	0.000000000000000000e+00	0.000000000000000000e+00	4.119998779259621130e-02	0.000000000000000000e+00
-2.996563999999999942e+04	0.000000000000000000e+00	0.000000000000000000e+00	3.357036042359691497e-02	0.000000000000000000e+00
-2.996561000000000058e+04	0.000000000000000000e+00	0.000000000000000000e+00	3.662221137119663072e-02	0.000000000000000000e+00
-2.996556999999999971e+04	0.000000000000000000e+00	0.000000000000000000e+00	3.540147099215674303e-02	0.000000000000000000e+00
-2.996554000000000087e+04	0.000000000000000000e+00	0.000000000000000000e+00	3.540147099215674303e-02	0.000000000000000000e+00
-2.996552000000000044e+04	0.000000000000000000e+00	0.000000000000000000e+00	3.570665608691671322e-02	0.000000000000000000e+00
-2.996550000000000000e+04	0.000000000000000000e+00	0.000000000000000000e+00	4.821924497207556726e-02	0.000000000000000000e+00
-2.996547999999999956e+04	0.000000000000000000e+00	0.000000000000000000e+00	4.272591326639606918e-02	0.000000000000000000e+00
-2.996543999999999869e+04	0.000000000000000000e+00	0.000000000000000000e+00	4.455702383495590418e-02	0.000000000000000000e+00
-2.996540999999999985e+04	0.000000000000000000e+00	0.000000000000000000e+00	4.394665364543595687e-02	0.000000000000000000e+00
-2.996536999999999898e+04	0.000000000000000000e+00	0.000000000000000000e+00	5.645924253059480397e-02	0.000000000000000000e+00
-2.996534999999999854e+04	0.000000000000000000e+00	0.000000000000000000e+00	4.455702383495590418e-02	0.000000000000000000e+00
-2.996531999999999971e+04	0.000000000000000000e+00	0.000000000000000000e+00	4.028443250831629380e-02	0.000000000000000000e+00
-2.996529999999999927e+04	0.000000000000000000e+00	0.000000000000000000e+00	4.730368968779564975e-02	0.000000000000000000e+00
-2.996527000000000044e+04	0.000000000000000000e+00	0.000000000000000000e+00	4.028443250831629380e-02	0.000000000000000000e+00
-2.996525000000000000e+04	0.000000000000000000e+00	0.000000000000000000e+00	3.814813684499648860e-02	0.000000000000000000e+00
-2.996520999999999913e+04	0.000000000000000000e+00	0.000000000000000000e+00	3.387554551835688516e-02	0.000000000000000000e+00
-2.996518000000000029e+04	0.000000000000000000e+00	0.000000000000000000e+00	3.753776665547654823e-02	0.000000000000000000e+00
-2.996515999999999985e+04	0.000000000000000000e+00	0.000000000000000000e+00	3.875850703451643592e-02	0.000000000000000000e+00
-2.996515000000000146e+04	0.000000000000000000e+00	0.000000000000000000e+00	3.845332193975646573e-02	0.000000000000000000e+00
-2.996513000000000102e+04	0.000000000000000000e+00	0.000000000000000000e+00	4.242072817163609899e-02	0.000000000000000000e+00
-2.996509999999999854e+04	0.000000000000000000e+00	0.000000000000000000e+00	4.211554307687612880e-02	0.000000000000000000e+00
-2.996504999999999927e+04	0.000000000000000000e+00	0.000000000000000000e+00	3.692739646595660091e-02	0.000000000000000000e+00
-2.996500999999999840e+04	0.000000000000000000e+00	0.000000000000000000e+00	3.051850947599719227e-02	0.000000000000000000e+00
-2.996497999999999956e+04	0.000000000000000000e+00	0.000000000000000000e+00	2.960295419171727824e-02	0.000000000000000000e+00
-2.996495000000000073e+04	0.000000000000000000e+00	0.000000000000000000e+00	3.357036042359691497e-02	0.000000000000000000e+00
-2.996491999999999825e+04	0.000000000000000000e+00	0.000000000000000000e+00	4.272591326639606918e-02	0.000000000000000000e+00
-2.996488999999999942e+04	0.000000000000000000e+00	0.000000000000000000e+00	3.143406476027710977e-02	0.000000000000000000e+00
-2.996486000000000058e+04	0.000000000000000000e+00	0.000000000000000000e+00	3.692739646595660091e-02	0.000000000000000000e+00
-2.996484000000000015e+04	0.000000000000000000e+00	0.000000000000000000e+00	3.357036042359691497e-02	0.000000000000000000e+00
-2.996481999999999971e+04	0.000000000000000000e+00	0.000000000000000000e+00	3.082369457075716593e-02	0.000000000000000000e+00
-2.996477999999999884e+04	0.000000000000000000e+00	0.000000000000000000e+00	4.303109836115603937e-02	0.000000000000000000e+00
-2.996475000000000000e+04	0.000000000000000000e+00	0.000000000000000000e+00	3.143406476027710977e-02	0.000000000000000000e+00
-2.996472000000000116e+04	0.000000000000000000e+00	0.000000000000000000e+00	3.295999023407696765e-02	0.000000000000000000e+00
-2.996470000000000073e+04	0.000000000000000000e+00	0.000000000000000000e+00	3.143406476027710977e-02	0.000000000000000000e+00
-2.996465999999999985e+04	0.000000000000000000e+00	0.000000000000000000e+00	3.692739646595660091e-02	0.000000000000000000e+00
-2.996463000000000102e+04	0.000000000000000000e+00	0.000000000000000000e+00	3.357036042359691497e-02	0.000000000000000000e+00
-2.996459999999999854e+04	0.000000000000000000e+00	0.000000000000000000e+00	3.814813684499648860e-02	0.000000000000000000e+00
-2.996456999999999971e+04	0.000000000000000000e+00	0.000000000000000000e+00	3.997924741355632361e-02	0.000000000000000000e+00
-2.996454000000000087e+04	0.000000000000000000e+00	0.000000000000000000e+00	3.173924985503707996e-02	0.000000000000000000e+00
-2.996450999999999840e+04	0.000000000000000000e+00	0.000000000000000000e+00	3.173924985503707996e-02	0.000000000000000000e+00
-2.996447000000000116e+04	0.000000000000000000e+00	0.000000000000000000e+00	3.112887966551713612e-02	0.000000000000000000e+00
-2.996443999999999869e+04	0.000000000000000000e+00	0.000000000000000000e+00	3.173924985503707996e-02	0.000000000000000000e+00
-2.996440999999999985e+04	0.000000000000000000e+00	0.000000000000000000e+00	3.112887966551713612e-02	0.000000000000000000e+00
-2.996438000000000102e+04	0.000000000000000000e+00	0.000000000000000000e+00	3.326517532883693784e-02	0.000000000000000000e+00
-2.996436000000000058e+04	0.000000000000000000e+00	0.000000000000000000e+00	4.547257911923581475e-02	0.000000000000000000e+00
-2.996433000000000175e+04	0.000000000000000000e+00	0.000000000000000000e+00	3.875850703451643592e-02	0.000000000000000000e+00
-2.996431000000000131e+04	0.000000000000000000e+00	0.000000000000000000e+00	4.272591326639606918e-02	0.000000000000000000e+00
-2.996429000000000087e+04	0.000000000000000000e+00	0.000000000000000000e+00	3.540147099215674303e-02	0.000000000000000000e+00
-2.996427000000000044e+04	0.000000000000000000e+00	0.000000000000000000e+00	3.906369212927640611e-02	0.000000000000000000e+00
-2.996425000000000000e+04	0.000000000000000000e+00	0.000000000000000000e+00	3.997924741355632361e-02	0.000000000000000000e+00
-2.996422999999999956e+04	0.000000000000000000e+00	0.000000000000000000e+00	3.173924985503707996e-02	0.000000000000000000e+00
-2.996420000000000073e+04	0.000000000000000000e+00	0.000000000000000000e+00	3.540147099215674303e-02	0.000000000000000000e+00
-2.996415999999999985e+04	0.000000000000000000e+00	0.000000000000000000e+00	2.960295419171727824e-02	0.000000000000000000e+00
-2.996413000000000102e+04	0.000000000000000000e+00	0.000000000000000000e+00	2.746665852839747304e-02	0.000000000000000000e+00
-2.996411000000000058e+04	0.000000000000000000e+00	0.000000000000000000e+00	2.716147343363750286e-02	0.000000000000000000e+00
-2.996408000000000175e+04	0.000000000000000000e+00	0.000000000000000000e+00	2.807702871791741689e-02	0.000000000000000000e+00
-2.996406000000000131e+04	0.000000000000000000e+00	0.000000000000000000e+00	2.960295419171727824e-02	0.000000000000000000e+00
-2.996402999999999884e+04	0.000000000000000000e+00	0.000000000000000000e+00	2.899258400219733439e-02	0.000000000000000000e+00
-2.996400000000000000e+04	0.000000000000000000e+00	0.000000000000000000e+00	3.448591570787682553e-02	0.000000000000000000e+00
-2.996397999999999956e+04	0.000000000000000000e+00	0.000000000000000000e+00	2.746665852839747304e-02	0.000000000000000000e+00
-2.996395000000000073e+04	0.000000000000000000e+00	0.000000000000000000e+00	3.601184118167669035e-02	0.000000000000000000e+00
-2.996390999999999985e+04	0.000000000000000000e+00	0.000000000000000000e+00	2.014221625415814690e-02	0.000000000000000000e+00
-2.996388000000000102e+04	0.000000000000000000e+00	0.000000000000000000e+00	3.326517532883693784e-02	0.000000000000000000e+00
-2.996384999999999854e+04	0.000000000000000000e+00	0.000000000000000000e+00	3.784295175023651842e-02	0.000000000000000000e+00
-2.996381999999999971e+04	0.000000000000000000e+00	0.000000000000000000e+00	3.357036042359691497e-02	0.000000000000000000e+00
-2.996379000000000087e+04	0.000000000000000000e+00	0.000000000000000000e+00	3.204443494979705015e-02	0.000000000000000000e+00
-2.996375999999999840e+04	0.000000000000000000e+00	0.000000000000000000e+00	3.082369457075716593e-02	0.000000000000000000e+00
-2.996374000000000160e+04	0.000000000000000000e+00	0.000000000000000000e+00	3.357036042359691497e-02	0.000000000000000000e+00
-2.996372000000000116e+04	0.000000000000000000e+00	0.000000000000000000e+00	3.295999023407696765e-02	0.000000000000000000e+00
-2.996368999999999869e+04	0.000000000000000000e+00	0.000000000000000000e+00	2.746665852839747304e-02	0.000000000000000000e+00
-2.996365999999999985e+04	0.000000000000000000e+00	0.000000000000000000e+00	2.838221381267739055e-02	0.000000000000000000e+00
-2.996363999999999942e+04	0.000000000000000000e+00	0.000000000000000000e+00	3.204443494979705015e-02	0.000000000000000000e+00
-2.996361999999999898e+04	0.000000000000000000e+00	0.000000000000000000e+00	3.540147099215674303e-02	0.000000000000000000e+00
-2.996359999999999854e+04	0.000000000000000000e+00	0.000000000000000000e+00	2.899258400219733439e-02	0.000000000000000000e+00
-2.996356999999999971e+04	0.000000000000000000e+00	0.000000000000000000e+00	3.753776665547654823e-02	0.000000000000000000e+00
-2.996354999999999927e+04	0.000000000000000000e+00	0.000000000000000000e+00	2.471999267555772747e-02	0.000000000000000000e+00
-2.996352999999999884e+04	0.000000000000000000e+00	0.000000000000000000e+00	2.685628833887752920e-02	0.000000000000000000e+00
-2.996350999999999840e+04	0.000000000000000000e+00	0.000000000000000000e+00	2.746665852839747304e-02	0.000000000000000000e+00
-2.996347999999999956e+04	0.000000000000000000e+00	0.000000000000000000e+00	3.173924985503707996e-02	0.000000000000000000e+00
-2.996345000000000073e+04	0.000000000000000000e+00	0.000000000000000000e+00	3.509628589739677285e-02	0.000000000000000000e+00
-2.996343000000000029e+04	0.000000000000000000e+00	0.000000000000000000e+00	2.410962248603778363e-02	0.000000000000000000e+00
-2.996340999999999985e+04	0.000000000000000000e+00	0.000000000000000000e+00	2.624591814935758535e-02	0.000000000000000000e+00
-2.996340000000000146e+04	0.000000000000000000e+00	0.000000000000000000e+00	3.692739646595660091e-02	0.000000000000000000e+00
-2.996336999999999898e+04	0.000000000000000000e+00	0.000000000000000000e+00	2.838221381267739055e-02	0.000000000000000000e+00
-2.996334000000000015e+04	0.000000000000000000e+00	0.000000000000000000e+00	3.570665608691671322e-02	0.000000000000000000e+00
-2.996331999999999971e+04	0.000000000000000000e+00	0.000000000000000000e+00	3.234962004455702728e-02	0.000000000000000000e+00
-2.996329999999999927e+04	0.000000000000000000e+00	0.000000000000000000e+00	2.929776909695730458e-02	0.000000000000000000e+00
-2.996327999999999884e+04	0.000000000000000000e+00	0.000000000000000000e+00	2.868739890743736073e-02	0.000000000000000000e+00
-2.996325000000000000e+04	0.000000000000000000e+00	0.000000000000000000e+00	2.716147343363750286e-02	0.000000000000000000e+00
-2.996322000000000116e+04	0.000000000000000000e+00	0.000000000000000000e+00	3.234962004455702728e-02	0.000000000000000000e+00
-2.996320000000000073e+04	0.000000000000000000e+00	0.000000000000000000e+00	2.899258400219733439e-02	0.000000000000000000e+00
-2.996318999999999869e+04	0.000000000000000000e+00	0.000000000000000000e+00	2.441480758079775382e-02	0.000000000000000000e+00
-2.996316999999999825e+04	0.000000000000000000e+00	0.000000000000000000e+00	3.112887966551713612e-02	0.000000000000000000e+00
-2.996313999999999942e+04	0.000000000000000000e+00	0.000000000000000000e+00	3.173924985503707996e-02	0.000000000000000000e+00
-2.996309999999999854e+04	0.000000000000000000e+00	0.000000000000000000e+00	3.082369457075716593e-02	0.000000000000000000e+00
-2.996308000000000175e+04	0.000000000000000000e+00	0.000000000000000000e+00	2.899258400219733439e-02	0.000000000000000000e+00
-2.996306000000000131e+04	0.000000000000000000e+00	0.000000000000000000e+00	1.312295907467879268e-02	0.000000000000000000e+00
-2.996304000000000087e+04	0.000000000000000000e+00	0.000000000000000000e+00	1.983703115939817671e-02	0.000000000000000000e+00
-2.996300999999999840e+04	0.000000000000000000e+00	0.000000000000000000e+00	2.533036286507767132e-02	0.000000000000000000e+00
-2.996299000000000160e+04	0.000000000000000000e+00	0.000000000000000000e+00	2.533036286507767132e-02	0.000000000000000000e+00
-2.996297999999999956e+04	0.000000000000000000e+00	0.000000000000000000e+00	2.868739890743736073e-02	0.000000000000000000e+00
-2.996295999999999913e+04	0.000000000000000000e+00	0.000000000000000000e+00	2.807702871791741689e-02	0.000000000000000000e+00
-2.996293000000000029e+04	0.000000000000000000e+00	0.000000000000000000e+00	2.441480758079775382e-02	0.000000000000000000e+00
-2.996290000000000146e+04	0.000000000000000000e+00	0.000000000000000000e+00	2.716147343363750286e-02	0.000000000000000000e+00
-2.996286999999999898e+04	0.000000000000000000e+00	0.000000000000000000e+00	2.594073305459761516e-02	0.000000000000000000e+00
-2.996283000000000175e+04	0.000000000000000000e+00	0.000000000000000000e+00	2.685628833887752920e-02	0.000000000000000000e+00
-2.996281000000000131e+04	0.000000000000000000e+00	0.000000000000000000e+00	2.410962248603778363e-02	0.000000000000000000e+00
-2.996279999999999927e+04	0.000000000000000000e+00	0.000000000000000000e+00	2.410962248603778363e-02	0.000000000000000000e+00
-2.996277999999999884e+04	0.000000000000000000e+00	0.000000000000000000e+00	3.845332193975646573e-02	0.000000000000000000e+00
-2.996275000000000000e+04	0.000000000000000000e+00	0.000000000000000000e+00	2.502517777031769766e-02	0.000000000000000000e+00
-2.996272999999999956e+04	0.000000000000000000e+00	0.000000000000000000e+00	3.448591570787682553e-02	0.000000000000000000e+00
-2.996270999999999913e+04	0.000000000000000000e+00	0.000000000000000000e+00	2.899258400219733439e-02	0.000000000000000000e+00
-2.996268999999999869e+04	0.000000000000000000e+00	0.000000000000000000e+00	2.471999267555772747e-02	0.000000000000000000e+00
-2.996265999999999985e+04	0.000000000000000000e+00	0.000000000000000000e+00	3.051850947599719227e-02	0.000000000000000000e+00
-2.996263000000000102e+04	0.000000000000000000e+00	0.000000000000000000e+00	3.509628589739677285e-02	0.000000000000000000e+00
-2.996261000000000058e+04	0.000000000000000000e+00	0.000000000000000000e+00	2.716147343363750286e-02	0.000000000000000000e+00
-2.996259000000000015e+04	0.000000000000000000e+00	0.000000000000000000e+00	3.112887966551713612e-02	0.000000000000000000e+00
-2.996256000000000131e+04	0.000000000000000000e+00	0.000000000000000000e+00	2.716147343363750286e-02	0.000000000000000000e+00
-2.996254000000000087e+04	0.000000000000000000e+00	0.000000000000000000e+00	2.441480758079775382e-02	0.000000000000000000e+00
-2.996250999999999840e+04	0.000000000000000000e+00	0.000000000000000000e+00	2.929776909695730458e-02	0.000000000000000000e+00
-2.996249000000000160e+04	0.000000000000000000e+00	0.000000000000000000e+00	2.838221381267739055e-02	0.000000000000000000e+00
-2.996247000000000116e+04	0.000000000000000000e+00	0.000000000000000000e+00	2.624591814935758535e-02	0.000000000000000000e+00
-2.996245000000000073e+04	0.000000000000000000e+00	0.000000000000000000e+00	2.105777153843806440e-02	0.000000000000000000e+00
-2.996243000000000029e+04	0.000000000000000000e+00	0.000000000000000000e+00	2.594073305459761516e-02	0.000000000000000000e+00
-2.996240999999999985e+04	0.000000000000000000e+00	0.000000000000000000e+00	2.807702871791741689e-02	0.000000000000000000e+00
-2.996238999999999942e+04	0.000000000000000000e+00	0.000000000000000000e+00	3.173924985503707996e-02	0.000000000000000000e+00
-2.996238000000000102e+04	0.000000000000000000e+00	0.000000000000000000e+00	2.716147343363750286e-02	0.000000000000000000e+00
-2.996236000000000058e+04	0.000000000000000000e+00	0.000000000000000000e+00	2.685628833887752920e-02	0.000000000000000000e+00
-2.996233000000000175e+04	0.000000000000000000e+00	0.000000000000000000e+00	2.655110324411755901e-02	0.000000000000000000e+00
-2.996231999999999971e+04	0.000000000000000000e+00	0.000000000000000000e+00	3.357036042359691497e-02	0.000000000000000000e+00
-2.996229999999999927e+04	0.000000000000000000e+00	0.000000000000000000e+00	3.326517532883693784e-02	0.000000000000000000e+00
-2.996227999999999884e+04	0.000000000000000000e+00	0.000000000000000000e+00	1.739555040131840133e-02	0.000000000000000000e+00
-2.996227000000000044e+04	0.000000000000000000e+00	0.000000000000000000e+00	3.051850947599719227e-02	0.000000000000000000e+00
-2.996224000000000160e+04	0.000000000000000000e+00	0.000000000000000000e+00	2.960295419171727824e-02	0.000000000000000000e+00
-2.996222000000000116e+04	0.000000000000000000e+00	0.000000000000000000e+00	1.831110568559831536e-02	0.000000000000000000e+00
-2.996220000000000073e+04	0.000000000000000000e+00	0.000000000000000000e+00	2.746665852839747304e-02	0.000000000000000000e+00
-2.996216999999999825e+04	0.000000000000000000e+00	0.000000000000000000e+00	2.838221381267739055e-02	0.000000000000000000e+00
-2.996213000000000102e+04	0.000000000000000000e+00	0.000000000000000000e+00	2.929776909695730458e-02	0.000000000000000000e+00
-2.996209999999999854e+04	0.000000000000000000e+00	0.000000000000000000e+00	3.418073061311685534e-02	0.000000000000000000e+00
-2.996209000000000015e+04	0.000000000000000000e+00	0.000000000000000000e+00	2.410962248603778363e-02	0.000000000000000000e+00
-2.996206999999999971e+04	0.000000000000000000e+00	0.000000000000000000e+00	2.258369701223792228e-02	0.000000000000000000e+00
-2.996204999999999927e+04	0.000000000000000000e+00	0.000000000000000000e+00	2.227851191747795209e-02	0.000000000000000000e+00
-2.996202000000000044e+04	0.000000000000000000e+00	0.000000000000000000e+00	2.685628833887752920e-02	0.000000000000000000e+00
-2.996199000000000160e+04	0.000000000000000000e+00	0.000000000000000000e+00	2.868739890743736073e-02	0.000000000000000000e+00
-2.996195999999999913e+04	0.000000000000000000e+00	0.000000000000000000e+00	2.899258400219733439e-02	0.000000000000000000e+00
-2.996193000000000029e+04	0.000000000000000000e+00	0.000000000000000000e+00	3.570665608691671322e-02	0.000000000000000000e+00
-2.996190999999999985e+04	0.000000000000000000e+00	0.000000000000000000e+00	3.418073061311685534e-02	0.000000000000000000e+00
-2.996188999999999942e+04	0.000000000000000000e+00	0.000000000000000000e+00	2.471999267555772747e-02	0.000000000000000000e+00
-2.996186000000000058e+04	0.000000000000000000e+00	0.000000000000000000e+00	3.997924741355632361e-02	0.000000000000000000e+00
-2.996183000000000175e+04	0.000000000000000000e+00	0.000000000000000000e+00	2.868739890743736073e-02	0.000000000000000000e+00
-2.996181000000000131e+04	0.000000000000000000e+00	0.000000000000000000e+00	2.929776909695730458e-02	0.000000000000000000e+00
-2.996177999999999884e+04	0.000000000000000000e+00	0.000000000000000000e+00	3.173924985503707996e-02	0.000000000000000000e+00
-2.996175999999999840e+04	0.000000000000000000e+00	0.000000000000000000e+00	2.380443739127780997e-02	0.000000000000000000e+00
-2.996172999999999956e+04	0.000000000000000000e+00	0.000000000000000000e+00	2.471999267555772747e-02	0.000000000000000000e+00
-2.996170999999999913e+04	0.000000000000000000e+00	0.000000000000000000e+00	2.899258400219733439e-02	0.000000000000000000e+00
-2.996168999999999869e+04	0.000000000000000000e+00	0.000000000000000000e+00	2.349925229651783978e-02	0.000000000000000000e+00
-2.996166999999999825e+04	0.000000000000000000e+00	0.000000000000000000e+00	2.166814172795800825e-02	0.000000000000000000e+00
-2.996165000000000146e+04	0.000000000000000000e+00	0.000000000000000000e+00	2.502517777031769766e-02	0.000000000000000000e+00
-2.996163999999999942e+04	0.000000000000000000e+00	0.000000000000000000e+00	2.044740134891812056e-02	0.000000000000000000e+00
-2.996161000000000058e+04	0.000000000000000000e+00	0.000000000000000000e+00	1.892147587511825921e-02	0.000000000000000000e+00
-2.996159999999999854e+04	0.000000000000000000e+00	0.000000000000000000e+00	2.044740134891812056e-02	0.000000000000000000e+00
-2.996158000000000175e+04	0.000000000000000000e+00	0.000000000000000000e+00	2.197332682271797843e-02	0.000000000000000000e+00
-2.996156999999999971e+04	0.000000000000000000e+00	0.000000000000000000e+00	2.838221381267739055e-02	0.000000000000000000e+00
-2.996154999999999927e+04	0.000000000000000000e+00	0.000000000000000000e+00	2.899258400219733439e-02	0.000000000000000000e+00
-2.996152000000000044e+04	0.000000000000000000e+00	0.000000000000000000e+00	2.471999267555772747e-02	0.000000000000000000e+00
-2.996149000000000160e+04	0.000000000000000000e+00	0.000000000000000000e+00	2.471999267555772747e-02	0.000000000000000000e+00
-2.996145999999999913e+04	0.000000000000000000e+00	0.000000000000000000e+00	1.678518021179845748e-02	0.000000000000000000e+00
-2.996143000000000029e+04	0.000000000000000000e+00	0.000000000000000000e+00	2.533036286507767132e-02	0.000000000000000000e+00
-2.996140999999999985e+04	0.000000000000000000e+00	0.000000000000000000e+00	2.746665852839747304e-02	0.000000000000000000e+00
-2.996138000000000102e+04	0.000000000000000000e+00	0.000000000000000000e+00	2.136295663319803459e-02	0.000000000000000000e+00
-2.996136000000000058e+04	0.000000000000000000e+00	0.000000000000000000e+00	1.983703115939817671e-02	0.000000000000000000e+00
-2.996134000000000015e+04	0.000000000000000000e+00	0.000000000000000000e+00	2.044740134891812056e-02	0.000000000000000000e+00
-2.996131000000000131e+04	0.000000000000000000e+00	0.000000000000000000e+00	1.831110568559831536e-02	0.000000000000000000e+00
-2.996127999999999884e+04	0.000000000000000000e+00	0.000000000000000000e+00	2.044740134891812056e-02	0.000000000000000000e+00
-2.996125000000000000e+04	0.000000000000000000e+00	0.000000000000000000e+00	2.288888210699789594e-02	0.000000000000000000e+00
-2.996122000000000116e+04	0.000000000000000000e+00	0.000000000000000000e+00	2.258369701223792228e-02	0.000000000000000000e+00
-2.996118999999999869e+04	0.000000000000000000e+00	0.000000000000000000e+00	1.709036530655842767e-02	0.000000000000000000e+00
-2.996115999999999985e+04	0.000000000000000000e+00	0.000000000000000000e+00	2.288888210699789594e-02	0.000000000000000000e+00
-2.996113999999999942e+04	0.000000000000000000e+00	0.000000000000000000e+00	2.838221381267739055e-02	0.000000000000000000e+00
